solid OpenSCAD_Model
  facet normal 1 -0 0
    outer loop
      vertex 17 -9.2 19
      vertex 17 9.2 18.3592
      vertex 17 9.2 19
    endloop
  endfacet
  facet normal 1 0 0
    outer loop
      vertex 17 9.2 18.3592
      vertex 17 -9.2 19
      vertex 17 -9.2 18.3592
    endloop
  endfacet
  facet normal 1 -0 0
    outer loop
      vertex 17 -21.2 13
      vertex 17 -9.2 9
      vertex 17 -9.2 13
    endloop
  endfacet
  facet normal 1 0 0
    outer loop
      vertex 17 -9.2 9
      vertex 17 -21.2 13
      vertex 17 -21.2 9
    endloop
  endfacet
  facet normal 1 0 0
    outer loop
      vertex 17 -9.2 13
      vertex 17 -5.2 14.3592
      vertex 17 -9.2 14.3592
    endloop
  endfacet
  facet normal 1 0 0
    outer loop
      vertex 17 -9.2 9
      vertex 17 -5.2 14.3592
      vertex 17 -9.2 13
    endloop
  endfacet
  facet normal 1 0 0
    outer loop
      vertex 17 -5.2 14.3592
      vertex 17 -9.2 9
      vertex 17 -5.2 -18
    endloop
  endfacet
  facet normal 1 0 0
    outer loop
      vertex 17 -5.2 -18
      vertex 17 -9.2 9
      vertex 17 -9.2 -18
    endloop
  endfacet
  facet normal 1 -0 0
    outer loop
      vertex 17 5.2 14.3592
      vertex 17 9.2 -18
      vertex 17 9.2 14.3592
    endloop
  endfacet
  facet normal 1 0 0
    outer loop
      vertex 17 9.2 -18
      vertex 17 5.2 14.3592
      vertex 17 5.2 -18
    endloop
  endfacet
  facet normal 0 0 -1
    outer loop
      vertex -17 -9.2 -18
      vertex 17 -5.2 -18
      vertex 17 -9.2 -18
    endloop
  endfacet
  facet normal -0 0 -1
    outer loop
      vertex 17 -5.2 -18
      vertex -17 -9.2 -18
      vertex -17 -5.2 -18
    endloop
  endfacet
  facet normal -1 0 0
    outer loop
      vertex -17 -9.2 18.3592
      vertex -17 9.2 19
      vertex -17 9.2 18.3592
    endloop
  endfacet
  facet normal -1 -0 0
    outer loop
      vertex -17 9.2 19
      vertex -17 -9.2 18.3592
      vertex -17 -9.2 19
    endloop
  endfacet
  facet normal -1 0 0
    outer loop
      vertex -17 -21.2 9
      vertex -17 -9.2 13
      vertex -17 -9.2 9
    endloop
  endfacet
  facet normal -1 -0 0
    outer loop
      vertex -17 -9.2 13
      vertex -17 -21.2 9
      vertex -17 -21.2 13
    endloop
  endfacet
  facet normal -1 0 0
    outer loop
      vertex -17 -9.2 9
      vertex -17 -5.2 -18
      vertex -17 -9.2 -18
    endloop
  endfacet
  facet normal -1 0 0
    outer loop
      vertex -17 -5.2 -18
      vertex -17 -9.2 9
      vertex -17 -5.2 14.3592
    endloop
  endfacet
  facet normal -1 0 0
    outer loop
      vertex -17 -9.2 13
      vertex -17 -5.2 14.3592
      vertex -17 -9.2 9
    endloop
  endfacet
  facet normal -1 -0 0
    outer loop
      vertex -17 -5.2 14.3592
      vertex -17 -9.2 13
      vertex -17 -9.2 14.3592
    endloop
  endfacet
  facet normal -1 0 0
    outer loop
      vertex -17 5.2 -18
      vertex -17 9.2 14.3592
      vertex -17 9.2 -18
    endloop
  endfacet
  facet normal -1 -0 0
    outer loop
      vertex -17 9.2 14.3592
      vertex -17 5.2 -18
      vertex -17 5.2 14.3592
    endloop
  endfacet
  facet normal 0 1 0
    outer loop
      vertex 1.58771 -5.2 2.75
      vertex 15.5354 -5.2 15
      vertex 15.5858 -5.2 14.945
    endloop
  endfacet
  facet normal 0 1 0
    outer loop
      vertex 15.5354 -5.2 15
      vertex 1.58771 -5.2 2.75
      vertex -15.5354 -5.2 15
    endloop
  endfacet
  facet normal 0 1 0
    outer loop
      vertex 1.58771 -5.2 2.75
      vertex 15.5858 -5.2 14.945
      vertex 15.7144 -5.2 14.8271
    endloop
  endfacet
  facet normal 0 1 -0
    outer loop
      vertex -1.58771 -5.2 2.75
      vertex -15.5354 -5.2 15
      vertex 1.58771 -5.2 2.75
    endloop
  endfacet
  facet normal 0 1 0
    outer loop
      vertex 1.58771 -5.2 2.75
      vertex 15.7144 -5.2 14.8271
      vertex 15.8528 -5.2 14.7209
    endloop
  endfacet
  facet normal 0 1 0
    outer loop
      vertex -15.5354 -5.2 15
      vertex -1.58771 -5.2 2.75
      vertex -15.5858 -5.2 14.945
    endloop
  endfacet
  facet normal 0 1 0
    outer loop
      vertex 1.58771 -5.2 2.75
      vertex 15.8528 -5.2 14.7209
      vertex 16 -5.2 14.6272
    endloop
  endfacet
  facet normal 0 1 0
    outer loop
      vertex -15.5858 -5.2 14.945
      vertex -1.58771 -5.2 2.75
      vertex -15.7144 -5.2 14.8271
    endloop
  endfacet
  facet normal 0 1 0
    outer loop
      vertex 3.17543 -5.2 0
      vertex 16 -5.2 14.6272
      vertex 16.1548 -5.2 14.5466
    endloop
  endfacet
  facet normal 0 1 0
    outer loop
      vertex -15.7144 -5.2 14.8271
      vertex -1.58771 -5.2 2.75
      vertex -15.8528 -5.2 14.7209
    endloop
  endfacet
  facet normal 0 1 0
    outer loop
      vertex 3.17543 -5.2 0
      vertex 16.1548 -5.2 14.5466
      vertex 16.316 -5.2 14.4798
    endloop
  endfacet
  facet normal 0 1 0
    outer loop
      vertex -15.8528 -5.2 14.7209
      vertex -1.58771 -5.2 2.75
      vertex -16 -5.2 14.6272
    endloop
  endfacet
  facet normal 0 1 0
    outer loop
      vertex 3.17543 -5.2 0
      vertex 16.316 -5.2 14.4798
      vertex 16.4824 -5.2 14.4274
    endloop
  endfacet
  facet normal 0 1 -0
    outer loop
      vertex -3.17543 -5.2 0
      vertex -16 -5.2 14.6272
      vertex -1.58771 -5.2 2.75
    endloop
  endfacet
  facet normal 0 1 0
    outer loop
      vertex 3.17543 -5.2 0
      vertex 16.4824 -5.2 14.4274
      vertex 16.6527 -5.2 14.3896
    endloop
  endfacet
  facet normal 0 1 0
    outer loop
      vertex -16 -5.2 14.6272
      vertex -3.17543 -5.2 0
      vertex -16.1548 -5.2 14.5466
    endloop
  endfacet
  facet normal 0 1 0
    outer loop
      vertex 3.17543 -5.2 0
      vertex 16.6527 -5.2 14.3896
      vertex 16.8257 -5.2 14.3668
    endloop
  endfacet
  facet normal 0 1 0
    outer loop
      vertex -16.1548 -5.2 14.5466
      vertex -3.17543 -5.2 0
      vertex -16.316 -5.2 14.4798
    endloop
  endfacet
  facet normal 0 1 0
    outer loop
      vertex 3.17543 -5.2 0
      vertex 16.8257 -5.2 14.3668
      vertex 17 -5.2 14.3592
    endloop
  endfacet
  facet normal 0 1 0
    outer loop
      vertex -16.316 -5.2 14.4798
      vertex -3.17543 -5.2 0
      vertex -16.4824 -5.2 14.4274
    endloop
  endfacet
  facet normal 0 1 0
    outer loop
      vertex -16.4824 -5.2 14.4274
      vertex -3.17543 -5.2 0
      vertex -16.6527 -5.2 14.3896
    endloop
  endfacet
  facet normal 0 1 0
    outer loop
      vertex 16 -5.2 14.6272
      vertex 3.17543 -5.2 0
      vertex 1.58771 -5.2 2.75
    endloop
  endfacet
  facet normal 0 1 -0
    outer loop
      vertex 17 -5.2 -18
      vertex 3.17543 -5.2 0
      vertex 17 -5.2 14.3592
    endloop
  endfacet
  facet normal 0 1 0
    outer loop
      vertex 1.58771 -5.2 -2.75
      vertex 17 -5.2 -18
      vertex -1.58771 -5.2 -2.75
    endloop
  endfacet
  facet normal 0 1 0
    outer loop
      vertex 3.17543 -5.2 0
      vertex 17 -5.2 -18
      vertex 1.58771 -5.2 -2.75
    endloop
  endfacet
  facet normal 0 1 0
    outer loop
      vertex -16.6527 -5.2 14.3896
      vertex -3.17543 -5.2 0
      vertex -16.8257 -5.2 14.3668
    endloop
  endfacet
  facet normal 0 1 0
    outer loop
      vertex -16.8257 -5.2 14.3668
      vertex -3.17543 -5.2 0
      vertex -17 -5.2 14.3592
    endloop
  endfacet
  facet normal 0 1 0
    outer loop
      vertex -17 -5.2 -18
      vertex -3.17543 -5.2 0
      vertex -1.58771 -5.2 -2.75
    endloop
  endfacet
  facet normal 0 1 0
    outer loop
      vertex -3.17543 -5.2 0
      vertex -17 -5.2 -18
      vertex -17 -5.2 14.3592
    endloop
  endfacet
  facet normal 0 1 0
    outer loop
      vertex -17 -5.2 -18
      vertex -1.58771 -5.2 -2.75
      vertex 17 -5.2 -18
    endloop
  endfacet
  facet normal 0 -1 0
    outer loop
      vertex -17 -9.2 18.3592
      vertex 17 -9.2 19
      vertex -17 -9.2 19
    endloop
  endfacet
  facet normal 0 -1 0
    outer loop
      vertex -17 -9.2 18.3592
      vertex 17 -9.2 18.3592
      vertex 17 -9.2 19
    endloop
  endfacet
  facet normal 0 -1 0
    outer loop
      vertex -17 -9.2 14.3592
      vertex -17 -9.2 18.3592
      vertex -17.1743 -9.2 18.3516
    endloop
  endfacet
  facet normal 0 -1 0
    outer loop
      vertex -17 -9.2 18.3592
      vertex -17 -9.2 14.3592
      vertex 17 -9.2 18.3592
    endloop
  endfacet
  facet normal 0 -1 0
    outer loop
      vertex -17 -9.2 14.3592
      vertex -17.1743 -9.2 18.3516
      vertex -17.3473 -9.2 18.3288
    endloop
  endfacet
  facet normal 0 -1 0
    outer loop
      vertex 17 -9.2 14.3592
      vertex 17 -9.2 18.3592
      vertex -17 -9.2 14.3592
    endloop
  endfacet
  facet normal 0 -1 0
    outer loop
      vertex -17 -9.2 14.3592
      vertex -17.3473 -9.2 18.3288
      vertex -17.5176 -9.2 18.2911
    endloop
  endfacet
  facet normal 0 -1 0
    outer loop
      vertex 17 -9.2 18.3592
      vertex 17 -9.2 14.3592
      vertex 17.1743 -9.2 18.3516
    endloop
  endfacet
  facet normal 0 -1 0
    outer loop
      vertex -17 -9.2 14.3592
      vertex -17.5176 -9.2 18.2911
      vertex -17.684 -9.2 18.2386
    endloop
  endfacet
  facet normal 0 -1 -0
    outer loop
      vertex 17.1743 -9.2 18.3516
      vertex 17 -9.2 14.3592
      vertex 17.3473 -9.2 18.3288
    endloop
  endfacet
  facet normal 0 -1 0
    outer loop
      vertex -17 -9.2 14.3592
      vertex -17.684 -9.2 18.2386
      vertex -17.8452 -9.2 18.1718
    endloop
  endfacet
  facet normal 0 -1 -0
    outer loop
      vertex 17.3473 -9.2 18.3288
      vertex 17 -9.2 14.3592
      vertex 17.5176 -9.2 18.2911
    endloop
  endfacet
  facet normal 0 -1 0
    outer loop
      vertex -17 -9.2 14.3592
      vertex -17.8452 -9.2 18.1718
      vertex -18 -9.2 18.0913
    endloop
  endfacet
  facet normal 0 -1 -0
    outer loop
      vertex 17.5176 -9.2 18.2911
      vertex 17 -9.2 14.3592
      vertex 17.684 -9.2 18.2386
    endloop
  endfacet
  facet normal 0 -1 0
    outer loop
      vertex -17 -9.2 14.3592
      vertex -18 -9.2 18.0913
      vertex -18.1472 -9.2 17.9975
    endloop
  endfacet
  facet normal 0 -1 -0
    outer loop
      vertex 17.684 -9.2 18.2386
      vertex 17 -9.2 14.3592
      vertex 17.8452 -9.2 18.1718
    endloop
  endfacet
  facet normal 0 -1 0
    outer loop
      vertex -17 -9.2 14.3592
      vertex -18.1472 -9.2 17.9975
      vertex -18.2856 -9.2 17.8913
    endloop
  endfacet
  facet normal 0 -1 -0
    outer loop
      vertex 17.8452 -9.2 18.1718
      vertex 17 -9.2 14.3592
      vertex 18 -9.2 18.0913
    endloop
  endfacet
  facet normal 0 -1 0
    outer loop
      vertex -17 -9.2 14.3592
      vertex -18.2856 -9.2 17.8913
      vertex -18.4142 -9.2 17.7734
    endloop
  endfacet
  facet normal 0 -1 -0
    outer loop
      vertex 18 -9.2 18.0913
      vertex 17 -9.2 14.3592
      vertex 18.1472 -9.2 17.9975
    endloop
  endfacet
  facet normal 0 -1 0
    outer loop
      vertex -17 -9.2 14.3592
      vertex -18.4142 -9.2 17.7734
      vertex -18.5321 -9.2 17.6448
    endloop
  endfacet
  facet normal 0 -1 -0
    outer loop
      vertex 18.1472 -9.2 17.9975
      vertex 17 -9.2 14.3592
      vertex 18.2856 -9.2 17.8913
    endloop
  endfacet
  facet normal 0 -1 0
    outer loop
      vertex -17 -9.2 14.3592
      vertex -18.5321 -9.2 17.6448
      vertex -18.6383 -9.2 17.5064
    endloop
  endfacet
  facet normal 0 -1 -0
    outer loop
      vertex 18.2856 -9.2 17.8913
      vertex 17 -9.2 14.3592
      vertex 18.4142 -9.2 17.7734
    endloop
  endfacet
  facet normal 0 -1 0
    outer loop
      vertex -17 -9.2 14.3592
      vertex -18.6383 -9.2 17.5064
      vertex -18.7321 -9.2 17.3592
    endloop
  endfacet
  facet normal 0 -1 -0
    outer loop
      vertex 18.4142 -9.2 17.7734
      vertex 17 -9.2 14.3592
      vertex 18.5321 -9.2 17.6448
    endloop
  endfacet
  facet normal 0 -1 0
    outer loop
      vertex -17 -9.2 14.3592
      vertex -18.7321 -9.2 17.3592
      vertex -18.8126 -9.2 17.2044
    endloop
  endfacet
  facet normal 0 -1 -0
    outer loop
      vertex 18.5321 -9.2 17.6448
      vertex 17 -9.2 14.3592
      vertex 18.6383 -9.2 17.5064
    endloop
  endfacet
  facet normal 0 -1 0
    outer loop
      vertex -17 -9.2 14.3592
      vertex -18.8126 -9.2 17.2044
      vertex -18.8794 -9.2 17.0432
    endloop
  endfacet
  facet normal 0 -1 -0
    outer loop
      vertex 18.6383 -9.2 17.5064
      vertex 17 -9.2 14.3592
      vertex 18.732 -9.2 17.3592
    endloop
  endfacet
  facet normal 0 -1 0
    outer loop
      vertex -17 -9.2 14.3592
      vertex -18.8794 -9.2 17.0432
      vertex -18.9319 -9.2 16.8768
    endloop
  endfacet
  facet normal 0 -1 -0
    outer loop
      vertex 18.732 -9.2 17.3592
      vertex 17 -9.2 14.3592
      vertex 18.8126 -9.2 17.2044
    endloop
  endfacet
  facet normal 0 -1 0
    outer loop
      vertex -17 -9.2 14.3592
      vertex -18.9319 -9.2 16.8768
      vertex -18.9696 -9.2 16.7065
    endloop
  endfacet
  facet normal 0 -1 -0
    outer loop
      vertex 18.8126 -9.2 17.2044
      vertex 17 -9.2 14.3592
      vertex 18.8794 -9.2 17.0432
    endloop
  endfacet
  facet normal 0 -1 0
    outer loop
      vertex -17 -9.2 14.3592
      vertex -18.9696 -9.2 16.7065
      vertex -18.9924 -9.2 16.5335
    endloop
  endfacet
  facet normal 0 -1 -0
    outer loop
      vertex 18.8794 -9.2 17.0432
      vertex 17 -9.2 14.3592
      vertex 18.9319 -9.2 16.8768
    endloop
  endfacet
  facet normal 0 -1 0
    outer loop
      vertex -17 -9.2 14.3592
      vertex -18.9924 -9.2 16.5335
      vertex -19 -9.2 16.3592
    endloop
  endfacet
  facet normal 0 -1 -0
    outer loop
      vertex 18.9319 -9.2 16.8768
      vertex 17 -9.2 14.3592
      vertex 18.9696 -9.2 16.7065
    endloop
  endfacet
  facet normal 0 -1 0
    outer loop
      vertex -17 -9.2 14.3592
      vertex -19 -9.2 16.3592
      vertex -18.9924 -9.2 16.1849
    endloop
  endfacet
  facet normal 0 -1 -0
    outer loop
      vertex 18.9696 -9.2 16.7065
      vertex 17 -9.2 14.3592
      vertex 18.9924 -9.2 16.5335
    endloop
  endfacet
  facet normal 0 -1 0
    outer loop
      vertex -17 -9.2 14.3592
      vertex -18.9924 -9.2 16.1849
      vertex -18.9696 -9.2 16.0119
    endloop
  endfacet
  facet normal 0 -1 -0
    outer loop
      vertex 18.9924 -9.2 16.5335
      vertex 17 -9.2 14.3592
      vertex 19 -9.2 16.3592
    endloop
  endfacet
  facet normal 0 -1 0
    outer loop
      vertex -17 -9.2 14.3592
      vertex -18.9696 -9.2 16.0119
      vertex -18.9319 -9.2 15.8416
    endloop
  endfacet
  facet normal 0 -1 0
    outer loop
      vertex 19 -9.2 16.3592
      vertex 17 -9.2 14.3592
      vertex 18.9924 -9.2 16.1849
    endloop
  endfacet
  facet normal 0 -1 0
    outer loop
      vertex -17 -9.2 14.3592
      vertex -18.9319 -9.2 15.8416
      vertex -18.8794 -9.2 15.6752
    endloop
  endfacet
  facet normal 0 -1 0
    outer loop
      vertex 18.9924 -9.2 16.1849
      vertex 17 -9.2 14.3592
      vertex 18.9696 -9.2 16.0119
    endloop
  endfacet
  facet normal 0 -1 0
    outer loop
      vertex -17 -9.2 14.3592
      vertex -18.8794 -9.2 15.6752
      vertex -18.8126 -9.2 15.514
    endloop
  endfacet
  facet normal 0 -1 0
    outer loop
      vertex 18.9696 -9.2 16.0119
      vertex 17 -9.2 14.3592
      vertex 18.9319 -9.2 15.8416
    endloop
  endfacet
  facet normal 0 -1 0
    outer loop
      vertex -17 -9.2 14.3592
      vertex -18.8126 -9.2 15.514
      vertex -18.7321 -9.2 15.3592
    endloop
  endfacet
  facet normal 0 -1 0
    outer loop
      vertex 18.9319 -9.2 15.8416
      vertex 17 -9.2 14.3592
      vertex 18.8794 -9.2 15.6752
    endloop
  endfacet
  facet normal 0 -1 0
    outer loop
      vertex -17 -9.2 14.3592
      vertex -18.7321 -9.2 15.3592
      vertex -18.6383 -9.2 15.2121
    endloop
  endfacet
  facet normal 0 -1 0
    outer loop
      vertex 18.8794 -9.2 15.6752
      vertex 17 -9.2 14.3592
      vertex 18.8126 -9.2 15.514
    endloop
  endfacet
  facet normal 0 -1 0
    outer loop
      vertex -17 -9.2 14.3592
      vertex -18.6383 -9.2 15.2121
      vertex -18.5321 -9.2 15.0736
    endloop
  endfacet
  facet normal 0 -1 0
    outer loop
      vertex 18.8126 -9.2 15.514
      vertex 17 -9.2 14.3592
      vertex 18.732 -9.2 15.3592
    endloop
  endfacet
  facet normal 0 -1 0
    outer loop
      vertex -17 -9.2 14.3592
      vertex -18.5321 -9.2 15.0736
      vertex -18.4142 -9.2 14.945
    endloop
  endfacet
  facet normal 0 -1 0
    outer loop
      vertex 18.732 -9.2 15.3592
      vertex 17 -9.2 14.3592
      vertex 18.6383 -9.2 15.2121
    endloop
  endfacet
  facet normal 0 -1 0
    outer loop
      vertex -17 -9.2 14.3592
      vertex -18.4142 -9.2 14.945
      vertex -18.2856 -9.2 14.8271
    endloop
  endfacet
  facet normal 0 -1 0
    outer loop
      vertex 18.6383 -9.2 15.2121
      vertex 17 -9.2 14.3592
      vertex 18.5321 -9.2 15.0736
    endloop
  endfacet
  facet normal 0 -1 0
    outer loop
      vertex -17 -9.2 14.3592
      vertex -18.2856 -9.2 14.8271
      vertex -18.1472 -9.2 14.7209
    endloop
  endfacet
  facet normal 0 -1 0
    outer loop
      vertex 18.5321 -9.2 15.0736
      vertex 17 -9.2 14.3592
      vertex 18.4142 -9.2 14.945
    endloop
  endfacet
  facet normal 0 -1 0
    outer loop
      vertex -17 -9.2 14.3592
      vertex -18.1472 -9.2 14.7209
      vertex -18 -9.2 14.6272
    endloop
  endfacet
  facet normal 0 -1 0
    outer loop
      vertex 18.4142 -9.2 14.945
      vertex 17 -9.2 14.3592
      vertex 18.2856 -9.2 14.8271
    endloop
  endfacet
  facet normal 0 -1 0
    outer loop
      vertex -17 -9.2 14.3592
      vertex -18 -9.2 14.6272
      vertex -17.8452 -9.2 14.5466
    endloop
  endfacet
  facet normal 0 -1 0
    outer loop
      vertex 18.2856 -9.2 14.8271
      vertex 17 -9.2 14.3592
      vertex 18.1472 -9.2 14.7209
    endloop
  endfacet
  facet normal 0 -1 0
    outer loop
      vertex -17 -9.2 14.3592
      vertex -17.8452 -9.2 14.5466
      vertex -17.684 -9.2 14.4798
    endloop
  endfacet
  facet normal 0 -1 0
    outer loop
      vertex 18.1472 -9.2 14.7209
      vertex 17 -9.2 14.3592
      vertex 18 -9.2 14.6272
    endloop
  endfacet
  facet normal 0 -1 0
    outer loop
      vertex -17 -9.2 14.3592
      vertex -17.684 -9.2 14.4798
      vertex -17.5176 -9.2 14.4274
    endloop
  endfacet
  facet normal 0 -1 0
    outer loop
      vertex 18 -9.2 14.6272
      vertex 17 -9.2 14.3592
      vertex 17.8452 -9.2 14.5466
    endloop
  endfacet
  facet normal 0 -1 0
    outer loop
      vertex -17 -9.2 14.3592
      vertex -17.5176 -9.2 14.4274
      vertex -17.3473 -9.2 14.3896
    endloop
  endfacet
  facet normal 0 -1 0
    outer loop
      vertex 17.8452 -9.2 14.5466
      vertex 17 -9.2 14.3592
      vertex 17.684 -9.2 14.4798
    endloop
  endfacet
  facet normal 0 -1 0
    outer loop
      vertex -17 -9.2 14.3592
      vertex -17.3473 -9.2 14.3896
      vertex -17.1743 -9.2 14.3668
    endloop
  endfacet
  facet normal 0 -1 0
    outer loop
      vertex 17.684 -9.2 14.4798
      vertex 17 -9.2 14.3592
      vertex 17.5176 -9.2 14.4274
    endloop
  endfacet
  facet normal 0 -1 0
    outer loop
      vertex 17.5176 -9.2 14.4274
      vertex 17 -9.2 14.3592
      vertex 17.3473 -9.2 14.3896
    endloop
  endfacet
  facet normal 0 -1 0
    outer loop
      vertex 17.3473 -9.2 14.3896
      vertex 17 -9.2 14.3592
      vertex 17.1743 -9.2 14.3668
    endloop
  endfacet
  facet normal 0 -1 0
    outer loop
      vertex -17 -9.2 13
      vertex 17 -9.2 14.3592
      vertex -17 -9.2 14.3592
    endloop
  endfacet
  facet normal 0 -1 -0
    outer loop
      vertex 17 -9.2 14.3592
      vertex -17 -9.2 13
      vertex 17 -9.2 13
    endloop
  endfacet
  facet normal 0 -1 0
    outer loop
      vertex -17 -9.2 9
      vertex 0 -9.2 1.7
      vertex 17 -9.2 9
    endloop
  endfacet
  facet normal 0 -1 0
    outer loop
      vertex -17 -9.2 9
      vertex -0.148166 -9.2 1.69353
      vertex 0 -9.2 1.7
    endloop
  endfacet
  facet normal 0 -1 0
    outer loop
      vertex -17 -9.2 9
      vertex -0.295202 -9.2 1.67417
      vertex -0.148166 -9.2 1.69353
    endloop
  endfacet
  facet normal 0 -1 0
    outer loop
      vertex -17 -9.2 9
      vertex -0.439993 -9.2 1.64207
      vertex -0.295202 -9.2 1.67417
    endloop
  endfacet
  facet normal 0 -1 0
    outer loop
      vertex -17 -9.2 9
      vertex -0.581434 -9.2 1.59748
      vertex -0.439993 -9.2 1.64207
    endloop
  endfacet
  facet normal 0 -1 0
    outer loop
      vertex -17 -9.2 9
      vertex -0.718451 -9.2 1.54072
      vertex -0.581434 -9.2 1.59748
    endloop
  endfacet
  facet normal 0 -1 0
    outer loop
      vertex -17 -9.2 9
      vertex -0.85 -9.2 1.47224
      vertex -0.718451 -9.2 1.54072
    endloop
  endfacet
  facet normal 0 -1 0
    outer loop
      vertex -17 -9.2 9
      vertex -0.97508 -9.2 1.39256
      vertex -0.85 -9.2 1.47224
    endloop
  endfacet
  facet normal 0 -1 0
    outer loop
      vertex -17 -9.2 9
      vertex -1.09274 -9.2 1.30227
      vertex -0.97508 -9.2 1.39256
    endloop
  endfacet
  facet normal 0 -1 0
    outer loop
      vertex -17 -9.2 9
      vertex -1.20208 -9.2 1.20208
      vertex -1.09274 -9.2 1.30227
    endloop
  endfacet
  facet normal 0 -1 0
    outer loop
      vertex -17 -9.2 9
      vertex -1.30228 -9.2 1.09274
      vertex -1.20208 -9.2 1.20208
    endloop
  endfacet
  facet normal 0 -1 0
    outer loop
      vertex -17 -9.2 9
      vertex -1.39256 -9.2 0.97508
      vertex -1.30228 -9.2 1.09274
    endloop
  endfacet
  facet normal 0 -1 0
    outer loop
      vertex -17 -9.2 9
      vertex -1.47224 -9.2 0.849999
      vertex -1.39256 -9.2 0.97508
    endloop
  endfacet
  facet normal 0 -1 0
    outer loop
      vertex -17 -9.2 9
      vertex -1.54072 -9.2 0.718451
      vertex -1.47224 -9.2 0.849999
    endloop
  endfacet
  facet normal 0 -1 0
    outer loop
      vertex -17 -9.2 9
      vertex -1.59748 -9.2 0.581433
      vertex -1.54072 -9.2 0.718451
    endloop
  endfacet
  facet normal 0 -1 0
    outer loop
      vertex -17 -9.2 9
      vertex -1.64207 -9.2 0.439992
      vertex -1.59748 -9.2 0.581433
    endloop
  endfacet
  facet normal 0 -1 0
    outer loop
      vertex -17 -9.2 9
      vertex -1.67417 -9.2 0.295201
      vertex -1.64207 -9.2 0.439992
    endloop
  endfacet
  facet normal 0 -1 0
    outer loop
      vertex -17 -9.2 9
      vertex -1.69353 -9.2 0.148165
      vertex -1.67417 -9.2 0.295201
    endloop
  endfacet
  facet normal 0 -1 0
    outer loop
      vertex -17 -9.2 9
      vertex -1.7 -9.2 0
      vertex -1.69353 -9.2 0.148165
    endloop
  endfacet
  facet normal 0 -1 0
    outer loop
      vertex -17 -9.2 9
      vertex -1.69353 -9.2 -0.148166
      vertex -1.7 -9.2 0
    endloop
  endfacet
  facet normal 0 -1 0
    outer loop
      vertex -17 -9.2 9
      vertex -1.67417 -9.2 -0.295202
      vertex -1.69353 -9.2 -0.148166
    endloop
  endfacet
  facet normal 0 -1 0
    outer loop
      vertex -17 -9.2 9
      vertex -1.64207 -9.2 -0.439993
      vertex -1.67417 -9.2 -0.295202
    endloop
  endfacet
  facet normal 0 -1 0
    outer loop
      vertex -17 -9.2 9
      vertex -1.59748 -9.2 -0.581434
      vertex -1.64207 -9.2 -0.439993
    endloop
  endfacet
  facet normal 0 -1 0
    outer loop
      vertex -17 -9.2 -18
      vertex -1.59748 -9.2 -0.581434
      vertex -17 -9.2 9
    endloop
  endfacet
  facet normal 0 -1 -0
    outer loop
      vertex -1.59748 -9.2 -0.581434
      vertex -17 -9.2 -18
      vertex -1.54072 -9.2 -0.718451
    endloop
  endfacet
  facet normal 0 -1 -0
    outer loop
      vertex -1.54072 -9.2 -0.718451
      vertex -17 -9.2 -18
      vertex -1.47224 -9.2 -0.85
    endloop
  endfacet
  facet normal 0 -1 -0
    outer loop
      vertex -1.47224 -9.2 -0.85
      vertex -17 -9.2 -18
      vertex -1.39256 -9.2 -0.97508
    endloop
  endfacet
  facet normal 0 -1 -0
    outer loop
      vertex -1.39256 -9.2 -0.97508
      vertex -17 -9.2 -18
      vertex -1.30228 -9.2 -1.09274
    endloop
  endfacet
  facet normal 0 -1 -0
    outer loop
      vertex -1.30228 -9.2 -1.09274
      vertex -17 -9.2 -18
      vertex -1.20208 -9.2 -1.20208
    endloop
  endfacet
  facet normal 0 -1 -0
    outer loop
      vertex -1.20208 -9.2 -1.20208
      vertex -17 -9.2 -18
      vertex -1.09274 -9.2 -1.30228
    endloop
  endfacet
  facet normal 0 -1 -0
    outer loop
      vertex -0.148166 -9.2 -1.69353
      vertex -17 -9.2 -18
      vertex 0 -9.2 -1.7
    endloop
  endfacet
  facet normal 0 -1 -0
    outer loop
      vertex -0.295202 -9.2 -1.67417
      vertex -17 -9.2 -18
      vertex -0.148166 -9.2 -1.69353
    endloop
  endfacet
  facet normal 0 -1 -0
    outer loop
      vertex -0.439993 -9.2 -1.64207
      vertex -17 -9.2 -18
      vertex -0.295202 -9.2 -1.67417
    endloop
  endfacet
  facet normal 0 -1 -0
    outer loop
      vertex -0.581434 -9.2 -1.59748
      vertex -17 -9.2 -18
      vertex -0.439993 -9.2 -1.64207
    endloop
  endfacet
  facet normal 0 -1 -0
    outer loop
      vertex -0.718451 -9.2 -1.54072
      vertex -17 -9.2 -18
      vertex -0.581434 -9.2 -1.59748
    endloop
  endfacet
  facet normal 0 -1 -0
    outer loop
      vertex -0.85 -9.2 -1.47224
      vertex -17 -9.2 -18
      vertex -0.718451 -9.2 -1.54072
    endloop
  endfacet
  facet normal 0 -1 -0
    outer loop
      vertex -0.97508 -9.2 -1.39256
      vertex -17 -9.2 -18
      vertex -0.85 -9.2 -1.47224
    endloop
  endfacet
  facet normal 0 -1 -0
    outer loop
      vertex -1.09274 -9.2 -1.30228
      vertex -17 -9.2 -18
      vertex -0.97508 -9.2 -1.39256
    endloop
  endfacet
  facet normal 0 -1 0
    outer loop
      vertex 0.148165 -9.2 1.69353
      vertex 17 -9.2 9
      vertex 0 -9.2 1.7
    endloop
  endfacet
  facet normal 0 -1 0
    outer loop
      vertex 0.295201 -9.2 1.67417
      vertex 17 -9.2 9
      vertex 0.148165 -9.2 1.69353
    endloop
  endfacet
  facet normal 0 -1 0
    outer loop
      vertex 0.439992 -9.2 1.64207
      vertex 17 -9.2 9
      vertex 0.295201 -9.2 1.67417
    endloop
  endfacet
  facet normal 0 -1 0
    outer loop
      vertex 0.581433 -9.2 1.59748
      vertex 17 -9.2 9
      vertex 0.439992 -9.2 1.64207
    endloop
  endfacet
  facet normal 0 -1 0
    outer loop
      vertex 0.718451 -9.2 1.54072
      vertex 17 -9.2 9
      vertex 0.581433 -9.2 1.59748
    endloop
  endfacet
  facet normal 0 -1 0
    outer loop
      vertex 0.849999 -9.2 1.47224
      vertex 17 -9.2 9
      vertex 0.718451 -9.2 1.54072
    endloop
  endfacet
  facet normal 0 -1 0
    outer loop
      vertex 0.97508 -9.2 1.39256
      vertex 17 -9.2 9
      vertex 0.849999 -9.2 1.47224
    endloop
  endfacet
  facet normal 0 -1 0
    outer loop
      vertex 1.09274 -9.2 1.30227
      vertex 17 -9.2 9
      vertex 0.97508 -9.2 1.39256
    endloop
  endfacet
  facet normal 0 -1 0
    outer loop
      vertex 1.20208 -9.2 1.20208
      vertex 17 -9.2 9
      vertex 1.09274 -9.2 1.30227
    endloop
  endfacet
  facet normal 0 -1 0
    outer loop
      vertex 1.30227 -9.2 1.09274
      vertex 17 -9.2 9
      vertex 1.20208 -9.2 1.20208
    endloop
  endfacet
  facet normal 0 -1 0
    outer loop
      vertex 1.39256 -9.2 0.97508
      vertex 17 -9.2 9
      vertex 1.30227 -9.2 1.09274
    endloop
  endfacet
  facet normal 0 -1 0
    outer loop
      vertex 1.47224 -9.2 0.849999
      vertex 17 -9.2 9
      vertex 1.39256 -9.2 0.97508
    endloop
  endfacet
  facet normal 0 -1 0
    outer loop
      vertex 1.54072 -9.2 0.718451
      vertex 17 -9.2 9
      vertex 1.47224 -9.2 0.849999
    endloop
  endfacet
  facet normal 0 -1 0
    outer loop
      vertex 1.59748 -9.2 0.581433
      vertex 17 -9.2 9
      vertex 1.54072 -9.2 0.718451
    endloop
  endfacet
  facet normal 0 -1 0
    outer loop
      vertex 1.64207 -9.2 0.439992
      vertex 17 -9.2 9
      vertex 1.59748 -9.2 0.581433
    endloop
  endfacet
  facet normal 0 -1 0
    outer loop
      vertex 1.67417 -9.2 0.295201
      vertex 17 -9.2 9
      vertex 1.64207 -9.2 0.439992
    endloop
  endfacet
  facet normal 0 -1 0
    outer loop
      vertex 1.69353 -9.2 0.148165
      vertex 17 -9.2 9
      vertex 1.67417 -9.2 0.295201
    endloop
  endfacet
  facet normal 0 -1 0
    outer loop
      vertex 1.7 -9.2 0
      vertex 17 -9.2 9
      vertex 1.69353 -9.2 0.148165
    endloop
  endfacet
  facet normal 0 -1 0
    outer loop
      vertex 1.69353 -9.2 -0.148166
      vertex 17 -9.2 9
      vertex 1.7 -9.2 0
    endloop
  endfacet
  facet normal 0 -1 0
    outer loop
      vertex 1.67417 -9.2 -0.295202
      vertex 17 -9.2 9
      vertex 1.69353 -9.2 -0.148166
    endloop
  endfacet
  facet normal 0 -1 0
    outer loop
      vertex 1.64207 -9.2 -0.439993
      vertex 17 -9.2 9
      vertex 1.67417 -9.2 -0.295202
    endloop
  endfacet
  facet normal 0 -1 0
    outer loop
      vertex 1.59748 -9.2 -0.581434
      vertex 17 -9.2 9
      vertex 1.64207 -9.2 -0.439993
    endloop
  endfacet
  facet normal 0 -1 0
    outer loop
      vertex 17 -9.2 -18
      vertex 1.59748 -9.2 -0.581434
      vertex 1.54072 -9.2 -0.718451
    endloop
  endfacet
  facet normal 0 -1 0
    outer loop
      vertex 17 -9.2 -18
      vertex 1.54072 -9.2 -0.718451
      vertex 1.47224 -9.2 -0.85
    endloop
  endfacet
  facet normal 0 -1 0
    outer loop
      vertex 17 -9.2 -18
      vertex 1.47224 -9.2 -0.85
      vertex 1.39256 -9.2 -0.97508
    endloop
  endfacet
  facet normal 0 -1 0
    outer loop
      vertex 17 -9.2 -18
      vertex 1.39256 -9.2 -0.97508
      vertex 1.30227 -9.2 -1.09274
    endloop
  endfacet
  facet normal 0 -1 0
    outer loop
      vertex 17 -9.2 -18
      vertex 1.30227 -9.2 -1.09274
      vertex 1.20208 -9.2 -1.20208
    endloop
  endfacet
  facet normal 0 -1 0
    outer loop
      vertex 17 -9.2 -18
      vertex 1.20208 -9.2 -1.20208
      vertex 1.09274 -9.2 -1.30228
    endloop
  endfacet
  facet normal 0 -1 0
    outer loop
      vertex 17 -9.2 -18
      vertex 1.09274 -9.2 -1.30228
      vertex 0.97508 -9.2 -1.39256
    endloop
  endfacet
  facet normal 0 -1 0
    outer loop
      vertex 17 -9.2 -18
      vertex 0 -9.2 -1.7
      vertex -17 -9.2 -18
    endloop
  endfacet
  facet normal 0 -1 0
    outer loop
      vertex 0 -9.2 -1.7
      vertex 17 -9.2 -18
      vertex 0.148165 -9.2 -1.69353
    endloop
  endfacet
  facet normal 0 -1 0
    outer loop
      vertex 0.148165 -9.2 -1.69353
      vertex 17 -9.2 -18
      vertex 0.295201 -9.2 -1.67417
    endloop
  endfacet
  facet normal 0 -1 0
    outer loop
      vertex 0.295201 -9.2 -1.67417
      vertex 17 -9.2 -18
      vertex 0.439992 -9.2 -1.64207
    endloop
  endfacet
  facet normal 0 -1 0
    outer loop
      vertex 0.439992 -9.2 -1.64207
      vertex 17 -9.2 -18
      vertex 0.581433 -9.2 -1.59748
    endloop
  endfacet
  facet normal 0 -1 0
    outer loop
      vertex 0.581433 -9.2 -1.59748
      vertex 17 -9.2 -18
      vertex 0.718451 -9.2 -1.54072
    endloop
  endfacet
  facet normal 0 -1 0
    outer loop
      vertex 0.718451 -9.2 -1.54072
      vertex 17 -9.2 -18
      vertex 0.849999 -9.2 -1.47224
    endloop
  endfacet
  facet normal 0 -1 0
    outer loop
      vertex 0.849999 -9.2 -1.47224
      vertex 17 -9.2 -18
      vertex 0.97508 -9.2 -1.39256
    endloop
  endfacet
  facet normal 0 -1 0
    outer loop
      vertex 1.59748 -9.2 -0.581434
      vertex 17 -9.2 -18
      vertex 17 -9.2 9
    endloop
  endfacet
  facet normal 0 0 -1
    outer loop
      vertex -17 5.2 -18
      vertex 17 9.2 -18
      vertex 17 5.2 -18
    endloop
  endfacet
  facet normal -0 0 -1
    outer loop
      vertex 17 9.2 -18
      vertex -17 5.2 -18
      vertex -17 9.2 -18
    endloop
  endfacet
  facet normal 0 1 -0
    outer loop
      vertex 17 9.2 18.3592
      vertex -17 9.2 19
      vertex 17 9.2 19
    endloop
  endfacet
  facet normal 0 1 0
    outer loop
      vertex 17 9.2 18.3592
      vertex -17 9.2 18.3592
      vertex -17 9.2 19
    endloop
  endfacet
  facet normal 0 1 0
    outer loop
      vertex 17 9.2 14.3592
      vertex 17 9.2 18.3592
      vertex 17.1743 9.2 18.3516
    endloop
  endfacet
  facet normal 0 1 0
    outer loop
      vertex 17 9.2 18.3592
      vertex 0 9.2 1.7
      vertex -17 9.2 18.3592
    endloop
  endfacet
  facet normal 0 1 0
    outer loop
      vertex 17 9.2 14.3592
      vertex 17.1743 9.2 18.3516
      vertex 17.3473 9.2 18.3288
    endloop
  endfacet
  facet normal 0 1 -0
    outer loop
      vertex -0.148166 9.2 1.69353
      vertex -17 9.2 18.3592
      vertex 0 9.2 1.7
    endloop
  endfacet
  facet normal 0 1 0
    outer loop
      vertex 17 9.2 14.3592
      vertex 17.3473 9.2 18.3288
      vertex 17.5176 9.2 18.2911
    endloop
  endfacet
  facet normal 0 1 -0
    outer loop
      vertex -0.295202 9.2 1.67417
      vertex -17 9.2 18.3592
      vertex -0.148166 9.2 1.69353
    endloop
  endfacet
  facet normal 0 1 0
    outer loop
      vertex 17 9.2 14.3592
      vertex 17.5176 9.2 18.2911
      vertex 17.684 9.2 18.2386
    endloop
  endfacet
  facet normal 0 1 0
    outer loop
      vertex 0.295201 9.2 1.67417
      vertex 17 9.2 18.3592
      vertex 17 9.2 14.3592
    endloop
  endfacet
  facet normal 0 1 0
    outer loop
      vertex 17 9.2 14.3592
      vertex 17.684 9.2 18.2386
      vertex 17.8452 9.2 18.1718
    endloop
  endfacet
  facet normal 0 1 0
    outer loop
      vertex -17 9.2 18.3592
      vertex -17 9.2 14.3592
      vertex -17.1743 9.2 18.3516
    endloop
  endfacet
  facet normal 0 1 0
    outer loop
      vertex 17 9.2 14.3592
      vertex 17.8452 9.2 18.1718
      vertex 18 9.2 18.0913
    endloop
  endfacet
  facet normal 0 1 0
    outer loop
      vertex -17.5176 9.2 18.2911
      vertex -17 9.2 14.3592
      vertex -17.684 9.2 18.2386
    endloop
  endfacet
  facet normal 0 1 0
    outer loop
      vertex 17 9.2 14.3592
      vertex 18 9.2 18.0913
      vertex 18.1472 9.2 17.9975
    endloop
  endfacet
  facet normal 0 1 0
    outer loop
      vertex -17.684 9.2 18.2386
      vertex -17 9.2 14.3592
      vertex -17.8452 9.2 18.1718
    endloop
  endfacet
  facet normal 0 1 0
    outer loop
      vertex 17 9.2 14.3592
      vertex 18.1472 9.2 17.9975
      vertex 18.2856 9.2 17.8913
    endloop
  endfacet
  facet normal 0 1 0
    outer loop
      vertex -17.8452 9.2 18.1718
      vertex -17 9.2 14.3592
      vertex -18 9.2 18.0913
    endloop
  endfacet
  facet normal 0 1 0
    outer loop
      vertex 17 9.2 14.3592
      vertex 18.2856 9.2 17.8913
      vertex 18.4142 9.2 17.7734
    endloop
  endfacet
  facet normal 0 1 0
    outer loop
      vertex -18 9.2 18.0913
      vertex -17 9.2 14.3592
      vertex -18.1472 9.2 17.9975
    endloop
  endfacet
  facet normal 0 1 0
    outer loop
      vertex 17 9.2 14.3592
      vertex 18.4142 9.2 17.7734
      vertex 18.5321 9.2 17.6448
    endloop
  endfacet
  facet normal 0 1 0
    outer loop
      vertex -18.1472 9.2 17.9975
      vertex -17 9.2 14.3592
      vertex -18.2856 9.2 17.8913
    endloop
  endfacet
  facet normal 0 1 0
    outer loop
      vertex 17 9.2 14.3592
      vertex 18.5321 9.2 17.6448
      vertex 18.6383 9.2 17.5064
    endloop
  endfacet
  facet normal 0 1 0
    outer loop
      vertex -18.2856 9.2 17.8913
      vertex -17 9.2 14.3592
      vertex -18.4142 9.2 17.7734
    endloop
  endfacet
  facet normal 0 1 0
    outer loop
      vertex 17 9.2 14.3592
      vertex 18.6383 9.2 17.5064
      vertex 18.732 9.2 17.3592
    endloop
  endfacet
  facet normal 0 1 0
    outer loop
      vertex -18.4142 9.2 17.7734
      vertex -17 9.2 14.3592
      vertex -18.5321 9.2 17.6448
    endloop
  endfacet
  facet normal 0 1 0
    outer loop
      vertex 17 9.2 14.3592
      vertex 18.732 9.2 17.3592
      vertex 18.8126 9.2 17.2044
    endloop
  endfacet
  facet normal 0 1 0
    outer loop
      vertex -18.5321 9.2 17.6448
      vertex -17 9.2 14.3592
      vertex -18.6383 9.2 17.5064
    endloop
  endfacet
  facet normal 0 1 0
    outer loop
      vertex 17 9.2 14.3592
      vertex 18.8126 9.2 17.2044
      vertex 18.8794 9.2 17.0432
    endloop
  endfacet
  facet normal 0 1 0
    outer loop
      vertex -18.6383 9.2 17.5064
      vertex -17 9.2 14.3592
      vertex -18.7321 9.2 17.3592
    endloop
  endfacet
  facet normal 0 1 0
    outer loop
      vertex 17 9.2 14.3592
      vertex 18.8794 9.2 17.0432
      vertex 18.9319 9.2 16.8768
    endloop
  endfacet
  facet normal 0 1 0
    outer loop
      vertex -18.7321 9.2 17.3592
      vertex -17 9.2 14.3592
      vertex -18.8126 9.2 17.2044
    endloop
  endfacet
  facet normal 0 1 0
    outer loop
      vertex 17 9.2 14.3592
      vertex 18.9319 9.2 16.8768
      vertex 18.9696 9.2 16.7065
    endloop
  endfacet
  facet normal 0 1 0
    outer loop
      vertex -18.8126 9.2 17.2044
      vertex -17 9.2 14.3592
      vertex -18.8794 9.2 17.0432
    endloop
  endfacet
  facet normal 0 1 0
    outer loop
      vertex 17 9.2 14.3592
      vertex 18.9696 9.2 16.7065
      vertex 18.9924 9.2 16.5335
    endloop
  endfacet
  facet normal 0 1 0
    outer loop
      vertex -18.8794 9.2 17.0432
      vertex -17 9.2 14.3592
      vertex -18.9319 9.2 16.8768
    endloop
  endfacet
  facet normal 0 1 0
    outer loop
      vertex 17 9.2 14.3592
      vertex 18.9924 9.2 16.5335
      vertex 19 9.2 16.3592
    endloop
  endfacet
  facet normal 0 1 0
    outer loop
      vertex -18.9319 9.2 16.8768
      vertex -17 9.2 14.3592
      vertex -18.9696 9.2 16.7065
    endloop
  endfacet
  facet normal 0 1 0
    outer loop
      vertex 17 9.2 14.3592
      vertex 19 9.2 16.3592
      vertex 18.9924 9.2 16.1849
    endloop
  endfacet
  facet normal 0 1 0
    outer loop
      vertex -18.9696 9.2 16.7065
      vertex -17 9.2 14.3592
      vertex -18.9924 9.2 16.5335
    endloop
  endfacet
  facet normal 0 1 0
    outer loop
      vertex 17 9.2 14.3592
      vertex 18.9924 9.2 16.1849
      vertex 18.9696 9.2 16.0119
    endloop
  endfacet
  facet normal 0 1 0
    outer loop
      vertex -18.9924 9.2 16.5335
      vertex -17 9.2 14.3592
      vertex -19 9.2 16.3592
    endloop
  endfacet
  facet normal 0 1 0
    outer loop
      vertex 17 9.2 14.3592
      vertex 18.9696 9.2 16.0119
      vertex 18.9319 9.2 15.8416
    endloop
  endfacet
  facet normal 0 1 0
    outer loop
      vertex -19 9.2 16.3592
      vertex -17 9.2 14.3592
      vertex -18.9924 9.2 16.1849
    endloop
  endfacet
  facet normal 0 1 0
    outer loop
      vertex 17 9.2 14.3592
      vertex 18.9319 9.2 15.8416
      vertex 18.8794 9.2 15.6752
    endloop
  endfacet
  facet normal 0 1 0
    outer loop
      vertex -18.9924 9.2 16.1849
      vertex -17 9.2 14.3592
      vertex -18.9696 9.2 16.0119
    endloop
  endfacet
  facet normal 0 1 0
    outer loop
      vertex 17 9.2 14.3592
      vertex 18.8794 9.2 15.6752
      vertex 18.8126 9.2 15.514
    endloop
  endfacet
  facet normal 0 1 0
    outer loop
      vertex -18.9696 9.2 16.0119
      vertex -17 9.2 14.3592
      vertex -18.9319 9.2 15.8416
    endloop
  endfacet
  facet normal 0 1 0
    outer loop
      vertex 17 9.2 14.3592
      vertex 18.8126 9.2 15.514
      vertex 18.732 9.2 15.3592
    endloop
  endfacet
  facet normal 0 1 0
    outer loop
      vertex -18.9319 9.2 15.8416
      vertex -17 9.2 14.3592
      vertex -18.8794 9.2 15.6752
    endloop
  endfacet
  facet normal 0 1 0
    outer loop
      vertex 17 9.2 14.3592
      vertex 18.732 9.2 15.3592
      vertex 18.6383 9.2 15.2121
    endloop
  endfacet
  facet normal 0 1 0
    outer loop
      vertex -18.8794 9.2 15.6752
      vertex -17 9.2 14.3592
      vertex -18.8126 9.2 15.514
    endloop
  endfacet
  facet normal 0 1 0
    outer loop
      vertex 17 9.2 14.3592
      vertex 18.6383 9.2 15.2121
      vertex 18.5321 9.2 15.0736
    endloop
  endfacet
  facet normal 0 1 0
    outer loop
      vertex -18.8126 9.2 15.514
      vertex -17 9.2 14.3592
      vertex -18.7321 9.2 15.3592
    endloop
  endfacet
  facet normal 0 1 0
    outer loop
      vertex 17 9.2 14.3592
      vertex 18.5321 9.2 15.0736
      vertex 18.4142 9.2 14.945
    endloop
  endfacet
  facet normal 0 1 0
    outer loop
      vertex -18.7321 9.2 15.3592
      vertex -17 9.2 14.3592
      vertex -18.6383 9.2 15.2121
    endloop
  endfacet
  facet normal 0 1 0
    outer loop
      vertex 17 9.2 14.3592
      vertex 18.4142 9.2 14.945
      vertex 18.2856 9.2 14.8271
    endloop
  endfacet
  facet normal 0 1 0
    outer loop
      vertex -18.6383 9.2 15.2121
      vertex -17 9.2 14.3592
      vertex -18.5321 9.2 15.0736
    endloop
  endfacet
  facet normal 0 1 0
    outer loop
      vertex 17 9.2 14.3592
      vertex 18.2856 9.2 14.8271
      vertex 18.1472 9.2 14.7209
    endloop
  endfacet
  facet normal 0 1 0
    outer loop
      vertex -18.5321 9.2 15.0736
      vertex -17 9.2 14.3592
      vertex -18.4142 9.2 14.945
    endloop
  endfacet
  facet normal 0 1 0
    outer loop
      vertex 17 9.2 14.3592
      vertex 18.1472 9.2 14.7209
      vertex 18 9.2 14.6272
    endloop
  endfacet
  facet normal 0 1 0
    outer loop
      vertex -18.4142 9.2 14.945
      vertex -17 9.2 14.3592
      vertex -18.2856 9.2 14.8271
    endloop
  endfacet
  facet normal 0 1 0
    outer loop
      vertex 17 9.2 14.3592
      vertex 18 9.2 14.6272
      vertex 17.8452 9.2 14.5466
    endloop
  endfacet
  facet normal 0 1 0
    outer loop
      vertex -18.2856 9.2 14.8271
      vertex -17 9.2 14.3592
      vertex -18.1472 9.2 14.7209
    endloop
  endfacet
  facet normal 0 1 0
    outer loop
      vertex 17 9.2 14.3592
      vertex 17.8452 9.2 14.5466
      vertex 17.684 9.2 14.4798
    endloop
  endfacet
  facet normal 0 1 0
    outer loop
      vertex -18.1472 9.2 14.7209
      vertex -17 9.2 14.3592
      vertex -18 9.2 14.6272
    endloop
  endfacet
  facet normal 0 1 0
    outer loop
      vertex 17 9.2 14.3592
      vertex 17.684 9.2 14.4798
      vertex 17.5176 9.2 14.4274
    endloop
  endfacet
  facet normal 0 1 0
    outer loop
      vertex -18 9.2 14.6272
      vertex -17 9.2 14.3592
      vertex -17.8452 9.2 14.5466
    endloop
  endfacet
  facet normal 0 1 0
    outer loop
      vertex 17 9.2 14.3592
      vertex 17.5176 9.2 14.4274
      vertex 17.3473 9.2 14.3896
    endloop
  endfacet
  facet normal 0 1 0
    outer loop
      vertex -17.8452 9.2 14.5466
      vertex -17 9.2 14.3592
      vertex -17.684 9.2 14.4798
    endloop
  endfacet
  facet normal 0 1 0
    outer loop
      vertex 17 9.2 14.3592
      vertex 17.3473 9.2 14.3896
      vertex 17.1743 9.2 14.3668
    endloop
  endfacet
  facet normal 0 1 0
    outer loop
      vertex -17.684 9.2 14.4798
      vertex -17 9.2 14.3592
      vertex -17.5176 9.2 14.4274
    endloop
  endfacet
  facet normal 0 1 0
    outer loop
      vertex -17.5176 9.2 14.4274
      vertex -17 9.2 14.3592
      vertex -17.3473 9.2 14.3896
    endloop
  endfacet
  facet normal 0 1 0
    outer loop
      vertex -17.3473 9.2 14.3896
      vertex -17 9.2 14.3592
      vertex -17.1743 9.2 14.3668
    endloop
  endfacet
  facet normal 0 1 0
    outer loop
      vertex -17.3473 9.2 18.3288
      vertex -17 9.2 14.3592
      vertex -17.5176 9.2 18.2911
    endloop
  endfacet
  facet normal 0 1 0
    outer loop
      vertex 17 9.2 18.3592
      vertex 0.148165 9.2 1.69353
      vertex 0 9.2 1.7
    endloop
  endfacet
  facet normal 0 1 0
    outer loop
      vertex 17 9.2 18.3592
      vertex 0.295201 9.2 1.67417
      vertex 0.148165 9.2 1.69353
    endloop
  endfacet
  facet normal 0 1 0
    outer loop
      vertex 17 9.2 14.3592
      vertex 0.439992 9.2 1.64207
      vertex 0.295201 9.2 1.67417
    endloop
  endfacet
  facet normal 0 1 0
    outer loop
      vertex 17 9.2 14.3592
      vertex 0.581433 9.2 1.59748
      vertex 0.439992 9.2 1.64207
    endloop
  endfacet
  facet normal 0 1 0
    outer loop
      vertex 17 9.2 14.3592
      vertex 0.718451 9.2 1.54072
      vertex 0.581433 9.2 1.59748
    endloop
  endfacet
  facet normal 0 1 0
    outer loop
      vertex 17 9.2 14.3592
      vertex 0.849999 9.2 1.47224
      vertex 0.718451 9.2 1.54072
    endloop
  endfacet
  facet normal 0 1 0
    outer loop
      vertex 17 9.2 14.3592
      vertex 0.97508 9.2 1.39256
      vertex 0.849999 9.2 1.47224
    endloop
  endfacet
  facet normal 0 1 0
    outer loop
      vertex 17 9.2 14.3592
      vertex 1.09274 9.2 1.30227
      vertex 0.97508 9.2 1.39256
    endloop
  endfacet
  facet normal 0 1 0
    outer loop
      vertex 17 9.2 14.3592
      vertex 1.20208 9.2 1.20208
      vertex 1.09274 9.2 1.30227
    endloop
  endfacet
  facet normal 0 1 0
    outer loop
      vertex 17 9.2 14.3592
      vertex 1.30227 9.2 1.09274
      vertex 1.20208 9.2 1.20208
    endloop
  endfacet
  facet normal 0 1 0
    outer loop
      vertex 17 9.2 14.3592
      vertex 1.39256 9.2 0.97508
      vertex 1.30227 9.2 1.09274
    endloop
  endfacet
  facet normal 0 1 0
    outer loop
      vertex 17 9.2 14.3592
      vertex 1.47224 9.2 0.849999
      vertex 1.39256 9.2 0.97508
    endloop
  endfacet
  facet normal 0 1 0
    outer loop
      vertex 17 9.2 14.3592
      vertex 1.54072 9.2 0.718451
      vertex 1.47224 9.2 0.849999
    endloop
  endfacet
  facet normal 0 1 0
    outer loop
      vertex 17 9.2 14.3592
      vertex 1.59748 9.2 0.581433
      vertex 1.54072 9.2 0.718451
    endloop
  endfacet
  facet normal 0 1 0
    outer loop
      vertex 17 9.2 14.3592
      vertex 1.64207 9.2 0.439992
      vertex 1.59748 9.2 0.581433
    endloop
  endfacet
  facet normal 0 1 0
    outer loop
      vertex 17 9.2 14.3592
      vertex 1.67417 9.2 0.295201
      vertex 1.64207 9.2 0.439992
    endloop
  endfacet
  facet normal 0 1 0
    outer loop
      vertex 17 9.2 14.3592
      vertex 1.69353 9.2 0.148165
      vertex 1.67417 9.2 0.295201
    endloop
  endfacet
  facet normal 0 1 0
    outer loop
      vertex 17 9.2 14.3592
      vertex 1.7 9.2 0
      vertex 1.69353 9.2 0.148165
    endloop
  endfacet
  facet normal 0 1 0
    outer loop
      vertex 17 9.2 14.3592
      vertex 1.69353 9.2 -0.148166
      vertex 1.7 9.2 0
    endloop
  endfacet
  facet normal 0 1 -0
    outer loop
      vertex 17 9.2 -18
      vertex 1.69353 9.2 -0.148166
      vertex 17 9.2 14.3592
    endloop
  endfacet
  facet normal 0 1 0
    outer loop
      vertex 1.69353 9.2 -0.148166
      vertex 17 9.2 -18
      vertex 1.67417 9.2 -0.295202
    endloop
  endfacet
  facet normal 0 1 0
    outer loop
      vertex 1.67417 9.2 -0.295202
      vertex 17 9.2 -18
      vertex 1.64207 9.2 -0.439993
    endloop
  endfacet
  facet normal 0 1 0
    outer loop
      vertex 1.64207 9.2 -0.439993
      vertex 17 9.2 -18
      vertex 1.59748 9.2 -0.581434
    endloop
  endfacet
  facet normal 0 1 0
    outer loop
      vertex 1.59748 9.2 -0.581434
      vertex 17 9.2 -18
      vertex 1.54072 9.2 -0.718451
    endloop
  endfacet
  facet normal 0 1 0
    outer loop
      vertex 1.54072 9.2 -0.718451
      vertex 17 9.2 -18
      vertex 1.47224 9.2 -0.85
    endloop
  endfacet
  facet normal 0 1 0
    outer loop
      vertex 1.47224 9.2 -0.85
      vertex 17 9.2 -18
      vertex 1.39256 9.2 -0.97508
    endloop
  endfacet
  facet normal 0 1 0
    outer loop
      vertex 1.39256 9.2 -0.97508
      vertex 17 9.2 -18
      vertex 1.30227 9.2 -1.09274
    endloop
  endfacet
  facet normal 0 1 0
    outer loop
      vertex 0.148165 9.2 -1.69353
      vertex 17 9.2 -18
      vertex 0 9.2 -1.7
    endloop
  endfacet
  facet normal 0 1 0
    outer loop
      vertex 0.295201 9.2 -1.67417
      vertex 17 9.2 -18
      vertex 0.148165 9.2 -1.69353
    endloop
  endfacet
  facet normal 0 1 0
    outer loop
      vertex 0.439992 9.2 -1.64207
      vertex 17 9.2 -18
      vertex 0.295201 9.2 -1.67417
    endloop
  endfacet
  facet normal 0 1 0
    outer loop
      vertex 0.581433 9.2 -1.59748
      vertex 17 9.2 -18
      vertex 0.439992 9.2 -1.64207
    endloop
  endfacet
  facet normal 0 1 0
    outer loop
      vertex 0.718451 9.2 -1.54072
      vertex 17 9.2 -18
      vertex 0.581433 9.2 -1.59748
    endloop
  endfacet
  facet normal 0 1 0
    outer loop
      vertex 0.849999 9.2 -1.47224
      vertex 17 9.2 -18
      vertex 0.718451 9.2 -1.54072
    endloop
  endfacet
  facet normal 0 1 0
    outer loop
      vertex 0.97508 9.2 -1.39256
      vertex 17 9.2 -18
      vertex 0.849999 9.2 -1.47224
    endloop
  endfacet
  facet normal 0 1 0
    outer loop
      vertex 1.09274 9.2 -1.30228
      vertex 17 9.2 -18
      vertex 0.97508 9.2 -1.39256
    endloop
  endfacet
  facet normal 0 1 0
    outer loop
      vertex 1.20208 9.2 -1.20208
      vertex 17 9.2 -18
      vertex 1.09274 9.2 -1.30228
    endloop
  endfacet
  facet normal 0 1 0
    outer loop
      vertex 1.30227 9.2 -1.09274
      vertex 17 9.2 -18
      vertex 1.20208 9.2 -1.20208
    endloop
  endfacet
  facet normal 0 1 0
    outer loop
      vertex -17.1743 9.2 18.3516
      vertex -17 9.2 14.3592
      vertex -17.3473 9.2 18.3288
    endloop
  endfacet
  facet normal 0 1 0
    outer loop
      vertex -17 9.2 18.3592
      vertex -0.295202 9.2 1.67417
      vertex -17 9.2 14.3592
    endloop
  endfacet
  facet normal 0 1 -0
    outer loop
      vertex -0.439993 9.2 1.64207
      vertex -17 9.2 14.3592
      vertex -0.295202 9.2 1.67417
    endloop
  endfacet
  facet normal 0 1 -0
    outer loop
      vertex -0.581434 9.2 1.59748
      vertex -17 9.2 14.3592
      vertex -0.439993 9.2 1.64207
    endloop
  endfacet
  facet normal 0 1 -0
    outer loop
      vertex -0.718451 9.2 1.54072
      vertex -17 9.2 14.3592
      vertex -0.581434 9.2 1.59748
    endloop
  endfacet
  facet normal 0 1 -0
    outer loop
      vertex -0.85 9.2 1.47224
      vertex -17 9.2 14.3592
      vertex -0.718451 9.2 1.54072
    endloop
  endfacet
  facet normal 0 1 -0
    outer loop
      vertex -0.97508 9.2 1.39256
      vertex -17 9.2 14.3592
      vertex -0.85 9.2 1.47224
    endloop
  endfacet
  facet normal 0 1 -0
    outer loop
      vertex -1.09274 9.2 1.30227
      vertex -17 9.2 14.3592
      vertex -0.97508 9.2 1.39256
    endloop
  endfacet
  facet normal 0 1 -0
    outer loop
      vertex -1.20208 9.2 1.20208
      vertex -17 9.2 14.3592
      vertex -1.09274 9.2 1.30227
    endloop
  endfacet
  facet normal 0 1 -0
    outer loop
      vertex -1.30228 9.2 1.09274
      vertex -17 9.2 14.3592
      vertex -1.20208 9.2 1.20208
    endloop
  endfacet
  facet normal 0 1 -0
    outer loop
      vertex -1.39256 9.2 0.97508
      vertex -17 9.2 14.3592
      vertex -1.30228 9.2 1.09274
    endloop
  endfacet
  facet normal 0 1 -0
    outer loop
      vertex -1.47224 9.2 0.849999
      vertex -17 9.2 14.3592
      vertex -1.39256 9.2 0.97508
    endloop
  endfacet
  facet normal 0 1 -0
    outer loop
      vertex -1.54072 9.2 0.718451
      vertex -17 9.2 14.3592
      vertex -1.47224 9.2 0.849999
    endloop
  endfacet
  facet normal 0 1 -0
    outer loop
      vertex -1.59748 9.2 0.581433
      vertex -17 9.2 14.3592
      vertex -1.54072 9.2 0.718451
    endloop
  endfacet
  facet normal 0 1 -0
    outer loop
      vertex -1.64207 9.2 0.439992
      vertex -17 9.2 14.3592
      vertex -1.59748 9.2 0.581433
    endloop
  endfacet
  facet normal 0 1 -0
    outer loop
      vertex -1.67417 9.2 0.295201
      vertex -17 9.2 14.3592
      vertex -1.64207 9.2 0.439992
    endloop
  endfacet
  facet normal 0 1 -0
    outer loop
      vertex -1.69353 9.2 0.148165
      vertex -17 9.2 14.3592
      vertex -1.67417 9.2 0.295201
    endloop
  endfacet
  facet normal 0 1 -0
    outer loop
      vertex -1.7 9.2 0
      vertex -17 9.2 14.3592
      vertex -1.69353 9.2 0.148165
    endloop
  endfacet
  facet normal 0 1 0
    outer loop
      vertex -1.69353 9.2 -0.148166
      vertex -17 9.2 14.3592
      vertex -1.7 9.2 0
    endloop
  endfacet
  facet normal 0 1 0
    outer loop
      vertex -17 9.2 -18
      vertex -1.69353 9.2 -0.148166
      vertex -1.67417 9.2 -0.295202
    endloop
  endfacet
  facet normal 0 1 0
    outer loop
      vertex -17 9.2 -18
      vertex -1.67417 9.2 -0.295202
      vertex -1.64207 9.2 -0.439993
    endloop
  endfacet
  facet normal 0 1 0
    outer loop
      vertex -17 9.2 -18
      vertex -1.64207 9.2 -0.439993
      vertex -1.59748 9.2 -0.581434
    endloop
  endfacet
  facet normal 0 1 0
    outer loop
      vertex -17 9.2 -18
      vertex -1.59748 9.2 -0.581434
      vertex -1.54072 9.2 -0.718451
    endloop
  endfacet
  facet normal 0 1 0
    outer loop
      vertex -17 9.2 -18
      vertex -1.54072 9.2 -0.718451
      vertex -1.47224 9.2 -0.85
    endloop
  endfacet
  facet normal 0 1 0
    outer loop
      vertex -17 9.2 -18
      vertex -1.47224 9.2 -0.85
      vertex -1.39256 9.2 -0.97508
    endloop
  endfacet
  facet normal 0 1 0
    outer loop
      vertex -17 9.2 -18
      vertex -1.39256 9.2 -0.97508
      vertex -1.30228 9.2 -1.09274
    endloop
  endfacet
  facet normal 0 1 0
    outer loop
      vertex -17 9.2 -18
      vertex -1.30228 9.2 -1.09274
      vertex -1.20208 9.2 -1.20208
    endloop
  endfacet
  facet normal 0 1 0
    outer loop
      vertex -17 9.2 -18
      vertex 0 9.2 -1.7
      vertex 17 9.2 -18
    endloop
  endfacet
  facet normal 0 1 0
    outer loop
      vertex 0 9.2 -1.7
      vertex -17 9.2 -18
      vertex -0.148166 9.2 -1.69353
    endloop
  endfacet
  facet normal 0 1 0
    outer loop
      vertex -0.148166 9.2 -1.69353
      vertex -17 9.2 -18
      vertex -0.295202 9.2 -1.67417
    endloop
  endfacet
  facet normal 0 1 0
    outer loop
      vertex -0.295202 9.2 -1.67417
      vertex -17 9.2 -18
      vertex -0.439993 9.2 -1.64207
    endloop
  endfacet
  facet normal 0 1 0
    outer loop
      vertex -0.439993 9.2 -1.64207
      vertex -17 9.2 -18
      vertex -0.581434 9.2 -1.59748
    endloop
  endfacet
  facet normal 0 1 0
    outer loop
      vertex -0.581434 9.2 -1.59748
      vertex -17 9.2 -18
      vertex -0.718451 9.2 -1.54072
    endloop
  endfacet
  facet normal 0 1 0
    outer loop
      vertex -0.718451 9.2 -1.54072
      vertex -17 9.2 -18
      vertex -0.85 9.2 -1.47224
    endloop
  endfacet
  facet normal 0 1 0
    outer loop
      vertex -0.85 9.2 -1.47224
      vertex -17 9.2 -18
      vertex -0.97508 9.2 -1.39256
    endloop
  endfacet
  facet normal 0 1 0
    outer loop
      vertex -0.97508 9.2 -1.39256
      vertex -17 9.2 -18
      vertex -1.09274 9.2 -1.30228
    endloop
  endfacet
  facet normal 0 1 0
    outer loop
      vertex -1.69353 9.2 -0.148166
      vertex -17 9.2 -18
      vertex -17 9.2 14.3592
    endloop
  endfacet
  facet normal 0 1 0
    outer loop
      vertex -1.09274 9.2 -1.30228
      vertex -17 9.2 -18
      vertex -1.20208 9.2 -1.20208
    endloop
  endfacet
  facet normal 0 -1 0
    outer loop
      vertex -1.20208 5.2 1.20208
      vertex -15.5354 5.2 15
      vertex -15.5858 5.2 14.945
    endloop
  endfacet
  facet normal 0 -1 0
    outer loop
      vertex -15.5354 5.2 15
      vertex 0 5.2 1.7
      vertex 15.5354 5.2 15
    endloop
  endfacet
  facet normal 0 -1 0
    outer loop
      vertex -1.30228 5.2 1.09274
      vertex -15.5858 5.2 14.945
      vertex -15.7144 5.2 14.8271
    endloop
  endfacet
  facet normal 0 -1 0
    outer loop
      vertex 0.148165 5.2 1.69353
      vertex 15.5354 5.2 15
      vertex 0 5.2 1.7
    endloop
  endfacet
  facet normal 0 -1 0
    outer loop
      vertex -1.39256 5.2 0.97508
      vertex -15.7144 5.2 14.8271
      vertex -15.8528 5.2 14.7209
    endloop
  endfacet
  facet normal 0 -1 0
    outer loop
      vertex 0.295201 5.2 1.67417
      vertex 15.5354 5.2 15
      vertex 0.148165 5.2 1.69353
    endloop
  endfacet
  facet normal 0 -1 0
    outer loop
      vertex -1.47224 5.2 0.849999
      vertex -15.8528 5.2 14.7209
      vertex -16 5.2 14.6272
    endloop
  endfacet
  facet normal 0 -1 0
    outer loop
      vertex 0.439992 5.2 1.64207
      vertex 15.5354 5.2 15
      vertex 0.295201 5.2 1.67417
    endloop
  endfacet
  facet normal 0 -1 0
    outer loop
      vertex -1.54072 5.2 0.718451
      vertex -16 5.2 14.6272
      vertex -16.1548 5.2 14.5466
    endloop
  endfacet
  facet normal 0 -1 0
    outer loop
      vertex 0.581433 5.2 1.59748
      vertex 15.5354 5.2 15
      vertex 0.439992 5.2 1.64207
    endloop
  endfacet
  facet normal 0 -1 0
    outer loop
      vertex -1.59748 5.2 0.581433
      vertex -16.1548 5.2 14.5466
      vertex -16.316 5.2 14.4798
    endloop
  endfacet
  facet normal 0 -1 0
    outer loop
      vertex 0.718451 5.2 1.54072
      vertex 15.5354 5.2 15
      vertex 0.581433 5.2 1.59748
    endloop
  endfacet
  facet normal 0 -1 0
    outer loop
      vertex -1.64207 5.2 0.439992
      vertex -16.316 5.2 14.4798
      vertex -16.4824 5.2 14.4274
    endloop
  endfacet
  facet normal 0 -1 0
    outer loop
      vertex 0.849999 5.2 1.47224
      vertex 15.5354 5.2 15
      vertex 0.718451 5.2 1.54072
    endloop
  endfacet
  facet normal 0 -1 0
    outer loop
      vertex -1.67417 5.2 0.295201
      vertex -16.4824 5.2 14.4274
      vertex -16.6527 5.2 14.3896
    endloop
  endfacet
  facet normal 0 -1 0
    outer loop
      vertex 0.97508 5.2 1.39256
      vertex 15.5354 5.2 15
      vertex 0.849999 5.2 1.47224
    endloop
  endfacet
  facet normal 0 -1 0
    outer loop
      vertex -1.69353 5.2 0.148165
      vertex -16.6527 5.2 14.3896
      vertex -16.8257 5.2 14.3668
    endloop
  endfacet
  facet normal 0 -1 0
    outer loop
      vertex 1.09274 5.2 1.30227
      vertex 15.5354 5.2 15
      vertex 0.97508 5.2 1.39256
    endloop
  endfacet
  facet normal 0 -1 0
    outer loop
      vertex -1.7 5.2 0
      vertex -16.8257 5.2 14.3668
      vertex -17 5.2 14.3592
    endloop
  endfacet
  facet normal 0 -1 0
    outer loop
      vertex 1.20208 5.2 1.20208
      vertex 15.5354 5.2 15
      vertex 1.09274 5.2 1.30227
    endloop
  endfacet
  facet normal 0 -1 -0
    outer loop
      vertex 15.5354 5.2 15
      vertex 1.20208 5.2 1.20208
      vertex 15.5858 5.2 14.945
    endloop
  endfacet
  facet normal 0 -1 0
    outer loop
      vertex -15.5354 5.2 15
      vertex -0.148166 5.2 1.69353
      vertex 0 5.2 1.7
    endloop
  endfacet
  facet normal 0 -1 0
    outer loop
      vertex -15.5354 5.2 15
      vertex -0.295202 5.2 1.67417
      vertex -0.148166 5.2 1.69353
    endloop
  endfacet
  facet normal 0 -1 0
    outer loop
      vertex -15.5354 5.2 15
      vertex -0.439993 5.2 1.64207
      vertex -0.295202 5.2 1.67417
    endloop
  endfacet
  facet normal 0 -1 0
    outer loop
      vertex -15.5354 5.2 15
      vertex -0.581434 5.2 1.59748
      vertex -0.439993 5.2 1.64207
    endloop
  endfacet
  facet normal 0 -1 0
    outer loop
      vertex -15.5354 5.2 15
      vertex -0.718451 5.2 1.54072
      vertex -0.581434 5.2 1.59748
    endloop
  endfacet
  facet normal 0 -1 0
    outer loop
      vertex -15.5354 5.2 15
      vertex -0.85 5.2 1.47224
      vertex -0.718451 5.2 1.54072
    endloop
  endfacet
  facet normal 0 -1 0
    outer loop
      vertex -15.5354 5.2 15
      vertex -0.97508 5.2 1.39256
      vertex -0.85 5.2 1.47224
    endloop
  endfacet
  facet normal 0 -1 0
    outer loop
      vertex -15.5354 5.2 15
      vertex -1.09274 5.2 1.30227
      vertex -0.97508 5.2 1.39256
    endloop
  endfacet
  facet normal 0 -1 0
    outer loop
      vertex -15.5354 5.2 15
      vertex -1.20208 5.2 1.20208
      vertex -1.09274 5.2 1.30227
    endloop
  endfacet
  facet normal 0 -1 0
    outer loop
      vertex -15.5858 5.2 14.945
      vertex -1.30228 5.2 1.09274
      vertex -1.20208 5.2 1.20208
    endloop
  endfacet
  facet normal 0 -1 0
    outer loop
      vertex -15.7144 5.2 14.8271
      vertex -1.39256 5.2 0.97508
      vertex -1.30228 5.2 1.09274
    endloop
  endfacet
  facet normal 0 -1 0
    outer loop
      vertex -15.8528 5.2 14.7209
      vertex -1.47224 5.2 0.849999
      vertex -1.39256 5.2 0.97508
    endloop
  endfacet
  facet normal 0 -1 0
    outer loop
      vertex -16 5.2 14.6272
      vertex -1.54072 5.2 0.718451
      vertex -1.47224 5.2 0.849999
    endloop
  endfacet
  facet normal 0 -1 0
    outer loop
      vertex -16.1548 5.2 14.5466
      vertex -1.59748 5.2 0.581433
      vertex -1.54072 5.2 0.718451
    endloop
  endfacet
  facet normal 0 -1 0
    outer loop
      vertex -16.316 5.2 14.4798
      vertex -1.64207 5.2 0.439992
      vertex -1.59748 5.2 0.581433
    endloop
  endfacet
  facet normal 0 -1 0
    outer loop
      vertex -16.4824 5.2 14.4274
      vertex -1.67417 5.2 0.295201
      vertex -1.64207 5.2 0.439992
    endloop
  endfacet
  facet normal 0 -1 0
    outer loop
      vertex -16.6527 5.2 14.3896
      vertex -1.69353 5.2 0.148165
      vertex -1.67417 5.2 0.295201
    endloop
  endfacet
  facet normal 0 -1 0
    outer loop
      vertex -16.8257 5.2 14.3668
      vertex -1.7 5.2 0
      vertex -1.69353 5.2 0.148165
    endloop
  endfacet
  facet normal 0 -1 0
    outer loop
      vertex -17 5.2 14.3592
      vertex -1.69353 5.2 -0.148166
      vertex -1.7 5.2 0
    endloop
  endfacet
  facet normal 0 -1 0
    outer loop
      vertex -17 5.2 -18
      vertex -1.69353 5.2 -0.148166
      vertex -17 5.2 14.3592
    endloop
  endfacet
  facet normal 0 -1 -0
    outer loop
      vertex -1.69353 5.2 -0.148166
      vertex -17 5.2 -18
      vertex -1.67417 5.2 -0.295202
    endloop
  endfacet
  facet normal 0 -1 -0
    outer loop
      vertex -1.67417 5.2 -0.295202
      vertex -17 5.2 -18
      vertex -1.64207 5.2 -0.439993
    endloop
  endfacet
  facet normal 0 -1 -0
    outer loop
      vertex -1.64207 5.2 -0.439993
      vertex -17 5.2 -18
      vertex -1.59748 5.2 -0.581434
    endloop
  endfacet
  facet normal 0 -1 -0
    outer loop
      vertex -1.59748 5.2 -0.581434
      vertex -17 5.2 -18
      vertex -1.54072 5.2 -0.718451
    endloop
  endfacet
  facet normal 0 -1 -0
    outer loop
      vertex -1.54072 5.2 -0.718451
      vertex -17 5.2 -18
      vertex -1.47224 5.2 -0.85
    endloop
  endfacet
  facet normal 0 -1 -0
    outer loop
      vertex -1.47224 5.2 -0.85
      vertex -17 5.2 -18
      vertex -1.39256 5.2 -0.97508
    endloop
  endfacet
  facet normal 0 -1 -0
    outer loop
      vertex -1.39256 5.2 -0.97508
      vertex -17 5.2 -18
      vertex -1.30228 5.2 -1.09274
    endloop
  endfacet
  facet normal 0 -1 -0
    outer loop
      vertex -0.148166 5.2 -1.69353
      vertex -17 5.2 -18
      vertex 0 5.2 -1.7
    endloop
  endfacet
  facet normal 0 -1 -0
    outer loop
      vertex -0.295202 5.2 -1.67417
      vertex -17 5.2 -18
      vertex -0.148166 5.2 -1.69353
    endloop
  endfacet
  facet normal 0 -1 -0
    outer loop
      vertex -0.439993 5.2 -1.64207
      vertex -17 5.2 -18
      vertex -0.295202 5.2 -1.67417
    endloop
  endfacet
  facet normal 0 -1 -0
    outer loop
      vertex -0.581434 5.2 -1.59748
      vertex -17 5.2 -18
      vertex -0.439993 5.2 -1.64207
    endloop
  endfacet
  facet normal 0 -1 -0
    outer loop
      vertex -0.718451 5.2 -1.54072
      vertex -17 5.2 -18
      vertex -0.581434 5.2 -1.59748
    endloop
  endfacet
  facet normal 0 -1 -0
    outer loop
      vertex -0.85 5.2 -1.47224
      vertex -17 5.2 -18
      vertex -0.718451 5.2 -1.54072
    endloop
  endfacet
  facet normal 0 -1 -0
    outer loop
      vertex -0.97508 5.2 -1.39256
      vertex -17 5.2 -18
      vertex -0.85 5.2 -1.47224
    endloop
  endfacet
  facet normal 0 -1 -0
    outer loop
      vertex -1.09274 5.2 -1.30228
      vertex -17 5.2 -18
      vertex -0.97508 5.2 -1.39256
    endloop
  endfacet
  facet normal 0 -1 -0
    outer loop
      vertex -1.20208 5.2 -1.20208
      vertex -17 5.2 -18
      vertex -1.09274 5.2 -1.30228
    endloop
  endfacet
  facet normal 0 -1 -0
    outer loop
      vertex -1.30228 5.2 -1.09274
      vertex -17 5.2 -18
      vertex -1.20208 5.2 -1.20208
    endloop
  endfacet
  facet normal 0 -1 0
    outer loop
      vertex 1.30227 5.2 1.09274
      vertex 15.5858 5.2 14.945
      vertex 1.20208 5.2 1.20208
    endloop
  endfacet
  facet normal 0 -1 -0
    outer loop
      vertex 15.5858 5.2 14.945
      vertex 1.30227 5.2 1.09274
      vertex 15.7144 5.2 14.8271
    endloop
  endfacet
  facet normal 0 -1 0
    outer loop
      vertex 1.39256 5.2 0.97508
      vertex 15.7144 5.2 14.8271
      vertex 1.30227 5.2 1.09274
    endloop
  endfacet
  facet normal 0 -1 -0
    outer loop
      vertex 15.7144 5.2 14.8271
      vertex 1.39256 5.2 0.97508
      vertex 15.8528 5.2 14.7209
    endloop
  endfacet
  facet normal 0 -1 0
    outer loop
      vertex 1.47224 5.2 0.849999
      vertex 15.8528 5.2 14.7209
      vertex 1.39256 5.2 0.97508
    endloop
  endfacet
  facet normal 0 -1 -0
    outer loop
      vertex 15.8528 5.2 14.7209
      vertex 1.47224 5.2 0.849999
      vertex 16 5.2 14.6272
    endloop
  endfacet
  facet normal 0 -1 0
    outer loop
      vertex 1.54072 5.2 0.718451
      vertex 16 5.2 14.6272
      vertex 1.47224 5.2 0.849999
    endloop
  endfacet
  facet normal 0 -1 -0
    outer loop
      vertex 16 5.2 14.6272
      vertex 1.54072 5.2 0.718451
      vertex 16.1548 5.2 14.5466
    endloop
  endfacet
  facet normal 0 -1 0
    outer loop
      vertex 1.59748 5.2 0.581433
      vertex 16.1548 5.2 14.5466
      vertex 1.54072 5.2 0.718451
    endloop
  endfacet
  facet normal 0 -1 -0
    outer loop
      vertex 16.1548 5.2 14.5466
      vertex 1.59748 5.2 0.581433
      vertex 16.316 5.2 14.4798
    endloop
  endfacet
  facet normal 0 -1 0
    outer loop
      vertex 1.64207 5.2 0.439992
      vertex 16.316 5.2 14.4798
      vertex 1.59748 5.2 0.581433
    endloop
  endfacet
  facet normal 0 -1 -0
    outer loop
      vertex 16.316 5.2 14.4798
      vertex 1.64207 5.2 0.439992
      vertex 16.4824 5.2 14.4274
    endloop
  endfacet
  facet normal 0 -1 0
    outer loop
      vertex 1.67417 5.2 0.295201
      vertex 16.4824 5.2 14.4274
      vertex 1.64207 5.2 0.439992
    endloop
  endfacet
  facet normal 0 -1 -0
    outer loop
      vertex 16.4824 5.2 14.4274
      vertex 1.67417 5.2 0.295201
      vertex 16.6527 5.2 14.3896
    endloop
  endfacet
  facet normal 0 -1 0
    outer loop
      vertex 1.69353 5.2 0.148165
      vertex 16.6527 5.2 14.3896
      vertex 1.67417 5.2 0.295201
    endloop
  endfacet
  facet normal 0 -1 -0
    outer loop
      vertex 16.6527 5.2 14.3896
      vertex 1.69353 5.2 0.148165
      vertex 16.8257 5.2 14.3668
    endloop
  endfacet
  facet normal 0 -1 0
    outer loop
      vertex 1.7 5.2 0
      vertex 16.8257 5.2 14.3668
      vertex 1.69353 5.2 0.148165
    endloop
  endfacet
  facet normal 0 -1 -0
    outer loop
      vertex 16.8257 5.2 14.3668
      vertex 1.7 5.2 0
      vertex 17 5.2 14.3592
    endloop
  endfacet
  facet normal 0 -1 0
    outer loop
      vertex 1.69353 5.2 -0.148166
      vertex 17 5.2 14.3592
      vertex 1.7 5.2 0
    endloop
  endfacet
  facet normal 0 -1 0
    outer loop
      vertex 17 5.2 -18
      vertex 1.69353 5.2 -0.148166
      vertex 1.67417 5.2 -0.295202
    endloop
  endfacet
  facet normal 0 -1 0
    outer loop
      vertex 17 5.2 -18
      vertex 1.67417 5.2 -0.295202
      vertex 1.64207 5.2 -0.439993
    endloop
  endfacet
  facet normal 0 -1 0
    outer loop
      vertex 17 5.2 -18
      vertex 1.64207 5.2 -0.439993
      vertex 1.59748 5.2 -0.581434
    endloop
  endfacet
  facet normal 0 -1 0
    outer loop
      vertex 17 5.2 -18
      vertex 1.59748 5.2 -0.581434
      vertex 1.54072 5.2 -0.718451
    endloop
  endfacet
  facet normal 0 -1 0
    outer loop
      vertex 17 5.2 -18
      vertex 1.54072 5.2 -0.718451
      vertex 1.47224 5.2 -0.85
    endloop
  endfacet
  facet normal 0 -1 0
    outer loop
      vertex 17 5.2 -18
      vertex 1.47224 5.2 -0.85
      vertex 1.39256 5.2 -0.97508
    endloop
  endfacet
  facet normal 0 -1 0
    outer loop
      vertex 17 5.2 -18
      vertex 1.39256 5.2 -0.97508
      vertex 1.30227 5.2 -1.09274
    endloop
  endfacet
  facet normal 0 -1 0
    outer loop
      vertex 17 5.2 -18
      vertex 1.30227 5.2 -1.09274
      vertex 1.20208 5.2 -1.20208
    endloop
  endfacet
  facet normal 0 -1 0
    outer loop
      vertex 17 5.2 -18
      vertex 0 5.2 -1.7
      vertex -17 5.2 -18
    endloop
  endfacet
  facet normal 0 -1 0
    outer loop
      vertex 0 5.2 -1.7
      vertex 17 5.2 -18
      vertex 0.148165 5.2 -1.69353
    endloop
  endfacet
  facet normal 0 -1 0
    outer loop
      vertex 0.148165 5.2 -1.69353
      vertex 17 5.2 -18
      vertex 0.295201 5.2 -1.67417
    endloop
  endfacet
  facet normal 0 -1 0
    outer loop
      vertex 0.295201 5.2 -1.67417
      vertex 17 5.2 -18
      vertex 0.439992 5.2 -1.64207
    endloop
  endfacet
  facet normal 0 -1 0
    outer loop
      vertex 0.439992 5.2 -1.64207
      vertex 17 5.2 -18
      vertex 0.581433 5.2 -1.59748
    endloop
  endfacet
  facet normal 0 -1 0
    outer loop
      vertex 0.581433 5.2 -1.59748
      vertex 17 5.2 -18
      vertex 0.718451 5.2 -1.54072
    endloop
  endfacet
  facet normal 0 -1 0
    outer loop
      vertex 0.718451 5.2 -1.54072
      vertex 17 5.2 -18
      vertex 0.849999 5.2 -1.47224
    endloop
  endfacet
  facet normal 0 -1 0
    outer loop
      vertex 0.849999 5.2 -1.47224
      vertex 17 5.2 -18
      vertex 0.97508 5.2 -1.39256
    endloop
  endfacet
  facet normal 0 -1 0
    outer loop
      vertex 0.97508 5.2 -1.39256
      vertex 17 5.2 -18
      vertex 1.09274 5.2 -1.30228
    endloop
  endfacet
  facet normal 0 -1 0
    outer loop
      vertex 1.69353 5.2 -0.148166
      vertex 17 5.2 -18
      vertex 17 5.2 14.3592
    endloop
  endfacet
  facet normal 0 -1 0
    outer loop
      vertex 1.09274 5.2 -1.30228
      vertex 17 5.2 -18
      vertex 1.20208 5.2 -1.20208
    endloop
  endfacet
  facet normal -0.216141 0 0.976362
    outer loop
      vertex -17.5176 9.2 18.2911
      vertex -17.3473 -9.2 18.3288
      vertex -17.3473 9.2 18.3288
    endloop
  endfacet
  facet normal -0.216141 0 0.976362
    outer loop
      vertex -17.3473 -9.2 18.3288
      vertex -17.5176 9.2 18.2911
      vertex -17.5176 -9.2 18.2911
    endloop
  endfacet
  facet normal 0.737265 0 -0.675603
    outer loop
      vertex -15.5354 -5.2 15
      vertex -15.5858 5.2 14.945
      vertex -15.5354 5.2 15
    endloop
  endfacet
  facet normal 0.737265 0 -0.675603
    outer loop
      vertex -15.5858 5.2 14.945
      vertex -15.5354 -5.2 15
      vertex -15.5858 -5.2 14.945
    endloop
  endfacet
  facet normal -0.216688 0 -0.976241
    outer loop
      vertex -17.5176 -9.2 14.4274
      vertex -17.3473 9.2 14.3896
      vertex -17.3473 -9.2 14.3896
    endloop
  endfacet
  facet normal -0.216688 0 -0.976241
    outer loop
      vertex -17.3473 9.2 14.3896
      vertex -17.5176 -9.2 14.4274
      vertex -17.5176 9.2 14.4274
    endloop
  endfacet
  facet normal -0.991427 0 -0.130662
    outer loop
      vertex -18.9696 -9.2 16.0119
      vertex -18.9924 9.2 16.1849
      vertex -18.9696 9.2 16.0119
    endloop
  endfacet
  facet normal -0.991427 -0 -0.130662
    outer loop
      vertex -18.9924 9.2 16.1849
      vertex -18.9696 -9.2 16.0119
      vertex -18.9924 -9.2 16.1849
    endloop
  endfacet
  facet normal -0.953661 0 0.300885
    outer loop
      vertex -18.9319 -9.2 16.8768
      vertex -18.8794 9.2 17.0432
      vertex -18.9319 9.2 16.8768
    endloop
  endfacet
  facet normal -0.953661 0 0.300885
    outer loop
      vertex -18.8794 9.2 17.0432
      vertex -18.9319 -9.2 16.8768
      vertex -18.8794 -9.2 17.0432
    endloop
  endfacet
  facet normal -0.0435616 0 0.999051
    outer loop
      vertex -17.1743 9.2 18.3516
      vertex -17 -9.2 18.3592
      vertex -17 9.2 18.3592
    endloop
  endfacet
  facet normal -0.0435616 0 0.999051
    outer loop
      vertex -17 -9.2 18.3592
      vertex -17.1743 9.2 18.3516
      vertex -17.1743 -9.2 18.3516
    endloop
  endfacet
  facet normal -0.675777 0 0.737107
    outer loop
      vertex -18.4142 9.2 17.7734
      vertex -18.2856 -9.2 17.8913
      vertex -18.2856 9.2 17.8913
    endloop
  endfacet
  facet normal -0.675777 0 0.737107
    outer loop
      vertex -18.2856 -9.2 17.8913
      vertex -18.4142 9.2 17.7734
      vertex -18.4142 -9.2 17.7734
    endloop
  endfacet
  facet normal -0.608768 0 0.793348
    outer loop
      vertex -18.2856 9.2 17.8913
      vertex -18.1472 -9.2 17.9975
      vertex -18.1472 9.2 17.9975
    endloop
  endfacet
  facet normal -0.608768 0 0.793348
    outer loop
      vertex -18.1472 -9.2 17.9975
      vertex -18.2856 9.2 17.8913
      vertex -18.2856 -9.2 17.8913
    endloop
  endfacet
  facet normal -0.300885 0 0.953661
    outer loop
      vertex -17.684 9.2 18.2386
      vertex -17.5176 -9.2 18.2911
      vertex -17.5176 9.2 18.2911
    endloop
  endfacet
  facet normal -0.300885 0 0.953661
    outer loop
      vertex -17.5176 -9.2 18.2911
      vertex -17.684 9.2 18.2386
      vertex -17.684 -9.2 18.2386
    endloop
  endfacet
  facet normal -0.923821 0 0.382824
    outer loop
      vertex -18.8794 -9.2 17.0432
      vertex -18.8126 9.2 17.2044
      vertex -18.8794 9.2 17.0432
    endloop
  endfacet
  facet normal -0.923821 0 0.382824
    outer loop
      vertex -18.8126 9.2 17.2044
      vertex -18.8794 -9.2 17.0432
      vertex -18.8126 -9.2 17.2044
    endloop
  endfacet
  facet normal -0.887207 0 -0.461371
    outer loop
      vertex -18.7321 -9.2 15.3592
      vertex -18.8126 9.2 15.514
      vertex -18.7321 9.2 15.3592
    endloop
  endfacet
  facet normal -0.887207 -0 -0.461371
    outer loop
      vertex -18.8126 9.2 15.514
      vertex -18.7321 -9.2 15.3592
      vertex -18.8126 -9.2 15.514
    endloop
  endfacet
  facet normal -0.382824 0 -0.923821
    outer loop
      vertex -17.8452 -9.2 14.5466
      vertex -17.684 9.2 14.4798
      vertex -17.684 -9.2 14.4798
    endloop
  endfacet
  facet normal -0.382824 0 -0.923821
    outer loop
      vertex -17.684 9.2 14.4798
      vertex -17.8452 -9.2 14.5466
      vertex -17.8452 9.2 14.5466
    endloop
  endfacet
  facet normal 0.382824 0 -0.923821
    outer loop
      vertex -16.316 -5.2 14.4798
      vertex -16.1548 5.2 14.5466
      vertex -16.1548 -5.2 14.5466
    endloop
  endfacet
  facet normal 0.382824 0 -0.923821
    outer loop
      vertex -16.1548 5.2 14.5466
      vertex -16.316 -5.2 14.4798
      vertex -16.316 5.2 14.4798
    endloop
  endfacet
  facet normal 0.0435616 0 -0.999051
    outer loop
      vertex -17 -5.2 14.3592
      vertex -16.8257 5.2 14.3668
      vertex -16.8257 -5.2 14.3668
    endloop
  endfacet
  facet normal 0.0435616 0 -0.999051
    outer loop
      vertex -16.8257 5.2 14.3668
      vertex -17 -5.2 14.3592
      vertex -17 5.2 14.3592
    endloop
  endfacet
  facet normal -0.300363 0 -0.953825
    outer loop
      vertex -17.684 -9.2 14.4798
      vertex -17.5176 9.2 14.4274
      vertex -17.5176 -9.2 14.4274
    endloop
  endfacet
  facet normal -0.300363 0 -0.953825
    outer loop
      vertex -17.5176 9.2 14.4274
      vertex -17.684 -9.2 14.4798
      vertex -17.684 9.2 14.4798
    endloop
  endfacet
  facet normal -0.536987 0 -0.843591
    outer loop
      vertex -18.1472 -9.2 14.7209
      vertex -18 9.2 14.6272
      vertex -18 -9.2 14.6272
    endloop
  endfacet
  facet normal -0.536987 0 -0.843591
    outer loop
      vertex -18 9.2 14.6272
      vertex -18.1472 -9.2 14.7209
      vertex -18.1472 9.2 14.7209
    endloop
  endfacet
  facet normal 0.216688 0 -0.976241
    outer loop
      vertex -16.6527 -5.2 14.3896
      vertex -16.4824 5.2 14.4274
      vertex -16.4824 -5.2 14.4274
    endloop
  endfacet
  facet normal 0.216688 0 -0.976241
    outer loop
      vertex -16.4824 5.2 14.4274
      vertex -16.6527 -5.2 14.3896
      vertex -16.6527 5.2 14.3896
    endloop
  endfacet
  facet normal -0.976362 0 -0.216141
    outer loop
      vertex -18.9319 -9.2 15.8416
      vertex -18.9696 9.2 16.0119
      vertex -18.9319 9.2 15.8416
    endloop
  endfacet
  facet normal -0.976362 -0 -0.216141
    outer loop
      vertex -18.9696 9.2 16.0119
      vertex -18.9319 -9.2 15.8416
      vertex -18.9696 -9.2 16.0119
    endloop
  endfacet
  facet normal -0.843165 0 -0.537654
    outer loop
      vertex -18.6383 -9.2 15.2121
      vertex -18.7321 9.2 15.3592
      vertex -18.6383 9.2 15.2121
    endloop
  endfacet
  facet normal -0.843165 -0 -0.537654
    outer loop
      vertex -18.7321 9.2 15.3592
      vertex -18.6383 -9.2 15.2121
      vertex -18.7321 -9.2 15.3592
    endloop
  endfacet
  facet normal 0.536987 0 -0.843591
    outer loop
      vertex -16 -5.2 14.6272
      vertex -15.8528 5.2 14.7209
      vertex -15.8528 -5.2 14.7209
    endloop
  endfacet
  facet normal 0.536987 0 -0.843591
    outer loop
      vertex -15.8528 5.2 14.7209
      vertex -16 -5.2 14.6272
      vertex -16 5.2 14.6272
    endloop
  endfacet
  facet normal -0.461822 0 -0.886973
    outer loop
      vertex -18 -9.2 14.6272
      vertex -17.8452 9.2 14.5466
      vertex -17.8452 -9.2 14.5466
    endloop
  endfacet
  facet normal -0.461822 0 -0.886973
    outer loop
      vertex -17.8452 9.2 14.5466
      vertex -18 -9.2 14.6272
      vertex -18 9.2 14.6272
    endloop
  endfacet
  facet normal -0.675777 0 -0.737107
    outer loop
      vertex -18.4142 -9.2 14.945
      vertex -18.2856 9.2 14.8271
      vertex -18.2856 -9.2 14.8271
    endloop
  endfacet
  facet normal -0.675777 0 -0.737107
    outer loop
      vertex -18.2856 9.2 14.8271
      vertex -18.4142 -9.2 14.945
      vertex -18.4142 9.2 14.945
    endloop
  endfacet
  facet normal 0.130662 0 -0.991427
    outer loop
      vertex -16.8257 -5.2 14.3668
      vertex -16.6527 5.2 14.3896
      vertex -16.6527 -5.2 14.3896
    endloop
  endfacet
  facet normal 0.130662 0 -0.991427
    outer loop
      vertex -16.6527 5.2 14.3896
      vertex -16.8257 -5.2 14.3668
      vertex -16.8257 5.2 14.3668
    endloop
  endfacet
  facet normal -0.382824 0 0.923821
    outer loop
      vertex -17.8452 9.2 18.1718
      vertex -17.684 -9.2 18.2386
      vertex -17.684 9.2 18.2386
    endloop
  endfacet
  facet normal -0.382824 0 0.923821
    outer loop
      vertex -17.684 -9.2 18.2386
      vertex -17.8452 9.2 18.1718
      vertex -17.8452 -9.2 18.1718
    endloop
  endfacet
  facet normal 0.675777 0 -0.737107
    outer loop
      vertex -15.7144 -5.2 14.8271
      vertex -15.5858 5.2 14.945
      vertex -15.5858 -5.2 14.945
    endloop
  endfacet
  facet normal 0.675777 0 -0.737107
    outer loop
      vertex -15.5858 5.2 14.945
      vertex -15.7144 -5.2 14.8271
      vertex -15.7144 5.2 14.8271
    endloop
  endfacet
  facet normal -0.999051 0 0.0435616
    outer loop
      vertex -19 -9.2 16.3592
      vertex -18.9924 9.2 16.5335
      vertex -19 9.2 16.3592
    endloop
  endfacet
  facet normal -0.999051 0 0.0435616
    outer loop
      vertex -18.9924 9.2 16.5335
      vertex -19 -9.2 16.3592
      vertex -18.9924 -9.2 16.5335
    endloop
  endfacet
  facet normal -0.843331 0 0.537394
    outer loop
      vertex -18.7321 -9.2 17.3592
      vertex -18.6383 9.2 17.5064
      vertex -18.7321 9.2 17.3592
    endloop
  endfacet
  facet normal -0.843331 0 0.537394
    outer loop
      vertex -18.6383 9.2 17.5064
      vertex -18.7321 -9.2 17.3592
      vertex -18.6383 -9.2 17.5064
    endloop
  endfacet
  facet normal -0.976362 0 0.216141
    outer loop
      vertex -18.9696 -9.2 16.7065
      vertex -18.9319 9.2 16.8768
      vertex -18.9696 9.2 16.7065
    endloop
  endfacet
  facet normal -0.976362 0 0.216141
    outer loop
      vertex -18.9319 9.2 16.8768
      vertex -18.9696 -9.2 16.7065
      vertex -18.9319 -9.2 16.8768
    endloop
  endfacet
  facet normal -0.130662 0 -0.991427
    outer loop
      vertex -17.3473 -9.2 14.3896
      vertex -17.1743 9.2 14.3668
      vertex -17.1743 -9.2 14.3668
    endloop
  endfacet
  facet normal -0.130662 0 -0.991427
    outer loop
      vertex -17.1743 9.2 14.3668
      vertex -17.3473 -9.2 14.3896
      vertex -17.3473 9.2 14.3896
    endloop
  endfacet
  facet normal -0.130662 0 0.991427
    outer loop
      vertex -17.3473 9.2 18.3288
      vertex -17.1743 -9.2 18.3516
      vertex -17.1743 9.2 18.3516
    endloop
  endfacet
  facet normal -0.130662 0 0.991427
    outer loop
      vertex -17.1743 -9.2 18.3516
      vertex -17.3473 9.2 18.3288
      vertex -17.3473 -9.2 18.3288
    endloop
  endfacet
  facet normal -0.923821 0 -0.382824
    outer loop
      vertex -18.8126 -9.2 15.514
      vertex -18.8794 9.2 15.6752
      vertex -18.8126 9.2 15.514
    endloop
  endfacet
  facet normal -0.923821 -0 -0.382824
    outer loop
      vertex -18.8794 9.2 15.6752
      vertex -18.8126 -9.2 15.514
      vertex -18.8794 -9.2 15.6752
    endloop
  endfacet
  facet normal -0.737107 0 0.675777
    outer loop
      vertex -18.5321 -9.2 17.6448
      vertex -18.4142 9.2 17.7734
      vertex -18.5321 9.2 17.6448
    endloop
  endfacet
  facet normal -0.737107 0 0.675777
    outer loop
      vertex -18.4142 9.2 17.7734
      vertex -18.5321 -9.2 17.6448
      vertex -18.4142 -9.2 17.7734
    endloop
  endfacet
  facet normal 0.300363 0 -0.953825
    outer loop
      vertex -16.4824 -5.2 14.4274
      vertex -16.316 5.2 14.4798
      vertex -16.316 -5.2 14.4798
    endloop
  endfacet
  facet normal 0.300363 0 -0.953825
    outer loop
      vertex -16.316 5.2 14.4798
      vertex -16.4824 -5.2 14.4274
      vertex -16.4824 5.2 14.4274
    endloop
  endfacet
  facet normal -0.953661 0 -0.300885
    outer loop
      vertex -18.8794 -9.2 15.6752
      vertex -18.9319 9.2 15.8416
      vertex -18.8794 9.2 15.6752
    endloop
  endfacet
  facet normal -0.953661 -0 -0.300885
    outer loop
      vertex -18.9319 9.2 15.8416
      vertex -18.8794 -9.2 15.6752
      vertex -18.9319 -9.2 15.8416
    endloop
  endfacet
  facet normal -0.991427 0 0.130662
    outer loop
      vertex -18.9924 -9.2 16.5335
      vertex -18.9696 9.2 16.7065
      vertex -18.9924 9.2 16.5335
    endloop
  endfacet
  facet normal -0.991427 0 0.130662
    outer loop
      vertex -18.9696 9.2 16.7065
      vertex -18.9924 -9.2 16.5335
      vertex -18.9696 -9.2 16.7065
    endloop
  endfacet
  facet normal -0.887207 0 0.461371
    outer loop
      vertex -18.8126 -9.2 17.2044
      vertex -18.7321 9.2 17.3592
      vertex -18.8126 9.2 17.2044
    endloop
  endfacet
  facet normal -0.887207 0 0.461371
    outer loop
      vertex -18.7321 9.2 17.3592
      vertex -18.8126 -9.2 17.2044
      vertex -18.7321 -9.2 17.3592
    endloop
  endfacet
  facet normal -0.461371 0 0.887207
    outer loop
      vertex -18 9.2 18.0913
      vertex -17.8452 -9.2 18.1718
      vertex -17.8452 9.2 18.1718
    endloop
  endfacet
  facet normal -0.461371 0 0.887207
    outer loop
      vertex -17.8452 -9.2 18.1718
      vertex -18 9.2 18.0913
      vertex -18 -9.2 18.0913
    endloop
  endfacet
  facet normal -0.999051 0 -0.0435616
    outer loop
      vertex -18.9924 -9.2 16.1849
      vertex -19 9.2 16.3592
      vertex -18.9924 9.2 16.1849
    endloop
  endfacet
  facet normal -0.999051 -0 -0.0435616
    outer loop
      vertex -19 9.2 16.3592
      vertex -18.9924 -9.2 16.1849
      vertex -19 -9.2 16.3592
    endloop
  endfacet
  facet normal 0.461822 0 -0.886973
    outer loop
      vertex -16.1548 -5.2 14.5466
      vertex -16 5.2 14.6272
      vertex -16 -5.2 14.6272
    endloop
  endfacet
  facet normal 0.461822 0 -0.886973
    outer loop
      vertex -16 5.2 14.6272
      vertex -16.1548 -5.2 14.5466
      vertex -16.1548 5.2 14.5466
    endloop
  endfacet
  facet normal -0.537394 0 0.843331
    outer loop
      vertex -18.1472 9.2 17.9975
      vertex -18 -9.2 18.0913
      vertex -18 9.2 18.0913
    endloop
  endfacet
  facet normal -0.537394 0 0.843331
    outer loop
      vertex -18 -9.2 18.0913
      vertex -18.1472 9.2 17.9975
      vertex -18.1472 -9.2 17.9975
    endloop
  endfacet
  facet normal -0.793348 0 0.608768
    outer loop
      vertex -18.6383 -9.2 17.5064
      vertex -18.5321 9.2 17.6448
      vertex -18.6383 9.2 17.5064
    endloop
  endfacet
  facet normal -0.793348 0 0.608768
    outer loop
      vertex -18.5321 9.2 17.6448
      vertex -18.6383 -9.2 17.5064
      vertex -18.5321 -9.2 17.6448
    endloop
  endfacet
  facet normal -0.79356 0 -0.608492
    outer loop
      vertex -18.5321 -9.2 15.0736
      vertex -18.6383 9.2 15.2121
      vertex -18.5321 9.2 15.0736
    endloop
  endfacet
  facet normal -0.79356 -0 -0.608492
    outer loop
      vertex -18.6383 9.2 15.2121
      vertex -18.5321 -9.2 15.0736
      vertex -18.6383 -9.2 15.2121
    endloop
  endfacet
  facet normal -0.737107 0 -0.675777
    outer loop
      vertex -18.4142 -9.2 14.945
      vertex -18.5321 9.2 15.0736
      vertex -18.4142 9.2 14.945
    endloop
  endfacet
  facet normal -0.737107 -0 -0.675777
    outer loop
      vertex -18.5321 9.2 15.0736
      vertex -18.4142 -9.2 14.945
      vertex -18.5321 -9.2 15.0736
    endloop
  endfacet
  facet normal -0.0435616 0 -0.999051
    outer loop
      vertex -17.1743 -9.2 14.3668
      vertex -17 -5.2 14.3592
      vertex -17 -9.2 14.3592
    endloop
  endfacet
  facet normal -0.0435616 0 -0.999051
    outer loop
      vertex -17 -5.2 14.3592
      vertex -17.1743 -9.2 14.3668
      vertex -17 5.2 14.3592
    endloop
  endfacet
  facet normal -0.0435616 -0 -0.999051
    outer loop
      vertex -17.1743 9.2 14.3668
      vertex -17 5.2 14.3592
      vertex -17.1743 -9.2 14.3668
    endloop
  endfacet
  facet normal -0.0435616 0 -0.999051
    outer loop
      vertex -17 5.2 14.3592
      vertex -17.1743 9.2 14.3668
      vertex -17 9.2 14.3592
    endloop
  endfacet
  facet normal 0.608768 0 -0.793348
    outer loop
      vertex -15.8528 -5.2 14.7209
      vertex -15.7144 5.2 14.8271
      vertex -15.7144 -5.2 14.8271
    endloop
  endfacet
  facet normal 0.608768 0 -0.793348
    outer loop
      vertex -15.7144 5.2 14.8271
      vertex -15.8528 -5.2 14.7209
      vertex -15.8528 5.2 14.7209
    endloop
  endfacet
  facet normal -0.608768 0 -0.793348
    outer loop
      vertex -18.2856 -9.2 14.8271
      vertex -18.1472 9.2 14.7209
      vertex -18.1472 -9.2 14.7209
    endloop
  endfacet
  facet normal -0.608768 0 -0.793348
    outer loop
      vertex -18.1472 9.2 14.7209
      vertex -18.2856 -9.2 14.8271
      vertex -18.2856 9.2 14.8271
    endloop
  endfacet
  facet normal 0.999051 -0 0.0435616
    outer loop
      vertex 18.9924 -9.2 16.5335
      vertex 19 9.2 16.3592
      vertex 18.9924 9.2 16.5335
    endloop
  endfacet
  facet normal 0.999051 0 0.0435616
    outer loop
      vertex 19 9.2 16.3592
      vertex 18.9924 -9.2 16.5335
      vertex 19 -9.2 16.3592
    endloop
  endfacet
  facet normal 0.793348 -0 0.608768
    outer loop
      vertex 18.5321 -9.2 17.6448
      vertex 18.6383 9.2 17.5064
      vertex 18.5321 9.2 17.6448
    endloop
  endfacet
  facet normal 0.793348 0 0.608768
    outer loop
      vertex 18.6383 9.2 17.5064
      vertex 18.5321 -9.2 17.6448
      vertex 18.6383 -9.2 17.5064
    endloop
  endfacet
  facet normal 0.843425 0 -0.537246
    outer loop
      vertex 18.732 -9.2 15.3592
      vertex 18.6383 9.2 15.2121
      vertex 18.732 9.2 15.3592
    endloop
  endfacet
  facet normal 0.843425 0 -0.537246
    outer loop
      vertex 18.6383 9.2 15.2121
      vertex 18.732 -9.2 15.3592
      vertex 18.6383 -9.2 15.2121
    endloop
  endfacet
  facet normal 0.130662 0 0.991427
    outer loop
      vertex 17.1743 9.2 18.3516
      vertex 17.3473 -9.2 18.3288
      vertex 17.3473 9.2 18.3288
    endloop
  endfacet
  facet normal 0.130662 0 0.991427
    outer loop
      vertex 17.3473 -9.2 18.3288
      vertex 17.1743 9.2 18.3516
      vertex 17.1743 -9.2 18.3516
    endloop
  endfacet
  facet normal 0.991427 0 -0.130662
    outer loop
      vertex 18.9924 -9.2 16.1849
      vertex 18.9696 9.2 16.0119
      vertex 18.9924 9.2 16.1849
    endloop
  endfacet
  facet normal 0.991427 0 -0.130662
    outer loop
      vertex 18.9696 9.2 16.0119
      vertex 18.9924 -9.2 16.1849
      vertex 18.9696 -9.2 16.0119
    endloop
  endfacet
  facet normal 0.130662 0 -0.991427
    outer loop
      vertex 17.1743 -9.2 14.3668
      vertex 17.3473 9.2 14.3896
      vertex 17.3473 -9.2 14.3896
    endloop
  endfacet
  facet normal 0.130662 0 -0.991427
    outer loop
      vertex 17.3473 9.2 14.3896
      vertex 17.1743 -9.2 14.3668
      vertex 17.1743 9.2 14.3668
    endloop
  endfacet
  facet normal 0.991427 -0 0.130662
    outer loop
      vertex 18.9696 -9.2 16.7065
      vertex 18.9924 9.2 16.5335
      vertex 18.9696 9.2 16.7065
    endloop
  endfacet
  facet normal 0.991427 0 0.130662
    outer loop
      vertex 18.9924 9.2 16.5335
      vertex 18.9696 -9.2 16.7065
      vertex 18.9924 -9.2 16.5335
    endloop
  endfacet
  facet normal 0.461371 0 0.887207
    outer loop
      vertex 17.8452 9.2 18.1718
      vertex 18 -9.2 18.0913
      vertex 18 9.2 18.0913
    endloop
  endfacet
  facet normal 0.461371 0 0.887207
    outer loop
      vertex 18 -9.2 18.0913
      vertex 17.8452 9.2 18.1718
      vertex 17.8452 -9.2 18.1718
    endloop
  endfacet
  facet normal 0.923821 -0 0.382824
    outer loop
      vertex 18.8126 -9.2 17.2044
      vertex 18.8794 9.2 17.0432
      vertex 18.8126 9.2 17.2044
    endloop
  endfacet
  facet normal 0.923821 0 0.382824
    outer loop
      vertex 18.8794 9.2 17.0432
      vertex 18.8126 -9.2 17.2044
      vertex 18.8794 -9.2 17.0432
    endloop
  endfacet
  facet normal -0.300363 0 -0.953825
    outer loop
      vertex 16.316 -5.2 14.4798
      vertex 16.4824 5.2 14.4274
      vertex 16.4824 -5.2 14.4274
    endloop
  endfacet
  facet normal -0.300363 0 -0.953825
    outer loop
      vertex 16.4824 5.2 14.4274
      vertex 16.316 -5.2 14.4798
      vertex 16.316 5.2 14.4798
    endloop
  endfacet
  facet normal 0.0435616 0 -0.999051
    outer loop
      vertex 17 -5.2 14.3592
      vertex 17.1743 -9.2 14.3668
      vertex 17 -9.2 14.3592
    endloop
  endfacet
  facet normal 0.0435616 0 -0.999051
    outer loop
      vertex 17.1743 -9.2 14.3668
      vertex 17 -5.2 14.3592
      vertex 17.1743 9.2 14.3668
    endloop
  endfacet
  facet normal 0.0435616 0 -0.999051
    outer loop
      vertex 17 5.2 14.3592
      vertex 17.1743 9.2 14.3668
      vertex 17 -5.2 14.3592
    endloop
  endfacet
  facet normal 0.0435616 0 -0.999051
    outer loop
      vertex 17.1743 9.2 14.3668
      vertex 17 5.2 14.3592
      vertex 17 9.2 14.3592
    endloop
  endfacet
  facet normal 0.675777 0 -0.737107
    outer loop
      vertex 18.2856 -9.2 14.8271
      vertex 18.4142 9.2 14.945
      vertex 18.4142 -9.2 14.945
    endloop
  endfacet
  facet normal 0.675777 0 -0.737107
    outer loop
      vertex 18.4142 9.2 14.945
      vertex 18.2856 -9.2 14.8271
      vertex 18.2856 9.2 14.8271
    endloop
  endfacet
  facet normal 0.300885 0 0.953661
    outer loop
      vertex 17.5176 9.2 18.2911
      vertex 17.684 -9.2 18.2386
      vertex 17.684 9.2 18.2386
    endloop
  endfacet
  facet normal 0.300885 0 0.953661
    outer loop
      vertex 17.684 -9.2 18.2386
      vertex 17.5176 9.2 18.2911
      vertex 17.5176 -9.2 18.2911
    endloop
  endfacet
  facet normal 0.608768 0 0.793348
    outer loop
      vertex 18.1472 9.2 17.9975
      vertex 18.2856 -9.2 17.8913
      vertex 18.2856 9.2 17.8913
    endloop
  endfacet
  facet normal 0.608768 0 0.793348
    outer loop
      vertex 18.2856 -9.2 17.8913
      vertex 18.1472 9.2 17.9975
      vertex 18.1472 -9.2 17.9975
    endloop
  endfacet
  facet normal 0.382824 0 -0.923821
    outer loop
      vertex 17.684 -9.2 14.4798
      vertex 17.8452 9.2 14.5466
      vertex 17.8452 -9.2 14.5466
    endloop
  endfacet
  facet normal 0.382824 0 -0.923821
    outer loop
      vertex 17.8452 9.2 14.5466
      vertex 17.684 -9.2 14.4798
      vertex 17.684 9.2 14.4798
    endloop
  endfacet
  facet normal 0.537394 0 0.843331
    outer loop
      vertex 18 9.2 18.0913
      vertex 18.1472 -9.2 17.9975
      vertex 18.1472 9.2 17.9975
    endloop
  endfacet
  facet normal 0.537394 0 0.843331
    outer loop
      vertex 18.1472 -9.2 17.9975
      vertex 18 9.2 18.0913
      vertex 18 -9.2 18.0913
    endloop
  endfacet
  facet normal -0.216688 0 -0.976241
    outer loop
      vertex 16.4824 -5.2 14.4274
      vertex 16.6527 5.2 14.3896
      vertex 16.6527 -5.2 14.3896
    endloop
  endfacet
  facet normal -0.216688 0 -0.976241
    outer loop
      vertex 16.6527 5.2 14.3896
      vertex 16.4824 -5.2 14.4274
      vertex 16.4824 5.2 14.4274
    endloop
  endfacet
  facet normal 0.737107 -0 0.675777
    outer loop
      vertex 18.4142 -9.2 17.7734
      vertex 18.5321 9.2 17.6448
      vertex 18.4142 9.2 17.7734
    endloop
  endfacet
  facet normal 0.737107 0 0.675777
    outer loop
      vertex 18.5321 9.2 17.6448
      vertex 18.4142 -9.2 17.7734
      vertex 18.5321 -9.2 17.6448
    endloop
  endfacet
  facet normal 0.886973 0 -0.461822
    outer loop
      vertex 18.8126 -9.2 15.514
      vertex 18.732 9.2 15.3592
      vertex 18.8126 9.2 15.514
    endloop
  endfacet
  facet normal 0.886973 0 -0.461822
    outer loop
      vertex 18.732 9.2 15.3592
      vertex 18.8126 -9.2 15.514
      vertex 18.732 -9.2 15.3592
    endloop
  endfacet
  facet normal 0.608768 0 -0.793348
    outer loop
      vertex 18.1472 -9.2 14.7209
      vertex 18.2856 9.2 14.8271
      vertex 18.2856 -9.2 14.8271
    endloop
  endfacet
  facet normal 0.608768 0 -0.793348
    outer loop
      vertex 18.2856 9.2 14.8271
      vertex 18.1472 -9.2 14.7209
      vertex 18.1472 9.2 14.7209
    endloop
  endfacet
  facet normal 0.976362 -0 0.216141
    outer loop
      vertex 18.9319 -9.2 16.8768
      vertex 18.9696 9.2 16.7065
      vertex 18.9319 9.2 16.8768
    endloop
  endfacet
  facet normal 0.976362 0 0.216141
    outer loop
      vertex 18.9696 9.2 16.7065
      vertex 18.9319 -9.2 16.8768
      vertex 18.9696 -9.2 16.7065
    endloop
  endfacet
  facet normal 0.923821 0 -0.382824
    outer loop
      vertex 18.8794 -9.2 15.6752
      vertex 18.8126 9.2 15.514
      vertex 18.8794 9.2 15.6752
    endloop
  endfacet
  facet normal 0.923821 0 -0.382824
    outer loop
      vertex 18.8126 9.2 15.514
      vertex 18.8794 -9.2 15.6752
      vertex 18.8126 -9.2 15.514
    endloop
  endfacet
  facet normal 0.886973 -0 0.461822
    outer loop
      vertex 18.732 -9.2 17.3592
      vertex 18.8126 9.2 17.2044
      vertex 18.732 9.2 17.3592
    endloop
  endfacet
  facet normal 0.886973 0 0.461822
    outer loop
      vertex 18.8126 9.2 17.2044
      vertex 18.732 -9.2 17.3592
      vertex 18.8126 -9.2 17.2044
    endloop
  endfacet
  facet normal 0.843591 -0 0.536987
    outer loop
      vertex 18.6383 -9.2 17.5064
      vertex 18.732 9.2 17.3592
      vertex 18.6383 9.2 17.5064
    endloop
  endfacet
  facet normal 0.843591 0 0.536987
    outer loop
      vertex 18.732 9.2 17.3592
      vertex 18.6383 -9.2 17.5064
      vertex 18.732 -9.2 17.3592
    endloop
  endfacet
  facet normal -0.675777 0 -0.737107
    outer loop
      vertex 15.5858 -5.2 14.945
      vertex 15.7144 5.2 14.8271
      vertex 15.7144 -5.2 14.8271
    endloop
  endfacet
  facet normal -0.675777 0 -0.737107
    outer loop
      vertex 15.7144 5.2 14.8271
      vertex 15.5858 -5.2 14.945
      vertex 15.5858 5.2 14.945
    endloop
  endfacet
  facet normal -0.0435616 0 -0.999051
    outer loop
      vertex 16.8257 -5.2 14.3668
      vertex 17 5.2 14.3592
      vertex 17 -5.2 14.3592
    endloop
  endfacet
  facet normal -0.0435616 0 -0.999051
    outer loop
      vertex 17 5.2 14.3592
      vertex 16.8257 -5.2 14.3668
      vertex 16.8257 5.2 14.3668
    endloop
  endfacet
  facet normal 0.953661 -0 0.300885
    outer loop
      vertex 18.8794 -9.2 17.0432
      vertex 18.9319 9.2 16.8768
      vertex 18.8794 9.2 17.0432
    endloop
  endfacet
  facet normal 0.953661 0 0.300885
    outer loop
      vertex 18.9319 9.2 16.8768
      vertex 18.8794 -9.2 17.0432
      vertex 18.9319 -9.2 16.8768
    endloop
  endfacet
  facet normal 0.737107 0 -0.675777
    outer loop
      vertex 18.5321 -9.2 15.0736
      vertex 18.4142 9.2 14.945
      vertex 18.5321 9.2 15.0736
    endloop
  endfacet
  facet normal 0.737107 0 -0.675777
    outer loop
      vertex 18.4142 9.2 14.945
      vertex 18.5321 -9.2 15.0736
      vertex 18.4142 -9.2 14.945
    endloop
  endfacet
  facet normal -0.536987 0 -0.843591
    outer loop
      vertex 15.8528 -5.2 14.7209
      vertex 16 5.2 14.6272
      vertex 16 -5.2 14.6272
    endloop
  endfacet
  facet normal -0.536987 0 -0.843591
    outer loop
      vertex 16 5.2 14.6272
      vertex 15.8528 -5.2 14.7209
      vertex 15.8528 5.2 14.7209
    endloop
  endfacet
  facet normal 0.976362 0 -0.216141
    outer loop
      vertex 18.9696 -9.2 16.0119
      vertex 18.9319 9.2 15.8416
      vertex 18.9696 9.2 16.0119
    endloop
  endfacet
  facet normal 0.976362 0 -0.216141
    outer loop
      vertex 18.9319 9.2 15.8416
      vertex 18.9696 -9.2 16.0119
      vertex 18.9319 -9.2 15.8416
    endloop
  endfacet
  facet normal 0.999051 0 -0.0435616
    outer loop
      vertex 19 -9.2 16.3592
      vertex 18.9924 9.2 16.1849
      vertex 19 9.2 16.3592
    endloop
  endfacet
  facet normal 0.999051 0 -0.0435616
    outer loop
      vertex 18.9924 9.2 16.1849
      vertex 19 -9.2 16.3592
      vertex 18.9924 -9.2 16.1849
    endloop
  endfacet
  facet normal 0.382824 0 0.923821
    outer loop
      vertex 17.684 9.2 18.2386
      vertex 17.8452 -9.2 18.1718
      vertex 17.8452 9.2 18.1718
    endloop
  endfacet
  facet normal 0.382824 0 0.923821
    outer loop
      vertex 17.8452 -9.2 18.1718
      vertex 17.684 9.2 18.2386
      vertex 17.684 -9.2 18.2386
    endloop
  endfacet
  facet normal 0.461822 0 -0.886973
    outer loop
      vertex 17.8452 -9.2 14.5466
      vertex 18 9.2 14.6272
      vertex 18 -9.2 14.6272
    endloop
  endfacet
  facet normal 0.461822 0 -0.886973
    outer loop
      vertex 18 9.2 14.6272
      vertex 17.8452 -9.2 14.5466
      vertex 17.8452 9.2 14.5466
    endloop
  endfacet
  facet normal 0.79356 0 -0.608492
    outer loop
      vertex 18.6383 -9.2 15.2121
      vertex 18.5321 9.2 15.0736
      vertex 18.6383 9.2 15.2121
    endloop
  endfacet
  facet normal 0.79356 0 -0.608492
    outer loop
      vertex 18.5321 9.2 15.0736
      vertex 18.6383 -9.2 15.2121
      vertex 18.5321 -9.2 15.0736
    endloop
  endfacet
  facet normal 0.953661 0 -0.300885
    outer loop
      vertex 18.9319 -9.2 15.8416
      vertex 18.8794 9.2 15.6752
      vertex 18.9319 9.2 15.8416
    endloop
  endfacet
  facet normal 0.953661 0 -0.300885
    outer loop
      vertex 18.8794 9.2 15.6752
      vertex 18.9319 -9.2 15.8416
      vertex 18.8794 -9.2 15.6752
    endloop
  endfacet
  facet normal -0.608768 0 -0.793348
    outer loop
      vertex 15.7144 -5.2 14.8271
      vertex 15.8528 5.2 14.7209
      vertex 15.8528 -5.2 14.7209
    endloop
  endfacet
  facet normal -0.608768 0 -0.793348
    outer loop
      vertex 15.8528 5.2 14.7209
      vertex 15.7144 -5.2 14.8271
      vertex 15.7144 5.2 14.8271
    endloop
  endfacet
  facet normal 0.675777 0 0.737107
    outer loop
      vertex 18.2856 9.2 17.8913
      vertex 18.4142 -9.2 17.7734
      vertex 18.4142 9.2 17.7734
    endloop
  endfacet
  facet normal 0.675777 0 0.737107
    outer loop
      vertex 18.4142 -9.2 17.7734
      vertex 18.2856 9.2 17.8913
      vertex 18.2856 -9.2 17.8913
    endloop
  endfacet
  facet normal 0.0435616 0 0.999051
    outer loop
      vertex 17 9.2 18.3592
      vertex 17.1743 -9.2 18.3516
      vertex 17.1743 9.2 18.3516
    endloop
  endfacet
  facet normal 0.0435616 0 0.999051
    outer loop
      vertex 17.1743 -9.2 18.3516
      vertex 17 9.2 18.3592
      vertex 17 -9.2 18.3592
    endloop
  endfacet
  facet normal 0.300363 0 -0.953825
    outer loop
      vertex 17.5176 -9.2 14.4274
      vertex 17.684 9.2 14.4798
      vertex 17.684 -9.2 14.4798
    endloop
  endfacet
  facet normal 0.300363 0 -0.953825
    outer loop
      vertex 17.684 9.2 14.4798
      vertex 17.5176 -9.2 14.4274
      vertex 17.5176 9.2 14.4274
    endloop
  endfacet
  facet normal 0.216688 0 -0.976241
    outer loop
      vertex 17.3473 -9.2 14.3896
      vertex 17.5176 9.2 14.4274
      vertex 17.5176 -9.2 14.4274
    endloop
  endfacet
  facet normal 0.216688 0 -0.976241
    outer loop
      vertex 17.5176 9.2 14.4274
      vertex 17.3473 -9.2 14.3896
      vertex 17.3473 9.2 14.3896
    endloop
  endfacet
  facet normal -0.461822 0 -0.886973
    outer loop
      vertex 16 -5.2 14.6272
      vertex 16.1548 5.2 14.5466
      vertex 16.1548 -5.2 14.5466
    endloop
  endfacet
  facet normal -0.461822 0 -0.886973
    outer loop
      vertex 16.1548 5.2 14.5466
      vertex 16 -5.2 14.6272
      vertex 16 5.2 14.6272
    endloop
  endfacet
  facet normal -0.130662 0 -0.991427
    outer loop
      vertex 16.6527 -5.2 14.3896
      vertex 16.8257 5.2 14.3668
      vertex 16.8257 -5.2 14.3668
    endloop
  endfacet
  facet normal -0.130662 0 -0.991427
    outer loop
      vertex 16.8257 5.2 14.3668
      vertex 16.6527 -5.2 14.3896
      vertex 16.6527 5.2 14.3896
    endloop
  endfacet
  facet normal 0.536987 0 -0.843591
    outer loop
      vertex 18 -9.2 14.6272
      vertex 18.1472 9.2 14.7209
      vertex 18.1472 -9.2 14.7209
    endloop
  endfacet
  facet normal 0.536987 0 -0.843591
    outer loop
      vertex 18.1472 9.2 14.7209
      vertex 18 -9.2 14.6272
      vertex 18 9.2 14.6272
    endloop
  endfacet
  facet normal -0.382824 0 -0.923821
    outer loop
      vertex 16.1548 -5.2 14.5466
      vertex 16.316 5.2 14.4798
      vertex 16.316 -5.2 14.4798
    endloop
  endfacet
  facet normal -0.382824 0 -0.923821
    outer loop
      vertex 16.316 5.2 14.4798
      vertex 16.1548 -5.2 14.5466
      vertex 16.1548 5.2 14.5466
    endloop
  endfacet
  facet normal -0.737265 0 -0.675603
    outer loop
      vertex 15.5858 -5.2 14.945
      vertex 15.5354 5.2 15
      vertex 15.5858 5.2 14.945
    endloop
  endfacet
  facet normal -0.737265 -0 -0.675603
    outer loop
      vertex 15.5354 5.2 15
      vertex 15.5858 -5.2 14.945
      vertex 15.5354 -5.2 15
    endloop
  endfacet
  facet normal 0.216141 0 0.976362
    outer loop
      vertex 17.3473 9.2 18.3288
      vertex 17.5176 -9.2 18.2911
      vertex 17.5176 9.2 18.2911
    endloop
  endfacet
  facet normal 0.216141 0 0.976362
    outer loop
      vertex 17.5176 -9.2 18.2911
      vertex 17.3473 9.2 18.3288
      vertex 17.3473 -9.2 18.3288
    endloop
  endfacet
  facet normal 0 0 1
    outer loop
      vertex 17 9.2 19
      vertex 1.7 -1.90735e-07 19
      vertex 17 -9.2 19
    endloop
  endfacet
  facet normal 0 0 1
    outer loop
      vertex 17 9.2 19
      vertex 1.69353 0.148165 19
      vertex 1.7 -1.90735e-07 19
    endloop
  endfacet
  facet normal 0 0 1
    outer loop
      vertex 17 9.2 19
      vertex 1.67417 0.295201 19
      vertex 1.69353 0.148165 19
    endloop
  endfacet
  facet normal 0 0 1
    outer loop
      vertex 17 9.2 19
      vertex 1.64207 0.439992 19
      vertex 1.67417 0.295201 19
    endloop
  endfacet
  facet normal 0 0 1
    outer loop
      vertex 17 9.2 19
      vertex 1.59748 0.581434 19
      vertex 1.64207 0.439992 19
    endloop
  endfacet
  facet normal 0 0 1
    outer loop
      vertex 17 9.2 19
      vertex 1.54072 0.71845 19
      vertex 1.59748 0.581434 19
    endloop
  endfacet
  facet normal 0 0 1
    outer loop
      vertex 17 9.2 19
      vertex 1.47224 0.849999 19
      vertex 1.54072 0.71845 19
    endloop
  endfacet
  facet normal 0 0 1
    outer loop
      vertex 17 9.2 19
      vertex 1.39256 0.975079 19
      vertex 1.47224 0.849999 19
    endloop
  endfacet
  facet normal 0 0 1
    outer loop
      vertex 17 9.2 19
      vertex 1.30227 1.09274 19
      vertex 1.39256 0.975079 19
    endloop
  endfacet
  facet normal 0 0 1
    outer loop
      vertex 17 9.2 19
      vertex 1.20208 1.20208 19
      vertex 1.30227 1.09274 19
    endloop
  endfacet
  facet normal 0 0 1
    outer loop
      vertex 17 9.2 19
      vertex 1.09274 1.30228 19
      vertex 1.20208 1.20208 19
    endloop
  endfacet
  facet normal 0 0 1
    outer loop
      vertex 17 9.2 19
      vertex 0.97508 1.39256 19
      vertex 1.09274 1.30228 19
    endloop
  endfacet
  facet normal 0 0 1
    outer loop
      vertex 17 9.2 19
      vertex 0.849999 1.47224 19
      vertex 0.97508 1.39256 19
    endloop
  endfacet
  facet normal 0 0 1
    outer loop
      vertex 17 9.2 19
      vertex 0.718451 1.54072 19
      vertex 0.849999 1.47224 19
    endloop
  endfacet
  facet normal 0 0 1
    outer loop
      vertex 17 9.2 19
      vertex 0.581433 1.59748 19
      vertex 0.718451 1.54072 19
    endloop
  endfacet
  facet normal 0 0 1
    outer loop
      vertex 17 9.2 19
      vertex 0.439992 1.64207 19
      vertex 0.581433 1.59748 19
    endloop
  endfacet
  facet normal 0 0 1
    outer loop
      vertex 17 9.2 19
      vertex 0.295201 1.67417 19
      vertex 0.439992 1.64207 19
    endloop
  endfacet
  facet normal 0 0 1
    outer loop
      vertex 17 9.2 19
      vertex 0.148165 1.69353 19
      vertex 0.295201 1.67417 19
    endloop
  endfacet
  facet normal 0 0 1
    outer loop
      vertex 17 9.2 19
      vertex 0 1.7 19
      vertex 0.148165 1.69353 19
    endloop
  endfacet
  facet normal -0 0 1
    outer loop
      vertex -17 9.2 19
      vertex 0 1.7 19
      vertex 17 9.2 19
    endloop
  endfacet
  facet normal 0 0 1
    outer loop
      vertex 0 1.7 19
      vertex -17 9.2 19
      vertex -0.148166 1.69353 19
    endloop
  endfacet
  facet normal 0 0 1
    outer loop
      vertex -0.148166 1.69353 19
      vertex -17 9.2 19
      vertex -0.295202 1.67417 19
    endloop
  endfacet
  facet normal 0 0 1
    outer loop
      vertex -0.295202 1.67417 19
      vertex -17 9.2 19
      vertex -0.439993 1.64207 19
    endloop
  endfacet
  facet normal 0 0 1
    outer loop
      vertex -0.439993 1.64207 19
      vertex -17 9.2 19
      vertex -0.581434 1.59748 19
    endloop
  endfacet
  facet normal 0 0 1
    outer loop
      vertex -1.69353 0.148165 19
      vertex -17 9.2 19
      vertex -1.7 -1.90735e-07 19
    endloop
  endfacet
  facet normal 0 0 1
    outer loop
      vertex -1.67417 0.295201 19
      vertex -17 9.2 19
      vertex -1.69353 0.148165 19
    endloop
  endfacet
  facet normal 0 0 1
    outer loop
      vertex -1.64207 0.439992 19
      vertex -17 9.2 19
      vertex -1.67417 0.295201 19
    endloop
  endfacet
  facet normal 0 0 1
    outer loop
      vertex -1.59748 0.581434 19
      vertex -17 9.2 19
      vertex -1.64207 0.439992 19
    endloop
  endfacet
  facet normal 0 0 1
    outer loop
      vertex -1.54072 0.71845 19
      vertex -17 9.2 19
      vertex -1.59748 0.581434 19
    endloop
  endfacet
  facet normal 0 0 1
    outer loop
      vertex -1.47224 0.849999 19
      vertex -17 9.2 19
      vertex -1.54072 0.71845 19
    endloop
  endfacet
  facet normal 0 0 1
    outer loop
      vertex -1.39256 0.975079 19
      vertex -17 9.2 19
      vertex -1.47224 0.849999 19
    endloop
  endfacet
  facet normal 0 0 1
    outer loop
      vertex -1.30228 1.09274 19
      vertex -17 9.2 19
      vertex -1.39256 0.975079 19
    endloop
  endfacet
  facet normal 0 0 1
    outer loop
      vertex -1.20208 1.20208 19
      vertex -17 9.2 19
      vertex -1.30228 1.09274 19
    endloop
  endfacet
  facet normal 0 0 1
    outer loop
      vertex -1.09274 1.30228 19
      vertex -17 9.2 19
      vertex -1.20208 1.20208 19
    endloop
  endfacet
  facet normal 0 0 1
    outer loop
      vertex -0.97508 1.39256 19
      vertex -17 9.2 19
      vertex -1.09274 1.30228 19
    endloop
  endfacet
  facet normal 0 0 1
    outer loop
      vertex -0.85 1.47224 19
      vertex -17 9.2 19
      vertex -0.97508 1.39256 19
    endloop
  endfacet
  facet normal 0 0 1
    outer loop
      vertex -0.718451 1.54072 19
      vertex -17 9.2 19
      vertex -0.85 1.47224 19
    endloop
  endfacet
  facet normal 0 0 1
    outer loop
      vertex -0.581434 1.59748 19
      vertex -17 9.2 19
      vertex -0.718451 1.54072 19
    endloop
  endfacet
  facet normal -0 0 1
    outer loop
      vertex 1.69353 -0.148165 19
      vertex 17 -9.2 19
      vertex 1.7 -1.90735e-07 19
    endloop
  endfacet
  facet normal -0 0 1
    outer loop
      vertex 1.67417 -0.295202 19
      vertex 17 -9.2 19
      vertex 1.69353 -0.148165 19
    endloop
  endfacet
  facet normal -0 0 1
    outer loop
      vertex 1.64207 -0.439993 19
      vertex 17 -9.2 19
      vertex 1.67417 -0.295202 19
    endloop
  endfacet
  facet normal -0 0 1
    outer loop
      vertex 1.59748 -0.581434 19
      vertex 17 -9.2 19
      vertex 1.64207 -0.439993 19
    endloop
  endfacet
  facet normal -0 0 1
    outer loop
      vertex 1.54072 -0.718452 19
      vertex 17 -9.2 19
      vertex 1.59748 -0.581434 19
    endloop
  endfacet
  facet normal -0 0 1
    outer loop
      vertex 1.47224 -0.850001 19
      vertex 17 -9.2 19
      vertex 1.54072 -0.718452 19
    endloop
  endfacet
  facet normal -0 0 1
    outer loop
      vertex 1.39256 -0.975081 19
      vertex 17 -9.2 19
      vertex 1.47224 -0.850001 19
    endloop
  endfacet
  facet normal -0 0 1
    outer loop
      vertex 1.30227 -1.09274 19
      vertex 17 -9.2 19
      vertex 1.39256 -0.975081 19
    endloop
  endfacet
  facet normal -0 0 1
    outer loop
      vertex 1.20208 -1.20208 19
      vertex 17 -9.2 19
      vertex 1.30227 -1.09274 19
    endloop
  endfacet
  facet normal -0 0 1
    outer loop
      vertex 1.09274 -1.30228 19
      vertex 17 -9.2 19
      vertex 1.20208 -1.20208 19
    endloop
  endfacet
  facet normal -0 0 1
    outer loop
      vertex 0.97508 -1.39256 19
      vertex 17 -9.2 19
      vertex 1.09274 -1.30228 19
    endloop
  endfacet
  facet normal -0 0 1
    outer loop
      vertex 0.849999 -1.47224 19
      vertex 17 -9.2 19
      vertex 0.97508 -1.39256 19
    endloop
  endfacet
  facet normal -0 0 1
    outer loop
      vertex 0.718451 -1.54072 19
      vertex 17 -9.2 19
      vertex 0.849999 -1.47224 19
    endloop
  endfacet
  facet normal -0 0 1
    outer loop
      vertex 0.581433 -1.59748 19
      vertex 17 -9.2 19
      vertex 0.718451 -1.54072 19
    endloop
  endfacet
  facet normal -0 0 1
    outer loop
      vertex 0.439992 -1.64207 19
      vertex 17 -9.2 19
      vertex 0.581433 -1.59748 19
    endloop
  endfacet
  facet normal -0 0 1
    outer loop
      vertex 0.295201 -1.67417 19
      vertex 17 -9.2 19
      vertex 0.439992 -1.64207 19
    endloop
  endfacet
  facet normal -0 0 1
    outer loop
      vertex 0.148165 -1.69353 19
      vertex 17 -9.2 19
      vertex 0.295201 -1.67417 19
    endloop
  endfacet
  facet normal -0 0 1
    outer loop
      vertex 0 -1.7 19
      vertex 17 -9.2 19
      vertex 0.148165 -1.69353 19
    endloop
  endfacet
  facet normal 0 0 1
    outer loop
      vertex -17 -9.2 19
      vertex 0 -1.7 19
      vertex -0.148166 -1.69353 19
    endloop
  endfacet
  facet normal 0 0 1
    outer loop
      vertex -17 -9.2 19
      vertex -0.148166 -1.69353 19
      vertex -0.295202 -1.67417 19
    endloop
  endfacet
  facet normal 0 0 1
    outer loop
      vertex -17 -9.2 19
      vertex -0.295202 -1.67417 19
      vertex -0.439993 -1.64207 19
    endloop
  endfacet
  facet normal 0 0 1
    outer loop
      vertex -17 -9.2 19
      vertex -0.439993 -1.64207 19
      vertex -0.581434 -1.59748 19
    endloop
  endfacet
  facet normal 0 0 1
    outer loop
      vertex -17 -9.2 19
      vertex -0.581434 -1.59748 19
      vertex -0.718451 -1.54072 19
    endloop
  endfacet
  facet normal 0 0 1
    outer loop
      vertex -17 -9.2 19
      vertex -1.7 -1.90735e-07 19
      vertex -17 9.2 19
    endloop
  endfacet
  facet normal 0 0 1
    outer loop
      vertex -1.7 -1.90735e-07 19
      vertex -17 -9.2 19
      vertex -1.69353 -0.148165 19
    endloop
  endfacet
  facet normal 0 0 1
    outer loop
      vertex -1.69353 -0.148165 19
      vertex -17 -9.2 19
      vertex -1.67417 -0.295202 19
    endloop
  endfacet
  facet normal 0 0 1
    outer loop
      vertex -1.67417 -0.295202 19
      vertex -17 -9.2 19
      vertex -1.64207 -0.439993 19
    endloop
  endfacet
  facet normal 0 0 1
    outer loop
      vertex -1.64207 -0.439993 19
      vertex -17 -9.2 19
      vertex -1.59748 -0.581434 19
    endloop
  endfacet
  facet normal 0 0 1
    outer loop
      vertex -1.59748 -0.581434 19
      vertex -17 -9.2 19
      vertex -1.54072 -0.718452 19
    endloop
  endfacet
  facet normal 0 0 1
    outer loop
      vertex -1.54072 -0.718452 19
      vertex -17 -9.2 19
      vertex -1.47224 -0.850001 19
    endloop
  endfacet
  facet normal 0 0 1
    outer loop
      vertex -1.47224 -0.850001 19
      vertex -17 -9.2 19
      vertex -1.39256 -0.975081 19
    endloop
  endfacet
  facet normal 0 0 1
    outer loop
      vertex -1.39256 -0.975081 19
      vertex -17 -9.2 19
      vertex -1.30228 -1.09274 19
    endloop
  endfacet
  facet normal 0 0 1
    outer loop
      vertex -1.30228 -1.09274 19
      vertex -17 -9.2 19
      vertex -1.20208 -1.20208 19
    endloop
  endfacet
  facet normal 0 0 1
    outer loop
      vertex -1.20208 -1.20208 19
      vertex -17 -9.2 19
      vertex -1.09274 -1.30228 19
    endloop
  endfacet
  facet normal 0 0 1
    outer loop
      vertex 0 -1.7 19
      vertex -17 -9.2 19
      vertex 17 -9.2 19
    endloop
  endfacet
  facet normal 0 0 1
    outer loop
      vertex -0.85 -1.47224 19
      vertex -17 -9.2 19
      vertex -0.718451 -1.54072 19
    endloop
  endfacet
  facet normal 0 0 1
    outer loop
      vertex -0.97508 -1.39256 19
      vertex -17 -9.2 19
      vertex -0.85 -1.47224 19
    endloop
  endfacet
  facet normal 0 0 1
    outer loop
      vertex -1.09274 -1.30228 19
      vertex -17 -9.2 19
      vertex -0.97508 -1.39256 19
    endloop
  endfacet
  facet normal 0 0 -1
    outer loop
      vertex -15.5354 -5.2 15
      vertex 15.5354 5.2 15
      vertex 15.5354 -5.2 15
    endloop
  endfacet
  facet normal -0 0 -1
    outer loop
      vertex 15.5354 5.2 15
      vertex -15.5354 -5.2 15
      vertex -15.5354 5.2 15
    endloop
  endfacet
  facet normal 0 0 1
    outer loop
      vertex 11.6935 -14.3482 13
      vertex 17 -9.2 13
      vertex 11.7 -14.2 13
    endloop
  endfacet
  facet normal 0 0 1
    outer loop
      vertex 17 -9.2 13
      vertex 11.6935 -14.0518 13
      vertex 11.7 -14.2 13
    endloop
  endfacet
  facet normal 0 0 1
    outer loop
      vertex 17 -9.2 13
      vertex 11.6742 -13.9048 13
      vertex 11.6935 -14.0518 13
    endloop
  endfacet
  facet normal 0 0 1
    outer loop
      vertex 17 -9.2 13
      vertex 11.6421 -13.76 13
      vertex 11.6742 -13.9048 13
    endloop
  endfacet
  facet normal 0 0 1
    outer loop
      vertex 17 -9.2 13
      vertex 11.5975 -13.6186 13
      vertex 11.6421 -13.76 13
    endloop
  endfacet
  facet normal 0 0 1
    outer loop
      vertex 17 -9.2 13
      vertex 11.5407 -13.4815 13
      vertex 11.5975 -13.6186 13
    endloop
  endfacet
  facet normal 0 0 1
    outer loop
      vertex 17 -9.2 13
      vertex 11.4722 -13.35 13
      vertex 11.5407 -13.4815 13
    endloop
  endfacet
  facet normal 0 0 1
    outer loop
      vertex 17 -9.2 13
      vertex 11.3926 -13.2249 13
      vertex 11.4722 -13.35 13
    endloop
  endfacet
  facet normal 0 0 1
    outer loop
      vertex 17 -9.2 13
      vertex 11.3023 -13.1073 13
      vertex 11.3926 -13.2249 13
    endloop
  endfacet
  facet normal 0 0 1
    outer loop
      vertex 17 -9.2 13
      vertex 11.2021 -12.9979 13
      vertex 11.3023 -13.1073 13
    endloop
  endfacet
  facet normal 0 0 1
    outer loop
      vertex 17 -9.2 13
      vertex 11.0927 -12.8977 13
      vertex 11.2021 -12.9979 13
    endloop
  endfacet
  facet normal 0 0 1
    outer loop
      vertex 17 -9.2 13
      vertex 10.9751 -12.8074 13
      vertex 11.0927 -12.8977 13
    endloop
  endfacet
  facet normal 0 0 1
    outer loop
      vertex 17 -9.2 13
      vertex 10.85 -12.7278 13
      vertex 10.9751 -12.8074 13
    endloop
  endfacet
  facet normal 0 0 1
    outer loop
      vertex 17 -9.2 13
      vertex 10.7185 -12.6593 13
      vertex 10.85 -12.7278 13
    endloop
  endfacet
  facet normal 0 0 1
    outer loop
      vertex 17 -9.2 13
      vertex 10.5814 -12.6025 13
      vertex 10.7185 -12.6593 13
    endloop
  endfacet
  facet normal 0 0 1
    outer loop
      vertex 17 -9.2 13
      vertex 10.44 -12.5579 13
      vertex 10.5814 -12.6025 13
    endloop
  endfacet
  facet normal 0 0 1
    outer loop
      vertex 17 -9.2 13
      vertex 10.2952 -12.5258 13
      vertex 10.44 -12.5579 13
    endloop
  endfacet
  facet normal 0 0 1
    outer loop
      vertex 17 -9.2 13
      vertex 10.1482 -12.5065 13
      vertex 10.2952 -12.5258 13
    endloop
  endfacet
  facet normal 0 0 1
    outer loop
      vertex 17 -9.2 13
      vertex 10 -12.5 13
      vertex 10.1482 -12.5065 13
    endloop
  endfacet
  facet normal 0 0 1
    outer loop
      vertex 17 -9.2 13
      vertex 9.85183 -12.5065 13
      vertex 10 -12.5 13
    endloop
  endfacet
  facet normal 0 0 1
    outer loop
      vertex 17 -9.2 13
      vertex 9.7048 -12.5258 13
      vertex 9.85183 -12.5065 13
    endloop
  endfacet
  facet normal 0 0 1
    outer loop
      vertex 17 -9.2 13
      vertex 9.56001 -12.5579 13
      vertex 9.7048 -12.5258 13
    endloop
  endfacet
  facet normal 0 0 1
    outer loop
      vertex 17 -9.2 13
      vertex 9.41857 -12.6025 13
      vertex 9.56001 -12.5579 13
    endloop
  endfacet
  facet normal 0 0 1
    outer loop
      vertex -9.41857 -12.6025 13
      vertex 9.41857 -12.6025 13
      vertex 17 -9.2 13
    endloop
  endfacet
  facet normal 0 0 1
    outer loop
      vertex 8.30647 -14.0518 13
      vertex -8.3 -14.2 13
      vertex 8.3 -14.2 13
    endloop
  endfacet
  facet normal 0 0 1
    outer loop
      vertex -8.30647 -14.0518 13
      vertex 8.30647 -14.0518 13
      vertex 8.32583 -13.9048 13
    endloop
  endfacet
  facet normal 0 0 1
    outer loop
      vertex -8.32583 -13.9048 13
      vertex 8.32583 -13.9048 13
      vertex 8.35793 -13.76 13
    endloop
  endfacet
  facet normal 0 0 1
    outer loop
      vertex -8.35793 -13.76 13
      vertex 8.35793 -13.76 13
      vertex 8.40252 -13.6186 13
    endloop
  endfacet
  facet normal 0 0 1
    outer loop
      vertex -8.40252 -13.6186 13
      vertex 8.40252 -13.6186 13
      vertex 8.45928 -13.4815 13
    endloop
  endfacet
  facet normal 0 0 1
    outer loop
      vertex -8.45928 -13.4815 13
      vertex 8.45928 -13.4815 13
      vertex 8.52776 -13.35 13
    endloop
  endfacet
  facet normal 0 0 1
    outer loop
      vertex -8.52776 -13.35 13
      vertex 8.52776 -13.35 13
      vertex 8.60744 -13.2249 13
    endloop
  endfacet
  facet normal 0 0 1
    outer loop
      vertex -8.60744 -13.2249 13
      vertex 8.60744 -13.2249 13
      vertex 8.69772 -13.1073 13
    endloop
  endfacet
  facet normal 0 0 1
    outer loop
      vertex -8.69773 -13.1073 13
      vertex 8.69772 -13.1073 13
      vertex 8.79792 -12.9979 13
    endloop
  endfacet
  facet normal 0 0 1
    outer loop
      vertex -8.79792 -12.9979 13
      vertex 8.79792 -12.9979 13
      vertex 8.90726 -12.8977 13
    endloop
  endfacet
  facet normal 0 0 1
    outer loop
      vertex -8.90726 -12.8977 13
      vertex 8.90726 -12.8977 13
      vertex 9.02492 -12.8074 13
    endloop
  endfacet
  facet normal 0 0 1
    outer loop
      vertex -9.02492 -12.8074 13
      vertex 9.02492 -12.8074 13
      vertex 9.15 -12.7278 13
    endloop
  endfacet
  facet normal 0 0 1
    outer loop
      vertex -9.15 -12.7278 13
      vertex 9.15 -12.7278 13
      vertex 9.28155 -12.6593 13
    endloop
  endfacet
  facet normal 0 0 1
    outer loop
      vertex 9.41857 -12.6025 13
      vertex -9.41857 -12.6025 13
      vertex 9.28155 -12.6593 13
    endloop
  endfacet
  facet normal 0 0 1
    outer loop
      vertex 8.30647 -14.0518 13
      vertex -8.30647 -14.0518 13
      vertex -8.3 -14.2 13
    endloop
  endfacet
  facet normal 0 0 1
    outer loop
      vertex 8.32583 -13.9048 13
      vertex -8.32583 -13.9048 13
      vertex -8.30647 -14.0518 13
    endloop
  endfacet
  facet normal 0 0 1
    outer loop
      vertex 8.35793 -13.76 13
      vertex -8.35793 -13.76 13
      vertex -8.32583 -13.9048 13
    endloop
  endfacet
  facet normal 0 0 1
    outer loop
      vertex 8.40252 -13.6186 13
      vertex -8.40252 -13.6186 13
      vertex -8.35793 -13.76 13
    endloop
  endfacet
  facet normal 0 0 1
    outer loop
      vertex 8.45928 -13.4815 13
      vertex -8.45928 -13.4815 13
      vertex -8.40252 -13.6186 13
    endloop
  endfacet
  facet normal 0 0 1
    outer loop
      vertex 8.52776 -13.35 13
      vertex -8.52776 -13.35 13
      vertex -8.45928 -13.4815 13
    endloop
  endfacet
  facet normal 0 0 1
    outer loop
      vertex 8.60744 -13.2249 13
      vertex -8.60744 -13.2249 13
      vertex -8.52776 -13.35 13
    endloop
  endfacet
  facet normal 0 0 1
    outer loop
      vertex 8.69772 -13.1073 13
      vertex -8.69773 -13.1073 13
      vertex -8.60744 -13.2249 13
    endloop
  endfacet
  facet normal 0 0 1
    outer loop
      vertex 8.79792 -12.9979 13
      vertex -8.79792 -12.9979 13
      vertex -8.69773 -13.1073 13
    endloop
  endfacet
  facet normal 0 0 1
    outer loop
      vertex 8.90726 -12.8977 13
      vertex -8.90726 -12.8977 13
      vertex -8.79792 -12.9979 13
    endloop
  endfacet
  facet normal 0 0 1
    outer loop
      vertex 9.02492 -12.8074 13
      vertex -9.02492 -12.8074 13
      vertex -8.90726 -12.8977 13
    endloop
  endfacet
  facet normal 0 0 1
    outer loop
      vertex 9.15 -12.7278 13
      vertex -9.15 -12.7278 13
      vertex -9.02492 -12.8074 13
    endloop
  endfacet
  facet normal 0 0 1
    outer loop
      vertex 9.28155 -12.6593 13
      vertex -9.28155 -12.6593 13
      vertex -9.15 -12.7278 13
    endloop
  endfacet
  facet normal 0 0 1
    outer loop
      vertex 9.28155 -12.6593 13
      vertex -9.41857 -12.6025 13
      vertex -9.28155 -12.6593 13
    endloop
  endfacet
  facet normal 0 0 1
    outer loop
      vertex 17 -9.2 13
      vertex -9.56001 -12.5579 13
      vertex -9.41857 -12.6025 13
    endloop
  endfacet
  facet normal -0 0 1
    outer loop
      vertex -17 -9.2 13
      vertex -9.56001 -12.5579 13
      vertex 17 -9.2 13
    endloop
  endfacet
  facet normal 0 0 1
    outer loop
      vertex -9.56001 -12.5579 13
      vertex -17 -9.2 13
      vertex -9.7048 -12.5258 13
    endloop
  endfacet
  facet normal 0 0 1
    outer loop
      vertex -9.7048 -12.5258 13
      vertex -17 -9.2 13
      vertex -9.85184 -12.5065 13
    endloop
  endfacet
  facet normal 0 0 1
    outer loop
      vertex -9.85184 -12.5065 13
      vertex -17 -9.2 13
      vertex -10 -12.5 13
    endloop
  endfacet
  facet normal 0 0 1
    outer loop
      vertex -11.6935 -14.0518 13
      vertex -17 -9.2 13
      vertex -11.7 -14.2 13
    endloop
  endfacet
  facet normal 0 0 1
    outer loop
      vertex -11.6742 -13.9048 13
      vertex -17 -9.2 13
      vertex -11.6935 -14.0518 13
    endloop
  endfacet
  facet normal 0 0 1
    outer loop
      vertex -11.6421 -13.76 13
      vertex -17 -9.2 13
      vertex -11.6742 -13.9048 13
    endloop
  endfacet
  facet normal 0 0 1
    outer loop
      vertex -11.5975 -13.6186 13
      vertex -17 -9.2 13
      vertex -11.6421 -13.76 13
    endloop
  endfacet
  facet normal 0 0 1
    outer loop
      vertex -11.5407 -13.4815 13
      vertex -17 -9.2 13
      vertex -11.5975 -13.6186 13
    endloop
  endfacet
  facet normal 0 0 1
    outer loop
      vertex -11.4722 -13.35 13
      vertex -17 -9.2 13
      vertex -11.5407 -13.4815 13
    endloop
  endfacet
  facet normal 0 0 1
    outer loop
      vertex -11.3926 -13.2249 13
      vertex -17 -9.2 13
      vertex -11.4722 -13.35 13
    endloop
  endfacet
  facet normal 0 0 1
    outer loop
      vertex -11.3023 -13.1073 13
      vertex -17 -9.2 13
      vertex -11.3926 -13.2249 13
    endloop
  endfacet
  facet normal 0 0 1
    outer loop
      vertex -11.2021 -12.9979 13
      vertex -17 -9.2 13
      vertex -11.3023 -13.1073 13
    endloop
  endfacet
  facet normal 0 0 1
    outer loop
      vertex -11.0927 -12.8977 13
      vertex -17 -9.2 13
      vertex -11.2021 -12.9979 13
    endloop
  endfacet
  facet normal 0 0 1
    outer loop
      vertex -10.9751 -12.8074 13
      vertex -17 -9.2 13
      vertex -11.0927 -12.8977 13
    endloop
  endfacet
  facet normal 0 0 1
    outer loop
      vertex -10.85 -12.7278 13
      vertex -17 -9.2 13
      vertex -10.9751 -12.8074 13
    endloop
  endfacet
  facet normal 0 0 1
    outer loop
      vertex -10.7185 -12.6593 13
      vertex -17 -9.2 13
      vertex -10.85 -12.7278 13
    endloop
  endfacet
  facet normal 0 0 1
    outer loop
      vertex -10.5814 -12.6025 13
      vertex -17 -9.2 13
      vertex -10.7185 -12.6593 13
    endloop
  endfacet
  facet normal 0 0 1
    outer loop
      vertex -10.44 -12.5579 13
      vertex -17 -9.2 13
      vertex -10.5814 -12.6025 13
    endloop
  endfacet
  facet normal 0 0 1
    outer loop
      vertex -10.2952 -12.5258 13
      vertex -17 -9.2 13
      vertex -10.44 -12.5579 13
    endloop
  endfacet
  facet normal 0 0 1
    outer loop
      vertex -10.1482 -12.5065 13
      vertex -17 -9.2 13
      vertex -10.2952 -12.5258 13
    endloop
  endfacet
  facet normal 0 0 1
    outer loop
      vertex -10 -12.5 13
      vertex -17 -9.2 13
      vertex -10.1482 -12.5065 13
    endloop
  endfacet
  facet normal 0 0 1
    outer loop
      vertex 17 -9.2 13
      vertex 11.6935 -14.3482 13
      vertex 17 -21.2 13
    endloop
  endfacet
  facet normal -0 0 1
    outer loop
      vertex 11.6742 -14.4952 13
      vertex 17 -21.2 13
      vertex 11.6935 -14.3482 13
    endloop
  endfacet
  facet normal -0 0 1
    outer loop
      vertex 11.6421 -14.64 13
      vertex 17 -21.2 13
      vertex 11.6742 -14.4952 13
    endloop
  endfacet
  facet normal -0 0 1
    outer loop
      vertex 11.5975 -14.7814 13
      vertex 17 -21.2 13
      vertex 11.6421 -14.64 13
    endloop
  endfacet
  facet normal -0 0 1
    outer loop
      vertex 11.5407 -14.9185 13
      vertex 17 -21.2 13
      vertex 11.5975 -14.7814 13
    endloop
  endfacet
  facet normal -0 0 1
    outer loop
      vertex 11.4722 -15.05 13
      vertex 17 -21.2 13
      vertex 11.5407 -14.9185 13
    endloop
  endfacet
  facet normal -0 0 1
    outer loop
      vertex 11.3926 -15.1751 13
      vertex 17 -21.2 13
      vertex 11.4722 -15.05 13
    endloop
  endfacet
  facet normal -0 0 1
    outer loop
      vertex 11.3023 -15.2927 13
      vertex 17 -21.2 13
      vertex 11.3926 -15.1751 13
    endloop
  endfacet
  facet normal -0 0 1
    outer loop
      vertex 11.2021 -15.4021 13
      vertex 17 -21.2 13
      vertex 11.3023 -15.2927 13
    endloop
  endfacet
  facet normal -0 0 1
    outer loop
      vertex 11.0927 -15.5023 13
      vertex 17 -21.2 13
      vertex 11.2021 -15.4021 13
    endloop
  endfacet
  facet normal -0 0 1
    outer loop
      vertex 10.9751 -15.5926 13
      vertex 17 -21.2 13
      vertex 11.0927 -15.5023 13
    endloop
  endfacet
  facet normal -0 0 1
    outer loop
      vertex 10.85 -15.6722 13
      vertex 17 -21.2 13
      vertex 10.9751 -15.5926 13
    endloop
  endfacet
  facet normal -0 0 1
    outer loop
      vertex 10.7185 -15.7407 13
      vertex 17 -21.2 13
      vertex 10.85 -15.6722 13
    endloop
  endfacet
  facet normal -0 0 1
    outer loop
      vertex 10.5814 -15.7975 13
      vertex 17 -21.2 13
      vertex 10.7185 -15.7407 13
    endloop
  endfacet
  facet normal -0 0 1
    outer loop
      vertex 10.44 -15.8421 13
      vertex 17 -21.2 13
      vertex 10.5814 -15.7975 13
    endloop
  endfacet
  facet normal -0 0 1
    outer loop
      vertex 10.2952 -15.8742 13
      vertex 17 -21.2 13
      vertex 10.44 -15.8421 13
    endloop
  endfacet
  facet normal -0 0 1
    outer loop
      vertex 10.1482 -15.8935 13
      vertex 17 -21.2 13
      vertex 10.2952 -15.8742 13
    endloop
  endfacet
  facet normal -0 0 1
    outer loop
      vertex 10 -15.9 13
      vertex 17 -21.2 13
      vertex 10.1482 -15.8935 13
    endloop
  endfacet
  facet normal 0 0 1
    outer loop
      vertex 9.85183 -15.8935 13
      vertex 17 -21.2 13
      vertex 10 -15.9 13
    endloop
  endfacet
  facet normal 0 0 1
    outer loop
      vertex 9.7048 -15.8742 13
      vertex 17 -21.2 13
      vertex 9.85183 -15.8935 13
    endloop
  endfacet
  facet normal 0 0 1
    outer loop
      vertex 9.56001 -15.8421 13
      vertex 17 -21.2 13
      vertex 9.7048 -15.8742 13
    endloop
  endfacet
  facet normal 0 0 1
    outer loop
      vertex 9.41857 -15.7975 13
      vertex 17 -21.2 13
      vertex 9.56001 -15.8421 13
    endloop
  endfacet
  facet normal 0 0 1
    outer loop
      vertex 9.28155 -15.7407 13
      vertex 17 -21.2 13
      vertex 9.41857 -15.7975 13
    endloop
  endfacet
  facet normal 0 0 1
    outer loop
      vertex -9.28155 -15.7407 13
      vertex 9.28155 -15.7407 13
      vertex 9.15 -15.6722 13
    endloop
  endfacet
  facet normal 0 0 1
    outer loop
      vertex -9.15 -15.6722 13
      vertex 9.15 -15.6722 13
      vertex 9.02492 -15.5926 13
    endloop
  endfacet
  facet normal -0 0 1
    outer loop
      vertex -8.3 -14.2 13
      vertex 8.30647 -14.3482 13
      vertex 8.3 -14.2 13
    endloop
  endfacet
  facet normal 0 0 1
    outer loop
      vertex -8.30647 -14.3482 13
      vertex 8.30647 -14.3482 13
      vertex -8.3 -14.2 13
    endloop
  endfacet
  facet normal 0 0 1
    outer loop
      vertex 8.30647 -14.3482 13
      vertex -8.30647 -14.3482 13
      vertex 8.32583 -14.4952 13
    endloop
  endfacet
  facet normal 0 0 1
    outer loop
      vertex -8.32583 -14.4952 13
      vertex 8.32583 -14.4952 13
      vertex -8.30647 -14.3482 13
    endloop
  endfacet
  facet normal 0 0 1
    outer loop
      vertex 8.32583 -14.4952 13
      vertex -8.32583 -14.4952 13
      vertex 8.35793 -14.64 13
    endloop
  endfacet
  facet normal 0 0 1
    outer loop
      vertex -8.35793 -14.64 13
      vertex 8.35793 -14.64 13
      vertex -8.32583 -14.4952 13
    endloop
  endfacet
  facet normal 0 0 1
    outer loop
      vertex 8.35793 -14.64 13
      vertex -8.35793 -14.64 13
      vertex 8.40252 -14.7814 13
    endloop
  endfacet
  facet normal 0 0 1
    outer loop
      vertex -8.40252 -14.7814 13
      vertex 8.40252 -14.7814 13
      vertex -8.35793 -14.64 13
    endloop
  endfacet
  facet normal 0 0 1
    outer loop
      vertex 8.40252 -14.7814 13
      vertex -8.40252 -14.7814 13
      vertex 8.45928 -14.9185 13
    endloop
  endfacet
  facet normal 0 0 1
    outer loop
      vertex -8.45928 -14.9185 13
      vertex 8.45928 -14.9185 13
      vertex -8.40252 -14.7814 13
    endloop
  endfacet
  facet normal 0 0 1
    outer loop
      vertex 8.45928 -14.9185 13
      vertex -8.45928 -14.9185 13
      vertex 8.52776 -15.05 13
    endloop
  endfacet
  facet normal 0 0 1
    outer loop
      vertex -8.52776 -15.05 13
      vertex 8.52776 -15.05 13
      vertex -8.45928 -14.9185 13
    endloop
  endfacet
  facet normal 0 0 1
    outer loop
      vertex 8.52776 -15.05 13
      vertex -8.52776 -15.05 13
      vertex 8.60744 -15.1751 13
    endloop
  endfacet
  facet normal 0 0 1
    outer loop
      vertex -8.60744 -15.1751 13
      vertex 8.60744 -15.1751 13
      vertex -8.52776 -15.05 13
    endloop
  endfacet
  facet normal 0 0 1
    outer loop
      vertex 8.60744 -15.1751 13
      vertex -8.60744 -15.1751 13
      vertex 8.69772 -15.2927 13
    endloop
  endfacet
  facet normal 0 0 1
    outer loop
      vertex -8.69773 -15.2927 13
      vertex 8.69772 -15.2927 13
      vertex -8.60744 -15.1751 13
    endloop
  endfacet
  facet normal 0 0 1
    outer loop
      vertex 8.69772 -15.2927 13
      vertex -8.69773 -15.2927 13
      vertex 8.79792 -15.4021 13
    endloop
  endfacet
  facet normal 0 0 1
    outer loop
      vertex -8.79792 -15.4021 13
      vertex 8.79792 -15.4021 13
      vertex -8.69773 -15.2927 13
    endloop
  endfacet
  facet normal 0 0 1
    outer loop
      vertex 8.79792 -15.4021 13
      vertex -8.79792 -15.4021 13
      vertex 8.90726 -15.5023 13
    endloop
  endfacet
  facet normal 0 0 1
    outer loop
      vertex -8.90726 -15.5023 13
      vertex 8.90726 -15.5023 13
      vertex -8.79792 -15.4021 13
    endloop
  endfacet
  facet normal 0 0 1
    outer loop
      vertex 8.90726 -15.5023 13
      vertex -8.90726 -15.5023 13
      vertex 9.02492 -15.5926 13
    endloop
  endfacet
  facet normal 0 0 1
    outer loop
      vertex -9.02492 -15.5926 13
      vertex 9.02492 -15.5926 13
      vertex -8.90726 -15.5023 13
    endloop
  endfacet
  facet normal 0 0 1
    outer loop
      vertex -9.15 -15.6722 13
      vertex 9.02492 -15.5926 13
      vertex -9.02492 -15.5926 13
    endloop
  endfacet
  facet normal 0 0 1
    outer loop
      vertex 9.15 -15.6722 13
      vertex -9.15 -15.6722 13
      vertex -9.28155 -15.7407 13
    endloop
  endfacet
  facet normal 0 0 1
    outer loop
      vertex 9.28155 -15.7407 13
      vertex -9.28155 -15.7407 13
      vertex 17 -21.2 13
    endloop
  endfacet
  facet normal 0 0 1
    outer loop
      vertex -17 -21.2 13
      vertex -9.28155 -15.7407 13
      vertex -9.41857 -15.7975 13
    endloop
  endfacet
  facet normal 0 0 1
    outer loop
      vertex -17 -21.2 13
      vertex -9.41857 -15.7975 13
      vertex -9.56001 -15.8421 13
    endloop
  endfacet
  facet normal 0 0 1
    outer loop
      vertex -17 -21.2 13
      vertex -9.56001 -15.8421 13
      vertex -9.7048 -15.8742 13
    endloop
  endfacet
  facet normal 0 0 1
    outer loop
      vertex -17 -21.2 13
      vertex -9.7048 -15.8742 13
      vertex -9.85184 -15.8935 13
    endloop
  endfacet
  facet normal 0 0 1
    outer loop
      vertex -17 -21.2 13
      vertex -9.85184 -15.8935 13
      vertex -10 -15.9 13
    endloop
  endfacet
  facet normal 0 0 1
    outer loop
      vertex -17 -21.2 13
      vertex -10 -15.9 13
      vertex -10.1482 -15.8935 13
    endloop
  endfacet
  facet normal 0 0 1
    outer loop
      vertex -17 -21.2 13
      vertex -10.1482 -15.8935 13
      vertex -10.2952 -15.8742 13
    endloop
  endfacet
  facet normal 0 0 1
    outer loop
      vertex -17 -9.2 13
      vertex -11.6935 -14.3482 13
      vertex -11.7 -14.2 13
    endloop
  endfacet
  facet normal 0 0 1
    outer loop
      vertex -17 -9.2 13
      vertex -11.6742 -14.4952 13
      vertex -11.6935 -14.3482 13
    endloop
  endfacet
  facet normal 0 0 1
    outer loop
      vertex -17 -21.2 13
      vertex -11.6742 -14.4952 13
      vertex -17 -9.2 13
    endloop
  endfacet
  facet normal 0 0 1
    outer loop
      vertex -11.6742 -14.4952 13
      vertex -17 -21.2 13
      vertex -11.6421 -14.64 13
    endloop
  endfacet
  facet normal 0 0 1
    outer loop
      vertex -11.6421 -14.64 13
      vertex -17 -21.2 13
      vertex -11.5975 -14.7814 13
    endloop
  endfacet
  facet normal 0 0 1
    outer loop
      vertex -11.5975 -14.7814 13
      vertex -17 -21.2 13
      vertex -11.5407 -14.9185 13
    endloop
  endfacet
  facet normal 0 0 1
    outer loop
      vertex -11.5407 -14.9185 13
      vertex -17 -21.2 13
      vertex -11.4722 -15.05 13
    endloop
  endfacet
  facet normal 0 0 1
    outer loop
      vertex -11.4722 -15.05 13
      vertex -17 -21.2 13
      vertex -11.3926 -15.1751 13
    endloop
  endfacet
  facet normal 0 0 1
    outer loop
      vertex -11.3926 -15.1751 13
      vertex -17 -21.2 13
      vertex -11.3023 -15.2927 13
    endloop
  endfacet
  facet normal 0 0 1
    outer loop
      vertex -9.28155 -15.7407 13
      vertex -17 -21.2 13
      vertex 17 -21.2 13
    endloop
  endfacet
  facet normal 0 0 1
    outer loop
      vertex -10.44 -15.8421 13
      vertex -17 -21.2 13
      vertex -10.2952 -15.8742 13
    endloop
  endfacet
  facet normal 0 0 1
    outer loop
      vertex -10.5814 -15.7975 13
      vertex -17 -21.2 13
      vertex -10.44 -15.8421 13
    endloop
  endfacet
  facet normal 0 0 1
    outer loop
      vertex -10.7185 -15.7407 13
      vertex -17 -21.2 13
      vertex -10.5814 -15.7975 13
    endloop
  endfacet
  facet normal 0 0 1
    outer loop
      vertex -10.85 -15.6722 13
      vertex -17 -21.2 13
      vertex -10.7185 -15.7407 13
    endloop
  endfacet
  facet normal 0 0 1
    outer loop
      vertex -10.9751 -15.5926 13
      vertex -17 -21.2 13
      vertex -10.85 -15.6722 13
    endloop
  endfacet
  facet normal 0 0 1
    outer loop
      vertex -11.0927 -15.5023 13
      vertex -17 -21.2 13
      vertex -10.9751 -15.5926 13
    endloop
  endfacet
  facet normal 0 0 1
    outer loop
      vertex -11.2021 -15.4021 13
      vertex -17 -21.2 13
      vertex -11.0927 -15.5023 13
    endloop
  endfacet
  facet normal 0 0 1
    outer loop
      vertex -11.3023 -15.2927 13
      vertex -17 -21.2 13
      vertex -11.2021 -15.4021 13
    endloop
  endfacet
  facet normal 0 0 -1
    outer loop
      vertex 11.6935 -14.3482 9
      vertex 17 -9.2 9
      vertex 17 -21.2 9
    endloop
  endfacet
  facet normal 0 0 -1
    outer loop
      vertex 17 -9.2 9
      vertex 11.6935 -14.3482 9
      vertex 11.7 -14.2 9
    endloop
  endfacet
  facet normal 0 0 -1
    outer loop
      vertex 17 -21.2 9
      vertex 11.6742 -14.4952 9
      vertex 11.6935 -14.3482 9
    endloop
  endfacet
  facet normal 0 0 -1
    outer loop
      vertex 17 -21.2 9
      vertex 11.6421 -14.64 9
      vertex 11.6742 -14.4952 9
    endloop
  endfacet
  facet normal 0 0 -1
    outer loop
      vertex 17 -21.2 9
      vertex 11.5975 -14.7814 9
      vertex 11.6421 -14.64 9
    endloop
  endfacet
  facet normal 0 0 -1
    outer loop
      vertex 17 -21.2 9
      vertex 11.5407 -14.9185 9
      vertex 11.5975 -14.7814 9
    endloop
  endfacet
  facet normal 0 0 -1
    outer loop
      vertex 17 -21.2 9
      vertex 11.4722 -15.05 9
      vertex 11.5407 -14.9185 9
    endloop
  endfacet
  facet normal 0 0 -1
    outer loop
      vertex 17 -21.2 9
      vertex 11.3926 -15.1751 9
      vertex 11.4722 -15.05 9
    endloop
  endfacet
  facet normal 0 0 -1
    outer loop
      vertex 17 -21.2 9
      vertex 11.3023 -15.2927 9
      vertex 11.3926 -15.1751 9
    endloop
  endfacet
  facet normal 0 0 -1
    outer loop
      vertex 17 -21.2 9
      vertex 11.2021 -15.4021 9
      vertex 11.3023 -15.2927 9
    endloop
  endfacet
  facet normal 0 0 -1
    outer loop
      vertex 17 -21.2 9
      vertex 11.0927 -15.5023 9
      vertex 11.2021 -15.4021 9
    endloop
  endfacet
  facet normal 0 0 -1
    outer loop
      vertex 17 -21.2 9
      vertex 10.9751 -15.5926 9
      vertex 11.0927 -15.5023 9
    endloop
  endfacet
  facet normal 0 0 -1
    outer loop
      vertex 17 -21.2 9
      vertex 10.85 -15.6722 9
      vertex 10.9751 -15.5926 9
    endloop
  endfacet
  facet normal 0 0 -1
    outer loop
      vertex 17 -21.2 9
      vertex 10.7185 -15.7407 9
      vertex 10.85 -15.6722 9
    endloop
  endfacet
  facet normal 0 0 -1
    outer loop
      vertex 17 -21.2 9
      vertex 10.5814 -15.7975 9
      vertex 10.7185 -15.7407 9
    endloop
  endfacet
  facet normal 0 0 -1
    outer loop
      vertex 17 -21.2 9
      vertex 10.44 -15.8421 9
      vertex 10.5814 -15.7975 9
    endloop
  endfacet
  facet normal 0 0 -1
    outer loop
      vertex 17 -21.2 9
      vertex 10.2952 -15.8742 9
      vertex 10.44 -15.8421 9
    endloop
  endfacet
  facet normal 0 0 -1
    outer loop
      vertex 17 -21.2 9
      vertex 10.1482 -15.8935 9
      vertex 10.2952 -15.8742 9
    endloop
  endfacet
  facet normal 0 0 -1
    outer loop
      vertex 17 -21.2 9
      vertex 10 -15.9 9
      vertex 10.1482 -15.8935 9
    endloop
  endfacet
  facet normal 0 0 -1
    outer loop
      vertex 17 -21.2 9
      vertex 9.85183 -15.8935 9
      vertex 10 -15.9 9
    endloop
  endfacet
  facet normal 0 0 -1
    outer loop
      vertex 17 -21.2 9
      vertex 9.7048 -15.8742 9
      vertex 9.85183 -15.8935 9
    endloop
  endfacet
  facet normal 0 0 -1
    outer loop
      vertex 17 -21.2 9
      vertex 9.56001 -15.8421 9
      vertex 9.7048 -15.8742 9
    endloop
  endfacet
  facet normal 0 0 -1
    outer loop
      vertex 17 -21.2 9
      vertex 9.41857 -15.7975 9
      vertex 9.56001 -15.8421 9
    endloop
  endfacet
  facet normal 0 0 -1
    outer loop
      vertex 17 -21.2 9
      vertex 9.28155 -15.7407 9
      vertex 9.41857 -15.7975 9
    endloop
  endfacet
  facet normal 0 0 -1
    outer loop
      vertex -9.28155 -15.7407 9
      vertex 9.28155 -15.7407 9
      vertex 17 -21.2 9
    endloop
  endfacet
  facet normal 0 0 -1
    outer loop
      vertex 9.28155 -15.7407 9
      vertex -9.28155 -15.7407 9
      vertex 9.15 -15.6722 9
    endloop
  endfacet
  facet normal 0 0 -1
    outer loop
      vertex 8.30647 -14.3482 9
      vertex -8.3 -14.2 9
      vertex 8.3 -14.2 9
    endloop
  endfacet
  facet normal 0 0 -1
    outer loop
      vertex -8.30647 -14.3482 9
      vertex 8.30647 -14.3482 9
      vertex 8.32583 -14.4952 9
    endloop
  endfacet
  facet normal 0 0 -1
    outer loop
      vertex -8.32583 -14.4952 9
      vertex 8.32583 -14.4952 9
      vertex 8.35793 -14.64 9
    endloop
  endfacet
  facet normal 0 0 -1
    outer loop
      vertex -8.35793 -14.64 9
      vertex 8.35793 -14.64 9
      vertex 8.40252 -14.7814 9
    endloop
  endfacet
  facet normal 0 0 -1
    outer loop
      vertex -8.40252 -14.7814 9
      vertex 8.40252 -14.7814 9
      vertex 8.45928 -14.9185 9
    endloop
  endfacet
  facet normal 0 0 -1
    outer loop
      vertex -8.45928 -14.9185 9
      vertex 8.45928 -14.9185 9
      vertex 8.52776 -15.05 9
    endloop
  endfacet
  facet normal 0 0 -1
    outer loop
      vertex -8.52776 -15.05 9
      vertex 8.52776 -15.05 9
      vertex 8.60744 -15.1751 9
    endloop
  endfacet
  facet normal 0 0 -1
    outer loop
      vertex -8.60744 -15.1751 9
      vertex 8.60744 -15.1751 9
      vertex 8.69772 -15.2927 9
    endloop
  endfacet
  facet normal 0 0 -1
    outer loop
      vertex -8.69773 -15.2927 9
      vertex 8.69772 -15.2927 9
      vertex 8.79792 -15.4021 9
    endloop
  endfacet
  facet normal 0 0 -1
    outer loop
      vertex -8.79792 -15.4021 9
      vertex 8.79792 -15.4021 9
      vertex 8.90726 -15.5023 9
    endloop
  endfacet
  facet normal 0 0 -1
    outer loop
      vertex -8.90726 -15.5023 9
      vertex 8.90726 -15.5023 9
      vertex 9.02492 -15.5926 9
    endloop
  endfacet
  facet normal 0 -0 -1
    outer loop
      vertex -9.15 -15.6722 9
      vertex 9.15 -15.6722 9
      vertex -9.28155 -15.7407 9
    endloop
  endfacet
  facet normal 0 0 -1
    outer loop
      vertex 8.30647 -14.3482 9
      vertex -8.30647 -14.3482 9
      vertex -8.3 -14.2 9
    endloop
  endfacet
  facet normal 0 0 -1
    outer loop
      vertex 8.32583 -14.4952 9
      vertex -8.32583 -14.4952 9
      vertex -8.30647 -14.3482 9
    endloop
  endfacet
  facet normal 0 0 -1
    outer loop
      vertex 8.35793 -14.64 9
      vertex -8.35793 -14.64 9
      vertex -8.32583 -14.4952 9
    endloop
  endfacet
  facet normal 0 0 -1
    outer loop
      vertex 8.40252 -14.7814 9
      vertex -8.40252 -14.7814 9
      vertex -8.35793 -14.64 9
    endloop
  endfacet
  facet normal 0 0 -1
    outer loop
      vertex 8.45928 -14.9185 9
      vertex -8.45928 -14.9185 9
      vertex -8.40252 -14.7814 9
    endloop
  endfacet
  facet normal 0 0 -1
    outer loop
      vertex 8.52776 -15.05 9
      vertex -8.52776 -15.05 9
      vertex -8.45928 -14.9185 9
    endloop
  endfacet
  facet normal 0 0 -1
    outer loop
      vertex 8.60744 -15.1751 9
      vertex -8.60744 -15.1751 9
      vertex -8.52776 -15.05 9
    endloop
  endfacet
  facet normal 0 0 -1
    outer loop
      vertex 8.69772 -15.2927 9
      vertex -8.69773 -15.2927 9
      vertex -8.60744 -15.1751 9
    endloop
  endfacet
  facet normal 0 0 -1
    outer loop
      vertex 8.79792 -15.4021 9
      vertex -8.79792 -15.4021 9
      vertex -8.69773 -15.2927 9
    endloop
  endfacet
  facet normal 0 0 -1
    outer loop
      vertex 8.90726 -15.5023 9
      vertex -8.90726 -15.5023 9
      vertex -8.79792 -15.4021 9
    endloop
  endfacet
  facet normal 0 0 -1
    outer loop
      vertex 9.02492 -15.5926 9
      vertex -9.02492 -15.5926 9
      vertex -8.90726 -15.5023 9
    endloop
  endfacet
  facet normal -0 0 -1
    outer loop
      vertex 9.02492 -15.5926 9
      vertex -9.15 -15.6722 9
      vertex -9.02492 -15.5926 9
    endloop
  endfacet
  facet normal 0 0 -1
    outer loop
      vertex 9.15 -15.6722 9
      vertex -9.15 -15.6722 9
      vertex 9.02492 -15.5926 9
    endloop
  endfacet
  facet normal 0 0 -1
    outer loop
      vertex -17 -21.2 9
      vertex -9.28155 -15.7407 9
      vertex 17 -21.2 9
    endloop
  endfacet
  facet normal 0 0 -1
    outer loop
      vertex -9.28155 -15.7407 9
      vertex -17 -21.2 9
      vertex -9.41857 -15.7975 9
    endloop
  endfacet
  facet normal 0 0 -1
    outer loop
      vertex -9.41857 -15.7975 9
      vertex -17 -21.2 9
      vertex -9.56001 -15.8421 9
    endloop
  endfacet
  facet normal 0 0 -1
    outer loop
      vertex -9.56001 -15.8421 9
      vertex -17 -21.2 9
      vertex -9.7048 -15.8742 9
    endloop
  endfacet
  facet normal 0 0 -1
    outer loop
      vertex -9.7048 -15.8742 9
      vertex -17 -21.2 9
      vertex -9.85184 -15.8935 9
    endloop
  endfacet
  facet normal 0 0 -1
    outer loop
      vertex -9.85184 -15.8935 9
      vertex -17 -21.2 9
      vertex -10 -15.9 9
    endloop
  endfacet
  facet normal -0 0 -1
    outer loop
      vertex -10 -15.9 9
      vertex -17 -21.2 9
      vertex -10.1482 -15.8935 9
    endloop
  endfacet
  facet normal 0 0 -1
    outer loop
      vertex -17 -9.2 9
      vertex -11.6935 -14.3482 9
      vertex -17 -21.2 9
    endloop
  endfacet
  facet normal -0 0 -1
    outer loop
      vertex -11.6742 -14.4952 9
      vertex -17 -21.2 9
      vertex -11.6935 -14.3482 9
    endloop
  endfacet
  facet normal -0 0 -1
    outer loop
      vertex -11.6421 -14.64 9
      vertex -17 -21.2 9
      vertex -11.6742 -14.4952 9
    endloop
  endfacet
  facet normal -0 0 -1
    outer loop
      vertex -11.5975 -14.7814 9
      vertex -17 -21.2 9
      vertex -11.6421 -14.64 9
    endloop
  endfacet
  facet normal -0 0 -1
    outer loop
      vertex -11.5407 -14.9185 9
      vertex -17 -21.2 9
      vertex -11.5975 -14.7814 9
    endloop
  endfacet
  facet normal -0 0 -1
    outer loop
      vertex -11.4722 -15.05 9
      vertex -17 -21.2 9
      vertex -11.5407 -14.9185 9
    endloop
  endfacet
  facet normal -0 0 -1
    outer loop
      vertex -11.3926 -15.1751 9
      vertex -17 -21.2 9
      vertex -11.4722 -15.05 9
    endloop
  endfacet
  facet normal -0 0 -1
    outer loop
      vertex -11.3023 -15.2927 9
      vertex -17 -21.2 9
      vertex -11.3926 -15.1751 9
    endloop
  endfacet
  facet normal -0 0 -1
    outer loop
      vertex -11.2021 -15.4021 9
      vertex -17 -21.2 9
      vertex -11.3023 -15.2927 9
    endloop
  endfacet
  facet normal -0 0 -1
    outer loop
      vertex -11.0927 -15.5023 9
      vertex -17 -21.2 9
      vertex -11.2021 -15.4021 9
    endloop
  endfacet
  facet normal -0 0 -1
    outer loop
      vertex -10.9751 -15.5926 9
      vertex -17 -21.2 9
      vertex -11.0927 -15.5023 9
    endloop
  endfacet
  facet normal -0 0 -1
    outer loop
      vertex -10.85 -15.6722 9
      vertex -17 -21.2 9
      vertex -10.9751 -15.5926 9
    endloop
  endfacet
  facet normal -0 0 -1
    outer loop
      vertex -10.7185 -15.7407 9
      vertex -17 -21.2 9
      vertex -10.85 -15.6722 9
    endloop
  endfacet
  facet normal -0 0 -1
    outer loop
      vertex -10.5814 -15.7975 9
      vertex -17 -21.2 9
      vertex -10.7185 -15.7407 9
    endloop
  endfacet
  facet normal -0 0 -1
    outer loop
      vertex -10.44 -15.8421 9
      vertex -17 -21.2 9
      vertex -10.5814 -15.7975 9
    endloop
  endfacet
  facet normal -0 0 -1
    outer loop
      vertex -10.2952 -15.8742 9
      vertex -17 -21.2 9
      vertex -10.44 -15.8421 9
    endloop
  endfacet
  facet normal -0 0 -1
    outer loop
      vertex -10.1482 -15.8935 9
      vertex -17 -21.2 9
      vertex -10.2952 -15.8742 9
    endloop
  endfacet
  facet normal 0 0 -1
    outer loop
      vertex 11.6935 -14.0518 9
      vertex 17 -9.2 9
      vertex 11.7 -14.2 9
    endloop
  endfacet
  facet normal 0 0 -1
    outer loop
      vertex 11.6742 -13.9048 9
      vertex 17 -9.2 9
      vertex 11.6935 -14.0518 9
    endloop
  endfacet
  facet normal 0 0 -1
    outer loop
      vertex 11.6421 -13.76 9
      vertex 17 -9.2 9
      vertex 11.6742 -13.9048 9
    endloop
  endfacet
  facet normal 0 0 -1
    outer loop
      vertex 11.5975 -13.6186 9
      vertex 17 -9.2 9
      vertex 11.6421 -13.76 9
    endloop
  endfacet
  facet normal 0 0 -1
    outer loop
      vertex 11.5407 -13.4815 9
      vertex 17 -9.2 9
      vertex 11.5975 -13.6186 9
    endloop
  endfacet
  facet normal 0 0 -1
    outer loop
      vertex 11.4722 -13.35 9
      vertex 17 -9.2 9
      vertex 11.5407 -13.4815 9
    endloop
  endfacet
  facet normal 0 0 -1
    outer loop
      vertex 11.3926 -13.2249 9
      vertex 17 -9.2 9
      vertex 11.4722 -13.35 9
    endloop
  endfacet
  facet normal 0 0 -1
    outer loop
      vertex 11.3023 -13.1073 9
      vertex 17 -9.2 9
      vertex 11.3926 -13.2249 9
    endloop
  endfacet
  facet normal 0 0 -1
    outer loop
      vertex 11.2021 -12.9979 9
      vertex 17 -9.2 9
      vertex 11.3023 -13.1073 9
    endloop
  endfacet
  facet normal 0 0 -1
    outer loop
      vertex 11.0927 -12.8977 9
      vertex 17 -9.2 9
      vertex 11.2021 -12.9979 9
    endloop
  endfacet
  facet normal 0 0 -1
    outer loop
      vertex 10.9751 -12.8074 9
      vertex 17 -9.2 9
      vertex 11.0927 -12.8977 9
    endloop
  endfacet
  facet normal 0 0 -1
    outer loop
      vertex 10.85 -12.7278 9
      vertex 17 -9.2 9
      vertex 10.9751 -12.8074 9
    endloop
  endfacet
  facet normal 0 0 -1
    outer loop
      vertex 10.7185 -12.6593 9
      vertex 17 -9.2 9
      vertex 10.85 -12.7278 9
    endloop
  endfacet
  facet normal 0 0 -1
    outer loop
      vertex 10.5814 -12.6025 9
      vertex 17 -9.2 9
      vertex 10.7185 -12.6593 9
    endloop
  endfacet
  facet normal 0 0 -1
    outer loop
      vertex 10.44 -12.5579 9
      vertex 17 -9.2 9
      vertex 10.5814 -12.6025 9
    endloop
  endfacet
  facet normal 0 0 -1
    outer loop
      vertex 10.2952 -12.5258 9
      vertex 17 -9.2 9
      vertex 10.44 -12.5579 9
    endloop
  endfacet
  facet normal 0 0 -1
    outer loop
      vertex 10.1482 -12.5065 9
      vertex 17 -9.2 9
      vertex 10.2952 -12.5258 9
    endloop
  endfacet
  facet normal 0 0 -1
    outer loop
      vertex 10 -12.5 9
      vertex 17 -9.2 9
      vertex 10.1482 -12.5065 9
    endloop
  endfacet
  facet normal 0 0 -1
    outer loop
      vertex 9.85183 -12.5065 9
      vertex 17 -9.2 9
      vertex 10 -12.5 9
    endloop
  endfacet
  facet normal 0 0 -1
    outer loop
      vertex 9.7048 -12.5258 9
      vertex 17 -9.2 9
      vertex 9.85183 -12.5065 9
    endloop
  endfacet
  facet normal 0 0 -1
    outer loop
      vertex 9.56001 -12.5579 9
      vertex 17 -9.2 9
      vertex 9.7048 -12.5258 9
    endloop
  endfacet
  facet normal 0 0 -1
    outer loop
      vertex 9.41857 -12.6025 9
      vertex 17 -9.2 9
      vertex 9.56001 -12.5579 9
    endloop
  endfacet
  facet normal 0 0 -1
    outer loop
      vertex -9.41857 -12.6025 9
      vertex 9.41857 -12.6025 9
      vertex 9.28155 -12.6593 9
    endloop
  endfacet
  facet normal 0 0 -1
    outer loop
      vertex -8.3 -14.2 9
      vertex 8.30647 -14.0518 9
      vertex 8.3 -14.2 9
    endloop
  endfacet
  facet normal 0 0 -1
    outer loop
      vertex -8.30647 -14.0518 9
      vertex 8.30647 -14.0518 9
      vertex -8.3 -14.2 9
    endloop
  endfacet
  facet normal 0 0 -1
    outer loop
      vertex 8.30647 -14.0518 9
      vertex -8.30647 -14.0518 9
      vertex 8.32583 -13.9048 9
    endloop
  endfacet
  facet normal 0 0 -1
    outer loop
      vertex -8.32583 -13.9048 9
      vertex 8.32583 -13.9048 9
      vertex -8.30647 -14.0518 9
    endloop
  endfacet
  facet normal 0 0 -1
    outer loop
      vertex 8.32583 -13.9048 9
      vertex -8.32583 -13.9048 9
      vertex 8.35793 -13.76 9
    endloop
  endfacet
  facet normal 0 0 -1
    outer loop
      vertex -8.35793 -13.76 9
      vertex 8.35793 -13.76 9
      vertex -8.32583 -13.9048 9
    endloop
  endfacet
  facet normal 0 0 -1
    outer loop
      vertex 8.35793 -13.76 9
      vertex -8.35793 -13.76 9
      vertex 8.40252 -13.6186 9
    endloop
  endfacet
  facet normal 0 0 -1
    outer loop
      vertex -8.40252 -13.6186 9
      vertex 8.40252 -13.6186 9
      vertex -8.35793 -13.76 9
    endloop
  endfacet
  facet normal 0 0 -1
    outer loop
      vertex 8.40252 -13.6186 9
      vertex -8.40252 -13.6186 9
      vertex 8.45928 -13.4815 9
    endloop
  endfacet
  facet normal 0 0 -1
    outer loop
      vertex -8.45928 -13.4815 9
      vertex 8.45928 -13.4815 9
      vertex -8.40252 -13.6186 9
    endloop
  endfacet
  facet normal 0 0 -1
    outer loop
      vertex 8.45928 -13.4815 9
      vertex -8.45928 -13.4815 9
      vertex 8.52776 -13.35 9
    endloop
  endfacet
  facet normal 0 0 -1
    outer loop
      vertex -8.52776 -13.35 9
      vertex 8.52776 -13.35 9
      vertex -8.45928 -13.4815 9
    endloop
  endfacet
  facet normal 0 0 -1
    outer loop
      vertex 8.52776 -13.35 9
      vertex -8.52776 -13.35 9
      vertex 8.60744 -13.2249 9
    endloop
  endfacet
  facet normal 0 0 -1
    outer loop
      vertex -8.60744 -13.2249 9
      vertex 8.60744 -13.2249 9
      vertex -8.52776 -13.35 9
    endloop
  endfacet
  facet normal 0 0 -1
    outer loop
      vertex 8.60744 -13.2249 9
      vertex -8.60744 -13.2249 9
      vertex 8.69772 -13.1073 9
    endloop
  endfacet
  facet normal 0 0 -1
    outer loop
      vertex -8.69773 -13.1073 9
      vertex 8.69772 -13.1073 9
      vertex -8.60744 -13.2249 9
    endloop
  endfacet
  facet normal 0 0 -1
    outer loop
      vertex 8.69772 -13.1073 9
      vertex -8.69773 -13.1073 9
      vertex 8.79792 -12.9979 9
    endloop
  endfacet
  facet normal 0 0 -1
    outer loop
      vertex -8.79792 -12.9979 9
      vertex 8.79792 -12.9979 9
      vertex -8.69773 -13.1073 9
    endloop
  endfacet
  facet normal 0 0 -1
    outer loop
      vertex 8.79792 -12.9979 9
      vertex -8.79792 -12.9979 9
      vertex 8.90726 -12.8977 9
    endloop
  endfacet
  facet normal 0 0 -1
    outer loop
      vertex -8.90726 -12.8977 9
      vertex 8.90726 -12.8977 9
      vertex -8.79792 -12.9979 9
    endloop
  endfacet
  facet normal 0 0 -1
    outer loop
      vertex 8.90726 -12.8977 9
      vertex -8.90726 -12.8977 9
      vertex 9.02492 -12.8074 9
    endloop
  endfacet
  facet normal 0 0 -1
    outer loop
      vertex -9.02492 -12.8074 9
      vertex 9.02492 -12.8074 9
      vertex -8.90726 -12.8977 9
    endloop
  endfacet
  facet normal 0 0 -1
    outer loop
      vertex 9.02492 -12.8074 9
      vertex -9.02492 -12.8074 9
      vertex 9.15 -12.7278 9
    endloop
  endfacet
  facet normal 0 0 -1
    outer loop
      vertex -9.15 -12.7278 9
      vertex 9.15 -12.7278 9
      vertex -9.02492 -12.8074 9
    endloop
  endfacet
  facet normal 0 0 -1
    outer loop
      vertex 9.15 -12.7278 9
      vertex -9.15 -12.7278 9
      vertex 9.28155 -12.6593 9
    endloop
  endfacet
  facet normal 0 0 -1
    outer loop
      vertex -9.28155 -12.6593 9
      vertex 9.28155 -12.6593 9
      vertex -9.15 -12.7278 9
    endloop
  endfacet
  facet normal 0 0 -1
    outer loop
      vertex -9.41857 -12.6025 9
      vertex 9.28155 -12.6593 9
      vertex -9.28155 -12.6593 9
    endloop
  endfacet
  facet normal 0 0 -1
    outer loop
      vertex 9.41857 -12.6025 9
      vertex -9.41857 -12.6025 9
      vertex 17 -9.2 9
    endloop
  endfacet
  facet normal 0 0 -1
    outer loop
      vertex -9.56001 -12.5579 9
      vertex 17 -9.2 9
      vertex -9.41857 -12.6025 9
    endloop
  endfacet
  facet normal 0 0 -1
    outer loop
      vertex -17 -9.2 9
      vertex -9.56001 -12.5579 9
      vertex -9.7048 -12.5258 9
    endloop
  endfacet
  facet normal 0 0 -1
    outer loop
      vertex -17 -9.2 9
      vertex -9.7048 -12.5258 9
      vertex -9.85184 -12.5065 9
    endloop
  endfacet
  facet normal 0 0 -1
    outer loop
      vertex -17 -9.2 9
      vertex -9.85184 -12.5065 9
      vertex -10 -12.5 9
    endloop
  endfacet
  facet normal 0 0 -1
    outer loop
      vertex -17 -9.2 9
      vertex -10 -12.5 9
      vertex -10.1482 -12.5065 9
    endloop
  endfacet
  facet normal 0 0 -1
    outer loop
      vertex -11.6935 -14.3482 9
      vertex -17 -9.2 9
      vertex -11.7 -14.2 9
    endloop
  endfacet
  facet normal 0 0 -1
    outer loop
      vertex -11.7 -14.2 9
      vertex -17 -9.2 9
      vertex -11.6935 -14.0518 9
    endloop
  endfacet
  facet normal 0 0 -1
    outer loop
      vertex -11.6935 -14.0518 9
      vertex -17 -9.2 9
      vertex -11.6742 -13.9048 9
    endloop
  endfacet
  facet normal 0 0 -1
    outer loop
      vertex -11.6742 -13.9048 9
      vertex -17 -9.2 9
      vertex -11.6421 -13.76 9
    endloop
  endfacet
  facet normal 0 0 -1
    outer loop
      vertex -11.6421 -13.76 9
      vertex -17 -9.2 9
      vertex -11.5975 -13.6186 9
    endloop
  endfacet
  facet normal 0 0 -1
    outer loop
      vertex -11.5975 -13.6186 9
      vertex -17 -9.2 9
      vertex -11.5407 -13.4815 9
    endloop
  endfacet
  facet normal 0 0 -1
    outer loop
      vertex -11.5407 -13.4815 9
      vertex -17 -9.2 9
      vertex -11.4722 -13.35 9
    endloop
  endfacet
  facet normal 0 0 -1
    outer loop
      vertex -9.56001 -12.5579 9
      vertex -17 -9.2 9
      vertex 17 -9.2 9
    endloop
  endfacet
  facet normal 0 0 -1
    outer loop
      vertex -10.2952 -12.5258 9
      vertex -17 -9.2 9
      vertex -10.1482 -12.5065 9
    endloop
  endfacet
  facet normal 0 0 -1
    outer loop
      vertex -10.44 -12.5579 9
      vertex -17 -9.2 9
      vertex -10.2952 -12.5258 9
    endloop
  endfacet
  facet normal 0 0 -1
    outer loop
      vertex -10.5814 -12.6025 9
      vertex -17 -9.2 9
      vertex -10.44 -12.5579 9
    endloop
  endfacet
  facet normal 0 0 -1
    outer loop
      vertex -10.7185 -12.6593 9
      vertex -17 -9.2 9
      vertex -10.5814 -12.6025 9
    endloop
  endfacet
  facet normal 0 0 -1
    outer loop
      vertex -10.85 -12.7278 9
      vertex -17 -9.2 9
      vertex -10.7185 -12.6593 9
    endloop
  endfacet
  facet normal 0 0 -1
    outer loop
      vertex -10.9751 -12.8074 9
      vertex -17 -9.2 9
      vertex -10.85 -12.7278 9
    endloop
  endfacet
  facet normal 0 0 -1
    outer loop
      vertex -11.0927 -12.8977 9
      vertex -17 -9.2 9
      vertex -10.9751 -12.8074 9
    endloop
  endfacet
  facet normal 0 0 -1
    outer loop
      vertex -11.2021 -12.9979 9
      vertex -17 -9.2 9
      vertex -11.0927 -12.8977 9
    endloop
  endfacet
  facet normal 0 0 -1
    outer loop
      vertex -11.3023 -13.1073 9
      vertex -17 -9.2 9
      vertex -11.2021 -12.9979 9
    endloop
  endfacet
  facet normal 0 0 -1
    outer loop
      vertex -11.3926 -13.2249 9
      vertex -17 -9.2 9
      vertex -11.3023 -13.1073 9
    endloop
  endfacet
  facet normal 0 0 -1
    outer loop
      vertex -11.4722 -13.35 9
      vertex -17 -9.2 9
      vertex -11.3926 -13.2249 9
    endloop
  endfacet
  facet normal 0 -1 0
    outer loop
      vertex -17 -21.2 9
      vertex 17 -21.2 13
      vertex -17 -21.2 13
    endloop
  endfacet
  facet normal 0 -1 -0
    outer loop
      vertex 17 -21.2 13
      vertex -17 -21.2 9
      vertex 17 -21.2 9
    endloop
  endfacet
  facet normal -0.991439 -0.130573 0
    outer loop
      vertex -8.30647 -14.0518 9
      vertex -8.32583 -13.9048 13
      vertex -8.32583 -13.9048 9
    endloop
  endfacet
  facet normal -0.991439 -0.130573 0
    outer loop
      vertex -8.32583 -13.9048 13
      vertex -8.30647 -14.0518 9
      vertex -8.30647 -14.0518 13
    endloop
  endfacet
  facet normal -0.999048 -0.0436157 0
    outer loop
      vertex -8.3 -14.2 9
      vertex -8.30647 -14.0518 13
      vertex -8.30647 -14.0518 9
    endloop
  endfacet
  facet normal -0.999048 -0.0436157 0
    outer loop
      vertex -8.30647 -14.0518 13
      vertex -8.3 -14.2 9
      vertex -8.3 -14.2 13
    endloop
  endfacet
  facet normal -0.976298 -0.216431 0
    outer loop
      vertex -8.32583 -13.9048 9
      vertex -8.35793 -13.76 13
      vertex -8.35793 -13.76 9
    endloop
  endfacet
  facet normal -0.976298 -0.216431 0
    outer loop
      vertex -8.35793 -13.76 13
      vertex -8.32583 -13.9048 9
      vertex -8.32583 -13.9048 13
    endloop
  endfacet
  facet normal 0.216431 -0.976298 0
    outer loop
      vertex -10.44 -12.5579 9
      vertex -10.2952 -12.5258 13
      vertex -10.44 -12.5579 13
    endloop
  endfacet
  facet normal 0.216431 -0.976298 0
    outer loop
      vertex -10.2952 -12.5258 13
      vertex -10.44 -12.5579 9
      vertex -10.2952 -12.5258 9
    endloop
  endfacet
  facet normal -0.843445 -0.537216 0
    outer loop
      vertex -8.52776 -13.35 9
      vertex -8.60744 -13.2249 13
      vertex -8.60744 -13.2249 9
    endloop
  endfacet
  facet normal -0.843445 -0.537216 0
    outer loop
      vertex -8.60744 -13.2249 13
      vertex -8.52776 -13.35 9
      vertex -8.52776 -13.35 13
    endloop
  endfacet
  facet normal 0.976298 0.216431 0
    outer loop
      vertex -11.6421 -14.64 13
      vertex -11.6742 -14.4952 9
      vertex -11.6742 -14.4952 13
    endloop
  endfacet
  facet normal 0.976298 0.216431 0
    outer loop
      vertex -11.6742 -14.4952 9
      vertex -11.6421 -14.64 13
      vertex -11.6421 -14.64 9
    endloop
  endfacet
  facet normal -0.737467 -0.675383 0
    outer loop
      vertex -8.69773 -13.1073 9
      vertex -8.79792 -12.9979 13
      vertex -8.79792 -12.9979 9
    endloop
  endfacet
  facet normal -0.737467 -0.675383 0
    outer loop
      vertex -8.79792 -12.9979 13
      vertex -8.69773 -13.1073 9
      vertex -8.69773 -13.1073 13
    endloop
  endfacet
  facet normal -0.999048 0.0436157 0
    outer loop
      vertex -8.30647 -14.3482 9
      vertex -8.3 -14.2 13
      vertex -8.3 -14.2 9
    endloop
  endfacet
  facet normal -0.999048 0.0436157 0
    outer loop
      vertex -8.3 -14.2 13
      vertex -8.30647 -14.3482 9
      vertex -8.30647 -14.3482 13
    endloop
  endfacet
  facet normal -0.675621 0.737249 0
    outer loop
      vertex -8.79792 -15.4021 9
      vertex -8.90726 -15.5023 13
      vertex -8.79792 -15.4021 13
    endloop
  endfacet
  facet normal -0.675621 0.737249 0
    outer loop
      vertex -8.90726 -15.5023 13
      vertex -8.79792 -15.4021 9
      vertex -8.90726 -15.5023 9
    endloop
  endfacet
  facet normal 0.79315 -0.609026 0
    outer loop
      vertex -11.3926 -13.2249 13
      vertex -11.3023 -13.1073 9
      vertex -11.3023 -13.1073 13
    endloop
  endfacet
  facet normal 0.79315 -0.609026 0
    outer loop
      vertex -11.3023 -13.1073 9
      vertex -11.3926 -13.2249 13
      vertex -11.3926 -13.2249 9
    endloop
  endfacet
  facet normal -0.382939 0.923774 0
    outer loop
      vertex -9.28155 -15.7407 9
      vertex -9.41857 -15.7975 13
      vertex -9.28155 -15.7407 13
    endloop
  endfacet
  facet normal -0.382939 0.923774 0
    outer loop
      vertex -9.41857 -15.7975 13
      vertex -9.28155 -15.7407 9
      vertex -9.41857 -15.7975 9
    endloop
  endfacet
  facet normal -0.953704 -0.300747 0
    outer loop
      vertex -8.35793 -13.76 9
      vertex -8.40252 -13.6186 13
      vertex -8.40252 -13.6186 9
    endloop
  endfacet
  facet normal -0.953704 -0.300747 0
    outer loop
      vertex -8.40252 -13.6186 13
      vertex -8.35793 -13.76 9
      vertex -8.35793 -13.76 13
    endloop
  endfacet
  facet normal -0.130141 0.991496 0
    outer loop
      vertex -9.7048 -15.8742 9
      vertex -9.85184 -15.8935 13
      vertex -9.7048 -15.8742 13
    endloop
  endfacet
  facet normal -0.130141 0.991496 0
    outer loop
      vertex -9.85184 -15.8935 13
      vertex -9.7048 -15.8742 9
      vertex -9.85184 -15.8935 9
    endloop
  endfacet
  facet normal 0.976298 -0.216431 0
    outer loop
      vertex -11.6742 -13.9048 13
      vertex -11.6421 -13.76 9
      vertex -11.6421 -13.76 13
    endloop
  endfacet
  facet normal 0.976298 -0.216431 0
    outer loop
      vertex -11.6421 -13.76 9
      vertex -11.6742 -13.9048 13
      vertex -11.6742 -13.9048 9
    endloop
  endfacet
  facet normal 0.609026 -0.79315 0
    outer loop
      vertex -11.0927 -12.8977 9
      vertex -10.9751 -12.8074 13
      vertex -11.0927 -12.8977 13
    endloop
  endfacet
  facet normal 0.609026 -0.79315 0
    outer loop
      vertex -10.9751 -12.8074 13
      vertex -11.0927 -12.8977 9
      vertex -10.9751 -12.8074 9
    endloop
  endfacet
  facet normal 0.0438175 -0.99904 0
    outer loop
      vertex -10.1482 -12.5065 9
      vertex -10 -12.5 13
      vertex -10.1482 -12.5065 13
    endloop
  endfacet
  facet normal 0.0438175 -0.99904 0
    outer loop
      vertex -10 -12.5 13
      vertex -10.1482 -12.5065 9
      vertex -10 -12.5 9
    endloop
  endfacet
  facet normal 0.609026 0.79315 -0
    outer loop
      vertex -10.9751 -15.5926 9
      vertex -11.0927 -15.5023 13
      vertex -10.9751 -15.5926 13
    endloop
  endfacet
  facet normal 0.609026 0.79315 0
    outer loop
      vertex -11.0927 -15.5023 13
      vertex -10.9751 -15.5926 9
      vertex -11.0927 -15.5023 9
    endloop
  endfacet
  facet normal 0.382749 -0.923853 0
    outer loop
      vertex -10.7185 -12.6593 9
      vertex -10.5814 -12.6025 13
      vertex -10.7185 -12.6593 13
    endloop
  endfacet
  facet normal 0.382749 -0.923853 0
    outer loop
      vertex -10.5814 -12.6025 13
      vertex -10.7185 -12.6593 9
      vertex -10.5814 -12.6025 9
    endloop
  endfacet
  facet normal 0.99904 -0.0438175 0
    outer loop
      vertex -11.7 -14.2 13
      vertex -11.6935 -14.0518 9
      vertex -11.6935 -14.0518 13
    endloop
  endfacet
  facet normal 0.99904 -0.0438175 0
    outer loop
      vertex -11.6935 -14.0518 9
      vertex -11.7 -14.2 13
      vertex -11.7 -14.2 9
    endloop
  endfacet
  facet normal -0.300731 -0.953709 0
    outer loop
      vertex -9.56001 -12.5579 9
      vertex -9.41857 -12.6025 13
      vertex -9.56001 -12.5579 13
    endloop
  endfacet
  facet normal -0.300731 -0.953709 -0
    outer loop
      vertex -9.41857 -12.6025 13
      vertex -9.56001 -12.5579 9
      vertex -9.41857 -12.6025 9
    endloop
  endfacet
  facet normal 0.300809 -0.953685 0
    outer loop
      vertex -10.5814 -12.6025 9
      vertex -10.44 -12.5579 13
      vertex -10.5814 -12.6025 13
    endloop
  endfacet
  facet normal 0.300809 -0.953685 0
    outer loop
      vertex -10.44 -12.5579 13
      vertex -10.5814 -12.6025 9
      vertex -10.44 -12.5579 9
    endloop
  endfacet
  facet normal -0.923948 -0.382518 0
    outer loop
      vertex -8.40252 -13.6186 9
      vertex -8.45928 -13.4815 13
      vertex -8.45928 -13.4815 9
    endloop
  endfacet
  facet normal -0.923948 -0.382518 0
    outer loop
      vertex -8.45928 -13.4815 13
      vertex -8.40252 -13.6186 9
      vertex -8.40252 -13.6186 13
    endloop
  endfacet
  facet normal -0.300731 0.953709 0
    outer loop
      vertex -9.41857 -15.7975 9
      vertex -9.56001 -15.8421 13
      vertex -9.41857 -15.7975 13
    endloop
  endfacet
  facet normal -0.300731 0.953709 0
    outer loop
      vertex -9.56001 -15.8421 13
      vertex -9.41857 -15.7975 9
      vertex -9.56001 -15.8421 9
    endloop
  endfacet
  facet normal -0.216445 0.976295 0
    outer loop
      vertex -9.56001 -15.8421 9
      vertex -9.7048 -15.8742 13
      vertex -9.56001 -15.8421 13
    endloop
  endfacet
  facet normal -0.216445 0.976295 0
    outer loop
      vertex -9.7048 -15.8742 13
      vertex -9.56001 -15.8421 9
      vertex -9.7048 -15.8742 9
    endloop
  endfacet
  facet normal -0.608831 -0.7933 0
    outer loop
      vertex -9.02492 -12.8074 9
      vertex -8.90726 -12.8977 13
      vertex -9.02492 -12.8074 13
    endloop
  endfacet
  facet normal -0.608831 -0.7933 -0
    outer loop
      vertex -8.90726 -12.8977 13
      vertex -9.02492 -12.8074 9
      vertex -8.90726 -12.8977 9
    endloop
  endfacet
  facet normal 0.46199 0.886885 -0
    outer loop
      vertex -10.7185 -15.7407 9
      vertex -10.85 -15.6722 13
      vertex -10.7185 -15.7407 13
    endloop
  endfacet
  facet normal 0.46199 0.886885 0
    outer loop
      vertex -10.85 -15.6722 13
      vertex -10.7185 -15.7407 9
      vertex -10.85 -15.6722 9
    endloop
  endfacet
  facet normal -0.0438293 -0.999039 0
    outer loop
      vertex -10 -12.5 9
      vertex -9.85184 -12.5065 13
      vertex -10 -12.5 13
    endloop
  endfacet
  facet normal -0.0438293 -0.999039 -0
    outer loop
      vertex -9.85184 -12.5065 13
      vertex -10 -12.5 9
      vertex -9.85184 -12.5065 9
    endloop
  endfacet
  facet normal 0.536832 -0.843689 0
    outer loop
      vertex -10.9751 -12.8074 9
      vertex -10.85 -12.7278 13
      vertex -10.9751 -12.8074 13
    endloop
  endfacet
  facet normal 0.536832 -0.843689 0
    outer loop
      vertex -10.85 -12.7278 13
      vertex -10.9751 -12.8074 9
      vertex -10.85 -12.7278 9
    endloop
  endfacet
  facet normal -0.130141 -0.991496 0
    outer loop
      vertex -9.85184 -12.5065 9
      vertex -9.7048 -12.5258 13
      vertex -9.85184 -12.5065 13
    endloop
  endfacet
  facet normal -0.130141 -0.991496 -0
    outer loop
      vertex -9.7048 -12.5258 13
      vertex -9.85184 -12.5065 9
      vertex -9.7048 -12.5258 9
    endloop
  endfacet
  facet normal -0.793183 0.608984 0
    outer loop
      vertex -8.69773 -15.2927 9
      vertex -8.60744 -15.1751 13
      vertex -8.60744 -15.1751 9
    endloop
  endfacet
  facet normal -0.793183 0.608984 0
    outer loop
      vertex -8.60744 -15.1751 13
      vertex -8.69773 -15.2927 9
      vertex -8.69773 -15.2927 13
    endloop
  endfacet
  facet normal -0.991439 0.130573 0
    outer loop
      vertex -8.32583 -14.4952 9
      vertex -8.30647 -14.3482 13
      vertex -8.30647 -14.3482 9
    endloop
  endfacet
  facet normal -0.991439 0.130573 0
    outer loop
      vertex -8.30647 -14.3482 13
      vertex -8.32583 -14.4952 9
      vertex -8.32583 -14.4952 13
    endloop
  endfacet
  facet normal -0.382939 -0.923774 0
    outer loop
      vertex -9.41857 -12.6025 9
      vertex -9.28155 -12.6593 13
      vertex -9.41857 -12.6025 13
    endloop
  endfacet
  facet normal -0.382939 -0.923774 -0
    outer loop
      vertex -9.28155 -12.6593 13
      vertex -9.41857 -12.6025 9
      vertex -9.28155 -12.6593 9
    endloop
  endfacet
  facet normal 0.675419 -0.737434 0
    outer loop
      vertex -11.2021 -12.9979 9
      vertex -11.0927 -12.8977 13
      vertex -11.2021 -12.9979 13
    endloop
  endfacet
  facet normal 0.675419 -0.737434 0
    outer loop
      vertex -11.0927 -12.8977 13
      vertex -11.2021 -12.9979 9
      vertex -11.0927 -12.8977 9
    endloop
  endfacet
  facet normal 0.843689 -0.536832 0
    outer loop
      vertex -11.4722 -13.35 13
      vertex -11.3926 -13.2249 9
      vertex -11.3926 -13.2249 13
    endloop
  endfacet
  facet normal 0.843689 -0.536832 0
    outer loop
      vertex -11.3926 -13.2249 9
      vertex -11.4722 -13.35 13
      vertex -11.4722 -13.35 9
    endloop
  endfacet
  facet normal 0.382749 0.923853 -0
    outer loop
      vertex -10.5814 -15.7975 9
      vertex -10.7185 -15.7407 13
      vertex -10.5814 -15.7975 13
    endloop
  endfacet
  facet normal 0.382749 0.923853 0
    outer loop
      vertex -10.7185 -15.7407 13
      vertex -10.5814 -15.7975 9
      vertex -10.7185 -15.7407 9
    endloop
  endfacet
  facet normal -0.461852 0.886957 0
    outer loop
      vertex -9.15 -15.6722 9
      vertex -9.28155 -15.7407 13
      vertex -9.15 -15.6722 13
    endloop
  endfacet
  facet normal -0.461852 0.886957 0
    outer loop
      vertex -9.28155 -15.7407 13
      vertex -9.15 -15.6722 9
      vertex -9.28155 -15.7407 9
    endloop
  endfacet
  facet normal 0.300809 0.953685 -0
    outer loop
      vertex -10.44 -15.8421 9
      vertex -10.5814 -15.7975 13
      vertex -10.44 -15.8421 13
    endloop
  endfacet
  facet normal 0.300809 0.953685 0
    outer loop
      vertex -10.5814 -15.7975 13
      vertex -10.44 -15.8421 9
      vertex -10.5814 -15.7975 9
    endloop
  endfacet
  facet normal -0.976298 0.216431 0
    outer loop
      vertex -8.35793 -14.64 9
      vertex -8.32583 -14.4952 13
      vertex -8.32583 -14.4952 9
    endloop
  endfacet
  facet normal -0.976298 0.216431 0
    outer loop
      vertex -8.32583 -14.4952 13
      vertex -8.35793 -14.64 9
      vertex -8.35793 -14.64 13
    endloop
  endfacet
  facet normal -0.953704 0.300747 0
    outer loop
      vertex -8.40252 -14.7814 9
      vertex -8.35793 -14.64 13
      vertex -8.35793 -14.64 9
    endloop
  endfacet
  facet normal -0.953704 0.300747 0
    outer loop
      vertex -8.35793 -14.64 13
      vertex -8.40252 -14.7814 9
      vertex -8.40252 -14.7814 13
    endloop
  endfacet
  facet normal -0.886941 -0.461884 0
    outer loop
      vertex -8.45928 -13.4815 9
      vertex -8.52776 -13.35 13
      vertex -8.52776 -13.35 9
    endloop
  endfacet
  facet normal -0.886941 -0.461884 0
    outer loop
      vertex -8.52776 -13.35 13
      vertex -8.45928 -13.4815 9
      vertex -8.45928 -13.4815 13
    endloop
  endfacet
  facet normal -0.675621 -0.737249 0
    outer loop
      vertex -8.90726 -12.8977 9
      vertex -8.79792 -12.9979 13
      vertex -8.90726 -12.8977 13
    endloop
  endfacet
  facet normal -0.675621 -0.737249 -0
    outer loop
      vertex -8.79792 -12.9979 13
      vertex -8.90726 -12.8977 9
      vertex -8.79792 -12.9979 9
    endloop
  endfacet
  facet normal 0.953685 0.300809 0
    outer loop
      vertex -11.5975 -14.7814 13
      vertex -11.6421 -14.64 9
      vertex -11.6421 -14.64 13
    endloop
  endfacet
  facet normal 0.953685 0.300809 0
    outer loop
      vertex -11.6421 -14.64 9
      vertex -11.5975 -14.7814 13
      vertex -11.5975 -14.7814 9
    endloop
  endfacet
  facet normal -0.0438293 0.999039 0
    outer loop
      vertex -9.85184 -15.8935 9
      vertex -10 -15.9 13
      vertex -9.85184 -15.8935 13
    endloop
  endfacet
  facet normal -0.0438293 0.999039 0
    outer loop
      vertex -10 -15.9 13
      vertex -9.85184 -15.8935 9
      vertex -10 -15.9 9
    endloop
  endfacet
  facet normal 0.130175 -0.991491 0
    outer loop
      vertex -10.2952 -12.5258 9
      vertex -10.1482 -12.5065 13
      vertex -10.2952 -12.5258 13
    endloop
  endfacet
  facet normal 0.130175 -0.991491 0
    outer loop
      vertex -10.1482 -12.5065 13
      vertex -10.2952 -12.5258 9
      vertex -10.1482 -12.5065 9
    endloop
  endfacet
  facet normal -0.886941 0.461884 0
    outer loop
      vertex -8.52776 -15.05 9
      vertex -8.45928 -14.9185 13
      vertex -8.45928 -14.9185 9
    endloop
  endfacet
  facet normal -0.886941 0.461884 0
    outer loop
      vertex -8.45928 -14.9185 13
      vertex -8.52776 -15.05 9
      vertex -8.52776 -15.05 13
    endloop
  endfacet
  facet normal 0.216431 0.976298 -0
    outer loop
      vertex -10.2952 -15.8742 9
      vertex -10.44 -15.8421 13
      vertex -10.2952 -15.8742 13
    endloop
  endfacet
  facet normal 0.216431 0.976298 0
    outer loop
      vertex -10.44 -15.8421 13
      vertex -10.2952 -15.8742 9
      vertex -10.44 -15.8421 9
    endloop
  endfacet
  facet normal 0.953685 -0.300809 0
    outer loop
      vertex -11.6421 -13.76 13
      vertex -11.5975 -13.6186 9
      vertex -11.5975 -13.6186 13
    endloop
  endfacet
  facet normal 0.953685 -0.300809 0
    outer loop
      vertex -11.5975 -13.6186 9
      vertex -11.6421 -13.76 13
      vertex -11.6421 -13.76 9
    endloop
  endfacet
  facet normal -0.923948 0.382518 0
    outer loop
      vertex -8.45928 -14.9185 9
      vertex -8.40252 -14.7814 13
      vertex -8.40252 -14.7814 9
    endloop
  endfacet
  facet normal -0.923948 0.382518 0
    outer loop
      vertex -8.40252 -14.7814 13
      vertex -8.45928 -14.9185 9
      vertex -8.45928 -14.9185 13
    endloop
  endfacet
  facet normal 0.886885 -0.46199 0
    outer loop
      vertex -11.5407 -13.4815 13
      vertex -11.4722 -13.35 9
      vertex -11.4722 -13.35 13
    endloop
  endfacet
  facet normal 0.886885 -0.46199 0
    outer loop
      vertex -11.4722 -13.35 9
      vertex -11.5407 -13.4815 13
      vertex -11.5407 -13.4815 9
    endloop
  endfacet
  facet normal 0.46199 -0.886885 0
    outer loop
      vertex -10.85 -12.7278 9
      vertex -10.7185 -12.6593 13
      vertex -10.85 -12.7278 13
    endloop
  endfacet
  facet normal 0.46199 -0.886885 0
    outer loop
      vertex -10.7185 -12.6593 13
      vertex -10.85 -12.7278 9
      vertex -10.7185 -12.6593 9
    endloop
  endfacet
  facet normal 0.843689 0.536832 0
    outer loop
      vertex -11.3926 -15.1751 13
      vertex -11.4722 -15.05 9
      vertex -11.4722 -15.05 13
    endloop
  endfacet
  facet normal 0.843689 0.536832 0
    outer loop
      vertex -11.4722 -15.05 9
      vertex -11.3926 -15.1751 13
      vertex -11.3926 -15.1751 9
    endloop
  endfacet
  facet normal -0.793183 -0.608984 0
    outer loop
      vertex -8.60744 -13.2249 9
      vertex -8.69773 -13.1073 13
      vertex -8.69773 -13.1073 9
    endloop
  endfacet
  facet normal -0.793183 -0.608984 0
    outer loop
      vertex -8.69773 -13.1073 13
      vertex -8.60744 -13.2249 9
      vertex -8.60744 -13.2249 13
    endloop
  endfacet
  facet normal 0.991491 -0.130175 0
    outer loop
      vertex -11.6935 -14.0518 13
      vertex -11.6742 -13.9048 9
      vertex -11.6742 -13.9048 13
    endloop
  endfacet
  facet normal 0.991491 -0.130175 0
    outer loop
      vertex -11.6742 -13.9048 9
      vertex -11.6935 -14.0518 13
      vertex -11.6935 -14.0518 9
    endloop
  endfacet
  facet normal 0.737434 -0.675419 0
    outer loop
      vertex -11.3023 -13.1073 13
      vertex -11.2021 -12.9979 9
      vertex -11.2021 -12.9979 13
    endloop
  endfacet
  facet normal 0.737434 -0.675419 0
    outer loop
      vertex -11.2021 -12.9979 9
      vertex -11.3023 -13.1073 13
      vertex -11.3023 -13.1073 9
    endloop
  endfacet
  facet normal 0.886885 0.46199 0
    outer loop
      vertex -11.4722 -15.05 13
      vertex -11.5407 -14.9185 9
      vertex -11.5407 -14.9185 13
    endloop
  endfacet
  facet normal 0.886885 0.46199 0
    outer loop
      vertex -11.5407 -14.9185 9
      vertex -11.4722 -15.05 13
      vertex -11.4722 -15.05 9
    endloop
  endfacet
  facet normal 0.991491 0.130175 0
    outer loop
      vertex -11.6742 -14.4952 13
      vertex -11.6935 -14.3482 9
      vertex -11.6935 -14.3482 13
    endloop
  endfacet
  facet normal 0.991491 0.130175 0
    outer loop
      vertex -11.6935 -14.3482 9
      vertex -11.6742 -14.4952 13
      vertex -11.6742 -14.4952 9
    endloop
  endfacet
  facet normal 0.0438175 0.99904 -0
    outer loop
      vertex -10 -15.9 9
      vertex -10.1482 -15.8935 13
      vertex -10 -15.9 13
    endloop
  endfacet
  facet normal 0.0438175 0.99904 0
    outer loop
      vertex -10.1482 -15.8935 13
      vertex -10 -15.9 9
      vertex -10.1482 -15.8935 9
    endloop
  endfacet
  facet normal 0.675419 0.737434 -0
    outer loop
      vertex -11.0927 -15.5023 9
      vertex -11.2021 -15.4021 13
      vertex -11.0927 -15.5023 13
    endloop
  endfacet
  facet normal 0.675419 0.737434 0
    outer loop
      vertex -11.2021 -15.4021 13
      vertex -11.0927 -15.5023 9
      vertex -11.2021 -15.4021 9
    endloop
  endfacet
  facet normal -0.461852 -0.886957 0
    outer loop
      vertex -9.28155 -12.6593 9
      vertex -9.15 -12.7278 13
      vertex -9.28155 -12.6593 13
    endloop
  endfacet
  facet normal -0.461852 -0.886957 -0
    outer loop
      vertex -9.15 -12.7278 13
      vertex -9.28155 -12.6593 9
      vertex -9.15 -12.7278 9
    endloop
  endfacet
  facet normal -0.536893 0.84365 0
    outer loop
      vertex -9.02492 -15.5926 9
      vertex -9.15 -15.6722 13
      vertex -9.02492 -15.5926 13
    endloop
  endfacet
  facet normal -0.536893 0.84365 0
    outer loop
      vertex -9.15 -15.6722 13
      vertex -9.02492 -15.5926 9
      vertex -9.15 -15.6722 9
    endloop
  endfacet
  facet normal 0.923853 0.382749 0
    outer loop
      vertex -11.5407 -14.9185 13
      vertex -11.5975 -14.7814 9
      vertex -11.5975 -14.7814 13
    endloop
  endfacet
  facet normal 0.923853 0.382749 0
    outer loop
      vertex -11.5975 -14.7814 9
      vertex -11.5407 -14.9185 13
      vertex -11.5407 -14.9185 9
    endloop
  endfacet
  facet normal 0.923853 -0.382749 0
    outer loop
      vertex -11.5975 -13.6186 13
      vertex -11.5407 -13.4815 9
      vertex -11.5407 -13.4815 13
    endloop
  endfacet
  facet normal 0.923853 -0.382749 0
    outer loop
      vertex -11.5407 -13.4815 9
      vertex -11.5975 -13.6186 13
      vertex -11.5975 -13.6186 9
    endloop
  endfacet
  facet normal -0.536893 -0.84365 0
    outer loop
      vertex -9.15 -12.7278 9
      vertex -9.02492 -12.8074 13
      vertex -9.15 -12.7278 13
    endloop
  endfacet
  facet normal -0.536893 -0.84365 -0
    outer loop
      vertex -9.02492 -12.8074 13
      vertex -9.15 -12.7278 9
      vertex -9.02492 -12.8074 9
    endloop
  endfacet
  facet normal 0.737434 0.675419 0
    outer loop
      vertex -11.2021 -15.4021 13
      vertex -11.3023 -15.2927 9
      vertex -11.3023 -15.2927 13
    endloop
  endfacet
  facet normal 0.737434 0.675419 0
    outer loop
      vertex -11.3023 -15.2927 9
      vertex -11.2021 -15.4021 13
      vertex -11.2021 -15.4021 9
    endloop
  endfacet
  facet normal 0.79315 0.609026 0
    outer loop
      vertex -11.3023 -15.2927 13
      vertex -11.3926 -15.1751 9
      vertex -11.3926 -15.1751 13
    endloop
  endfacet
  facet normal 0.79315 0.609026 0
    outer loop
      vertex -11.3926 -15.1751 9
      vertex -11.3023 -15.2927 13
      vertex -11.3023 -15.2927 9
    endloop
  endfacet
  facet normal -0.608831 0.7933 0
    outer loop
      vertex -8.90726 -15.5023 9
      vertex -9.02492 -15.5926 13
      vertex -8.90726 -15.5023 13
    endloop
  endfacet
  facet normal -0.608831 0.7933 0
    outer loop
      vertex -9.02492 -15.5926 13
      vertex -8.90726 -15.5023 9
      vertex -9.02492 -15.5926 9
    endloop
  endfacet
  facet normal 0.99904 0.0438175 0
    outer loop
      vertex -11.6935 -14.3482 13
      vertex -11.7 -14.2 9
      vertex -11.7 -14.2 13
    endloop
  endfacet
  facet normal 0.99904 0.0438175 0
    outer loop
      vertex -11.7 -14.2 9
      vertex -11.6935 -14.3482 13
      vertex -11.6935 -14.3482 9
    endloop
  endfacet
  facet normal -0.843445 0.537216 0
    outer loop
      vertex -8.60744 -15.1751 9
      vertex -8.52776 -15.05 13
      vertex -8.52776 -15.05 9
    endloop
  endfacet
  facet normal -0.843445 0.537216 0
    outer loop
      vertex -8.52776 -15.05 13
      vertex -8.60744 -15.1751 9
      vertex -8.60744 -15.1751 13
    endloop
  endfacet
  facet normal -0.737467 0.675383 0
    outer loop
      vertex -8.79792 -15.4021 9
      vertex -8.69773 -15.2927 13
      vertex -8.69773 -15.2927 9
    endloop
  endfacet
  facet normal -0.737467 0.675383 0
    outer loop
      vertex -8.69773 -15.2927 13
      vertex -8.79792 -15.4021 9
      vertex -8.79792 -15.4021 13
    endloop
  endfacet
  facet normal 0.536832 0.843689 -0
    outer loop
      vertex -10.85 -15.6722 9
      vertex -10.9751 -15.5926 13
      vertex -10.85 -15.6722 13
    endloop
  endfacet
  facet normal 0.536832 0.843689 0
    outer loop
      vertex -10.9751 -15.5926 13
      vertex -10.85 -15.6722 9
      vertex -10.9751 -15.5926 9
    endloop
  endfacet
  facet normal -0.216445 -0.976295 0
    outer loop
      vertex -9.7048 -12.5258 9
      vertex -9.56001 -12.5579 13
      vertex -9.7048 -12.5258 13
    endloop
  endfacet
  facet normal -0.216445 -0.976295 -0
    outer loop
      vertex -9.56001 -12.5579 13
      vertex -9.7048 -12.5258 9
      vertex -9.56001 -12.5579 9
    endloop
  endfacet
  facet normal 0.130175 0.991491 -0
    outer loop
      vertex -10.1482 -15.8935 9
      vertex -10.2952 -15.8742 13
      vertex -10.1482 -15.8935 13
    endloop
  endfacet
  facet normal 0.130175 0.991491 0
    outer loop
      vertex -10.2952 -15.8742 13
      vertex -10.1482 -15.8935 9
      vertex -10.2952 -15.8742 9
    endloop
  endfacet
  facet normal -0.991491 -0.130175 0
    outer loop
      vertex 11.6935 -14.0518 9
      vertex 11.6742 -13.9048 13
      vertex 11.6742 -13.9048 9
    endloop
  endfacet
  facet normal -0.991491 -0.130175 0
    outer loop
      vertex 11.6742 -13.9048 13
      vertex 11.6935 -14.0518 9
      vertex 11.6935 -14.0518 13
    endloop
  endfacet
  facet normal -0.99904 -0.0438175 0
    outer loop
      vertex 11.7 -14.2 9
      vertex 11.6935 -14.0518 13
      vertex 11.6935 -14.0518 9
    endloop
  endfacet
  facet normal -0.99904 -0.0438175 0
    outer loop
      vertex 11.6935 -14.0518 13
      vertex 11.7 -14.2 9
      vertex 11.7 -14.2 13
    endloop
  endfacet
  facet normal -0.976298 -0.216431 0
    outer loop
      vertex 11.6742 -13.9048 9
      vertex 11.6421 -13.76 13
      vertex 11.6421 -13.76 9
    endloop
  endfacet
  facet normal -0.976298 -0.216431 0
    outer loop
      vertex 11.6421 -13.76 13
      vertex 11.6742 -13.9048 9
      vertex 11.6742 -13.9048 13
    endloop
  endfacet
  facet normal 0.216445 -0.976295 0
    outer loop
      vertex 9.56001 -12.5579 9
      vertex 9.7048 -12.5258 13
      vertex 9.56001 -12.5579 13
    endloop
  endfacet
  facet normal 0.216445 -0.976295 0
    outer loop
      vertex 9.7048 -12.5258 13
      vertex 9.56001 -12.5579 9
      vertex 9.7048 -12.5258 9
    endloop
  endfacet
  facet normal 0.130149 -0.991494 0
    outer loop
      vertex 9.7048 -12.5258 9
      vertex 9.85183 -12.5065 13
      vertex 9.7048 -12.5258 13
    endloop
  endfacet
  facet normal 0.130149 -0.991494 0
    outer loop
      vertex 9.85183 -12.5065 13
      vertex 9.7048 -12.5258 9
      vertex 9.85183 -12.5065 9
    endloop
  endfacet
  facet normal -0.843689 -0.536832 0
    outer loop
      vertex 11.4722 -13.35 9
      vertex 11.3926 -13.2249 13
      vertex 11.3926 -13.2249 9
    endloop
  endfacet
  facet normal -0.843689 -0.536832 0
    outer loop
      vertex 11.3926 -13.2249 13
      vertex 11.4722 -13.35 9
      vertex 11.4722 -13.35 13
    endloop
  endfacet
  facet normal 0.976298 0.216431 0
    outer loop
      vertex 8.35793 -14.64 13
      vertex 8.32583 -14.4952 9
      vertex 8.32583 -14.4952 13
    endloop
  endfacet
  facet normal 0.976298 0.216431 0
    outer loop
      vertex 8.32583 -14.4952 9
      vertex 8.35793 -14.64 13
      vertex 8.35793 -14.64 9
    endloop
  endfacet
  facet normal -0.737434 -0.675419 0
    outer loop
      vertex 11.3023 -13.1073 9
      vertex 11.2021 -12.9979 13
      vertex 11.2021 -12.9979 9
    endloop
  endfacet
  facet normal -0.737434 -0.675419 0
    outer loop
      vertex 11.2021 -12.9979 13
      vertex 11.3023 -13.1073 9
      vertex 11.3023 -13.1073 13
    endloop
  endfacet
  facet normal -0.99904 0.0438175 0
    outer loop
      vertex 11.6935 -14.3482 9
      vertex 11.7 -14.2 13
      vertex 11.7 -14.2 9
    endloop
  endfacet
  facet normal -0.99904 0.0438175 0
    outer loop
      vertex 11.7 -14.2 13
      vertex 11.6935 -14.3482 9
      vertex 11.6935 -14.3482 13
    endloop
  endfacet
  facet normal -0.675419 0.737434 0
    outer loop
      vertex 11.2021 -15.4021 9
      vertex 11.0927 -15.5023 13
      vertex 11.2021 -15.4021 13
    endloop
  endfacet
  facet normal -0.675419 0.737434 0
    outer loop
      vertex 11.0927 -15.5023 13
      vertex 11.2021 -15.4021 9
      vertex 11.0927 -15.5023 9
    endloop
  endfacet
  facet normal 0.793215 -0.608941 0
    outer loop
      vertex 8.60744 -13.2249 13
      vertex 8.69772 -13.1073 9
      vertex 8.69772 -13.1073 13
    endloop
  endfacet
  facet normal 0.793215 -0.608941 0
    outer loop
      vertex 8.69772 -13.1073 9
      vertex 8.60744 -13.2249 13
      vertex 8.60744 -13.2249 9
    endloop
  endfacet
  facet normal -0.382749 0.923853 0
    outer loop
      vertex 10.7185 -15.7407 9
      vertex 10.5814 -15.7975 13
      vertex 10.7185 -15.7407 13
    endloop
  endfacet
  facet normal -0.382749 0.923853 0
    outer loop
      vertex 10.5814 -15.7975 13
      vertex 10.7185 -15.7407 9
      vertex 10.5814 -15.7975 9
    endloop
  endfacet
  facet normal -0.953685 -0.300809 0
    outer loop
      vertex 11.6421 -13.76 9
      vertex 11.5975 -13.6186 13
      vertex 11.5975 -13.6186 9
    endloop
  endfacet
  facet normal -0.953685 -0.300809 0
    outer loop
      vertex 11.5975 -13.6186 13
      vertex 11.6421 -13.76 9
      vertex 11.6421 -13.76 13
    endloop
  endfacet
  facet normal -0.130175 0.991491 0
    outer loop
      vertex 10.2952 -15.8742 9
      vertex 10.1482 -15.8935 13
      vertex 10.2952 -15.8742 13
    endloop
  endfacet
  facet normal -0.130175 0.991491 0
    outer loop
      vertex 10.1482 -15.8935 13
      vertex 10.2952 -15.8742 9
      vertex 10.1482 -15.8935 9
    endloop
  endfacet
  facet normal 0.976298 -0.216431 0
    outer loop
      vertex 8.32583 -13.9048 13
      vertex 8.35793 -13.76 9
      vertex 8.35793 -13.76 13
    endloop
  endfacet
  facet normal 0.976298 -0.216431 0
    outer loop
      vertex 8.35793 -13.76 9
      vertex 8.32583 -13.9048 13
      vertex 8.32583 -13.9048 9
    endloop
  endfacet
  facet normal 0.608831 -0.7933 0
    outer loop
      vertex 8.90726 -12.8977 9
      vertex 9.02492 -12.8074 13
      vertex 8.90726 -12.8977 13
    endloop
  endfacet
  facet normal 0.608831 -0.7933 0
    outer loop
      vertex 9.02492 -12.8074 13
      vertex 8.90726 -12.8977 9
      vertex 9.02492 -12.8074 9
    endloop
  endfacet
  facet normal 0.0438264 -0.999039 0
    outer loop
      vertex 9.85183 -12.5065 9
      vertex 10 -12.5 13
      vertex 9.85183 -12.5065 13
    endloop
  endfacet
  facet normal 0.0438264 -0.999039 0
    outer loop
      vertex 10 -12.5 13
      vertex 9.85183 -12.5065 9
      vertex 10 -12.5 9
    endloop
  endfacet
  facet normal 0.608831 0.7933 -0
    outer loop
      vertex 9.02492 -15.5926 9
      vertex 8.90726 -15.5023 13
      vertex 9.02492 -15.5926 13
    endloop
  endfacet
  facet normal 0.608831 0.7933 0
    outer loop
      vertex 8.90726 -15.5023 13
      vertex 9.02492 -15.5926 9
      vertex 8.90726 -15.5023 9
    endloop
  endfacet
  facet normal 0.953704 0.300747 0
    outer loop
      vertex 8.40252 -14.7814 13
      vertex 8.35793 -14.64 9
      vertex 8.35793 -14.64 13
    endloop
  endfacet
  facet normal 0.953704 0.300747 0
    outer loop
      vertex 8.35793 -14.64 9
      vertex 8.40252 -14.7814 13
      vertex 8.40252 -14.7814 9
    endloop
  endfacet
  facet normal 0.382939 -0.923774 0
    outer loop
      vertex 9.28155 -12.6593 9
      vertex 9.41857 -12.6025 13
      vertex 9.28155 -12.6593 13
    endloop
  endfacet
  facet normal 0.382939 -0.923774 0
    outer loop
      vertex 9.41857 -12.6025 13
      vertex 9.28155 -12.6593 9
      vertex 9.41857 -12.6025 9
    endloop
  endfacet
  facet normal 0.999048 -0.0436157 0
    outer loop
      vertex 8.3 -14.2 13
      vertex 8.30647 -14.0518 9
      vertex 8.30647 -14.0518 13
    endloop
  endfacet
  facet normal 0.999048 -0.0436157 0
    outer loop
      vertex 8.30647 -14.0518 9
      vertex 8.3 -14.2 13
      vertex 8.3 -14.2 9
    endloop
  endfacet
  facet normal -0.300809 -0.953685 0
    outer loop
      vertex 10.44 -12.5579 9
      vertex 10.5814 -12.6025 13
      vertex 10.44 -12.5579 13
    endloop
  endfacet
  facet normal -0.300809 -0.953685 -0
    outer loop
      vertex 10.5814 -12.6025 13
      vertex 10.44 -12.5579 9
      vertex 10.5814 -12.6025 9
    endloop
  endfacet
  facet normal 0.300731 -0.953709 0
    outer loop
      vertex 9.41857 -12.6025 9
      vertex 9.56001 -12.5579 13
      vertex 9.41857 -12.6025 13
    endloop
  endfacet
  facet normal 0.300731 -0.953709 0
    outer loop
      vertex 9.56001 -12.5579 13
      vertex 9.41857 -12.6025 9
      vertex 9.56001 -12.5579 9
    endloop
  endfacet
  facet normal -0.923853 -0.382749 0
    outer loop
      vertex 11.5975 -13.6186 9
      vertex 11.5407 -13.4815 13
      vertex 11.5407 -13.4815 9
    endloop
  endfacet
  facet normal -0.923853 -0.382749 0
    outer loop
      vertex 11.5407 -13.4815 13
      vertex 11.5975 -13.6186 9
      vertex 11.5975 -13.6186 13
    endloop
  endfacet
  facet normal -0.300809 0.953685 0
    outer loop
      vertex 10.5814 -15.7975 9
      vertex 10.44 -15.8421 13
      vertex 10.5814 -15.7975 13
    endloop
  endfacet
  facet normal -0.300809 0.953685 0
    outer loop
      vertex 10.44 -15.8421 13
      vertex 10.5814 -15.7975 9
      vertex 10.44 -15.8421 9
    endloop
  endfacet
  facet normal -0.216431 0.976298 0
    outer loop
      vertex 10.44 -15.8421 9
      vertex 10.2952 -15.8742 13
      vertex 10.44 -15.8421 13
    endloop
  endfacet
  facet normal -0.216431 0.976298 0
    outer loop
      vertex 10.2952 -15.8742 13
      vertex 10.44 -15.8421 9
      vertex 10.2952 -15.8742 9
    endloop
  endfacet
  facet normal -0.609026 -0.79315 0
    outer loop
      vertex 10.9751 -12.8074 9
      vertex 11.0927 -12.8977 13
      vertex 10.9751 -12.8074 13
    endloop
  endfacet
  facet normal -0.609026 -0.79315 -0
    outer loop
      vertex 11.0927 -12.8977 13
      vertex 10.9751 -12.8074 9
      vertex 11.0927 -12.8977 9
    endloop
  endfacet
  facet normal 0.461852 0.886957 -0
    outer loop
      vertex 9.28155 -15.7407 9
      vertex 9.15 -15.6722 13
      vertex 9.28155 -15.7407 13
    endloop
  endfacet
  facet normal 0.461852 0.886957 0
    outer loop
      vertex 9.15 -15.6722 13
      vertex 9.28155 -15.7407 9
      vertex 9.15 -15.6722 9
    endloop
  endfacet
  facet normal -0.0438175 -0.99904 0
    outer loop
      vertex 10 -12.5 9
      vertex 10.1482 -12.5065 13
      vertex 10 -12.5 13
    endloop
  endfacet
  facet normal -0.0438175 -0.99904 -0
    outer loop
      vertex 10.1482 -12.5065 13
      vertex 10 -12.5 9
      vertex 10.1482 -12.5065 9
    endloop
  endfacet
  facet normal 0.536893 -0.84365 0
    outer loop
      vertex 9.02492 -12.8074 9
      vertex 9.15 -12.7278 13
      vertex 9.02492 -12.8074 13
    endloop
  endfacet
  facet normal 0.536893 -0.84365 0
    outer loop
      vertex 9.15 -12.7278 13
      vertex 9.02492 -12.8074 9
      vertex 9.15 -12.7278 9
    endloop
  endfacet
  facet normal -0.130175 -0.991491 0
    outer loop
      vertex 10.1482 -12.5065 9
      vertex 10.2952 -12.5258 13
      vertex 10.1482 -12.5065 13
    endloop
  endfacet
  facet normal -0.130175 -0.991491 -0
    outer loop
      vertex 10.2952 -12.5258 13
      vertex 10.1482 -12.5065 9
      vertex 10.2952 -12.5258 9
    endloop
  endfacet
  facet normal -0.536832 -0.843689 0
    outer loop
      vertex 10.85 -12.7278 9
      vertex 10.9751 -12.8074 13
      vertex 10.85 -12.7278 13
    endloop
  endfacet
  facet normal -0.536832 -0.843689 -0
    outer loop
      vertex 10.9751 -12.8074 13
      vertex 10.85 -12.7278 9
      vertex 10.9751 -12.8074 9
    endloop
  endfacet
  facet normal -0.79315 0.609026 0
    outer loop
      vertex 11.3023 -15.2927 9
      vertex 11.3926 -15.1751 13
      vertex 11.3926 -15.1751 9
    endloop
  endfacet
  facet normal -0.79315 0.609026 0
    outer loop
      vertex 11.3926 -15.1751 13
      vertex 11.3023 -15.2927 9
      vertex 11.3023 -15.2927 13
    endloop
  endfacet
  facet normal -0.991491 0.130175 0
    outer loop
      vertex 11.6742 -14.4952 9
      vertex 11.6935 -14.3482 13
      vertex 11.6935 -14.3482 9
    endloop
  endfacet
  facet normal -0.991491 0.130175 0
    outer loop
      vertex 11.6935 -14.3482 13
      vertex 11.6742 -14.4952 9
      vertex 11.6742 -14.4952 13
    endloop
  endfacet
  facet normal -0.382749 -0.923853 0
    outer loop
      vertex 10.5814 -12.6025 9
      vertex 10.7185 -12.6593 13
      vertex 10.5814 -12.6025 13
    endloop
  endfacet
  facet normal -0.382749 -0.923853 -0
    outer loop
      vertex 10.7185 -12.6593 13
      vertex 10.5814 -12.6025 9
      vertex 10.7185 -12.6593 9
    endloop
  endfacet
  facet normal 0.675621 -0.737249 0
    outer loop
      vertex 8.79792 -12.9979 9
      vertex 8.90726 -12.8977 13
      vertex 8.79792 -12.9979 13
    endloop
  endfacet
  facet normal 0.675621 -0.737249 0
    outer loop
      vertex 8.90726 -12.8977 13
      vertex 8.79792 -12.9979 9
      vertex 8.90726 -12.8977 9
    endloop
  endfacet
  facet normal 0.843445 -0.537216 0
    outer loop
      vertex 8.52776 -13.35 13
      vertex 8.60744 -13.2249 9
      vertex 8.60744 -13.2249 13
    endloop
  endfacet
  facet normal 0.843445 -0.537216 0
    outer loop
      vertex 8.60744 -13.2249 9
      vertex 8.52776 -13.35 13
      vertex 8.52776 -13.35 9
    endloop
  endfacet
  facet normal 0.382939 0.923774 -0
    outer loop
      vertex 9.41857 -15.7975 9
      vertex 9.28155 -15.7407 13
      vertex 9.41857 -15.7975 13
    endloop
  endfacet
  facet normal 0.382939 0.923774 0
    outer loop
      vertex 9.28155 -15.7407 13
      vertex 9.41857 -15.7975 9
      vertex 9.28155 -15.7407 9
    endloop
  endfacet
  facet normal -0.46199 0.886885 0
    outer loop
      vertex 10.85 -15.6722 9
      vertex 10.7185 -15.7407 13
      vertex 10.85 -15.6722 13
    endloop
  endfacet
  facet normal -0.46199 0.886885 0
    outer loop
      vertex 10.7185 -15.7407 13
      vertex 10.85 -15.6722 9
      vertex 10.7185 -15.7407 9
    endloop
  endfacet
  facet normal 0.300731 0.953709 -0
    outer loop
      vertex 9.56001 -15.8421 9
      vertex 9.41857 -15.7975 13
      vertex 9.56001 -15.8421 13
    endloop
  endfacet
  facet normal 0.300731 0.953709 0
    outer loop
      vertex 9.41857 -15.7975 13
      vertex 9.56001 -15.8421 9
      vertex 9.41857 -15.7975 9
    endloop
  endfacet
  facet normal -0.976298 0.216431 0
    outer loop
      vertex 11.6421 -14.64 9
      vertex 11.6742 -14.4952 13
      vertex 11.6742 -14.4952 9
    endloop
  endfacet
  facet normal -0.976298 0.216431 0
    outer loop
      vertex 11.6742 -14.4952 13
      vertex 11.6421 -14.64 9
      vertex 11.6421 -14.64 13
    endloop
  endfacet
  facet normal -0.953685 0.300809 0
    outer loop
      vertex 11.5975 -14.7814 9
      vertex 11.6421 -14.64 13
      vertex 11.6421 -14.64 9
    endloop
  endfacet
  facet normal -0.953685 0.300809 0
    outer loop
      vertex 11.6421 -14.64 13
      vertex 11.5975 -14.7814 9
      vertex 11.5975 -14.7814 13
    endloop
  endfacet
  facet normal -0.886885 -0.46199 0
    outer loop
      vertex 11.5407 -13.4815 9
      vertex 11.4722 -13.35 13
      vertex 11.4722 -13.35 9
    endloop
  endfacet
  facet normal -0.886885 -0.46199 0
    outer loop
      vertex 11.4722 -13.35 13
      vertex 11.5407 -13.4815 9
      vertex 11.5407 -13.4815 13
    endloop
  endfacet
  facet normal -0.0438175 0.99904 0
    outer loop
      vertex 10.1482 -15.8935 9
      vertex 10 -15.9 13
      vertex 10.1482 -15.8935 13
    endloop
  endfacet
  facet normal -0.0438175 0.99904 0
    outer loop
      vertex 10 -15.9 13
      vertex 10.1482 -15.8935 9
      vertex 10 -15.9 9
    endloop
  endfacet
  facet normal -0.886885 0.46199 0
    outer loop
      vertex 11.4722 -15.05 9
      vertex 11.5407 -14.9185 13
      vertex 11.5407 -14.9185 9
    endloop
  endfacet
  facet normal -0.886885 0.46199 0
    outer loop
      vertex 11.5407 -14.9185 13
      vertex 11.4722 -15.05 9
      vertex 11.4722 -15.05 13
    endloop
  endfacet
  facet normal 0.216445 0.976295 -0
    outer loop
      vertex 9.7048 -15.8742 9
      vertex 9.56001 -15.8421 13
      vertex 9.7048 -15.8742 13
    endloop
  endfacet
  facet normal 0.216445 0.976295 0
    outer loop
      vertex 9.56001 -15.8421 13
      vertex 9.7048 -15.8742 9
      vertex 9.56001 -15.8421 9
    endloop
  endfacet
  facet normal 0.953704 -0.300747 0
    outer loop
      vertex 8.35793 -13.76 13
      vertex 8.40252 -13.6186 9
      vertex 8.40252 -13.6186 13
    endloop
  endfacet
  facet normal 0.953704 -0.300747 0
    outer loop
      vertex 8.40252 -13.6186 9
      vertex 8.35793 -13.76 13
      vertex 8.35793 -13.76 9
    endloop
  endfacet
  facet normal -0.923853 0.382749 0
    outer loop
      vertex 11.5407 -14.9185 9
      vertex 11.5975 -14.7814 13
      vertex 11.5975 -14.7814 9
    endloop
  endfacet
  facet normal -0.923853 0.382749 0
    outer loop
      vertex 11.5975 -14.7814 13
      vertex 11.5407 -14.9185 9
      vertex 11.5407 -14.9185 13
    endloop
  endfacet
  facet normal 0.886941 -0.461884 0
    outer loop
      vertex 8.45928 -13.4815 13
      vertex 8.52776 -13.35 9
      vertex 8.52776 -13.35 13
    endloop
  endfacet
  facet normal 0.886941 -0.461884 0
    outer loop
      vertex 8.52776 -13.35 9
      vertex 8.45928 -13.4815 13
      vertex 8.45928 -13.4815 9
    endloop
  endfacet
  facet normal 0.461852 -0.886957 0
    outer loop
      vertex 9.15 -12.7278 9
      vertex 9.28155 -12.6593 13
      vertex 9.15 -12.7278 13
    endloop
  endfacet
  facet normal 0.461852 -0.886957 0
    outer loop
      vertex 9.28155 -12.6593 13
      vertex 9.15 -12.7278 9
      vertex 9.28155 -12.6593 9
    endloop
  endfacet
  facet normal 0.843445 0.537216 0
    outer loop
      vertex 8.60744 -15.1751 13
      vertex 8.52776 -15.05 9
      vertex 8.52776 -15.05 13
    endloop
  endfacet
  facet normal 0.843445 0.537216 0
    outer loop
      vertex 8.52776 -15.05 9
      vertex 8.60744 -15.1751 13
      vertex 8.60744 -15.1751 9
    endloop
  endfacet
  facet normal -0.79315 -0.609026 0
    outer loop
      vertex 11.3926 -13.2249 9
      vertex 11.3023 -13.1073 13
      vertex 11.3023 -13.1073 9
    endloop
  endfacet
  facet normal -0.79315 -0.609026 0
    outer loop
      vertex 11.3023 -13.1073 13
      vertex 11.3926 -13.2249 9
      vertex 11.3926 -13.2249 13
    endloop
  endfacet
  facet normal 0.991439 -0.130573 0
    outer loop
      vertex 8.30647 -14.0518 13
      vertex 8.32583 -13.9048 9
      vertex 8.32583 -13.9048 13
    endloop
  endfacet
  facet normal 0.991439 -0.130573 0
    outer loop
      vertex 8.32583 -13.9048 9
      vertex 8.30647 -14.0518 13
      vertex 8.30647 -14.0518 9
    endloop
  endfacet
  facet normal 0.737434 -0.675419 0
    outer loop
      vertex 8.69772 -13.1073 13
      vertex 8.79792 -12.9979 9
      vertex 8.79792 -12.9979 13
    endloop
  endfacet
  facet normal 0.737434 -0.675419 0
    outer loop
      vertex 8.79792 -12.9979 9
      vertex 8.69772 -13.1073 13
      vertex 8.69772 -13.1073 9
    endloop
  endfacet
  facet normal 0.886941 0.461884 0
    outer loop
      vertex 8.52776 -15.05 13
      vertex 8.45928 -14.9185 9
      vertex 8.45928 -14.9185 13
    endloop
  endfacet
  facet normal 0.886941 0.461884 0
    outer loop
      vertex 8.45928 -14.9185 9
      vertex 8.52776 -15.05 13
      vertex 8.52776 -15.05 9
    endloop
  endfacet
  facet normal 0.991439 0.130573 0
    outer loop
      vertex 8.32583 -14.4952 13
      vertex 8.30647 -14.3482 9
      vertex 8.30647 -14.3482 13
    endloop
  endfacet
  facet normal 0.991439 0.130573 0
    outer loop
      vertex 8.30647 -14.3482 9
      vertex 8.32583 -14.4952 13
      vertex 8.32583 -14.4952 9
    endloop
  endfacet
  facet normal 0.0438264 0.999039 -0
    outer loop
      vertex 10 -15.9 9
      vertex 9.85183 -15.8935 13
      vertex 10 -15.9 13
    endloop
  endfacet
  facet normal 0.0438264 0.999039 0
    outer loop
      vertex 9.85183 -15.8935 13
      vertex 10 -15.9 9
      vertex 9.85183 -15.8935 9
    endloop
  endfacet
  facet normal 0.675621 0.737249 -0
    outer loop
      vertex 8.90726 -15.5023 9
      vertex 8.79792 -15.4021 13
      vertex 8.90726 -15.5023 13
    endloop
  endfacet
  facet normal 0.675621 0.737249 0
    outer loop
      vertex 8.79792 -15.4021 13
      vertex 8.90726 -15.5023 9
      vertex 8.79792 -15.4021 9
    endloop
  endfacet
  facet normal -0.46199 -0.886885 0
    outer loop
      vertex 10.7185 -12.6593 9
      vertex 10.85 -12.7278 13
      vertex 10.7185 -12.6593 13
    endloop
  endfacet
  facet normal -0.46199 -0.886885 -0
    outer loop
      vertex 10.85 -12.7278 13
      vertex 10.7185 -12.6593 9
      vertex 10.85 -12.7278 9
    endloop
  endfacet
  facet normal -0.536832 0.843689 0
    outer loop
      vertex 10.9751 -15.5926 9
      vertex 10.85 -15.6722 13
      vertex 10.9751 -15.5926 13
    endloop
  endfacet
  facet normal -0.536832 0.843689 0
    outer loop
      vertex 10.85 -15.6722 13
      vertex 10.9751 -15.5926 9
      vertex 10.85 -15.6722 9
    endloop
  endfacet
  facet normal 0.923948 0.382518 0
    outer loop
      vertex 8.45928 -14.9185 13
      vertex 8.40252 -14.7814 9
      vertex 8.40252 -14.7814 13
    endloop
  endfacet
  facet normal 0.923948 0.382518 0
    outer loop
      vertex 8.40252 -14.7814 9
      vertex 8.45928 -14.9185 13
      vertex 8.45928 -14.9185 9
    endloop
  endfacet
  facet normal -0.675419 -0.737434 0
    outer loop
      vertex 11.0927 -12.8977 9
      vertex 11.2021 -12.9979 13
      vertex 11.0927 -12.8977 13
    endloop
  endfacet
  facet normal -0.675419 -0.737434 -0
    outer loop
      vertex 11.2021 -12.9979 13
      vertex 11.0927 -12.8977 9
      vertex 11.2021 -12.9979 9
    endloop
  endfacet
  facet normal 0.923948 -0.382518 0
    outer loop
      vertex 8.40252 -13.6186 13
      vertex 8.45928 -13.4815 9
      vertex 8.45928 -13.4815 13
    endloop
  endfacet
  facet normal 0.923948 -0.382518 0
    outer loop
      vertex 8.45928 -13.4815 9
      vertex 8.40252 -13.6186 13
      vertex 8.40252 -13.6186 9
    endloop
  endfacet
  facet normal 0.737434 0.675419 0
    outer loop
      vertex 8.79792 -15.4021 13
      vertex 8.69772 -15.2927 9
      vertex 8.69772 -15.2927 13
    endloop
  endfacet
  facet normal 0.737434 0.675419 0
    outer loop
      vertex 8.69772 -15.2927 9
      vertex 8.79792 -15.4021 13
      vertex 8.79792 -15.4021 9
    endloop
  endfacet
  facet normal 0.793215 0.608941 0
    outer loop
      vertex 8.69772 -15.2927 13
      vertex 8.60744 -15.1751 9
      vertex 8.60744 -15.1751 13
    endloop
  endfacet
  facet normal 0.793215 0.608941 0
    outer loop
      vertex 8.60744 -15.1751 9
      vertex 8.69772 -15.2927 13
      vertex 8.69772 -15.2927 9
    endloop
  endfacet
  facet normal -0.609026 0.79315 0
    outer loop
      vertex 11.0927 -15.5023 9
      vertex 10.9751 -15.5926 13
      vertex 11.0927 -15.5023 13
    endloop
  endfacet
  facet normal -0.609026 0.79315 0
    outer loop
      vertex 10.9751 -15.5926 13
      vertex 11.0927 -15.5023 9
      vertex 10.9751 -15.5926 9
    endloop
  endfacet
  facet normal 0.999048 0.0436157 0
    outer loop
      vertex 8.30647 -14.3482 13
      vertex 8.3 -14.2 9
      vertex 8.3 -14.2 13
    endloop
  endfacet
  facet normal 0.999048 0.0436157 0
    outer loop
      vertex 8.3 -14.2 9
      vertex 8.30647 -14.3482 13
      vertex 8.30647 -14.3482 9
    endloop
  endfacet
  facet normal -0.843689 0.536832 0
    outer loop
      vertex 11.3926 -15.1751 9
      vertex 11.4722 -15.05 13
      vertex 11.4722 -15.05 9
    endloop
  endfacet
  facet normal -0.843689 0.536832 0
    outer loop
      vertex 11.4722 -15.05 13
      vertex 11.3926 -15.1751 9
      vertex 11.3926 -15.1751 13
    endloop
  endfacet
  facet normal -0.737434 0.675419 0
    outer loop
      vertex 11.2021 -15.4021 9
      vertex 11.3023 -15.2927 13
      vertex 11.3023 -15.2927 9
    endloop
  endfacet
  facet normal -0.737434 0.675419 0
    outer loop
      vertex 11.3023 -15.2927 13
      vertex 11.2021 -15.4021 9
      vertex 11.2021 -15.4021 13
    endloop
  endfacet
  facet normal 0.536893 0.84365 -0
    outer loop
      vertex 9.15 -15.6722 9
      vertex 9.02492 -15.5926 13
      vertex 9.15 -15.6722 13
    endloop
  endfacet
  facet normal 0.536893 0.84365 0
    outer loop
      vertex 9.02492 -15.5926 13
      vertex 9.15 -15.6722 9
      vertex 9.02492 -15.5926 9
    endloop
  endfacet
  facet normal -0.216431 -0.976298 0
    outer loop
      vertex 10.2952 -12.5258 9
      vertex 10.44 -12.5579 13
      vertex 10.2952 -12.5258 13
    endloop
  endfacet
  facet normal -0.216431 -0.976298 -0
    outer loop
      vertex 10.44 -12.5579 13
      vertex 10.2952 -12.5258 9
      vertex 10.44 -12.5579 9
    endloop
  endfacet
  facet normal 0.130149 0.991494 -0
    outer loop
      vertex 9.85183 -15.8935 9
      vertex 9.7048 -15.8742 13
      vertex 9.85183 -15.8935 13
    endloop
  endfacet
  facet normal 0.130149 0.991494 0
    outer loop
      vertex 9.7048 -15.8742 13
      vertex 9.85183 -15.8935 9
      vertex 9.7048 -15.8742 9
    endloop
  endfacet
  facet normal -0.991443 0 -0.130542
    outer loop
      vertex 1.69353 5.2 0.148165
      vertex 1.67417 9.2 0.295201
      vertex 1.69353 9.2 0.148165
    endloop
  endfacet
  facet normal -0.991443 -0 -0.130542
    outer loop
      vertex 1.67417 9.2 0.295201
      vertex 1.69353 5.2 0.148165
      vertex 1.67417 5.2 0.295201
    endloop
  endfacet
  facet normal -0.991443 0 -0.130542
    outer loop
      vertex 1.69353 -9.2 0.148165
      vertex 1.67417 -7.9 0.295201
      vertex 1.69353 -7.9 0.148165
    endloop
  endfacet
  facet normal -0.991443 -0 -0.130542
    outer loop
      vertex 1.67417 -7.9 0.295201
      vertex 1.69353 -9.2 0.148165
      vertex 1.67417 -9.2 0.295201
    endloop
  endfacet
  facet normal -0.999048 0 -0.043626
    outer loop
      vertex 1.7 5.2 0
      vertex 1.69353 9.2 0.148165
      vertex 1.7 9.2 0
    endloop
  endfacet
  facet normal -0.999048 -0 -0.043626
    outer loop
      vertex 1.69353 9.2 0.148165
      vertex 1.7 5.2 0
      vertex 1.69353 5.2 0.148165
    endloop
  endfacet
  facet normal -0.999048 0 -0.043626
    outer loop
      vertex 1.7 -9.2 0
      vertex 1.69353 -7.9 0.148165
      vertex 1.7 -7.9 0
    endloop
  endfacet
  facet normal -0.999048 -0 -0.043626
    outer loop
      vertex 1.69353 -7.9 0.148165
      vertex 1.7 -9.2 0
      vertex 1.69353 -9.2 0.148165
    endloop
  endfacet
  facet normal -0.976295 0 -0.216444
    outer loop
      vertex 1.67417 5.2 0.295201
      vertex 1.64207 9.2 0.439992
      vertex 1.67417 9.2 0.295201
    endloop
  endfacet
  facet normal -0.976295 -0 -0.216444
    outer loop
      vertex 1.64207 9.2 0.439992
      vertex 1.67417 5.2 0.295201
      vertex 1.64207 5.2 0.439992
    endloop
  endfacet
  facet normal -0.976295 0 -0.216444
    outer loop
      vertex 1.67417 -9.2 0.295201
      vertex 1.64207 -7.9 0.439992
      vertex 1.67417 -7.9 0.295201
    endloop
  endfacet
  facet normal -0.976295 -0 -0.216444
    outer loop
      vertex 1.64207 -7.9 0.439992
      vertex 1.67417 -9.2 0.295201
      vertex 1.64207 -9.2 0.439992
    endloop
  endfacet
  facet normal -0.953729 0 -0.300668
    outer loop
      vertex 1.64207 5.2 0.439992
      vertex 1.59748 9.2 0.581433
      vertex 1.64207 9.2 0.439992
    endloop
  endfacet
  facet normal -0.953729 -0 -0.300668
    outer loop
      vertex 1.59748 9.2 0.581433
      vertex 1.64207 5.2 0.439992
      vertex 1.59748 5.2 0.581433
    endloop
  endfacet
  facet normal -0.953729 0 -0.300668
    outer loop
      vertex 1.64207 -9.2 0.439992
      vertex 1.59748 -7.9 0.581433
      vertex 1.64207 -7.9 0.439992
    endloop
  endfacet
  facet normal -0.953729 -0 -0.300668
    outer loop
      vertex 1.59748 -7.9 0.581433
      vertex 1.64207 -9.2 0.439992
      vertex 1.59748 -9.2 0.581433
    endloop
  endfacet
  facet normal 0.216444 0 -0.976295
    outer loop
      vertex -0.439993 5.2 1.64207
      vertex -0.295202 9.2 1.67417
      vertex -0.295202 5.2 1.67417
    endloop
  endfacet
  facet normal 0.216444 0 -0.976295
    outer loop
      vertex -0.295202 9.2 1.67417
      vertex -0.439993 5.2 1.64207
      vertex -0.439993 9.2 1.64207
    endloop
  endfacet
  facet normal 0.216444 0 -0.976295
    outer loop
      vertex -0.439993 -9.2 1.64207
      vertex -0.295202 -7.9 1.67417
      vertex -0.295202 -9.2 1.67417
    endloop
  endfacet
  facet normal 0.216444 0 -0.976295
    outer loop
      vertex -0.295202 -7.9 1.67417
      vertex -0.439993 -9.2 1.64207
      vertex -0.439993 -7.9 1.64207
    endloop
  endfacet
  facet normal 0.923866 -0 0.382716
    outer loop
      vertex -1.59748 5.2 -0.581434
      vertex -1.54072 9.2 -0.718451
      vertex -1.59748 9.2 -0.581434
    endloop
  endfacet
  facet normal 0.923866 0 0.382716
    outer loop
      vertex -1.54072 9.2 -0.718451
      vertex -1.59748 5.2 -0.581434
      vertex -1.54072 5.2 -0.718451
    endloop
  endfacet
  facet normal 0.923866 -0 0.382716
    outer loop
      vertex -1.59748 -9.2 -0.581434
      vertex -1.54072 -7.9 -0.718451
      vertex -1.59748 -7.9 -0.581434
    endloop
  endfacet
  facet normal 0.923866 0 0.382716
    outer loop
      vertex -1.54072 -7.9 -0.718451
      vertex -1.59748 -9.2 -0.581434
      vertex -1.54072 -9.2 -0.718451
    endloop
  endfacet
  facet normal -0.843408 0 -0.537274
    outer loop
      vertex 1.47224 5.2 0.849999
      vertex 1.39256 9.2 0.97508
      vertex 1.47224 9.2 0.849999
    endloop
  endfacet
  facet normal -0.843408 -0 -0.537274
    outer loop
      vertex 1.39256 9.2 0.97508
      vertex 1.47224 5.2 0.849999
      vertex 1.39256 5.2 0.97508
    endloop
  endfacet
  facet normal -0.843408 0 -0.537274
    outer loop
      vertex 1.47224 -9.2 0.849999
      vertex 1.39256 -7.9 0.97508
      vertex 1.47224 -7.9 0.849999
    endloop
  endfacet
  facet normal -0.843408 -0 -0.537274
    outer loop
      vertex 1.39256 -7.9 0.97508
      vertex 1.47224 -9.2 0.849999
      vertex 1.39256 -9.2 0.97508
    endloop
  endfacet
  facet normal -0.608788 0 -0.793333
    outer loop
      vertex 0.97508 5.2 1.39256
      vertex 1.09274 9.2 1.30227
      vertex 1.09274 5.2 1.30227
    endloop
  endfacet
  facet normal -0.608788 0 -0.793333
    outer loop
      vertex 1.09274 9.2 1.30227
      vertex 0.97508 5.2 1.39256
      vertex 0.97508 9.2 1.39256
    endloop
  endfacet
  facet normal -0.608788 0 -0.793333
    outer loop
      vertex 0.97508 -9.2 1.39256
      vertex 1.09274 -7.9 1.30227
      vertex 1.09274 -9.2 1.30227
    endloop
  endfacet
  facet normal -0.608788 0 -0.793333
    outer loop
      vertex 1.09274 -7.9 1.30227
      vertex 0.97508 -9.2 1.39256
      vertex 0.97508 -7.9 1.39256
    endloop
  endfacet
  facet normal -0.737283 0 -0.675584
    outer loop
      vertex 1.30227 5.2 1.09274
      vertex 1.20208 9.2 1.20208
      vertex 1.30227 9.2 1.09274
    endloop
  endfacet
  facet normal -0.737283 -0 -0.675584
    outer loop
      vertex 1.20208 9.2 1.20208
      vertex 1.30227 5.2 1.09274
      vertex 1.20208 5.2 1.20208
    endloop
  endfacet
  facet normal -0.737283 0 -0.675584
    outer loop
      vertex 1.30227 -9.2 1.09274
      vertex 1.20208 -7.9 1.20208
      vertex 1.30227 -7.9 1.09274
    endloop
  endfacet
  facet normal -0.737283 -0 -0.675584
    outer loop
      vertex 1.20208 -7.9 1.20208
      vertex 1.30227 -9.2 1.09274
      vertex 1.20208 -9.2 1.20208
    endloop
  endfacet
  facet normal 0.953729 0 -0.300668
    outer loop
      vertex -1.59748 5.2 0.581433
      vertex -1.64207 9.2 0.439992
      vertex -1.59748 9.2 0.581433
    endloop
  endfacet
  facet normal 0.953729 0 -0.300668
    outer loop
      vertex -1.64207 9.2 0.439992
      vertex -1.59748 5.2 0.581433
      vertex -1.64207 5.2 0.439992
    endloop
  endfacet
  facet normal 0.953729 0 -0.300668
    outer loop
      vertex -1.59748 -9.2 0.581433
      vertex -1.64207 -7.9 0.439992
      vertex -1.59748 -7.9 0.581433
    endloop
  endfacet
  facet normal 0.953729 0 -0.300668
    outer loop
      vertex -1.64207 -7.9 0.439992
      vertex -1.59748 -9.2 0.581433
      vertex -1.64207 -9.2 0.439992
    endloop
  endfacet
  facet normal -0.382714 0 -0.923867
    outer loop
      vertex 0.581433 5.2 1.59748
      vertex 0.718451 9.2 1.54072
      vertex 0.718451 5.2 1.54072
    endloop
  endfacet
  facet normal -0.382714 0 -0.923867
    outer loop
      vertex 0.718451 9.2 1.54072
      vertex 0.581433 5.2 1.59748
      vertex 0.581433 9.2 1.59748
    endloop
  endfacet
  facet normal -0.382714 0 -0.923867
    outer loop
      vertex 0.581433 -9.2 1.59748
      vertex 0.718451 -7.9 1.54072
      vertex 0.718451 -9.2 1.54072
    endloop
  endfacet
  facet normal -0.382714 0 -0.923867
    outer loop
      vertex 0.718451 -7.9 1.54072
      vertex 0.581433 -9.2 1.59748
      vertex 0.581433 -7.9 1.59748
    endloop
  endfacet
  facet normal -0.793333 0 0.608788
    outer loop
      vertex 1.30227 5.2 -1.09274
      vertex 1.39256 9.2 -0.97508
      vertex 1.30227 9.2 -1.09274
    endloop
  endfacet
  facet normal -0.793333 0 0.608788
    outer loop
      vertex 1.39256 9.2 -0.97508
      vertex 1.30227 5.2 -1.09274
      vertex 1.39256 5.2 -0.97508
    endloop
  endfacet
  facet normal -0.793333 0 0.608788
    outer loop
      vertex 1.30227 -9.2 -1.09274
      vertex 1.39256 -7.9 -0.97508
      vertex 1.30227 -7.9 -1.09274
    endloop
  endfacet
  facet normal -0.793333 0 0.608788
    outer loop
      vertex 1.39256 -7.9 -0.97508
      vertex 1.30227 -9.2 -1.09274
      vertex 1.39256 -9.2 -0.97508
    endloop
  endfacet
  facet normal 0.382716 0 0.923866
    outer loop
      vertex -0.718451 9.2 -1.54072
      vertex -0.581434 5.2 -1.59748
      vertex -0.581434 9.2 -1.59748
    endloop
  endfacet
  facet normal 0.382716 0 0.923866
    outer loop
      vertex -0.581434 5.2 -1.59748
      vertex -0.718451 9.2 -1.54072
      vertex -0.718451 5.2 -1.54072
    endloop
  endfacet
  facet normal 0.382716 0 0.923866
    outer loop
      vertex -0.718451 -7.9 -1.54072
      vertex -0.581434 -9.2 -1.59748
      vertex -0.581434 -7.9 -1.59748
    endloop
  endfacet
  facet normal 0.382716 0 0.923866
    outer loop
      vertex -0.581434 -9.2 -1.59748
      vertex -0.718451 -7.9 -1.54072
      vertex -0.718451 -9.2 -1.54072
    endloop
  endfacet
  facet normal 0.793365 0 -0.608746
    outer loop
      vertex -1.30228 5.2 1.09274
      vertex -1.39256 9.2 0.97508
      vertex -1.30228 9.2 1.09274
    endloop
  endfacet
  facet normal 0.793365 0 -0.608746
    outer loop
      vertex -1.39256 9.2 0.97508
      vertex -1.30228 5.2 1.09274
      vertex -1.39256 5.2 0.97508
    endloop
  endfacet
  facet normal 0.793365 0 -0.608746
    outer loop
      vertex -1.30228 -9.2 1.09274
      vertex -1.39256 -7.9 0.97508
      vertex -1.30228 -7.9 1.09274
    endloop
  endfacet
  facet normal 0.793365 0 -0.608746
    outer loop
      vertex -1.39256 -7.9 0.97508
      vertex -1.30228 -9.2 1.09274
      vertex -1.39256 -9.2 0.97508
    endloop
  endfacet
  facet normal 0.976295 -0 0.216444
    outer loop
      vertex -1.67417 5.2 -0.295202
      vertex -1.64207 9.2 -0.439993
      vertex -1.67417 9.2 -0.295202
    endloop
  endfacet
  facet normal 0.976295 0 0.216444
    outer loop
      vertex -1.64207 9.2 -0.439993
      vertex -1.67417 5.2 -0.295202
      vertex -1.64207 5.2 -0.439993
    endloop
  endfacet
  facet normal 0.976295 -0 0.216444
    outer loop
      vertex -1.67417 -9.2 -0.295202
      vertex -1.64207 -7.9 -0.439993
      vertex -1.67417 -7.9 -0.295202
    endloop
  endfacet
  facet normal 0.976295 0 0.216444
    outer loop
      vertex -1.64207 -7.9 -0.439993
      vertex -1.67417 -9.2 -0.295202
      vertex -1.64207 -9.2 -0.439993
    endloop
  endfacet
  facet normal 0.675584 0 -0.737283
    outer loop
      vertex -1.20208 5.2 1.20208
      vertex -1.09274 9.2 1.30227
      vertex -1.09274 5.2 1.30227
    endloop
  endfacet
  facet normal 0.675584 0 -0.737283
    outer loop
      vertex -1.09274 9.2 1.30227
      vertex -1.20208 5.2 1.20208
      vertex -1.20208 9.2 1.20208
    endloop
  endfacet
  facet normal 0.675584 0 -0.737283
    outer loop
      vertex -1.20208 -9.2 1.20208
      vertex -1.09274 -7.9 1.30227
      vertex -1.09274 -9.2 1.30227
    endloop
  endfacet
  facet normal 0.675584 0 -0.737283
    outer loop
      vertex -1.09274 -7.9 1.30227
      vertex -1.20208 -9.2 1.20208
      vertex -1.20208 -7.9 1.20208
    endloop
  endfacet
  facet normal 0.0436257 0 -0.999048
    outer loop
      vertex -0.148166 5.2 1.69353
      vertex 0 9.2 1.7
      vertex 0 5.2 1.7
    endloop
  endfacet
  facet normal 0.0436257 0 -0.999048
    outer loop
      vertex 0 9.2 1.7
      vertex -0.148166 5.2 1.69353
      vertex -0.148166 9.2 1.69353
    endloop
  endfacet
  facet normal 0.0436257 0 -0.999048
    outer loop
      vertex -0.148166 -9.2 1.69353
      vertex 0 -7.9 1.7
      vertex 0 -9.2 1.7
    endloop
  endfacet
  facet normal 0.0436257 0 -0.999048
    outer loop
      vertex 0 -7.9 1.7
      vertex -0.148166 -9.2 1.69353
      vertex -0.148166 -7.9 1.69353
    endloop
  endfacet
  facet normal 0.976295 0 -0.216444
    outer loop
      vertex -1.64207 5.2 0.439992
      vertex -1.67417 9.2 0.295201
      vertex -1.64207 9.2 0.439992
    endloop
  endfacet
  facet normal 0.976295 0 -0.216444
    outer loop
      vertex -1.67417 9.2 0.295201
      vertex -1.64207 5.2 0.439992
      vertex -1.67417 5.2 0.295201
    endloop
  endfacet
  facet normal 0.976295 0 -0.216444
    outer loop
      vertex -1.64207 -9.2 0.439992
      vertex -1.67417 -7.9 0.295201
      vertex -1.64207 -7.9 0.439992
    endloop
  endfacet
  facet normal 0.976295 0 -0.216444
    outer loop
      vertex -1.67417 -7.9 0.295201
      vertex -1.64207 -9.2 0.439992
      vertex -1.67417 -9.2 0.295201
    endloop
  endfacet
  facet normal -0.382714 0 0.923867
    outer loop
      vertex 0.581433 9.2 -1.59748
      vertex 0.718451 5.2 -1.54072
      vertex 0.718451 9.2 -1.54072
    endloop
  endfacet
  facet normal -0.382714 0 0.923867
    outer loop
      vertex 0.718451 5.2 -1.54072
      vertex 0.581433 9.2 -1.59748
      vertex 0.581433 5.2 -1.59748
    endloop
  endfacet
  facet normal -0.382714 0 0.923867
    outer loop
      vertex 0.581433 -7.9 -1.59748
      vertex 0.718451 -9.2 -1.54072
      vertex 0.718451 -7.9 -1.54072
    endloop
  endfacet
  facet normal -0.382714 0 0.923867
    outer loop
      vertex 0.718451 -9.2 -1.54072
      vertex 0.581433 -7.9 -1.59748
      vertex 0.581433 -9.2 -1.59748
    endloop
  endfacet
  facet normal 0.537277 0 -0.843406
    outer loop
      vertex -0.97508 5.2 1.39256
      vertex -0.85 9.2 1.47224
      vertex -0.85 5.2 1.47224
    endloop
  endfacet
  facet normal 0.537277 0 -0.843406
    outer loop
      vertex -0.85 9.2 1.47224
      vertex -0.97508 5.2 1.39256
      vertex -0.97508 9.2 1.39256
    endloop
  endfacet
  facet normal 0.537277 0 -0.843406
    outer loop
      vertex -0.97508 -9.2 1.39256
      vertex -0.85 -7.9 1.47224
      vertex -0.85 -9.2 1.47224
    endloop
  endfacet
  facet normal 0.537277 0 -0.843406
    outer loop
      vertex -0.85 -7.9 1.47224
      vertex -0.97508 -9.2 1.39256
      vertex -0.97508 -7.9 1.39256
    endloop
  endfacet
  facet normal 0.608788 0 -0.793333
    outer loop
      vertex -1.09274 5.2 1.30227
      vertex -0.97508 9.2 1.39256
      vertex -0.97508 5.2 1.39256
    endloop
  endfacet
  facet normal 0.608788 0 -0.793333
    outer loop
      vertex -0.97508 9.2 1.39256
      vertex -1.09274 5.2 1.30227
      vertex -1.09274 9.2 1.30227
    endloop
  endfacet
  facet normal 0.608788 0 -0.793333
    outer loop
      vertex -1.09274 -9.2 1.30227
      vertex -0.97508 -7.9 1.39256
      vertex -0.97508 -9.2 1.39256
    endloop
  endfacet
  facet normal 0.608788 0 -0.793333
    outer loop
      vertex -0.97508 -7.9 1.39256
      vertex -1.09274 -9.2 1.30227
      vertex -1.09274 -7.9 1.30227
    endloop
  endfacet
  facet normal 0.953729 -0 0.300668
    outer loop
      vertex -1.64207 5.2 -0.439993
      vertex -1.59748 9.2 -0.581434
      vertex -1.64207 9.2 -0.439993
    endloop
  endfacet
  facet normal 0.953729 0 0.300668
    outer loop
      vertex -1.59748 9.2 -0.581434
      vertex -1.64207 5.2 -0.439993
      vertex -1.59748 5.2 -0.581434
    endloop
  endfacet
  facet normal 0.953729 -0 0.300668
    outer loop
      vertex -1.64207 -9.2 -0.439993
      vertex -1.59748 -7.9 -0.581434
      vertex -1.64207 -7.9 -0.439993
    endloop
  endfacet
  facet normal 0.953729 0 0.300668
    outer loop
      vertex -1.59748 -7.9 -0.581434
      vertex -1.64207 -9.2 -0.439993
      vertex -1.59748 -9.2 -0.581434
    endloop
  endfacet
  facet normal 0.382716 0 -0.923866
    outer loop
      vertex -0.718451 5.2 1.54072
      vertex -0.581434 9.2 1.59748
      vertex -0.581434 5.2 1.59748
    endloop
  endfacet
  facet normal 0.382716 0 -0.923866
    outer loop
      vertex -0.581434 9.2 1.59748
      vertex -0.718451 5.2 1.54072
      vertex -0.718451 9.2 1.54072
    endloop
  endfacet
  facet normal 0.382716 0 -0.923866
    outer loop
      vertex -0.718451 -9.2 1.54072
      vertex -0.581434 -7.9 1.59748
      vertex -0.581434 -9.2 1.59748
    endloop
  endfacet
  facet normal 0.382716 0 -0.923866
    outer loop
      vertex -0.581434 -7.9 1.59748
      vertex -0.718451 -9.2 1.54072
      vertex -0.718451 -7.9 1.54072
    endloop
  endfacet
  facet normal -0.976295 0 0.216444
    outer loop
      vertex 1.64207 5.2 -0.439993
      vertex 1.67417 9.2 -0.295202
      vertex 1.64207 9.2 -0.439993
    endloop
  endfacet
  facet normal -0.976295 0 0.216444
    outer loop
      vertex 1.67417 9.2 -0.295202
      vertex 1.64207 5.2 -0.439993
      vertex 1.67417 5.2 -0.295202
    endloop
  endfacet
  facet normal -0.976295 0 0.216444
    outer loop
      vertex 1.64207 -9.2 -0.439993
      vertex 1.67417 -7.9 -0.295202
      vertex 1.64207 -7.9 -0.439993
    endloop
  endfacet
  facet normal -0.976295 0 0.216444
    outer loop
      vertex 1.67417 -7.9 -0.295202
      vertex 1.64207 -9.2 -0.439993
      vertex 1.67417 -9.2 -0.295202
    endloop
  endfacet
  facet normal -0.461751 0 0.88701
    outer loop
      vertex 0.718451 9.2 -1.54072
      vertex 0.849999 5.2 -1.47224
      vertex 0.849999 9.2 -1.47224
    endloop
  endfacet
  facet normal -0.461751 0 0.88701
    outer loop
      vertex 0.849999 5.2 -1.47224
      vertex 0.718451 9.2 -1.54072
      vertex 0.718451 5.2 -1.54072
    endloop
  endfacet
  facet normal -0.461751 0 0.88701
    outer loop
      vertex 0.718451 -7.9 -1.54072
      vertex 0.849999 -9.2 -1.47224
      vertex 0.849999 -7.9 -1.47224
    endloop
  endfacet
  facet normal -0.461751 0 0.88701
    outer loop
      vertex 0.849999 -9.2 -1.47224
      vertex 0.718451 -7.9 -1.54072
      vertex 0.718451 -9.2 -1.54072
    endloop
  endfacet
  facet normal 0.999048 0 -0.043626
    outer loop
      vertex -1.69353 5.2 0.148165
      vertex -1.7 9.2 0
      vertex -1.69353 9.2 0.148165
    endloop
  endfacet
  facet normal 0.999048 0 -0.043626
    outer loop
      vertex -1.7 9.2 0
      vertex -1.69353 5.2 0.148165
      vertex -1.7 5.2 0
    endloop
  endfacet
  facet normal 0.999048 0 -0.043626
    outer loop
      vertex -1.69353 -9.2 0.148165
      vertex -1.7 -7.9 0
      vertex -1.69353 -7.9 0.148165
    endloop
  endfacet
  facet normal 0.999048 0 -0.043626
    outer loop
      vertex -1.7 -7.9 0
      vertex -1.69353 -9.2 0.148165
      vertex -1.7 -9.2 0
    endloop
  endfacet
  facet normal -0.300668 0 -0.953729
    outer loop
      vertex 0.439992 5.2 1.64207
      vertex 0.581433 9.2 1.59748
      vertex 0.581433 5.2 1.59748
    endloop
  endfacet
  facet normal -0.300668 0 -0.953729
    outer loop
      vertex 0.581433 9.2 1.59748
      vertex 0.439992 5.2 1.64207
      vertex 0.439992 9.2 1.64207
    endloop
  endfacet
  facet normal -0.300668 0 -0.953729
    outer loop
      vertex 0.439992 -9.2 1.64207
      vertex 0.581433 -7.9 1.59748
      vertex 0.581433 -9.2 1.59748
    endloop
  endfacet
  facet normal -0.300668 0 -0.953729
    outer loop
      vertex 0.581433 -7.9 1.59748
      vertex 0.439992 -9.2 1.64207
      vertex 0.439992 -7.9 1.64207
    endloop
  endfacet
  facet normal -0.999048 0 0.0436257
    outer loop
      vertex 1.69353 5.2 -0.148166
      vertex 1.7 9.2 0
      vertex 1.69353 9.2 -0.148166
    endloop
  endfacet
  facet normal -0.999048 0 0.0436257
    outer loop
      vertex 1.7 9.2 0
      vertex 1.69353 5.2 -0.148166
      vertex 1.7 5.2 0
    endloop
  endfacet
  facet normal -0.999048 0 0.0436257
    outer loop
      vertex 1.69353 -9.2 -0.148166
      vertex 1.7 -7.9 0
      vertex 1.69353 -7.9 -0.148166
    endloop
  endfacet
  facet normal -0.999048 0 0.0436257
    outer loop
      vertex 1.7 -7.9 0
      vertex 1.69353 -9.2 -0.148166
      vertex 1.7 -9.2 0
    endloop
  endfacet
  facet normal -0.923867 0 -0.382714
    outer loop
      vertex 1.59748 5.2 0.581433
      vertex 1.54072 9.2 0.718451
      vertex 1.59748 9.2 0.581433
    endloop
  endfacet
  facet normal -0.923867 -0 -0.382714
    outer loop
      vertex 1.54072 9.2 0.718451
      vertex 1.59748 5.2 0.581433
      vertex 1.54072 5.2 0.718451
    endloop
  endfacet
  facet normal -0.923867 0 -0.382714
    outer loop
      vertex 1.59748 -9.2 0.581433
      vertex 1.54072 -7.9 0.718451
      vertex 1.59748 -7.9 0.581433
    endloop
  endfacet
  facet normal -0.923867 -0 -0.382714
    outer loop
      vertex 1.54072 -7.9 0.718451
      vertex 1.59748 -9.2 0.581433
      vertex 1.54072 -9.2 0.718451
    endloop
  endfacet
  facet normal -0.130542 0 0.991443
    outer loop
      vertex 0.148165 9.2 -1.69353
      vertex 0.295201 5.2 -1.67417
      vertex 0.295201 9.2 -1.67417
    endloop
  endfacet
  facet normal -0.130542 0 0.991443
    outer loop
      vertex 0.295201 5.2 -1.67417
      vertex 0.148165 9.2 -1.69353
      vertex 0.148165 5.2 -1.69353
    endloop
  endfacet
  facet normal -0.130542 0 0.991443
    outer loop
      vertex 0.148165 -7.9 -1.69353
      vertex 0.295201 -9.2 -1.67417
      vertex 0.295201 -7.9 -1.67417
    endloop
  endfacet
  facet normal -0.130542 0 0.991443
    outer loop
      vertex 0.295201 -9.2 -1.67417
      vertex 0.148165 -7.9 -1.69353
      vertex 0.148165 -9.2 -1.69353
    endloop
  endfacet
  facet normal -0.300668 0 0.953729
    outer loop
      vertex 0.439992 9.2 -1.64207
      vertex 0.581433 5.2 -1.59748
      vertex 0.581433 9.2 -1.59748
    endloop
  endfacet
  facet normal -0.300668 0 0.953729
    outer loop
      vertex 0.581433 5.2 -1.59748
      vertex 0.439992 9.2 -1.64207
      vertex 0.439992 5.2 -1.64207
    endloop
  endfacet
  facet normal -0.300668 0 0.953729
    outer loop
      vertex 0.439992 -7.9 -1.64207
      vertex 0.581433 -9.2 -1.59748
      vertex 0.581433 -7.9 -1.59748
    endloop
  endfacet
  facet normal -0.300668 0 0.953729
    outer loop
      vertex 0.581433 -9.2 -1.59748
      vertex 0.439992 -7.9 -1.64207
      vertex 0.439992 -9.2 -1.64207
    endloop
  endfacet
  facet normal -0.216444 0 0.976295
    outer loop
      vertex 0.295201 9.2 -1.67417
      vertex 0.439992 5.2 -1.64207
      vertex 0.439992 9.2 -1.64207
    endloop
  endfacet
  facet normal -0.216444 0 0.976295
    outer loop
      vertex 0.439992 5.2 -1.64207
      vertex 0.295201 9.2 -1.67417
      vertex 0.295201 5.2 -1.67417
    endloop
  endfacet
  facet normal -0.216444 0 0.976295
    outer loop
      vertex 0.295201 -7.9 -1.67417
      vertex 0.439992 -9.2 -1.64207
      vertex 0.439992 -7.9 -1.64207
    endloop
  endfacet
  facet normal -0.216444 0 0.976295
    outer loop
      vertex 0.439992 -9.2 -1.64207
      vertex 0.295201 -7.9 -1.67417
      vertex 0.295201 -9.2 -1.67417
    endloop
  endfacet
  facet normal -0.043626 0 -0.999048
    outer loop
      vertex 0 5.2 1.7
      vertex 0.148165 9.2 1.69353
      vertex 0.148165 5.2 1.69353
    endloop
  endfacet
  facet normal -0.043626 0 -0.999048
    outer loop
      vertex 0.148165 9.2 1.69353
      vertex 0 5.2 1.7
      vertex 0 9.2 1.7
    endloop
  endfacet
  facet normal -0.043626 0 -0.999048
    outer loop
      vertex 0 -9.2 1.7
      vertex 0.148165 -7.9 1.69353
      vertex 0.148165 -9.2 1.69353
    endloop
  endfacet
  facet normal -0.043626 0 -0.999048
    outer loop
      vertex 0.148165 -7.9 1.69353
      vertex 0 -9.2 1.7
      vertex 0 -7.9 1.7
    endloop
  endfacet
  facet normal -0.130542 0 -0.991443
    outer loop
      vertex 0.148165 5.2 1.69353
      vertex 0.295201 9.2 1.67417
      vertex 0.295201 5.2 1.67417
    endloop
  endfacet
  facet normal -0.130542 0 -0.991443
    outer loop
      vertex 0.295201 9.2 1.67417
      vertex 0.148165 5.2 1.69353
      vertex 0.148165 9.2 1.69353
    endloop
  endfacet
  facet normal -0.130542 0 -0.991443
    outer loop
      vertex 0.148165 -9.2 1.69353
      vertex 0.295201 -7.9 1.67417
      vertex 0.295201 -9.2 1.67417
    endloop
  endfacet
  facet normal -0.130542 0 -0.991443
    outer loop
      vertex 0.295201 -7.9 1.67417
      vertex 0.148165 -9.2 1.69353
      vertex 0.148165 -7.9 1.69353
    endloop
  endfacet
  facet normal 0.461748 0 0.887011
    outer loop
      vertex -0.85 9.2 -1.47224
      vertex -0.718451 5.2 -1.54072
      vertex -0.718451 9.2 -1.54072
    endloop
  endfacet
  facet normal 0.461748 0 0.887011
    outer loop
      vertex -0.718451 5.2 -1.54072
      vertex -0.85 9.2 -1.47224
      vertex -0.85 5.2 -1.47224
    endloop
  endfacet
  facet normal 0.461748 0 0.887011
    outer loop
      vertex -0.85 -7.9 -1.47224
      vertex -0.718451 -9.2 -1.54072
      vertex -0.718451 -7.9 -1.54072
    endloop
  endfacet
  facet normal 0.461748 0 0.887011
    outer loop
      vertex -0.718451 -9.2 -1.54072
      vertex -0.85 -7.9 -1.47224
      vertex -0.85 -9.2 -1.47224
    endloop
  endfacet
  facet normal -0.991443 0 0.130542
    outer loop
      vertex 1.67417 5.2 -0.295202
      vertex 1.69353 9.2 -0.148166
      vertex 1.67417 9.2 -0.295202
    endloop
  endfacet
  facet normal -0.991443 0 0.130542
    outer loop
      vertex 1.69353 9.2 -0.148166
      vertex 1.67417 5.2 -0.295202
      vertex 1.69353 5.2 -0.148166
    endloop
  endfacet
  facet normal -0.991443 0 0.130542
    outer loop
      vertex 1.67417 -9.2 -0.295202
      vertex 1.69353 -7.9 -0.148166
      vertex 1.67417 -7.9 -0.295202
    endloop
  endfacet
  facet normal -0.991443 0 0.130542
    outer loop
      vertex 1.69353 -7.9 -0.148166
      vertex 1.67417 -9.2 -0.295202
      vertex 1.69353 -9.2 -0.148166
    endloop
  endfacet
  facet normal 0.887011 -0 0.461748
    outer loop
      vertex -1.54072 5.2 -0.718451
      vertex -1.47224 9.2 -0.85
      vertex -1.54072 9.2 -0.718451
    endloop
  endfacet
  facet normal 0.887011 0 0.461748
    outer loop
      vertex -1.47224 9.2 -0.85
      vertex -1.54072 5.2 -0.718451
      vertex -1.47224 5.2 -0.85
    endloop
  endfacet
  facet normal 0.887011 -0 0.461748
    outer loop
      vertex -1.54072 -9.2 -0.718451
      vertex -1.47224 -7.9 -0.85
      vertex -1.54072 -7.9 -0.718451
    endloop
  endfacet
  facet normal 0.887011 0 0.461748
    outer loop
      vertex -1.47224 -7.9 -0.85
      vertex -1.54072 -9.2 -0.718451
      vertex -1.47224 -9.2 -0.85
    endloop
  endfacet
  facet normal -0.88701 0 -0.461751
    outer loop
      vertex 1.54072 5.2 0.718451
      vertex 1.47224 9.2 0.849999
      vertex 1.54072 9.2 0.718451
    endloop
  endfacet
  facet normal -0.88701 -0 -0.461751
    outer loop
      vertex 1.47224 9.2 0.849999
      vertex 1.54072 5.2 0.718451
      vertex 1.47224 5.2 0.849999
    endloop
  endfacet
  facet normal -0.88701 0 -0.461751
    outer loop
      vertex 1.54072 -9.2 0.718451
      vertex 1.47224 -7.9 0.849999
      vertex 1.54072 -7.9 0.718451
    endloop
  endfacet
  facet normal -0.88701 -0 -0.461751
    outer loop
      vertex 1.47224 -7.9 0.849999
      vertex 1.54072 -9.2 0.718451
      vertex 1.47224 -9.2 0.849999
    endloop
  endfacet
  facet normal 0.300668 0 -0.953729
    outer loop
      vertex -0.581434 5.2 1.59748
      vertex -0.439993 9.2 1.64207
      vertex -0.439993 5.2 1.64207
    endloop
  endfacet
  facet normal 0.300668 0 -0.953729
    outer loop
      vertex -0.439993 9.2 1.64207
      vertex -0.581434 5.2 1.59748
      vertex -0.581434 9.2 1.59748
    endloop
  endfacet
  facet normal 0.300668 0 -0.953729
    outer loop
      vertex -0.581434 -9.2 1.59748
      vertex -0.439993 -7.9 1.64207
      vertex -0.439993 -9.2 1.64207
    endloop
  endfacet
  facet normal 0.300668 0 -0.953729
    outer loop
      vertex -0.439993 -7.9 1.64207
      vertex -0.581434 -9.2 1.59748
      vertex -0.581434 -7.9 1.59748
    endloop
  endfacet
  facet normal 0.300668 0 0.953729
    outer loop
      vertex -0.581434 9.2 -1.59748
      vertex -0.439993 5.2 -1.64207
      vertex -0.439993 9.2 -1.64207
    endloop
  endfacet
  facet normal 0.300668 0 0.953729
    outer loop
      vertex -0.439993 5.2 -1.64207
      vertex -0.581434 9.2 -1.59748
      vertex -0.581434 5.2 -1.59748
    endloop
  endfacet
  facet normal 0.300668 0 0.953729
    outer loop
      vertex -0.581434 -7.9 -1.59748
      vertex -0.439993 -9.2 -1.64207
      vertex -0.439993 -7.9 -1.64207
    endloop
  endfacet
  facet normal 0.300668 0 0.953729
    outer loop
      vertex -0.439993 -9.2 -1.64207
      vertex -0.581434 -7.9 -1.59748
      vertex -0.581434 -9.2 -1.59748
    endloop
  endfacet
  facet normal -0.953729 0 0.300668
    outer loop
      vertex 1.59748 5.2 -0.581434
      vertex 1.64207 9.2 -0.439993
      vertex 1.59748 9.2 -0.581434
    endloop
  endfacet
  facet normal -0.953729 0 0.300668
    outer loop
      vertex 1.64207 9.2 -0.439993
      vertex 1.59748 5.2 -0.581434
      vertex 1.64207 5.2 -0.439993
    endloop
  endfacet
  facet normal -0.953729 0 0.300668
    outer loop
      vertex 1.59748 -9.2 -0.581434
      vertex 1.64207 -7.9 -0.439993
      vertex 1.59748 -7.9 -0.581434
    endloop
  endfacet
  facet normal -0.953729 0 0.300668
    outer loop
      vertex 1.64207 -7.9 -0.439993
      vertex 1.59748 -9.2 -0.581434
      vertex 1.64207 -9.2 -0.439993
    endloop
  endfacet
  facet normal -0.675584 0 -0.737283
    outer loop
      vertex 1.09274 5.2 1.30227
      vertex 1.20208 9.2 1.20208
      vertex 1.20208 5.2 1.20208
    endloop
  endfacet
  facet normal -0.675584 0 -0.737283
    outer loop
      vertex 1.20208 9.2 1.20208
      vertex 1.09274 5.2 1.30227
      vertex 1.09274 9.2 1.30227
    endloop
  endfacet
  facet normal -0.675584 0 -0.737283
    outer loop
      vertex 1.09274 -9.2 1.30227
      vertex 1.20208 -7.9 1.20208
      vertex 1.20208 -9.2 1.20208
    endloop
  endfacet
  facet normal -0.675584 0 -0.737283
    outer loop
      vertex 1.20208 -7.9 1.20208
      vertex 1.09274 -9.2 1.30227
      vertex 1.09274 -7.9 1.30227
    endloop
  endfacet
  facet normal 0.991443 0 -0.130542
    outer loop
      vertex -1.67417 5.2 0.295201
      vertex -1.69353 9.2 0.148165
      vertex -1.67417 9.2 0.295201
    endloop
  endfacet
  facet normal 0.991443 0 -0.130542
    outer loop
      vertex -1.69353 9.2 0.148165
      vertex -1.67417 5.2 0.295201
      vertex -1.69353 5.2 0.148165
    endloop
  endfacet
  facet normal 0.991443 0 -0.130542
    outer loop
      vertex -1.67417 -9.2 0.295201
      vertex -1.69353 -7.9 0.148165
      vertex -1.67417 -7.9 0.295201
    endloop
  endfacet
  facet normal 0.991443 0 -0.130542
    outer loop
      vertex -1.69353 -7.9 0.148165
      vertex -1.67417 -9.2 0.295201
      vertex -1.69353 -9.2 0.148165
    endloop
  endfacet
  facet normal -0.216444 0 -0.976295
    outer loop
      vertex 0.295201 5.2 1.67417
      vertex 0.439992 9.2 1.64207
      vertex 0.439992 5.2 1.64207
    endloop
  endfacet
  facet normal -0.216444 0 -0.976295
    outer loop
      vertex 0.439992 9.2 1.64207
      vertex 0.295201 5.2 1.67417
      vertex 0.295201 9.2 1.67417
    endloop
  endfacet
  facet normal -0.216444 0 -0.976295
    outer loop
      vertex 0.295201 -9.2 1.67417
      vertex 0.439992 -7.9 1.64207
      vertex 0.439992 -9.2 1.64207
    endloop
  endfacet
  facet normal -0.216444 0 -0.976295
    outer loop
      vertex 0.439992 -7.9 1.64207
      vertex 0.295201 -9.2 1.67417
      vertex 0.295201 -7.9 1.67417
    endloop
  endfacet
  facet normal -0.043626 0 0.999048
    outer loop
      vertex 0 9.2 -1.7
      vertex 0.148165 5.2 -1.69353
      vertex 0.148165 9.2 -1.69353
    endloop
  endfacet
  facet normal -0.043626 0 0.999048
    outer loop
      vertex 0.148165 5.2 -1.69353
      vertex 0 9.2 -1.7
      vertex 0 5.2 -1.7
    endloop
  endfacet
  facet normal -0.043626 0 0.999048
    outer loop
      vertex 0 -7.9 -1.7
      vertex 0.148165 -9.2 -1.69353
      vertex 0.148165 -7.9 -1.69353
    endloop
  endfacet
  facet normal -0.043626 0 0.999048
    outer loop
      vertex 0.148165 -9.2 -1.69353
      vertex 0 -7.9 -1.7
      vertex 0 -9.2 -1.7
    endloop
  endfacet
  facet normal 0.991443 -0 0.130542
    outer loop
      vertex -1.69353 5.2 -0.148166
      vertex -1.67417 9.2 -0.295202
      vertex -1.69353 9.2 -0.148166
    endloop
  endfacet
  facet normal 0.991443 0 0.130542
    outer loop
      vertex -1.67417 9.2 -0.295202
      vertex -1.69353 5.2 -0.148166
      vertex -1.67417 5.2 -0.295202
    endloop
  endfacet
  facet normal 0.991443 -0 0.130542
    outer loop
      vertex -1.69353 -9.2 -0.148166
      vertex -1.67417 -7.9 -0.295202
      vertex -1.69353 -7.9 -0.148166
    endloop
  endfacet
  facet normal 0.991443 0 0.130542
    outer loop
      vertex -1.67417 -7.9 -0.295202
      vertex -1.69353 -9.2 -0.148166
      vertex -1.67417 -9.2 -0.295202
    endloop
  endfacet
  facet normal 0.130542 0 -0.991443
    outer loop
      vertex -0.295202 5.2 1.67417
      vertex -0.148166 9.2 1.69353
      vertex -0.148166 5.2 1.69353
    endloop
  endfacet
  facet normal 0.130542 0 -0.991443
    outer loop
      vertex -0.148166 9.2 1.69353
      vertex -0.295202 5.2 1.67417
      vertex -0.295202 9.2 1.67417
    endloop
  endfacet
  facet normal 0.130542 0 -0.991443
    outer loop
      vertex -0.295202 -9.2 1.67417
      vertex -0.148166 -7.9 1.69353
      vertex -0.148166 -9.2 1.69353
    endloop
  endfacet
  facet normal 0.130542 0 -0.991443
    outer loop
      vertex -0.148166 -7.9 1.69353
      vertex -0.295202 -9.2 1.67417
      vertex -0.295202 -7.9 1.67417
    endloop
  endfacet
  facet normal -0.923866 0 0.382716
    outer loop
      vertex 1.54072 5.2 -0.718451
      vertex 1.59748 9.2 -0.581434
      vertex 1.54072 9.2 -0.718451
    endloop
  endfacet
  facet normal -0.923866 0 0.382716
    outer loop
      vertex 1.59748 9.2 -0.581434
      vertex 1.54072 5.2 -0.718451
      vertex 1.59748 5.2 -0.581434
    endloop
  endfacet
  facet normal -0.923866 0 0.382716
    outer loop
      vertex 1.54072 -9.2 -0.718451
      vertex 1.59748 -7.9 -0.581434
      vertex 1.54072 -7.9 -0.718451
    endloop
  endfacet
  facet normal -0.923866 0 0.382716
    outer loop
      vertex 1.59748 -7.9 -0.581434
      vertex 1.54072 -9.2 -0.718451
      vertex 1.59748 -9.2 -0.581434
    endloop
  endfacet
  facet normal 0.88701 0 -0.461751
    outer loop
      vertex -1.47224 5.2 0.849999
      vertex -1.54072 9.2 0.718451
      vertex -1.47224 9.2 0.849999
    endloop
  endfacet
  facet normal 0.88701 0 -0.461751
    outer loop
      vertex -1.54072 9.2 0.718451
      vertex -1.47224 5.2 0.849999
      vertex -1.54072 5.2 0.718451
    endloop
  endfacet
  facet normal 0.88701 0 -0.461751
    outer loop
      vertex -1.47224 -9.2 0.849999
      vertex -1.54072 -7.9 0.718451
      vertex -1.47224 -7.9 0.849999
    endloop
  endfacet
  facet normal 0.88701 0 -0.461751
    outer loop
      vertex -1.54072 -7.9 0.718451
      vertex -1.47224 -9.2 0.849999
      vertex -1.54072 -9.2 0.718451
    endloop
  endfacet
  facet normal 0.461748 0 -0.887011
    outer loop
      vertex -0.85 5.2 1.47224
      vertex -0.718451 9.2 1.54072
      vertex -0.718451 5.2 1.54072
    endloop
  endfacet
  facet normal 0.461748 0 -0.887011
    outer loop
      vertex -0.718451 9.2 1.54072
      vertex -0.85 5.2 1.47224
      vertex -0.85 9.2 1.47224
    endloop
  endfacet
  facet normal 0.461748 0 -0.887011
    outer loop
      vertex -0.85 -9.2 1.47224
      vertex -0.718451 -7.9 1.54072
      vertex -0.718451 -9.2 1.54072
    endloop
  endfacet
  facet normal 0.461748 0 -0.887011
    outer loop
      vertex -0.718451 -7.9 1.54072
      vertex -0.85 -9.2 1.47224
      vertex -0.85 -7.9 1.47224
    endloop
  endfacet
  facet normal -0.793333 0 -0.608788
    outer loop
      vertex 1.39256 5.2 0.97508
      vertex 1.30227 9.2 1.09274
      vertex 1.39256 9.2 0.97508
    endloop
  endfacet
  facet normal -0.793333 -0 -0.608788
    outer loop
      vertex 1.30227 9.2 1.09274
      vertex 1.39256 5.2 0.97508
      vertex 1.30227 5.2 1.09274
    endloop
  endfacet
  facet normal -0.793333 0 -0.608788
    outer loop
      vertex 1.39256 -9.2 0.97508
      vertex 1.30227 -7.9 1.09274
      vertex 1.39256 -7.9 0.97508
    endloop
  endfacet
  facet normal -0.793333 -0 -0.608788
    outer loop
      vertex 1.30227 -7.9 1.09274
      vertex 1.39256 -9.2 0.97508
      vertex 1.30227 -9.2 1.09274
    endloop
  endfacet
  facet normal 0.737249 0 -0.675621
    outer loop
      vertex -1.20208 5.2 1.20208
      vertex -1.30228 9.2 1.09274
      vertex -1.20208 9.2 1.20208
    endloop
  endfacet
  facet normal 0.737249 0 -0.675621
    outer loop
      vertex -1.30228 9.2 1.09274
      vertex -1.20208 5.2 1.20208
      vertex -1.30228 5.2 1.09274
    endloop
  endfacet
  facet normal 0.737249 0 -0.675621
    outer loop
      vertex -1.20208 -9.2 1.20208
      vertex -1.30228 -7.9 1.09274
      vertex -1.20208 -7.9 1.20208
    endloop
  endfacet
  facet normal 0.737249 0 -0.675621
    outer loop
      vertex -1.30228 -7.9 1.09274
      vertex -1.20208 -9.2 1.20208
      vertex -1.30228 -9.2 1.09274
    endloop
  endfacet
  facet normal -0.887011 0 0.461748
    outer loop
      vertex 1.47224 5.2 -0.85
      vertex 1.54072 9.2 -0.718451
      vertex 1.47224 9.2 -0.85
    endloop
  endfacet
  facet normal -0.887011 0 0.461748
    outer loop
      vertex 1.54072 9.2 -0.718451
      vertex 1.47224 5.2 -0.85
      vertex 1.54072 5.2 -0.718451
    endloop
  endfacet
  facet normal -0.887011 0 0.461748
    outer loop
      vertex 1.47224 -9.2 -0.85
      vertex 1.54072 -7.9 -0.718451
      vertex 1.47224 -7.9 -0.85
    endloop
  endfacet
  facet normal -0.887011 0 0.461748
    outer loop
      vertex 1.54072 -7.9 -0.718451
      vertex 1.47224 -9.2 -0.85
      vertex 1.54072 -9.2 -0.718451
    endloop
  endfacet
  facet normal 0.793365 -0 0.608746
    outer loop
      vertex -1.39256 5.2 -0.97508
      vertex -1.30228 9.2 -1.09274
      vertex -1.39256 9.2 -0.97508
    endloop
  endfacet
  facet normal 0.793365 0 0.608746
    outer loop
      vertex -1.30228 9.2 -1.09274
      vertex -1.39256 5.2 -0.97508
      vertex -1.30228 5.2 -1.09274
    endloop
  endfacet
  facet normal 0.793365 -0 0.608746
    outer loop
      vertex -1.39256 -9.2 -0.97508
      vertex -1.30228 -7.9 -1.09274
      vertex -1.39256 -7.9 -0.97508
    endloop
  endfacet
  facet normal 0.793365 0 0.608746
    outer loop
      vertex -1.30228 -7.9 -1.09274
      vertex -1.39256 -9.2 -0.97508
      vertex -1.30228 -9.2 -1.09274
    endloop
  endfacet
  facet normal 0.0436257 0 0.999048
    outer loop
      vertex -0.148166 9.2 -1.69353
      vertex 0 5.2 -1.7
      vertex 0 9.2 -1.7
    endloop
  endfacet
  facet normal 0.0436257 0 0.999048
    outer loop
      vertex 0 5.2 -1.7
      vertex -0.148166 9.2 -1.69353
      vertex -0.148166 5.2 -1.69353
    endloop
  endfacet
  facet normal 0.0436257 0 0.999048
    outer loop
      vertex -0.148166 -7.9 -1.69353
      vertex 0 -9.2 -1.7
      vertex 0 -7.9 -1.7
    endloop
  endfacet
  facet normal 0.0436257 0 0.999048
    outer loop
      vertex 0 -9.2 -1.7
      vertex -0.148166 -7.9 -1.69353
      vertex -0.148166 -9.2 -1.69353
    endloop
  endfacet
  facet normal 0.675621 0 0.737249
    outer loop
      vertex -1.20208 9.2 -1.20208
      vertex -1.09274 5.2 -1.30228
      vertex -1.09274 9.2 -1.30228
    endloop
  endfacet
  facet normal 0.675621 0 0.737249
    outer loop
      vertex -1.09274 5.2 -1.30228
      vertex -1.20208 9.2 -1.20208
      vertex -1.20208 5.2 -1.20208
    endloop
  endfacet
  facet normal 0.675621 0 0.737249
    outer loop
      vertex -1.20208 -7.9 -1.20208
      vertex -1.09274 -9.2 -1.30228
      vertex -1.09274 -7.9 -1.30228
    endloop
  endfacet
  facet normal 0.675621 0 0.737249
    outer loop
      vertex -1.09274 -9.2 -1.30228
      vertex -1.20208 -7.9 -1.20208
      vertex -1.20208 -9.2 -1.20208
    endloop
  endfacet
  facet normal -0.461751 0 -0.88701
    outer loop
      vertex 0.718451 5.2 1.54072
      vertex 0.849999 9.2 1.47224
      vertex 0.849999 5.2 1.47224
    endloop
  endfacet
  facet normal -0.461751 0 -0.88701
    outer loop
      vertex 0.849999 9.2 1.47224
      vertex 0.718451 5.2 1.54072
      vertex 0.718451 9.2 1.54072
    endloop
  endfacet
  facet normal -0.461751 0 -0.88701
    outer loop
      vertex 0.718451 -9.2 1.54072
      vertex 0.849999 -7.9 1.47224
      vertex 0.849999 -9.2 1.47224
    endloop
  endfacet
  facet normal -0.461751 0 -0.88701
    outer loop
      vertex 0.849999 -7.9 1.47224
      vertex 0.718451 -9.2 1.54072
      vertex 0.718451 -7.9 1.54072
    endloop
  endfacet
  facet normal -0.537274 0 0.843408
    outer loop
      vertex 0.849999 9.2 -1.47224
      vertex 0.97508 5.2 -1.39256
      vertex 0.97508 9.2 -1.39256
    endloop
  endfacet
  facet normal -0.537274 0 0.843408
    outer loop
      vertex 0.97508 5.2 -1.39256
      vertex 0.849999 9.2 -1.47224
      vertex 0.849999 5.2 -1.47224
    endloop
  endfacet
  facet normal -0.537274 0 0.843408
    outer loop
      vertex 0.849999 -7.9 -1.47224
      vertex 0.97508 -9.2 -1.39256
      vertex 0.97508 -7.9 -1.39256
    endloop
  endfacet
  facet normal -0.537274 0 0.843408
    outer loop
      vertex 0.97508 -9.2 -1.39256
      vertex 0.849999 -7.9 -1.47224
      vertex 0.849999 -9.2 -1.47224
    endloop
  endfacet
  facet normal 0.923867 0 -0.382714
    outer loop
      vertex -1.54072 5.2 0.718451
      vertex -1.59748 9.2 0.581433
      vertex -1.54072 9.2 0.718451
    endloop
  endfacet
  facet normal 0.923867 0 -0.382714
    outer loop
      vertex -1.59748 9.2 0.581433
      vertex -1.54072 5.2 0.718451
      vertex -1.59748 5.2 0.581433
    endloop
  endfacet
  facet normal 0.923867 0 -0.382714
    outer loop
      vertex -1.54072 -9.2 0.718451
      vertex -1.59748 -7.9 0.581433
      vertex -1.54072 -7.9 0.718451
    endloop
  endfacet
  facet normal 0.923867 0 -0.382714
    outer loop
      vertex -1.59748 -7.9 0.581433
      vertex -1.54072 -9.2 0.718451
      vertex -1.59748 -9.2 0.581433
    endloop
  endfacet
  facet normal -0.537274 0 -0.843408
    outer loop
      vertex 0.849999 5.2 1.47224
      vertex 0.97508 9.2 1.39256
      vertex 0.97508 5.2 1.39256
    endloop
  endfacet
  facet normal -0.537274 0 -0.843408
    outer loop
      vertex 0.97508 9.2 1.39256
      vertex 0.849999 5.2 1.47224
      vertex 0.849999 9.2 1.47224
    endloop
  endfacet
  facet normal -0.537274 0 -0.843408
    outer loop
      vertex 0.849999 -9.2 1.47224
      vertex 0.97508 -7.9 1.39256
      vertex 0.97508 -9.2 1.39256
    endloop
  endfacet
  facet normal -0.537274 0 -0.843408
    outer loop
      vertex 0.97508 -7.9 1.39256
      vertex 0.849999 -9.2 1.47224
      vertex 0.849999 -7.9 1.47224
    endloop
  endfacet
  facet normal 0.843408 0 -0.537274
    outer loop
      vertex -1.39256 5.2 0.97508
      vertex -1.47224 9.2 0.849999
      vertex -1.39256 9.2 0.97508
    endloop
  endfacet
  facet normal 0.843408 0 -0.537274
    outer loop
      vertex -1.47224 9.2 0.849999
      vertex -1.39256 5.2 0.97508
      vertex -1.47224 5.2 0.849999
    endloop
  endfacet
  facet normal 0.843408 0 -0.537274
    outer loop
      vertex -1.39256 -9.2 0.97508
      vertex -1.47224 -7.9 0.849999
      vertex -1.39256 -7.9 0.97508
    endloop
  endfacet
  facet normal 0.843408 0 -0.537274
    outer loop
      vertex -1.47224 -7.9 0.849999
      vertex -1.39256 -9.2 0.97508
      vertex -1.47224 -9.2 0.849999
    endloop
  endfacet
  facet normal 0.737249 -0 0.675621
    outer loop
      vertex -1.30228 5.2 -1.09274
      vertex -1.20208 9.2 -1.20208
      vertex -1.30228 9.2 -1.09274
    endloop
  endfacet
  facet normal 0.737249 0 0.675621
    outer loop
      vertex -1.20208 9.2 -1.20208
      vertex -1.30228 5.2 -1.09274
      vertex -1.20208 5.2 -1.20208
    endloop
  endfacet
  facet normal 0.737249 -0 0.675621
    outer loop
      vertex -1.30228 -9.2 -1.09274
      vertex -1.20208 -7.9 -1.20208
      vertex -1.30228 -7.9 -1.09274
    endloop
  endfacet
  facet normal 0.737249 0 0.675621
    outer loop
      vertex -1.20208 -7.9 -1.20208
      vertex -1.30228 -9.2 -1.09274
      vertex -1.20208 -9.2 -1.20208
    endloop
  endfacet
  facet normal -0.608746 0 0.793365
    outer loop
      vertex 0.97508 9.2 -1.39256
      vertex 1.09274 5.2 -1.30228
      vertex 1.09274 9.2 -1.30228
    endloop
  endfacet
  facet normal -0.608746 0 0.793365
    outer loop
      vertex 1.09274 5.2 -1.30228
      vertex 0.97508 9.2 -1.39256
      vertex 0.97508 5.2 -1.39256
    endloop
  endfacet
  facet normal -0.608746 0 0.793365
    outer loop
      vertex 0.97508 -7.9 -1.39256
      vertex 1.09274 -9.2 -1.30228
      vertex 1.09274 -7.9 -1.30228
    endloop
  endfacet
  facet normal -0.608746 0 0.793365
    outer loop
      vertex 1.09274 -9.2 -1.30228
      vertex 0.97508 -7.9 -1.39256
      vertex 0.97508 -9.2 -1.39256
    endloop
  endfacet
  facet normal 0.999048 -0 0.0436257
    outer loop
      vertex -1.7 5.2 0
      vertex -1.69353 9.2 -0.148166
      vertex -1.7 9.2 0
    endloop
  endfacet
  facet normal 0.999048 0 0.0436257
    outer loop
      vertex -1.69353 9.2 -0.148166
      vertex -1.7 5.2 0
      vertex -1.69353 5.2 -0.148166
    endloop
  endfacet
  facet normal 0.999048 -0 0.0436257
    outer loop
      vertex -1.7 -9.2 0
      vertex -1.69353 -7.9 -0.148166
      vertex -1.7 -7.9 0
    endloop
  endfacet
  facet normal 0.999048 0 0.0436257
    outer loop
      vertex -1.69353 -7.9 -0.148166
      vertex -1.7 -9.2 0
      vertex -1.69353 -9.2 -0.148166
    endloop
  endfacet
  facet normal -0.675621 0 0.737249
    outer loop
      vertex 1.09274 9.2 -1.30228
      vertex 1.20208 5.2 -1.20208
      vertex 1.20208 9.2 -1.20208
    endloop
  endfacet
  facet normal -0.675621 0 0.737249
    outer loop
      vertex 1.20208 5.2 -1.20208
      vertex 1.09274 9.2 -1.30228
      vertex 1.09274 5.2 -1.30228
    endloop
  endfacet
  facet normal -0.675621 0 0.737249
    outer loop
      vertex 1.09274 -7.9 -1.30228
      vertex 1.20208 -9.2 -1.20208
      vertex 1.20208 -7.9 -1.20208
    endloop
  endfacet
  facet normal -0.675621 0 0.737249
    outer loop
      vertex 1.20208 -9.2 -1.20208
      vertex 1.09274 -7.9 -1.30228
      vertex 1.09274 -9.2 -1.30228
    endloop
  endfacet
  facet normal 0.843406 -0 0.537277
    outer loop
      vertex -1.47224 5.2 -0.85
      vertex -1.39256 9.2 -0.97508
      vertex -1.47224 9.2 -0.85
    endloop
  endfacet
  facet normal 0.843406 0 0.537277
    outer loop
      vertex -1.39256 9.2 -0.97508
      vertex -1.47224 5.2 -0.85
      vertex -1.39256 5.2 -0.97508
    endloop
  endfacet
  facet normal 0.843406 -0 0.537277
    outer loop
      vertex -1.47224 -9.2 -0.85
      vertex -1.39256 -7.9 -0.97508
      vertex -1.47224 -7.9 -0.85
    endloop
  endfacet
  facet normal 0.843406 0 0.537277
    outer loop
      vertex -1.39256 -7.9 -0.97508
      vertex -1.47224 -9.2 -0.85
      vertex -1.39256 -9.2 -0.97508
    endloop
  endfacet
  facet normal -0.843406 0 0.537277
    outer loop
      vertex 1.39256 5.2 -0.97508
      vertex 1.47224 9.2 -0.85
      vertex 1.39256 9.2 -0.97508
    endloop
  endfacet
  facet normal -0.843406 0 0.537277
    outer loop
      vertex 1.47224 9.2 -0.85
      vertex 1.39256 5.2 -0.97508
      vertex 1.47224 5.2 -0.85
    endloop
  endfacet
  facet normal -0.843406 0 0.537277
    outer loop
      vertex 1.39256 -9.2 -0.97508
      vertex 1.47224 -7.9 -0.85
      vertex 1.39256 -7.9 -0.97508
    endloop
  endfacet
  facet normal -0.843406 0 0.537277
    outer loop
      vertex 1.47224 -7.9 -0.85
      vertex 1.39256 -9.2 -0.97508
      vertex 1.47224 -9.2 -0.85
    endloop
  endfacet
  facet normal -0.737283 0 0.675584
    outer loop
      vertex 1.20208 5.2 -1.20208
      vertex 1.30227 9.2 -1.09274
      vertex 1.20208 9.2 -1.20208
    endloop
  endfacet
  facet normal -0.737283 0 0.675584
    outer loop
      vertex 1.30227 9.2 -1.09274
      vertex 1.20208 5.2 -1.20208
      vertex 1.30227 5.2 -1.09274
    endloop
  endfacet
  facet normal -0.737283 0 0.675584
    outer loop
      vertex 1.20208 -9.2 -1.20208
      vertex 1.30227 -7.9 -1.09274
      vertex 1.20208 -7.9 -1.20208
    endloop
  endfacet
  facet normal -0.737283 0 0.675584
    outer loop
      vertex 1.30227 -7.9 -1.09274
      vertex 1.20208 -9.2 -1.20208
      vertex 1.30227 -9.2 -1.09274
    endloop
  endfacet
  facet normal 0.537277 0 0.843406
    outer loop
      vertex -0.97508 9.2 -1.39256
      vertex -0.85 5.2 -1.47224
      vertex -0.85 9.2 -1.47224
    endloop
  endfacet
  facet normal 0.537277 0 0.843406
    outer loop
      vertex -0.85 5.2 -1.47224
      vertex -0.97508 9.2 -1.39256
      vertex -0.97508 5.2 -1.39256
    endloop
  endfacet
  facet normal 0.537277 0 0.843406
    outer loop
      vertex -0.97508 -7.9 -1.39256
      vertex -0.85 -9.2 -1.47224
      vertex -0.85 -7.9 -1.47224
    endloop
  endfacet
  facet normal 0.537277 0 0.843406
    outer loop
      vertex -0.85 -9.2 -1.47224
      vertex -0.97508 -7.9 -1.39256
      vertex -0.97508 -9.2 -1.39256
    endloop
  endfacet
  facet normal 0.608746 0 0.793365
    outer loop
      vertex -1.09274 9.2 -1.30228
      vertex -0.97508 5.2 -1.39256
      vertex -0.97508 9.2 -1.39256
    endloop
  endfacet
  facet normal 0.608746 0 0.793365
    outer loop
      vertex -0.97508 5.2 -1.39256
      vertex -1.09274 9.2 -1.30228
      vertex -1.09274 5.2 -1.30228
    endloop
  endfacet
  facet normal 0.608746 0 0.793365
    outer loop
      vertex -1.09274 -7.9 -1.30228
      vertex -0.97508 -9.2 -1.39256
      vertex -0.97508 -7.9 -1.39256
    endloop
  endfacet
  facet normal 0.608746 0 0.793365
    outer loop
      vertex -0.97508 -9.2 -1.39256
      vertex -1.09274 -7.9 -1.30228
      vertex -1.09274 -9.2 -1.30228
    endloop
  endfacet
  facet normal 0.216444 0 0.976295
    outer loop
      vertex -0.439993 9.2 -1.64207
      vertex -0.295202 5.2 -1.67417
      vertex -0.295202 9.2 -1.67417
    endloop
  endfacet
  facet normal 0.216444 0 0.976295
    outer loop
      vertex -0.295202 5.2 -1.67417
      vertex -0.439993 9.2 -1.64207
      vertex -0.439993 5.2 -1.64207
    endloop
  endfacet
  facet normal 0.216444 0 0.976295
    outer loop
      vertex -0.439993 -7.9 -1.64207
      vertex -0.295202 -9.2 -1.67417
      vertex -0.295202 -7.9 -1.67417
    endloop
  endfacet
  facet normal 0.216444 0 0.976295
    outer loop
      vertex -0.295202 -9.2 -1.67417
      vertex -0.439993 -7.9 -1.64207
      vertex -0.439993 -9.2 -1.64207
    endloop
  endfacet
  facet normal 0.130542 0 0.991443
    outer loop
      vertex -0.295202 9.2 -1.67417
      vertex -0.148166 5.2 -1.69353
      vertex -0.148166 9.2 -1.69353
    endloop
  endfacet
  facet normal 0.130542 0 0.991443
    outer loop
      vertex -0.148166 5.2 -1.69353
      vertex -0.295202 9.2 -1.67417
      vertex -0.295202 5.2 -1.67417
    endloop
  endfacet
  facet normal 0.130542 0 0.991443
    outer loop
      vertex -0.295202 -7.9 -1.67417
      vertex -0.148166 -9.2 -1.69353
      vertex -0.148166 -7.9 -1.69353
    endloop
  endfacet
  facet normal 0.130542 0 0.991443
    outer loop
      vertex -0.148166 -9.2 -1.69353
      vertex -0.295202 -7.9 -1.67417
      vertex -0.295202 -9.2 -1.67417
    endloop
  endfacet
  facet normal -0 0 1
    outer loop
      vertex -1.58771 -5.2 -2.75
      vertex 1.58771 -7.9 -2.75
      vertex 1.58771 -5.2 -2.75
    endloop
  endfacet
  facet normal 0 0 1
    outer loop
      vertex 1.58771 -7.9 -2.75
      vertex -1.58771 -5.2 -2.75
      vertex -1.58771 -7.9 -2.75
    endloop
  endfacet
  facet normal 0 0 -1
    outer loop
      vertex -1.58771 -7.9 2.75
      vertex 1.58771 -5.2 2.75
      vertex 1.58771 -7.9 2.75
    endloop
  endfacet
  facet normal -0 0 -1
    outer loop
      vertex 1.58771 -5.2 2.75
      vertex -1.58771 -7.9 2.75
      vertex -1.58771 -5.2 2.75
    endloop
  endfacet
  facet normal -0.866024 0 -0.500002
    outer loop
      vertex 3.17543 -7.9 0
      vertex 1.58771 -5.2 2.75
      vertex 3.17543 -5.2 0
    endloop
  endfacet
  facet normal -0.866024 -0 -0.500002
    outer loop
      vertex 1.58771 -5.2 2.75
      vertex 3.17543 -7.9 0
      vertex 1.58771 -7.9 2.75
    endloop
  endfacet
  facet normal 0.866024 0 -0.500002
    outer loop
      vertex -1.58771 -7.9 2.75
      vertex -3.17543 -5.2 0
      vertex -1.58771 -5.2 2.75
    endloop
  endfacet
  facet normal 0.866024 0 -0.500002
    outer loop
      vertex -3.17543 -5.2 0
      vertex -1.58771 -7.9 2.75
      vertex -3.17543 -7.9 0
    endloop
  endfacet
  facet normal 0.866024 -0 0.500002
    outer loop
      vertex -3.17543 -7.9 0
      vertex -1.58771 -5.2 -2.75
      vertex -3.17543 -5.2 0
    endloop
  endfacet
  facet normal 0.866024 0 0.500002
    outer loop
      vertex -1.58771 -5.2 -2.75
      vertex -3.17543 -7.9 0
      vertex -1.58771 -7.9 -2.75
    endloop
  endfacet
  facet normal 0 1 0
    outer loop
      vertex 1.58771 -7.9 2.75
      vertex 0 -7.9 1.7
      vertex -1.58771 -7.9 2.75
    endloop
  endfacet
  facet normal 0 1 0
    outer loop
      vertex 1.58771 -7.9 2.75
      vertex 0.148165 -7.9 1.69353
      vertex 0 -7.9 1.7
    endloop
  endfacet
  facet normal 0 1 0
    outer loop
      vertex 1.58771 -7.9 2.75
      vertex 0.295201 -7.9 1.67417
      vertex 0.148165 -7.9 1.69353
    endloop
  endfacet
  facet normal 0 1 0
    outer loop
      vertex 1.58771 -7.9 2.75
      vertex 0.439992 -7.9 1.64207
      vertex 0.295201 -7.9 1.67417
    endloop
  endfacet
  facet normal 0 1 0
    outer loop
      vertex 1.58771 -7.9 2.75
      vertex 0.581433 -7.9 1.59748
      vertex 0.439992 -7.9 1.64207
    endloop
  endfacet
  facet normal 0 1 0
    outer loop
      vertex 1.58771 -7.9 2.75
      vertex 0.718451 -7.9 1.54072
      vertex 0.581433 -7.9 1.59748
    endloop
  endfacet
  facet normal 0 1 0
    outer loop
      vertex 1.58771 -7.9 2.75
      vertex 0.849999 -7.9 1.47224
      vertex 0.718451 -7.9 1.54072
    endloop
  endfacet
  facet normal 0 1 0
    outer loop
      vertex 1.58771 -7.9 2.75
      vertex 0.97508 -7.9 1.39256
      vertex 0.849999 -7.9 1.47224
    endloop
  endfacet
  facet normal 0 1 0
    outer loop
      vertex 1.58771 -7.9 2.75
      vertex 1.09274 -7.9 1.30227
      vertex 0.97508 -7.9 1.39256
    endloop
  endfacet
  facet normal 0 1 0
    outer loop
      vertex 1.58771 -7.9 2.75
      vertex 1.20208 -7.9 1.20208
      vertex 1.09274 -7.9 1.30227
    endloop
  endfacet
  facet normal 0 1 0
    outer loop
      vertex 1.58771 -7.9 2.75
      vertex 1.30227 -7.9 1.09274
      vertex 1.20208 -7.9 1.20208
    endloop
  endfacet
  facet normal 0 1 0
    outer loop
      vertex 1.58771 -7.9 2.75
      vertex 1.39256 -7.9 0.97508
      vertex 1.30227 -7.9 1.09274
    endloop
  endfacet
  facet normal 0 1 0
    outer loop
      vertex 1.58771 -7.9 2.75
      vertex 1.47224 -7.9 0.849999
      vertex 1.39256 -7.9 0.97508
    endloop
  endfacet
  facet normal 0 1 0
    outer loop
      vertex 3.17543 -7.9 0
      vertex 1.47224 -7.9 0.849999
      vertex 1.58771 -7.9 2.75
    endloop
  endfacet
  facet normal 0 1 0
    outer loop
      vertex 1.47224 -7.9 0.849999
      vertex 3.17543 -7.9 0
      vertex 1.54072 -7.9 0.718451
    endloop
  endfacet
  facet normal 0 1 0
    outer loop
      vertex 1.54072 -7.9 0.718451
      vertex 3.17543 -7.9 0
      vertex 1.59748 -7.9 0.581433
    endloop
  endfacet
  facet normal 0 1 0
    outer loop
      vertex 1.59748 -7.9 0.581433
      vertex 3.17543 -7.9 0
      vertex 1.64207 -7.9 0.439992
    endloop
  endfacet
  facet normal 0 1 0
    outer loop
      vertex 1.64207 -7.9 0.439992
      vertex 3.17543 -7.9 0
      vertex 1.67417 -7.9 0.295201
    endloop
  endfacet
  facet normal 0 1 0
    outer loop
      vertex 1.67417 -7.9 0.295201
      vertex 3.17543 -7.9 0
      vertex 1.69353 -7.9 0.148165
    endloop
  endfacet
  facet normal 0 1 0
    outer loop
      vertex 3.17543 -7.9 0
      vertex 1.7 -7.9 0
      vertex 1.69353 -7.9 0.148165
    endloop
  endfacet
  facet normal 0 1 0
    outer loop
      vertex 3.17543 -7.9 0
      vertex 1.69353 -7.9 -0.148166
      vertex 1.7 -7.9 0
    endloop
  endfacet
  facet normal 0 1 0
    outer loop
      vertex 3.17543 -7.9 0
      vertex 1.67417 -7.9 -0.295202
      vertex 1.69353 -7.9 -0.148166
    endloop
  endfacet
  facet normal 0 1 0
    outer loop
      vertex 3.17543 -7.9 0
      vertex 1.64207 -7.9 -0.439993
      vertex 1.67417 -7.9 -0.295202
    endloop
  endfacet
  facet normal 0 1 0
    outer loop
      vertex 3.17543 -7.9 0
      vertex 1.59748 -7.9 -0.581434
      vertex 1.64207 -7.9 -0.439993
    endloop
  endfacet
  facet normal 0 1 0
    outer loop
      vertex 3.17543 -7.9 0
      vertex 1.54072 -7.9 -0.718451
      vertex 1.59748 -7.9 -0.581434
    endloop
  endfacet
  facet normal 0 1 0
    outer loop
      vertex 3.17543 -7.9 0
      vertex 1.47224 -7.9 -0.85
      vertex 1.54072 -7.9 -0.718451
    endloop
  endfacet
  facet normal 0 1 -0
    outer loop
      vertex 1.58771 -7.9 -2.75
      vertex 1.47224 -7.9 -0.85
      vertex 3.17543 -7.9 0
    endloop
  endfacet
  facet normal 0 1 0
    outer loop
      vertex 1.47224 -7.9 -0.85
      vertex 1.58771 -7.9 -2.75
      vertex 1.39256 -7.9 -0.97508
    endloop
  endfacet
  facet normal 0 1 0
    outer loop
      vertex 1.39256 -7.9 -0.97508
      vertex 1.58771 -7.9 -2.75
      vertex 1.30227 -7.9 -1.09274
    endloop
  endfacet
  facet normal 0 1 0
    outer loop
      vertex 1.30227 -7.9 -1.09274
      vertex 1.58771 -7.9 -2.75
      vertex 1.20208 -7.9 -1.20208
    endloop
  endfacet
  facet normal 0 1 0
    outer loop
      vertex 1.20208 -7.9 -1.20208
      vertex 1.58771 -7.9 -2.75
      vertex 1.09274 -7.9 -1.30228
    endloop
  endfacet
  facet normal 0 1 0
    outer loop
      vertex 1.09274 -7.9 -1.30228
      vertex 1.58771 -7.9 -2.75
      vertex 0.97508 -7.9 -1.39256
    endloop
  endfacet
  facet normal 0 1 0
    outer loop
      vertex 0.148165 -7.9 -1.69353
      vertex 1.58771 -7.9 -2.75
      vertex 0 -7.9 -1.7
    endloop
  endfacet
  facet normal 0 1 0
    outer loop
      vertex 0.295201 -7.9 -1.67417
      vertex 1.58771 -7.9 -2.75
      vertex 0.148165 -7.9 -1.69353
    endloop
  endfacet
  facet normal 0 1 0
    outer loop
      vertex 0.439992 -7.9 -1.64207
      vertex 1.58771 -7.9 -2.75
      vertex 0.295201 -7.9 -1.67417
    endloop
  endfacet
  facet normal 0 1 0
    outer loop
      vertex 0.581433 -7.9 -1.59748
      vertex 1.58771 -7.9 -2.75
      vertex 0.439992 -7.9 -1.64207
    endloop
  endfacet
  facet normal 0 1 0
    outer loop
      vertex 0.718451 -7.9 -1.54072
      vertex 1.58771 -7.9 -2.75
      vertex 0.581433 -7.9 -1.59748
    endloop
  endfacet
  facet normal 0 1 0
    outer loop
      vertex 0.849999 -7.9 -1.47224
      vertex 1.58771 -7.9 -2.75
      vertex 0.718451 -7.9 -1.54072
    endloop
  endfacet
  facet normal 0 1 0
    outer loop
      vertex 0.97508 -7.9 -1.39256
      vertex 1.58771 -7.9 -2.75
      vertex 0.849999 -7.9 -1.47224
    endloop
  endfacet
  facet normal 0 1 -0
    outer loop
      vertex -0.148166 -7.9 1.69353
      vertex -1.58771 -7.9 2.75
      vertex 0 -7.9 1.7
    endloop
  endfacet
  facet normal 0 1 -0
    outer loop
      vertex -0.295202 -7.9 1.67417
      vertex -1.58771 -7.9 2.75
      vertex -0.148166 -7.9 1.69353
    endloop
  endfacet
  facet normal 0 1 -0
    outer loop
      vertex -0.439993 -7.9 1.64207
      vertex -1.58771 -7.9 2.75
      vertex -0.295202 -7.9 1.67417
    endloop
  endfacet
  facet normal 0 1 -0
    outer loop
      vertex -0.581434 -7.9 1.59748
      vertex -1.58771 -7.9 2.75
      vertex -0.439993 -7.9 1.64207
    endloop
  endfacet
  facet normal 0 1 -0
    outer loop
      vertex -0.718451 -7.9 1.54072
      vertex -1.58771 -7.9 2.75
      vertex -0.581434 -7.9 1.59748
    endloop
  endfacet
  facet normal 0 1 -0
    outer loop
      vertex -0.85 -7.9 1.47224
      vertex -1.58771 -7.9 2.75
      vertex -0.718451 -7.9 1.54072
    endloop
  endfacet
  facet normal 0 1 -0
    outer loop
      vertex -0.97508 -7.9 1.39256
      vertex -1.58771 -7.9 2.75
      vertex -0.85 -7.9 1.47224
    endloop
  endfacet
  facet normal 0 1 -0
    outer loop
      vertex -1.09274 -7.9 1.30227
      vertex -1.58771 -7.9 2.75
      vertex -0.97508 -7.9 1.39256
    endloop
  endfacet
  facet normal 0 1 -0
    outer loop
      vertex -1.20208 -7.9 1.20208
      vertex -1.58771 -7.9 2.75
      vertex -1.09274 -7.9 1.30227
    endloop
  endfacet
  facet normal 0 1 -0
    outer loop
      vertex -1.30228 -7.9 1.09274
      vertex -1.58771 -7.9 2.75
      vertex -1.20208 -7.9 1.20208
    endloop
  endfacet
  facet normal 0 1 -0
    outer loop
      vertex -1.39256 -7.9 0.97508
      vertex -1.58771 -7.9 2.75
      vertex -1.30228 -7.9 1.09274
    endloop
  endfacet
  facet normal 0 1 -0
    outer loop
      vertex -1.47224 -7.9 0.849999
      vertex -1.58771 -7.9 2.75
      vertex -1.39256 -7.9 0.97508
    endloop
  endfacet
  facet normal 0 1 0
    outer loop
      vertex -3.17543 -7.9 0
      vertex -1.47224 -7.9 0.849999
      vertex -1.54072 -7.9 0.718451
    endloop
  endfacet
  facet normal 0 1 0
    outer loop
      vertex -3.17543 -7.9 0
      vertex -1.54072 -7.9 0.718451
      vertex -1.59748 -7.9 0.581433
    endloop
  endfacet
  facet normal 0 1 0
    outer loop
      vertex -3.17543 -7.9 0
      vertex -1.59748 -7.9 0.581433
      vertex -1.64207 -7.9 0.439992
    endloop
  endfacet
  facet normal 0 1 0
    outer loop
      vertex -3.17543 -7.9 0
      vertex -1.64207 -7.9 0.439992
      vertex -1.67417 -7.9 0.295201
    endloop
  endfacet
  facet normal 0 1 0
    outer loop
      vertex -3.17543 -7.9 0
      vertex -1.67417 -7.9 0.295201
      vertex -1.69353 -7.9 0.148165
    endloop
  endfacet
  facet normal 0 1 0
    outer loop
      vertex -3.17543 -7.9 0
      vertex -1.69353 -7.9 0.148165
      vertex -1.7 -7.9 0
    endloop
  endfacet
  facet normal 0 1 0
    outer loop
      vertex -1.47224 -7.9 0.849999
      vertex -3.17543 -7.9 0
      vertex -1.58771 -7.9 2.75
    endloop
  endfacet
  facet normal 0 1 0
    outer loop
      vertex -1.69353 -7.9 -0.148166
      vertex -3.17543 -7.9 0
      vertex -1.7 -7.9 0
    endloop
  endfacet
  facet normal 0 1 0
    outer loop
      vertex -1.67417 -7.9 -0.295202
      vertex -3.17543 -7.9 0
      vertex -1.69353 -7.9 -0.148166
    endloop
  endfacet
  facet normal 0 1 0
    outer loop
      vertex -1.64207 -7.9 -0.439993
      vertex -3.17543 -7.9 0
      vertex -1.67417 -7.9 -0.295202
    endloop
  endfacet
  facet normal 0 1 0
    outer loop
      vertex -1.59748 -7.9 -0.581434
      vertex -3.17543 -7.9 0
      vertex -1.64207 -7.9 -0.439993
    endloop
  endfacet
  facet normal 0 1 0
    outer loop
      vertex -1.54072 -7.9 -0.718451
      vertex -3.17543 -7.9 0
      vertex -1.59748 -7.9 -0.581434
    endloop
  endfacet
  facet normal 0 1 0
    outer loop
      vertex -1.47224 -7.9 -0.85
      vertex -3.17543 -7.9 0
      vertex -1.54072 -7.9 -0.718451
    endloop
  endfacet
  facet normal 0 1 0
    outer loop
      vertex -1.58771 -7.9 -2.75
      vertex -1.47224 -7.9 -0.85
      vertex -1.39256 -7.9 -0.97508
    endloop
  endfacet
  facet normal 0 1 0
    outer loop
      vertex -1.58771 -7.9 -2.75
      vertex -1.39256 -7.9 -0.97508
      vertex -1.30228 -7.9 -1.09274
    endloop
  endfacet
  facet normal 0 1 0
    outer loop
      vertex -1.58771 -7.9 -2.75
      vertex -1.30228 -7.9 -1.09274
      vertex -1.20208 -7.9 -1.20208
    endloop
  endfacet
  facet normal 0 1 0
    outer loop
      vertex -1.58771 -7.9 -2.75
      vertex -1.20208 -7.9 -1.20208
      vertex -1.09274 -7.9 -1.30228
    endloop
  endfacet
  facet normal 0 1 0
    outer loop
      vertex -1.58771 -7.9 -2.75
      vertex -1.09274 -7.9 -1.30228
      vertex -0.97508 -7.9 -1.39256
    endloop
  endfacet
  facet normal 0 1 0
    outer loop
      vertex -1.58771 -7.9 -2.75
      vertex -0.97508 -7.9 -1.39256
      vertex -0.85 -7.9 -1.47224
    endloop
  endfacet
  facet normal 0 1 0
    outer loop
      vertex -1.58771 -7.9 -2.75
      vertex 0 -7.9 -1.7
      vertex 1.58771 -7.9 -2.75
    endloop
  endfacet
  facet normal 0 1 0
    outer loop
      vertex 0 -7.9 -1.7
      vertex -1.58771 -7.9 -2.75
      vertex -0.148166 -7.9 -1.69353
    endloop
  endfacet
  facet normal 0 1 0
    outer loop
      vertex -0.148166 -7.9 -1.69353
      vertex -1.58771 -7.9 -2.75
      vertex -0.295202 -7.9 -1.67417
    endloop
  endfacet
  facet normal 0 1 0
    outer loop
      vertex -0.295202 -7.9 -1.67417
      vertex -1.58771 -7.9 -2.75
      vertex -0.439993 -7.9 -1.64207
    endloop
  endfacet
  facet normal 0 1 0
    outer loop
      vertex -0.439993 -7.9 -1.64207
      vertex -1.58771 -7.9 -2.75
      vertex -0.581434 -7.9 -1.59748
    endloop
  endfacet
  facet normal 0 1 0
    outer loop
      vertex -0.581434 -7.9 -1.59748
      vertex -1.58771 -7.9 -2.75
      vertex -0.718451 -7.9 -1.54072
    endloop
  endfacet
  facet normal 0 1 0
    outer loop
      vertex -1.47224 -7.9 -0.85
      vertex -1.58771 -7.9 -2.75
      vertex -3.17543 -7.9 0
    endloop
  endfacet
  facet normal 0 1 0
    outer loop
      vertex -0.718451 -7.9 -1.54072
      vertex -1.58771 -7.9 -2.75
      vertex -0.85 -7.9 -1.47224
    endloop
  endfacet
  facet normal -0.866024 0 0.500002
    outer loop
      vertex 1.58771 -7.9 -2.75
      vertex 3.17543 -5.2 0
      vertex 1.58771 -5.2 -2.75
    endloop
  endfacet
  facet normal -0.866024 0 0.500002
    outer loop
      vertex 3.17543 -5.2 0
      vertex 1.58771 -7.9 -2.75
      vertex 3.17543 -7.9 0
    endloop
  endfacet
  facet normal -0.95373 -0.300666 0
    outer loop
      vertex 1.64207 0.439992 16.8
      vertex 1.59748 0.581434 19
      vertex 1.59748 0.581434 16.8
    endloop
  endfacet
  facet normal -0.95373 -0.300666 0
    outer loop
      vertex 1.59748 0.581434 19
      vertex 1.64207 0.439992 16.8
      vertex 1.64207 0.439992 19
    endloop
  endfacet
  facet normal -0.991443 -0.130542 0
    outer loop
      vertex 1.69353 0.148165 16.8
      vertex 1.67417 0.295201 19
      vertex 1.67417 0.295201 16.8
    endloop
  endfacet
  facet normal -0.991443 -0.130542 0
    outer loop
      vertex 1.67417 0.295201 19
      vertex 1.69353 0.148165 16.8
      vertex 1.69353 0.148165 19
    endloop
  endfacet
  facet normal -0.999048 -0.0436259 0
    outer loop
      vertex 1.7 -1.90735e-07 16.8
      vertex 1.69353 0.148165 19
      vertex 1.69353 0.148165 16.8
    endloop
  endfacet
  facet normal -0.999048 -0.0436259 0
    outer loop
      vertex 1.69353 0.148165 19
      vertex 1.7 -1.90735e-07 16.8
      vertex 1.7 -1.90735e-07 19
    endloop
  endfacet
  facet normal -0.976295 -0.216444 0
    outer loop
      vertex 1.67417 0.295201 16.8
      vertex 1.64207 0.439992 19
      vertex 1.64207 0.439992 16.8
    endloop
  endfacet
  facet normal -0.976295 -0.216444 0
    outer loop
      vertex 1.64207 0.439992 19
      vertex 1.67417 0.295201 16.8
      vertex 1.67417 0.295201 19
    endloop
  endfacet
  facet normal 0.216444 -0.976295 0
    outer loop
      vertex -0.439993 1.64207 16.8
      vertex -0.295202 1.67417 19
      vertex -0.439993 1.64207 19
    endloop
  endfacet
  facet normal 0.216444 -0.976295 0
    outer loop
      vertex -0.295202 1.67417 19
      vertex -0.439993 1.64207 16.8
      vertex -0.295202 1.67417 16.8
    endloop
  endfacet
  facet normal 0.130542 -0.991443 0
    outer loop
      vertex -0.295202 1.67417 16.8
      vertex -0.148166 1.69353 19
      vertex -0.295202 1.67417 19
    endloop
  endfacet
  facet normal 0.130542 -0.991443 0
    outer loop
      vertex -0.148166 1.69353 19
      vertex -0.295202 1.67417 16.8
      vertex -0.148166 1.69353 16.8
    endloop
  endfacet
  facet normal -0.843406 -0.537277 0
    outer loop
      vertex 1.47224 0.849999 16.8
      vertex 1.39256 0.975079 19
      vertex 1.39256 0.975079 16.8
    endloop
  endfacet
  facet normal -0.843406 -0.537277 0
    outer loop
      vertex 1.39256 0.975079 19
      vertex 1.47224 0.849999 16.8
      vertex 1.47224 0.849999 19
    endloop
  endfacet
  facet normal 0.461748 -0.887011 0
    outer loop
      vertex -0.85 1.47224 16.8
      vertex -0.718451 1.54072 19
      vertex -0.85 1.47224 19
    endloop
  endfacet
  facet normal 0.461748 -0.887011 0
    outer loop
      vertex -0.718451 1.54072 19
      vertex -0.85 1.47224 16.8
      vertex -0.718451 1.54072 16.8
    endloop
  endfacet
  facet normal 0 0 1
    outer loop
      vertex 1.69353 0.148165 16.8
      vertex 1.69353 -0.148165 16.8
      vertex 1.7 -1.90735e-07 16.8
    endloop
  endfacet
  facet normal 0 0 1
    outer loop
      vertex 1.67417 0.295201 16.8
      vertex 1.69353 -0.148165 16.8
      vertex 1.69353 0.148165 16.8
    endloop
  endfacet
  facet normal 0 0 1
    outer loop
      vertex 1.67417 0.295201 16.8
      vertex 1.67417 -0.295202 16.8
      vertex 1.69353 -0.148165 16.8
    endloop
  endfacet
  facet normal 0 0 1
    outer loop
      vertex 1.64207 0.439992 16.8
      vertex 1.67417 -0.295202 16.8
      vertex 1.67417 0.295201 16.8
    endloop
  endfacet
  facet normal 0 0 1
    outer loop
      vertex 1.64207 0.439992 16.8
      vertex 1.64207 -0.439993 16.8
      vertex 1.67417 -0.295202 16.8
    endloop
  endfacet
  facet normal 0 0 1
    outer loop
      vertex 1.59748 0.581434 16.8
      vertex 1.64207 -0.439993 16.8
      vertex 1.64207 0.439992 16.8
    endloop
  endfacet
  facet normal 0 0 1
    outer loop
      vertex 1.59748 0.581434 16.8
      vertex 1.59748 -0.581434 16.8
      vertex 1.64207 -0.439993 16.8
    endloop
  endfacet
  facet normal 0 0 1
    outer loop
      vertex 1.54072 0.71845 16.8
      vertex 1.59748 -0.581434 16.8
      vertex 1.59748 0.581434 16.8
    endloop
  endfacet
  facet normal 0 0 1
    outer loop
      vertex 1.54072 0.71845 16.8
      vertex 1.54072 -0.718452 16.8
      vertex 1.59748 -0.581434 16.8
    endloop
  endfacet
  facet normal 0 0 1
    outer loop
      vertex 1.47224 0.849999 16.8
      vertex 1.54072 -0.718452 16.8
      vertex 1.54072 0.71845 16.8
    endloop
  endfacet
  facet normal 0 0 1
    outer loop
      vertex 1.47224 0.849999 16.8
      vertex 1.47224 -0.850001 16.8
      vertex 1.54072 -0.718452 16.8
    endloop
  endfacet
  facet normal 0 0 1
    outer loop
      vertex 1.39256 0.975079 16.8
      vertex 1.47224 -0.850001 16.8
      vertex 1.47224 0.849999 16.8
    endloop
  endfacet
  facet normal 0 0 1
    outer loop
      vertex 1.39256 0.975079 16.8
      vertex 1.39256 -0.975081 16.8
      vertex 1.47224 -0.850001 16.8
    endloop
  endfacet
  facet normal 0 0 1
    outer loop
      vertex 1.30227 1.09274 16.8
      vertex 1.39256 -0.975081 16.8
      vertex 1.39256 0.975079 16.8
    endloop
  endfacet
  facet normal 0 0 1
    outer loop
      vertex 1.30227 1.09274 16.8
      vertex 1.30227 -1.09274 16.8
      vertex 1.39256 -0.975081 16.8
    endloop
  endfacet
  facet normal 0 0 1
    outer loop
      vertex 1.20208 1.20208 16.8
      vertex 1.30227 -1.09274 16.8
      vertex 1.30227 1.09274 16.8
    endloop
  endfacet
  facet normal 0 0 1
    outer loop
      vertex 1.20208 1.20208 16.8
      vertex 1.20208 -1.20208 16.8
      vertex 1.30227 -1.09274 16.8
    endloop
  endfacet
  facet normal 0 0 1
    outer loop
      vertex 1.09274 1.30228 16.8
      vertex 1.20208 -1.20208 16.8
      vertex 1.20208 1.20208 16.8
    endloop
  endfacet
  facet normal 0 0 1
    outer loop
      vertex 1.09274 1.30228 16.8
      vertex 1.09274 -1.30228 16.8
      vertex 1.20208 -1.20208 16.8
    endloop
  endfacet
  facet normal 0 0 1
    outer loop
      vertex 0.97508 1.39256 16.8
      vertex 1.09274 -1.30228 16.8
      vertex 1.09274 1.30228 16.8
    endloop
  endfacet
  facet normal 0 0 1
    outer loop
      vertex 0.97508 1.39256 16.8
      vertex 0.97508 -1.39256 16.8
      vertex 1.09274 -1.30228 16.8
    endloop
  endfacet
  facet normal 0 0 1
    outer loop
      vertex 0.849999 1.47224 16.8
      vertex 0.97508 -1.39256 16.8
      vertex 0.97508 1.39256 16.8
    endloop
  endfacet
  facet normal 0 0 1
    outer loop
      vertex 0.849999 1.47224 16.8
      vertex 0.849999 -1.47224 16.8
      vertex 0.97508 -1.39256 16.8
    endloop
  endfacet
  facet normal 0 0 1
    outer loop
      vertex 0.718451 1.54072 16.8
      vertex 0.849999 -1.47224 16.8
      vertex 0.849999 1.47224 16.8
    endloop
  endfacet
  facet normal 0 0 1
    outer loop
      vertex 0.718451 1.54072 16.8
      vertex 0.718451 -1.54072 16.8
      vertex 0.849999 -1.47224 16.8
    endloop
  endfacet
  facet normal 0 0 1
    outer loop
      vertex 0.581433 1.59748 16.8
      vertex 0.718451 -1.54072 16.8
      vertex 0.718451 1.54072 16.8
    endloop
  endfacet
  facet normal 0 0 1
    outer loop
      vertex 0.581433 1.59748 16.8
      vertex 0.581433 -1.59748 16.8
      vertex 0.718451 -1.54072 16.8
    endloop
  endfacet
  facet normal 0 0 1
    outer loop
      vertex 0.439992 1.64207 16.8
      vertex 0.581433 -1.59748 16.8
      vertex 0.581433 1.59748 16.8
    endloop
  endfacet
  facet normal 0 0 1
    outer loop
      vertex 0.439992 1.64207 16.8
      vertex 0.439992 -1.64207 16.8
      vertex 0.581433 -1.59748 16.8
    endloop
  endfacet
  facet normal 0 0 1
    outer loop
      vertex 0.295201 1.67417 16.8
      vertex 0.439992 -1.64207 16.8
      vertex 0.439992 1.64207 16.8
    endloop
  endfacet
  facet normal 0 0 1
    outer loop
      vertex 0.295201 1.67417 16.8
      vertex 0.295201 -1.67417 16.8
      vertex 0.439992 -1.64207 16.8
    endloop
  endfacet
  facet normal 0 0 1
    outer loop
      vertex 0.148165 1.69353 16.8
      vertex 0.295201 -1.67417 16.8
      vertex 0.295201 1.67417 16.8
    endloop
  endfacet
  facet normal 0 0 1
    outer loop
      vertex 0.148165 1.69353 16.8
      vertex 0.148165 -1.69353 16.8
      vertex 0.295201 -1.67417 16.8
    endloop
  endfacet
  facet normal 0 0 1
    outer loop
      vertex 0 1.7 16.8
      vertex 0.148165 -1.69353 16.8
      vertex 0.148165 1.69353 16.8
    endloop
  endfacet
  facet normal 0 0 1
    outer loop
      vertex 0 1.7 16.8
      vertex 0 -1.7 16.8
      vertex 0.148165 -1.69353 16.8
    endloop
  endfacet
  facet normal -0 0 1
    outer loop
      vertex -0.148166 1.69353 16.8
      vertex 0 -1.7 16.8
      vertex 0 1.7 16.8
    endloop
  endfacet
  facet normal 0 0 1
    outer loop
      vertex -0.148166 1.69353 16.8
      vertex -0.148166 -1.69353 16.8
      vertex 0 -1.7 16.8
    endloop
  endfacet
  facet normal -0 0 1
    outer loop
      vertex -0.295202 1.67417 16.8
      vertex -0.148166 -1.69353 16.8
      vertex -0.148166 1.69353 16.8
    endloop
  endfacet
  facet normal 0 0 1
    outer loop
      vertex -0.295202 1.67417 16.8
      vertex -0.295202 -1.67417 16.8
      vertex -0.148166 -1.69353 16.8
    endloop
  endfacet
  facet normal -0 0 1
    outer loop
      vertex -0.439993 1.64207 16.8
      vertex -0.295202 -1.67417 16.8
      vertex -0.295202 1.67417 16.8
    endloop
  endfacet
  facet normal 0 0 1
    outer loop
      vertex -0.439993 1.64207 16.8
      vertex -0.439993 -1.64207 16.8
      vertex -0.295202 -1.67417 16.8
    endloop
  endfacet
  facet normal -0 0 1
    outer loop
      vertex -0.581434 1.59748 16.8
      vertex -0.439993 -1.64207 16.8
      vertex -0.439993 1.64207 16.8
    endloop
  endfacet
  facet normal 0 0 1
    outer loop
      vertex -0.581434 1.59748 16.8
      vertex -0.581434 -1.59748 16.8
      vertex -0.439993 -1.64207 16.8
    endloop
  endfacet
  facet normal -0 0 1
    outer loop
      vertex -0.718451 1.54072 16.8
      vertex -0.581434 -1.59748 16.8
      vertex -0.581434 1.59748 16.8
    endloop
  endfacet
  facet normal 0 0 1
    outer loop
      vertex -0.718451 1.54072 16.8
      vertex -0.718451 -1.54072 16.8
      vertex -0.581434 -1.59748 16.8
    endloop
  endfacet
  facet normal -0 0 1
    outer loop
      vertex -0.85 1.47224 16.8
      vertex -0.718451 -1.54072 16.8
      vertex -0.718451 1.54072 16.8
    endloop
  endfacet
  facet normal 0 0 1
    outer loop
      vertex -0.85 1.47224 16.8
      vertex -0.85 -1.47224 16.8
      vertex -0.718451 -1.54072 16.8
    endloop
  endfacet
  facet normal -0 0 1
    outer loop
      vertex -0.97508 1.39256 16.8
      vertex -0.85 -1.47224 16.8
      vertex -0.85 1.47224 16.8
    endloop
  endfacet
  facet normal 0 0 1
    outer loop
      vertex -0.97508 1.39256 16.8
      vertex -0.97508 -1.39256 16.8
      vertex -0.85 -1.47224 16.8
    endloop
  endfacet
  facet normal -0 0 1
    outer loop
      vertex -1.09274 1.30228 16.8
      vertex -0.97508 -1.39256 16.8
      vertex -0.97508 1.39256 16.8
    endloop
  endfacet
  facet normal 0 0 1
    outer loop
      vertex -1.09274 1.30228 16.8
      vertex -1.09274 -1.30228 16.8
      vertex -0.97508 -1.39256 16.8
    endloop
  endfacet
  facet normal -0 0 1
    outer loop
      vertex -1.20208 1.20208 16.8
      vertex -1.09274 -1.30228 16.8
      vertex -1.09274 1.30228 16.8
    endloop
  endfacet
  facet normal 0 0 1
    outer loop
      vertex -1.20208 1.20208 16.8
      vertex -1.20208 -1.20208 16.8
      vertex -1.09274 -1.30228 16.8
    endloop
  endfacet
  facet normal -0 0 1
    outer loop
      vertex -1.30228 1.09274 16.8
      vertex -1.20208 -1.20208 16.8
      vertex -1.20208 1.20208 16.8
    endloop
  endfacet
  facet normal 0 0 1
    outer loop
      vertex -1.30228 1.09274 16.8
      vertex -1.30228 -1.09274 16.8
      vertex -1.20208 -1.20208 16.8
    endloop
  endfacet
  facet normal -0 0 1
    outer loop
      vertex -1.39256 0.975079 16.8
      vertex -1.30228 -1.09274 16.8
      vertex -1.30228 1.09274 16.8
    endloop
  endfacet
  facet normal 0 0 1
    outer loop
      vertex -1.39256 0.975079 16.8
      vertex -1.39256 -0.975081 16.8
      vertex -1.30228 -1.09274 16.8
    endloop
  endfacet
  facet normal -0 0 1
    outer loop
      vertex -1.47224 0.849999 16.8
      vertex -1.39256 -0.975081 16.8
      vertex -1.39256 0.975079 16.8
    endloop
  endfacet
  facet normal 0 0 1
    outer loop
      vertex -1.47224 0.849999 16.8
      vertex -1.47224 -0.850001 16.8
      vertex -1.39256 -0.975081 16.8
    endloop
  endfacet
  facet normal -0 0 1
    outer loop
      vertex -1.54072 0.71845 16.8
      vertex -1.47224 -0.850001 16.8
      vertex -1.47224 0.849999 16.8
    endloop
  endfacet
  facet normal 0 0 1
    outer loop
      vertex -1.54072 0.71845 16.8
      vertex -1.54072 -0.718452 16.8
      vertex -1.47224 -0.850001 16.8
    endloop
  endfacet
  facet normal -0 0 1
    outer loop
      vertex -1.59748 0.581434 16.8
      vertex -1.54072 -0.718452 16.8
      vertex -1.54072 0.71845 16.8
    endloop
  endfacet
  facet normal 0 0 1
    outer loop
      vertex -1.59748 0.581434 16.8
      vertex -1.59748 -0.581434 16.8
      vertex -1.54072 -0.718452 16.8
    endloop
  endfacet
  facet normal -0 0 1
    outer loop
      vertex -1.64207 0.439992 16.8
      vertex -1.59748 -0.581434 16.8
      vertex -1.59748 0.581434 16.8
    endloop
  endfacet
  facet normal 0 0 1
    outer loop
      vertex -1.64207 0.439992 16.8
      vertex -1.64207 -0.439993 16.8
      vertex -1.59748 -0.581434 16.8
    endloop
  endfacet
  facet normal -0 0 1
    outer loop
      vertex -1.67417 0.295201 16.8
      vertex -1.64207 -0.439993 16.8
      vertex -1.64207 0.439992 16.8
    endloop
  endfacet
  facet normal 0 0 1
    outer loop
      vertex -1.67417 0.295201 16.8
      vertex -1.67417 -0.295202 16.8
      vertex -1.64207 -0.439993 16.8
    endloop
  endfacet
  facet normal -0 0 1
    outer loop
      vertex -1.69353 0.148165 16.8
      vertex -1.67417 -0.295202 16.8
      vertex -1.67417 0.295201 16.8
    endloop
  endfacet
  facet normal 0 0 1
    outer loop
      vertex -1.69353 0.148165 16.8
      vertex -1.69353 -0.148165 16.8
      vertex -1.67417 -0.295202 16.8
    endloop
  endfacet
  facet normal 0 -0 1
    outer loop
      vertex -1.69353 -0.148165 16.8
      vertex -1.69353 0.148165 16.8
      vertex -1.7 -1.90735e-07 16.8
    endloop
  endfacet
  facet normal -0.999048 0.043626 0
    outer loop
      vertex 1.69353 -0.148165 16.8
      vertex 1.7 -1.90735e-07 19
      vertex 1.7 -1.90735e-07 16.8
    endloop
  endfacet
  facet normal -0.999048 0.043626 0
    outer loop
      vertex 1.7 -1.90735e-07 19
      vertex 1.69353 -0.148165 16.8
      vertex 1.69353 -0.148165 19
    endloop
  endfacet
  facet normal -0.382714 -0.923867 0
    outer loop
      vertex 0.581433 1.59748 16.8
      vertex 0.718451 1.54072 19
      vertex 0.581433 1.59748 19
    endloop
  endfacet
  facet normal -0.382714 -0.923867 -0
    outer loop
      vertex 0.718451 1.54072 19
      vertex 0.581433 1.59748 16.8
      vertex 0.718451 1.54072 16.8
    endloop
  endfacet
  facet normal -0.976295 0.216444 0
    outer loop
      vertex 1.64207 -0.439993 16.8
      vertex 1.67417 -0.295202 19
      vertex 1.67417 -0.295202 16.8
    endloop
  endfacet
  facet normal -0.976295 0.216444 0
    outer loop
      vertex 1.67417 -0.295202 19
      vertex 1.64207 -0.439993 16.8
      vertex 1.64207 -0.439993 19
    endloop
  endfacet
  facet normal 0.737249 0.675621 0
    outer loop
      vertex -1.20208 -1.20208 19
      vertex -1.30228 -1.09274 16.8
      vertex -1.30228 -1.09274 19
    endloop
  endfacet
  facet normal 0.737249 0.675621 0
    outer loop
      vertex -1.30228 -1.09274 16.8
      vertex -1.20208 -1.20208 19
      vertex -1.20208 -1.20208 16.8
    endloop
  endfacet
  facet normal -0.887011 0.461748 0
    outer loop
      vertex 1.47224 -0.850001 16.8
      vertex 1.54072 -0.718452 19
      vertex 1.54072 -0.718452 16.8
    endloop
  endfacet
  facet normal -0.887011 0.461748 0
    outer loop
      vertex 1.54072 -0.718452 19
      vertex 1.47224 -0.850001 16.8
      vertex 1.47224 -0.850001 19
    endloop
  endfacet
  facet normal -0.216444 -0.976295 0
    outer loop
      vertex 0.295201 1.67417 16.8
      vertex 0.439992 1.64207 19
      vertex 0.295201 1.67417 19
    endloop
  endfacet
  facet normal -0.216444 -0.976295 -0
    outer loop
      vertex 0.439992 1.64207 19
      vertex 0.295201 1.67417 16.8
      vertex 0.439992 1.64207 16.8
    endloop
  endfacet
  facet normal -0.216444 0.976295 0
    outer loop
      vertex 0.439992 -1.64207 16.8
      vertex 0.295201 -1.67417 19
      vertex 0.439992 -1.64207 19
    endloop
  endfacet
  facet normal -0.216444 0.976295 0
    outer loop
      vertex 0.295201 -1.67417 19
      vertex 0.439992 -1.64207 16.8
      vertex 0.295201 -1.67417 16.8
    endloop
  endfacet
  facet normal -0.300668 0.953729 0
    outer loop
      vertex 0.581433 -1.59748 16.8
      vertex 0.439992 -1.64207 19
      vertex 0.581433 -1.59748 19
    endloop
  endfacet
  facet normal -0.300668 0.953729 0
    outer loop
      vertex 0.439992 -1.64207 19
      vertex 0.581433 -1.59748 16.8
      vertex 0.439992 -1.64207 16.8
    endloop
  endfacet
  facet normal -0.382714 0.923867 0
    outer loop
      vertex 0.718451 -1.54072 16.8
      vertex 0.581433 -1.59748 19
      vertex 0.718451 -1.54072 19
    endloop
  endfacet
  facet normal -0.382714 0.923867 0
    outer loop
      vertex 0.581433 -1.59748 19
      vertex 0.718451 -1.54072 16.8
      vertex 0.581433 -1.59748 16.8
    endloop
  endfacet
  facet normal -0.537274 0.843408 0
    outer loop
      vertex 0.97508 -1.39256 16.8
      vertex 0.849999 -1.47224 19
      vertex 0.97508 -1.39256 19
    endloop
  endfacet
  facet normal -0.537274 0.843408 0
    outer loop
      vertex 0.849999 -1.47224 19
      vertex 0.97508 -1.39256 16.8
      vertex 0.849999 -1.47224 16.8
    endloop
  endfacet
  facet normal -0.737283 0.675584 0
    outer loop
      vertex 1.20208 -1.20208 16.8
      vertex 1.30227 -1.09274 19
      vertex 1.30227 -1.09274 16.8
    endloop
  endfacet
  facet normal -0.737283 0.675584 0
    outer loop
      vertex 1.30227 -1.09274 19
      vertex 1.20208 -1.20208 16.8
      vertex 1.20208 -1.20208 19
    endloop
  endfacet
  facet normal 0.887011 0.461748 0
    outer loop
      vertex -1.47224 -0.850001 19
      vertex -1.54072 -0.718452 16.8
      vertex -1.54072 -0.718452 19
    endloop
  endfacet
  facet normal 0.887011 0.461748 0
    outer loop
      vertex -1.54072 -0.718452 16.8
      vertex -1.47224 -0.850001 19
      vertex -1.47224 -0.850001 16.8
    endloop
  endfacet
  facet normal -0.737283 -0.675584 0
    outer loop
      vertex 1.30227 1.09274 16.8
      vertex 1.20208 1.20208 19
      vertex 1.20208 1.20208 16.8
    endloop
  endfacet
  facet normal -0.737283 -0.675584 0
    outer loop
      vertex 1.20208 1.20208 19
      vertex 1.30227 1.09274 16.8
      vertex 1.30227 1.09274 19
    endloop
  endfacet
  facet normal 0.382716 -0.923866 0
    outer loop
      vertex -0.718451 1.54072 16.8
      vertex -0.581434 1.59748 19
      vertex -0.718451 1.54072 19
    endloop
  endfacet
  facet normal 0.382716 -0.923866 0
    outer loop
      vertex -0.581434 1.59748 19
      vertex -0.718451 1.54072 16.8
      vertex -0.581434 1.59748 16.8
    endloop
  endfacet
  facet normal 0.0436257 -0.999048 0
    outer loop
      vertex -0.148166 1.69353 16.8
      vertex 0 1.7 19
      vertex -0.148166 1.69353 19
    endloop
  endfacet
  facet normal 0.0436257 -0.999048 0
    outer loop
      vertex 0 1.7 19
      vertex -0.148166 1.69353 16.8
      vertex 0 1.7 16.8
    endloop
  endfacet
  facet normal -0.130542 0.991443 0
    outer loop
      vertex 0.295201 -1.67417 16.8
      vertex 0.148165 -1.69353 19
      vertex 0.295201 -1.67417 19
    endloop
  endfacet
  facet normal -0.130542 0.991443 0
    outer loop
      vertex 0.148165 -1.69353 19
      vertex 0.295201 -1.67417 16.8
      vertex 0.148165 -1.69353 16.8
    endloop
  endfacet
  facet normal 0.843406 0.537277 0
    outer loop
      vertex -1.39256 -0.975081 19
      vertex -1.47224 -0.850001 16.8
      vertex -1.47224 -0.850001 19
    endloop
  endfacet
  facet normal 0.843406 0.537277 0
    outer loop
      vertex -1.47224 -0.850001 16.8
      vertex -1.39256 -0.975081 19
      vertex -1.39256 -0.975081 16.8
    endloop
  endfacet
  facet normal 0.887011 -0.461748 0
    outer loop
      vertex -1.54072 0.71845 19
      vertex -1.47224 0.849999 16.8
      vertex -1.47224 0.849999 19
    endloop
  endfacet
  facet normal 0.887011 -0.461748 0
    outer loop
      vertex -1.47224 0.849999 16.8
      vertex -1.54072 0.71845 19
      vertex -1.54072 0.71845 16.8
    endloop
  endfacet
  facet normal -0.923865 -0.382719 0
    outer loop
      vertex 1.59748 0.581434 16.8
      vertex 1.54072 0.71845 19
      vertex 1.54072 0.71845 16.8
    endloop
  endfacet
  facet normal -0.923865 -0.382719 0
    outer loop
      vertex 1.54072 0.71845 19
      vertex 1.59748 0.581434 16.8
      vertex 1.59748 0.581434 19
    endloop
  endfacet
  facet normal 0.793363 0.608749 0
    outer loop
      vertex -1.30228 -1.09274 19
      vertex -1.39256 -0.975081 16.8
      vertex -1.39256 -0.975081 19
    endloop
  endfacet
  facet normal 0.793363 0.608749 0
    outer loop
      vertex -1.39256 -0.975081 16.8
      vertex -1.30228 -1.09274 19
      vertex -1.30228 -1.09274 16.8
    endloop
  endfacet
  facet normal 0.537277 0.843406 -0
    outer loop
      vertex -0.85 -1.47224 16.8
      vertex -0.97508 -1.39256 19
      vertex -0.85 -1.47224 19
    endloop
  endfacet
  facet normal 0.537277 0.843406 0
    outer loop
      vertex -0.97508 -1.39256 19
      vertex -0.85 -1.47224 16.8
      vertex -0.97508 -1.39256 16.8
    endloop
  endfacet
  facet normal -0.608746 -0.793365 0
    outer loop
      vertex 0.97508 1.39256 16.8
      vertex 1.09274 1.30228 19
      vertex 0.97508 1.39256 19
    endloop
  endfacet
  facet normal -0.608746 -0.793365 -0
    outer loop
      vertex 1.09274 1.30228 19
      vertex 0.97508 1.39256 16.8
      vertex 1.09274 1.30228 16.8
    endloop
  endfacet
  facet normal 0.537277 -0.843406 0
    outer loop
      vertex -0.97508 1.39256 16.8
      vertex -0.85 1.47224 19
      vertex -0.97508 1.39256 19
    endloop
  endfacet
  facet normal 0.537277 -0.843406 0
    outer loop
      vertex -0.85 1.47224 19
      vertex -0.97508 1.39256 16.8
      vertex -0.85 1.47224 16.8
    endloop
  endfacet
  facet normal -0.923867 0.382714 0
    outer loop
      vertex 1.54072 -0.718452 16.8
      vertex 1.59748 -0.581434 19
      vertex 1.59748 -0.581434 16.8
    endloop
  endfacet
  facet normal -0.923867 0.382714 0
    outer loop
      vertex 1.59748 -0.581434 19
      vertex 1.54072 -0.718452 16.8
      vertex 1.54072 -0.718452 19
    endloop
  endfacet
  facet normal -0.79333 0.608791 0
    outer loop
      vertex 1.30227 -1.09274 16.8
      vertex 1.39256 -0.975081 19
      vertex 1.39256 -0.975081 16.8
    endloop
  endfacet
  facet normal -0.79333 0.608791 0
    outer loop
      vertex 1.39256 -0.975081 19
      vertex 1.30227 -1.09274 16.8
      vertex 1.30227 -1.09274 19
    endloop
  endfacet
  facet normal -0.991443 0.130541 0
    outer loop
      vertex 1.67417 -0.295202 16.8
      vertex 1.69353 -0.148165 19
      vertex 1.69353 -0.148165 16.8
    endloop
  endfacet
  facet normal -0.991443 0.130541 0
    outer loop
      vertex 1.69353 -0.148165 19
      vertex 1.67417 -0.295202 16.8
      vertex 1.67417 -0.295202 19
    endloop
  endfacet
  facet normal 0.675621 0.737249 -0
    outer loop
      vertex -1.09274 -1.30228 16.8
      vertex -1.20208 -1.20208 19
      vertex -1.09274 -1.30228 19
    endloop
  endfacet
  facet normal 0.675621 0.737249 0
    outer loop
      vertex -1.20208 -1.20208 19
      vertex -1.09274 -1.30228 16.8
      vertex -1.20208 -1.20208 16.8
    endloop
  endfacet
  facet normal -0.461751 -0.88701 0
    outer loop
      vertex 0.718451 1.54072 16.8
      vertex 0.849999 1.47224 19
      vertex 0.718451 1.54072 19
    endloop
  endfacet
  facet normal -0.461751 -0.88701 -0
    outer loop
      vertex 0.849999 1.47224 19
      vertex 0.718451 1.54072 16.8
      vertex 0.849999 1.47224 16.8
    endloop
  endfacet
  facet normal -0.793335 -0.608785 0
    outer loop
      vertex 1.39256 0.975079 16.8
      vertex 1.30227 1.09274 19
      vertex 1.30227 1.09274 16.8
    endloop
  endfacet
  facet normal -0.793335 -0.608785 0
    outer loop
      vertex 1.30227 1.09274 19
      vertex 1.39256 0.975079 16.8
      vertex 1.39256 0.975079 19
    endloop
  endfacet
  facet normal -0.537274 -0.843408 0
    outer loop
      vertex 0.849999 1.47224 16.8
      vertex 0.97508 1.39256 19
      vertex 0.849999 1.47224 19
    endloop
  endfacet
  facet normal -0.537274 -0.843408 -0
    outer loop
      vertex 0.97508 1.39256 19
      vertex 0.849999 1.47224 16.8
      vertex 0.97508 1.39256 16.8
    endloop
  endfacet
  facet normal 0.130542 0.991443 -0
    outer loop
      vertex -0.148166 -1.69353 16.8
      vertex -0.295202 -1.67417 19
      vertex -0.148166 -1.69353 19
    endloop
  endfacet
  facet normal 0.130542 0.991443 0
    outer loop
      vertex -0.295202 -1.67417 19
      vertex -0.148166 -1.69353 16.8
      vertex -0.295202 -1.67417 16.8
    endloop
  endfacet
  facet normal 0.300668 -0.953729 0
    outer loop
      vertex -0.581434 1.59748 16.8
      vertex -0.439993 1.64207 19
      vertex -0.581434 1.59748 19
    endloop
  endfacet
  facet normal 0.300668 -0.953729 0
    outer loop
      vertex -0.439993 1.64207 19
      vertex -0.581434 1.59748 16.8
      vertex -0.439993 1.64207 16.8
    endloop
  endfacet
  facet normal -0.887011 -0.461748 0
    outer loop
      vertex 1.54072 0.71845 16.8
      vertex 1.47224 0.849999 19
      vertex 1.47224 0.849999 16.8
    endloop
  endfacet
  facet normal -0.887011 -0.461748 0
    outer loop
      vertex 1.47224 0.849999 19
      vertex 1.54072 0.71845 16.8
      vertex 1.54072 0.71845 19
    endloop
  endfacet
  facet normal -0.953729 0.300668 0
    outer loop
      vertex 1.59748 -0.581434 16.8
      vertex 1.64207 -0.439993 19
      vertex 1.64207 -0.439993 16.8
    endloop
  endfacet
  facet normal -0.953729 0.300668 0
    outer loop
      vertex 1.64207 -0.439993 19
      vertex 1.59748 -0.581434 16.8
      vertex 1.59748 -0.581434 19
    endloop
  endfacet
  facet normal -0.461751 0.88701 0
    outer loop
      vertex 0.849999 -1.47224 16.8
      vertex 0.718451 -1.54072 19
      vertex 0.849999 -1.47224 19
    endloop
  endfacet
  facet normal -0.461751 0.88701 0
    outer loop
      vertex 0.718451 -1.54072 19
      vertex 0.849999 -1.47224 16.8
      vertex 0.718451 -1.54072 16.8
    endloop
  endfacet
  facet normal 0.608746 -0.793365 0
    outer loop
      vertex -1.09274 1.30228 16.8
      vertex -0.97508 1.39256 19
      vertex -1.09274 1.30228 19
    endloop
  endfacet
  facet normal 0.608746 -0.793365 0
    outer loop
      vertex -0.97508 1.39256 19
      vertex -1.09274 1.30228 16.8
      vertex -0.97508 1.39256 16.8
    endloop
  endfacet
  facet normal -0.043626 -0.999048 0
    outer loop
      vertex 0 1.7 16.8
      vertex 0.148165 1.69353 19
      vertex 0 1.7 19
    endloop
  endfacet
  facet normal -0.043626 -0.999048 -0
    outer loop
      vertex 0.148165 1.69353 19
      vertex 0 1.7 16.8
      vertex 0.148165 1.69353 16.8
    endloop
  endfacet
  facet normal 0.95373 -0.300666 0
    outer loop
      vertex -1.64207 0.439992 19
      vertex -1.59748 0.581434 16.8
      vertex -1.59748 0.581434 19
    endloop
  endfacet
  facet normal 0.95373 -0.300666 0
    outer loop
      vertex -1.59748 0.581434 16.8
      vertex -1.64207 0.439992 19
      vertex -1.64207 0.439992 16.8
    endloop
  endfacet
  facet normal 0.976295 0.216444 0
    outer loop
      vertex -1.64207 -0.439993 19
      vertex -1.67417 -0.295202 16.8
      vertex -1.67417 -0.295202 19
    endloop
  endfacet
  facet normal 0.976295 0.216444 0
    outer loop
      vertex -1.67417 -0.295202 16.8
      vertex -1.64207 -0.439993 19
      vertex -1.64207 -0.439993 16.8
    endloop
  endfacet
  facet normal 0.675621 -0.737249 0
    outer loop
      vertex -1.20208 1.20208 16.8
      vertex -1.09274 1.30228 19
      vertex -1.20208 1.20208 19
    endloop
  endfacet
  facet normal 0.675621 -0.737249 0
    outer loop
      vertex -1.09274 1.30228 19
      vertex -1.20208 1.20208 16.8
      vertex -1.09274 1.30228 16.8
    endloop
  endfacet
  facet normal 0.461748 0.887011 -0
    outer loop
      vertex -0.718451 -1.54072 16.8
      vertex -0.85 -1.47224 19
      vertex -0.718451 -1.54072 19
    endloop
  endfacet
  facet normal 0.461748 0.887011 0
    outer loop
      vertex -0.85 -1.47224 19
      vertex -0.718451 -1.54072 16.8
      vertex -0.85 -1.47224 16.8
    endloop
  endfacet
  facet normal 0.953729 0.300668 0
    outer loop
      vertex -1.59748 -0.581434 19
      vertex -1.64207 -0.439993 16.8
      vertex -1.64207 -0.439993 19
    endloop
  endfacet
  facet normal 0.953729 0.300668 0
    outer loop
      vertex -1.64207 -0.439993 16.8
      vertex -1.59748 -0.581434 19
      vertex -1.59748 -0.581434 16.8
    endloop
  endfacet
  facet normal 0.999048 -0.0436259 0
    outer loop
      vertex -1.7 -1.90735e-07 19
      vertex -1.69353 0.148165 16.8
      vertex -1.69353 0.148165 19
    endloop
  endfacet
  facet normal 0.999048 -0.0436259 0
    outer loop
      vertex -1.69353 0.148165 16.8
      vertex -1.7 -1.90735e-07 19
      vertex -1.7 -1.90735e-07 16.8
    endloop
  endfacet
  facet normal 0.991443 -0.130542 0
    outer loop
      vertex -1.69353 0.148165 19
      vertex -1.67417 0.295201 16.8
      vertex -1.67417 0.295201 19
    endloop
  endfacet
  facet normal 0.991443 -0.130542 0
    outer loop
      vertex -1.67417 0.295201 16.8
      vertex -1.69353 0.148165 19
      vertex -1.69353 0.148165 16.8
    endloop
  endfacet
  facet normal -0.043626 0.999048 0
    outer loop
      vertex 0.148165 -1.69353 16.8
      vertex 0 -1.7 19
      vertex 0.148165 -1.69353 19
    endloop
  endfacet
  facet normal -0.043626 0.999048 0
    outer loop
      vertex 0 -1.7 19
      vertex 0.148165 -1.69353 16.8
      vertex 0 -1.7 16.8
    endloop
  endfacet
  facet normal 0.976295 -0.216444 0
    outer loop
      vertex -1.67417 0.295201 19
      vertex -1.64207 0.439992 16.8
      vertex -1.64207 0.439992 19
    endloop
  endfacet
  facet normal 0.976295 -0.216444 0
    outer loop
      vertex -1.64207 0.439992 16.8
      vertex -1.67417 0.295201 19
      vertex -1.67417 0.295201 16.8
    endloop
  endfacet
  facet normal 0.608746 0.793365 -0
    outer loop
      vertex -0.97508 -1.39256 16.8
      vertex -1.09274 -1.30228 19
      vertex -0.97508 -1.39256 19
    endloop
  endfacet
  facet normal 0.608746 0.793365 0
    outer loop
      vertex -1.09274 -1.30228 19
      vertex -0.97508 -1.39256 16.8
      vertex -1.09274 -1.30228 16.8
    endloop
  endfacet
  facet normal 0.999048 0.043626 0
    outer loop
      vertex -1.69353 -0.148165 19
      vertex -1.7 -1.90735e-07 16.8
      vertex -1.7 -1.90735e-07 19
    endloop
  endfacet
  facet normal 0.999048 0.043626 0
    outer loop
      vertex -1.7 -1.90735e-07 16.8
      vertex -1.69353 -0.148165 19
      vertex -1.69353 -0.148165 16.8
    endloop
  endfacet
  facet normal 0.923867 0.382714 0
    outer loop
      vertex -1.54072 -0.718452 19
      vertex -1.59748 -0.581434 16.8
      vertex -1.59748 -0.581434 19
    endloop
  endfacet
  facet normal 0.923867 0.382714 0
    outer loop
      vertex -1.59748 -0.581434 16.8
      vertex -1.54072 -0.718452 19
      vertex -1.54072 -0.718452 16.8
    endloop
  endfacet
  facet normal 0.923865 -0.382719 0
    outer loop
      vertex -1.59748 0.581434 19
      vertex -1.54072 0.71845 16.8
      vertex -1.54072 0.71845 19
    endloop
  endfacet
  facet normal 0.923865 -0.382719 0
    outer loop
      vertex -1.54072 0.71845 16.8
      vertex -1.59748 0.581434 19
      vertex -1.59748 0.581434 16.8
    endloop
  endfacet
  facet normal -0.675621 -0.737249 0
    outer loop
      vertex 1.09274 1.30228 16.8
      vertex 1.20208 1.20208 19
      vertex 1.09274 1.30228 19
    endloop
  endfacet
  facet normal -0.675621 -0.737249 -0
    outer loop
      vertex 1.20208 1.20208 19
      vertex 1.09274 1.30228 16.8
      vertex 1.20208 1.20208 16.8
    endloop
  endfacet
  facet normal -0.675621 0.737249 0
    outer loop
      vertex 1.20208 -1.20208 16.8
      vertex 1.09274 -1.30228 19
      vertex 1.20208 -1.20208 19
    endloop
  endfacet
  facet normal -0.675621 0.737249 0
    outer loop
      vertex 1.09274 -1.30228 19
      vertex 1.20208 -1.20208 16.8
      vertex 1.09274 -1.30228 16.8
    endloop
  endfacet
  facet normal -0.300668 -0.953729 0
    outer loop
      vertex 0.439992 1.64207 16.8
      vertex 0.581433 1.59748 19
      vertex 0.439992 1.64207 19
    endloop
  endfacet
  facet normal -0.300668 -0.953729 -0
    outer loop
      vertex 0.581433 1.59748 19
      vertex 0.439992 1.64207 16.8
      vertex 0.581433 1.59748 16.8
    endloop
  endfacet
  facet normal -0.608746 0.793365 0
    outer loop
      vertex 1.09274 -1.30228 16.8
      vertex 0.97508 -1.39256 19
      vertex 1.09274 -1.30228 19
    endloop
  endfacet
  facet normal -0.608746 0.793365 0
    outer loop
      vertex 0.97508 -1.39256 19
      vertex 1.09274 -1.30228 16.8
      vertex 0.97508 -1.39256 16.8
    endloop
  endfacet
  facet normal 0.382716 0.923866 -0
    outer loop
      vertex -0.581434 -1.59748 16.8
      vertex -0.718451 -1.54072 19
      vertex -0.581434 -1.59748 19
    endloop
  endfacet
  facet normal 0.382716 0.923866 0
    outer loop
      vertex -0.718451 -1.54072 19
      vertex -0.581434 -1.59748 16.8
      vertex -0.718451 -1.54072 16.8
    endloop
  endfacet
  facet normal 0.0436257 0.999048 -0
    outer loop
      vertex 0 -1.7 16.8
      vertex -0.148166 -1.69353 19
      vertex 0 -1.7 19
    endloop
  endfacet
  facet normal 0.0436257 0.999048 0
    outer loop
      vertex -0.148166 -1.69353 19
      vertex 0 -1.7 16.8
      vertex -0.148166 -1.69353 16.8
    endloop
  endfacet
  facet normal 0.216444 0.976295 -0
    outer loop
      vertex -0.295202 -1.67417 16.8
      vertex -0.439993 -1.64207 19
      vertex -0.295202 -1.67417 19
    endloop
  endfacet
  facet normal 0.216444 0.976295 0
    outer loop
      vertex -0.439993 -1.64207 19
      vertex -0.295202 -1.67417 16.8
      vertex -0.439993 -1.64207 16.8
    endloop
  endfacet
  facet normal 0.737249 -0.675621 0
    outer loop
      vertex -1.30228 1.09274 19
      vertex -1.20208 1.20208 16.8
      vertex -1.20208 1.20208 19
    endloop
  endfacet
  facet normal 0.737249 -0.675621 0
    outer loop
      vertex -1.20208 1.20208 16.8
      vertex -1.30228 1.09274 19
      vertex -1.30228 1.09274 16.8
    endloop
  endfacet
  facet normal 0.991443 0.130541 0
    outer loop
      vertex -1.67417 -0.295202 19
      vertex -1.69353 -0.148165 16.8
      vertex -1.69353 -0.148165 19
    endloop
  endfacet
  facet normal 0.991443 0.130541 0
    outer loop
      vertex -1.69353 -0.148165 16.8
      vertex -1.67417 -0.295202 19
      vertex -1.67417 -0.295202 16.8
    endloop
  endfacet
  facet normal -0.843406 0.537277 0
    outer loop
      vertex 1.39256 -0.975081 16.8
      vertex 1.47224 -0.850001 19
      vertex 1.47224 -0.850001 16.8
    endloop
  endfacet
  facet normal -0.843406 0.537277 0
    outer loop
      vertex 1.47224 -0.850001 19
      vertex 1.39256 -0.975081 16.8
      vertex 1.39256 -0.975081 19
    endloop
  endfacet
  facet normal -0.130542 -0.991443 0
    outer loop
      vertex 0.148165 1.69353 16.8
      vertex 0.295201 1.67417 19
      vertex 0.148165 1.69353 19
    endloop
  endfacet
  facet normal -0.130542 -0.991443 -0
    outer loop
      vertex 0.295201 1.67417 19
      vertex 0.148165 1.69353 16.8
      vertex 0.295201 1.67417 16.8
    endloop
  endfacet
  facet normal 0.793368 -0.608742 0
    outer loop
      vertex -1.39256 0.975079 19
      vertex -1.30228 1.09274 16.8
      vertex -1.30228 1.09274 19
    endloop
  endfacet
  facet normal 0.793368 -0.608742 0
    outer loop
      vertex -1.30228 1.09274 16.8
      vertex -1.39256 0.975079 19
      vertex -1.39256 0.975079 16.8
    endloop
  endfacet
  facet normal 0.843406 -0.537277 0
    outer loop
      vertex -1.47224 0.849999 19
      vertex -1.39256 0.975079 16.8
      vertex -1.39256 0.975079 19
    endloop
  endfacet
  facet normal 0.843406 -0.537277 0
    outer loop
      vertex -1.39256 0.975079 16.8
      vertex -1.47224 0.849999 19
      vertex -1.47224 0.849999 16.8
    endloop
  endfacet
  facet normal 0.300668 0.953729 -0
    outer loop
      vertex -0.439993 -1.64207 16.8
      vertex -0.581434 -1.59748 19
      vertex -0.439993 -1.64207 19
    endloop
  endfacet
  facet normal 0.300668 0.953729 0
    outer loop
      vertex -0.581434 -1.59748 19
      vertex -0.439993 -1.64207 16.8
      vertex -0.581434 -1.59748 16.8
    endloop
  endfacet
endsolid OpenSCAD_Model
