solid OpenSCAD_Model
  facet normal -0 0 1
    outer loop
      vertex 61.6935 11.8518 18
      vertex 61.7 -12 18
      vertex 61.7 12 18
    endloop
  endfacet
  facet normal 0 0 1
    outer loop
      vertex 61.6935 11.8518 18
      vertex 61.6935 -11.8518 18
      vertex 61.7 -12 18
    endloop
  endfacet
  facet normal -0 0 1
    outer loop
      vertex 61.6742 11.7048 18
      vertex 61.6935 -11.8518 18
      vertex 61.6935 11.8518 18
    endloop
  endfacet
  facet normal 0 0 1
    outer loop
      vertex 61.6742 11.7048 18
      vertex 61.6742 -11.7048 18
      vertex 61.6935 -11.8518 18
    endloop
  endfacet
  facet normal -0 0 1
    outer loop
      vertex 61.6421 11.56 18
      vertex 61.6742 -11.7048 18
      vertex 61.6742 11.7048 18
    endloop
  endfacet
  facet normal 0 0 1
    outer loop
      vertex 61.6421 11.56 18
      vertex 61.6421 -11.56 18
      vertex 61.6742 -11.7048 18
    endloop
  endfacet
  facet normal -0 0 1
    outer loop
      vertex 61.5975 11.4186 18
      vertex 61.6421 -11.56 18
      vertex 61.6421 11.56 18
    endloop
  endfacet
  facet normal 0 0 1
    outer loop
      vertex 61.5975 11.4186 18
      vertex 61.5975 -11.4186 18
      vertex 61.6421 -11.56 18
    endloop
  endfacet
  facet normal -0 0 1
    outer loop
      vertex 61.5407 11.2815 18
      vertex 61.5975 -11.4186 18
      vertex 61.5975 11.4186 18
    endloop
  endfacet
  facet normal 0 0 1
    outer loop
      vertex 61.5407 11.2815 18
      vertex 61.5407 -11.2815 18
      vertex 61.5975 -11.4186 18
    endloop
  endfacet
  facet normal -0 0 1
    outer loop
      vertex 61.4722 11.15 18
      vertex 61.5407 -11.2815 18
      vertex 61.5407 11.2815 18
    endloop
  endfacet
  facet normal 0 0 1
    outer loop
      vertex 61.4722 11.15 18
      vertex 61.4722 -11.15 18
      vertex 61.5407 -11.2815 18
    endloop
  endfacet
  facet normal -0 0 1
    outer loop
      vertex 61.3926 11.0249 18
      vertex 61.4722 -11.15 18
      vertex 61.4722 11.15 18
    endloop
  endfacet
  facet normal 0 0 1
    outer loop
      vertex 61.3926 11.0249 18
      vertex 61.3926 -11.0249 18
      vertex 61.4722 -11.15 18
    endloop
  endfacet
  facet normal -0 0 1
    outer loop
      vertex 61.3023 10.9073 18
      vertex 61.3926 -11.0249 18
      vertex 61.3926 11.0249 18
    endloop
  endfacet
  facet normal 0 0 1
    outer loop
      vertex 61.3023 10.9073 18
      vertex 61.3023 -10.9073 18
      vertex 61.3926 -11.0249 18
    endloop
  endfacet
  facet normal -0 0 1
    outer loop
      vertex 61.2021 10.7979 18
      vertex 61.3023 -10.9073 18
      vertex 61.3023 10.9073 18
    endloop
  endfacet
  facet normal 0 0 1
    outer loop
      vertex 61.2021 10.7979 18
      vertex 61.2021 -10.7979 18
      vertex 61.3023 -10.9073 18
    endloop
  endfacet
  facet normal -0 0 1
    outer loop
      vertex 61.0927 10.6977 18
      vertex 61.2021 -10.7979 18
      vertex 61.2021 10.7979 18
    endloop
  endfacet
  facet normal 0 0 1
    outer loop
      vertex 61.0927 10.6977 18
      vertex 61.0927 -10.6977 18
      vertex 61.2021 -10.7979 18
    endloop
  endfacet
  facet normal -0 0 1
    outer loop
      vertex 60.9751 10.6074 18
      vertex 61.0927 -10.6977 18
      vertex 61.0927 10.6977 18
    endloop
  endfacet
  facet normal 0 0 1
    outer loop
      vertex 60.9751 10.6074 18
      vertex 60.9751 -10.6074 18
      vertex 61.0927 -10.6977 18
    endloop
  endfacet
  facet normal -0 0 1
    outer loop
      vertex 60.85 10.5278 18
      vertex 60.9751 -10.6074 18
      vertex 60.9751 10.6074 18
    endloop
  endfacet
  facet normal 0 0 1
    outer loop
      vertex 60.85 10.5278 18
      vertex 60.85 -10.5278 18
      vertex 60.9751 -10.6074 18
    endloop
  endfacet
  facet normal -0 0 1
    outer loop
      vertex 60.7185 10.4593 18
      vertex 60.85 -10.5278 18
      vertex 60.85 10.5278 18
    endloop
  endfacet
  facet normal 0 0 1
    outer loop
      vertex 60.7185 10.4593 18
      vertex 60.7185 -10.4593 18
      vertex 60.85 -10.5278 18
    endloop
  endfacet
  facet normal -0 0 1
    outer loop
      vertex 60.5814 10.4025 18
      vertex 60.7185 -10.4593 18
      vertex 60.7185 10.4593 18
    endloop
  endfacet
  facet normal 0 0 1
    outer loop
      vertex 60.5814 10.4025 18
      vertex 60.5814 -10.4025 18
      vertex 60.7185 -10.4593 18
    endloop
  endfacet
  facet normal -0 0 1
    outer loop
      vertex 60.44 10.3579 18
      vertex 60.5814 -10.4025 18
      vertex 60.5814 10.4025 18
    endloop
  endfacet
  facet normal 0 0 1
    outer loop
      vertex 60.44 10.3579 18
      vertex 60.44 -10.3579 18
      vertex 60.5814 -10.4025 18
    endloop
  endfacet
  facet normal -0 0 1
    outer loop
      vertex 60.2952 10.3258 18
      vertex 60.44 -10.3579 18
      vertex 60.44 10.3579 18
    endloop
  endfacet
  facet normal 0 0 1
    outer loop
      vertex 60.2952 10.3258 18
      vertex 60.2952 -10.3258 18
      vertex 60.44 -10.3579 18
    endloop
  endfacet
  facet normal -0 0 1
    outer loop
      vertex 60.1482 10.3065 18
      vertex 60.2952 -10.3258 18
      vertex 60.2952 10.3258 18
    endloop
  endfacet
  facet normal 0 0 1
    outer loop
      vertex 60.1482 10.3065 18
      vertex 60.1482 -10.3065 18
      vertex 60.2952 -10.3258 18
    endloop
  endfacet
  facet normal -0 0 1
    outer loop
      vertex 60 10.3 18
      vertex 60.1482 -10.3065 18
      vertex 60.1482 10.3065 18
    endloop
  endfacet
  facet normal 0 0 1
    outer loop
      vertex 60 10.3 18
      vertex 60 -10.3 18
      vertex 60.1482 -10.3065 18
    endloop
  endfacet
  facet normal 0 0 1
    outer loop
      vertex 59.8518 10.3065 18
      vertex 60 -10.3 18
      vertex 60 10.3 18
    endloop
  endfacet
  facet normal 0 0 1
    outer loop
      vertex 59.8518 10.3065 18
      vertex 59.8518 -10.3065 18
      vertex 60 -10.3 18
    endloop
  endfacet
  facet normal 0 0 1
    outer loop
      vertex 59.7048 10.3258 18
      vertex 59.8518 -10.3065 18
      vertex 59.8518 10.3065 18
    endloop
  endfacet
  facet normal 0 0 1
    outer loop
      vertex 59.7048 10.3258 18
      vertex 59.7048 -10.3258 18
      vertex 59.8518 -10.3065 18
    endloop
  endfacet
  facet normal 0 0 1
    outer loop
      vertex 59.56 10.3579 18
      vertex 59.7048 -10.3258 18
      vertex 59.7048 10.3258 18
    endloop
  endfacet
  facet normal 0 0 1
    outer loop
      vertex 59.56 10.3579 18
      vertex 59.56 -10.3579 18
      vertex 59.7048 -10.3258 18
    endloop
  endfacet
  facet normal 0 0 1
    outer loop
      vertex 59.4186 10.4025 18
      vertex 59.56 -10.3579 18
      vertex 59.56 10.3579 18
    endloop
  endfacet
  facet normal 0 0 1
    outer loop
      vertex 59.4186 10.4025 18
      vertex 59.4186 -10.4025 18
      vertex 59.56 -10.3579 18
    endloop
  endfacet
  facet normal 0 0 1
    outer loop
      vertex 59.2815 10.4593 18
      vertex 59.4186 -10.4025 18
      vertex 59.4186 10.4025 18
    endloop
  endfacet
  facet normal 0 0 1
    outer loop
      vertex 59.2815 10.4593 18
      vertex 59.2815 -10.4593 18
      vertex 59.4186 -10.4025 18
    endloop
  endfacet
  facet normal 0 0 1
    outer loop
      vertex 59.15 10.5278 18
      vertex 59.2815 -10.4593 18
      vertex 59.2815 10.4593 18
    endloop
  endfacet
  facet normal 0 0 1
    outer loop
      vertex 59.15 10.5278 18
      vertex 59.15 -10.5278 18
      vertex 59.2815 -10.4593 18
    endloop
  endfacet
  facet normal 0 0 1
    outer loop
      vertex 59.0249 10.6074 18
      vertex 59.15 -10.5278 18
      vertex 59.15 10.5278 18
    endloop
  endfacet
  facet normal 0 0 1
    outer loop
      vertex 59.0249 10.6074 18
      vertex 59.0249 -10.6074 18
      vertex 59.15 -10.5278 18
    endloop
  endfacet
  facet normal 0 0 1
    outer loop
      vertex 58.9073 10.6977 18
      vertex 59.0249 -10.6074 18
      vertex 59.0249 10.6074 18
    endloop
  endfacet
  facet normal 0 0 1
    outer loop
      vertex 58.9073 10.6977 18
      vertex 58.9073 -10.6977 18
      vertex 59.0249 -10.6074 18
    endloop
  endfacet
  facet normal 0 0 1
    outer loop
      vertex 58.7979 10.7979 18
      vertex 58.9073 -10.6977 18
      vertex 58.9073 10.6977 18
    endloop
  endfacet
  facet normal 0 0 1
    outer loop
      vertex 58.7979 10.7979 18
      vertex 58.7979 -10.7979 18
      vertex 58.9073 -10.6977 18
    endloop
  endfacet
  facet normal 0 0 1
    outer loop
      vertex 58.6977 10.9073 18
      vertex 58.7979 -10.7979 18
      vertex 58.7979 10.7979 18
    endloop
  endfacet
  facet normal 0 0 1
    outer loop
      vertex 58.6977 10.9073 18
      vertex 58.6977 -10.9073 18
      vertex 58.7979 -10.7979 18
    endloop
  endfacet
  facet normal 0 0 1
    outer loop
      vertex 58.6074 11.0249 18
      vertex 58.6977 -10.9073 18
      vertex 58.6977 10.9073 18
    endloop
  endfacet
  facet normal 0 0 1
    outer loop
      vertex 58.6074 11.0249 18
      vertex 58.6074 -11.0249 18
      vertex 58.6977 -10.9073 18
    endloop
  endfacet
  facet normal 0 0 1
    outer loop
      vertex 58.5278 11.15 18
      vertex 58.6074 -11.0249 18
      vertex 58.6074 11.0249 18
    endloop
  endfacet
  facet normal 0 0 1
    outer loop
      vertex 58.5278 11.15 18
      vertex 58.5278 -11.15 18
      vertex 58.6074 -11.0249 18
    endloop
  endfacet
  facet normal 0 0 1
    outer loop
      vertex 58.4593 11.2815 18
      vertex 58.5278 -11.15 18
      vertex 58.5278 11.15 18
    endloop
  endfacet
  facet normal 0 0 1
    outer loop
      vertex 58.4593 11.2815 18
      vertex 58.4593 -11.2815 18
      vertex 58.5278 -11.15 18
    endloop
  endfacet
  facet normal 0 0 1
    outer loop
      vertex 58.4025 11.4186 18
      vertex 58.4593 -11.2815 18
      vertex 58.4593 11.2815 18
    endloop
  endfacet
  facet normal 0 0 1
    outer loop
      vertex 58.4025 11.4186 18
      vertex 58.4025 -11.4186 18
      vertex 58.4593 -11.2815 18
    endloop
  endfacet
  facet normal 0 0 1
    outer loop
      vertex 58.3579 11.56 18
      vertex 58.4025 -11.4186 18
      vertex 58.4025 11.4186 18
    endloop
  endfacet
  facet normal 0 0 1
    outer loop
      vertex 58.3579 11.56 18
      vertex 58.3579 -11.56 18
      vertex 58.4025 -11.4186 18
    endloop
  endfacet
  facet normal 0 0 1
    outer loop
      vertex 58.3258 11.7048 18
      vertex 58.3579 -11.56 18
      vertex 58.3579 11.56 18
    endloop
  endfacet
  facet normal 0 0 1
    outer loop
      vertex 58.3258 11.7048 18
      vertex 58.3258 -11.7048 18
      vertex 58.3579 -11.56 18
    endloop
  endfacet
  facet normal 0 0 1
    outer loop
      vertex 58.3065 11.8518 18
      vertex 58.3258 -11.7048 18
      vertex 58.3258 11.7048 18
    endloop
  endfacet
  facet normal 0 0 1
    outer loop
      vertex 58.3065 11.8518 18
      vertex 58.3065 -11.8518 18
      vertex 58.3258 -11.7048 18
    endloop
  endfacet
  facet normal 0 0 1
    outer loop
      vertex 58.3 12 18
      vertex 58.3065 -11.8518 18
      vertex 58.3065 11.8518 18
    endloop
  endfacet
  facet normal 0 0 1
    outer loop
      vertex 58.3065 -11.8518 18
      vertex 58.3 12 18
      vertex 58.3 -12 18
    endloop
  endfacet
  facet normal -0 0 1
    outer loop
      vertex 199.541 98.6974 18
      vertex 214 96.1372 18
      vertex 214 108.579 18
    endloop
  endfacet
  facet normal 0 0 1
    outer loop
      vertex 214 96.1372 18
      vertex 199.694 98.1271 18
      vertex 199.7 97.9789 18
    endloop
  endfacet
  facet normal 0 0 1
    outer loop
      vertex 214 96.1372 18
      vertex 199.674 98.2741 18
      vertex 199.694 98.1271 18
    endloop
  endfacet
  facet normal 0 0 1
    outer loop
      vertex 214 96.1372 18
      vertex 199.642 98.4189 18
      vertex 199.674 98.2741 18
    endloop
  endfacet
  facet normal 0 0 1
    outer loop
      vertex 214 96.1372 18
      vertex 199.597 98.5604 18
      vertex 199.642 98.4189 18
    endloop
  endfacet
  facet normal 0 0 1
    outer loop
      vertex 214 96.1372 18
      vertex 199.541 98.6974 18
      vertex 199.597 98.5604 18
    endloop
  endfacet
  facet normal 0 0 1
    outer loop
      vertex 214 108.579 18
      vertex 199.472 98.8289 18
      vertex 199.541 98.6974 18
    endloop
  endfacet
  facet normal 0 0 1
    outer loop
      vertex 214 108.579 18
      vertex 199.393 98.954 18
      vertex 199.472 98.8289 18
    endloop
  endfacet
  facet normal 0 0 1
    outer loop
      vertex 214 108.579 18
      vertex 199.302 99.0717 18
      vertex 199.393 98.954 18
    endloop
  endfacet
  facet normal 0 0 1
    outer loop
      vertex 214 108.579 18
      vertex 199.202 99.181 18
      vertex 199.302 99.0717 18
    endloop
  endfacet
  facet normal 0 0 1
    outer loop
      vertex 214 108.579 18
      vertex 199.093 99.2812 18
      vertex 199.202 99.181 18
    endloop
  endfacet
  facet normal 0 0 1
    outer loop
      vertex 214 108.579 18
      vertex 198.975 99.3715 18
      vertex 199.093 99.2812 18
    endloop
  endfacet
  facet normal 0 0 1
    outer loop
      vertex 214 108.579 18
      vertex 198.85 99.4512 18
      vertex 198.975 99.3715 18
    endloop
  endfacet
  facet normal 0 0 1
    outer loop
      vertex 214 108.579 18
      vertex 198.718 99.5197 18
      vertex 198.85 99.4512 18
    endloop
  endfacet
  facet normal 0 0 1
    outer loop
      vertex 214 108.579 18
      vertex 198.581 99.5764 18
      vertex 198.718 99.5197 18
    endloop
  endfacet
  facet normal 0 0 1
    outer loop
      vertex 214 108.579 18
      vertex 198.44 99.621 18
      vertex 198.581 99.5764 18
    endloop
  endfacet
  facet normal 0 0 1
    outer loop
      vertex 214 108.579 18
      vertex 198.295 99.6531 18
      vertex 198.44 99.621 18
    endloop
  endfacet
  facet normal 0 0 1
    outer loop
      vertex 214 108.579 18
      vertex 198.148 99.6725 18
      vertex 198.295 99.6531 18
    endloop
  endfacet
  facet normal 0 0 1
    outer loop
      vertex 214 108.579 18
      vertex 198 99.6789 18
      vertex 198.148 99.6725 18
    endloop
  endfacet
  facet normal 0 0 1
    outer loop
      vertex 214 108.579 18
      vertex 197.852 99.6725 18
      vertex 198 99.6789 18
    endloop
  endfacet
  facet normal 0 0 1
    outer loop
      vertex 214 108.579 18
      vertex 197.705 99.6531 18
      vertex 197.852 99.6725 18
    endloop
  endfacet
  facet normal 0 0 1
    outer loop
      vertex 214 108.579 18
      vertex 197.56 99.621 18
      vertex 197.705 99.6531 18
    endloop
  endfacet
  facet normal 0 0 1
    outer loop
      vertex 214 108.579 18
      vertex 197.419 99.5764 18
      vertex 197.56 99.621 18
    endloop
  endfacet
  facet normal 0 0 1
    outer loop
      vertex 214 108.579 18
      vertex 197.282 99.5197 18
      vertex 197.419 99.5764 18
    endloop
  endfacet
  facet normal 0 0 1
    outer loop
      vertex 214 108.579 18
      vertex 197.15 99.4512 18
      vertex 197.282 99.5197 18
    endloop
  endfacet
  facet normal 0 0 1
    outer loop
      vertex 196.306 98.1271 18
      vertex 66 55.632 18
      vertex 196.3 97.9789 18
    endloop
  endfacet
  facet normal 0 0 1
    outer loop
      vertex 196.326 98.2741 18
      vertex 66 55.632 18
      vertex 196.306 98.1271 18
    endloop
  endfacet
  facet normal 0 0 1
    outer loop
      vertex 196.358 98.4189 18
      vertex 66 55.632 18
      vertex 196.326 98.2741 18
    endloop
  endfacet
  facet normal 0 0 1
    outer loop
      vertex 196.403 98.5604 18
      vertex 66 55.632 18
      vertex 196.358 98.4189 18
    endloop
  endfacet
  facet normal 0 0 1
    outer loop
      vertex 196.459 98.6974 18
      vertex 66 55.632 18
      vertex 196.403 98.5604 18
    endloop
  endfacet
  facet normal 0 0 1
    outer loop
      vertex 196.528 98.8289 18
      vertex 66 55.632 18
      vertex 196.459 98.6974 18
    endloop
  endfacet
  facet normal 0 0 1
    outer loop
      vertex 196.607 98.954 18
      vertex 66 55.632 18
      vertex 196.528 98.8289 18
    endloop
  endfacet
  facet normal 0 0 1
    outer loop
      vertex 196.698 99.0717 18
      vertex 66 55.632 18
      vertex 196.607 98.954 18
    endloop
  endfacet
  facet normal 0 0 1
    outer loop
      vertex 196.798 99.181 18
      vertex 66 55.632 18
      vertex 196.698 99.0717 18
    endloop
  endfacet
  facet normal 0 0 1
    outer loop
      vertex 196.907 99.2812 18
      vertex 66 55.632 18
      vertex 196.798 99.181 18
    endloop
  endfacet
  facet normal 0 0 1
    outer loop
      vertex 197.025 99.3715 18
      vertex 66 55.632 18
      vertex 196.907 99.2812 18
    endloop
  endfacet
  facet normal 0 0 1
    outer loop
      vertex 197.15 99.4512 18
      vertex 66 55.632 18
      vertex 197.025 99.3715 18
    endloop
  endfacet
  facet normal 0 0 1
    outer loop
      vertex 18.6161 55.1051 18
      vertex 197.15 99.4512 18
      vertex 214 108.579 18
    endloop
  endfacet
  facet normal 0 0 1
    outer loop
      vertex 66 55.632 18
      vertex 61.7 12 18
      vertex 66 -55.632 18
    endloop
  endfacet
  facet normal 0 0 1
    outer loop
      vertex 66 55.632 18
      vertex 61.6935 12.1482 18
      vertex 61.7 12 18
    endloop
  endfacet
  facet normal 0 0 1
    outer loop
      vertex 66 55.632 18
      vertex 61.6742 12.2952 18
      vertex 61.6935 12.1482 18
    endloop
  endfacet
  facet normal 0 0 1
    outer loop
      vertex 66 55.632 18
      vertex 61.6421 12.44 18
      vertex 61.6742 12.2952 18
    endloop
  endfacet
  facet normal 0 0 1
    outer loop
      vertex 66 55.632 18
      vertex 61.5975 12.5814 18
      vertex 61.6421 12.44 18
    endloop
  endfacet
  facet normal 0 0 1
    outer loop
      vertex 66 55.632 18
      vertex 61.5407 12.7185 18
      vertex 61.5975 12.5814 18
    endloop
  endfacet
  facet normal 0 0 1
    outer loop
      vertex 66 55.632 18
      vertex 61.4722 12.85 18
      vertex 61.5407 12.7185 18
    endloop
  endfacet
  facet normal 0 0 1
    outer loop
      vertex 66 55.632 18
      vertex 61.3926 12.9751 18
      vertex 61.4722 12.85 18
    endloop
  endfacet
  facet normal 0 0 1
    outer loop
      vertex 66 55.632 18
      vertex 61.3023 13.0927 18
      vertex 61.3926 12.9751 18
    endloop
  endfacet
  facet normal 0 0 1
    outer loop
      vertex 66 55.632 18
      vertex 61.2021 13.2021 18
      vertex 61.3023 13.0927 18
    endloop
  endfacet
  facet normal 0 0 1
    outer loop
      vertex 66 55.632 18
      vertex 61.0927 13.3023 18
      vertex 61.2021 13.2021 18
    endloop
  endfacet
  facet normal 0 0 1
    outer loop
      vertex 66 55.632 18
      vertex 60.9751 13.3926 18
      vertex 61.0927 13.3023 18
    endloop
  endfacet
  facet normal 0 0 1
    outer loop
      vertex 66 55.632 18
      vertex 60.85 13.4722 18
      vertex 60.9751 13.3926 18
    endloop
  endfacet
  facet normal 0 0 1
    outer loop
      vertex 66 55.632 18
      vertex 60.7185 13.5407 18
      vertex 60.85 13.4722 18
    endloop
  endfacet
  facet normal 0 0 1
    outer loop
      vertex 66 55.632 18
      vertex 60.5814 13.5975 18
      vertex 60.7185 13.5407 18
    endloop
  endfacet
  facet normal 0 0 1
    outer loop
      vertex 66 55.632 18
      vertex 60.44 13.6421 18
      vertex 60.5814 13.5975 18
    endloop
  endfacet
  facet normal -0 0 1
    outer loop
      vertex 54 52.3478 18
      vertex 60.44 13.6421 18
      vertex 66 55.632 18
    endloop
  endfacet
  facet normal 0 0 1
    outer loop
      vertex 60.44 13.6421 18
      vertex 54 52.3478 18
      vertex 60.2952 13.6742 18
    endloop
  endfacet
  facet normal 0 0 1
    outer loop
      vertex 60.2952 13.6742 18
      vertex 54 52.3478 18
      vertex 60.1482 13.6935 18
    endloop
  endfacet
  facet normal 0 0 1
    outer loop
      vertex 60.1482 13.6935 18
      vertex 54 52.3478 18
      vertex 60 13.7 18
    endloop
  endfacet
  facet normal 0 0 1
    outer loop
      vertex 60 13.7 18
      vertex 54 52.3478 18
      vertex 59.8518 13.6935 18
    endloop
  endfacet
  facet normal 0 0 1
    outer loop
      vertex 59.8518 13.6935 18
      vertex 54 52.3478 18
      vertex 59.7048 13.6742 18
    endloop
  endfacet
  facet normal 0 0 1
    outer loop
      vertex 59.7048 13.6742 18
      vertex 54 52.3478 18
      vertex 59.56 13.6421 18
    endloop
  endfacet
  facet normal 0 0 1
    outer loop
      vertex 59.56 13.6421 18
      vertex 54 52.3478 18
      vertex 59.4186 13.5975 18
    endloop
  endfacet
  facet normal 0 0 1
    outer loop
      vertex 59.4186 13.5975 18
      vertex 54 52.3478 18
      vertex 59.2815 13.5407 18
    endloop
  endfacet
  facet normal 0 0 1
    outer loop
      vertex 59.2815 13.5407 18
      vertex 54 52.3478 18
      vertex 59.15 13.4722 18
    endloop
  endfacet
  facet normal 0 0 1
    outer loop
      vertex 59.15 13.4722 18
      vertex 54 52.3478 18
      vertex 59.0249 13.3926 18
    endloop
  endfacet
  facet normal 0 0 1
    outer loop
      vertex 59.0249 13.3926 18
      vertex 54 52.3478 18
      vertex 58.9073 13.3023 18
    endloop
  endfacet
  facet normal 0 0 1
    outer loop
      vertex 58.9073 13.3023 18
      vertex 54 52.3478 18
      vertex 58.7979 13.2021 18
    endloop
  endfacet
  facet normal 0 0 1
    outer loop
      vertex 58.7979 13.2021 18
      vertex 54 52.3478 18
      vertex 58.6977 13.0927 18
    endloop
  endfacet
  facet normal 0 0 1
    outer loop
      vertex 58.6977 13.0927 18
      vertex 54 52.3478 18
      vertex 58.6074 12.9751 18
    endloop
  endfacet
  facet normal 0 0 1
    outer loop
      vertex 58.6074 12.9751 18
      vertex 54 52.3478 18
      vertex 58.5278 12.85 18
    endloop
  endfacet
  facet normal 0 0 1
    outer loop
      vertex 58.5278 12.85 18
      vertex 54 52.3478 18
      vertex 58.4593 12.7185 18
    endloop
  endfacet
  facet normal 0 0 1
    outer loop
      vertex 58.4593 12.7185 18
      vertex 54 52.3478 18
      vertex 58.4025 12.5814 18
    endloop
  endfacet
  facet normal 0 0 1
    outer loop
      vertex 58.4025 12.5814 18
      vertex 54 52.3478 18
      vertex 58.3579 12.44 18
    endloop
  endfacet
  facet normal 0 0 1
    outer loop
      vertex 58.3 12 18
      vertex 54 52.3478 18
      vertex 58.3 -12 18
    endloop
  endfacet
  facet normal 0 0 1
    outer loop
      vertex 58.3065 12.1482 18
      vertex 54 52.3478 18
      vertex 58.3 12 18
    endloop
  endfacet
  facet normal 0 0 1
    outer loop
      vertex 58.3258 12.2952 18
      vertex 54 52.3478 18
      vertex 58.3065 12.1482 18
    endloop
  endfacet
  facet normal 0 0 1
    outer loop
      vertex 58.3579 12.44 18
      vertex 54 52.3478 18
      vertex 58.3258 12.2952 18
    endloop
  endfacet
  facet normal 0 0 1
    outer loop
      vertex 197.15 99.4512 18
      vertex 18.6161 55.1051 18
      vertex 66 55.632 18
    endloop
  endfacet
  facet normal 0 0 1
    outer loop
      vertex 66 55.632 18
      vertex 18.6161 55.1051 18
      vertex 54 52.3478 18
    endloop
  endfacet
  facet normal 0 0 1
    outer loop
      vertex 54 52.3478 18
      vertex 18.6161 55.1051 18
      vertex 21.7839 43.5307 18
    endloop
  endfacet
  facet normal -0 0 1
    outer loop
      vertex 199.694 97.8308 18
      vertex 214 96.1372 18
      vertex 199.7 97.9789 18
    endloop
  endfacet
  facet normal -0 0 1
    outer loop
      vertex 199.674 97.6837 18
      vertex 214 96.1372 18
      vertex 199.694 97.8308 18
    endloop
  endfacet
  facet normal -0 0 1
    outer loop
      vertex 199.642 97.539 18
      vertex 214 96.1372 18
      vertex 199.674 97.6837 18
    endloop
  endfacet
  facet normal -0 0 1
    outer loop
      vertex 199.597 97.3975 18
      vertex 214 96.1372 18
      vertex 199.642 97.539 18
    endloop
  endfacet
  facet normal -0 0 1
    outer loop
      vertex 199.541 97.2605 18
      vertex 214 96.1372 18
      vertex 199.597 97.3975 18
    endloop
  endfacet
  facet normal -0 0 1
    outer loop
      vertex 199.472 97.1289 18
      vertex 214 96.1372 18
      vertex 199.541 97.2605 18
    endloop
  endfacet
  facet normal -0 0 1
    outer loop
      vertex 199.393 97.0039 18
      vertex 214 96.1372 18
      vertex 199.472 97.1289 18
    endloop
  endfacet
  facet normal -0 0 1
    outer loop
      vertex 199.302 96.8862 18
      vertex 214 96.1372 18
      vertex 199.393 97.0039 18
    endloop
  endfacet
  facet normal -0 0 1
    outer loop
      vertex 199.202 96.7769 18
      vertex 214 96.1372 18
      vertex 199.302 96.8862 18
    endloop
  endfacet
  facet normal -0 0 1
    outer loop
      vertex 199.093 96.6767 18
      vertex 214 96.1372 18
      vertex 199.202 96.7769 18
    endloop
  endfacet
  facet normal -0 0 1
    outer loop
      vertex 198.975 96.5864 18
      vertex 214 96.1372 18
      vertex 199.093 96.6767 18
    endloop
  endfacet
  facet normal -0 0 1
    outer loop
      vertex 198.85 96.5067 18
      vertex 214 96.1372 18
      vertex 198.975 96.5864 18
    endloop
  endfacet
  facet normal -0 0 1
    outer loop
      vertex 198.718 96.4382 18
      vertex 214 96.1372 18
      vertex 198.85 96.5067 18
    endloop
  endfacet
  facet normal -0 0 1
    outer loop
      vertex 198.581 96.3815 18
      vertex 214 96.1372 18
      vertex 198.718 96.4382 18
    endloop
  endfacet
  facet normal -0 0 1
    outer loop
      vertex 198.44 96.3369 18
      vertex 214 96.1372 18
      vertex 198.581 96.3815 18
    endloop
  endfacet
  facet normal -0 0 1
    outer loop
      vertex 198.295 96.3048 18
      vertex 214 96.1372 18
      vertex 198.44 96.3369 18
    endloop
  endfacet
  facet normal -0 0 1
    outer loop
      vertex 198.148 96.2854 18
      vertex 214 96.1372 18
      vertex 198.295 96.3048 18
    endloop
  endfacet
  facet normal -0 0 1
    outer loop
      vertex 198 96.2789 18
      vertex 214 96.1372 18
      vertex 198.148 96.2854 18
    endloop
  endfacet
  facet normal 0 0 1
    outer loop
      vertex 198 96.2789 18
      vertex 66 55.632 18
      vertex 214 96.1372 18
    endloop
  endfacet
  facet normal 0 0 1
    outer loop
      vertex 197.852 96.2854 18
      vertex 66 55.632 18
      vertex 198 96.2789 18
    endloop
  endfacet
  facet normal 0 0 1
    outer loop
      vertex 197.705 96.3048 18
      vertex 66 55.632 18
      vertex 197.852 96.2854 18
    endloop
  endfacet
  facet normal 0 0 1
    outer loop
      vertex 197.56 96.3369 18
      vertex 66 55.632 18
      vertex 197.705 96.3048 18
    endloop
  endfacet
  facet normal 0 0 1
    outer loop
      vertex 197.419 96.3815 18
      vertex 66 55.632 18
      vertex 197.56 96.3369 18
    endloop
  endfacet
  facet normal 0 0 1
    outer loop
      vertex 197.282 96.4382 18
      vertex 66 55.632 18
      vertex 197.419 96.3815 18
    endloop
  endfacet
  facet normal 0 0 1
    outer loop
      vertex 197.15 96.5067 18
      vertex 66 55.632 18
      vertex 197.282 96.4382 18
    endloop
  endfacet
  facet normal 0 0 1
    outer loop
      vertex 197.025 96.5864 18
      vertex 66 55.632 18
      vertex 197.15 96.5067 18
    endloop
  endfacet
  facet normal 0 0 1
    outer loop
      vertex 196.907 96.6767 18
      vertex 66 55.632 18
      vertex 197.025 96.5864 18
    endloop
  endfacet
  facet normal 0 0 1
    outer loop
      vertex 196.798 96.7769 18
      vertex 66 55.632 18
      vertex 196.907 96.6767 18
    endloop
  endfacet
  facet normal 0 0 1
    outer loop
      vertex 196.698 96.8862 18
      vertex 66 55.632 18
      vertex 196.798 96.7769 18
    endloop
  endfacet
  facet normal 0 0 1
    outer loop
      vertex 196.607 97.0039 18
      vertex 66 55.632 18
      vertex 196.698 96.8862 18
    endloop
  endfacet
  facet normal 0 0 1
    outer loop
      vertex 196.528 97.1289 18
      vertex 66 55.632 18
      vertex 196.607 97.0039 18
    endloop
  endfacet
  facet normal 0 0 1
    outer loop
      vertex 196.459 97.2605 18
      vertex 66 55.632 18
      vertex 196.528 97.1289 18
    endloop
  endfacet
  facet normal 0 0 1
    outer loop
      vertex 196.403 97.3975 18
      vertex 66 55.632 18
      vertex 196.459 97.2605 18
    endloop
  endfacet
  facet normal 0 0 1
    outer loop
      vertex 196.358 97.539 18
      vertex 66 55.632 18
      vertex 196.403 97.3975 18
    endloop
  endfacet
  facet normal 0 0 1
    outer loop
      vertex 196.326 97.6837 18
      vertex 66 55.632 18
      vertex 196.358 97.539 18
    endloop
  endfacet
  facet normal 0 0 1
    outer loop
      vertex 196.306 97.8308 18
      vertex 66 55.632 18
      vertex 196.326 97.6837 18
    endloop
  endfacet
  facet normal 0 0 1
    outer loop
      vertex 66 55.632 18
      vertex 196.306 97.8308 18
      vertex 196.3 97.9789 18
    endloop
  endfacet
  facet normal 0 0 1
    outer loop
      vertex 199.694 -98.1271 18
      vertex 214 -96.1372 18
      vertex 199.7 -97.9789 18
    endloop
  endfacet
  facet normal 0 0 1
    outer loop
      vertex 214 -96.1372 18
      vertex 199.694 -97.8308 18
      vertex 199.7 -97.9789 18
    endloop
  endfacet
  facet normal 0 0 1
    outer loop
      vertex 214 -96.1372 18
      vertex 199.674 -97.6837 18
      vertex 199.694 -97.8308 18
    endloop
  endfacet
  facet normal 0 0 1
    outer loop
      vertex 214 -96.1372 18
      vertex 199.642 -97.539 18
      vertex 199.674 -97.6837 18
    endloop
  endfacet
  facet normal 0 0 1
    outer loop
      vertex 214 -96.1372 18
      vertex 199.597 -97.3975 18
      vertex 199.642 -97.539 18
    endloop
  endfacet
  facet normal 0 0 1
    outer loop
      vertex 214 -96.1372 18
      vertex 199.541 -97.2605 18
      vertex 199.597 -97.3975 18
    endloop
  endfacet
  facet normal 0 0 1
    outer loop
      vertex 214 -96.1372 18
      vertex 199.472 -97.1289 18
      vertex 199.541 -97.2605 18
    endloop
  endfacet
  facet normal 0 0 1
    outer loop
      vertex 214 -96.1372 18
      vertex 199.393 -97.0039 18
      vertex 199.472 -97.1289 18
    endloop
  endfacet
  facet normal 0 0 1
    outer loop
      vertex 214 -96.1372 18
      vertex 199.302 -96.8862 18
      vertex 199.393 -97.0039 18
    endloop
  endfacet
  facet normal 0 0 1
    outer loop
      vertex 214 -96.1372 18
      vertex 199.202 -96.7769 18
      vertex 199.302 -96.8862 18
    endloop
  endfacet
  facet normal 0 0 1
    outer loop
      vertex 214 -96.1372 18
      vertex 199.093 -96.6767 18
      vertex 199.202 -96.7769 18
    endloop
  endfacet
  facet normal 0 0 1
    outer loop
      vertex 214 -96.1372 18
      vertex 198.975 -96.5864 18
      vertex 199.093 -96.6767 18
    endloop
  endfacet
  facet normal 0 0 1
    outer loop
      vertex 214 -96.1372 18
      vertex 198.85 -96.5067 18
      vertex 198.975 -96.5864 18
    endloop
  endfacet
  facet normal 0 0 1
    outer loop
      vertex 214 -96.1372 18
      vertex 198.718 -96.4382 18
      vertex 198.85 -96.5067 18
    endloop
  endfacet
  facet normal 0 0 1
    outer loop
      vertex 214 -96.1372 18
      vertex 198.581 -96.3815 18
      vertex 198.718 -96.4382 18
    endloop
  endfacet
  facet normal 0 0 1
    outer loop
      vertex 214 -96.1372 18
      vertex 198.44 -96.3369 18
      vertex 198.581 -96.3815 18
    endloop
  endfacet
  facet normal 0 0 1
    outer loop
      vertex 214 -96.1372 18
      vertex 198.295 -96.3048 18
      vertex 198.44 -96.3369 18
    endloop
  endfacet
  facet normal 0 0 1
    outer loop
      vertex 214 -96.1372 18
      vertex 198.148 -96.2854 18
      vertex 198.295 -96.3048 18
    endloop
  endfacet
  facet normal 0 0 1
    outer loop
      vertex 214 -96.1372 18
      vertex 198 -96.2789 18
      vertex 198.148 -96.2854 18
    endloop
  endfacet
  facet normal 0 0 1
    outer loop
      vertex 196.306 -97.8308 18
      vertex 66 -55.632 18
      vertex 196.3 -97.9789 18
    endloop
  endfacet
  facet normal 0 0 1
    outer loop
      vertex 196.326 -97.6837 18
      vertex 66 -55.632 18
      vertex 196.306 -97.8308 18
    endloop
  endfacet
  facet normal 0 0 1
    outer loop
      vertex 196.358 -97.539 18
      vertex 66 -55.632 18
      vertex 196.326 -97.6837 18
    endloop
  endfacet
  facet normal 0 0 1
    outer loop
      vertex 196.403 -97.3975 18
      vertex 66 -55.632 18
      vertex 196.358 -97.539 18
    endloop
  endfacet
  facet normal 0 0 1
    outer loop
      vertex 196.459 -97.2605 18
      vertex 66 -55.632 18
      vertex 196.403 -97.3975 18
    endloop
  endfacet
  facet normal 0 0 1
    outer loop
      vertex 196.528 -97.1289 18
      vertex 66 -55.632 18
      vertex 196.459 -97.2605 18
    endloop
  endfacet
  facet normal 0 0 1
    outer loop
      vertex 196.607 -97.0039 18
      vertex 66 -55.632 18
      vertex 196.528 -97.1289 18
    endloop
  endfacet
  facet normal 0 0 1
    outer loop
      vertex 196.698 -96.8862 18
      vertex 66 -55.632 18
      vertex 196.607 -97.0039 18
    endloop
  endfacet
  facet normal 0 0 1
    outer loop
      vertex 196.798 -96.7769 18
      vertex 66 -55.632 18
      vertex 196.698 -96.8862 18
    endloop
  endfacet
  facet normal 0 0 1
    outer loop
      vertex 196.907 -96.6767 18
      vertex 66 -55.632 18
      vertex 196.798 -96.7769 18
    endloop
  endfacet
  facet normal 0 0 1
    outer loop
      vertex 197.025 -96.5864 18
      vertex 66 -55.632 18
      vertex 196.907 -96.6767 18
    endloop
  endfacet
  facet normal 0 0 1
    outer loop
      vertex 197.15 -96.5067 18
      vertex 66 -55.632 18
      vertex 197.025 -96.5864 18
    endloop
  endfacet
  facet normal 0 0 1
    outer loop
      vertex 197.282 -96.4382 18
      vertex 66 -55.632 18
      vertex 197.15 -96.5067 18
    endloop
  endfacet
  facet normal 0 0 1
    outer loop
      vertex 197.419 -96.3815 18
      vertex 66 -55.632 18
      vertex 197.282 -96.4382 18
    endloop
  endfacet
  facet normal 0 0 1
    outer loop
      vertex 197.56 -96.3369 18
      vertex 66 -55.632 18
      vertex 197.419 -96.3815 18
    endloop
  endfacet
  facet normal 0 0 1
    outer loop
      vertex 197.705 -96.3048 18
      vertex 66 -55.632 18
      vertex 197.56 -96.3369 18
    endloop
  endfacet
  facet normal 0 0 1
    outer loop
      vertex 197.852 -96.2854 18
      vertex 66 -55.632 18
      vertex 197.705 -96.3048 18
    endloop
  endfacet
  facet normal 0 0 1
    outer loop
      vertex 198 -96.2789 18
      vertex 66 -55.632 18
      vertex 197.852 -96.2854 18
    endloop
  endfacet
  facet normal 0 0 1
    outer loop
      vertex 66 -55.632 18
      vertex 198 -96.2789 18
      vertex 214 -96.1372 18
    endloop
  endfacet
  facet normal 0 0 1
    outer loop
      vertex 199.674 -98.2741 18
      vertex 214 -96.1372 18
      vertex 199.694 -98.1271 18
    endloop
  endfacet
  facet normal 0 0 1
    outer loop
      vertex 199.642 -98.4189 18
      vertex 214 -96.1372 18
      vertex 199.674 -98.2741 18
    endloop
  endfacet
  facet normal 0 0 1
    outer loop
      vertex 199.597 -98.5604 18
      vertex 214 -96.1372 18
      vertex 199.642 -98.4189 18
    endloop
  endfacet
  facet normal 0 0 1
    outer loop
      vertex 199.541 -98.6974 18
      vertex 214 -96.1372 18
      vertex 199.597 -98.5604 18
    endloop
  endfacet
  facet normal 0 0 1
    outer loop
      vertex 214 -96.1372 18
      vertex 199.541 -98.6974 18
      vertex 214 -108.579 18
    endloop
  endfacet
  facet normal -0 0 1
    outer loop
      vertex 199.472 -98.8289 18
      vertex 214 -108.579 18
      vertex 199.541 -98.6974 18
    endloop
  endfacet
  facet normal -0 0 1
    outer loop
      vertex 199.393 -98.954 18
      vertex 214 -108.579 18
      vertex 199.472 -98.8289 18
    endloop
  endfacet
  facet normal -0 0 1
    outer loop
      vertex 199.302 -99.0717 18
      vertex 214 -108.579 18
      vertex 199.393 -98.954 18
    endloop
  endfacet
  facet normal -0 0 1
    outer loop
      vertex 199.202 -99.181 18
      vertex 214 -108.579 18
      vertex 199.302 -99.0717 18
    endloop
  endfacet
  facet normal -0 0 1
    outer loop
      vertex 199.093 -99.2812 18
      vertex 214 -108.579 18
      vertex 199.202 -99.181 18
    endloop
  endfacet
  facet normal -0 0 1
    outer loop
      vertex 198.975 -99.3715 18
      vertex 214 -108.579 18
      vertex 199.093 -99.2812 18
    endloop
  endfacet
  facet normal -0 0 1
    outer loop
      vertex 198.85 -99.4512 18
      vertex 214 -108.579 18
      vertex 198.975 -99.3715 18
    endloop
  endfacet
  facet normal -0 0 1
    outer loop
      vertex 198.718 -99.5197 18
      vertex 214 -108.579 18
      vertex 198.85 -99.4512 18
    endloop
  endfacet
  facet normal -0 0 1
    outer loop
      vertex 198.581 -99.5764 18
      vertex 214 -108.579 18
      vertex 198.718 -99.5197 18
    endloop
  endfacet
  facet normal -0 0 1
    outer loop
      vertex 198.44 -99.621 18
      vertex 214 -108.579 18
      vertex 198.581 -99.5764 18
    endloop
  endfacet
  facet normal -0 0 1
    outer loop
      vertex 198.295 -99.6531 18
      vertex 214 -108.579 18
      vertex 198.44 -99.621 18
    endloop
  endfacet
  facet normal -0 0 1
    outer loop
      vertex 198.148 -99.6725 18
      vertex 214 -108.579 18
      vertex 198.295 -99.6531 18
    endloop
  endfacet
  facet normal -0 0 1
    outer loop
      vertex 198 -99.6789 18
      vertex 214 -108.579 18
      vertex 198.148 -99.6725 18
    endloop
  endfacet
  facet normal 0 0 1
    outer loop
      vertex 197.852 -99.6725 18
      vertex 214 -108.579 18
      vertex 198 -99.6789 18
    endloop
  endfacet
  facet normal 0 0 1
    outer loop
      vertex 197.705 -99.6531 18
      vertex 214 -108.579 18
      vertex 197.852 -99.6725 18
    endloop
  endfacet
  facet normal 0 0 1
    outer loop
      vertex 197.56 -99.621 18
      vertex 214 -108.579 18
      vertex 197.705 -99.6531 18
    endloop
  endfacet
  facet normal 0 0 1
    outer loop
      vertex 197.419 -99.5764 18
      vertex 214 -108.579 18
      vertex 197.56 -99.621 18
    endloop
  endfacet
  facet normal 0 0 1
    outer loop
      vertex 197.282 -99.5197 18
      vertex 214 -108.579 18
      vertex 197.419 -99.5764 18
    endloop
  endfacet
  facet normal 0 0 1
    outer loop
      vertex 197.15 -99.4512 18
      vertex 214 -108.579 18
      vertex 197.282 -99.5197 18
    endloop
  endfacet
  facet normal 0 0 1
    outer loop
      vertex 66 -55.632 18
      vertex 196.306 -98.1271 18
      vertex 196.3 -97.9789 18
    endloop
  endfacet
  facet normal 0 0 1
    outer loop
      vertex 66 -55.632 18
      vertex 196.326 -98.2741 18
      vertex 196.306 -98.1271 18
    endloop
  endfacet
  facet normal 0 0 1
    outer loop
      vertex 66 -55.632 18
      vertex 196.358 -98.4189 18
      vertex 196.326 -98.2741 18
    endloop
  endfacet
  facet normal 0 0 1
    outer loop
      vertex 66 -55.632 18
      vertex 196.403 -98.5604 18
      vertex 196.358 -98.4189 18
    endloop
  endfacet
  facet normal 0 0 1
    outer loop
      vertex 66 -55.632 18
      vertex 196.459 -98.6974 18
      vertex 196.403 -98.5604 18
    endloop
  endfacet
  facet normal 0 0 1
    outer loop
      vertex 66 -55.632 18
      vertex 196.528 -98.8289 18
      vertex 196.459 -98.6974 18
    endloop
  endfacet
  facet normal 0 0 1
    outer loop
      vertex 66 -55.632 18
      vertex 196.607 -98.954 18
      vertex 196.528 -98.8289 18
    endloop
  endfacet
  facet normal 0 0 1
    outer loop
      vertex 66 -55.632 18
      vertex 196.698 -99.0717 18
      vertex 196.607 -98.954 18
    endloop
  endfacet
  facet normal 0 0 1
    outer loop
      vertex 66 -55.632 18
      vertex 196.798 -99.181 18
      vertex 196.698 -99.0717 18
    endloop
  endfacet
  facet normal 0 0 1
    outer loop
      vertex 66 -55.632 18
      vertex 196.907 -99.2812 18
      vertex 196.798 -99.181 18
    endloop
  endfacet
  facet normal 0 0 1
    outer loop
      vertex 66 -55.632 18
      vertex 197.025 -99.3715 18
      vertex 196.907 -99.2812 18
    endloop
  endfacet
  facet normal 0 0 1
    outer loop
      vertex 66 -55.632 18
      vertex 197.15 -99.4512 18
      vertex 197.025 -99.3715 18
    endloop
  endfacet
  facet normal 0 0 1
    outer loop
      vertex 18.6161 -55.1051 18
      vertex 197.15 -99.4512 18
      vertex 66 -55.632 18
    endloop
  endfacet
  facet normal -0 0 1
    outer loop
      vertex 61.7 -12 18
      vertex 66 -55.632 18
      vertex 61.7 12 18
    endloop
  endfacet
  facet normal -0 0 1
    outer loop
      vertex 61.6935 -12.1482 18
      vertex 66 -55.632 18
      vertex 61.7 -12 18
    endloop
  endfacet
  facet normal -0 0 1
    outer loop
      vertex 61.6742 -12.2952 18
      vertex 66 -55.632 18
      vertex 61.6935 -12.1482 18
    endloop
  endfacet
  facet normal -0 0 1
    outer loop
      vertex 61.6421 -12.44 18
      vertex 66 -55.632 18
      vertex 61.6742 -12.2952 18
    endloop
  endfacet
  facet normal -0 0 1
    outer loop
      vertex 61.5975 -12.5814 18
      vertex 66 -55.632 18
      vertex 61.6421 -12.44 18
    endloop
  endfacet
  facet normal -0 0 1
    outer loop
      vertex 61.5407 -12.7185 18
      vertex 66 -55.632 18
      vertex 61.5975 -12.5814 18
    endloop
  endfacet
  facet normal -0 0 1
    outer loop
      vertex 61.4722 -12.85 18
      vertex 66 -55.632 18
      vertex 61.5407 -12.7185 18
    endloop
  endfacet
  facet normal -0 0 1
    outer loop
      vertex 61.3926 -12.9751 18
      vertex 66 -55.632 18
      vertex 61.4722 -12.85 18
    endloop
  endfacet
  facet normal -0 0 1
    outer loop
      vertex 61.3023 -13.0927 18
      vertex 66 -55.632 18
      vertex 61.3926 -12.9751 18
    endloop
  endfacet
  facet normal -0 0 1
    outer loop
      vertex 61.2021 -13.2021 18
      vertex 66 -55.632 18
      vertex 61.3023 -13.0927 18
    endloop
  endfacet
  facet normal -0 0 1
    outer loop
      vertex 61.0927 -13.3023 18
      vertex 66 -55.632 18
      vertex 61.2021 -13.2021 18
    endloop
  endfacet
  facet normal -0 0 1
    outer loop
      vertex 60.9751 -13.3926 18
      vertex 66 -55.632 18
      vertex 61.0927 -13.3023 18
    endloop
  endfacet
  facet normal -0 0 1
    outer loop
      vertex 60.85 -13.4722 18
      vertex 66 -55.632 18
      vertex 60.9751 -13.3926 18
    endloop
  endfacet
  facet normal -0 0 1
    outer loop
      vertex 60.7185 -13.5407 18
      vertex 66 -55.632 18
      vertex 60.85 -13.4722 18
    endloop
  endfacet
  facet normal -0 0 1
    outer loop
      vertex 60.5814 -13.5975 18
      vertex 66 -55.632 18
      vertex 60.7185 -13.5407 18
    endloop
  endfacet
  facet normal -0 0 1
    outer loop
      vertex 60.44 -13.6421 18
      vertex 66 -55.632 18
      vertex 60.5814 -13.5975 18
    endloop
  endfacet
  facet normal 0 0 1
    outer loop
      vertex 54 -52.3478 18
      vertex 60.44 -13.6421 18
      vertex 60.2952 -13.6742 18
    endloop
  endfacet
  facet normal 0 0 1
    outer loop
      vertex 54 -52.3478 18
      vertex 60.2952 -13.6742 18
      vertex 60.1482 -13.6935 18
    endloop
  endfacet
  facet normal 0 0 1
    outer loop
      vertex 54 -52.3478 18
      vertex 60.1482 -13.6935 18
      vertex 60 -13.7 18
    endloop
  endfacet
  facet normal 0 0 1
    outer loop
      vertex 54 -52.3478 18
      vertex 60 -13.7 18
      vertex 59.8518 -13.6935 18
    endloop
  endfacet
  facet normal 0 0 1
    outer loop
      vertex 54 -52.3478 18
      vertex 59.8518 -13.6935 18
      vertex 59.7048 -13.6742 18
    endloop
  endfacet
  facet normal 0 0 1
    outer loop
      vertex 54 -52.3478 18
      vertex 59.7048 -13.6742 18
      vertex 59.56 -13.6421 18
    endloop
  endfacet
  facet normal 0 0 1
    outer loop
      vertex 54 -52.3478 18
      vertex 59.56 -13.6421 18
      vertex 59.4186 -13.5975 18
    endloop
  endfacet
  facet normal 0 0 1
    outer loop
      vertex 54 -52.3478 18
      vertex 59.4186 -13.5975 18
      vertex 59.2815 -13.5407 18
    endloop
  endfacet
  facet normal 0 0 1
    outer loop
      vertex 54 -52.3478 18
      vertex 59.2815 -13.5407 18
      vertex 59.15 -13.4722 18
    endloop
  endfacet
  facet normal 0 0 1
    outer loop
      vertex 54 -52.3478 18
      vertex 59.15 -13.4722 18
      vertex 59.0249 -13.3926 18
    endloop
  endfacet
  facet normal 0 0 1
    outer loop
      vertex 54 -52.3478 18
      vertex 59.0249 -13.3926 18
      vertex 58.9073 -13.3023 18
    endloop
  endfacet
  facet normal 0 0 1
    outer loop
      vertex 54 -52.3478 18
      vertex 58.9073 -13.3023 18
      vertex 58.7979 -13.2021 18
    endloop
  endfacet
  facet normal 0 0 1
    outer loop
      vertex 54 -52.3478 18
      vertex 58.7979 -13.2021 18
      vertex 58.6977 -13.0927 18
    endloop
  endfacet
  facet normal 0 0 1
    outer loop
      vertex 54 -52.3478 18
      vertex 58.6977 -13.0927 18
      vertex 58.6074 -12.9751 18
    endloop
  endfacet
  facet normal 0 0 1
    outer loop
      vertex 54 -52.3478 18
      vertex 58.6074 -12.9751 18
      vertex 58.5278 -12.85 18
    endloop
  endfacet
  facet normal 0 0 1
    outer loop
      vertex 54 -52.3478 18
      vertex 58.5278 -12.85 18
      vertex 58.4593 -12.7185 18
    endloop
  endfacet
  facet normal 0 0 1
    outer loop
      vertex 54 -52.3478 18
      vertex 58.4593 -12.7185 18
      vertex 58.4025 -12.5814 18
    endloop
  endfacet
  facet normal 0 0 1
    outer loop
      vertex 54 -52.3478 18
      vertex 58.4025 -12.5814 18
      vertex 58.3579 -12.44 18
    endloop
  endfacet
  facet normal 0 0 1
    outer loop
      vertex 54 -52.3478 18
      vertex 58.3579 -12.44 18
      vertex 58.3258 -12.2952 18
    endloop
  endfacet
  facet normal 0 0 1
    outer loop
      vertex 54 -52.3478 18
      vertex 58.3 -12 18
      vertex 54 52.3478 18
    endloop
  endfacet
  facet normal 0 0 1
    outer loop
      vertex 58.3 -12 18
      vertex 54 -52.3478 18
      vertex 58.3065 -12.1482 18
    endloop
  endfacet
  facet normal 0 0 1
    outer loop
      vertex 54 -52.3478 18
      vertex 58.3258 -12.2952 18
      vertex 58.3065 -12.1482 18
    endloop
  endfacet
  facet normal 0 0 1
    outer loop
      vertex 60.44 -13.6421 18
      vertex 54 -52.3478 18
      vertex 66 -55.632 18
    endloop
  endfacet
  facet normal -0 0 1
    outer loop
      vertex 18.6161 -55.1051 18
      vertex 66 -55.632 18
      vertex 54 -52.3478 18
    endloop
  endfacet
  facet normal 0 0 1
    outer loop
      vertex 18.6161 -55.1051 18
      vertex 54 -52.3478 18
      vertex 21.7839 -43.5307 18
    endloop
  endfacet
  facet normal 0 0 1
    outer loop
      vertex 197.15 -99.4512 18
      vertex 18.6161 -55.1051 18
      vertex 214 -108.579 18
    endloop
  endfacet
  facet normal 0 0 -1
    outer loop
      vertex 54 52.3478 0
      vertex 16.6935 47.7466 0
      vertex 16.7 47.8947 0
    endloop
  endfacet
  facet normal 0 0 -1
    outer loop
      vertex 54 52.3478 0
      vertex 16.6742 47.5995 0
      vertex 16.6935 47.7466 0
    endloop
  endfacet
  facet normal 0 0 -1
    outer loop
      vertex 54 52.3478 0
      vertex 16.6421 47.4547 0
      vertex 16.6742 47.5995 0
    endloop
  endfacet
  facet normal 0 0 -1
    outer loop
      vertex 54 52.3478 0
      vertex 16.5975 47.3133 0
      vertex 16.6421 47.4547 0
    endloop
  endfacet
  facet normal 0 0 -1
    outer loop
      vertex 54 52.3478 0
      vertex 16.5407 47.1763 0
      vertex 16.5975 47.3133 0
    endloop
  endfacet
  facet normal 0 0 -1
    outer loop
      vertex 54 52.3478 0
      vertex 16.4722 47.0447 0
      vertex 16.5407 47.1763 0
    endloop
  endfacet
  facet normal 0 0 -1
    outer loop
      vertex 54 52.3478 0
      vertex 16.3926 46.9197 0
      vertex 16.4722 47.0447 0
    endloop
  endfacet
  facet normal 0 0 -1
    outer loop
      vertex 54 52.3478 0
      vertex 16.3023 46.802 0
      vertex 16.3926 46.9197 0
    endloop
  endfacet
  facet normal 0 0 -1
    outer loop
      vertex 54 52.3478 0
      vertex 16.2021 46.6927 0
      vertex 16.3023 46.802 0
    endloop
  endfacet
  facet normal 0 0 -1
    outer loop
      vertex 54 52.3478 0
      vertex 16.0927 46.5925 0
      vertex 16.2021 46.6927 0
    endloop
  endfacet
  facet normal 0 0 -1
    outer loop
      vertex 54 52.3478 0
      vertex 15.9751 46.5022 0
      vertex 16.0927 46.5925 0
    endloop
  endfacet
  facet normal 0 0 -1
    outer loop
      vertex 54 52.3478 0
      vertex 15.85 46.4225 0
      vertex 15.9751 46.5022 0
    endloop
  endfacet
  facet normal 0 0 -1
    outer loop
      vertex 54 52.3478 0
      vertex 15.7185 46.354 0
      vertex 15.85 46.4225 0
    endloop
  endfacet
  facet normal 0 0 -1
    outer loop
      vertex 1.58386 38.0023 0
      vertex 15.7185 46.354 0
      vertex 54 52.3478 0
    endloop
  endfacet
  facet normal 0 0 -1
    outer loop
      vertex 15.7185 46.354 0
      vertex 1.58386 38.0023 0
      vertex 15.5814 46.2973 0
    endloop
  endfacet
  facet normal 0 0 -1
    outer loop
      vertex 15.5814 46.2973 0
      vertex 1.58386 38.0023 0
      vertex 15.44 46.2527 0
    endloop
  endfacet
  facet normal -0 0 -1
    outer loop
      vertex 13.4025 47.3133 0
      vertex 6.64207 45.5979 0
      vertex 13.3579 47.4547 0
    endloop
  endfacet
  facet normal 0 0 -1
    outer loop
      vertex 6.64207 45.5979 0
      vertex 13.4025 47.3133 0
      vertex 6.67417 45.4531 0
    endloop
  endfacet
  facet normal -0 0 -1
    outer loop
      vertex 13.4593 47.1763 0
      vertex 6.67417 45.4531 0
      vertex 13.4025 47.3133 0
    endloop
  endfacet
  facet normal 0 0 -1
    outer loop
      vertex 6.67417 45.4531 0
      vertex 13.4593 47.1763 0
      vertex 6.69353 45.3061 0
    endloop
  endfacet
  facet normal -0 0 -1
    outer loop
      vertex 13.5278 47.0447 0
      vertex 6.69353 45.3061 0
      vertex 13.4593 47.1763 0
    endloop
  endfacet
  facet normal 0 0 -1
    outer loop
      vertex 6.69353 45.3061 0
      vertex 13.5278 47.0447 0
      vertex 6.7 45.1579 0
    endloop
  endfacet
  facet normal -0 0 -1
    outer loop
      vertex 13.6074 46.9197 0
      vertex 6.7 45.1579 0
      vertex 13.5278 47.0447 0
    endloop
  endfacet
  facet normal 0 0 -1
    outer loop
      vertex 6.69353 45.0097 0
      vertex 13.6074 46.9197 0
      vertex 13.6977 46.802 0
    endloop
  endfacet
  facet normal 0 0 -1
    outer loop
      vertex 6.67417 44.8627 0
      vertex 13.6977 46.802 0
      vertex 13.7979 46.6927 0
    endloop
  endfacet
  facet normal 0 0 -1
    outer loop
      vertex 6.64207 44.7179 0
      vertex 13.7979 46.6927 0
      vertex 13.9073 46.5925 0
    endloop
  endfacet
  facet normal 0 0 -1
    outer loop
      vertex 6.59748 44.5765 0
      vertex 13.9073 46.5925 0
      vertex 14.0249 46.5022 0
    endloop
  endfacet
  facet normal 0 0 -1
    outer loop
      vertex 6.54072 44.4394 0
      vertex 14.0249 46.5022 0
      vertex 14.15 46.4225 0
    endloop
  endfacet
  facet normal 0 0 -1
    outer loop
      vertex 6.47224 44.3079 0
      vertex 14.15 46.4225 0
      vertex 14.2815 46.354 0
    endloop
  endfacet
  facet normal 0 0 -1
    outer loop
      vertex 6.39256 44.1828 0
      vertex 14.2815 46.354 0
      vertex 14.4186 46.2973 0
    endloop
  endfacet
  facet normal 0 0 -1
    outer loop
      vertex 6.30227 44.0652 0
      vertex 14.4186 46.2973 0
      vertex 14.56 46.2527 0
    endloop
  endfacet
  facet normal 0 0 -1
    outer loop
      vertex 6.20208 43.9558 0
      vertex 14.56 46.2527 0
      vertex 14.7048 46.2206 0
    endloop
  endfacet
  facet normal 0 0 -1
    outer loop
      vertex 6.09274 43.8556 0
      vertex 14.7048 46.2206 0
      vertex 14.8518 46.2012 0
    endloop
  endfacet
  facet normal 0 0 -1
    outer loop
      vertex 1.58386 38.0023 0
      vertex 14.8518 46.2012 0
      vertex 15 46.1947 0
    endloop
  endfacet
  facet normal 0 0 -1
    outer loop
      vertex 1.58386 38.0023 0
      vertex 15 46.1947 0
      vertex 15.1482 46.2012 0
    endloop
  endfacet
  facet normal 0 0 -1
    outer loop
      vertex 13.6074 46.9197 0
      vertex 6.69353 45.0097 0
      vertex 6.7 45.1579 0
    endloop
  endfacet
  facet normal 0 0 -1
    outer loop
      vertex 1.58386 38.0023 0
      vertex 15.1482 46.2012 0
      vertex 15.2952 46.2206 0
    endloop
  endfacet
  facet normal 0 0 -1
    outer loop
      vertex 13.6977 46.802 0
      vertex 6.67417 44.8627 0
      vertex 6.69353 45.0097 0
    endloop
  endfacet
  facet normal 0 0 -1
    outer loop
      vertex 13.7979 46.6927 0
      vertex 6.64207 44.7179 0
      vertex 6.67417 44.8627 0
    endloop
  endfacet
  facet normal 0 0 -1
    outer loop
      vertex 15.44 46.2527 0
      vertex 1.58386 38.0023 0
      vertex 15.2952 46.2206 0
    endloop
  endfacet
  facet normal 0 0 -1
    outer loop
      vertex 13.9073 46.5925 0
      vertex 6.59748 44.5765 0
      vertex 6.64207 44.7179 0
    endloop
  endfacet
  facet normal 0 0 -1
    outer loop
      vertex 14.0249 46.5022 0
      vertex 6.54072 44.4394 0
      vertex 6.59748 44.5765 0
    endloop
  endfacet
  facet normal 0 0 -1
    outer loop
      vertex 14.15 46.4225 0
      vertex 6.47224 44.3079 0
      vertex 6.54072 44.4394 0
    endloop
  endfacet
  facet normal 0 0 -1
    outer loop
      vertex 14.2815 46.354 0
      vertex 6.39256 44.1828 0
      vertex 6.47224 44.3079 0
    endloop
  endfacet
  facet normal 0 0 -1
    outer loop
      vertex 14.4186 46.2973 0
      vertex 6.30227 44.0652 0
      vertex 6.39256 44.1828 0
    endloop
  endfacet
  facet normal 0 0 -1
    outer loop
      vertex 14.56 46.2527 0
      vertex 6.20208 43.9558 0
      vertex 6.30227 44.0652 0
    endloop
  endfacet
  facet normal 0 0 -1
    outer loop
      vertex 14.8518 46.2012 0
      vertex 1.58386 38.0023 0
      vertex 5.97508 43.7653 0
    endloop
  endfacet
  facet normal 0 0 -1
    outer loop
      vertex 14.7048 46.2206 0
      vertex 6.09274 43.8556 0
      vertex 6.20208 43.9558 0
    endloop
  endfacet
  facet normal 0 0 -1
    outer loop
      vertex 14.8518 46.2012 0
      vertex 5.97508 43.7653 0
      vertex 6.09274 43.8556 0
    endloop
  endfacet
  facet normal 0 0 -1
    outer loop
      vertex 5.97508 43.7653 0
      vertex 1.58386 38.0023 0
      vertex 5.85 43.6856 0
    endloop
  endfacet
  facet normal 0 0 -1
    outer loop
      vertex 5.85 43.6856 0
      vertex 1.58386 38.0023 0
      vertex 5.71845 43.6172 0
    endloop
  endfacet
  facet normal 0 0 -1
    outer loop
      vertex 5.71845 43.6172 0
      vertex 1.58386 38.0023 0
      vertex 5.58143 43.5604 0
    endloop
  endfacet
  facet normal 0 0 -1
    outer loop
      vertex 5.58143 43.5604 0
      vertex 1.58386 38.0023 0
      vertex 5.43999 43.5158 0
    endloop
  endfacet
  facet normal -0 0 -1
    outer loop
      vertex 3.32583 44.8627 0
      vertex 0 43.7895 0
      vertex 3.30647 45.0097 0
    endloop
  endfacet
  facet normal -0 0 -1
    outer loop
      vertex 3.35793 44.7179 0
      vertex 0 43.7895 0
      vertex 3.32583 44.8627 0
    endloop
  endfacet
  facet normal -0 0 -1
    outer loop
      vertex 3.40252 44.5765 0
      vertex 0 43.7895 0
      vertex 3.35793 44.7179 0
    endloop
  endfacet
  facet normal -0 0 -1
    outer loop
      vertex 3.45928 44.4394 0
      vertex 0 43.7895 0
      vertex 3.40252 44.5765 0
    endloop
  endfacet
  facet normal -0 0 -1
    outer loop
      vertex 3.52776 44.3079 0
      vertex 0 43.7895 0
      vertex 3.45928 44.4394 0
    endloop
  endfacet
  facet normal -0 0 -1
    outer loop
      vertex 3.60744 44.1828 0
      vertex 0 43.7895 0
      vertex 3.52776 44.3079 0
    endloop
  endfacet
  facet normal -0 0 -1
    outer loop
      vertex 3.69772 44.0652 0
      vertex 0 43.7895 0
      vertex 3.60744 44.1828 0
    endloop
  endfacet
  facet normal -0 0 -1
    outer loop
      vertex 3.79792 43.9558 0
      vertex 0 43.7895 0
      vertex 3.69772 44.0652 0
    endloop
  endfacet
  facet normal -0 0 -1
    outer loop
      vertex 3.90726 43.8556 0
      vertex 0 43.7895 0
      vertex 3.79792 43.9558 0
    endloop
  endfacet
  facet normal 0 0 -1
    outer loop
      vertex 0 43.7895 0
      vertex 3.90726 43.8556 0
      vertex 1.58386 38.0023 0
    endloop
  endfacet
  facet normal -0 0 -1
    outer loop
      vertex 4.02492 43.7653 0
      vertex 1.58386 38.0023 0
      vertex 3.90726 43.8556 0
    endloop
  endfacet
  facet normal -0 0 -1
    outer loop
      vertex 4.15 43.6856 0
      vertex 1.58386 38.0023 0
      vertex 4.02492 43.7653 0
    endloop
  endfacet
  facet normal -0 0 -1
    outer loop
      vertex 4.28155 43.6172 0
      vertex 1.58386 38.0023 0
      vertex 4.15 43.6856 0
    endloop
  endfacet
  facet normal -0 0 -1
    outer loop
      vertex 4.41857 43.5604 0
      vertex 1.58386 38.0023 0
      vertex 4.28155 43.6172 0
    endloop
  endfacet
  facet normal -0 0 -1
    outer loop
      vertex 4.56001 43.5158 0
      vertex 1.58386 38.0023 0
      vertex 4.41857 43.5604 0
    endloop
  endfacet
  facet normal -0 0 -1
    outer loop
      vertex 4.7048 43.4837 0
      vertex 1.58386 38.0023 0
      vertex 4.56001 43.5158 0
    endloop
  endfacet
  facet normal -0 0 -1
    outer loop
      vertex 4.85183 43.4644 0
      vertex 1.58386 38.0023 0
      vertex 4.7048 43.4837 0
    endloop
  endfacet
  facet normal -0 0 -1
    outer loop
      vertex 5 43.4579 0
      vertex 1.58386 38.0023 0
      vertex 4.85183 43.4644 0
    endloop
  endfacet
  facet normal 0 0 -1
    outer loop
      vertex 5.14816 43.4644 0
      vertex 1.58386 38.0023 0
      vertex 5 43.4579 0
    endloop
  endfacet
  facet normal 0 0 -1
    outer loop
      vertex 5.2952 43.4837 0
      vertex 1.58386 38.0023 0
      vertex 5.14816 43.4644 0
    endloop
  endfacet
  facet normal 0 0 -1
    outer loop
      vertex 5.43999 43.5158 0
      vertex 1.58386 38.0023 0
      vertex 5.2952 43.4837 0
    endloop
  endfacet
  facet normal 0 0 -1
    outer loop
      vertex 61.6935 -11.8518 0
      vertex 61.7 12 0
      vertex 61.7 -12 0
    endloop
  endfacet
  facet normal 0 0 -1
    outer loop
      vertex 61.6935 -11.8518 0
      vertex 61.6935 11.8518 0
      vertex 61.7 12 0
    endloop
  endfacet
  facet normal 0 0 -1
    outer loop
      vertex 61.6742 -11.7048 0
      vertex 61.6935 11.8518 0
      vertex 61.6935 -11.8518 0
    endloop
  endfacet
  facet normal 0 0 -1
    outer loop
      vertex 61.6742 -11.7048 0
      vertex 61.6742 11.7048 0
      vertex 61.6935 11.8518 0
    endloop
  endfacet
  facet normal 0 0 -1
    outer loop
      vertex 61.6421 -11.56 0
      vertex 61.6742 11.7048 0
      vertex 61.6742 -11.7048 0
    endloop
  endfacet
  facet normal 0 0 -1
    outer loop
      vertex 61.6421 -11.56 0
      vertex 61.6421 11.56 0
      vertex 61.6742 11.7048 0
    endloop
  endfacet
  facet normal 0 0 -1
    outer loop
      vertex 61.5975 -11.4186 0
      vertex 61.6421 11.56 0
      vertex 61.6421 -11.56 0
    endloop
  endfacet
  facet normal 0 0 -1
    outer loop
      vertex 61.5975 -11.4186 0
      vertex 61.5975 11.4186 0
      vertex 61.6421 11.56 0
    endloop
  endfacet
  facet normal 0 0 -1
    outer loop
      vertex 61.5407 -11.2815 0
      vertex 61.5975 11.4186 0
      vertex 61.5975 -11.4186 0
    endloop
  endfacet
  facet normal 0 0 -1
    outer loop
      vertex 61.5407 -11.2815 0
      vertex 61.5407 11.2815 0
      vertex 61.5975 11.4186 0
    endloop
  endfacet
  facet normal 0 0 -1
    outer loop
      vertex 61.4722 -11.15 0
      vertex 61.5407 11.2815 0
      vertex 61.5407 -11.2815 0
    endloop
  endfacet
  facet normal 0 0 -1
    outer loop
      vertex 61.4722 -11.15 0
      vertex 61.4722 11.15 0
      vertex 61.5407 11.2815 0
    endloop
  endfacet
  facet normal 0 0 -1
    outer loop
      vertex 61.3926 -11.0249 0
      vertex 61.4722 11.15 0
      vertex 61.4722 -11.15 0
    endloop
  endfacet
  facet normal 0 0 -1
    outer loop
      vertex 61.3926 -11.0249 0
      vertex 61.3926 11.0249 0
      vertex 61.4722 11.15 0
    endloop
  endfacet
  facet normal 0 0 -1
    outer loop
      vertex 61.3023 -10.9073 0
      vertex 61.3926 11.0249 0
      vertex 61.3926 -11.0249 0
    endloop
  endfacet
  facet normal 0 0 -1
    outer loop
      vertex 61.3023 -10.9073 0
      vertex 61.3023 10.9073 0
      vertex 61.3926 11.0249 0
    endloop
  endfacet
  facet normal 0 0 -1
    outer loop
      vertex 61.2021 -10.7979 0
      vertex 61.3023 10.9073 0
      vertex 61.3023 -10.9073 0
    endloop
  endfacet
  facet normal 0 0 -1
    outer loop
      vertex 61.2021 -10.7979 0
      vertex 61.2021 10.7979 0
      vertex 61.3023 10.9073 0
    endloop
  endfacet
  facet normal 0 0 -1
    outer loop
      vertex 61.0927 -10.6977 0
      vertex 61.2021 10.7979 0
      vertex 61.2021 -10.7979 0
    endloop
  endfacet
  facet normal 0 0 -1
    outer loop
      vertex 61.0927 -10.6977 0
      vertex 61.0927 10.6977 0
      vertex 61.2021 10.7979 0
    endloop
  endfacet
  facet normal 0 0 -1
    outer loop
      vertex 60.9751 -10.6074 0
      vertex 61.0927 10.6977 0
      vertex 61.0927 -10.6977 0
    endloop
  endfacet
  facet normal 0 0 -1
    outer loop
      vertex 60.9751 -10.6074 0
      vertex 60.9751 10.6074 0
      vertex 61.0927 10.6977 0
    endloop
  endfacet
  facet normal 0 0 -1
    outer loop
      vertex 60.85 -10.5278 0
      vertex 60.9751 10.6074 0
      vertex 60.9751 -10.6074 0
    endloop
  endfacet
  facet normal 0 0 -1
    outer loop
      vertex 60.85 -10.5278 0
      vertex 60.85 10.5278 0
      vertex 60.9751 10.6074 0
    endloop
  endfacet
  facet normal 0 0 -1
    outer loop
      vertex 60.7185 -10.4593 0
      vertex 60.85 10.5278 0
      vertex 60.85 -10.5278 0
    endloop
  endfacet
  facet normal 0 0 -1
    outer loop
      vertex 60.7185 -10.4593 0
      vertex 60.7185 10.4593 0
      vertex 60.85 10.5278 0
    endloop
  endfacet
  facet normal 0 0 -1
    outer loop
      vertex 60.5814 -10.4025 0
      vertex 60.7185 10.4593 0
      vertex 60.7185 -10.4593 0
    endloop
  endfacet
  facet normal 0 0 -1
    outer loop
      vertex 60.5814 -10.4025 0
      vertex 60.5814 10.4025 0
      vertex 60.7185 10.4593 0
    endloop
  endfacet
  facet normal 0 0 -1
    outer loop
      vertex 60.44 -10.3579 0
      vertex 60.5814 10.4025 0
      vertex 60.5814 -10.4025 0
    endloop
  endfacet
  facet normal 0 0 -1
    outer loop
      vertex 60.44 -10.3579 0
      vertex 60.44 10.3579 0
      vertex 60.5814 10.4025 0
    endloop
  endfacet
  facet normal 0 0 -1
    outer loop
      vertex 60.2952 -10.3258 0
      vertex 60.44 10.3579 0
      vertex 60.44 -10.3579 0
    endloop
  endfacet
  facet normal 0 0 -1
    outer loop
      vertex 60.2952 -10.3258 0
      vertex 60.2952 10.3258 0
      vertex 60.44 10.3579 0
    endloop
  endfacet
  facet normal 0 0 -1
    outer loop
      vertex 60.1482 -10.3065 0
      vertex 60.2952 10.3258 0
      vertex 60.2952 -10.3258 0
    endloop
  endfacet
  facet normal 0 0 -1
    outer loop
      vertex 60.1482 -10.3065 0
      vertex 60.1482 10.3065 0
      vertex 60.2952 10.3258 0
    endloop
  endfacet
  facet normal 0 0 -1
    outer loop
      vertex 60 -10.3 0
      vertex 60.1482 10.3065 0
      vertex 60.1482 -10.3065 0
    endloop
  endfacet
  facet normal 0 0 -1
    outer loop
      vertex 60 -10.3 0
      vertex 60 10.3 0
      vertex 60.1482 10.3065 0
    endloop
  endfacet
  facet normal 0 0 -1
    outer loop
      vertex 59.8518 -10.3065 0
      vertex 60 10.3 0
      vertex 60 -10.3 0
    endloop
  endfacet
  facet normal 0 0 -1
    outer loop
      vertex 59.8518 -10.3065 0
      vertex 59.8518 10.3065 0
      vertex 60 10.3 0
    endloop
  endfacet
  facet normal 0 0 -1
    outer loop
      vertex 59.7048 -10.3258 0
      vertex 59.8518 10.3065 0
      vertex 59.8518 -10.3065 0
    endloop
  endfacet
  facet normal 0 0 -1
    outer loop
      vertex 59.7048 -10.3258 0
      vertex 59.7048 10.3258 0
      vertex 59.8518 10.3065 0
    endloop
  endfacet
  facet normal 0 0 -1
    outer loop
      vertex 59.56 -10.3579 0
      vertex 59.7048 10.3258 0
      vertex 59.7048 -10.3258 0
    endloop
  endfacet
  facet normal 0 0 -1
    outer loop
      vertex 59.56 -10.3579 0
      vertex 59.56 10.3579 0
      vertex 59.7048 10.3258 0
    endloop
  endfacet
  facet normal 0 0 -1
    outer loop
      vertex 59.4186 -10.4025 0
      vertex 59.56 10.3579 0
      vertex 59.56 -10.3579 0
    endloop
  endfacet
  facet normal 0 0 -1
    outer loop
      vertex 59.4186 -10.4025 0
      vertex 59.4186 10.4025 0
      vertex 59.56 10.3579 0
    endloop
  endfacet
  facet normal 0 0 -1
    outer loop
      vertex 59.2815 -10.4593 0
      vertex 59.4186 10.4025 0
      vertex 59.4186 -10.4025 0
    endloop
  endfacet
  facet normal 0 0 -1
    outer loop
      vertex 59.2815 -10.4593 0
      vertex 59.2815 10.4593 0
      vertex 59.4186 10.4025 0
    endloop
  endfacet
  facet normal 0 0 -1
    outer loop
      vertex 59.15 -10.5278 0
      vertex 59.2815 10.4593 0
      vertex 59.2815 -10.4593 0
    endloop
  endfacet
  facet normal 0 0 -1
    outer loop
      vertex 59.15 -10.5278 0
      vertex 59.15 10.5278 0
      vertex 59.2815 10.4593 0
    endloop
  endfacet
  facet normal 0 0 -1
    outer loop
      vertex 59.0249 -10.6074 0
      vertex 59.15 10.5278 0
      vertex 59.15 -10.5278 0
    endloop
  endfacet
  facet normal 0 0 -1
    outer loop
      vertex 59.0249 -10.6074 0
      vertex 59.0249 10.6074 0
      vertex 59.15 10.5278 0
    endloop
  endfacet
  facet normal 0 0 -1
    outer loop
      vertex 58.9073 -10.6977 0
      vertex 59.0249 10.6074 0
      vertex 59.0249 -10.6074 0
    endloop
  endfacet
  facet normal 0 0 -1
    outer loop
      vertex 58.9073 -10.6977 0
      vertex 58.9073 10.6977 0
      vertex 59.0249 10.6074 0
    endloop
  endfacet
  facet normal 0 0 -1
    outer loop
      vertex 58.7979 -10.7979 0
      vertex 58.9073 10.6977 0
      vertex 58.9073 -10.6977 0
    endloop
  endfacet
  facet normal 0 0 -1
    outer loop
      vertex 58.7979 -10.7979 0
      vertex 58.7979 10.7979 0
      vertex 58.9073 10.6977 0
    endloop
  endfacet
  facet normal 0 0 -1
    outer loop
      vertex 58.6977 -10.9073 0
      vertex 58.7979 10.7979 0
      vertex 58.7979 -10.7979 0
    endloop
  endfacet
  facet normal 0 0 -1
    outer loop
      vertex 58.6977 -10.9073 0
      vertex 58.6977 10.9073 0
      vertex 58.7979 10.7979 0
    endloop
  endfacet
  facet normal 0 0 -1
    outer loop
      vertex 58.6074 -11.0249 0
      vertex 58.6977 10.9073 0
      vertex 58.6977 -10.9073 0
    endloop
  endfacet
  facet normal 0 0 -1
    outer loop
      vertex 58.6074 -11.0249 0
      vertex 58.6074 11.0249 0
      vertex 58.6977 10.9073 0
    endloop
  endfacet
  facet normal 0 0 -1
    outer loop
      vertex 58.5278 -11.15 0
      vertex 58.6074 11.0249 0
      vertex 58.6074 -11.0249 0
    endloop
  endfacet
  facet normal 0 0 -1
    outer loop
      vertex 58.5278 -11.15 0
      vertex 58.5278 11.15 0
      vertex 58.6074 11.0249 0
    endloop
  endfacet
  facet normal 0 0 -1
    outer loop
      vertex 58.4593 -11.2815 0
      vertex 58.5278 11.15 0
      vertex 58.5278 -11.15 0
    endloop
  endfacet
  facet normal 0 0 -1
    outer loop
      vertex 58.4593 -11.2815 0
      vertex 58.4593 11.2815 0
      vertex 58.5278 11.15 0
    endloop
  endfacet
  facet normal 0 0 -1
    outer loop
      vertex 58.4025 -11.4186 0
      vertex 58.4593 11.2815 0
      vertex 58.4593 -11.2815 0
    endloop
  endfacet
  facet normal 0 0 -1
    outer loop
      vertex 58.4025 -11.4186 0
      vertex 58.4025 11.4186 0
      vertex 58.4593 11.2815 0
    endloop
  endfacet
  facet normal 0 0 -1
    outer loop
      vertex 58.3579 -11.56 0
      vertex 58.4025 11.4186 0
      vertex 58.4025 -11.4186 0
    endloop
  endfacet
  facet normal 0 0 -1
    outer loop
      vertex 58.3579 -11.56 0
      vertex 58.3579 11.56 0
      vertex 58.4025 11.4186 0
    endloop
  endfacet
  facet normal 0 0 -1
    outer loop
      vertex 58.3258 -11.7048 0
      vertex 58.3579 11.56 0
      vertex 58.3579 -11.56 0
    endloop
  endfacet
  facet normal 0 0 -1
    outer loop
      vertex 58.3258 -11.7048 0
      vertex 58.3258 11.7048 0
      vertex 58.3579 11.56 0
    endloop
  endfacet
  facet normal 0 0 -1
    outer loop
      vertex 58.3065 -11.8518 0
      vertex 58.3258 11.7048 0
      vertex 58.3258 -11.7048 0
    endloop
  endfacet
  facet normal 0 0 -1
    outer loop
      vertex 58.3065 -11.8518 0
      vertex 58.3065 11.8518 0
      vertex 58.3258 11.7048 0
    endloop
  endfacet
  facet normal 0 0 -1
    outer loop
      vertex 58.3 -12 0
      vertex 58.3065 11.8518 0
      vertex 58.3065 -11.8518 0
    endloop
  endfacet
  facet normal -0 0 -1
    outer loop
      vertex 58.3065 11.8518 0
      vertex 58.3 -12 0
      vertex 58.3 12 0
    endloop
  endfacet
  facet normal 0 0 -1
    outer loop
      vertex 199.541 -98.6974 0
      vertex 214 -96.1372 0
      vertex 214 -108.579 0
    endloop
  endfacet
  facet normal 0 0 -1
    outer loop
      vertex 214 -96.1372 0
      vertex 199.694 -98.1271 0
      vertex 199.7 -97.9789 0
    endloop
  endfacet
  facet normal 0 0 -1
    outer loop
      vertex 214 -96.1372 0
      vertex 199.674 -98.2741 0
      vertex 199.694 -98.1271 0
    endloop
  endfacet
  facet normal 0 0 -1
    outer loop
      vertex 214 -96.1372 0
      vertex 199.642 -98.4189 0
      vertex 199.674 -98.2741 0
    endloop
  endfacet
  facet normal 0 0 -1
    outer loop
      vertex 214 -96.1372 0
      vertex 199.597 -98.5604 0
      vertex 199.642 -98.4189 0
    endloop
  endfacet
  facet normal 0 0 -1
    outer loop
      vertex 214 -96.1372 0
      vertex 199.541 -98.6974 0
      vertex 199.597 -98.5604 0
    endloop
  endfacet
  facet normal 0 0 -1
    outer loop
      vertex 214 -108.579 0
      vertex 199.472 -98.8289 0
      vertex 199.541 -98.6974 0
    endloop
  endfacet
  facet normal 0 0 -1
    outer loop
      vertex 214 -108.579 0
      vertex 199.393 -98.954 0
      vertex 199.472 -98.8289 0
    endloop
  endfacet
  facet normal 0 0 -1
    outer loop
      vertex 214 -108.579 0
      vertex 199.302 -99.0717 0
      vertex 199.393 -98.954 0
    endloop
  endfacet
  facet normal 0 0 -1
    outer loop
      vertex 214 -108.579 0
      vertex 199.202 -99.181 0
      vertex 199.302 -99.0717 0
    endloop
  endfacet
  facet normal 0 0 -1
    outer loop
      vertex 214 -108.579 0
      vertex 199.093 -99.2812 0
      vertex 199.202 -99.181 0
    endloop
  endfacet
  facet normal 0 0 -1
    outer loop
      vertex 214 -108.579 0
      vertex 198.975 -99.3715 0
      vertex 199.093 -99.2812 0
    endloop
  endfacet
  facet normal 0 0 -1
    outer loop
      vertex 214 -108.579 0
      vertex 198.85 -99.4512 0
      vertex 198.975 -99.3715 0
    endloop
  endfacet
  facet normal 0 0 -1
    outer loop
      vertex 214 -108.579 0
      vertex 198.718 -99.5197 0
      vertex 198.85 -99.4512 0
    endloop
  endfacet
  facet normal 0 0 -1
    outer loop
      vertex 214 -108.579 0
      vertex 198.581 -99.5764 0
      vertex 198.718 -99.5197 0
    endloop
  endfacet
  facet normal 0 0 -1
    outer loop
      vertex 214 -108.579 0
      vertex 198.44 -99.621 0
      vertex 198.581 -99.5764 0
    endloop
  endfacet
  facet normal 0 0 -1
    outer loop
      vertex 214 -108.579 0
      vertex 198.295 -99.6531 0
      vertex 198.44 -99.621 0
    endloop
  endfacet
  facet normal 0 0 -1
    outer loop
      vertex 214 -108.579 0
      vertex 198.148 -99.6725 0
      vertex 198.295 -99.6531 0
    endloop
  endfacet
  facet normal 0 0 -1
    outer loop
      vertex 214 -108.579 0
      vertex 198 -99.6789 0
      vertex 198.148 -99.6725 0
    endloop
  endfacet
  facet normal 0 0 -1
    outer loop
      vertex 214 -108.579 0
      vertex 197.852 -99.6725 0
      vertex 198 -99.6789 0
    endloop
  endfacet
  facet normal 0 0 -1
    outer loop
      vertex 214 -108.579 0
      vertex 197.705 -99.6531 0
      vertex 197.852 -99.6725 0
    endloop
  endfacet
  facet normal 0 0 -1
    outer loop
      vertex 214 -108.579 0
      vertex 197.56 -99.621 0
      vertex 197.705 -99.6531 0
    endloop
  endfacet
  facet normal 0 0 -1
    outer loop
      vertex 214 -108.579 0
      vertex 197.419 -99.5764 0
      vertex 197.56 -99.621 0
    endloop
  endfacet
  facet normal 0 0 -1
    outer loop
      vertex 214 -108.579 0
      vertex 197.282 -99.5197 0
      vertex 197.419 -99.5764 0
    endloop
  endfacet
  facet normal 0 0 -1
    outer loop
      vertex 214 -108.579 0
      vertex 197.15 -99.4512 0
      vertex 197.282 -99.5197 0
    endloop
  endfacet
  facet normal 0 0 -1
    outer loop
      vertex 196.306 -98.1271 0
      vertex 66 -55.632 0
      vertex 196.3 -97.9789 0
    endloop
  endfacet
  facet normal 0 0 -1
    outer loop
      vertex 196.326 -98.2741 0
      vertex 66 -55.632 0
      vertex 196.306 -98.1271 0
    endloop
  endfacet
  facet normal 0 0 -1
    outer loop
      vertex 196.358 -98.4189 0
      vertex 66 -55.632 0
      vertex 196.326 -98.2741 0
    endloop
  endfacet
  facet normal 0 0 -1
    outer loop
      vertex 196.403 -98.5604 0
      vertex 66 -55.632 0
      vertex 196.358 -98.4189 0
    endloop
  endfacet
  facet normal 0 0 -1
    outer loop
      vertex 196.459 -98.6974 0
      vertex 66 -55.632 0
      vertex 196.403 -98.5604 0
    endloop
  endfacet
  facet normal 0 0 -1
    outer loop
      vertex 196.528 -98.8289 0
      vertex 66 -55.632 0
      vertex 196.459 -98.6974 0
    endloop
  endfacet
  facet normal 0 0 -1
    outer loop
      vertex 196.607 -98.954 0
      vertex 66 -55.632 0
      vertex 196.528 -98.8289 0
    endloop
  endfacet
  facet normal 0 0 -1
    outer loop
      vertex 196.698 -99.0717 0
      vertex 66 -55.632 0
      vertex 196.607 -98.954 0
    endloop
  endfacet
  facet normal 0 0 -1
    outer loop
      vertex 196.798 -99.181 0
      vertex 66 -55.632 0
      vertex 196.698 -99.0717 0
    endloop
  endfacet
  facet normal 0 0 -1
    outer loop
      vertex 196.907 -99.2812 0
      vertex 66 -55.632 0
      vertex 196.798 -99.181 0
    endloop
  endfacet
  facet normal 0 0 -1
    outer loop
      vertex 197.025 -99.3715 0
      vertex 66 -55.632 0
      vertex 196.907 -99.2812 0
    endloop
  endfacet
  facet normal 0 0 -1
    outer loop
      vertex 197.15 -99.4512 0
      vertex 66 -55.632 0
      vertex 197.025 -99.3715 0
    endloop
  endfacet
  facet normal 0 0 -1
    outer loop
      vertex 214 -108.579 0
      vertex 66 -55.632 0
      vertex 197.15 -99.4512 0
    endloop
  endfacet
  facet normal 0 0 -1
    outer loop
      vertex 66 -55.632 0
      vertex 61.7 -12 0
      vertex 66 55.632 0
    endloop
  endfacet
  facet normal 0 0 -1
    outer loop
      vertex 66 -55.632 0
      vertex 61.6935 -12.1482 0
      vertex 61.7 -12 0
    endloop
  endfacet
  facet normal 0 0 -1
    outer loop
      vertex 66 -55.632 0
      vertex 61.6742 -12.2952 0
      vertex 61.6935 -12.1482 0
    endloop
  endfacet
  facet normal 0 0 -1
    outer loop
      vertex 66 -55.632 0
      vertex 61.6421 -12.44 0
      vertex 61.6742 -12.2952 0
    endloop
  endfacet
  facet normal 0 0 -1
    outer loop
      vertex 66 -55.632 0
      vertex 61.5975 -12.5814 0
      vertex 61.6421 -12.44 0
    endloop
  endfacet
  facet normal 0 0 -1
    outer loop
      vertex 66 -55.632 0
      vertex 61.5407 -12.7185 0
      vertex 61.5975 -12.5814 0
    endloop
  endfacet
  facet normal 0 0 -1
    outer loop
      vertex 66 -55.632 0
      vertex 61.4722 -12.85 0
      vertex 61.5407 -12.7185 0
    endloop
  endfacet
  facet normal 0 0 -1
    outer loop
      vertex 66 -55.632 0
      vertex 61.3926 -12.9751 0
      vertex 61.4722 -12.85 0
    endloop
  endfacet
  facet normal 0 0 -1
    outer loop
      vertex 66 -55.632 0
      vertex 61.3023 -13.0927 0
      vertex 61.3926 -12.9751 0
    endloop
  endfacet
  facet normal 0 0 -1
    outer loop
      vertex 66 -55.632 0
      vertex 61.2021 -13.2021 0
      vertex 61.3023 -13.0927 0
    endloop
  endfacet
  facet normal 0 0 -1
    outer loop
      vertex 66 -55.632 0
      vertex 61.0927 -13.3023 0
      vertex 61.2021 -13.2021 0
    endloop
  endfacet
  facet normal 0 0 -1
    outer loop
      vertex 66 -55.632 0
      vertex 60.9751 -13.3926 0
      vertex 61.0927 -13.3023 0
    endloop
  endfacet
  facet normal 0 0 -1
    outer loop
      vertex 66 -55.632 0
      vertex 60.85 -13.4722 0
      vertex 60.9751 -13.3926 0
    endloop
  endfacet
  facet normal 0 0 -1
    outer loop
      vertex 66 -55.632 0
      vertex 60.7185 -13.5407 0
      vertex 60.85 -13.4722 0
    endloop
  endfacet
  facet normal 0 0 -1
    outer loop
      vertex 66 -55.632 0
      vertex 60.5814 -13.5975 0
      vertex 60.7185 -13.5407 0
    endloop
  endfacet
  facet normal 0 0 -1
    outer loop
      vertex 66 -55.632 0
      vertex 60.44 -13.6421 0
      vertex 60.5814 -13.5975 0
    endloop
  endfacet
  facet normal 0 0 -1
    outer loop
      vertex 54 -52.3478 0
      vertex 60.44 -13.6421 0
      vertex 66 -55.632 0
    endloop
  endfacet
  facet normal 0 0 -1
    outer loop
      vertex 60.44 -13.6421 0
      vertex 54 -52.3478 0
      vertex 60.2952 -13.6742 0
    endloop
  endfacet
  facet normal 0 0 -1
    outer loop
      vertex 60.2952 -13.6742 0
      vertex 54 -52.3478 0
      vertex 60.1482 -13.6935 0
    endloop
  endfacet
  facet normal 0 0 -1
    outer loop
      vertex 60.1482 -13.6935 0
      vertex 54 -52.3478 0
      vertex 60 -13.7 0
    endloop
  endfacet
  facet normal -0 0 -1
    outer loop
      vertex 60 -13.7 0
      vertex 54 -52.3478 0
      vertex 59.8518 -13.6935 0
    endloop
  endfacet
  facet normal -0 0 -1
    outer loop
      vertex 59.8518 -13.6935 0
      vertex 54 -52.3478 0
      vertex 59.7048 -13.6742 0
    endloop
  endfacet
  facet normal -0 0 -1
    outer loop
      vertex 59.7048 -13.6742 0
      vertex 54 -52.3478 0
      vertex 59.56 -13.6421 0
    endloop
  endfacet
  facet normal -0 0 -1
    outer loop
      vertex 59.56 -13.6421 0
      vertex 54 -52.3478 0
      vertex 59.4186 -13.5975 0
    endloop
  endfacet
  facet normal -0 0 -1
    outer loop
      vertex 59.4186 -13.5975 0
      vertex 54 -52.3478 0
      vertex 59.2815 -13.5407 0
    endloop
  endfacet
  facet normal -0 0 -1
    outer loop
      vertex 59.2815 -13.5407 0
      vertex 54 -52.3478 0
      vertex 59.15 -13.4722 0
    endloop
  endfacet
  facet normal -0 0 -1
    outer loop
      vertex 59.15 -13.4722 0
      vertex 54 -52.3478 0
      vertex 59.0249 -13.3926 0
    endloop
  endfacet
  facet normal -0 0 -1
    outer loop
      vertex 59.0249 -13.3926 0
      vertex 54 -52.3478 0
      vertex 58.9073 -13.3023 0
    endloop
  endfacet
  facet normal -0 0 -1
    outer loop
      vertex 58.9073 -13.3023 0
      vertex 54 -52.3478 0
      vertex 58.7979 -13.2021 0
    endloop
  endfacet
  facet normal -0 0 -1
    outer loop
      vertex 58.7979 -13.2021 0
      vertex 54 -52.3478 0
      vertex 58.6977 -13.0927 0
    endloop
  endfacet
  facet normal -0 0 -1
    outer loop
      vertex 58.6977 -13.0927 0
      vertex 54 -52.3478 0
      vertex 58.6074 -12.9751 0
    endloop
  endfacet
  facet normal -0 0 -1
    outer loop
      vertex 58.6074 -12.9751 0
      vertex 54 -52.3478 0
      vertex 58.5278 -12.85 0
    endloop
  endfacet
  facet normal -0 0 -1
    outer loop
      vertex 58.5278 -12.85 0
      vertex 54 -52.3478 0
      vertex 58.4593 -12.7185 0
    endloop
  endfacet
  facet normal -0 0 -1
    outer loop
      vertex 58.4593 -12.7185 0
      vertex 54 -52.3478 0
      vertex 58.4025 -12.5814 0
    endloop
  endfacet
  facet normal -0 0 -1
    outer loop
      vertex 58.4025 -12.5814 0
      vertex 54 -52.3478 0
      vertex 58.3579 -12.44 0
    endloop
  endfacet
  facet normal -0 0 -1
    outer loop
      vertex 58.3 -12 0
      vertex 54 -52.3478 0
      vertex 58.3 12 0
    endloop
  endfacet
  facet normal -0 0 -1
    outer loop
      vertex 58.3065 -12.1482 0
      vertex 54 -52.3478 0
      vertex 58.3 -12 0
    endloop
  endfacet
  facet normal -0 0 -1
    outer loop
      vertex 58.3258 -12.2952 0
      vertex 54 -52.3478 0
      vertex 58.3065 -12.1482 0
    endloop
  endfacet
  facet normal -0 0 -1
    outer loop
      vertex 58.3579 -12.44 0
      vertex 54 -52.3478 0
      vertex 58.3258 -12.2952 0
    endloop
  endfacet
  facet normal 0 0 -1
    outer loop
      vertex 0 -50.0101 0
      vertex 66 -55.632 0
      vertex 214 -108.579 0
    endloop
  endfacet
  facet normal 0 -0 -1
    outer loop
      vertex 15 -49.5947 0
      vertex 66 -55.632 0
      vertex 0 -50.0101 0
    endloop
  endfacet
  facet normal 0 0 -1
    outer loop
      vertex 54 -52.3478 0
      vertex 16.6935 -48.0429 0
      vertex 16.7 -47.8947 0
    endloop
  endfacet
  facet normal 0 0 -1
    outer loop
      vertex 54 -52.3478 0
      vertex 16.6742 -48.1899 0
      vertex 16.6935 -48.0429 0
    endloop
  endfacet
  facet normal 0 0 -1
    outer loop
      vertex 54 -52.3478 0
      vertex 16.6421 -48.3347 0
      vertex 16.6742 -48.1899 0
    endloop
  endfacet
  facet normal 0 0 -1
    outer loop
      vertex 54 -52.3478 0
      vertex 16.5975 -48.4762 0
      vertex 16.6421 -48.3347 0
    endloop
  endfacet
  facet normal 0 0 -1
    outer loop
      vertex 54 -52.3478 0
      vertex 16.5407 -48.6132 0
      vertex 16.5975 -48.4762 0
    endloop
  endfacet
  facet normal 0 0 -1
    outer loop
      vertex 54 -52.3478 0
      vertex 16.4722 -48.7447 0
      vertex 16.5407 -48.6132 0
    endloop
  endfacet
  facet normal 0 0 -1
    outer loop
      vertex 54 -52.3478 0
      vertex 16.3926 -48.8698 0
      vertex 16.4722 -48.7447 0
    endloop
  endfacet
  facet normal 0 0 -1
    outer loop
      vertex 54 -52.3478 0
      vertex 16.3023 -48.9875 0
      vertex 16.3926 -48.8698 0
    endloop
  endfacet
  facet normal 0 0 -1
    outer loop
      vertex 54 -52.3478 0
      vertex 16.2021 -49.0968 0
      vertex 16.3023 -48.9875 0
    endloop
  endfacet
  facet normal 0 0 -1
    outer loop
      vertex 54 -52.3478 0
      vertex 16.0927 -49.197 0
      vertex 16.2021 -49.0968 0
    endloop
  endfacet
  facet normal 0 0 -1
    outer loop
      vertex 54 -52.3478 0
      vertex 15.9751 -49.2873 0
      vertex 16.0927 -49.197 0
    endloop
  endfacet
  facet normal 0 0 -1
    outer loop
      vertex 54 -52.3478 0
      vertex 15.85 -49.367 0
      vertex 15.9751 -49.2873 0
    endloop
  endfacet
  facet normal 0 0 -1
    outer loop
      vertex 54 -52.3478 0
      vertex 15.7185 -49.4355 0
      vertex 15.85 -49.367 0
    endloop
  endfacet
  facet normal 0 0 -1
    outer loop
      vertex 54 -52.3478 0
      vertex 15.5814 -49.4922 0
      vertex 15.7185 -49.4355 0
    endloop
  endfacet
  facet normal 0 0 -1
    outer loop
      vertex 54 -52.3478 0
      vertex 15.44 -49.5368 0
      vertex 15.5814 -49.4922 0
    endloop
  endfacet
  facet normal 0 0 -1
    outer loop
      vertex 54 -52.3478 0
      vertex 15.2952 -49.5689 0
      vertex 15.44 -49.5368 0
    endloop
  endfacet
  facet normal 0 0 -1
    outer loop
      vertex 54 -52.3478 0
      vertex 15.1482 -49.5883 0
      vertex 15.2952 -49.5689 0
    endloop
  endfacet
  facet normal 0 0 -1
    outer loop
      vertex 66 -55.632 0
      vertex 15.1482 -49.5883 0
      vertex 54 -52.3478 0
    endloop
  endfacet
  facet normal 0 -0 -1
    outer loop
      vertex 15.1482 -49.5883 0
      vertex 66 -55.632 0
      vertex 15 -49.5947 0
    endloop
  endfacet
  facet normal -0 0 -1
    outer loop
      vertex 15 -49.5947 0
      vertex 0 -50.0101 0
      vertex 14.8518 -49.5883 0
    endloop
  endfacet
  facet normal -0 0 -1
    outer loop
      vertex 14.8518 -49.5883 0
      vertex 0 -50.0101 0
      vertex 14.7048 -49.5689 0
    endloop
  endfacet
  facet normal 0 0 -1
    outer loop
      vertex 6.39256 -46.133 0
      vertex 13.3 -47.8947 0
      vertex 13.3065 -48.0429 0
    endloop
  endfacet
  facet normal 0 0 -1
    outer loop
      vertex 6.30227 -46.2506 0
      vertex 13.3065 -48.0429 0
      vertex 13.3258 -48.1899 0
    endloop
  endfacet
  facet normal 0 0 -1
    outer loop
      vertex 6.20208 -46.36 0
      vertex 13.3258 -48.1899 0
      vertex 13.3579 -48.3347 0
    endloop
  endfacet
  facet normal 0 0 -1
    outer loop
      vertex 6.09274 -46.4602 0
      vertex 13.3579 -48.3347 0
      vertex 13.4025 -48.4762 0
    endloop
  endfacet
  facet normal 0 0 -1
    outer loop
      vertex 5.97508 -46.5505 0
      vertex 13.4025 -48.4762 0
      vertex 13.4593 -48.6132 0
    endloop
  endfacet
  facet normal 0 0 -1
    outer loop
      vertex 5.85 -46.6301 0
      vertex 13.4593 -48.6132 0
      vertex 13.5278 -48.7447 0
    endloop
  endfacet
  facet normal 0 0 -1
    outer loop
      vertex 5.71845 -46.6986 0
      vertex 13.5278 -48.7447 0
      vertex 13.6074 -48.8698 0
    endloop
  endfacet
  facet normal 0 0 -1
    outer loop
      vertex 5.58143 -46.7554 0
      vertex 13.6074 -48.8698 0
      vertex 13.6977 -48.9875 0
    endloop
  endfacet
  facet normal 0 0 -1
    outer loop
      vertex 5.43999 -46.8 0
      vertex 13.6977 -48.9875 0
      vertex 13.7979 -49.0968 0
    endloop
  endfacet
  facet normal 0 0 -1
    outer loop
      vertex 5.2952 -46.8321 0
      vertex 13.7979 -49.0968 0
      vertex 13.9073 -49.197 0
    endloop
  endfacet
  facet normal 0 0 -1
    outer loop
      vertex 0 -50.0101 0
      vertex 13.9073 -49.197 0
      vertex 14.0249 -49.2873 0
    endloop
  endfacet
  facet normal 0 0 -1
    outer loop
      vertex 0 -50.0101 0
      vertex 14.0249 -49.2873 0
      vertex 14.15 -49.367 0
    endloop
  endfacet
  facet normal 0 0 -1
    outer loop
      vertex 13.3 -47.8947 0
      vertex 6.69353 -45.3061 0
      vertex 6.7 -45.1579 0
    endloop
  endfacet
  facet normal 0 0 -1
    outer loop
      vertex 13.3 -47.8947 0
      vertex 6.67417 -45.4531 0
      vertex 6.69353 -45.3061 0
    endloop
  endfacet
  facet normal 0 0 -1
    outer loop
      vertex 13.3 -47.8947 0
      vertex 6.64207 -45.5979 0
      vertex 6.67417 -45.4531 0
    endloop
  endfacet
  facet normal 0 0 -1
    outer loop
      vertex 0 -50.0101 0
      vertex 14.15 -49.367 0
      vertex 14.2815 -49.4355 0
    endloop
  endfacet
  facet normal 0 0 -1
    outer loop
      vertex 13.3 -47.8947 0
      vertex 6.59748 -45.7393 0
      vertex 6.64207 -45.5979 0
    endloop
  endfacet
  facet normal 0 0 -1
    outer loop
      vertex 13.3 -47.8947 0
      vertex 6.54072 -45.8763 0
      vertex 6.59748 -45.7393 0
    endloop
  endfacet
  facet normal 0 0 -1
    outer loop
      vertex 13.3 -47.8947 0
      vertex 6.47224 -46.0079 0
      vertex 6.54072 -45.8763 0
    endloop
  endfacet
  facet normal 0 0 -1
    outer loop
      vertex 13.3 -47.8947 0
      vertex 6.39256 -46.133 0
      vertex 6.47224 -46.0079 0
    endloop
  endfacet
  facet normal 0 0 -1
    outer loop
      vertex 13.3065 -48.0429 0
      vertex 6.30227 -46.2506 0
      vertex 6.39256 -46.133 0
    endloop
  endfacet
  facet normal 0 0 -1
    outer loop
      vertex 0 -50.0101 0
      vertex 14.2815 -49.4355 0
      vertex 14.4186 -49.4922 0
    endloop
  endfacet
  facet normal 0 0 -1
    outer loop
      vertex 13.3258 -48.1899 0
      vertex 6.20208 -46.36 0
      vertex 6.30227 -46.2506 0
    endloop
  endfacet
  facet normal 0 0 -1
    outer loop
      vertex 13.3579 -48.3347 0
      vertex 6.09274 -46.4602 0
      vertex 6.20208 -46.36 0
    endloop
  endfacet
  facet normal 0 0 -1
    outer loop
      vertex 13.4025 -48.4762 0
      vertex 5.97508 -46.5505 0
      vertex 6.09274 -46.4602 0
    endloop
  endfacet
  facet normal 0 0 -1
    outer loop
      vertex 13.4593 -48.6132 0
      vertex 5.85 -46.6301 0
      vertex 5.97508 -46.5505 0
    endloop
  endfacet
  facet normal 0 0 -1
    outer loop
      vertex 13.5278 -48.7447 0
      vertex 5.71845 -46.6986 0
      vertex 5.85 -46.6301 0
    endloop
  endfacet
  facet normal 0 0 -1
    outer loop
      vertex 13.6074 -48.8698 0
      vertex 5.58143 -46.7554 0
      vertex 5.71845 -46.6986 0
    endloop
  endfacet
  facet normal 0 0 -1
    outer loop
      vertex 0 -50.0101 0
      vertex 14.4186 -49.4922 0
      vertex 14.56 -49.5368 0
    endloop
  endfacet
  facet normal 0 0 -1
    outer loop
      vertex 13.6977 -48.9875 0
      vertex 5.43999 -46.8 0
      vertex 5.58143 -46.7554 0
    endloop
  endfacet
  facet normal 0 0 -1
    outer loop
      vertex 13.7979 -49.0968 0
      vertex 5.2952 -46.8321 0
      vertex 5.43999 -46.8 0
    endloop
  endfacet
  facet normal -0 0 -1
    outer loop
      vertex 14.7048 -49.5689 0
      vertex 0 -50.0101 0
      vertex 14.56 -49.5368 0
    endloop
  endfacet
  facet normal -0 0 -1
    outer loop
      vertex 13.9073 -49.197 0
      vertex 0 -50.0101 0
      vertex 5.2952 -46.8321 0
    endloop
  endfacet
  facet normal 0 0 -1
    outer loop
      vertex 5.2952 -46.8321 0
      vertex 0 -50.0101 0
      vertex 5.14816 -46.8514 0
    endloop
  endfacet
  facet normal 0 0 -1
    outer loop
      vertex 5.14816 -46.8514 0
      vertex 0 -50.0101 0
      vertex 5 -46.8579 0
    endloop
  endfacet
  facet normal -0 0 -1
    outer loop
      vertex 5 -46.8579 0
      vertex 0 -50.0101 0
      vertex 4.85183 -46.8514 0
    endloop
  endfacet
  facet normal -0 0 -1
    outer loop
      vertex 4.85183 -46.8514 0
      vertex 0 -50.0101 0
      vertex 4.7048 -46.8321 0
    endloop
  endfacet
  facet normal 0 0 -1
    outer loop
      vertex 0 -43.7895 0
      vertex 3.3 -45.1579 0
      vertex 3.30647 -45.3061 0
    endloop
  endfacet
  facet normal 0 0 -1
    outer loop
      vertex 0 -43.7895 0
      vertex 3.30647 -45.3061 0
      vertex 3.32583 -45.4531 0
    endloop
  endfacet
  facet normal 0 0 -1
    outer loop
      vertex 0 -43.7895 0
      vertex 3.32583 -45.4531 0
      vertex 3.35793 -45.5979 0
    endloop
  endfacet
  facet normal -0 0 -1
    outer loop
      vertex 4.7048 -46.8321 0
      vertex 0 -50.0101 0
      vertex 4.56001 -46.8 0
    endloop
  endfacet
  facet normal 0 0 -1
    outer loop
      vertex 0 -50.0101 0
      vertex 4.41857 -46.7554 0
      vertex 4.56001 -46.8 0
    endloop
  endfacet
  facet normal 0 0 -1
    outer loop
      vertex 0 -50.0101 0
      vertex 4.28155 -46.6986 0
      vertex 4.41857 -46.7554 0
    endloop
  endfacet
  facet normal 0 0 -1
    outer loop
      vertex 0 -50.0101 0
      vertex 4.15 -46.6301 0
      vertex 4.28155 -46.6986 0
    endloop
  endfacet
  facet normal 0 0 -1
    outer loop
      vertex 0 -50.0101 0
      vertex 4.02492 -46.5505 0
      vertex 4.15 -46.6301 0
    endloop
  endfacet
  facet normal 0 0 -1
    outer loop
      vertex 0 -50.0101 0
      vertex 3.90726 -46.4602 0
      vertex 4.02492 -46.5505 0
    endloop
  endfacet
  facet normal 0 0 -1
    outer loop
      vertex 0 -50.0101 0
      vertex 3.79792 -46.36 0
      vertex 3.90726 -46.4602 0
    endloop
  endfacet
  facet normal 0 0 -1
    outer loop
      vertex 0 -50.0101 0
      vertex 3.69772 -46.2506 0
      vertex 3.79792 -46.36 0
    endloop
  endfacet
  facet normal 0 0 -1
    outer loop
      vertex 0 -50.0101 0
      vertex 3.60744 -46.133 0
      vertex 3.69772 -46.2506 0
    endloop
  endfacet
  facet normal 0 0 -1
    outer loop
      vertex 0 -50.0101 0
      vertex 3.52776 -46.0079 0
      vertex 3.60744 -46.133 0
    endloop
  endfacet
  facet normal 0 0 -1
    outer loop
      vertex 0 -50.0101 0
      vertex 3.45928 -45.8763 0
      vertex 3.52776 -46.0079 0
    endloop
  endfacet
  facet normal 0 0 -1
    outer loop
      vertex 0 -50.0101 0
      vertex 3.40252 -45.7393 0
      vertex 3.45928 -45.8763 0
    endloop
  endfacet
  facet normal 0 0 -1
    outer loop
      vertex 0 -43.7895 0
      vertex 3.40252 -45.7393 0
      vertex 0 -50.0101 0
    endloop
  endfacet
  facet normal 0 0 -1
    outer loop
      vertex 3.40252 -45.7393 0
      vertex 0 -43.7895 0
      vertex 3.35793 -45.5979 0
    endloop
  endfacet
  facet normal 0 0 -1
    outer loop
      vertex 3.3 -45.1579 0
      vertex 0 -43.7895 0
      vertex 1.58386 -38.0023 0
    endloop
  endfacet
  facet normal 0 0 -1
    outer loop
      vertex 199.694 -97.8308 0
      vertex 214 -96.1372 0
      vertex 199.7 -97.9789 0
    endloop
  endfacet
  facet normal 0 0 -1
    outer loop
      vertex 199.674 -97.6837 0
      vertex 214 -96.1372 0
      vertex 199.694 -97.8308 0
    endloop
  endfacet
  facet normal 0 0 -1
    outer loop
      vertex 199.642 -97.539 0
      vertex 214 -96.1372 0
      vertex 199.674 -97.6837 0
    endloop
  endfacet
  facet normal 0 0 -1
    outer loop
      vertex 199.597 -97.3975 0
      vertex 214 -96.1372 0
      vertex 199.642 -97.539 0
    endloop
  endfacet
  facet normal 0 0 -1
    outer loop
      vertex 199.541 -97.2605 0
      vertex 214 -96.1372 0
      vertex 199.597 -97.3975 0
    endloop
  endfacet
  facet normal 0 0 -1
    outer loop
      vertex 199.472 -97.1289 0
      vertex 214 -96.1372 0
      vertex 199.541 -97.2605 0
    endloop
  endfacet
  facet normal 0 0 -1
    outer loop
      vertex 199.393 -97.0039 0
      vertex 214 -96.1372 0
      vertex 199.472 -97.1289 0
    endloop
  endfacet
  facet normal 0 0 -1
    outer loop
      vertex 199.302 -96.8862 0
      vertex 214 -96.1372 0
      vertex 199.393 -97.0039 0
    endloop
  endfacet
  facet normal 0 0 -1
    outer loop
      vertex 199.202 -96.7769 0
      vertex 214 -96.1372 0
      vertex 199.302 -96.8862 0
    endloop
  endfacet
  facet normal 0 0 -1
    outer loop
      vertex 199.093 -96.6767 0
      vertex 214 -96.1372 0
      vertex 199.202 -96.7769 0
    endloop
  endfacet
  facet normal 0 0 -1
    outer loop
      vertex 198.975 -96.5864 0
      vertex 214 -96.1372 0
      vertex 199.093 -96.6767 0
    endloop
  endfacet
  facet normal 0 0 -1
    outer loop
      vertex 198.85 -96.5067 0
      vertex 214 -96.1372 0
      vertex 198.975 -96.5864 0
    endloop
  endfacet
  facet normal 0 0 -1
    outer loop
      vertex 198.718 -96.4382 0
      vertex 214 -96.1372 0
      vertex 198.85 -96.5067 0
    endloop
  endfacet
  facet normal 0 0 -1
    outer loop
      vertex 198.581 -96.3815 0
      vertex 214 -96.1372 0
      vertex 198.718 -96.4382 0
    endloop
  endfacet
  facet normal 0 0 -1
    outer loop
      vertex 198.44 -96.3369 0
      vertex 214 -96.1372 0
      vertex 198.581 -96.3815 0
    endloop
  endfacet
  facet normal 0 0 -1
    outer loop
      vertex 198.295 -96.3048 0
      vertex 214 -96.1372 0
      vertex 198.44 -96.3369 0
    endloop
  endfacet
  facet normal 0 0 -1
    outer loop
      vertex 198.148 -96.2854 0
      vertex 214 -96.1372 0
      vertex 198.295 -96.3048 0
    endloop
  endfacet
  facet normal 0 0 -1
    outer loop
      vertex 198 -96.2789 0
      vertex 214 -96.1372 0
      vertex 198.148 -96.2854 0
    endloop
  endfacet
  facet normal 0 0 -1
    outer loop
      vertex 198 -96.2789 0
      vertex 66 -55.632 0
      vertex 214 -96.1372 0
    endloop
  endfacet
  facet normal 0 0 -1
    outer loop
      vertex 197.852 -96.2854 0
      vertex 66 -55.632 0
      vertex 198 -96.2789 0
    endloop
  endfacet
  facet normal 0 0 -1
    outer loop
      vertex 197.705 -96.3048 0
      vertex 66 -55.632 0
      vertex 197.852 -96.2854 0
    endloop
  endfacet
  facet normal 0 0 -1
    outer loop
      vertex 197.56 -96.3369 0
      vertex 66 -55.632 0
      vertex 197.705 -96.3048 0
    endloop
  endfacet
  facet normal 0 0 -1
    outer loop
      vertex 197.419 -96.3815 0
      vertex 66 -55.632 0
      vertex 197.56 -96.3369 0
    endloop
  endfacet
  facet normal 0 0 -1
    outer loop
      vertex 197.282 -96.4382 0
      vertex 66 -55.632 0
      vertex 197.419 -96.3815 0
    endloop
  endfacet
  facet normal 0 0 -1
    outer loop
      vertex 197.15 -96.5067 0
      vertex 66 -55.632 0
      vertex 197.282 -96.4382 0
    endloop
  endfacet
  facet normal 0 0 -1
    outer loop
      vertex 197.025 -96.5864 0
      vertex 66 -55.632 0
      vertex 197.15 -96.5067 0
    endloop
  endfacet
  facet normal 0 0 -1
    outer loop
      vertex 196.907 -96.6767 0
      vertex 66 -55.632 0
      vertex 197.025 -96.5864 0
    endloop
  endfacet
  facet normal 0 0 -1
    outer loop
      vertex 196.798 -96.7769 0
      vertex 66 -55.632 0
      vertex 196.907 -96.6767 0
    endloop
  endfacet
  facet normal 0 0 -1
    outer loop
      vertex 196.698 -96.8862 0
      vertex 66 -55.632 0
      vertex 196.798 -96.7769 0
    endloop
  endfacet
  facet normal 0 0 -1
    outer loop
      vertex 196.607 -97.0039 0
      vertex 66 -55.632 0
      vertex 196.698 -96.8862 0
    endloop
  endfacet
  facet normal 0 0 -1
    outer loop
      vertex 196.528 -97.1289 0
      vertex 66 -55.632 0
      vertex 196.607 -97.0039 0
    endloop
  endfacet
  facet normal 0 0 -1
    outer loop
      vertex 196.459 -97.2605 0
      vertex 66 -55.632 0
      vertex 196.528 -97.1289 0
    endloop
  endfacet
  facet normal 0 0 -1
    outer loop
      vertex 196.403 -97.3975 0
      vertex 66 -55.632 0
      vertex 196.459 -97.2605 0
    endloop
  endfacet
  facet normal 0 0 -1
    outer loop
      vertex 196.358 -97.539 0
      vertex 66 -55.632 0
      vertex 196.403 -97.3975 0
    endloop
  endfacet
  facet normal 0 0 -1
    outer loop
      vertex 196.326 -97.6837 0
      vertex 66 -55.632 0
      vertex 196.358 -97.539 0
    endloop
  endfacet
  facet normal 0 0 -1
    outer loop
      vertex 196.306 -97.8308 0
      vertex 66 -55.632 0
      vertex 196.326 -97.6837 0
    endloop
  endfacet
  facet normal 0 0 -1
    outer loop
      vertex 66 -55.632 0
      vertex 196.306 -97.8308 0
      vertex 196.3 -97.9789 0
    endloop
  endfacet
  facet normal 0 0 -1
    outer loop
      vertex 16.6935 -47.7466 0
      vertex 54 -52.3478 0
      vertex 16.7 -47.8947 0
    endloop
  endfacet
  facet normal 0 0 -1
    outer loop
      vertex 16.6742 -47.5995 0
      vertex 54 -52.3478 0
      vertex 16.6935 -47.7466 0
    endloop
  endfacet
  facet normal 0 0 -1
    outer loop
      vertex 16.6421 -47.4547 0
      vertex 54 -52.3478 0
      vertex 16.6742 -47.5995 0
    endloop
  endfacet
  facet normal 0 0 -1
    outer loop
      vertex 16.5975 -47.3133 0
      vertex 54 -52.3478 0
      vertex 16.6421 -47.4547 0
    endloop
  endfacet
  facet normal 0 0 -1
    outer loop
      vertex 16.5407 -47.1763 0
      vertex 54 -52.3478 0
      vertex 16.5975 -47.3133 0
    endloop
  endfacet
  facet normal 0 0 -1
    outer loop
      vertex 16.4722 -47.0447 0
      vertex 54 -52.3478 0
      vertex 16.5407 -47.1763 0
    endloop
  endfacet
  facet normal 0 0 -1
    outer loop
      vertex 16.3926 -46.9197 0
      vertex 54 -52.3478 0
      vertex 16.4722 -47.0447 0
    endloop
  endfacet
  facet normal 0 0 -1
    outer loop
      vertex 16.3023 -46.802 0
      vertex 54 -52.3478 0
      vertex 16.3926 -46.9197 0
    endloop
  endfacet
  facet normal 0 0 -1
    outer loop
      vertex 16.2021 -46.6927 0
      vertex 54 -52.3478 0
      vertex 16.3023 -46.802 0
    endloop
  endfacet
  facet normal 0 0 -1
    outer loop
      vertex 16.0927 -46.5925 0
      vertex 54 -52.3478 0
      vertex 16.2021 -46.6927 0
    endloop
  endfacet
  facet normal 0 0 -1
    outer loop
      vertex 15.9751 -46.5022 0
      vertex 54 -52.3478 0
      vertex 16.0927 -46.5925 0
    endloop
  endfacet
  facet normal 0 0 -1
    outer loop
      vertex 15.85 -46.4225 0
      vertex 54 -52.3478 0
      vertex 15.9751 -46.5022 0
    endloop
  endfacet
  facet normal 0 0 -1
    outer loop
      vertex 15.7185 -46.354 0
      vertex 54 -52.3478 0
      vertex 15.85 -46.4225 0
    endloop
  endfacet
  facet normal 0 0 -1
    outer loop
      vertex 1.58386 -38.0023 0
      vertex 15.7185 -46.354 0
      vertex 15.5814 -46.2973 0
    endloop
  endfacet
  facet normal 0 0 -1
    outer loop
      vertex 1.58386 -38.0023 0
      vertex 15.5814 -46.2973 0
      vertex 15.44 -46.2527 0
    endloop
  endfacet
  facet normal 0 0 -1
    outer loop
      vertex 1.58386 -38.0023 0
      vertex 15.44 -46.2527 0
      vertex 15.2952 -46.2206 0
    endloop
  endfacet
  facet normal 0 0 -1
    outer loop
      vertex 6.7 -45.1579 0
      vertex 13.3065 -47.7466 0
      vertex 13.3 -47.8947 0
    endloop
  endfacet
  facet normal 0 0 -1
    outer loop
      vertex 6.7 -45.1579 0
      vertex 13.3258 -47.5995 0
      vertex 13.3065 -47.7466 0
    endloop
  endfacet
  facet normal 0 0 -1
    outer loop
      vertex 6.7 -45.1579 0
      vertex 13.3579 -47.4547 0
      vertex 13.3258 -47.5995 0
    endloop
  endfacet
  facet normal 0 0 -1
    outer loop
      vertex 6.7 -45.1579 0
      vertex 13.4025 -47.3133 0
      vertex 13.3579 -47.4547 0
    endloop
  endfacet
  facet normal 0 0 -1
    outer loop
      vertex 6.7 -45.1579 0
      vertex 13.4593 -47.1763 0
      vertex 13.4025 -47.3133 0
    endloop
  endfacet
  facet normal 0 0 -1
    outer loop
      vertex 6.7 -45.1579 0
      vertex 13.5278 -47.0447 0
      vertex 13.4593 -47.1763 0
    endloop
  endfacet
  facet normal 0 0 -1
    outer loop
      vertex 6.7 -45.1579 0
      vertex 13.6074 -46.9197 0
      vertex 13.5278 -47.0447 0
    endloop
  endfacet
  facet normal 0 0 -1
    outer loop
      vertex 6.69353 -45.0097 0
      vertex 13.6074 -46.9197 0
      vertex 6.7 -45.1579 0
    endloop
  endfacet
  facet normal 0 0 -1
    outer loop
      vertex 13.6074 -46.9197 0
      vertex 6.69353 -45.0097 0
      vertex 13.6977 -46.802 0
    endloop
  endfacet
  facet normal 0 0 -1
    outer loop
      vertex 6.67417 -44.8627 0
      vertex 13.6977 -46.802 0
      vertex 6.69353 -45.0097 0
    endloop
  endfacet
  facet normal 0 0 -1
    outer loop
      vertex 13.6977 -46.802 0
      vertex 6.67417 -44.8627 0
      vertex 13.7979 -46.6927 0
    endloop
  endfacet
  facet normal 0 0 -1
    outer loop
      vertex 6.64207 -44.7179 0
      vertex 13.7979 -46.6927 0
      vertex 6.67417 -44.8627 0
    endloop
  endfacet
  facet normal 0 0 -1
    outer loop
      vertex 13.7979 -46.6927 0
      vertex 6.64207 -44.7179 0
      vertex 13.9073 -46.5925 0
    endloop
  endfacet
  facet normal 0 0 -1
    outer loop
      vertex 6.59748 -44.5765 0
      vertex 13.9073 -46.5925 0
      vertex 6.64207 -44.7179 0
    endloop
  endfacet
  facet normal 0 0 -1
    outer loop
      vertex 13.9073 -46.5925 0
      vertex 6.59748 -44.5765 0
      vertex 14.0249 -46.5022 0
    endloop
  endfacet
  facet normal 0 0 -1
    outer loop
      vertex 6.54072 -44.4394 0
      vertex 14.0249 -46.5022 0
      vertex 6.59748 -44.5765 0
    endloop
  endfacet
  facet normal 0 0 -1
    outer loop
      vertex 14.0249 -46.5022 0
      vertex 6.54072 -44.4394 0
      vertex 14.15 -46.4225 0
    endloop
  endfacet
  facet normal 0 0 -1
    outer loop
      vertex 6.47224 -44.3079 0
      vertex 14.15 -46.4225 0
      vertex 6.54072 -44.4394 0
    endloop
  endfacet
  facet normal 0 0 -1
    outer loop
      vertex 14.15 -46.4225 0
      vertex 6.47224 -44.3079 0
      vertex 14.2815 -46.354 0
    endloop
  endfacet
  facet normal 0 0 -1
    outer loop
      vertex 6.39256 -44.1828 0
      vertex 14.2815 -46.354 0
      vertex 6.47224 -44.3079 0
    endloop
  endfacet
  facet normal 0 0 -1
    outer loop
      vertex 14.2815 -46.354 0
      vertex 6.39256 -44.1828 0
      vertex 14.4186 -46.2973 0
    endloop
  endfacet
  facet normal 0 0 -1
    outer loop
      vertex 6.30227 -44.0652 0
      vertex 14.4186 -46.2973 0
      vertex 6.39256 -44.1828 0
    endloop
  endfacet
  facet normal 0 0 -1
    outer loop
      vertex 14.4186 -46.2973 0
      vertex 6.30227 -44.0652 0
      vertex 14.56 -46.2527 0
    endloop
  endfacet
  facet normal 0 0 -1
    outer loop
      vertex 6.20208 -43.9558 0
      vertex 14.56 -46.2527 0
      vertex 6.30227 -44.0652 0
    endloop
  endfacet
  facet normal 0 0 -1
    outer loop
      vertex 14.56 -46.2527 0
      vertex 6.20208 -43.9558 0
      vertex 14.7048 -46.2206 0
    endloop
  endfacet
  facet normal 0 0 -1
    outer loop
      vertex 6.09274 -43.8556 0
      vertex 14.7048 -46.2206 0
      vertex 6.20208 -43.9558 0
    endloop
  endfacet
  facet normal 0 0 -1
    outer loop
      vertex 14.7048 -46.2206 0
      vertex 6.09274 -43.8556 0
      vertex 14.8518 -46.2012 0
    endloop
  endfacet
  facet normal 0 0 -1
    outer loop
      vertex 5.97508 -43.7653 0
      vertex 14.8518 -46.2012 0
      vertex 6.09274 -43.8556 0
    endloop
  endfacet
  facet normal 0 0 -1
    outer loop
      vertex 1.58386 -38.0023 0
      vertex 14.8518 -46.2012 0
      vertex 5.97508 -43.7653 0
    endloop
  endfacet
  facet normal 0 0 -1
    outer loop
      vertex 14.8518 -46.2012 0
      vertex 1.58386 -38.0023 0
      vertex 15 -46.1947 0
    endloop
  endfacet
  facet normal 0 0 -1
    outer loop
      vertex 15 -46.1947 0
      vertex 1.58386 -38.0023 0
      vertex 15.1482 -46.2012 0
    endloop
  endfacet
  facet normal 0 0 -1
    outer loop
      vertex 15.1482 -46.2012 0
      vertex 1.58386 -38.0023 0
      vertex 15.2952 -46.2206 0
    endloop
  endfacet
  facet normal 0 0 -1
    outer loop
      vertex 1.58386 -38.0023 0
      vertex 5.97508 -43.7653 0
      vertex 5.85 -43.6856 0
    endloop
  endfacet
  facet normal 0 0 -1
    outer loop
      vertex 1.58386 -38.0023 0
      vertex 5.85 -43.6856 0
      vertex 5.71845 -43.6172 0
    endloop
  endfacet
  facet normal 0 0 -1
    outer loop
      vertex 1.58386 -38.0023 0
      vertex 5.71845 -43.6172 0
      vertex 5.58143 -43.5604 0
    endloop
  endfacet
  facet normal 0 0 -1
    outer loop
      vertex 1.58386 -38.0023 0
      vertex 5.58143 -43.5604 0
      vertex 5.43999 -43.5158 0
    endloop
  endfacet
  facet normal 0 0 -1
    outer loop
      vertex 1.58386 -38.0023 0
      vertex 5.43999 -43.5158 0
      vertex 5.2952 -43.4837 0
    endloop
  endfacet
  facet normal 0 0 -1
    outer loop
      vertex 15.7185 -46.354 0
      vertex 1.58386 -38.0023 0
      vertex 54 -52.3478 0
    endloop
  endfacet
  facet normal 0 0 -1
    outer loop
      vertex 5.14816 -43.4644 0
      vertex 1.58386 -38.0023 0
      vertex 5.2952 -43.4837 0
    endloop
  endfacet
  facet normal 0 0 -1
    outer loop
      vertex 5 -43.4579 0
      vertex 1.58386 -38.0023 0
      vertex 5.14816 -43.4644 0
    endloop
  endfacet
  facet normal 0 0 -1
    outer loop
      vertex 4.85183 -43.4644 0
      vertex 1.58386 -38.0023 0
      vertex 5 -43.4579 0
    endloop
  endfacet
  facet normal 0 0 -1
    outer loop
      vertex 4.7048 -43.4837 0
      vertex 1.58386 -38.0023 0
      vertex 4.85183 -43.4644 0
    endloop
  endfacet
  facet normal 0 0 -1
    outer loop
      vertex 4.56001 -43.5158 0
      vertex 1.58386 -38.0023 0
      vertex 4.7048 -43.4837 0
    endloop
  endfacet
  facet normal 0 0 -1
    outer loop
      vertex 4.41857 -43.5604 0
      vertex 1.58386 -38.0023 0
      vertex 4.56001 -43.5158 0
    endloop
  endfacet
  facet normal 0 0 -1
    outer loop
      vertex 4.28155 -43.6172 0
      vertex 1.58386 -38.0023 0
      vertex 4.41857 -43.5604 0
    endloop
  endfacet
  facet normal 0 0 -1
    outer loop
      vertex 4.15 -43.6856 0
      vertex 1.58386 -38.0023 0
      vertex 4.28155 -43.6172 0
    endloop
  endfacet
  facet normal 0 0 -1
    outer loop
      vertex 4.02492 -43.7653 0
      vertex 1.58386 -38.0023 0
      vertex 4.15 -43.6856 0
    endloop
  endfacet
  facet normal 0 0 -1
    outer loop
      vertex 3.90726 -43.8556 0
      vertex 1.58386 -38.0023 0
      vertex 4.02492 -43.7653 0
    endloop
  endfacet
  facet normal 0 0 -1
    outer loop
      vertex 3.79792 -43.9558 0
      vertex 1.58386 -38.0023 0
      vertex 3.90726 -43.8556 0
    endloop
  endfacet
  facet normal 0 0 -1
    outer loop
      vertex 3.69772 -44.0652 0
      vertex 1.58386 -38.0023 0
      vertex 3.79792 -43.9558 0
    endloop
  endfacet
  facet normal 0 0 -1
    outer loop
      vertex 3.60744 -44.1828 0
      vertex 1.58386 -38.0023 0
      vertex 3.69772 -44.0652 0
    endloop
  endfacet
  facet normal 0 0 -1
    outer loop
      vertex 3.52776 -44.3079 0
      vertex 1.58386 -38.0023 0
      vertex 3.60744 -44.1828 0
    endloop
  endfacet
  facet normal 0 0 -1
    outer loop
      vertex 3.45928 -44.4394 0
      vertex 1.58386 -38.0023 0
      vertex 3.52776 -44.3079 0
    endloop
  endfacet
  facet normal 0 0 -1
    outer loop
      vertex 3.40252 -44.5765 0
      vertex 1.58386 -38.0023 0
      vertex 3.45928 -44.4394 0
    endloop
  endfacet
  facet normal 0 0 -1
    outer loop
      vertex 3.35793 -44.7179 0
      vertex 1.58386 -38.0023 0
      vertex 3.40252 -44.5765 0
    endloop
  endfacet
  facet normal 0 0 -1
    outer loop
      vertex 3.32583 -44.8627 0
      vertex 1.58386 -38.0023 0
      vertex 3.35793 -44.7179 0
    endloop
  endfacet
  facet normal 0 0 -1
    outer loop
      vertex 3.30647 -45.0097 0
      vertex 1.58386 -38.0023 0
      vertex 3.32583 -44.8627 0
    endloop
  endfacet
  facet normal 0 0 -1
    outer loop
      vertex 1.58386 -38.0023 0
      vertex 3.30647 -45.0097 0
      vertex 3.3 -45.1579 0
    endloop
  endfacet
  facet normal 0 0 -1
    outer loop
      vertex 199.694 98.1271 0
      vertex 214 96.1372 0
      vertex 199.7 97.9789 0
    endloop
  endfacet
  facet normal 0 0 -1
    outer loop
      vertex 214 96.1372 0
      vertex 199.694 97.8308 0
      vertex 199.7 97.9789 0
    endloop
  endfacet
  facet normal 0 0 -1
    outer loop
      vertex 214 96.1372 0
      vertex 199.674 97.6837 0
      vertex 199.694 97.8308 0
    endloop
  endfacet
  facet normal 0 0 -1
    outer loop
      vertex 214 96.1372 0
      vertex 199.642 97.539 0
      vertex 199.674 97.6837 0
    endloop
  endfacet
  facet normal 0 0 -1
    outer loop
      vertex 214 96.1372 0
      vertex 199.597 97.3975 0
      vertex 199.642 97.539 0
    endloop
  endfacet
  facet normal 0 0 -1
    outer loop
      vertex 214 96.1372 0
      vertex 199.541 97.2605 0
      vertex 199.597 97.3975 0
    endloop
  endfacet
  facet normal 0 0 -1
    outer loop
      vertex 214 96.1372 0
      vertex 199.472 97.1289 0
      vertex 199.541 97.2605 0
    endloop
  endfacet
  facet normal 0 0 -1
    outer loop
      vertex 214 96.1372 0
      vertex 199.393 97.0039 0
      vertex 199.472 97.1289 0
    endloop
  endfacet
  facet normal 0 0 -1
    outer loop
      vertex 214 96.1372 0
      vertex 199.302 96.8862 0
      vertex 199.393 97.0039 0
    endloop
  endfacet
  facet normal 0 0 -1
    outer loop
      vertex 214 96.1372 0
      vertex 199.202 96.7769 0
      vertex 199.302 96.8862 0
    endloop
  endfacet
  facet normal 0 0 -1
    outer loop
      vertex 214 96.1372 0
      vertex 199.093 96.6767 0
      vertex 199.202 96.7769 0
    endloop
  endfacet
  facet normal 0 0 -1
    outer loop
      vertex 214 96.1372 0
      vertex 198.975 96.5864 0
      vertex 199.093 96.6767 0
    endloop
  endfacet
  facet normal 0 0 -1
    outer loop
      vertex 214 96.1372 0
      vertex 198.85 96.5067 0
      vertex 198.975 96.5864 0
    endloop
  endfacet
  facet normal 0 0 -1
    outer loop
      vertex 214 96.1372 0
      vertex 198.718 96.4382 0
      vertex 198.85 96.5067 0
    endloop
  endfacet
  facet normal 0 0 -1
    outer loop
      vertex 214 96.1372 0
      vertex 198.581 96.3815 0
      vertex 198.718 96.4382 0
    endloop
  endfacet
  facet normal 0 0 -1
    outer loop
      vertex 214 96.1372 0
      vertex 198.44 96.3369 0
      vertex 198.581 96.3815 0
    endloop
  endfacet
  facet normal 0 0 -1
    outer loop
      vertex 214 96.1372 0
      vertex 198.295 96.3048 0
      vertex 198.44 96.3369 0
    endloop
  endfacet
  facet normal 0 0 -1
    outer loop
      vertex 214 96.1372 0
      vertex 198.148 96.2854 0
      vertex 198.295 96.3048 0
    endloop
  endfacet
  facet normal 0 0 -1
    outer loop
      vertex 214 96.1372 0
      vertex 198 96.2789 0
      vertex 198.148 96.2854 0
    endloop
  endfacet
  facet normal -0 0 -1
    outer loop
      vertex 196.306 97.8308 0
      vertex 66 55.632 0
      vertex 196.3 97.9789 0
    endloop
  endfacet
  facet normal -0 0 -1
    outer loop
      vertex 196.326 97.6837 0
      vertex 66 55.632 0
      vertex 196.306 97.8308 0
    endloop
  endfacet
  facet normal -0 0 -1
    outer loop
      vertex 196.358 97.539 0
      vertex 66 55.632 0
      vertex 196.326 97.6837 0
    endloop
  endfacet
  facet normal -0 0 -1
    outer loop
      vertex 196.403 97.3975 0
      vertex 66 55.632 0
      vertex 196.358 97.539 0
    endloop
  endfacet
  facet normal -0 0 -1
    outer loop
      vertex 196.459 97.2605 0
      vertex 66 55.632 0
      vertex 196.403 97.3975 0
    endloop
  endfacet
  facet normal -0 0 -1
    outer loop
      vertex 196.528 97.1289 0
      vertex 66 55.632 0
      vertex 196.459 97.2605 0
    endloop
  endfacet
  facet normal -0 0 -1
    outer loop
      vertex 196.607 97.0039 0
      vertex 66 55.632 0
      vertex 196.528 97.1289 0
    endloop
  endfacet
  facet normal -0 0 -1
    outer loop
      vertex 196.698 96.8862 0
      vertex 66 55.632 0
      vertex 196.607 97.0039 0
    endloop
  endfacet
  facet normal -0 0 -1
    outer loop
      vertex 196.798 96.7769 0
      vertex 66 55.632 0
      vertex 196.698 96.8862 0
    endloop
  endfacet
  facet normal -0 0 -1
    outer loop
      vertex 196.907 96.6767 0
      vertex 66 55.632 0
      vertex 196.798 96.7769 0
    endloop
  endfacet
  facet normal -0 0 -1
    outer loop
      vertex 197.025 96.5864 0
      vertex 66 55.632 0
      vertex 196.907 96.6767 0
    endloop
  endfacet
  facet normal -0 0 -1
    outer loop
      vertex 197.15 96.5067 0
      vertex 66 55.632 0
      vertex 197.025 96.5864 0
    endloop
  endfacet
  facet normal -0 0 -1
    outer loop
      vertex 197.282 96.4382 0
      vertex 66 55.632 0
      vertex 197.15 96.5067 0
    endloop
  endfacet
  facet normal -0 0 -1
    outer loop
      vertex 197.419 96.3815 0
      vertex 66 55.632 0
      vertex 197.282 96.4382 0
    endloop
  endfacet
  facet normal -0 0 -1
    outer loop
      vertex 197.56 96.3369 0
      vertex 66 55.632 0
      vertex 197.419 96.3815 0
    endloop
  endfacet
  facet normal -0 0 -1
    outer loop
      vertex 197.705 96.3048 0
      vertex 66 55.632 0
      vertex 197.56 96.3369 0
    endloop
  endfacet
  facet normal -0 0 -1
    outer loop
      vertex 197.852 96.2854 0
      vertex 66 55.632 0
      vertex 197.705 96.3048 0
    endloop
  endfacet
  facet normal -0 0 -1
    outer loop
      vertex 198 96.2789 0
      vertex 66 55.632 0
      vertex 197.852 96.2854 0
    endloop
  endfacet
  facet normal 0 0 -1
    outer loop
      vertex 66 55.632 0
      vertex 198 96.2789 0
      vertex 214 96.1372 0
    endloop
  endfacet
  facet normal 0 0 -1
    outer loop
      vertex 199.674 98.2741 0
      vertex 214 96.1372 0
      vertex 199.694 98.1271 0
    endloop
  endfacet
  facet normal 0 0 -1
    outer loop
      vertex 199.642 98.4189 0
      vertex 214 96.1372 0
      vertex 199.674 98.2741 0
    endloop
  endfacet
  facet normal 0 0 -1
    outer loop
      vertex 199.597 98.5604 0
      vertex 214 96.1372 0
      vertex 199.642 98.4189 0
    endloop
  endfacet
  facet normal 0 0 -1
    outer loop
      vertex 199.541 98.6974 0
      vertex 214 96.1372 0
      vertex 199.597 98.5604 0
    endloop
  endfacet
  facet normal 0 0 -1
    outer loop
      vertex 214 96.1372 0
      vertex 199.541 98.6974 0
      vertex 214 108.579 0
    endloop
  endfacet
  facet normal 0 0 -1
    outer loop
      vertex 199.472 98.8289 0
      vertex 214 108.579 0
      vertex 199.541 98.6974 0
    endloop
  endfacet
  facet normal 0 0 -1
    outer loop
      vertex 199.393 98.954 0
      vertex 214 108.579 0
      vertex 199.472 98.8289 0
    endloop
  endfacet
  facet normal 0 0 -1
    outer loop
      vertex 199.302 99.0717 0
      vertex 214 108.579 0
      vertex 199.393 98.954 0
    endloop
  endfacet
  facet normal 0 0 -1
    outer loop
      vertex 199.202 99.181 0
      vertex 214 108.579 0
      vertex 199.302 99.0717 0
    endloop
  endfacet
  facet normal 0 0 -1
    outer loop
      vertex 199.093 99.2812 0
      vertex 214 108.579 0
      vertex 199.202 99.181 0
    endloop
  endfacet
  facet normal 0 0 -1
    outer loop
      vertex 198.975 99.3715 0
      vertex 214 108.579 0
      vertex 199.093 99.2812 0
    endloop
  endfacet
  facet normal 0 0 -1
    outer loop
      vertex 198.85 99.4512 0
      vertex 214 108.579 0
      vertex 198.975 99.3715 0
    endloop
  endfacet
  facet normal 0 0 -1
    outer loop
      vertex 198.718 99.5197 0
      vertex 214 108.579 0
      vertex 198.85 99.4512 0
    endloop
  endfacet
  facet normal 0 0 -1
    outer loop
      vertex 198.581 99.5764 0
      vertex 214 108.579 0
      vertex 198.718 99.5197 0
    endloop
  endfacet
  facet normal 0 0 -1
    outer loop
      vertex 198.44 99.621 0
      vertex 214 108.579 0
      vertex 198.581 99.5764 0
    endloop
  endfacet
  facet normal 0 0 -1
    outer loop
      vertex 198.295 99.6531 0
      vertex 214 108.579 0
      vertex 198.44 99.621 0
    endloop
  endfacet
  facet normal 0 0 -1
    outer loop
      vertex 198.148 99.6725 0
      vertex 214 108.579 0
      vertex 198.295 99.6531 0
    endloop
  endfacet
  facet normal 0 0 -1
    outer loop
      vertex 198 99.6789 0
      vertex 214 108.579 0
      vertex 198.148 99.6725 0
    endloop
  endfacet
  facet normal 0 0 -1
    outer loop
      vertex 197.852 99.6725 0
      vertex 214 108.579 0
      vertex 198 99.6789 0
    endloop
  endfacet
  facet normal 0 0 -1
    outer loop
      vertex 197.705 99.6531 0
      vertex 214 108.579 0
      vertex 197.852 99.6725 0
    endloop
  endfacet
  facet normal 0 0 -1
    outer loop
      vertex 197.56 99.621 0
      vertex 214 108.579 0
      vertex 197.705 99.6531 0
    endloop
  endfacet
  facet normal 0 0 -1
    outer loop
      vertex 197.419 99.5764 0
      vertex 214 108.579 0
      vertex 197.56 99.621 0
    endloop
  endfacet
  facet normal 0 0 -1
    outer loop
      vertex 197.282 99.5197 0
      vertex 214 108.579 0
      vertex 197.419 99.5764 0
    endloop
  endfacet
  facet normal 0 0 -1
    outer loop
      vertex 197.15 99.4512 0
      vertex 214 108.579 0
      vertex 197.282 99.5197 0
    endloop
  endfacet
  facet normal 0 0 -1
    outer loop
      vertex 66 55.632 0
      vertex 196.306 98.1271 0
      vertex 196.3 97.9789 0
    endloop
  endfacet
  facet normal 0 0 -1
    outer loop
      vertex 66 55.632 0
      vertex 196.326 98.2741 0
      vertex 196.306 98.1271 0
    endloop
  endfacet
  facet normal 0 0 -1
    outer loop
      vertex 66 55.632 0
      vertex 196.358 98.4189 0
      vertex 196.326 98.2741 0
    endloop
  endfacet
  facet normal 0 0 -1
    outer loop
      vertex 66 55.632 0
      vertex 196.403 98.5604 0
      vertex 196.358 98.4189 0
    endloop
  endfacet
  facet normal 0 0 -1
    outer loop
      vertex 66 55.632 0
      vertex 196.459 98.6974 0
      vertex 196.403 98.5604 0
    endloop
  endfacet
  facet normal 0 0 -1
    outer loop
      vertex 66 55.632 0
      vertex 196.528 98.8289 0
      vertex 196.459 98.6974 0
    endloop
  endfacet
  facet normal 0 0 -1
    outer loop
      vertex 66 55.632 0
      vertex 196.607 98.954 0
      vertex 196.528 98.8289 0
    endloop
  endfacet
  facet normal 0 0 -1
    outer loop
      vertex 66 55.632 0
      vertex 196.698 99.0717 0
      vertex 196.607 98.954 0
    endloop
  endfacet
  facet normal 0 0 -1
    outer loop
      vertex 66 55.632 0
      vertex 196.798 99.181 0
      vertex 196.698 99.0717 0
    endloop
  endfacet
  facet normal 0 0 -1
    outer loop
      vertex 66 55.632 0
      vertex 196.907 99.2812 0
      vertex 196.798 99.181 0
    endloop
  endfacet
  facet normal 0 0 -1
    outer loop
      vertex 66 55.632 0
      vertex 197.025 99.3715 0
      vertex 196.907 99.2812 0
    endloop
  endfacet
  facet normal 0 0 -1
    outer loop
      vertex 66 55.632 0
      vertex 197.15 99.4512 0
      vertex 197.025 99.3715 0
    endloop
  endfacet
  facet normal 0 0 -1
    outer loop
      vertex 66 55.632 0
      vertex 214 108.579 0
      vertex 197.15 99.4512 0
    endloop
  endfacet
  facet normal 0 0 -1
    outer loop
      vertex 61.7 12 0
      vertex 66 55.632 0
      vertex 61.7 -12 0
    endloop
  endfacet
  facet normal 0 0 -1
    outer loop
      vertex 61.6935 12.1482 0
      vertex 66 55.632 0
      vertex 61.7 12 0
    endloop
  endfacet
  facet normal 0 0 -1
    outer loop
      vertex 61.6742 12.2952 0
      vertex 66 55.632 0
      vertex 61.6935 12.1482 0
    endloop
  endfacet
  facet normal 0 0 -1
    outer loop
      vertex 61.6421 12.44 0
      vertex 66 55.632 0
      vertex 61.6742 12.2952 0
    endloop
  endfacet
  facet normal 0 0 -1
    outer loop
      vertex 61.5975 12.5814 0
      vertex 66 55.632 0
      vertex 61.6421 12.44 0
    endloop
  endfacet
  facet normal 0 0 -1
    outer loop
      vertex 61.5407 12.7185 0
      vertex 66 55.632 0
      vertex 61.5975 12.5814 0
    endloop
  endfacet
  facet normal 0 0 -1
    outer loop
      vertex 61.4722 12.85 0
      vertex 66 55.632 0
      vertex 61.5407 12.7185 0
    endloop
  endfacet
  facet normal 0 0 -1
    outer loop
      vertex 61.3926 12.9751 0
      vertex 66 55.632 0
      vertex 61.4722 12.85 0
    endloop
  endfacet
  facet normal 0 0 -1
    outer loop
      vertex 61.3023 13.0927 0
      vertex 66 55.632 0
      vertex 61.3926 12.9751 0
    endloop
  endfacet
  facet normal 0 0 -1
    outer loop
      vertex 61.2021 13.2021 0
      vertex 66 55.632 0
      vertex 61.3023 13.0927 0
    endloop
  endfacet
  facet normal 0 0 -1
    outer loop
      vertex 61.0927 13.3023 0
      vertex 66 55.632 0
      vertex 61.2021 13.2021 0
    endloop
  endfacet
  facet normal 0 0 -1
    outer loop
      vertex 60.9751 13.3926 0
      vertex 66 55.632 0
      vertex 61.0927 13.3023 0
    endloop
  endfacet
  facet normal 0 0 -1
    outer loop
      vertex 60.85 13.4722 0
      vertex 66 55.632 0
      vertex 60.9751 13.3926 0
    endloop
  endfacet
  facet normal 0 0 -1
    outer loop
      vertex 60.7185 13.5407 0
      vertex 66 55.632 0
      vertex 60.85 13.4722 0
    endloop
  endfacet
  facet normal 0 0 -1
    outer loop
      vertex 60.5814 13.5975 0
      vertex 66 55.632 0
      vertex 60.7185 13.5407 0
    endloop
  endfacet
  facet normal 0 0 -1
    outer loop
      vertex 60.44 13.6421 0
      vertex 66 55.632 0
      vertex 60.5814 13.5975 0
    endloop
  endfacet
  facet normal 0 0 -1
    outer loop
      vertex 54 52.3478 0
      vertex 60.44 13.6421 0
      vertex 60.2952 13.6742 0
    endloop
  endfacet
  facet normal 0 0 -1
    outer loop
      vertex 54 52.3478 0
      vertex 60.2952 13.6742 0
      vertex 60.1482 13.6935 0
    endloop
  endfacet
  facet normal 0 0 -1
    outer loop
      vertex 54 52.3478 0
      vertex 60.1482 13.6935 0
      vertex 60 13.7 0
    endloop
  endfacet
  facet normal 0 0 -1
    outer loop
      vertex 54 52.3478 0
      vertex 60 13.7 0
      vertex 59.8518 13.6935 0
    endloop
  endfacet
  facet normal 0 0 -1
    outer loop
      vertex 54 52.3478 0
      vertex 59.8518 13.6935 0
      vertex 59.7048 13.6742 0
    endloop
  endfacet
  facet normal 0 0 -1
    outer loop
      vertex 54 52.3478 0
      vertex 59.7048 13.6742 0
      vertex 59.56 13.6421 0
    endloop
  endfacet
  facet normal 0 0 -1
    outer loop
      vertex 54 52.3478 0
      vertex 59.56 13.6421 0
      vertex 59.4186 13.5975 0
    endloop
  endfacet
  facet normal 0 0 -1
    outer loop
      vertex 54 52.3478 0
      vertex 59.4186 13.5975 0
      vertex 59.2815 13.5407 0
    endloop
  endfacet
  facet normal 0 0 -1
    outer loop
      vertex 54 52.3478 0
      vertex 59.2815 13.5407 0
      vertex 59.15 13.4722 0
    endloop
  endfacet
  facet normal 0 0 -1
    outer loop
      vertex 54 52.3478 0
      vertex 59.15 13.4722 0
      vertex 59.0249 13.3926 0
    endloop
  endfacet
  facet normal 0 0 -1
    outer loop
      vertex 54 52.3478 0
      vertex 59.0249 13.3926 0
      vertex 58.9073 13.3023 0
    endloop
  endfacet
  facet normal 0 0 -1
    outer loop
      vertex 54 52.3478 0
      vertex 58.9073 13.3023 0
      vertex 58.7979 13.2021 0
    endloop
  endfacet
  facet normal 0 0 -1
    outer loop
      vertex 54 52.3478 0
      vertex 58.7979 13.2021 0
      vertex 58.6977 13.0927 0
    endloop
  endfacet
  facet normal 0 0 -1
    outer loop
      vertex 54 52.3478 0
      vertex 58.6977 13.0927 0
      vertex 58.6074 12.9751 0
    endloop
  endfacet
  facet normal 0 0 -1
    outer loop
      vertex 54 52.3478 0
      vertex 58.6074 12.9751 0
      vertex 58.5278 12.85 0
    endloop
  endfacet
  facet normal 0 0 -1
    outer loop
      vertex 54 52.3478 0
      vertex 58.5278 12.85 0
      vertex 58.4593 12.7185 0
    endloop
  endfacet
  facet normal 0 0 -1
    outer loop
      vertex 54 52.3478 0
      vertex 58.4593 12.7185 0
      vertex 58.4025 12.5814 0
    endloop
  endfacet
  facet normal 0 0 -1
    outer loop
      vertex 54 52.3478 0
      vertex 58.4025 12.5814 0
      vertex 58.3579 12.44 0
    endloop
  endfacet
  facet normal 0 0 -1
    outer loop
      vertex 54 52.3478 0
      vertex 58.3579 12.44 0
      vertex 58.3258 12.2952 0
    endloop
  endfacet
  facet normal 0 0 -1
    outer loop
      vertex 54 52.3478 0
      vertex 58.3 12 0
      vertex 54 -52.3478 0
    endloop
  endfacet
  facet normal 0 0 -1
    outer loop
      vertex 58.3 12 0
      vertex 54 52.3478 0
      vertex 58.3065 12.1482 0
    endloop
  endfacet
  facet normal 0 0 -1
    outer loop
      vertex 54 52.3478 0
      vertex 58.3258 12.2952 0
      vertex 58.3065 12.1482 0
    endloop
  endfacet
  facet normal 0 0 -1
    outer loop
      vertex 60.44 13.6421 0
      vertex 54 52.3478 0
      vertex 66 55.632 0
    endloop
  endfacet
  facet normal 0 0 -1
    outer loop
      vertex 15.1482 49.5883 0
      vertex 66 55.632 0
      vertex 54 52.3478 0
    endloop
  endfacet
  facet normal 0 0 -1
    outer loop
      vertex 16.6935 48.0429 0
      vertex 54 52.3478 0
      vertex 16.7 47.8947 0
    endloop
  endfacet
  facet normal 0 0 -1
    outer loop
      vertex 16.6742 48.1899 0
      vertex 54 52.3478 0
      vertex 16.6935 48.0429 0
    endloop
  endfacet
  facet normal 0 0 -1
    outer loop
      vertex 16.6421 48.3347 0
      vertex 54 52.3478 0
      vertex 16.6742 48.1899 0
    endloop
  endfacet
  facet normal 0 0 -1
    outer loop
      vertex 16.5975 48.4762 0
      vertex 54 52.3478 0
      vertex 16.6421 48.3347 0
    endloop
  endfacet
  facet normal 0 0 -1
    outer loop
      vertex 16.5407 48.6132 0
      vertex 54 52.3478 0
      vertex 16.5975 48.4762 0
    endloop
  endfacet
  facet normal 0 0 -1
    outer loop
      vertex 16.4722 48.7447 0
      vertex 54 52.3478 0
      vertex 16.5407 48.6132 0
    endloop
  endfacet
  facet normal 0 0 -1
    outer loop
      vertex 16.3926 48.8698 0
      vertex 54 52.3478 0
      vertex 16.4722 48.7447 0
    endloop
  endfacet
  facet normal 0 0 -1
    outer loop
      vertex 16.3023 48.9875 0
      vertex 54 52.3478 0
      vertex 16.3926 48.8698 0
    endloop
  endfacet
  facet normal 0 0 -1
    outer loop
      vertex 16.2021 49.0968 0
      vertex 54 52.3478 0
      vertex 16.3023 48.9875 0
    endloop
  endfacet
  facet normal 0 0 -1
    outer loop
      vertex 16.0927 49.197 0
      vertex 54 52.3478 0
      vertex 16.2021 49.0968 0
    endloop
  endfacet
  facet normal 0 0 -1
    outer loop
      vertex 15.9751 49.2873 0
      vertex 54 52.3478 0
      vertex 16.0927 49.197 0
    endloop
  endfacet
  facet normal 0 0 -1
    outer loop
      vertex 15.85 49.367 0
      vertex 54 52.3478 0
      vertex 15.9751 49.2873 0
    endloop
  endfacet
  facet normal 0 0 -1
    outer loop
      vertex 15.7185 49.4355 0
      vertex 54 52.3478 0
      vertex 15.85 49.367 0
    endloop
  endfacet
  facet normal 0 0 -1
    outer loop
      vertex 15.5814 49.4922 0
      vertex 54 52.3478 0
      vertex 15.7185 49.4355 0
    endloop
  endfacet
  facet normal 0 0 -1
    outer loop
      vertex 15.44 49.5368 0
      vertex 54 52.3478 0
      vertex 15.5814 49.4922 0
    endloop
  endfacet
  facet normal 0 0 -1
    outer loop
      vertex 15.2952 49.5689 0
      vertex 54 52.3478 0
      vertex 15.44 49.5368 0
    endloop
  endfacet
  facet normal 0 0 -1
    outer loop
      vertex 15.1482 49.5883 0
      vertex 54 52.3478 0
      vertex 15.2952 49.5689 0
    endloop
  endfacet
  facet normal 0 0 -1
    outer loop
      vertex 66 55.632 0
      vertex 15.1482 49.5883 0
      vertex 15 49.5947 0
    endloop
  endfacet
  facet normal 0 0 -1
    outer loop
      vertex 66 55.632 0
      vertex 15 49.5947 0
      vertex 0 50.0101 0
    endloop
  endfacet
  facet normal 0 0 -1
    outer loop
      vertex 0 50.0101 0
      vertex 15 49.5947 0
      vertex 14.8518 49.5883 0
    endloop
  endfacet
  facet normal 0 0 -1
    outer loop
      vertex 0 50.0101 0
      vertex 14.8518 49.5883 0
      vertex 14.7048 49.5689 0
    endloop
  endfacet
  facet normal 0 0 -1
    outer loop
      vertex 0 50.0101 0
      vertex 14.7048 49.5689 0
      vertex 14.56 49.5368 0
    endloop
  endfacet
  facet normal 0 0 -1
    outer loop
      vertex 6.59748 45.7393 0
      vertex 13.3579 47.4547 0
      vertex 6.64207 45.5979 0
    endloop
  endfacet
  facet normal -0 0 -1
    outer loop
      vertex 13.3579 47.4547 0
      vertex 6.59748 45.7393 0
      vertex 13.3258 47.5995 0
    endloop
  endfacet
  facet normal 0 0 -1
    outer loop
      vertex 6.54072 45.8763 0
      vertex 13.3258 47.5995 0
      vertex 6.59748 45.7393 0
    endloop
  endfacet
  facet normal -0 0 -1
    outer loop
      vertex 13.3258 47.5995 0
      vertex 6.54072 45.8763 0
      vertex 13.3065 47.7466 0
    endloop
  endfacet
  facet normal 0 0 -1
    outer loop
      vertex 6.47224 46.0079 0
      vertex 13.3065 47.7466 0
      vertex 6.54072 45.8763 0
    endloop
  endfacet
  facet normal -0 0 -1
    outer loop
      vertex 13.3065 47.7466 0
      vertex 6.47224 46.0079 0
      vertex 13.3 47.8947 0
    endloop
  endfacet
  facet normal 0 0 -1
    outer loop
      vertex 6.39256 46.133 0
      vertex 13.3 47.8947 0
      vertex 6.47224 46.0079 0
    endloop
  endfacet
  facet normal -0 0 -1
    outer loop
      vertex 13.3 47.8947 0
      vertex 6.39256 46.133 0
      vertex 13.3065 48.0429 0
    endloop
  endfacet
  facet normal 0 0 -1
    outer loop
      vertex 6.30227 46.2506 0
      vertex 13.3065 48.0429 0
      vertex 6.39256 46.133 0
    endloop
  endfacet
  facet normal -0 0 -1
    outer loop
      vertex 13.3065 48.0429 0
      vertex 6.30227 46.2506 0
      vertex 13.3258 48.1899 0
    endloop
  endfacet
  facet normal 0 0 -1
    outer loop
      vertex 6.20208 46.36 0
      vertex 13.3258 48.1899 0
      vertex 6.30227 46.2506 0
    endloop
  endfacet
  facet normal -0 0 -1
    outer loop
      vertex 13.3258 48.1899 0
      vertex 6.20208 46.36 0
      vertex 13.3579 48.3347 0
    endloop
  endfacet
  facet normal 0 0 -1
    outer loop
      vertex 6.09274 46.4602 0
      vertex 13.3579 48.3347 0
      vertex 6.20208 46.36 0
    endloop
  endfacet
  facet normal -0 0 -1
    outer loop
      vertex 13.3579 48.3347 0
      vertex 6.09274 46.4602 0
      vertex 13.4025 48.4762 0
    endloop
  endfacet
  facet normal 0 0 -1
    outer loop
      vertex 5.97508 46.5505 0
      vertex 13.4025 48.4762 0
      vertex 6.09274 46.4602 0
    endloop
  endfacet
  facet normal -0 0 -1
    outer loop
      vertex 13.4025 48.4762 0
      vertex 5.97508 46.5505 0
      vertex 13.4593 48.6132 0
    endloop
  endfacet
  facet normal 0 0 -1
    outer loop
      vertex 5.85 46.6301 0
      vertex 13.4593 48.6132 0
      vertex 5.97508 46.5505 0
    endloop
  endfacet
  facet normal -0 0 -1
    outer loop
      vertex 13.4593 48.6132 0
      vertex 5.85 46.6301 0
      vertex 13.5278 48.7447 0
    endloop
  endfacet
  facet normal 0 0 -1
    outer loop
      vertex 5.71845 46.6986 0
      vertex 13.5278 48.7447 0
      vertex 5.85 46.6301 0
    endloop
  endfacet
  facet normal -0 0 -1
    outer loop
      vertex 13.5278 48.7447 0
      vertex 5.71845 46.6986 0
      vertex 13.6074 48.8698 0
    endloop
  endfacet
  facet normal 0 0 -1
    outer loop
      vertex 5.58143 46.7554 0
      vertex 13.6074 48.8698 0
      vertex 5.71845 46.6986 0
    endloop
  endfacet
  facet normal -0 0 -1
    outer loop
      vertex 13.6074 48.8698 0
      vertex 5.58143 46.7554 0
      vertex 13.6977 48.9875 0
    endloop
  endfacet
  facet normal 0 0 -1
    outer loop
      vertex 5.43999 46.8 0
      vertex 13.6977 48.9875 0
      vertex 5.58143 46.7554 0
    endloop
  endfacet
  facet normal -0 0 -1
    outer loop
      vertex 13.6977 48.9875 0
      vertex 5.43999 46.8 0
      vertex 13.7979 49.0968 0
    endloop
  endfacet
  facet normal 0 0 -1
    outer loop
      vertex 5.2952 46.8321 0
      vertex 13.7979 49.0968 0
      vertex 5.43999 46.8 0
    endloop
  endfacet
  facet normal -0 0 -1
    outer loop
      vertex 13.7979 49.0968 0
      vertex 5.2952 46.8321 0
      vertex 13.9073 49.197 0
    endloop
  endfacet
  facet normal 0 0 -1
    outer loop
      vertex 0 50.0101 0
      vertex 13.9073 49.197 0
      vertex 5.2952 46.8321 0
    endloop
  endfacet
  facet normal 0 0 -1
    outer loop
      vertex 13.9073 49.197 0
      vertex 0 50.0101 0
      vertex 14.0249 49.2873 0
    endloop
  endfacet
  facet normal 0 0 -1
    outer loop
      vertex 14.0249 49.2873 0
      vertex 0 50.0101 0
      vertex 14.15 49.367 0
    endloop
  endfacet
  facet normal 0 0 -1
    outer loop
      vertex 14.15 49.367 0
      vertex 0 50.0101 0
      vertex 14.2815 49.4355 0
    endloop
  endfacet
  facet normal 0 0 -1
    outer loop
      vertex 14.2815 49.4355 0
      vertex 0 50.0101 0
      vertex 14.4186 49.4922 0
    endloop
  endfacet
  facet normal 0 0 -1
    outer loop
      vertex 14.4186 49.4922 0
      vertex 0 50.0101 0
      vertex 14.56 49.5368 0
    endloop
  endfacet
  facet normal 0 0 -1
    outer loop
      vertex 0 50.0101 0
      vertex 5.2952 46.8321 0
      vertex 5.14816 46.8514 0
    endloop
  endfacet
  facet normal 0 0 -1
    outer loop
      vertex 0 50.0101 0
      vertex 5.14816 46.8514 0
      vertex 5 46.8579 0
    endloop
  endfacet
  facet normal 0 0 -1
    outer loop
      vertex 0 50.0101 0
      vertex 5 46.8579 0
      vertex 4.85183 46.8514 0
    endloop
  endfacet
  facet normal 0 0 -1
    outer loop
      vertex 0 50.0101 0
      vertex 4.85183 46.8514 0
      vertex 4.7048 46.8321 0
    endloop
  endfacet
  facet normal 0 0 -1
    outer loop
      vertex 0 50.0101 0
      vertex 4.7048 46.8321 0
      vertex 4.56001 46.8 0
    endloop
  endfacet
  facet normal -0 0 -1
    outer loop
      vertex 3.30647 45.0097 0
      vertex 0 43.7895 0
      vertex 3.3 45.1579 0
    endloop
  endfacet
  facet normal -0 0 -1
    outer loop
      vertex 3.3 45.1579 0
      vertex 0 43.7895 0
      vertex 3.30647 45.3061 0
    endloop
  endfacet
  facet normal -0 0 -1
    outer loop
      vertex 3.30647 45.3061 0
      vertex 0 43.7895 0
      vertex 3.32583 45.4531 0
    endloop
  endfacet
  facet normal -0 0 -1
    outer loop
      vertex 3.32583 45.4531 0
      vertex 0 43.7895 0
      vertex 3.35793 45.5979 0
    endloop
  endfacet
  facet normal 0 0 -1
    outer loop
      vertex 0 43.7895 0
      vertex 3.40252 45.7393 0
      vertex 3.35793 45.5979 0
    endloop
  endfacet
  facet normal 0 0 -1
    outer loop
      vertex 0 50.0101 0
      vertex 3.40252 45.7393 0
      vertex 0 43.7895 0
    endloop
  endfacet
  facet normal 0 0 -1
    outer loop
      vertex 3.40252 45.7393 0
      vertex 0 50.0101 0
      vertex 3.45928 45.8763 0
    endloop
  endfacet
  facet normal 0 0 -1
    outer loop
      vertex 3.45928 45.8763 0
      vertex 0 50.0101 0
      vertex 3.52776 46.0079 0
    endloop
  endfacet
  facet normal 0 0 -1
    outer loop
      vertex 3.52776 46.0079 0
      vertex 0 50.0101 0
      vertex 3.60744 46.133 0
    endloop
  endfacet
  facet normal 0 0 -1
    outer loop
      vertex 3.60744 46.133 0
      vertex 0 50.0101 0
      vertex 3.69772 46.2506 0
    endloop
  endfacet
  facet normal 0 0 -1
    outer loop
      vertex 3.69772 46.2506 0
      vertex 0 50.0101 0
      vertex 3.79792 46.36 0
    endloop
  endfacet
  facet normal 0 0 -1
    outer loop
      vertex 3.79792 46.36 0
      vertex 0 50.0101 0
      vertex 3.90726 46.4602 0
    endloop
  endfacet
  facet normal -0 0 -1
    outer loop
      vertex 66 55.632 0
      vertex 0 50.0101 0
      vertex 214 108.579 0
    endloop
  endfacet
  facet normal 0 0 -1
    outer loop
      vertex 4.41857 46.7554 0
      vertex 0 50.0101 0
      vertex 4.56001 46.8 0
    endloop
  endfacet
  facet normal 0 0 -1
    outer loop
      vertex 4.28155 46.6986 0
      vertex 0 50.0101 0
      vertex 4.41857 46.7554 0
    endloop
  endfacet
  facet normal 0 0 -1
    outer loop
      vertex 4.15 46.6301 0
      vertex 0 50.0101 0
      vertex 4.28155 46.6986 0
    endloop
  endfacet
  facet normal 0 0 -1
    outer loop
      vertex 4.02492 46.5505 0
      vertex 0 50.0101 0
      vertex 4.15 46.6301 0
    endloop
  endfacet
  facet normal 0 0 -1
    outer loop
      vertex 3.90726 46.4602 0
      vertex 0 50.0101 0
      vertex 4.02492 46.5505 0
    endloop
  endfacet
  facet normal -0.964529 0.263976 0
    outer loop
      vertex 0 -43.7895 0
      vertex 1.58386 -38.0023 8.65
      vertex 1.58386 -38.0023 0
    endloop
  endfacet
  facet normal -0.964529 0.263976 0
    outer loop
      vertex 1.58386 -38.0023 8.65
      vertex 0 -43.7895 0
      vertex 0 -43.7895 8.65
    endloop
  endfacet
  facet normal 0.263978 0.964529 0
    outer loop
      vertex 54 -52.3478 18
      vertex 21.7839 -43.5307 8.65
      vertex 21.7839 -43.5307 18
    endloop
  endfacet
  facet normal 0.263978 0.964529 -0
    outer loop
      vertex 54 -52.3478 0
      vertex 21.7839 -43.5307 8.65
      vertex 54 -52.3478 18
    endloop
  endfacet
  facet normal 0.263977 0.964529 -4.86189e-06
    outer loop
      vertex 1.58386 -38.0023 0
      vertex 21.7839 -43.5307 8.65
      vertex 54 -52.3478 0
    endloop
  endfacet
  facet normal 0.263975 0.96453 0
    outer loop
      vertex 21.7839 -43.5307 8.65
      vertex 1.58386 -38.0023 0
      vertex 1.58386 -38.0023 8.65
    endloop
  endfacet
  facet normal 0.263976 0.964529 -0
    outer loop
      vertex 214 -96.1372 0
      vertex 66 -55.632 18
      vertex 214 -96.1372 18
    endloop
  endfacet
  facet normal 0.263976 0.964529 0
    outer loop
      vertex 66 -55.632 18
      vertex 214 -96.1372 0
      vertex 66 -55.632 0
    endloop
  endfacet
  facet normal -0.26398 -0.964528 -0
    outer loop
      vertex 0 -50.0101 8.65
      vertex 0 -50.0101 0
      vertex 18.6161 -55.1051 8.65
    endloop
  endfacet
  facet normal -0.263978 -0.964529 0
    outer loop
      vertex 18.6161 -55.1051 8.65
      vertex 214 -108.579 18
      vertex 18.6161 -55.1051 18
    endloop
  endfacet
  facet normal -0.263978 -0.964529 -2.86618e-06
    outer loop
      vertex 214 -108.579 0
      vertex 18.6161 -55.1051 8.65
      vertex 0 -50.0101 0
    endloop
  endfacet
  facet normal -0.263978 -0.964529 0
    outer loop
      vertex 18.6161 -55.1051 8.65
      vertex 214 -108.579 0
      vertex 214 -108.579 18
    endloop
  endfacet
  facet normal -0.964529 -0.263976 0
    outer loop
      vertex 1.58386 38.0023 0
      vertex 0 43.7895 8.65
      vertex 0 43.7895 0
    endloop
  endfacet
  facet normal -0.964529 -0.263976 0
    outer loop
      vertex 0 43.7895 8.65
      vertex 1.58386 38.0023 0
      vertex 1.58386 38.0023 8.65
    endloop
  endfacet
  facet normal -0.263978 0.964529 0
    outer loop
      vertex 214 108.579 18
      vertex 18.6161 55.1051 8.65
      vertex 18.6161 55.1051 18
    endloop
  endfacet
  facet normal -0.263978 0.964529 0
    outer loop
      vertex 214 108.579 0
      vertex 18.6161 55.1051 8.65
      vertex 214 108.579 18
    endloop
  endfacet
  facet normal -0.263978 0.964529 -2.86618e-06
    outer loop
      vertex 0 50.0101 0
      vertex 18.6161 55.1051 8.65
      vertex 214 108.579 0
    endloop
  endfacet
  facet normal -0.26398 0.964528 0
    outer loop
      vertex 18.6161 55.1051 8.65
      vertex 0 50.0101 0
      vertex 0 50.0101 8.65
    endloop
  endfacet
  facet normal 0.263975 -0.96453 0
    outer loop
      vertex 1.58386 38.0023 8.65
      vertex 1.58386 38.0023 0
      vertex 21.7839 43.5307 8.65
    endloop
  endfacet
  facet normal 0.263978 -0.964529 0
    outer loop
      vertex 21.7839 43.5307 8.65
      vertex 54 52.3478 18
      vertex 21.7839 43.5307 18
    endloop
  endfacet
  facet normal 0.263977 -0.964529 -4.86189e-06
    outer loop
      vertex 54 52.3478 0
      vertex 21.7839 43.5307 8.65
      vertex 1.58386 38.0023 0
    endloop
  endfacet
  facet normal 0.263978 -0.964529 0
    outer loop
      vertex 21.7839 43.5307 8.65
      vertex 54 52.3478 0
      vertex 54 52.3478 18
    endloop
  endfacet
  facet normal 0.263976 -0.964529 0
    outer loop
      vertex 66 55.632 0
      vertex 214 96.1372 18
      vertex 66 55.632 18
    endloop
  endfacet
  facet normal 0.263976 -0.964529 0
    outer loop
      vertex 214 96.1372 18
      vertex 66 55.632 0
      vertex 214 96.1372 0
    endloop
  endfacet
  facet normal -0.991491 -0.130175 0
    outer loop
      vertex 61.6935 -11.8518 0
      vertex 61.6742 -11.7048 18
      vertex 61.6742 -11.7048 0
    endloop
  endfacet
  facet normal -0.991491 -0.130175 0
    outer loop
      vertex 61.6742 -11.7048 18
      vertex 61.6935 -11.8518 0
      vertex 61.6935 -11.8518 18
    endloop
  endfacet
  facet normal -0.99904 -0.0438175 0
    outer loop
      vertex 61.7 -12 0
      vertex 61.6935 -11.8518 18
      vertex 61.6935 -11.8518 0
    endloop
  endfacet
  facet normal -0.99904 -0.0438175 0
    outer loop
      vertex 61.6935 -11.8518 18
      vertex 61.7 -12 0
      vertex 61.7 -12 18
    endloop
  endfacet
  facet normal -0.976298 -0.216431 0
    outer loop
      vertex 61.6742 -11.7048 0
      vertex 61.6421 -11.56 18
      vertex 61.6421 -11.56 0
    endloop
  endfacet
  facet normal -0.976298 -0.216431 0
    outer loop
      vertex 61.6421 -11.56 18
      vertex 61.6742 -11.7048 0
      vertex 61.6742 -11.7048 18
    endloop
  endfacet
  facet normal -0.130175 0.991491 0
    outer loop
      vertex 60.2952 -13.6742 0
      vertex 60.1482 -13.6935 18
      vertex 60.2952 -13.6742 18
    endloop
  endfacet
  facet normal -0.130175 0.991491 0
    outer loop
      vertex 60.1482 -13.6935 18
      vertex 60.2952 -13.6742 0
      vertex 60.1482 -13.6935 0
    endloop
  endfacet
  facet normal -0.300809 0.953685 0
    outer loop
      vertex 60.5814 -13.5975 0
      vertex 60.44 -13.6421 18
      vertex 60.5814 -13.5975 18
    endloop
  endfacet
  facet normal -0.300809 0.953685 0
    outer loop
      vertex 60.44 -13.6421 18
      vertex 60.5814 -13.5975 0
      vertex 60.44 -13.6421 0
    endloop
  endfacet
  facet normal 0.953685 -0.300809 0
    outer loop
      vertex 58.3579 -11.56 18
      vertex 58.4025 -11.4186 0
      vertex 58.4025 -11.4186 18
    endloop
  endfacet
  facet normal 0.953685 -0.300809 0
    outer loop
      vertex 58.4025 -11.4186 0
      vertex 58.3579 -11.56 18
      vertex 58.3579 -11.56 0
    endloop
  endfacet
  facet normal 0.79315 0.609026 0
    outer loop
      vertex 58.6977 -13.0927 18
      vertex 58.6074 -12.9751 0
      vertex 58.6074 -12.9751 18
    endloop
  endfacet
  facet normal 0.79315 0.609026 0
    outer loop
      vertex 58.6074 -12.9751 0
      vertex 58.6977 -13.0927 18
      vertex 58.6977 -13.0927 0
    endloop
  endfacet
  facet normal -0.953685 -0.300809 0
    outer loop
      vertex 61.6421 -11.56 0
      vertex 61.5975 -11.4186 18
      vertex 61.5975 -11.4186 0
    endloop
  endfacet
  facet normal -0.953685 -0.300809 0
    outer loop
      vertex 61.5975 -11.4186 18
      vertex 61.6421 -11.56 0
      vertex 61.6421 -11.56 18
    endloop
  endfacet
  facet normal -0.79315 -0.609026 0
    outer loop
      vertex 61.3926 -11.0249 0
      vertex 61.3023 -10.9073 18
      vertex 61.3023 -10.9073 0
    endloop
  endfacet
  facet normal -0.79315 -0.609026 0
    outer loop
      vertex 61.3023 -10.9073 18
      vertex 61.3926 -11.0249 0
      vertex 61.3926 -11.0249 18
    endloop
  endfacet
  facet normal 0.536832 -0.843689 0
    outer loop
      vertex 59.0249 -10.6074 0
      vertex 59.15 -10.5278 18
      vertex 59.0249 -10.6074 18
    endloop
  endfacet
  facet normal 0.536832 -0.843689 0
    outer loop
      vertex 59.15 -10.5278 18
      vertex 59.0249 -10.6074 0
      vertex 59.15 -10.5278 0
    endloop
  endfacet
  facet normal 0.300809 -0.953685 0
    outer loop
      vertex 59.4186 -10.4025 0
      vertex 59.56 -10.3579 18
      vertex 59.4186 -10.4025 18
    endloop
  endfacet
  facet normal 0.300809 -0.953685 0
    outer loop
      vertex 59.56 -10.3579 18
      vertex 59.4186 -10.4025 0
      vertex 59.56 -10.3579 0
    endloop
  endfacet
  facet normal 0.216431 -0.976298 0
    outer loop
      vertex 59.56 -10.3579 0
      vertex 59.7048 -10.3258 18
      vertex 59.56 -10.3579 18
    endloop
  endfacet
  facet normal 0.216431 -0.976298 0
    outer loop
      vertex 59.7048 -10.3258 18
      vertex 59.56 -10.3579 0
      vertex 59.7048 -10.3258 0
    endloop
  endfacet
  facet normal 0.923853 0.382749 0
    outer loop
      vertex 58.4593 -12.7185 18
      vertex 58.4025 -12.5814 0
      vertex 58.4025 -12.5814 18
    endloop
  endfacet
  facet normal 0.923853 0.382749 0
    outer loop
      vertex 58.4025 -12.5814 0
      vertex 58.4593 -12.7185 18
      vertex 58.4593 -12.7185 0
    endloop
  endfacet
  facet normal -0.843689 -0.536832 0
    outer loop
      vertex 61.4722 -11.15 0
      vertex 61.3926 -11.0249 18
      vertex 61.3926 -11.0249 0
    endloop
  endfacet
  facet normal -0.843689 -0.536832 0
    outer loop
      vertex 61.3926 -11.0249 18
      vertex 61.4722 -11.15 0
      vertex 61.4722 -11.15 18
    endloop
  endfacet
  facet normal -0.953685 0.300809 0
    outer loop
      vertex 61.5975 -12.5814 0
      vertex 61.6421 -12.44 18
      vertex 61.6421 -12.44 0
    endloop
  endfacet
  facet normal -0.953685 0.300809 0
    outer loop
      vertex 61.6421 -12.44 18
      vertex 61.5975 -12.5814 0
      vertex 61.5975 -12.5814 18
    endloop
  endfacet
  facet normal -0.675419 -0.737434 0
    outer loop
      vertex 61.0927 -10.6977 0
      vertex 61.2021 -10.7979 18
      vertex 61.0927 -10.6977 18
    endloop
  endfacet
  facet normal -0.675419 -0.737434 -0
    outer loop
      vertex 61.2021 -10.7979 18
      vertex 61.0927 -10.6977 0
      vertex 61.2021 -10.7979 0
    endloop
  endfacet
  facet normal -0.536832 -0.843689 0
    outer loop
      vertex 60.85 -10.5278 0
      vertex 60.9751 -10.6074 18
      vertex 60.85 -10.5278 18
    endloop
  endfacet
  facet normal -0.536832 -0.843689 -0
    outer loop
      vertex 60.9751 -10.6074 18
      vertex 60.85 -10.5278 0
      vertex 60.9751 -10.6074 0
    endloop
  endfacet
  facet normal -0.99904 0.0438175 0
    outer loop
      vertex 61.6935 -12.1482 0
      vertex 61.7 -12 18
      vertex 61.7 -12 0
    endloop
  endfacet
  facet normal -0.99904 0.0438175 0
    outer loop
      vertex 61.7 -12 18
      vertex 61.6935 -12.1482 0
      vertex 61.6935 -12.1482 18
    endloop
  endfacet
  facet normal 0.216431 0.976298 -0
    outer loop
      vertex 59.7048 -13.6742 0
      vertex 59.56 -13.6421 18
      vertex 59.7048 -13.6742 18
    endloop
  endfacet
  facet normal 0.216431 0.976298 0
    outer loop
      vertex 59.56 -13.6421 18
      vertex 59.7048 -13.6742 0
      vertex 59.56 -13.6421 0
    endloop
  endfacet
  facet normal -0.609026 -0.79315 0
    outer loop
      vertex 60.9751 -10.6074 0
      vertex 61.0927 -10.6977 18
      vertex 60.9751 -10.6074 18
    endloop
  endfacet
  facet normal -0.609026 -0.79315 -0
    outer loop
      vertex 61.0927 -10.6977 18
      vertex 60.9751 -10.6074 0
      vertex 61.0927 -10.6977 0
    endloop
  endfacet
  facet normal 0.953685 0.300809 0
    outer loop
      vertex 58.4025 -12.5814 18
      vertex 58.3579 -12.44 0
      vertex 58.3579 -12.44 18
    endloop
  endfacet
  facet normal 0.953685 0.300809 0
    outer loop
      vertex 58.3579 -12.44 0
      vertex 58.4025 -12.5814 18
      vertex 58.4025 -12.5814 0
    endloop
  endfacet
  facet normal 0.609026 -0.79315 0
    outer loop
      vertex 58.9073 -10.6977 0
      vertex 59.0249 -10.6074 18
      vertex 58.9073 -10.6977 18
    endloop
  endfacet
  facet normal 0.609026 -0.79315 0
    outer loop
      vertex 59.0249 -10.6074 18
      vertex 58.9073 -10.6977 0
      vertex 59.0249 -10.6074 0
    endloop
  endfacet
  facet normal -0.216431 0.976298 0
    outer loop
      vertex 60.44 -13.6421 0
      vertex 60.2952 -13.6742 18
      vertex 60.44 -13.6421 18
    endloop
  endfacet
  facet normal -0.216431 0.976298 0
    outer loop
      vertex 60.2952 -13.6742 18
      vertex 60.44 -13.6421 0
      vertex 60.2952 -13.6742 0
    endloop
  endfacet
  facet normal 0.382749 0.923853 -0
    outer loop
      vertex 59.4186 -13.5975 0
      vertex 59.2815 -13.5407 18
      vertex 59.4186 -13.5975 18
    endloop
  endfacet
  facet normal 0.382749 0.923853 0
    outer loop
      vertex 59.2815 -13.5407 18
      vertex 59.4186 -13.5975 0
      vertex 59.2815 -13.5407 0
    endloop
  endfacet
  facet normal -0.46199 0.886885 0
    outer loop
      vertex 60.85 -13.4722 0
      vertex 60.7185 -13.5407 18
      vertex 60.85 -13.4722 18
    endloop
  endfacet
  facet normal -0.46199 0.886885 0
    outer loop
      vertex 60.7185 -13.5407 18
      vertex 60.85 -13.4722 0
      vertex 60.7185 -13.5407 0
    endloop
  endfacet
  facet normal 0.0438175 -0.99904 0
    outer loop
      vertex 59.8518 -10.3065 0
      vertex 60 -10.3 18
      vertex 59.8518 -10.3065 18
    endloop
  endfacet
  facet normal 0.0438175 -0.99904 0
    outer loop
      vertex 60 -10.3 18
      vertex 59.8518 -10.3065 0
      vertex 60 -10.3 0
    endloop
  endfacet
  facet normal 0.536832 0.843689 -0
    outer loop
      vertex 59.15 -13.4722 0
      vertex 59.0249 -13.3926 18
      vertex 59.15 -13.4722 18
    endloop
  endfacet
  facet normal 0.536832 0.843689 0
    outer loop
      vertex 59.0249 -13.3926 18
      vertex 59.15 -13.4722 0
      vertex 59.0249 -13.3926 0
    endloop
  endfacet
  facet normal -0.0438175 0.99904 0
    outer loop
      vertex 60.1482 -13.6935 0
      vertex 60 -13.7 18
      vertex 60.1482 -13.6935 18
    endloop
  endfacet
  facet normal -0.0438175 0.99904 0
    outer loop
      vertex 60 -13.7 18
      vertex 60.1482 -13.6935 0
      vertex 60 -13.7 0
    endloop
  endfacet
  facet normal 0.886885 0.46199 0
    outer loop
      vertex 58.5278 -12.85 18
      vertex 58.4593 -12.7185 0
      vertex 58.4593 -12.7185 18
    endloop
  endfacet
  facet normal 0.886885 0.46199 0
    outer loop
      vertex 58.4593 -12.7185 0
      vertex 58.5278 -12.85 18
      vertex 58.5278 -12.85 0
    endloop
  endfacet
  facet normal -0.46199 -0.886885 0
    outer loop
      vertex 60.7185 -10.4593 0
      vertex 60.85 -10.5278 18
      vertex 60.7185 -10.4593 18
    endloop
  endfacet
  facet normal -0.46199 -0.886885 -0
    outer loop
      vertex 60.85 -10.5278 18
      vertex 60.7185 -10.4593 0
      vertex 60.85 -10.5278 0
    endloop
  endfacet
  facet normal -0.675419 0.737434 0
    outer loop
      vertex 61.2021 -13.2021 0
      vertex 61.0927 -13.3023 18
      vertex 61.2021 -13.2021 18
    endloop
  endfacet
  facet normal -0.675419 0.737434 0
    outer loop
      vertex 61.0927 -13.3023 18
      vertex 61.2021 -13.2021 0
      vertex 61.0927 -13.3023 0
    endloop
  endfacet
  facet normal -0.536832 0.843689 0
    outer loop
      vertex 60.9751 -13.3926 0
      vertex 60.85 -13.4722 18
      vertex 60.9751 -13.3926 18
    endloop
  endfacet
  facet normal -0.536832 0.843689 0
    outer loop
      vertex 60.85 -13.4722 18
      vertex 60.9751 -13.3926 0
      vertex 60.85 -13.4722 0
    endloop
  endfacet
  facet normal -0.79315 0.609026 0
    outer loop
      vertex 61.3023 -13.0927 0
      vertex 61.3926 -12.9751 18
      vertex 61.3926 -12.9751 0
    endloop
  endfacet
  facet normal -0.79315 0.609026 0
    outer loop
      vertex 61.3926 -12.9751 18
      vertex 61.3023 -13.0927 0
      vertex 61.3023 -13.0927 18
    endloop
  endfacet
  facet normal 0.99904 -0.0438175 0
    outer loop
      vertex 58.3 -12 18
      vertex 58.3065 -11.8518 0
      vertex 58.3065 -11.8518 18
    endloop
  endfacet
  facet normal 0.99904 -0.0438175 0
    outer loop
      vertex 58.3065 -11.8518 0
      vertex 58.3 -12 18
      vertex 58.3 -12 0
    endloop
  endfacet
  facet normal -0.609026 0.79315 0
    outer loop
      vertex 61.0927 -13.3023 0
      vertex 60.9751 -13.3926 18
      vertex 61.0927 -13.3023 18
    endloop
  endfacet
  facet normal -0.609026 0.79315 0
    outer loop
      vertex 60.9751 -13.3926 18
      vertex 61.0927 -13.3023 0
      vertex 60.9751 -13.3926 0
    endloop
  endfacet
  facet normal -0.923853 -0.382749 0
    outer loop
      vertex 61.5975 -11.4186 0
      vertex 61.5407 -11.2815 18
      vertex 61.5407 -11.2815 0
    endloop
  endfacet
  facet normal -0.923853 -0.382749 0
    outer loop
      vertex 61.5407 -11.2815 18
      vertex 61.5975 -11.4186 0
      vertex 61.5975 -11.4186 18
    endloop
  endfacet
  facet normal -0.737434 -0.675419 0
    outer loop
      vertex 61.3023 -10.9073 0
      vertex 61.2021 -10.7979 18
      vertex 61.2021 -10.7979 0
    endloop
  endfacet
  facet normal -0.737434 -0.675419 0
    outer loop
      vertex 61.2021 -10.7979 18
      vertex 61.3023 -10.9073 0
      vertex 61.3023 -10.9073 18
    endloop
  endfacet
  facet normal 0.923853 -0.382749 0
    outer loop
      vertex 58.4025 -11.4186 18
      vertex 58.4593 -11.2815 0
      vertex 58.4593 -11.2815 18
    endloop
  endfacet
  facet normal 0.923853 -0.382749 0
    outer loop
      vertex 58.4593 -11.2815 0
      vertex 58.4025 -11.4186 18
      vertex 58.4025 -11.4186 0
    endloop
  endfacet
  facet normal -0.382749 0.923853 0
    outer loop
      vertex 60.7185 -13.5407 0
      vertex 60.5814 -13.5975 18
      vertex 60.7185 -13.5407 18
    endloop
  endfacet
  facet normal -0.382749 0.923853 0
    outer loop
      vertex 60.5814 -13.5975 18
      vertex 60.7185 -13.5407 0
      vertex 60.5814 -13.5975 0
    endloop
  endfacet
  facet normal -0.886885 -0.46199 0
    outer loop
      vertex 61.5407 -11.2815 0
      vertex 61.4722 -11.15 18
      vertex 61.4722 -11.15 0
    endloop
  endfacet
  facet normal -0.886885 -0.46199 0
    outer loop
      vertex 61.4722 -11.15 18
      vertex 61.5407 -11.2815 0
      vertex 61.5407 -11.2815 18
    endloop
  endfacet
  facet normal 0.675419 -0.737434 0
    outer loop
      vertex 58.7979 -10.7979 0
      vertex 58.9073 -10.6977 18
      vertex 58.7979 -10.7979 18
    endloop
  endfacet
  facet normal 0.675419 -0.737434 0
    outer loop
      vertex 58.9073 -10.6977 18
      vertex 58.7979 -10.7979 0
      vertex 58.9073 -10.6977 0
    endloop
  endfacet
  facet normal 0.675419 0.737434 -0
    outer loop
      vertex 58.9073 -13.3023 0
      vertex 58.7979 -13.2021 18
      vertex 58.9073 -13.3023 18
    endloop
  endfacet
  facet normal 0.675419 0.737434 0
    outer loop
      vertex 58.7979 -13.2021 18
      vertex 58.9073 -13.3023 0
      vertex 58.7979 -13.2021 0
    endloop
  endfacet
  facet normal -0.130175 -0.991491 0
    outer loop
      vertex 60.1482 -10.3065 0
      vertex 60.2952 -10.3258 18
      vertex 60.1482 -10.3065 18
    endloop
  endfacet
  facet normal -0.130175 -0.991491 -0
    outer loop
      vertex 60.2952 -10.3258 18
      vertex 60.1482 -10.3065 0
      vertex 60.2952 -10.3258 0
    endloop
  endfacet
  facet normal 0.46199 -0.886885 0
    outer loop
      vertex 59.15 -10.5278 0
      vertex 59.2815 -10.4593 18
      vertex 59.15 -10.5278 18
    endloop
  endfacet
  facet normal 0.46199 -0.886885 0
    outer loop
      vertex 59.2815 -10.4593 18
      vertex 59.15 -10.5278 0
      vertex 59.2815 -10.4593 0
    endloop
  endfacet
  facet normal 0.382749 -0.923853 0
    outer loop
      vertex 59.2815 -10.4593 0
      vertex 59.4186 -10.4025 18
      vertex 59.2815 -10.4593 18
    endloop
  endfacet
  facet normal 0.382749 -0.923853 0
    outer loop
      vertex 59.4186 -10.4025 18
      vertex 59.2815 -10.4593 0
      vertex 59.4186 -10.4025 0
    endloop
  endfacet
  facet normal 0.991491 -0.130175 0
    outer loop
      vertex 58.3065 -11.8518 18
      vertex 58.3258 -11.7048 0
      vertex 58.3258 -11.7048 18
    endloop
  endfacet
  facet normal 0.991491 -0.130175 0
    outer loop
      vertex 58.3258 -11.7048 0
      vertex 58.3065 -11.8518 18
      vertex 58.3065 -11.8518 0
    endloop
  endfacet
  facet normal 0.976298 -0.216431 0
    outer loop
      vertex 58.3258 -11.7048 18
      vertex 58.3579 -11.56 0
      vertex 58.3579 -11.56 18
    endloop
  endfacet
  facet normal 0.976298 -0.216431 0
    outer loop
      vertex 58.3579 -11.56 0
      vertex 58.3258 -11.7048 18
      vertex 58.3258 -11.7048 0
    endloop
  endfacet
  facet normal -0.923853 0.382749 0
    outer loop
      vertex 61.5407 -12.7185 0
      vertex 61.5975 -12.5814 18
      vertex 61.5975 -12.5814 0
    endloop
  endfacet
  facet normal -0.923853 0.382749 0
    outer loop
      vertex 61.5975 -12.5814 18
      vertex 61.5407 -12.7185 0
      vertex 61.5407 -12.7185 18
    endloop
  endfacet
  facet normal -0.216431 -0.976298 0
    outer loop
      vertex 60.2952 -10.3258 0
      vertex 60.44 -10.3579 18
      vertex 60.2952 -10.3258 18
    endloop
  endfacet
  facet normal -0.216431 -0.976298 -0
    outer loop
      vertex 60.44 -10.3579 18
      vertex 60.2952 -10.3258 0
      vertex 60.44 -10.3579 0
    endloop
  endfacet
  facet normal 0.79315 -0.609026 0
    outer loop
      vertex 58.6074 -11.0249 18
      vertex 58.6977 -10.9073 0
      vertex 58.6977 -10.9073 18
    endloop
  endfacet
  facet normal 0.79315 -0.609026 0
    outer loop
      vertex 58.6977 -10.9073 0
      vertex 58.6074 -11.0249 18
      vertex 58.6074 -11.0249 0
    endloop
  endfacet
  facet normal 0.99904 0.0438175 0
    outer loop
      vertex 58.3065 -12.1482 18
      vertex 58.3 -12 0
      vertex 58.3 -12 18
    endloop
  endfacet
  facet normal 0.99904 0.0438175 0
    outer loop
      vertex 58.3 -12 0
      vertex 58.3065 -12.1482 18
      vertex 58.3065 -12.1482 0
    endloop
  endfacet
  facet normal 0.46199 0.886885 -0
    outer loop
      vertex 59.2815 -13.5407 0
      vertex 59.15 -13.4722 18
      vertex 59.2815 -13.5407 18
    endloop
  endfacet
  facet normal 0.46199 0.886885 0
    outer loop
      vertex 59.15 -13.4722 18
      vertex 59.2815 -13.5407 0
      vertex 59.15 -13.4722 0
    endloop
  endfacet
  facet normal -0.0438175 -0.99904 0
    outer loop
      vertex 60 -10.3 0
      vertex 60.1482 -10.3065 18
      vertex 60 -10.3 18
    endloop
  endfacet
  facet normal -0.0438175 -0.99904 -0
    outer loop
      vertex 60.1482 -10.3065 18
      vertex 60 -10.3 0
      vertex 60.1482 -10.3065 0
    endloop
  endfacet
  facet normal -0.976298 0.216431 0
    outer loop
      vertex 61.6421 -12.44 0
      vertex 61.6742 -12.2952 18
      vertex 61.6742 -12.2952 0
    endloop
  endfacet
  facet normal -0.976298 0.216431 0
    outer loop
      vertex 61.6742 -12.2952 18
      vertex 61.6421 -12.44 0
      vertex 61.6421 -12.44 18
    endloop
  endfacet
  facet normal 0.737434 0.675419 0
    outer loop
      vertex 58.7979 -13.2021 18
      vertex 58.6977 -13.0927 0
      vertex 58.6977 -13.0927 18
    endloop
  endfacet
  facet normal 0.737434 0.675419 0
    outer loop
      vertex 58.6977 -13.0927 0
      vertex 58.7979 -13.2021 18
      vertex 58.7979 -13.2021 0
    endloop
  endfacet
  facet normal 0.976298 0.216431 0
    outer loop
      vertex 58.3579 -12.44 18
      vertex 58.3258 -12.2952 0
      vertex 58.3258 -12.2952 18
    endloop
  endfacet
  facet normal 0.976298 0.216431 0
    outer loop
      vertex 58.3258 -12.2952 0
      vertex 58.3579 -12.44 18
      vertex 58.3579 -12.44 0
    endloop
  endfacet
  facet normal -0.886885 0.46199 0
    outer loop
      vertex 61.4722 -12.85 0
      vertex 61.5407 -12.7185 18
      vertex 61.5407 -12.7185 0
    endloop
  endfacet
  facet normal -0.886885 0.46199 0
    outer loop
      vertex 61.5407 -12.7185 18
      vertex 61.4722 -12.85 0
      vertex 61.4722 -12.85 18
    endloop
  endfacet
  facet normal -0.382749 -0.923853 0
    outer loop
      vertex 60.5814 -10.4025 0
      vertex 60.7185 -10.4593 18
      vertex 60.5814 -10.4025 18
    endloop
  endfacet
  facet normal -0.382749 -0.923853 -0
    outer loop
      vertex 60.7185 -10.4593 18
      vertex 60.5814 -10.4025 0
      vertex 60.7185 -10.4593 0
    endloop
  endfacet
  facet normal -0.300809 -0.953685 0
    outer loop
      vertex 60.44 -10.3579 0
      vertex 60.5814 -10.4025 18
      vertex 60.44 -10.3579 18
    endloop
  endfacet
  facet normal -0.300809 -0.953685 -0
    outer loop
      vertex 60.5814 -10.4025 18
      vertex 60.44 -10.3579 0
      vertex 60.5814 -10.4025 0
    endloop
  endfacet
  facet normal 0.737434 -0.675419 0
    outer loop
      vertex 58.6977 -10.9073 18
      vertex 58.7979 -10.7979 0
      vertex 58.7979 -10.7979 18
    endloop
  endfacet
  facet normal 0.737434 -0.675419 0
    outer loop
      vertex 58.7979 -10.7979 0
      vertex 58.6977 -10.9073 18
      vertex 58.6977 -10.9073 0
    endloop
  endfacet
  facet normal 0.130175 -0.991491 0
    outer loop
      vertex 59.7048 -10.3258 0
      vertex 59.8518 -10.3065 18
      vertex 59.7048 -10.3258 18
    endloop
  endfacet
  facet normal 0.130175 -0.991491 0
    outer loop
      vertex 59.8518 -10.3065 18
      vertex 59.7048 -10.3258 0
      vertex 59.8518 -10.3065 0
    endloop
  endfacet
  facet normal 0.609026 0.79315 -0
    outer loop
      vertex 59.0249 -13.3926 0
      vertex 58.9073 -13.3023 18
      vertex 59.0249 -13.3926 18
    endloop
  endfacet
  facet normal 0.609026 0.79315 0
    outer loop
      vertex 58.9073 -13.3023 18
      vertex 59.0249 -13.3926 0
      vertex 58.9073 -13.3023 0
    endloop
  endfacet
  facet normal -0.843689 0.536832 0
    outer loop
      vertex 61.3926 -12.9751 0
      vertex 61.4722 -12.85 18
      vertex 61.4722 -12.85 0
    endloop
  endfacet
  facet normal -0.843689 0.536832 0
    outer loop
      vertex 61.4722 -12.85 18
      vertex 61.3926 -12.9751 0
      vertex 61.3926 -12.9751 18
    endloop
  endfacet
  facet normal 0.300809 0.953685 -0
    outer loop
      vertex 59.56 -13.6421 0
      vertex 59.4186 -13.5975 18
      vertex 59.56 -13.6421 18
    endloop
  endfacet
  facet normal 0.300809 0.953685 0
    outer loop
      vertex 59.4186 -13.5975 18
      vertex 59.56 -13.6421 0
      vertex 59.4186 -13.5975 0
    endloop
  endfacet
  facet normal 0.991491 0.130175 0
    outer loop
      vertex 58.3258 -12.2952 18
      vertex 58.3065 -12.1482 0
      vertex 58.3065 -12.1482 18
    endloop
  endfacet
  facet normal 0.991491 0.130175 0
    outer loop
      vertex 58.3065 -12.1482 0
      vertex 58.3258 -12.2952 18
      vertex 58.3258 -12.2952 0
    endloop
  endfacet
  facet normal 0.843689 0.536832 0
    outer loop
      vertex 58.6074 -12.9751 18
      vertex 58.5278 -12.85 0
      vertex 58.5278 -12.85 18
    endloop
  endfacet
  facet normal 0.843689 0.536832 0
    outer loop
      vertex 58.5278 -12.85 0
      vertex 58.6074 -12.9751 18
      vertex 58.6074 -12.9751 0
    endloop
  endfacet
  facet normal 0.886885 -0.46199 0
    outer loop
      vertex 58.4593 -11.2815 18
      vertex 58.5278 -11.15 0
      vertex 58.5278 -11.15 18
    endloop
  endfacet
  facet normal 0.886885 -0.46199 0
    outer loop
      vertex 58.5278 -11.15 0
      vertex 58.4593 -11.2815 18
      vertex 58.4593 -11.2815 0
    endloop
  endfacet
  facet normal -0.991491 0.130175 0
    outer loop
      vertex 61.6742 -12.2952 0
      vertex 61.6935 -12.1482 18
      vertex 61.6935 -12.1482 0
    endloop
  endfacet
  facet normal -0.991491 0.130175 0
    outer loop
      vertex 61.6935 -12.1482 18
      vertex 61.6742 -12.2952 0
      vertex 61.6742 -12.2952 18
    endloop
  endfacet
  facet normal -0.737434 0.675419 0
    outer loop
      vertex 61.2021 -13.2021 0
      vertex 61.3023 -13.0927 18
      vertex 61.3023 -13.0927 0
    endloop
  endfacet
  facet normal -0.737434 0.675419 0
    outer loop
      vertex 61.3023 -13.0927 18
      vertex 61.2021 -13.2021 0
      vertex 61.2021 -13.2021 18
    endloop
  endfacet
  facet normal 0.0438175 0.99904 -0
    outer loop
      vertex 60 -13.7 0
      vertex 59.8518 -13.6935 18
      vertex 60 -13.7 18
    endloop
  endfacet
  facet normal 0.0438175 0.99904 0
    outer loop
      vertex 59.8518 -13.6935 18
      vertex 60 -13.7 0
      vertex 59.8518 -13.6935 0
    endloop
  endfacet
  facet normal 0.130175 0.991491 -0
    outer loop
      vertex 59.8518 -13.6935 0
      vertex 59.7048 -13.6742 18
      vertex 59.8518 -13.6935 18
    endloop
  endfacet
  facet normal 0.130175 0.991491 0
    outer loop
      vertex 59.7048 -13.6742 18
      vertex 59.8518 -13.6935 0
      vertex 59.7048 -13.6742 0
    endloop
  endfacet
  facet normal 0.843689 -0.536832 0
    outer loop
      vertex 58.5278 -11.15 18
      vertex 58.6074 -11.0249 0
      vertex 58.6074 -11.0249 18
    endloop
  endfacet
  facet normal 0.843689 -0.536832 0
    outer loop
      vertex 58.6074 -11.0249 0
      vertex 58.5278 -11.15 18
      vertex 58.5278 -11.15 0
    endloop
  endfacet
  facet normal -0.991491 -0.130175 0
    outer loop
      vertex 61.6935 12.1482 0
      vertex 61.6742 12.2952 18
      vertex 61.6742 12.2952 0
    endloop
  endfacet
  facet normal -0.991491 -0.130175 0
    outer loop
      vertex 61.6742 12.2952 18
      vertex 61.6935 12.1482 0
      vertex 61.6935 12.1482 18
    endloop
  endfacet
  facet normal -0.99904 -0.0438175 0
    outer loop
      vertex 61.7 12 0
      vertex 61.6935 12.1482 18
      vertex 61.6935 12.1482 0
    endloop
  endfacet
  facet normal -0.99904 -0.0438175 0
    outer loop
      vertex 61.6935 12.1482 18
      vertex 61.7 12 0
      vertex 61.7 12 18
    endloop
  endfacet
  facet normal -0.976298 -0.216431 0
    outer loop
      vertex 61.6742 12.2952 0
      vertex 61.6421 12.44 18
      vertex 61.6421 12.44 0
    endloop
  endfacet
  facet normal -0.976298 -0.216431 0
    outer loop
      vertex 61.6421 12.44 18
      vertex 61.6742 12.2952 0
      vertex 61.6742 12.2952 18
    endloop
  endfacet
  facet normal 0.216431 -0.976298 0
    outer loop
      vertex 59.56 13.6421 0
      vertex 59.7048 13.6742 18
      vertex 59.56 13.6421 18
    endloop
  endfacet
  facet normal 0.216431 -0.976298 0
    outer loop
      vertex 59.7048 13.6742 18
      vertex 59.56 13.6421 0
      vertex 59.7048 13.6742 0
    endloop
  endfacet
  facet normal -0.843689 -0.536832 0
    outer loop
      vertex 61.4722 12.85 0
      vertex 61.3926 12.9751 18
      vertex 61.3926 12.9751 0
    endloop
  endfacet
  facet normal -0.843689 -0.536832 0
    outer loop
      vertex 61.3926 12.9751 18
      vertex 61.4722 12.85 0
      vertex 61.4722 12.85 18
    endloop
  endfacet
  facet normal 0.976298 0.216431 0
    outer loop
      vertex 58.3579 11.56 18
      vertex 58.3258 11.7048 0
      vertex 58.3258 11.7048 18
    endloop
  endfacet
  facet normal 0.976298 0.216431 0
    outer loop
      vertex 58.3258 11.7048 0
      vertex 58.3579 11.56 18
      vertex 58.3579 11.56 0
    endloop
  endfacet
  facet normal -0.737434 -0.675419 0
    outer loop
      vertex 61.3023 13.0927 0
      vertex 61.2021 13.2021 18
      vertex 61.2021 13.2021 0
    endloop
  endfacet
  facet normal -0.737434 -0.675419 0
    outer loop
      vertex 61.2021 13.2021 18
      vertex 61.3023 13.0927 0
      vertex 61.3023 13.0927 18
    endloop
  endfacet
  facet normal -0.99904 0.0438175 0
    outer loop
      vertex 61.6935 11.8518 0
      vertex 61.7 12 18
      vertex 61.7 12 0
    endloop
  endfacet
  facet normal -0.99904 0.0438175 0
    outer loop
      vertex 61.7 12 18
      vertex 61.6935 11.8518 0
      vertex 61.6935 11.8518 18
    endloop
  endfacet
  facet normal -0.675419 0.737434 0
    outer loop
      vertex 61.2021 10.7979 0
      vertex 61.0927 10.6977 18
      vertex 61.2021 10.7979 18
    endloop
  endfacet
  facet normal -0.675419 0.737434 0
    outer loop
      vertex 61.0927 10.6977 18
      vertex 61.2021 10.7979 0
      vertex 61.0927 10.6977 0
    endloop
  endfacet
  facet normal 0.79315 -0.609026 0
    outer loop
      vertex 58.6074 12.9751 18
      vertex 58.6977 13.0927 0
      vertex 58.6977 13.0927 18
    endloop
  endfacet
  facet normal 0.79315 -0.609026 0
    outer loop
      vertex 58.6977 13.0927 0
      vertex 58.6074 12.9751 18
      vertex 58.6074 12.9751 0
    endloop
  endfacet
  facet normal -0.382749 0.923853 0
    outer loop
      vertex 60.7185 10.4593 0
      vertex 60.5814 10.4025 18
      vertex 60.7185 10.4593 18
    endloop
  endfacet
  facet normal -0.382749 0.923853 0
    outer loop
      vertex 60.5814 10.4025 18
      vertex 60.7185 10.4593 0
      vertex 60.5814 10.4025 0
    endloop
  endfacet
  facet normal -0.953685 -0.300809 0
    outer loop
      vertex 61.6421 12.44 0
      vertex 61.5975 12.5814 18
      vertex 61.5975 12.5814 0
    endloop
  endfacet
  facet normal -0.953685 -0.300809 0
    outer loop
      vertex 61.5975 12.5814 18
      vertex 61.6421 12.44 0
      vertex 61.6421 12.44 18
    endloop
  endfacet
  facet normal -0.130175 0.991491 0
    outer loop
      vertex 60.2952 10.3258 0
      vertex 60.1482 10.3065 18
      vertex 60.2952 10.3258 18
    endloop
  endfacet
  facet normal -0.130175 0.991491 0
    outer loop
      vertex 60.1482 10.3065 18
      vertex 60.2952 10.3258 0
      vertex 60.1482 10.3065 0
    endloop
  endfacet
  facet normal 0.976298 -0.216431 0
    outer loop
      vertex 58.3258 12.2952 18
      vertex 58.3579 12.44 0
      vertex 58.3579 12.44 18
    endloop
  endfacet
  facet normal 0.976298 -0.216431 0
    outer loop
      vertex 58.3579 12.44 0
      vertex 58.3258 12.2952 18
      vertex 58.3258 12.2952 0
    endloop
  endfacet
  facet normal 0.609026 -0.79315 0
    outer loop
      vertex 58.9073 13.3023 0
      vertex 59.0249 13.3926 18
      vertex 58.9073 13.3023 18
    endloop
  endfacet
  facet normal 0.609026 -0.79315 0
    outer loop
      vertex 59.0249 13.3926 18
      vertex 58.9073 13.3023 0
      vertex 59.0249 13.3926 0
    endloop
  endfacet
  facet normal 0.0438175 -0.99904 0
    outer loop
      vertex 59.8518 13.6935 0
      vertex 60 13.7 18
      vertex 59.8518 13.6935 18
    endloop
  endfacet
  facet normal 0.0438175 -0.99904 0
    outer loop
      vertex 60 13.7 18
      vertex 59.8518 13.6935 0
      vertex 60 13.7 0
    endloop
  endfacet
  facet normal 0.609026 0.79315 -0
    outer loop
      vertex 59.0249 10.6074 0
      vertex 58.9073 10.6977 18
      vertex 59.0249 10.6074 18
    endloop
  endfacet
  facet normal 0.609026 0.79315 0
    outer loop
      vertex 58.9073 10.6977 18
      vertex 59.0249 10.6074 0
      vertex 58.9073 10.6977 0
    endloop
  endfacet
  facet normal 0.953685 0.300809 0
    outer loop
      vertex 58.4025 11.4186 18
      vertex 58.3579 11.56 0
      vertex 58.3579 11.56 18
    endloop
  endfacet
  facet normal 0.953685 0.300809 0
    outer loop
      vertex 58.3579 11.56 0
      vertex 58.4025 11.4186 18
      vertex 58.4025 11.4186 0
    endloop
  endfacet
  facet normal 0.382749 -0.923853 0
    outer loop
      vertex 59.2815 13.5407 0
      vertex 59.4186 13.5975 18
      vertex 59.2815 13.5407 18
    endloop
  endfacet
  facet normal 0.382749 -0.923853 0
    outer loop
      vertex 59.4186 13.5975 18
      vertex 59.2815 13.5407 0
      vertex 59.4186 13.5975 0
    endloop
  endfacet
  facet normal 0.99904 -0.0438175 0
    outer loop
      vertex 58.3 12 18
      vertex 58.3065 12.1482 0
      vertex 58.3065 12.1482 18
    endloop
  endfacet
  facet normal 0.99904 -0.0438175 0
    outer loop
      vertex 58.3065 12.1482 0
      vertex 58.3 12 18
      vertex 58.3 12 0
    endloop
  endfacet
  facet normal -0.300809 -0.953685 0
    outer loop
      vertex 60.44 13.6421 0
      vertex 60.5814 13.5975 18
      vertex 60.44 13.6421 18
    endloop
  endfacet
  facet normal -0.300809 -0.953685 -0
    outer loop
      vertex 60.5814 13.5975 18
      vertex 60.44 13.6421 0
      vertex 60.5814 13.5975 0
    endloop
  endfacet
  facet normal 0.300809 -0.953685 0
    outer loop
      vertex 59.4186 13.5975 0
      vertex 59.56 13.6421 18
      vertex 59.4186 13.5975 18
    endloop
  endfacet
  facet normal 0.300809 -0.953685 0
    outer loop
      vertex 59.56 13.6421 18
      vertex 59.4186 13.5975 0
      vertex 59.56 13.6421 0
    endloop
  endfacet
  facet normal -0.923853 -0.382749 0
    outer loop
      vertex 61.5975 12.5814 0
      vertex 61.5407 12.7185 18
      vertex 61.5407 12.7185 0
    endloop
  endfacet
  facet normal -0.923853 -0.382749 0
    outer loop
      vertex 61.5407 12.7185 18
      vertex 61.5975 12.5814 0
      vertex 61.5975 12.5814 18
    endloop
  endfacet
  facet normal -0.300809 0.953685 0
    outer loop
      vertex 60.5814 10.4025 0
      vertex 60.44 10.3579 18
      vertex 60.5814 10.4025 18
    endloop
  endfacet
  facet normal -0.300809 0.953685 0
    outer loop
      vertex 60.44 10.3579 18
      vertex 60.5814 10.4025 0
      vertex 60.44 10.3579 0
    endloop
  endfacet
  facet normal -0.216431 0.976298 0
    outer loop
      vertex 60.44 10.3579 0
      vertex 60.2952 10.3258 18
      vertex 60.44 10.3579 18
    endloop
  endfacet
  facet normal -0.216431 0.976298 0
    outer loop
      vertex 60.2952 10.3258 18
      vertex 60.44 10.3579 0
      vertex 60.2952 10.3258 0
    endloop
  endfacet
  facet normal -0.609026 -0.79315 0
    outer loop
      vertex 60.9751 13.3926 0
      vertex 61.0927 13.3023 18
      vertex 60.9751 13.3926 18
    endloop
  endfacet
  facet normal -0.609026 -0.79315 -0
    outer loop
      vertex 61.0927 13.3023 18
      vertex 60.9751 13.3926 0
      vertex 61.0927 13.3023 0
    endloop
  endfacet
  facet normal 0.46199 0.886885 -0
    outer loop
      vertex 59.2815 10.4593 0
      vertex 59.15 10.5278 18
      vertex 59.2815 10.4593 18
    endloop
  endfacet
  facet normal 0.46199 0.886885 0
    outer loop
      vertex 59.15 10.5278 18
      vertex 59.2815 10.4593 0
      vertex 59.15 10.5278 0
    endloop
  endfacet
  facet normal -0.0438175 -0.99904 0
    outer loop
      vertex 60 13.7 0
      vertex 60.1482 13.6935 18
      vertex 60 13.7 18
    endloop
  endfacet
  facet normal -0.0438175 -0.99904 -0
    outer loop
      vertex 60.1482 13.6935 18
      vertex 60 13.7 0
      vertex 60.1482 13.6935 0
    endloop
  endfacet
  facet normal 0.536832 -0.843689 0
    outer loop
      vertex 59.0249 13.3926 0
      vertex 59.15 13.4722 18
      vertex 59.0249 13.3926 18
    endloop
  endfacet
  facet normal 0.536832 -0.843689 0
    outer loop
      vertex 59.15 13.4722 18
      vertex 59.0249 13.3926 0
      vertex 59.15 13.4722 0
    endloop
  endfacet
  facet normal -0.130175 -0.991491 0
    outer loop
      vertex 60.1482 13.6935 0
      vertex 60.2952 13.6742 18
      vertex 60.1482 13.6935 18
    endloop
  endfacet
  facet normal -0.130175 -0.991491 -0
    outer loop
      vertex 60.2952 13.6742 18
      vertex 60.1482 13.6935 0
      vertex 60.2952 13.6742 0
    endloop
  endfacet
  facet normal -0.79315 0.609026 0
    outer loop
      vertex 61.3023 10.9073 0
      vertex 61.3926 11.0249 18
      vertex 61.3926 11.0249 0
    endloop
  endfacet
  facet normal -0.79315 0.609026 0
    outer loop
      vertex 61.3926 11.0249 18
      vertex 61.3023 10.9073 0
      vertex 61.3023 10.9073 18
    endloop
  endfacet
  facet normal -0.991491 0.130175 0
    outer loop
      vertex 61.6742 11.7048 0
      vertex 61.6935 11.8518 18
      vertex 61.6935 11.8518 0
    endloop
  endfacet
  facet normal -0.991491 0.130175 0
    outer loop
      vertex 61.6935 11.8518 18
      vertex 61.6742 11.7048 0
      vertex 61.6742 11.7048 18
    endloop
  endfacet
  facet normal -0.953685 0.300809 0
    outer loop
      vertex 61.5975 11.4186 0
      vertex 61.6421 11.56 18
      vertex 61.6421 11.56 0
    endloop
  endfacet
  facet normal -0.953685 0.300809 0
    outer loop
      vertex 61.6421 11.56 18
      vertex 61.5975 11.4186 0
      vertex 61.5975 11.4186 18
    endloop
  endfacet
  facet normal -0.382749 -0.923853 0
    outer loop
      vertex 60.5814 13.5975 0
      vertex 60.7185 13.5407 18
      vertex 60.5814 13.5975 18
    endloop
  endfacet
  facet normal -0.382749 -0.923853 -0
    outer loop
      vertex 60.7185 13.5407 18
      vertex 60.5814 13.5975 0
      vertex 60.7185 13.5407 0
    endloop
  endfacet
  facet normal 0.675419 -0.737434 0
    outer loop
      vertex 58.7979 13.2021 0
      vertex 58.9073 13.3023 18
      vertex 58.7979 13.2021 18
    endloop
  endfacet
  facet normal 0.675419 -0.737434 0
    outer loop
      vertex 58.9073 13.3023 18
      vertex 58.7979 13.2021 0
      vertex 58.9073 13.3023 0
    endloop
  endfacet
  facet normal 0.843689 -0.536832 0
    outer loop
      vertex 58.5278 12.85 18
      vertex 58.6074 12.9751 0
      vertex 58.6074 12.9751 18
    endloop
  endfacet
  facet normal 0.843689 -0.536832 0
    outer loop
      vertex 58.6074 12.9751 0
      vertex 58.5278 12.85 18
      vertex 58.5278 12.85 0
    endloop
  endfacet
  facet normal 0.382749 0.923853 -0
    outer loop
      vertex 59.4186 10.4025 0
      vertex 59.2815 10.4593 18
      vertex 59.4186 10.4025 18
    endloop
  endfacet
  facet normal 0.382749 0.923853 0
    outer loop
      vertex 59.2815 10.4593 18
      vertex 59.4186 10.4025 0
      vertex 59.2815 10.4593 0
    endloop
  endfacet
  facet normal -0.46199 0.886885 0
    outer loop
      vertex 60.85 10.5278 0
      vertex 60.7185 10.4593 18
      vertex 60.85 10.5278 18
    endloop
  endfacet
  facet normal -0.46199 0.886885 0
    outer loop
      vertex 60.7185 10.4593 18
      vertex 60.85 10.5278 0
      vertex 60.7185 10.4593 0
    endloop
  endfacet
  facet normal 0.300809 0.953685 -0
    outer loop
      vertex 59.56 10.3579 0
      vertex 59.4186 10.4025 18
      vertex 59.56 10.3579 18
    endloop
  endfacet
  facet normal 0.300809 0.953685 0
    outer loop
      vertex 59.4186 10.4025 18
      vertex 59.56 10.3579 0
      vertex 59.4186 10.4025 0
    endloop
  endfacet
  facet normal -0.976298 0.216431 0
    outer loop
      vertex 61.6421 11.56 0
      vertex 61.6742 11.7048 18
      vertex 61.6742 11.7048 0
    endloop
  endfacet
  facet normal -0.976298 0.216431 0
    outer loop
      vertex 61.6742 11.7048 18
      vertex 61.6421 11.56 0
      vertex 61.6421 11.56 18
    endloop
  endfacet
  facet normal -0.886885 -0.46199 0
    outer loop
      vertex 61.5407 12.7185 0
      vertex 61.4722 12.85 18
      vertex 61.4722 12.85 0
    endloop
  endfacet
  facet normal -0.886885 -0.46199 0
    outer loop
      vertex 61.4722 12.85 18
      vertex 61.5407 12.7185 0
      vertex 61.5407 12.7185 18
    endloop
  endfacet
  facet normal -0.0438175 0.99904 0
    outer loop
      vertex 60.1482 10.3065 0
      vertex 60 10.3 18
      vertex 60.1482 10.3065 18
    endloop
  endfacet
  facet normal -0.0438175 0.99904 0
    outer loop
      vertex 60 10.3 18
      vertex 60.1482 10.3065 0
      vertex 60 10.3 0
    endloop
  endfacet
  facet normal 0.130175 -0.991491 0
    outer loop
      vertex 59.7048 13.6742 0
      vertex 59.8518 13.6935 18
      vertex 59.7048 13.6742 18
    endloop
  endfacet
  facet normal 0.130175 -0.991491 0
    outer loop
      vertex 59.8518 13.6935 18
      vertex 59.7048 13.6742 0
      vertex 59.8518 13.6935 0
    endloop
  endfacet
  facet normal -0.886885 0.46199 0
    outer loop
      vertex 61.4722 11.15 0
      vertex 61.5407 11.2815 18
      vertex 61.5407 11.2815 0
    endloop
  endfacet
  facet normal -0.886885 0.46199 0
    outer loop
      vertex 61.5407 11.2815 18
      vertex 61.4722 11.15 0
      vertex 61.4722 11.15 18
    endloop
  endfacet
  facet normal 0.216431 0.976298 -0
    outer loop
      vertex 59.7048 10.3258 0
      vertex 59.56 10.3579 18
      vertex 59.7048 10.3258 18
    endloop
  endfacet
  facet normal 0.216431 0.976298 0
    outer loop
      vertex 59.56 10.3579 18
      vertex 59.7048 10.3258 0
      vertex 59.56 10.3579 0
    endloop
  endfacet
  facet normal 0.953685 -0.300809 0
    outer loop
      vertex 58.3579 12.44 18
      vertex 58.4025 12.5814 0
      vertex 58.4025 12.5814 18
    endloop
  endfacet
  facet normal 0.953685 -0.300809 0
    outer loop
      vertex 58.4025 12.5814 0
      vertex 58.3579 12.44 18
      vertex 58.3579 12.44 0
    endloop
  endfacet
  facet normal -0.923853 0.382749 0
    outer loop
      vertex 61.5407 11.2815 0
      vertex 61.5975 11.4186 18
      vertex 61.5975 11.4186 0
    endloop
  endfacet
  facet normal -0.923853 0.382749 0
    outer loop
      vertex 61.5975 11.4186 18
      vertex 61.5407 11.2815 0
      vertex 61.5407 11.2815 18
    endloop
  endfacet
  facet normal 0.886885 -0.46199 0
    outer loop
      vertex 58.4593 12.7185 18
      vertex 58.5278 12.85 0
      vertex 58.5278 12.85 18
    endloop
  endfacet
  facet normal 0.886885 -0.46199 0
    outer loop
      vertex 58.5278 12.85 0
      vertex 58.4593 12.7185 18
      vertex 58.4593 12.7185 0
    endloop
  endfacet
  facet normal 0.46199 -0.886885 0
    outer loop
      vertex 59.15 13.4722 0
      vertex 59.2815 13.5407 18
      vertex 59.15 13.4722 18
    endloop
  endfacet
  facet normal 0.46199 -0.886885 0
    outer loop
      vertex 59.2815 13.5407 18
      vertex 59.15 13.4722 0
      vertex 59.2815 13.5407 0
    endloop
  endfacet
  facet normal 0.843689 0.536832 0
    outer loop
      vertex 58.6074 11.0249 18
      vertex 58.5278 11.15 0
      vertex 58.5278 11.15 18
    endloop
  endfacet
  facet normal 0.843689 0.536832 0
    outer loop
      vertex 58.5278 11.15 0
      vertex 58.6074 11.0249 18
      vertex 58.6074 11.0249 0
    endloop
  endfacet
  facet normal 0.991491 -0.130175 0
    outer loop
      vertex 58.3065 12.1482 18
      vertex 58.3258 12.2952 0
      vertex 58.3258 12.2952 18
    endloop
  endfacet
  facet normal 0.991491 -0.130175 0
    outer loop
      vertex 58.3258 12.2952 0
      vertex 58.3065 12.1482 18
      vertex 58.3065 12.1482 0
    endloop
  endfacet
  facet normal 0.737434 -0.675419 0
    outer loop
      vertex 58.6977 13.0927 18
      vertex 58.7979 13.2021 0
      vertex 58.7979 13.2021 18
    endloop
  endfacet
  facet normal 0.737434 -0.675419 0
    outer loop
      vertex 58.7979 13.2021 0
      vertex 58.6977 13.0927 18
      vertex 58.6977 13.0927 0
    endloop
  endfacet
  facet normal 0.886885 0.46199 0
    outer loop
      vertex 58.5278 11.15 18
      vertex 58.4593 11.2815 0
      vertex 58.4593 11.2815 18
    endloop
  endfacet
  facet normal 0.886885 0.46199 0
    outer loop
      vertex 58.4593 11.2815 0
      vertex 58.5278 11.15 18
      vertex 58.5278 11.15 0
    endloop
  endfacet
  facet normal 0.991491 0.130175 0
    outer loop
      vertex 58.3258 11.7048 18
      vertex 58.3065 11.8518 0
      vertex 58.3065 11.8518 18
    endloop
  endfacet
  facet normal 0.991491 0.130175 0
    outer loop
      vertex 58.3065 11.8518 0
      vertex 58.3258 11.7048 18
      vertex 58.3258 11.7048 0
    endloop
  endfacet
  facet normal 0.0438175 0.99904 -0
    outer loop
      vertex 60 10.3 0
      vertex 59.8518 10.3065 18
      vertex 60 10.3 18
    endloop
  endfacet
  facet normal 0.0438175 0.99904 0
    outer loop
      vertex 59.8518 10.3065 18
      vertex 60 10.3 0
      vertex 59.8518 10.3065 0
    endloop
  endfacet
  facet normal 0.675419 0.737434 -0
    outer loop
      vertex 58.9073 10.6977 0
      vertex 58.7979 10.7979 18
      vertex 58.9073 10.6977 18
    endloop
  endfacet
  facet normal 0.675419 0.737434 0
    outer loop
      vertex 58.7979 10.7979 18
      vertex 58.9073 10.6977 0
      vertex 58.7979 10.7979 0
    endloop
  endfacet
  facet normal -0.46199 -0.886885 0
    outer loop
      vertex 60.7185 13.5407 0
      vertex 60.85 13.4722 18
      vertex 60.7185 13.5407 18
    endloop
  endfacet
  facet normal -0.46199 -0.886885 -0
    outer loop
      vertex 60.85 13.4722 18
      vertex 60.7185 13.5407 0
      vertex 60.85 13.4722 0
    endloop
  endfacet
  facet normal -0.536832 0.843689 0
    outer loop
      vertex 60.9751 10.6074 0
      vertex 60.85 10.5278 18
      vertex 60.9751 10.6074 18
    endloop
  endfacet
  facet normal -0.536832 0.843689 0
    outer loop
      vertex 60.85 10.5278 18
      vertex 60.9751 10.6074 0
      vertex 60.85 10.5278 0
    endloop
  endfacet
  facet normal 0.923853 0.382749 0
    outer loop
      vertex 58.4593 11.2815 18
      vertex 58.4025 11.4186 0
      vertex 58.4025 11.4186 18
    endloop
  endfacet
  facet normal 0.923853 0.382749 0
    outer loop
      vertex 58.4025 11.4186 0
      vertex 58.4593 11.2815 18
      vertex 58.4593 11.2815 0
    endloop
  endfacet
  facet normal -0.79315 -0.609026 0
    outer loop
      vertex 61.3926 12.9751 0
      vertex 61.3023 13.0927 18
      vertex 61.3023 13.0927 0
    endloop
  endfacet
  facet normal -0.79315 -0.609026 0
    outer loop
      vertex 61.3023 13.0927 18
      vertex 61.3926 12.9751 0
      vertex 61.3926 12.9751 18
    endloop
  endfacet
  facet normal -0.675419 -0.737434 0
    outer loop
      vertex 61.0927 13.3023 0
      vertex 61.2021 13.2021 18
      vertex 61.0927 13.3023 18
    endloop
  endfacet
  facet normal -0.675419 -0.737434 -0
    outer loop
      vertex 61.2021 13.2021 18
      vertex 61.0927 13.3023 0
      vertex 61.2021 13.2021 0
    endloop
  endfacet
  facet normal 0.923853 -0.382749 0
    outer loop
      vertex 58.4025 12.5814 18
      vertex 58.4593 12.7185 0
      vertex 58.4593 12.7185 18
    endloop
  endfacet
  facet normal 0.923853 -0.382749 0
    outer loop
      vertex 58.4593 12.7185 0
      vertex 58.4025 12.5814 18
      vertex 58.4025 12.5814 0
    endloop
  endfacet
  facet normal -0.536832 -0.843689 0
    outer loop
      vertex 60.85 13.4722 0
      vertex 60.9751 13.3926 18
      vertex 60.85 13.4722 18
    endloop
  endfacet
  facet normal -0.536832 -0.843689 -0
    outer loop
      vertex 60.9751 13.3926 18
      vertex 60.85 13.4722 0
      vertex 60.9751 13.3926 0
    endloop
  endfacet
  facet normal 0.737434 0.675419 0
    outer loop
      vertex 58.7979 10.7979 18
      vertex 58.6977 10.9073 0
      vertex 58.6977 10.9073 18
    endloop
  endfacet
  facet normal 0.737434 0.675419 0
    outer loop
      vertex 58.6977 10.9073 0
      vertex 58.7979 10.7979 18
      vertex 58.7979 10.7979 0
    endloop
  endfacet
  facet normal 0.79315 0.609026 0
    outer loop
      vertex 58.6977 10.9073 18
      vertex 58.6074 11.0249 0
      vertex 58.6074 11.0249 18
    endloop
  endfacet
  facet normal 0.79315 0.609026 0
    outer loop
      vertex 58.6074 11.0249 0
      vertex 58.6977 10.9073 18
      vertex 58.6977 10.9073 0
    endloop
  endfacet
  facet normal -0.609026 0.79315 0
    outer loop
      vertex 61.0927 10.6977 0
      vertex 60.9751 10.6074 18
      vertex 61.0927 10.6977 18
    endloop
  endfacet
  facet normal -0.609026 0.79315 0
    outer loop
      vertex 60.9751 10.6074 18
      vertex 61.0927 10.6977 0
      vertex 60.9751 10.6074 0
    endloop
  endfacet
  facet normal 0.99904 0.0438175 0
    outer loop
      vertex 58.3065 11.8518 18
      vertex 58.3 12 0
      vertex 58.3 12 18
    endloop
  endfacet
  facet normal 0.99904 0.0438175 0
    outer loop
      vertex 58.3 12 0
      vertex 58.3065 11.8518 18
      vertex 58.3065 11.8518 0
    endloop
  endfacet
  facet normal -0.843689 0.536832 0
    outer loop
      vertex 61.3926 11.0249 0
      vertex 61.4722 11.15 18
      vertex 61.4722 11.15 0
    endloop
  endfacet
  facet normal -0.843689 0.536832 0
    outer loop
      vertex 61.4722 11.15 18
      vertex 61.3926 11.0249 0
      vertex 61.3926 11.0249 18
    endloop
  endfacet
  facet normal -0.737434 0.675419 0
    outer loop
      vertex 61.2021 10.7979 0
      vertex 61.3023 10.9073 18
      vertex 61.3023 10.9073 0
    endloop
  endfacet
  facet normal -0.737434 0.675419 0
    outer loop
      vertex 61.3023 10.9073 18
      vertex 61.2021 10.7979 0
      vertex 61.2021 10.7979 18
    endloop
  endfacet
  facet normal 0.536832 0.843689 -0
    outer loop
      vertex 59.15 10.5278 0
      vertex 59.0249 10.6074 18
      vertex 59.15 10.5278 18
    endloop
  endfacet
  facet normal 0.536832 0.843689 0
    outer loop
      vertex 59.0249 10.6074 18
      vertex 59.15 10.5278 0
      vertex 59.0249 10.6074 0
    endloop
  endfacet
  facet normal -0.216431 -0.976298 0
    outer loop
      vertex 60.2952 13.6742 0
      vertex 60.44 13.6421 18
      vertex 60.2952 13.6742 18
    endloop
  endfacet
  facet normal -0.216431 -0.976298 -0
    outer loop
      vertex 60.44 13.6421 18
      vertex 60.2952 13.6742 0
      vertex 60.44 13.6421 0
    endloop
  endfacet
  facet normal 0.130175 0.991491 -0
    outer loop
      vertex 59.8518 10.3065 0
      vertex 59.7048 10.3258 18
      vertex 59.8518 10.3065 18
    endloop
  endfacet
  facet normal 0.130175 0.991491 0
    outer loop
      vertex 59.7048 10.3258 18
      vertex 59.8518 10.3065 0
      vertex 59.7048 10.3258 0
    endloop
  endfacet
  facet normal 1 -0 0
    outer loop
      vertex 66 -55.632 18
      vertex 66 55.632 0
      vertex 66 55.632 18
    endloop
  endfacet
  facet normal 1 0 0
    outer loop
      vertex 66 55.632 0
      vertex 66 -55.632 18
      vertex 66 -55.632 0
    endloop
  endfacet
  facet normal -1 0 0
    outer loop
      vertex 54 -52.3478 0
      vertex 54 52.3478 18
      vertex 54 52.3478 0
    endloop
  endfacet
  facet normal -1 -0 0
    outer loop
      vertex 54 52.3478 18
      vertex 54 -52.3478 0
      vertex 54 -52.3478 18
    endloop
  endfacet
  facet normal 1 -0 0
    outer loop
      vertex 214 -108.579 18
      vertex 214 -96.1372 0
      vertex 214 -96.1372 18
    endloop
  endfacet
  facet normal 1 0 0
    outer loop
      vertex 214 -96.1372 0
      vertex 214 -108.579 18
      vertex 214 -108.579 0
    endloop
  endfacet
  facet normal 1 -0 0
    outer loop
      vertex 214 96.1372 18
      vertex 214 108.579 0
      vertex 214 108.579 18
    endloop
  endfacet
  facet normal 1 0 0
    outer loop
      vertex 214 108.579 0
      vertex 214 96.1372 18
      vertex 214 96.1372 0
    endloop
  endfacet
  facet normal -1 0 0
    outer loop
      vertex 0 -50.0101 0
      vertex 0 -43.7895 8.65
      vertex 0 -43.7895 0
    endloop
  endfacet
  facet normal -1 -0 0
    outer loop
      vertex 0 -43.7895 8.65
      vertex 0 -50.0101 0
      vertex 0 -50.0101 8.65
    endloop
  endfacet
  facet normal -1 0 0
    outer loop
      vertex 0 43.7895 0
      vertex 0 50.0101 8.65
      vertex 0 50.0101 0
    endloop
  endfacet
  facet normal -1 -0 0
    outer loop
      vertex 0 50.0101 8.65
      vertex 0 43.7895 0
      vertex 0 43.7895 8.65
    endloop
  endfacet
  facet normal -0.953704 -0.300747 0
    outer loop
      vertex 6.64207 -44.7179 0
      vertex 6.59748 -44.5765 8.65
      vertex 6.59748 -44.5765 0
    endloop
  endfacet
  facet normal -0.953704 -0.300747 0
    outer loop
      vertex 6.59748 -44.5765 8.65
      vertex 6.64207 -44.7179 0
      vertex 6.64207 -44.7179 8.65
    endloop
  endfacet
  facet normal -0.991439 -0.130573 0
    outer loop
      vertex 6.69353 -45.0097 0
      vertex 6.67417 -44.8627 8.65
      vertex 6.67417 -44.8627 0
    endloop
  endfacet
  facet normal -0.991439 -0.130573 0
    outer loop
      vertex 6.67417 -44.8627 8.65
      vertex 6.69353 -45.0097 0
      vertex 6.69353 -45.0097 8.65
    endloop
  endfacet
  facet normal -0.999048 -0.0436157 0
    outer loop
      vertex 6.7 -45.1579 0
      vertex 6.69353 -45.0097 8.65
      vertex 6.69353 -45.0097 0
    endloop
  endfacet
  facet normal -0.999048 -0.0436157 0
    outer loop
      vertex 6.69353 -45.0097 8.65
      vertex 6.7 -45.1579 0
      vertex 6.7 -45.1579 8.65
    endloop
  endfacet
  facet normal -0.976298 -0.216431 0
    outer loop
      vertex 6.67417 -44.8627 0
      vertex 6.64207 -44.7179 8.65
      vertex 6.64207 -44.7179 0
    endloop
  endfacet
  facet normal -0.976298 -0.216431 0
    outer loop
      vertex 6.64207 -44.7179 8.65
      vertex 6.67417 -44.8627 0
      vertex 6.67417 -44.8627 8.65
    endloop
  endfacet
  facet normal -0.300731 0.953709 0
    outer loop
      vertex 5.58143 -46.7554 0
      vertex 5.43999 -46.8 8.65
      vertex 5.58143 -46.7554 8.65
    endloop
  endfacet
  facet normal -0.300731 0.953709 0
    outer loop
      vertex 5.43999 -46.8 8.65
      vertex 5.58143 -46.7554 0
      vertex 5.43999 -46.8 0
    endloop
  endfacet
  facet normal 0.793215 -0.608941 0
    outer loop
      vertex 3.60744 -44.1828 8.65
      vertex 3.69772 -44.0652 0
      vertex 3.69772 -44.0652 8.65
    endloop
  endfacet
  facet normal 0.793215 -0.608941 0
    outer loop
      vertex 3.69772 -44.0652 0
      vertex 3.60744 -44.1828 8.65
      vertex 3.60744 -44.1828 0
    endloop
  endfacet
  facet normal 0.216445 -0.976295 0
    outer loop
      vertex 4.56001 -43.5158 0
      vertex 4.7048 -43.4837 8.65
      vertex 4.56001 -43.5158 8.65
    endloop
  endfacet
  facet normal 0.216445 -0.976295 0
    outer loop
      vertex 4.7048 -43.4837 8.65
      vertex 4.56001 -43.5158 0
      vertex 4.7048 -43.4837 0
    endloop
  endfacet
  facet normal 0.461852 0.886957 -0
    outer loop
      vertex 4.28155 -46.6986 0
      vertex 4.15 -46.6301 8.65
      vertex 4.28155 -46.6986 8.65
    endloop
  endfacet
  facet normal 0.461852 0.886957 0
    outer loop
      vertex 4.15 -46.6301 8.65
      vertex 4.28155 -46.6986 0
      vertex 4.15 -46.6301 0
    endloop
  endfacet
  facet normal 0.130149 -0.991494 0
    outer loop
      vertex 4.7048 -43.4837 0
      vertex 4.85183 -43.4644 8.65
      vertex 4.7048 -43.4837 8.65
    endloop
  endfacet
  facet normal 0.130149 -0.991494 0
    outer loop
      vertex 4.85183 -43.4644 8.65
      vertex 4.7048 -43.4837 0
      vertex 4.85183 -43.4644 0
    endloop
  endfacet
  facet normal -0.843445 -0.537216 0
    outer loop
      vertex 6.47224 -44.3079 0
      vertex 6.39256 -44.1828 8.65
      vertex 6.39256 -44.1828 0
    endloop
  endfacet
  facet normal -0.843445 -0.537216 0
    outer loop
      vertex 6.39256 -44.1828 8.65
      vertex 6.47224 -44.3079 0
      vertex 6.47224 -44.3079 8.65
    endloop
  endfacet
  facet normal -0.382939 0.923774 0
    outer loop
      vertex 5.71845 -46.6986 0
      vertex 5.58143 -46.7554 8.65
      vertex 5.71845 -46.6986 8.65
    endloop
  endfacet
  facet normal -0.382939 0.923774 0
    outer loop
      vertex 5.58143 -46.7554 8.65
      vertex 5.71845 -46.6986 0
      vertex 5.58143 -46.7554 0
    endloop
  endfacet
  facet normal -0.999048 0.0436157 0
    outer loop
      vertex 6.69353 -45.3061 0
      vertex 6.7 -45.1579 8.65
      vertex 6.7 -45.1579 0
    endloop
  endfacet
  facet normal -0.999048 0.0436157 0
    outer loop
      vertex 6.7 -45.1579 8.65
      vertex 6.69353 -45.3061 0
      vertex 6.69353 -45.3061 8.65
    endloop
  endfacet
  facet normal -0.382939 -0.923774 0
    outer loop
      vertex 5.58143 -43.5604 0
      vertex 5.71845 -43.6172 8.65
      vertex 5.58143 -43.5604 8.65
    endloop
  endfacet
  facet normal -0.382939 -0.923774 -0
    outer loop
      vertex 5.71845 -43.6172 8.65
      vertex 5.58143 -43.5604 0
      vertex 5.71845 -43.6172 0
    endloop
  endfacet
  facet normal 0.886941 -0.461884 0
    outer loop
      vertex 3.45928 -44.4394 8.65
      vertex 3.52776 -44.3079 0
      vertex 3.52776 -44.3079 8.65
    endloop
  endfacet
  facet normal 0.886941 -0.461884 0
    outer loop
      vertex 3.52776 -44.3079 0
      vertex 3.45928 -44.4394 8.65
      vertex 3.45928 -44.4394 0
    endloop
  endfacet
  facet normal -0.537373 -0.843345 0
    outer loop
      vertex 5.85 -43.6856 0
      vertex 5.97508 -43.7653 8.65
      vertex 5.85 -43.6856 8.65
    endloop
  endfacet
  facet normal -0.537373 -0.843345 -0
    outer loop
      vertex 5.97508 -43.7653 8.65
      vertex 5.85 -43.6856 0
      vertex 5.97508 -43.7653 0
    endloop
  endfacet
  facet normal 0.216445 0.976295 -0
    outer loop
      vertex 4.7048 -46.8321 0
      vertex 4.56001 -46.8 8.65
      vertex 4.7048 -46.8321 8.65
    endloop
  endfacet
  facet normal 0.216445 0.976295 0
    outer loop
      vertex 4.56001 -46.8 8.65
      vertex 4.7048 -46.8321 0
      vertex 4.56001 -46.8 0
    endloop
  endfacet
  facet normal 0.976298 0.216431 0
    outer loop
      vertex 3.35793 -45.5979 8.65
      vertex 3.32583 -45.4531 0
      vertex 3.32583 -45.4531 8.65
    endloop
  endfacet
  facet normal 0.976298 0.216431 0
    outer loop
      vertex 3.32583 -45.4531 0
      vertex 3.35793 -45.5979 8.65
      vertex 3.35793 -45.5979 0
    endloop
  endfacet
  facet normal -0.0438293 -0.999039 0
    outer loop
      vertex 5 -43.4579 0
      vertex 5.14816 -43.4644 8.65
      vertex 5 -43.4579 8.65
    endloop
  endfacet
  facet normal -0.0438293 -0.999039 -0
    outer loop
      vertex 5.14816 -43.4644 8.65
      vertex 5 -43.4579 0
      vertex 5.14816 -43.4644 0
    endloop
  endfacet
  facet normal 0.923849 0.382757 0
    outer loop
      vertex 3.45928 -45.8763 8.65
      vertex 3.40252 -45.7393 0
      vertex 3.40252 -45.7393 8.65
    endloop
  endfacet
  facet normal 0.923849 0.382757 0
    outer loop
      vertex 3.40252 -45.7393 0
      vertex 3.45928 -45.8763 8.65
      vertex 3.45928 -45.8763 0
    endloop
  endfacet
  facet normal -0.793183 -0.608984 0
    outer loop
      vertex 6.39256 -44.1828 0
      vertex 6.30227 -44.0652 8.65
      vertex 6.30227 -44.0652 0
    endloop
  endfacet
  facet normal -0.793183 -0.608984 0
    outer loop
      vertex 6.30227 -44.0652 8.65
      vertex 6.39256 -44.1828 0
      vertex 6.39256 -44.1828 8.65
    endloop
  endfacet
  facet normal -0.991439 0.130573 0
    outer loop
      vertex 6.67417 -45.4531 0
      vertex 6.69353 -45.3061 8.65
      vertex 6.69353 -45.3061 0
    endloop
  endfacet
  facet normal -0.991439 0.130573 0
    outer loop
      vertex 6.69353 -45.3061 8.65
      vertex 6.67417 -45.4531 0
      vertex 6.67417 -45.4531 8.65
    endloop
  endfacet
  facet normal -0.216445 -0.976295 0
    outer loop
      vertex 5.2952 -43.4837 0
      vertex 5.43999 -43.5158 8.65
      vertex 5.2952 -43.4837 8.65
    endloop
  endfacet
  facet normal -0.216445 -0.976295 -0
    outer loop
      vertex 5.43999 -43.5158 8.65
      vertex 5.2952 -43.4837 0
      vertex 5.43999 -43.5158 0
    endloop
  endfacet
  facet normal 0.991439 -0.130573 0
    outer loop
      vertex 3.30647 -45.0097 8.65
      vertex 3.32583 -44.8627 0
      vertex 3.32583 -44.8627 8.65
    endloop
  endfacet
  facet normal 0.991439 -0.130573 0
    outer loop
      vertex 3.32583 -44.8627 0
      vertex 3.30647 -45.0097 8.65
      vertex 3.30647 -45.0097 0
    endloop
  endfacet
  facet normal 0.608831 -0.7933 0
    outer loop
      vertex 3.90726 -43.8556 0
      vertex 4.02492 -43.7653 8.65
      vertex 3.90726 -43.8556 8.65
    endloop
  endfacet
  facet normal 0.608831 -0.7933 0
    outer loop
      vertex 4.02492 -43.7653 8.65
      vertex 3.90726 -43.8556 0
      vertex 4.02492 -43.7653 0
    endloop
  endfacet
  facet normal -0.887084 0.461607 0
    outer loop
      vertex 6.47224 -46.0079 0
      vertex 6.54072 -45.8763 8.65
      vertex 6.54072 -45.8763 0
    endloop
  endfacet
  facet normal -0.887084 0.461607 0
    outer loop
      vertex 6.54072 -45.8763 8.65
      vertex 6.47224 -46.0079 0
      vertex 6.47224 -46.0079 8.65
    endloop
  endfacet
  facet normal -0.216445 0.976295 0
    outer loop
      vertex 5.43999 -46.8 0
      vertex 5.2952 -46.8321 8.65
      vertex 5.43999 -46.8 8.65
    endloop
  endfacet
  facet normal -0.216445 0.976295 0
    outer loop
      vertex 5.2952 -46.8321 8.65
      vertex 5.43999 -46.8 0
      vertex 5.2952 -46.8321 0
    endloop
  endfacet
  facet normal 0.793215 0.608941 0
    outer loop
      vertex 3.69772 -46.2506 8.65
      vertex 3.60744 -46.133 0
      vertex 3.60744 -46.133 8.65
    endloop
  endfacet
  facet normal 0.793215 0.608941 0
    outer loop
      vertex 3.60744 -46.133 0
      vertex 3.69772 -46.2506 8.65
      vertex 3.69772 -46.2506 0
    endloop
  endfacet
  facet normal 0.382939 -0.923774 0
    outer loop
      vertex 4.28155 -43.6172 0
      vertex 4.41857 -43.5604 8.65
      vertex 4.28155 -43.6172 8.65
    endloop
  endfacet
  facet normal 0.382939 -0.923774 0
    outer loop
      vertex 4.41857 -43.5604 8.65
      vertex 4.28155 -43.6172 0
      vertex 4.41857 -43.5604 0
    endloop
  endfacet
  facet normal -0.536893 0.84365 0
    outer loop
      vertex 5.97508 -46.5505 0
      vertex 5.85 -46.6301 8.65
      vertex 5.97508 -46.5505 8.65
    endloop
  endfacet
  facet normal -0.536893 0.84365 0
    outer loop
      vertex 5.85 -46.6301 8.65
      vertex 5.97508 -46.5505 0
      vertex 5.85 -46.6301 0
    endloop
  endfacet
  facet normal 0.536893 0.84365 -0
    outer loop
      vertex 4.15 -46.6301 0
      vertex 4.02492 -46.5505 8.65
      vertex 4.15 -46.6301 8.65
    endloop
  endfacet
  facet normal 0.536893 0.84365 0
    outer loop
      vertex 4.02492 -46.5505 8.65
      vertex 4.15 -46.6301 0
      vertex 4.02492 -46.5505 0
    endloop
  endfacet
  facet normal -0.923849 0.382757 0
    outer loop
      vertex 6.54072 -45.8763 0
      vertex 6.59748 -45.7393 8.65
      vertex 6.59748 -45.7393 0
    endloop
  endfacet
  facet normal -0.923849 0.382757 0
    outer loop
      vertex 6.59748 -45.7393 8.65
      vertex 6.54072 -45.8763 0
      vertex 6.54072 -45.8763 8.65
    endloop
  endfacet
  facet normal 0.300731 -0.953709 0
    outer loop
      vertex 4.41857 -43.5604 0
      vertex 4.56001 -43.5158 8.65
      vertex 4.41857 -43.5604 8.65
    endloop
  endfacet
  facet normal 0.300731 -0.953709 0
    outer loop
      vertex 4.56001 -43.5158 8.65
      vertex 4.41857 -43.5604 0
      vertex 4.56001 -43.5158 0
    endloop
  endfacet
  facet normal -0.300731 -0.953709 0
    outer loop
      vertex 5.43999 -43.5158 0
      vertex 5.58143 -43.5604 8.65
      vertex 5.43999 -43.5158 8.65
    endloop
  endfacet
  facet normal -0.300731 -0.953709 -0
    outer loop
      vertex 5.58143 -43.5604 8.65
      vertex 5.43999 -43.5158 0
      vertex 5.58143 -43.5604 0
    endloop
  endfacet
  facet normal -0.923948 -0.382518 0
    outer loop
      vertex 6.59748 -44.5765 0
      vertex 6.54072 -44.4394 8.65
      vertex 6.54072 -44.4394 0
    endloop
  endfacet
  facet normal -0.923948 -0.382518 0
    outer loop
      vertex 6.54072 -44.4394 8.65
      vertex 6.59748 -44.5765 0
      vertex 6.59748 -44.5765 8.65
    endloop
  endfacet
  facet normal -0.608831 -0.7933 0
    outer loop
      vertex 5.97508 -43.7653 0
      vertex 6.09274 -43.8556 8.65
      vertex 5.97508 -43.7653 8.65
    endloop
  endfacet
  facet normal -0.608831 -0.7933 -0
    outer loop
      vertex 6.09274 -43.8556 8.65
      vertex 5.97508 -43.7653 0
      vertex 6.09274 -43.8556 0
    endloop
  endfacet
  facet normal -0.0438293 0.999039 0
    outer loop
      vertex 5.14816 -46.8514 0
      vertex 5 -46.8579 8.65
      vertex 5.14816 -46.8514 8.65
    endloop
  endfacet
  facet normal -0.0438293 0.999039 0
    outer loop
      vertex 5 -46.8579 8.65
      vertex 5.14816 -46.8514 0
      vertex 5 -46.8579 0
    endloop
  endfacet
  facet normal -0.737467 0.675383 0
    outer loop
      vertex 6.20208 -46.36 0
      vertex 6.30227 -46.2506 8.65
      vertex 6.30227 -46.2506 0
    endloop
  endfacet
  facet normal -0.737467 0.675383 0
    outer loop
      vertex 6.30227 -46.2506 8.65
      vertex 6.20208 -46.36 0
      vertex 6.20208 -46.36 8.65
    endloop
  endfacet
  facet normal -0.130141 0.991496 0
    outer loop
      vertex 5.2952 -46.8321 0
      vertex 5.14816 -46.8514 8.65
      vertex 5.2952 -46.8321 8.65
    endloop
  endfacet
  facet normal -0.130141 0.991496 0
    outer loop
      vertex 5.14816 -46.8514 8.65
      vertex 5.2952 -46.8321 0
      vertex 5.14816 -46.8514 0
    endloop
  endfacet
  facet normal -0.793183 0.608984 0
    outer loop
      vertex 6.30227 -46.2506 0
      vertex 6.39256 -46.133 8.65
      vertex 6.39256 -46.133 0
    endloop
  endfacet
  facet normal -0.793183 0.608984 0
    outer loop
      vertex 6.39256 -46.133 8.65
      vertex 6.30227 -46.2506 0
      vertex 6.30227 -46.2506 8.65
    endloop
  endfacet
  facet normal 0.976298 -0.216431 0
    outer loop
      vertex 3.32583 -44.8627 8.65
      vertex 3.35793 -44.7179 0
      vertex 3.35793 -44.7179 8.65
    endloop
  endfacet
  facet normal 0.976298 -0.216431 0
    outer loop
      vertex 3.35793 -44.7179 0
      vertex 3.32583 -44.8627 8.65
      vertex 3.32583 -44.8627 0
    endloop
  endfacet
  facet normal 0.0438264 0.999039 -0
    outer loop
      vertex 5 -46.8579 0
      vertex 4.85183 -46.8514 8.65
      vertex 5 -46.8579 8.65
    endloop
  endfacet
  facet normal 0.0438264 0.999039 0
    outer loop
      vertex 4.85183 -46.8514 8.65
      vertex 5 -46.8579 0
      vertex 4.85183 -46.8514 0
    endloop
  endfacet
  facet normal 0.0438264 -0.999039 0
    outer loop
      vertex 4.85183 -43.4644 0
      vertex 5 -43.4579 8.65
      vertex 4.85183 -43.4644 8.65
    endloop
  endfacet
  facet normal 0.0438264 -0.999039 0
    outer loop
      vertex 5 -43.4579 8.65
      vertex 4.85183 -43.4644 0
      vertex 5 -43.4579 0
    endloop
  endfacet
  facet normal -0.461321 -0.887233 0
    outer loop
      vertex 5.71845 -43.6172 0
      vertex 5.85 -43.6856 8.65
      vertex 5.71845 -43.6172 8.65
    endloop
  endfacet
  facet normal -0.461321 -0.887233 -0
    outer loop
      vertex 5.85 -43.6856 8.65
      vertex 5.71845 -43.6172 0
      vertex 5.85 -43.6856 0
    endloop
  endfacet
  facet normal -0.130141 -0.991496 0
    outer loop
      vertex 5.14816 -43.4644 0
      vertex 5.2952 -43.4837 8.65
      vertex 5.14816 -43.4644 8.65
    endloop
  endfacet
  facet normal -0.130141 -0.991496 -0
    outer loop
      vertex 5.2952 -43.4837 8.65
      vertex 5.14816 -43.4644 0
      vertex 5.2952 -43.4837 0
    endloop
  endfacet
  facet normal 0.300731 0.953709 -0
    outer loop
      vertex 4.56001 -46.8 0
      vertex 4.41857 -46.7554 8.65
      vertex 4.56001 -46.8 8.65
    endloop
  endfacet
  facet normal 0.300731 0.953709 0
    outer loop
      vertex 4.41857 -46.7554 8.65
      vertex 4.56001 -46.8 0
      vertex 4.41857 -46.7554 0
    endloop
  endfacet
  facet normal 0.461321 -0.887233 0
    outer loop
      vertex 4.15 -43.6856 0
      vertex 4.28155 -43.6172 8.65
      vertex 4.15 -43.6856 8.65
    endloop
  endfacet
  facet normal 0.461321 -0.887233 0
    outer loop
      vertex 4.28155 -43.6172 8.65
      vertex 4.15 -43.6856 0
      vertex 4.28155 -43.6172 0
    endloop
  endfacet
  facet normal 0.537373 -0.843345 0
    outer loop
      vertex 4.02492 -43.7653 0
      vertex 4.15 -43.6856 8.65
      vertex 4.02492 -43.7653 8.65
    endloop
  endfacet
  facet normal 0.537373 -0.843345 0
    outer loop
      vertex 4.15 -43.6856 8.65
      vertex 4.02492 -43.7653 0
      vertex 4.15 -43.6856 0
    endloop
  endfacet
  facet normal -0.886941 -0.461884 0
    outer loop
      vertex 6.54072 -44.4394 0
      vertex 6.47224 -44.3079 8.65
      vertex 6.47224 -44.3079 0
    endloop
  endfacet
  facet normal -0.886941 -0.461884 0
    outer loop
      vertex 6.47224 -44.3079 8.65
      vertex 6.54072 -44.4394 0
      vertex 6.54072 -44.4394 8.65
    endloop
  endfacet
  facet normal -0.976298 0.216431 0
    outer loop
      vertex 6.64207 -45.5979 0
      vertex 6.67417 -45.4531 8.65
      vertex 6.67417 -45.4531 0
    endloop
  endfacet
  facet normal -0.976298 0.216431 0
    outer loop
      vertex 6.67417 -45.4531 8.65
      vertex 6.64207 -45.5979 0
      vertex 6.64207 -45.5979 8.65
    endloop
  endfacet
  facet normal 0.999048 0.0436157 0
    outer loop
      vertex 3.30647 -45.3061 8.65
      vertex 3.3 -45.1579 0
      vertex 3.3 -45.1579 8.65
    endloop
  endfacet
  facet normal 0.999048 0.0436157 0
    outer loop
      vertex 3.3 -45.1579 0
      vertex 3.30647 -45.3061 8.65
      vertex 3.30647 -45.3061 0
    endloop
  endfacet
  facet normal 0.953704 0.300747 0
    outer loop
      vertex 3.40252 -45.7393 8.65
      vertex 3.35793 -45.5979 0
      vertex 3.35793 -45.5979 8.65
    endloop
  endfacet
  facet normal 0.953704 0.300747 0
    outer loop
      vertex 3.35793 -45.5979 0
      vertex 3.40252 -45.7393 8.65
      vertex 3.40252 -45.7393 0
    endloop
  endfacet
  facet normal 0.608831 0.7933 -0
    outer loop
      vertex 4.02492 -46.5505 0
      vertex 3.90726 -46.4602 8.65
      vertex 4.02492 -46.5505 8.65
    endloop
  endfacet
  facet normal 0.608831 0.7933 0
    outer loop
      vertex 3.90726 -46.4602 8.65
      vertex 4.02492 -46.5505 0
      vertex 3.90726 -46.4602 0
    endloop
  endfacet
  facet normal 0.675621 0.737249 -0
    outer loop
      vertex 3.90726 -46.4602 0
      vertex 3.79792 -46.36 8.65
      vertex 3.90726 -46.4602 8.65
    endloop
  endfacet
  facet normal 0.675621 0.737249 0
    outer loop
      vertex 3.79792 -46.36 8.65
      vertex 3.90726 -46.4602 0
      vertex 3.79792 -46.36 0
    endloop
  endfacet
  facet normal -0.953704 0.300747 0
    outer loop
      vertex 6.59748 -45.7393 0
      vertex 6.64207 -45.5979 8.65
      vertex 6.64207 -45.5979 0
    endloop
  endfacet
  facet normal -0.953704 0.300747 0
    outer loop
      vertex 6.64207 -45.5979 8.65
      vertex 6.59748 -45.7393 0
      vertex 6.59748 -45.7393 8.65
    endloop
  endfacet
  facet normal 0.923948 -0.382518 0
    outer loop
      vertex 3.40252 -44.5765 8.65
      vertex 3.45928 -44.4394 0
      vertex 3.45928 -44.4394 8.65
    endloop
  endfacet
  facet normal 0.923948 -0.382518 0
    outer loop
      vertex 3.45928 -44.4394 0
      vertex 3.40252 -44.5765 8.65
      vertex 3.40252 -44.5765 0
    endloop
  endfacet
  facet normal 0.675621 -0.737249 0
    outer loop
      vertex 3.79792 -43.9558 0
      vertex 3.90726 -43.8556 8.65
      vertex 3.79792 -43.9558 8.65
    endloop
  endfacet
  facet normal 0.675621 -0.737249 0
    outer loop
      vertex 3.90726 -43.8556 8.65
      vertex 3.79792 -43.9558 0
      vertex 3.90726 -43.8556 0
    endloop
  endfacet
  facet normal 0.843445 0.537216 0
    outer loop
      vertex 3.60744 -46.133 8.65
      vertex 3.52776 -46.0079 0
      vertex 3.52776 -46.0079 8.65
    endloop
  endfacet
  facet normal 0.843445 0.537216 0
    outer loop
      vertex 3.52776 -46.0079 0
      vertex 3.60744 -46.133 8.65
      vertex 3.60744 -46.133 0
    endloop
  endfacet
  facet normal -0.675621 -0.737249 0
    outer loop
      vertex 6.09274 -43.8556 0
      vertex 6.20208 -43.9558 8.65
      vertex 6.09274 -43.8556 8.65
    endloop
  endfacet
  facet normal -0.675621 -0.737249 -0
    outer loop
      vertex 6.20208 -43.9558 8.65
      vertex 6.09274 -43.8556 0
      vertex 6.20208 -43.9558 0
    endloop
  endfacet
  facet normal 0.843445 -0.537216 0
    outer loop
      vertex 3.52776 -44.3079 8.65
      vertex 3.60744 -44.1828 0
      vertex 3.60744 -44.1828 8.65
    endloop
  endfacet
  facet normal 0.843445 -0.537216 0
    outer loop
      vertex 3.60744 -44.1828 0
      vertex 3.52776 -44.3079 8.65
      vertex 3.52776 -44.3079 0
    endloop
  endfacet
  facet normal 0.382939 0.923774 -0
    outer loop
      vertex 4.41857 -46.7554 0
      vertex 4.28155 -46.6986 8.65
      vertex 4.41857 -46.7554 8.65
    endloop
  endfacet
  facet normal 0.382939 0.923774 0
    outer loop
      vertex 4.28155 -46.6986 8.65
      vertex 4.41857 -46.7554 0
      vertex 4.28155 -46.6986 0
    endloop
  endfacet
  facet normal 0.130149 0.991494 -0
    outer loop
      vertex 4.85183 -46.8514 0
      vertex 4.7048 -46.8321 8.65
      vertex 4.85183 -46.8514 8.65
    endloop
  endfacet
  facet normal 0.130149 0.991494 0
    outer loop
      vertex 4.7048 -46.8321 8.65
      vertex 4.85183 -46.8514 0
      vertex 4.7048 -46.8321 0
    endloop
  endfacet
  facet normal -0.737467 -0.675383 0
    outer loop
      vertex 6.30227 -44.0652 0
      vertex 6.20208 -43.9558 8.65
      vertex 6.20208 -43.9558 0
    endloop
  endfacet
  facet normal -0.737467 -0.675383 0
    outer loop
      vertex 6.20208 -43.9558 8.65
      vertex 6.30227 -44.0652 0
      vertex 6.30227 -44.0652 8.65
    endloop
  endfacet
  facet normal 0.887084 0.461607 0
    outer loop
      vertex 3.52776 -46.0079 8.65
      vertex 3.45928 -45.8763 0
      vertex 3.45928 -45.8763 8.65
    endloop
  endfacet
  facet normal 0.887084 0.461607 0
    outer loop
      vertex 3.45928 -45.8763 0
      vertex 3.52776 -46.0079 8.65
      vertex 3.52776 -46.0079 0
    endloop
  endfacet
  facet normal 0.953704 -0.300747 0
    outer loop
      vertex 3.35793 -44.7179 8.65
      vertex 3.40252 -44.5765 0
      vertex 3.40252 -44.5765 8.65
    endloop
  endfacet
  facet normal 0.953704 -0.300747 0
    outer loop
      vertex 3.40252 -44.5765 0
      vertex 3.35793 -44.7179 8.65
      vertex 3.35793 -44.7179 0
    endloop
  endfacet
  facet normal -0.675621 0.737249 0
    outer loop
      vertex 6.20208 -46.36 0
      vertex 6.09274 -46.4602 8.65
      vertex 6.20208 -46.36 8.65
    endloop
  endfacet
  facet normal -0.675621 0.737249 0
    outer loop
      vertex 6.09274 -46.4602 8.65
      vertex 6.20208 -46.36 0
      vertex 6.09274 -46.4602 0
    endloop
  endfacet
  facet normal 0.991439 0.130573 0
    outer loop
      vertex 3.32583 -45.4531 8.65
      vertex 3.30647 -45.3061 0
      vertex 3.30647 -45.3061 8.65
    endloop
  endfacet
  facet normal 0.991439 0.130573 0
    outer loop
      vertex 3.30647 -45.3061 0
      vertex 3.32583 -45.4531 8.65
      vertex 3.32583 -45.4531 0
    endloop
  endfacet
  facet normal -0.461852 0.886957 0
    outer loop
      vertex 5.85 -46.6301 0
      vertex 5.71845 -46.6986 8.65
      vertex 5.85 -46.6301 8.65
    endloop
  endfacet
  facet normal -0.461852 0.886957 0
    outer loop
      vertex 5.71845 -46.6986 8.65
      vertex 5.85 -46.6301 0
      vertex 5.71845 -46.6986 0
    endloop
  endfacet
  facet normal 0.999048 -0.0436157 0
    outer loop
      vertex 3.3 -45.1579 8.65
      vertex 3.30647 -45.0097 0
      vertex 3.30647 -45.0097 8.65
    endloop
  endfacet
  facet normal 0.999048 -0.0436157 0
    outer loop
      vertex 3.30647 -45.0097 0
      vertex 3.3 -45.1579 8.65
      vertex 3.3 -45.1579 0
    endloop
  endfacet
  facet normal 0.737434 0.675419 0
    outer loop
      vertex 3.79792 -46.36 8.65
      vertex 3.69772 -46.2506 0
      vertex 3.69772 -46.2506 8.65
    endloop
  endfacet
  facet normal 0.737434 0.675419 0
    outer loop
      vertex 3.69772 -46.2506 0
      vertex 3.79792 -46.36 8.65
      vertex 3.79792 -46.36 0
    endloop
  endfacet
  facet normal -0.608831 0.7933 0
    outer loop
      vertex 6.09274 -46.4602 0
      vertex 5.97508 -46.5505 8.65
      vertex 6.09274 -46.4602 8.65
    endloop
  endfacet
  facet normal -0.608831 0.7933 0
    outer loop
      vertex 5.97508 -46.5505 8.65
      vertex 6.09274 -46.4602 0
      vertex 5.97508 -46.5505 0
    endloop
  endfacet
  facet normal 0.737434 -0.675419 0
    outer loop
      vertex 3.69772 -44.0652 8.65
      vertex 3.79792 -43.9558 0
      vertex 3.79792 -43.9558 8.65
    endloop
  endfacet
  facet normal 0.737434 -0.675419 0
    outer loop
      vertex 3.79792 -43.9558 0
      vertex 3.69772 -44.0652 8.65
      vertex 3.69772 -44.0652 0
    endloop
  endfacet
  facet normal -0.843445 0.537216 0
    outer loop
      vertex 6.39256 -46.133 0
      vertex 6.47224 -46.0079 8.65
      vertex 6.47224 -46.0079 0
    endloop
  endfacet
  facet normal -0.843445 0.537216 0
    outer loop
      vertex 6.47224 -46.0079 8.65
      vertex 6.39256 -46.133 0
      vertex 6.39256 -46.133 8.65
    endloop
  endfacet
  facet normal -0.991502 -0.130088 0
    outer loop
      vertex 16.6935 -47.7466 0
      vertex 16.6742 -47.5995 8.65
      vertex 16.6742 -47.5995 0
    endloop
  endfacet
  facet normal -0.991502 -0.130088 0
    outer loop
      vertex 16.6742 -47.5995 8.65
      vertex 16.6935 -47.7466 0
      vertex 16.6935 -47.7466 8.65
    endloop
  endfacet
  facet normal -0.999038 -0.0438471 0
    outer loop
      vertex 16.7 -47.8947 0
      vertex 16.6935 -47.7466 8.65
      vertex 16.6935 -47.7466 0
    endloop
  endfacet
  facet normal -0.999038 -0.0438471 0
    outer loop
      vertex 16.6935 -47.7466 8.65
      vertex 16.7 -47.8947 0
      vertex 16.7 -47.8947 8.65
    endloop
  endfacet
  facet normal -0.976298 -0.216431 0
    outer loop
      vertex 16.6742 -47.5995 0
      vertex 16.6421 -47.4547 8.65
      vertex 16.6421 -47.4547 0
    endloop
  endfacet
  facet normal -0.976298 -0.216431 0
    outer loop
      vertex 16.6421 -47.4547 8.65
      vertex 16.6742 -47.5995 0
      vertex 16.6742 -47.5995 8.65
    endloop
  endfacet
  facet normal -0.737126 0.675755 0
    outer loop
      vertex 16.2021 -49.0968 0
      vertex 16.3023 -48.9875 8.65
      vertex 16.3023 -48.9875 0
    endloop
  endfacet
  facet normal -0.737126 0.675755 0
    outer loop
      vertex 16.3023 -48.9875 8.65
      vertex 16.2021 -49.0968 0
      vertex 16.2021 -49.0968 8.65
    endloop
  endfacet
  facet normal -0.300809 -0.953685 0
    outer loop
      vertex 15.44 -46.2527 0
      vertex 15.5814 -46.2973 8.65
      vertex 15.44 -46.2527 8.65
    endloop
  endfacet
  facet normal -0.300809 -0.953685 -0
    outer loop
      vertex 15.5814 -46.2973 8.65
      vertex 15.44 -46.2527 0
      vertex 15.5814 -46.2973 0
    endloop
  endfacet
  facet normal 0.843495 -0.537137 0
    outer loop
      vertex 13.5278 -47.0447 8.65
      vertex 13.6074 -46.9197 0
      vertex 13.6074 -46.9197 8.65
    endloop
  endfacet
  facet normal 0.843495 -0.537137 0
    outer loop
      vertex 13.6074 -46.9197 0
      vertex 13.5278 -47.0447 8.65
      vertex 13.5278 -47.0447 0
    endloop
  endfacet
  facet normal 0.976298 0.216431 0
    outer loop
      vertex 13.3579 -48.3347 8.65
      vertex 13.3258 -48.1899 0
      vertex 13.3258 -48.1899 8.65
    endloop
  endfacet
  facet normal 0.976298 0.216431 0
    outer loop
      vertex 13.3258 -48.1899 0
      vertex 13.3579 -48.3347 8.65
      vertex 13.3579 -48.3347 0
    endloop
  endfacet
  facet normal 0.300809 -0.953685 0
    outer loop
      vertex 14.4186 -46.2973 0
      vertex 14.56 -46.2527 8.65
      vertex 14.4186 -46.2973 8.65
    endloop
  endfacet
  facet normal 0.300809 -0.953685 0
    outer loop
      vertex 14.56 -46.2527 8.65
      vertex 14.4186 -46.2973 0
      vertex 14.56 -46.2527 0
    endloop
  endfacet
  facet normal -0.953746 0.300615 0
    outer loop
      vertex 16.5975 -48.4762 0
      vertex 16.6421 -48.3347 8.65
      vertex 16.6421 -48.3347 0
    endloop
  endfacet
  facet normal -0.953746 0.300615 0
    outer loop
      vertex 16.6421 -48.3347 8.65
      vertex 16.5975 -48.4762 0
      vertex 16.5975 -48.4762 8.65
    endloop
  endfacet
  facet normal -0.99904 0.0438175 0
    outer loop
      vertex 16.6935 -48.0429 0
      vertex 16.7 -47.8947 8.65
      vertex 16.7 -47.8947 0
    endloop
  endfacet
  facet normal -0.99904 0.0438175 0
    outer loop
      vertex 16.7 -47.8947 8.65
      vertex 16.6935 -48.0429 0
      vertex 16.6935 -48.0429 8.65
    endloop
  endfacet
  facet normal 0.737126 0.675755 0
    outer loop
      vertex 13.7979 -49.0968 8.65
      vertex 13.6977 -48.9875 0
      vertex 13.6977 -48.9875 8.65
    endloop
  endfacet
  facet normal 0.737126 0.675755 0
    outer loop
      vertex 13.6977 -48.9875 0
      vertex 13.7979 -49.0968 8.65
      vertex 13.7979 -49.0968 0
    endloop
  endfacet
  facet normal -0.609026 -0.79315 0
    outer loop
      vertex 15.9751 -46.5022 0
      vertex 16.0927 -46.5925 8.65
      vertex 15.9751 -46.5022 8.65
    endloop
  endfacet
  facet normal -0.609026 -0.79315 -0
    outer loop
      vertex 16.0927 -46.5925 8.65
      vertex 15.9751 -46.5022 0
      vertex 16.0927 -46.5925 0
    endloop
  endfacet
  facet normal -0.130838 0.991404 0
    outer loop
      vertex 15.2952 -49.5689 0
      vertex 15.1482 -49.5883 8.65
      vertex 15.2952 -49.5689 8.65
    endloop
  endfacet
  facet normal -0.130838 0.991404 0
    outer loop
      vertex 15.1482 -49.5883 8.65
      vertex 15.2952 -49.5689 0
      vertex 15.1482 -49.5883 0
    endloop
  endfacet
  facet normal -0.0438175 -0.99904 0
    outer loop
      vertex 15 -46.1947 0
      vertex 15.1482 -46.2012 8.65
      vertex 15 -46.1947 8.65
    endloop
  endfacet
  facet normal -0.0438175 -0.99904 -0
    outer loop
      vertex 15.1482 -46.2012 8.65
      vertex 15 -46.1947 0
      vertex 15.1482 -46.2012 0
    endloop
  endfacet
  facet normal 0.216431 -0.976298 0
    outer loop
      vertex 14.56 -46.2527 0
      vertex 14.7048 -46.2206 8.65
      vertex 14.56 -46.2527 8.65
    endloop
  endfacet
  facet normal 0.216431 -0.976298 0
    outer loop
      vertex 14.7048 -46.2206 8.65
      vertex 14.56 -46.2527 0
      vertex 14.7048 -46.2206 0
    endloop
  endfacet
  facet normal 0.7934 -0.6087 0
    outer loop
      vertex 13.6074 -46.9197 8.65
      vertex 13.6977 -46.802 0
      vertex 13.6977 -46.802 8.65
    endloop
  endfacet
  facet normal 0.7934 -0.6087 0
    outer loop
      vertex 13.6977 -46.802 0
      vertex 13.6074 -46.9197 8.65
      vertex 13.6074 -46.9197 0
    endloop
  endfacet
  facet normal -0.537312 0.843384 0
    outer loop
      vertex 15.9751 -49.2873 0
      vertex 15.85 -49.367 8.65
      vertex 15.9751 -49.2873 8.65
    endloop
  endfacet
  facet normal -0.537312 0.843384 0
    outer loop
      vertex 15.85 -49.367 8.65
      vertex 15.9751 -49.2873 0
      vertex 15.85 -49.367 0
    endloop
  endfacet
  facet normal 0.46199 0.886885 -0
    outer loop
      vertex 14.2815 -49.4355 0
      vertex 14.15 -49.367 8.65
      vertex 14.2815 -49.4355 8.65
    endloop
  endfacet
  facet normal 0.46199 0.886885 0
    outer loop
      vertex 14.15 -49.367 8.65
      vertex 14.2815 -49.4355 0
      vertex 14.15 -49.367 0
    endloop
  endfacet
  facet normal 0.216431 0.976298 -0
    outer loop
      vertex 14.7048 -49.5689 0
      vertex 14.56 -49.5368 8.65
      vertex 14.7048 -49.5689 8.65
    endloop
  endfacet
  facet normal 0.216431 0.976298 0
    outer loop
      vertex 14.56 -49.5368 8.65
      vertex 14.7048 -49.5689 0
      vertex 14.56 -49.5368 0
    endloop
  endfacet
  facet normal -0.46199 -0.886885 0
    outer loop
      vertex 15.7185 -46.354 0
      vertex 15.85 -46.4225 8.65
      vertex 15.7185 -46.354 8.65
    endloop
  endfacet
  facet normal -0.46199 -0.886885 -0
    outer loop
      vertex 15.85 -46.4225 8.65
      vertex 15.7185 -46.354 0
      vertex 15.85 -46.4225 0
    endloop
  endfacet
  facet normal -0.300809 0.953685 0
    outer loop
      vertex 15.5814 -49.4922 0
      vertex 15.44 -49.5368 8.65
      vertex 15.5814 -49.4922 8.65
    endloop
  endfacet
  facet normal -0.300809 0.953685 0
    outer loop
      vertex 15.44 -49.5368 8.65
      vertex 15.5814 -49.4922 0
      vertex 15.44 -49.5368 0
    endloop
  endfacet
  facet normal 0.382173 -0.924091 0
    outer loop
      vertex 14.2815 -46.354 0
      vertex 14.4186 -46.2973 8.65
      vertex 14.2815 -46.354 8.65
    endloop
  endfacet
  facet normal 0.382173 -0.924091 0
    outer loop
      vertex 14.4186 -46.2973 8.65
      vertex 14.2815 -46.354 0
      vertex 14.4186 -46.2973 0
    endloop
  endfacet
  facet normal -0.46199 0.886885 0
    outer loop
      vertex 15.85 -49.367 0
      vertex 15.7185 -49.4355 8.65
      vertex 15.85 -49.367 8.65
    endloop
  endfacet
  facet normal -0.46199 0.886885 0
    outer loop
      vertex 15.7185 -49.4355 8.65
      vertex 15.85 -49.367 0
      vertex 15.7185 -49.4355 0
    endloop
  endfacet
  facet normal -0.991491 0.130175 0
    outer loop
      vertex 16.6742 -48.1899 0
      vertex 16.6935 -48.0429 8.65
      vertex 16.6935 -48.0429 0
    endloop
  endfacet
  facet normal -0.991491 0.130175 0
    outer loop
      vertex 16.6935 -48.0429 8.65
      vertex 16.6742 -48.1899 0
      vertex 16.6742 -48.1899 8.65
    endloop
  endfacet
  facet normal -0.216431 -0.976298 0
    outer loop
      vertex 15.2952 -46.2206 0
      vertex 15.44 -46.2527 8.65
      vertex 15.2952 -46.2206 8.65
    endloop
  endfacet
  facet normal -0.216431 -0.976298 -0
    outer loop
      vertex 15.44 -46.2527 8.65
      vertex 15.2952 -46.2206 0
      vertex 15.44 -46.2527 0
    endloop
  endfacet
  facet normal -0.923754 -0.382987 0
    outer loop
      vertex 16.5975 -47.3133 0
      vertex 16.5407 -47.1763 8.65
      vertex 16.5407 -47.1763 0
    endloop
  endfacet
  facet normal -0.923754 -0.382987 0
    outer loop
      vertex 16.5407 -47.1763 8.65
      vertex 16.5975 -47.3133 0
      vertex 16.5975 -47.3133 8.65
    endloop
  endfacet
  facet normal 0.609026 0.79315 -0
    outer loop
      vertex 14.0249 -49.2873 0
      vertex 13.9073 -49.197 8.65
      vertex 14.0249 -49.2873 8.65
    endloop
  endfacet
  facet normal 0.609026 0.79315 0
    outer loop
      vertex 13.9073 -49.197 8.65
      vertex 14.0249 -49.2873 0
      vertex 13.9073 -49.197 0
    endloop
  endfacet
  facet normal 0.99904 0.0438175 0
    outer loop
      vertex 13.3065 -48.0429 8.65
      vertex 13.3 -47.8947 0
      vertex 13.3 -47.8947 8.65
    endloop
  endfacet
  facet normal 0.99904 0.0438175 0
    outer loop
      vertex 13.3 -47.8947 0
      vertex 13.3065 -48.0429 8.65
      vertex 13.3065 -48.0429 0
    endloop
  endfacet
  facet normal -0.537312 -0.843384 0
    outer loop
      vertex 15.85 -46.4225 0
      vertex 15.9751 -46.5022 8.65
      vertex 15.85 -46.4225 8.65
    endloop
  endfacet
  facet normal -0.537312 -0.843384 -0
    outer loop
      vertex 15.9751 -46.5022 8.65
      vertex 15.85 -46.4225 0
      vertex 15.9751 -46.5022 0
    endloop
  endfacet
  facet normal 0.953746 0.300615 0
    outer loop
      vertex 13.4025 -48.4762 8.65
      vertex 13.3579 -48.3347 0
      vertex 13.3579 -48.3347 8.65
    endloop
  endfacet
  facet normal 0.953746 0.300615 0
    outer loop
      vertex 13.3579 -48.3347 0
      vertex 13.4025 -48.4762 8.65
      vertex 13.4025 -48.4762 0
    endloop
  endfacet
  facet normal 0.999038 -0.0438471 0
    outer loop
      vertex 13.3 -47.8947 8.65
      vertex 13.3065 -47.7466 0
      vertex 13.3065 -47.7466 8.65
    endloop
  endfacet
  facet normal 0.999038 -0.0438471 0
    outer loop
      vertex 13.3065 -47.7466 0
      vertex 13.3 -47.8947 8.65
      vertex 13.3 -47.8947 0
    endloop
  endfacet
  facet normal -0.216431 0.976298 0
    outer loop
      vertex 15.44 -49.5368 0
      vertex 15.2952 -49.5689 8.65
      vertex 15.44 -49.5368 8.65
    endloop
  endfacet
  facet normal -0.216431 0.976298 0
    outer loop
      vertex 15.2952 -49.5689 8.65
      vertex 15.44 -49.5368 0
      vertex 15.2952 -49.5689 0
    endloop
  endfacet
  facet normal -0.843495 -0.537137 0
    outer loop
      vertex 16.4722 -47.0447 0
      vertex 16.3926 -46.9197 8.65
      vertex 16.3926 -46.9197 0
    endloop
  endfacet
  facet normal -0.843495 -0.537137 0
    outer loop
      vertex 16.3926 -46.9197 8.65
      vertex 16.4722 -47.0447 0
      vertex 16.4722 -47.0447 8.65
    endloop
  endfacet
  facet normal -0.7934 0.6087 0
    outer loop
      vertex 16.3023 -48.9875 0
      vertex 16.3926 -48.8698 8.65
      vertex 16.3926 -48.8698 0
    endloop
  endfacet
  facet normal -0.7934 0.6087 0
    outer loop
      vertex 16.3926 -48.8698 8.65
      vertex 16.3023 -48.9875 0
      vertex 16.3023 -48.9875 8.65
    endloop
  endfacet
  facet normal -0.382173 0.924091 0
    outer loop
      vertex 15.7185 -49.4355 0
      vertex 15.5814 -49.4922 8.65
      vertex 15.7185 -49.4355 8.65
    endloop
  endfacet
  facet normal -0.382173 0.924091 0
    outer loop
      vertex 15.5814 -49.4922 8.65
      vertex 15.7185 -49.4355 0
      vertex 15.5814 -49.4922 0
    endloop
  endfacet
  facet normal 0.537312 0.843384 -0
    outer loop
      vertex 14.15 -49.367 0
      vertex 14.0249 -49.2873 8.65
      vertex 14.15 -49.367 8.65
    endloop
  endfacet
  facet normal 0.537312 0.843384 0
    outer loop
      vertex 14.0249 -49.2873 8.65
      vertex 14.15 -49.367 0
      vertex 14.0249 -49.2873 0
    endloop
  endfacet
  facet normal -0.382173 -0.924091 0
    outer loop
      vertex 15.5814 -46.2973 0
      vertex 15.7185 -46.354 8.65
      vertex 15.5814 -46.2973 8.65
    endloop
  endfacet
  facet normal -0.382173 -0.924091 -0
    outer loop
      vertex 15.7185 -46.354 8.65
      vertex 15.5814 -46.2973 0
      vertex 15.7185 -46.354 0
    endloop
  endfacet
  facet normal -0.953685 -0.300809 0
    outer loop
      vertex 16.6421 -47.4547 0
      vertex 16.5975 -47.3133 8.65
      vertex 16.5975 -47.3133 0
    endloop
  endfacet
  facet normal -0.953685 -0.300809 0
    outer loop
      vertex 16.5975 -47.3133 8.65
      vertex 16.6421 -47.4547 0
      vertex 16.6421 -47.4547 8.65
    endloop
  endfacet
  facet normal 0.130838 -0.991404 0
    outer loop
      vertex 14.7048 -46.2206 0
      vertex 14.8518 -46.2012 8.65
      vertex 14.7048 -46.2206 8.65
    endloop
  endfacet
  facet normal 0.130838 -0.991404 0
    outer loop
      vertex 14.8518 -46.2012 8.65
      vertex 14.7048 -46.2206 0
      vertex 14.8518 -46.2012 0
    endloop
  endfacet
  facet normal 0.976298 -0.216431 0
    outer loop
      vertex 13.3258 -47.5995 8.65
      vertex 13.3579 -47.4547 0
      vertex 13.3579 -47.4547 8.65
    endloop
  endfacet
  facet normal 0.976298 -0.216431 0
    outer loop
      vertex 13.3579 -47.4547 0
      vertex 13.3258 -47.5995 8.65
      vertex 13.3258 -47.5995 0
    endloop
  endfacet
  facet normal -0.609026 0.79315 0
    outer loop
      vertex 16.0927 -49.197 0
      vertex 15.9751 -49.2873 8.65
      vertex 16.0927 -49.197 8.65
    endloop
  endfacet
  facet normal -0.609026 0.79315 0
    outer loop
      vertex 15.9751 -49.2873 8.65
      vertex 16.0927 -49.197 0
      vertex 15.9751 -49.2873 0
    endloop
  endfacet
  facet normal 0.737126 -0.675755 0
    outer loop
      vertex 13.6977 -46.802 8.65
      vertex 13.7979 -46.6927 0
      vertex 13.7979 -46.6927 8.65
    endloop
  endfacet
  facet normal 0.737126 -0.675755 0
    outer loop
      vertex 13.7979 -46.6927 0
      vertex 13.6977 -46.802 8.65
      vertex 13.6977 -46.802 0
    endloop
  endfacet
  facet normal -0.976298 0.216431 0
    outer loop
      vertex 16.6421 -48.3347 0
      vertex 16.6742 -48.1899 8.65
      vertex 16.6742 -48.1899 0
    endloop
  endfacet
  facet normal -0.976298 0.216431 0
    outer loop
      vertex 16.6742 -48.1899 8.65
      vertex 16.6421 -48.3347 0
      vertex 16.6421 -48.3347 8.65
    endloop
  endfacet
  facet normal 0.609026 -0.79315 0
    outer loop
      vertex 13.9073 -46.5925 0
      vertex 14.0249 -46.5022 8.65
      vertex 13.9073 -46.5925 8.65
    endloop
  endfacet
  facet normal 0.609026 -0.79315 0
    outer loop
      vertex 14.0249 -46.5022 8.65
      vertex 13.9073 -46.5925 0
      vertex 14.0249 -46.5022 0
    endloop
  endfacet
  facet normal -0.887029 -0.461713 0
    outer loop
      vertex 16.5407 -47.1763 0
      vertex 16.4722 -47.0447 8.65
      vertex 16.4722 -47.0447 0
    endloop
  endfacet
  facet normal -0.887029 -0.461713 0
    outer loop
      vertex 16.4722 -47.0447 8.65
      vertex 16.5407 -47.1763 0
      vertex 16.5407 -47.1763 8.65
    endloop
  endfacet
  facet normal 0.953685 -0.300809 0
    outer loop
      vertex 13.3579 -47.4547 8.65
      vertex 13.4025 -47.3133 0
      vertex 13.4025 -47.3133 8.65
    endloop
  endfacet
  facet normal 0.953685 -0.300809 0
    outer loop
      vertex 13.4025 -47.3133 0
      vertex 13.3579 -47.4547 8.65
      vertex 13.3579 -47.4547 0
    endloop
  endfacet
  facet normal -0.7934 -0.6087 0
    outer loop
      vertex 16.3926 -46.9197 0
      vertex 16.3023 -46.802 8.65
      vertex 16.3023 -46.802 0
    endloop
  endfacet
  facet normal -0.7934 -0.6087 0
    outer loop
      vertex 16.3023 -46.802 8.65
      vertex 16.3926 -46.9197 0
      vertex 16.3926 -46.9197 8.65
    endloop
  endfacet
  facet normal 0.843689 0.536832 0
    outer loop
      vertex 13.6074 -48.8698 8.65
      vertex 13.5278 -48.7447 0
      vertex 13.5278 -48.7447 8.65
    endloop
  endfacet
  facet normal 0.843689 0.536832 0
    outer loop
      vertex 13.5278 -48.7447 0
      vertex 13.6074 -48.8698 8.65
      vertex 13.6074 -48.8698 0
    endloop
  endfacet
  facet normal 0.991491 0.130175 0
    outer loop
      vertex 13.3258 -48.1899 8.65
      vertex 13.3065 -48.0429 0
      vertex 13.3065 -48.0429 8.65
    endloop
  endfacet
  facet normal 0.991491 0.130175 0
    outer loop
      vertex 13.3065 -48.0429 0
      vertex 13.3258 -48.1899 8.65
      vertex 13.3258 -48.1899 0
    endloop
  endfacet
  facet normal 0.675419 0.737434 -0
    outer loop
      vertex 13.9073 -49.197 0
      vertex 13.7979 -49.0968 8.65
      vertex 13.9073 -49.197 8.65
    endloop
  endfacet
  facet normal 0.675419 0.737434 0
    outer loop
      vertex 13.7979 -49.0968 8.65
      vertex 13.9073 -49.197 0
      vertex 13.7979 -49.0968 0
    endloop
  endfacet
  facet normal -0.0431447 0.999069 0
    outer loop
      vertex 15.1482 -49.5883 0
      vertex 15 -49.5947 8.65
      vertex 15.1482 -49.5883 8.65
    endloop
  endfacet
  facet normal -0.0431447 0.999069 0
    outer loop
      vertex 15 -49.5947 8.65
      vertex 15.1482 -49.5883 0
      vertex 15 -49.5947 0
    endloop
  endfacet
  facet normal 0.675419 -0.737434 0
    outer loop
      vertex 13.7979 -46.6927 0
      vertex 13.9073 -46.5925 8.65
      vertex 13.7979 -46.6927 8.65
    endloop
  endfacet
  facet normal 0.675419 -0.737434 0
    outer loop
      vertex 13.9073 -46.5925 8.65
      vertex 13.7979 -46.6927 0
      vertex 13.9073 -46.5925 0
    endloop
  endfacet
  facet normal 0.7934 0.6087 0
    outer loop
      vertex 13.6977 -48.9875 8.65
      vertex 13.6074 -48.8698 0
      vertex 13.6074 -48.8698 8.65
    endloop
  endfacet
  facet normal 0.7934 0.6087 0
    outer loop
      vertex 13.6074 -48.8698 0
      vertex 13.6977 -48.9875 8.65
      vertex 13.6977 -48.9875 0
    endloop
  endfacet
  facet normal 0.991502 -0.130088 0
    outer loop
      vertex 13.3065 -47.7466 8.65
      vertex 13.3258 -47.5995 0
      vertex 13.3258 -47.5995 8.65
    endloop
  endfacet
  facet normal 0.991502 -0.130088 0
    outer loop
      vertex 13.3258 -47.5995 0
      vertex 13.3065 -47.7466 8.65
      vertex 13.3065 -47.7466 0
    endloop
  endfacet
  facet normal -0.675419 -0.737434 0
    outer loop
      vertex 16.0927 -46.5925 0
      vertex 16.2021 -46.6927 8.65
      vertex 16.0927 -46.5925 8.65
    endloop
  endfacet
  facet normal -0.675419 -0.737434 -0
    outer loop
      vertex 16.2021 -46.6927 8.65
      vertex 16.0927 -46.5925 0
      vertex 16.2021 -46.6927 0
    endloop
  endfacet
  facet normal 0.886885 0.46199 0
    outer loop
      vertex 13.5278 -48.7447 8.65
      vertex 13.4593 -48.6132 0
      vertex 13.4593 -48.6132 8.65
    endloop
  endfacet
  facet normal 0.886885 0.46199 0
    outer loop
      vertex 13.4593 -48.6132 0
      vertex 13.5278 -48.7447 8.65
      vertex 13.5278 -48.7447 0
    endloop
  endfacet
  facet normal -0.923754 0.382987 0
    outer loop
      vertex 16.5407 -48.6132 0
      vertex 16.5975 -48.4762 8.65
      vertex 16.5975 -48.4762 0
    endloop
  endfacet
  facet normal -0.923754 0.382987 0
    outer loop
      vertex 16.5975 -48.4762 8.65
      vertex 16.5407 -48.6132 0
      vertex 16.5407 -48.6132 8.65
    endloop
  endfacet
  facet normal -0.737126 -0.675755 0
    outer loop
      vertex 16.3023 -46.802 0
      vertex 16.2021 -46.6927 8.65
      vertex 16.2021 -46.6927 0
    endloop
  endfacet
  facet normal -0.737126 -0.675755 0
    outer loop
      vertex 16.2021 -46.6927 8.65
      vertex 16.3023 -46.802 0
      vertex 16.3023 -46.802 8.65
    endloop
  endfacet
  facet normal 0.46199 -0.886885 0
    outer loop
      vertex 14.15 -46.4225 0
      vertex 14.2815 -46.354 8.65
      vertex 14.15 -46.4225 8.65
    endloop
  endfacet
  facet normal 0.46199 -0.886885 0
    outer loop
      vertex 14.2815 -46.354 8.65
      vertex 14.15 -46.4225 0
      vertex 14.2815 -46.354 0
    endloop
  endfacet
  facet normal 0.923754 0.382987 0
    outer loop
      vertex 13.4593 -48.6132 8.65
      vertex 13.4025 -48.4762 0
      vertex 13.4025 -48.4762 8.65
    endloop
  endfacet
  facet normal 0.923754 0.382987 0
    outer loop
      vertex 13.4025 -48.4762 0
      vertex 13.4593 -48.6132 8.65
      vertex 13.4593 -48.6132 0
    endloop
  endfacet
  facet normal 0.0438175 -0.99904 0
    outer loop
      vertex 14.8518 -46.2012 0
      vertex 15 -46.1947 8.65
      vertex 14.8518 -46.2012 8.65
    endloop
  endfacet
  facet normal 0.0438175 -0.99904 0
    outer loop
      vertex 15 -46.1947 8.65
      vertex 14.8518 -46.2012 0
      vertex 15 -46.1947 0
    endloop
  endfacet
  facet normal 0.0431447 0.999069 -0
    outer loop
      vertex 15 -49.5947 0
      vertex 14.8518 -49.5883 8.65
      vertex 15 -49.5947 8.65
    endloop
  endfacet
  facet normal 0.0431447 0.999069 0
    outer loop
      vertex 14.8518 -49.5883 8.65
      vertex 15 -49.5947 0
      vertex 14.8518 -49.5883 0
    endloop
  endfacet
  facet normal 0.382173 0.924091 -0
    outer loop
      vertex 14.4186 -49.4922 0
      vertex 14.2815 -49.4355 8.65
      vertex 14.4186 -49.4922 8.65
    endloop
  endfacet
  facet normal 0.382173 0.924091 0
    outer loop
      vertex 14.2815 -49.4355 8.65
      vertex 14.4186 -49.4922 0
      vertex 14.2815 -49.4355 0
    endloop
  endfacet
  facet normal -0.843689 0.536832 0
    outer loop
      vertex 16.3926 -48.8698 0
      vertex 16.4722 -48.7447 8.65
      vertex 16.4722 -48.7447 0
    endloop
  endfacet
  facet normal -0.843689 0.536832 0
    outer loop
      vertex 16.4722 -48.7447 8.65
      vertex 16.3926 -48.8698 0
      vertex 16.3926 -48.8698 8.65
    endloop
  endfacet
  facet normal 0.887029 -0.461713 0
    outer loop
      vertex 13.4593 -47.1763 8.65
      vertex 13.5278 -47.0447 0
      vertex 13.5278 -47.0447 8.65
    endloop
  endfacet
  facet normal 0.887029 -0.461713 0
    outer loop
      vertex 13.5278 -47.0447 0
      vertex 13.4593 -47.1763 8.65
      vertex 13.4593 -47.1763 0
    endloop
  endfacet
  facet normal -0.886885 0.46199 0
    outer loop
      vertex 16.4722 -48.7447 0
      vertex 16.5407 -48.6132 8.65
      vertex 16.5407 -48.6132 0
    endloop
  endfacet
  facet normal -0.886885 0.46199 0
    outer loop
      vertex 16.5407 -48.6132 8.65
      vertex 16.4722 -48.7447 0
      vertex 16.4722 -48.7447 8.65
    endloop
  endfacet
  facet normal 0.537312 -0.843384 0
    outer loop
      vertex 14.0249 -46.5022 0
      vertex 14.15 -46.4225 8.65
      vertex 14.0249 -46.5022 8.65
    endloop
  endfacet
  facet normal 0.537312 -0.843384 0
    outer loop
      vertex 14.15 -46.4225 8.65
      vertex 14.0249 -46.5022 0
      vertex 14.15 -46.4225 0
    endloop
  endfacet
  facet normal -0.675419 0.737434 0
    outer loop
      vertex 16.2021 -49.0968 0
      vertex 16.0927 -49.197 8.65
      vertex 16.2021 -49.0968 8.65
    endloop
  endfacet
  facet normal -0.675419 0.737434 0
    outer loop
      vertex 16.0927 -49.197 8.65
      vertex 16.2021 -49.0968 0
      vertex 16.0927 -49.197 0
    endloop
  endfacet
  facet normal -0.130838 -0.991404 0
    outer loop
      vertex 15.1482 -46.2012 0
      vertex 15.2952 -46.2206 8.65
      vertex 15.1482 -46.2012 8.65
    endloop
  endfacet
  facet normal -0.130838 -0.991404 -0
    outer loop
      vertex 15.2952 -46.2206 8.65
      vertex 15.1482 -46.2012 0
      vertex 15.2952 -46.2206 0
    endloop
  endfacet
  facet normal 0.130838 0.991404 -0
    outer loop
      vertex 14.8518 -49.5883 0
      vertex 14.7048 -49.5689 8.65
      vertex 14.8518 -49.5883 8.65
    endloop
  endfacet
  facet normal 0.130838 0.991404 0
    outer loop
      vertex 14.7048 -49.5689 8.65
      vertex 14.8518 -49.5883 0
      vertex 14.7048 -49.5689 0
    endloop
  endfacet
  facet normal 0.300809 0.953685 -0
    outer loop
      vertex 14.56 -49.5368 0
      vertex 14.4186 -49.4922 8.65
      vertex 14.56 -49.5368 8.65
    endloop
  endfacet
  facet normal 0.300809 0.953685 0
    outer loop
      vertex 14.4186 -49.4922 8.65
      vertex 14.56 -49.5368 0
      vertex 14.4186 -49.4922 0
    endloop
  endfacet
  facet normal 0.923754 -0.382987 0
    outer loop
      vertex 13.4025 -47.3133 8.65
      vertex 13.4593 -47.1763 0
      vertex 13.4593 -47.1763 8.65
    endloop
  endfacet
  facet normal 0.923754 -0.382987 0
    outer loop
      vertex 13.4593 -47.1763 0
      vertex 13.4025 -47.3133 8.65
      vertex 13.4025 -47.3133 0
    endloop
  endfacet
  facet normal -0.382939 -0.923774 0
    outer loop
      vertex 5.58143 46.7554 0
      vertex 5.71845 46.6986 8.65
      vertex 5.58143 46.7554 8.65
    endloop
  endfacet
  facet normal -0.382939 -0.923774 -0
    outer loop
      vertex 5.71845 46.6986 8.65
      vertex 5.58143 46.7554 0
      vertex 5.71845 46.6986 0
    endloop
  endfacet
  facet normal -0.991439 -0.130573 0
    outer loop
      vertex 6.69353 45.3061 0
      vertex 6.67417 45.4531 8.65
      vertex 6.67417 45.4531 0
    endloop
  endfacet
  facet normal -0.991439 -0.130573 0
    outer loop
      vertex 6.67417 45.4531 8.65
      vertex 6.69353 45.3061 0
      vertex 6.69353 45.3061 8.65
    endloop
  endfacet
  facet normal -0.999048 -0.0436157 0
    outer loop
      vertex 6.7 45.1579 0
      vertex 6.69353 45.3061 8.65
      vertex 6.69353 45.3061 0
    endloop
  endfacet
  facet normal -0.999048 -0.0436157 0
    outer loop
      vertex 6.69353 45.3061 8.65
      vertex 6.7 45.1579 0
      vertex 6.7 45.1579 8.65
    endloop
  endfacet
  facet normal -0.976298 -0.216431 0
    outer loop
      vertex 6.67417 45.4531 0
      vertex 6.64207 45.5979 8.65
      vertex 6.64207 45.5979 0
    endloop
  endfacet
  facet normal -0.976298 -0.216431 0
    outer loop
      vertex 6.64207 45.5979 8.65
      vertex 6.67417 45.4531 0
      vertex 6.67417 45.4531 8.65
    endloop
  endfacet
  facet normal -0.675621 -0.737249 0
    outer loop
      vertex 6.09274 46.4602 0
      vertex 6.20208 46.36 8.65
      vertex 6.09274 46.4602 8.65
    endloop
  endfacet
  facet normal -0.675621 -0.737249 -0
    outer loop
      vertex 6.20208 46.36 8.65
      vertex 6.09274 46.4602 0
      vertex 6.20208 46.36 0
    endloop
  endfacet
  facet normal -0.843445 -0.537216 0
    outer loop
      vertex 6.47224 46.0079 0
      vertex 6.39256 46.133 8.65
      vertex 6.39256 46.133 0
    endloop
  endfacet
  facet normal -0.843445 -0.537216 0
    outer loop
      vertex 6.39256 46.133 8.65
      vertex 6.47224 46.0079 0
      vertex 6.47224 46.0079 8.65
    endloop
  endfacet
  facet normal -0.976298 0.216431 0
    outer loop
      vertex 6.64207 44.7179 0
      vertex 6.67417 44.8627 8.65
      vertex 6.67417 44.8627 0
    endloop
  endfacet
  facet normal -0.976298 0.216431 0
    outer loop
      vertex 6.67417 44.8627 8.65
      vertex 6.64207 44.7179 0
      vertex 6.64207 44.7179 8.65
    endloop
  endfacet
  facet normal -0.999048 0.0436157 0
    outer loop
      vertex 6.69353 45.0097 0
      vertex 6.7 45.1579 8.65
      vertex 6.7 45.1579 0
    endloop
  endfacet
  facet normal -0.999048 0.0436157 0
    outer loop
      vertex 6.7 45.1579 8.65
      vertex 6.69353 45.0097 0
      vertex 6.69353 45.0097 8.65
    endloop
  endfacet
  facet normal 0.382939 0.923774 -0
    outer loop
      vertex 4.41857 43.5604 0
      vertex 4.28155 43.6172 8.65
      vertex 4.41857 43.5604 8.65
    endloop
  endfacet
  facet normal 0.382939 0.923774 0
    outer loop
      vertex 4.28155 43.6172 8.65
      vertex 4.41857 43.5604 0
      vertex 4.28155 43.6172 0
    endloop
  endfacet
  facet normal 0.461321 0.887233 -0
    outer loop
      vertex 4.28155 43.6172 0
      vertex 4.15 43.6856 8.65
      vertex 4.28155 43.6172 8.65
    endloop
  endfacet
  facet normal 0.461321 0.887233 0
    outer loop
      vertex 4.15 43.6856 8.65
      vertex 4.28155 43.6172 0
      vertex 4.15 43.6856 0
    endloop
  endfacet
  facet normal 0.953704 -0.300747 0
    outer loop
      vertex 3.35793 45.5979 8.65
      vertex 3.40252 45.7393 0
      vertex 3.40252 45.7393 8.65
    endloop
  endfacet
  facet normal 0.953704 -0.300747 0
    outer loop
      vertex 3.40252 45.7393 0
      vertex 3.35793 45.5979 8.65
      vertex 3.35793 45.5979 0
    endloop
  endfacet
  facet normal 0.216445 -0.976295 0
    outer loop
      vertex 4.56001 46.8 0
      vertex 4.7048 46.8321 8.65
      vertex 4.56001 46.8 8.65
    endloop
  endfacet
  facet normal 0.216445 -0.976295 0
    outer loop
      vertex 4.7048 46.8321 8.65
      vertex 4.56001 46.8 0
      vertex 4.7048 46.8321 0
    endloop
  endfacet
  facet normal -0.675621 0.737249 0
    outer loop
      vertex 6.20208 43.9558 0
      vertex 6.09274 43.8556 8.65
      vertex 6.20208 43.9558 8.65
    endloop
  endfacet
  facet normal -0.675621 0.737249 0
    outer loop
      vertex 6.09274 43.8556 8.65
      vertex 6.20208 43.9558 0
      vertex 6.09274 43.8556 0
    endloop
  endfacet
  facet normal 0.300731 -0.953709 0
    outer loop
      vertex 4.41857 46.7554 0
      vertex 4.56001 46.8 8.65
      vertex 4.41857 46.7554 8.65
    endloop
  endfacet
  facet normal 0.300731 -0.953709 0
    outer loop
      vertex 4.56001 46.8 8.65
      vertex 4.41857 46.7554 0
      vertex 4.56001 46.8 0
    endloop
  endfacet
  facet normal -0.953704 0.300747 0
    outer loop
      vertex 6.59748 44.5765 0
      vertex 6.64207 44.7179 8.65
      vertex 6.64207 44.7179 0
    endloop
  endfacet
  facet normal -0.953704 0.300747 0
    outer loop
      vertex 6.64207 44.7179 8.65
      vertex 6.59748 44.5765 0
      vertex 6.59748 44.5765 8.65
    endloop
  endfacet
  facet normal 0.536893 -0.84365 0
    outer loop
      vertex 4.02492 46.5505 0
      vertex 4.15 46.6301 8.65
      vertex 4.02492 46.5505 8.65
    endloop
  endfacet
  facet normal 0.536893 -0.84365 0
    outer loop
      vertex 4.15 46.6301 8.65
      vertex 4.02492 46.5505 0
      vertex 4.15 46.6301 0
    endloop
  endfacet
  facet normal -0.608831 -0.7933 0
    outer loop
      vertex 5.97508 46.5505 0
      vertex 6.09274 46.4602 8.65
      vertex 5.97508 46.5505 8.65
    endloop
  endfacet
  facet normal -0.608831 -0.7933 -0
    outer loop
      vertex 6.09274 46.4602 8.65
      vertex 5.97508 46.5505 0
      vertex 6.09274 46.4602 0
    endloop
  endfacet
  facet normal -0.537373 0.843345 0
    outer loop
      vertex 5.97508 43.7653 0
      vertex 5.85 43.6856 8.65
      vertex 5.97508 43.7653 8.65
    endloop
  endfacet
  facet normal -0.537373 0.843345 0
    outer loop
      vertex 5.85 43.6856 8.65
      vertex 5.97508 43.7653 0
      vertex 5.85 43.6856 0
    endloop
  endfacet
  facet normal 0.991439 0.130573 0
    outer loop
      vertex 3.32583 44.8627 8.65
      vertex 3.30647 45.0097 0
      vertex 3.30647 45.0097 8.65
    endloop
  endfacet
  facet normal 0.991439 0.130573 0
    outer loop
      vertex 3.30647 45.0097 0
      vertex 3.32583 44.8627 8.65
      vertex 3.32583 44.8627 0
    endloop
  endfacet
  facet normal 0.608831 0.7933 -0
    outer loop
      vertex 4.02492 43.7653 0
      vertex 3.90726 43.8556 8.65
      vertex 4.02492 43.7653 8.65
    endloop
  endfacet
  facet normal 0.608831 0.7933 0
    outer loop
      vertex 3.90726 43.8556 8.65
      vertex 4.02492 43.7653 0
      vertex 3.90726 43.8556 0
    endloop
  endfacet
  facet normal 0.675621 0.737249 -0
    outer loop
      vertex 3.90726 43.8556 0
      vertex 3.79792 43.9558 8.65
      vertex 3.90726 43.8556 8.65
    endloop
  endfacet
  facet normal 0.675621 0.737249 0
    outer loop
      vertex 3.79792 43.9558 8.65
      vertex 3.90726 43.8556 0
      vertex 3.79792 43.9558 0
    endloop
  endfacet
  facet normal -0.843445 0.537216 0
    outer loop
      vertex 6.39256 44.1828 0
      vertex 6.47224 44.3079 8.65
      vertex 6.47224 44.3079 0
    endloop
  endfacet
  facet normal -0.843445 0.537216 0
    outer loop
      vertex 6.47224 44.3079 8.65
      vertex 6.39256 44.1828 0
      vertex 6.39256 44.1828 8.65
    endloop
  endfacet
  facet normal -0.216445 0.976295 0
    outer loop
      vertex 5.43999 43.5158 0
      vertex 5.2952 43.4837 8.65
      vertex 5.43999 43.5158 8.65
    endloop
  endfacet
  facet normal -0.216445 0.976295 0
    outer loop
      vertex 5.2952 43.4837 8.65
      vertex 5.43999 43.5158 0
      vertex 5.2952 43.4837 0
    endloop
  endfacet
  facet normal 0.130149 -0.991494 0
    outer loop
      vertex 4.7048 46.8321 0
      vertex 4.85183 46.8514 8.65
      vertex 4.7048 46.8321 8.65
    endloop
  endfacet
  facet normal 0.130149 -0.991494 0
    outer loop
      vertex 4.85183 46.8514 8.65
      vertex 4.7048 46.8321 0
      vertex 4.85183 46.8514 0
    endloop
  endfacet
  facet normal -0.130141 0.991496 0
    outer loop
      vertex 5.2952 43.4837 0
      vertex 5.14816 43.4644 8.65
      vertex 5.2952 43.4837 8.65
    endloop
  endfacet
  facet normal -0.130141 0.991496 0
    outer loop
      vertex 5.14816 43.4644 8.65
      vertex 5.2952 43.4837 0
      vertex 5.14816 43.4644 0
    endloop
  endfacet
  facet normal 0.737434 0.675419 0
    outer loop
      vertex 3.79792 43.9558 8.65
      vertex 3.69772 44.0652 0
      vertex 3.69772 44.0652 8.65
    endloop
  endfacet
  facet normal 0.737434 0.675419 0
    outer loop
      vertex 3.69772 44.0652 0
      vertex 3.79792 43.9558 8.65
      vertex 3.79792 43.9558 0
    endloop
  endfacet
  facet normal 0.461852 -0.886957 0
    outer loop
      vertex 4.15 46.6301 0
      vertex 4.28155 46.6986 8.65
      vertex 4.15 46.6301 8.65
    endloop
  endfacet
  facet normal 0.461852 -0.886957 0
    outer loop
      vertex 4.28155 46.6986 8.65
      vertex 4.15 46.6301 0
      vertex 4.28155 46.6986 0
    endloop
  endfacet
  facet normal -0.0438293 0.999039 0
    outer loop
      vertex 5.14816 43.4644 0
      vertex 5 43.4579 8.65
      vertex 5.14816 43.4644 8.65
    endloop
  endfacet
  facet normal -0.0438293 0.999039 0
    outer loop
      vertex 5 43.4579 8.65
      vertex 5.14816 43.4644 0
      vertex 5 43.4579 0
    endloop
  endfacet
  facet normal -0.0438293 -0.999039 0
    outer loop
      vertex 5 46.8579 0
      vertex 5.14816 46.8514 8.65
      vertex 5 46.8579 8.65
    endloop
  endfacet
  facet normal -0.0438293 -0.999039 -0
    outer loop
      vertex 5.14816 46.8514 8.65
      vertex 5 46.8579 0
      vertex 5.14816 46.8514 0
    endloop
  endfacet
  facet normal -0.461321 0.887233 0
    outer loop
      vertex 5.85 43.6856 0
      vertex 5.71845 43.6172 8.65
      vertex 5.85 43.6856 8.65
    endloop
  endfacet
  facet normal -0.461321 0.887233 0
    outer loop
      vertex 5.71845 43.6172 8.65
      vertex 5.85 43.6856 0
      vertex 5.71845 43.6172 0
    endloop
  endfacet
  facet normal 0.0438264 -0.999039 0
    outer loop
      vertex 4.85183 46.8514 0
      vertex 5 46.8579 8.65
      vertex 4.85183 46.8514 8.65
    endloop
  endfacet
  facet normal 0.0438264 -0.999039 0
    outer loop
      vertex 5 46.8579 8.65
      vertex 4.85183 46.8514 0
      vertex 5 46.8579 0
    endloop
  endfacet
  facet normal -0.130141 -0.991496 0
    outer loop
      vertex 5.14816 46.8514 0
      vertex 5.2952 46.8321 8.65
      vertex 5.14816 46.8514 8.65
    endloop
  endfacet
  facet normal -0.130141 -0.991496 -0
    outer loop
      vertex 5.2952 46.8321 8.65
      vertex 5.14816 46.8514 0
      vertex 5.2952 46.8321 0
    endloop
  endfacet
  facet normal -0.886941 0.461884 0
    outer loop
      vertex 6.47224 44.3079 0
      vertex 6.54072 44.4394 8.65
      vertex 6.54072 44.4394 0
    endloop
  endfacet
  facet normal -0.886941 0.461884 0
    outer loop
      vertex 6.54072 44.4394 8.65
      vertex 6.47224 44.3079 0
      vertex 6.47224 44.3079 8.65
    endloop
  endfacet
  facet normal -0.461852 -0.886957 0
    outer loop
      vertex 5.71845 46.6986 0
      vertex 5.85 46.6301 8.65
      vertex 5.71845 46.6986 8.65
    endloop
  endfacet
  facet normal -0.461852 -0.886957 -0
    outer loop
      vertex 5.85 46.6301 8.65
      vertex 5.71845 46.6986 0
      vertex 5.85 46.6301 0
    endloop
  endfacet
  facet normal -0.300731 -0.953709 0
    outer loop
      vertex 5.43999 46.8 0
      vertex 5.58143 46.7554 8.65
      vertex 5.43999 46.8 8.65
    endloop
  endfacet
  facet normal -0.300731 -0.953709 -0
    outer loop
      vertex 5.58143 46.7554 8.65
      vertex 5.43999 46.8 0
      vertex 5.58143 46.7554 0
    endloop
  endfacet
  facet normal 0.382939 -0.923774 0
    outer loop
      vertex 4.28155 46.6986 0
      vertex 4.41857 46.7554 8.65
      vertex 4.28155 46.6986 8.65
    endloop
  endfacet
  facet normal 0.382939 -0.923774 0
    outer loop
      vertex 4.41857 46.7554 8.65
      vertex 4.28155 46.6986 0
      vertex 4.41857 46.7554 0
    endloop
  endfacet
  facet normal 0.923948 0.382518 0
    outer loop
      vertex 3.45928 44.4394 8.65
      vertex 3.40252 44.5765 0
      vertex 3.40252 44.5765 8.65
    endloop
  endfacet
  facet normal 0.923948 0.382518 0
    outer loop
      vertex 3.40252 44.5765 0
      vertex 3.45928 44.4394 8.65
      vertex 3.45928 44.4394 0
    endloop
  endfacet
  facet normal 0.793215 0.608941 0
    outer loop
      vertex 3.69772 44.0652 8.65
      vertex 3.60744 44.1828 0
      vertex 3.60744 44.1828 8.65
    endloop
  endfacet
  facet normal 0.793215 0.608941 0
    outer loop
      vertex 3.60744 44.1828 0
      vertex 3.69772 44.0652 8.65
      vertex 3.69772 44.0652 0
    endloop
  endfacet
  facet normal -0.536893 -0.84365 0
    outer loop
      vertex 5.85 46.6301 0
      vertex 5.97508 46.5505 8.65
      vertex 5.85 46.6301 8.65
    endloop
  endfacet
  facet normal -0.536893 -0.84365 -0
    outer loop
      vertex 5.97508 46.5505 8.65
      vertex 5.85 46.6301 0
      vertex 5.97508 46.5505 0
    endloop
  endfacet
  facet normal -0.953704 -0.300747 0
    outer loop
      vertex 6.64207 45.5979 0
      vertex 6.59748 45.7393 8.65
      vertex 6.59748 45.7393 0
    endloop
  endfacet
  facet normal -0.953704 -0.300747 0
    outer loop
      vertex 6.59748 45.7393 8.65
      vertex 6.64207 45.5979 0
      vertex 6.64207 45.5979 8.65
    endloop
  endfacet
  facet normal 0.608831 -0.7933 0
    outer loop
      vertex 3.90726 46.4602 0
      vertex 4.02492 46.5505 8.65
      vertex 3.90726 46.4602 8.65
    endloop
  endfacet
  facet normal 0.608831 -0.7933 0
    outer loop
      vertex 4.02492 46.5505 8.65
      vertex 3.90726 46.4602 0
      vertex 4.02492 46.5505 0
    endloop
  endfacet
  facet normal -0.991439 0.130573 0
    outer loop
      vertex 6.67417 44.8627 0
      vertex 6.69353 45.0097 8.65
      vertex 6.69353 45.0097 0
    endloop
  endfacet
  facet normal -0.991439 0.130573 0
    outer loop
      vertex 6.69353 45.0097 8.65
      vertex 6.67417 44.8627 0
      vertex 6.67417 44.8627 8.65
    endloop
  endfacet
  facet normal 0.991439 -0.130573 0
    outer loop
      vertex 3.30647 45.3061 8.65
      vertex 3.32583 45.4531 0
      vertex 3.32583 45.4531 8.65
    endloop
  endfacet
  facet normal 0.991439 -0.130573 0
    outer loop
      vertex 3.32583 45.4531 0
      vertex 3.30647 45.3061 8.65
      vertex 3.30647 45.3061 0
    endloop
  endfacet
  facet normal -0.923849 -0.382757 0
    outer loop
      vertex 6.59748 45.7393 0
      vertex 6.54072 45.8763 8.65
      vertex 6.54072 45.8763 0
    endloop
  endfacet
  facet normal -0.923849 -0.382757 0
    outer loop
      vertex 6.54072 45.8763 8.65
      vertex 6.59748 45.7393 0
      vertex 6.59748 45.7393 8.65
    endloop
  endfacet
  facet normal -0.887084 -0.461607 0
    outer loop
      vertex 6.54072 45.8763 0
      vertex 6.47224 46.0079 8.65
      vertex 6.47224 46.0079 0
    endloop
  endfacet
  facet normal -0.887084 -0.461607 0
    outer loop
      vertex 6.47224 46.0079 8.65
      vertex 6.54072 45.8763 0
      vertex 6.54072 45.8763 8.65
    endloop
  endfacet
  facet normal -0.793183 0.608984 0
    outer loop
      vertex 6.30227 44.0652 0
      vertex 6.39256 44.1828 8.65
      vertex 6.39256 44.1828 0
    endloop
  endfacet
  facet normal -0.793183 0.608984 0
    outer loop
      vertex 6.39256 44.1828 8.65
      vertex 6.30227 44.0652 0
      vertex 6.30227 44.0652 8.65
    endloop
  endfacet
  facet normal -0.737467 0.675383 0
    outer loop
      vertex 6.20208 43.9558 0
      vertex 6.30227 44.0652 8.65
      vertex 6.30227 44.0652 0
    endloop
  endfacet
  facet normal -0.737467 0.675383 0
    outer loop
      vertex 6.30227 44.0652 8.65
      vertex 6.20208 43.9558 0
      vertex 6.20208 43.9558 8.65
    endloop
  endfacet
  facet normal 0.216445 0.976295 -0
    outer loop
      vertex 4.7048 43.4837 0
      vertex 4.56001 43.5158 8.65
      vertex 4.7048 43.4837 8.65
    endloop
  endfacet
  facet normal 0.216445 0.976295 0
    outer loop
      vertex 4.56001 43.5158 8.65
      vertex 4.7048 43.4837 0
      vertex 4.56001 43.5158 0
    endloop
  endfacet
  facet normal 0.999048 0.0436157 0
    outer loop
      vertex 3.30647 45.0097 8.65
      vertex 3.3 45.1579 0
      vertex 3.3 45.1579 8.65
    endloop
  endfacet
  facet normal 0.999048 0.0436157 0
    outer loop
      vertex 3.3 45.1579 0
      vertex 3.30647 45.0097 8.65
      vertex 3.30647 45.0097 0
    endloop
  endfacet
  facet normal 0.887084 -0.461607 0
    outer loop
      vertex 3.45928 45.8763 8.65
      vertex 3.52776 46.0079 0
      vertex 3.52776 46.0079 8.65
    endloop
  endfacet
  facet normal 0.887084 -0.461607 0
    outer loop
      vertex 3.52776 46.0079 0
      vertex 3.45928 45.8763 8.65
      vertex 3.45928 45.8763 0
    endloop
  endfacet
  facet normal 0.675621 -0.737249 0
    outer loop
      vertex 3.79792 46.36 0
      vertex 3.90726 46.4602 8.65
      vertex 3.79792 46.36 8.65
    endloop
  endfacet
  facet normal 0.675621 -0.737249 0
    outer loop
      vertex 3.90726 46.4602 8.65
      vertex 3.79792 46.36 0
      vertex 3.90726 46.4602 0
    endloop
  endfacet
  facet normal -0.382939 0.923774 0
    outer loop
      vertex 5.71845 43.6172 0
      vertex 5.58143 43.5604 8.65
      vertex 5.71845 43.6172 8.65
    endloop
  endfacet
  facet normal -0.382939 0.923774 0
    outer loop
      vertex 5.58143 43.5604 8.65
      vertex 5.71845 43.6172 0
      vertex 5.58143 43.5604 0
    endloop
  endfacet
  facet normal -0.216445 -0.976295 0
    outer loop
      vertex 5.2952 46.8321 0
      vertex 5.43999 46.8 8.65
      vertex 5.2952 46.8321 8.65
    endloop
  endfacet
  facet normal -0.216445 -0.976295 -0
    outer loop
      vertex 5.43999 46.8 8.65
      vertex 5.2952 46.8321 0
      vertex 5.43999 46.8 0
    endloop
  endfacet
  facet normal 0.999048 -0.0436157 0
    outer loop
      vertex 3.3 45.1579 8.65
      vertex 3.30647 45.3061 0
      vertex 3.30647 45.3061 8.65
    endloop
  endfacet
  facet normal 0.999048 -0.0436157 0
    outer loop
      vertex 3.30647 45.3061 0
      vertex 3.3 45.1579 8.65
      vertex 3.3 45.1579 0
    endloop
  endfacet
  facet normal -0.923948 0.382518 0
    outer loop
      vertex 6.54072 44.4394 0
      vertex 6.59748 44.5765 8.65
      vertex 6.59748 44.5765 0
    endloop
  endfacet
  facet normal -0.923948 0.382518 0
    outer loop
      vertex 6.59748 44.5765 8.65
      vertex 6.54072 44.4394 0
      vertex 6.54072 44.4394 8.65
    endloop
  endfacet
  facet normal 0.737434 -0.675419 0
    outer loop
      vertex 3.69772 46.2506 8.65
      vertex 3.79792 46.36 0
      vertex 3.79792 46.36 8.65
    endloop
  endfacet
  facet normal 0.737434 -0.675419 0
    outer loop
      vertex 3.79792 46.36 0
      vertex 3.69772 46.2506 8.65
      vertex 3.69772 46.2506 0
    endloop
  endfacet
  facet normal -0.793183 -0.608984 0
    outer loop
      vertex 6.39256 46.133 0
      vertex 6.30227 46.2506 8.65
      vertex 6.30227 46.2506 0
    endloop
  endfacet
  facet normal -0.793183 -0.608984 0
    outer loop
      vertex 6.30227 46.2506 8.65
      vertex 6.39256 46.133 0
      vertex 6.39256 46.133 8.65
    endloop
  endfacet
  facet normal 0.923849 -0.382757 0
    outer loop
      vertex 3.40252 45.7393 8.65
      vertex 3.45928 45.8763 0
      vertex 3.45928 45.8763 8.65
    endloop
  endfacet
  facet normal 0.923849 -0.382757 0
    outer loop
      vertex 3.45928 45.8763 0
      vertex 3.40252 45.7393 8.65
      vertex 3.40252 45.7393 0
    endloop
  endfacet
  facet normal 0.976298 0.216431 0
    outer loop
      vertex 3.35793 44.7179 8.65
      vertex 3.32583 44.8627 0
      vertex 3.32583 44.8627 8.65
    endloop
  endfacet
  facet normal 0.976298 0.216431 0
    outer loop
      vertex 3.32583 44.8627 0
      vertex 3.35793 44.7179 8.65
      vertex 3.35793 44.7179 0
    endloop
  endfacet
  facet normal -0.608831 0.7933 0
    outer loop
      vertex 6.09274 43.8556 0
      vertex 5.97508 43.7653 8.65
      vertex 6.09274 43.8556 8.65
    endloop
  endfacet
  facet normal -0.608831 0.7933 0
    outer loop
      vertex 5.97508 43.7653 8.65
      vertex 6.09274 43.8556 0
      vertex 5.97508 43.7653 0
    endloop
  endfacet
  facet normal 0.537373 0.843345 -0
    outer loop
      vertex 4.15 43.6856 0
      vertex 4.02492 43.7653 8.65
      vertex 4.15 43.6856 8.65
    endloop
  endfacet
  facet normal 0.537373 0.843345 0
    outer loop
      vertex 4.02492 43.7653 8.65
      vertex 4.15 43.6856 0
      vertex 4.02492 43.7653 0
    endloop
  endfacet
  facet normal 0.976298 -0.216431 0
    outer loop
      vertex 3.32583 45.4531 8.65
      vertex 3.35793 45.5979 0
      vertex 3.35793 45.5979 8.65
    endloop
  endfacet
  facet normal 0.976298 -0.216431 0
    outer loop
      vertex 3.35793 45.5979 0
      vertex 3.32583 45.4531 8.65
      vertex 3.32583 45.4531 0
    endloop
  endfacet
  facet normal 0.793215 -0.608941 0
    outer loop
      vertex 3.60744 46.133 8.65
      vertex 3.69772 46.2506 0
      vertex 3.69772 46.2506 8.65
    endloop
  endfacet
  facet normal 0.793215 -0.608941 0
    outer loop
      vertex 3.69772 46.2506 0
      vertex 3.60744 46.133 8.65
      vertex 3.60744 46.133 0
    endloop
  endfacet
  facet normal 0.953704 0.300747 0
    outer loop
      vertex 3.40252 44.5765 8.65
      vertex 3.35793 44.7179 0
      vertex 3.35793 44.7179 8.65
    endloop
  endfacet
  facet normal 0.953704 0.300747 0
    outer loop
      vertex 3.35793 44.7179 0
      vertex 3.40252 44.5765 8.65
      vertex 3.40252 44.5765 0
    endloop
  endfacet
  facet normal 0.130149 0.991494 -0
    outer loop
      vertex 4.85183 43.4644 0
      vertex 4.7048 43.4837 8.65
      vertex 4.85183 43.4644 8.65
    endloop
  endfacet
  facet normal 0.130149 0.991494 0
    outer loop
      vertex 4.7048 43.4837 8.65
      vertex 4.85183 43.4644 0
      vertex 4.7048 43.4837 0
    endloop
  endfacet
  facet normal 0.0438264 0.999039 -0
    outer loop
      vertex 5 43.4579 0
      vertex 4.85183 43.4644 8.65
      vertex 5 43.4579 8.65
    endloop
  endfacet
  facet normal 0.0438264 0.999039 0
    outer loop
      vertex 4.85183 43.4644 8.65
      vertex 5 43.4579 0
      vertex 4.85183 43.4644 0
    endloop
  endfacet
  facet normal 0.300731 0.953709 -0
    outer loop
      vertex 4.56001 43.5158 0
      vertex 4.41857 43.5604 8.65
      vertex 4.56001 43.5158 8.65
    endloop
  endfacet
  facet normal 0.300731 0.953709 0
    outer loop
      vertex 4.41857 43.5604 8.65
      vertex 4.56001 43.5158 0
      vertex 4.41857 43.5604 0
    endloop
  endfacet
  facet normal 0.843445 0.537216 0
    outer loop
      vertex 3.60744 44.1828 8.65
      vertex 3.52776 44.3079 0
      vertex 3.52776 44.3079 8.65
    endloop
  endfacet
  facet normal 0.843445 0.537216 0
    outer loop
      vertex 3.52776 44.3079 0
      vertex 3.60744 44.1828 8.65
      vertex 3.60744 44.1828 0
    endloop
  endfacet
  facet normal -0.737467 -0.675383 0
    outer loop
      vertex 6.30227 46.2506 0
      vertex 6.20208 46.36 8.65
      vertex 6.20208 46.36 0
    endloop
  endfacet
  facet normal -0.737467 -0.675383 0
    outer loop
      vertex 6.20208 46.36 8.65
      vertex 6.30227 46.2506 0
      vertex 6.30227 46.2506 8.65
    endloop
  endfacet
  facet normal 0.886941 0.461884 0
    outer loop
      vertex 3.52776 44.3079 8.65
      vertex 3.45928 44.4394 0
      vertex 3.45928 44.4394 8.65
    endloop
  endfacet
  facet normal 0.886941 0.461884 0
    outer loop
      vertex 3.45928 44.4394 0
      vertex 3.52776 44.3079 8.65
      vertex 3.52776 44.3079 0
    endloop
  endfacet
  facet normal 0.843445 -0.537216 0
    outer loop
      vertex 3.52776 46.0079 8.65
      vertex 3.60744 46.133 0
      vertex 3.60744 46.133 8.65
    endloop
  endfacet
  facet normal 0.843445 -0.537216 0
    outer loop
      vertex 3.60744 46.133 0
      vertex 3.52776 46.0079 8.65
      vertex 3.52776 46.0079 0
    endloop
  endfacet
  facet normal -0.300731 0.953709 0
    outer loop
      vertex 5.58143 43.5604 0
      vertex 5.43999 43.5158 8.65
      vertex 5.58143 43.5604 8.65
    endloop
  endfacet
  facet normal -0.300731 0.953709 0
    outer loop
      vertex 5.43999 43.5158 8.65
      vertex 5.58143 43.5604 0
      vertex 5.43999 43.5158 0
    endloop
  endfacet
  facet normal -0.991491 -0.130175 0
    outer loop
      vertex 16.6935 48.0429 0
      vertex 16.6742 48.1899 8.65
      vertex 16.6742 48.1899 0
    endloop
  endfacet
  facet normal -0.991491 -0.130175 0
    outer loop
      vertex 16.6742 48.1899 8.65
      vertex 16.6935 48.0429 0
      vertex 16.6935 48.0429 8.65
    endloop
  endfacet
  facet normal -0.99904 -0.0438175 0
    outer loop
      vertex 16.7 47.8947 0
      vertex 16.6935 48.0429 8.65
      vertex 16.6935 48.0429 0
    endloop
  endfacet
  facet normal -0.99904 -0.0438175 0
    outer loop
      vertex 16.6935 48.0429 8.65
      vertex 16.7 47.8947 0
      vertex 16.7 47.8947 8.65
    endloop
  endfacet
  facet normal -0.976298 -0.216431 0
    outer loop
      vertex 16.6742 48.1899 0
      vertex 16.6421 48.3347 8.65
      vertex 16.6421 48.3347 0
    endloop
  endfacet
  facet normal -0.976298 -0.216431 0
    outer loop
      vertex 16.6421 48.3347 8.65
      vertex 16.6742 48.1899 0
      vertex 16.6742 48.1899 8.65
    endloop
  endfacet
  facet normal -0.46199 -0.886885 0
    outer loop
      vertex 15.7185 49.4355 0
      vertex 15.85 49.367 8.65
      vertex 15.7185 49.4355 8.65
    endloop
  endfacet
  facet normal -0.46199 -0.886885 -0
    outer loop
      vertex 15.85 49.367 8.65
      vertex 15.7185 49.4355 0
      vertex 15.85 49.367 0
    endloop
  endfacet
  facet normal 0.216431 -0.976298 0
    outer loop
      vertex 14.56 49.5368 0
      vertex 14.7048 49.5689 8.65
      vertex 14.56 49.5368 8.65
    endloop
  endfacet
  facet normal 0.216431 -0.976298 0
    outer loop
      vertex 14.7048 49.5689 8.65
      vertex 14.56 49.5368 0
      vertex 14.7048 49.5689 0
    endloop
  endfacet
  facet normal 0.130838 -0.991404 0
    outer loop
      vertex 14.7048 49.5689 0
      vertex 14.8518 49.5883 8.65
      vertex 14.7048 49.5689 8.65
    endloop
  endfacet
  facet normal 0.130838 -0.991404 0
    outer loop
      vertex 14.8518 49.5883 8.65
      vertex 14.7048 49.5689 0
      vertex 14.8518 49.5883 0
    endloop
  endfacet
  facet normal -0.999038 0.0438471 0
    outer loop
      vertex 16.6935 47.7466 0
      vertex 16.7 47.8947 8.65
      vertex 16.7 47.8947 0
    endloop
  endfacet
  facet normal -0.999038 0.0438471 0
    outer loop
      vertex 16.7 47.8947 8.65
      vertex 16.6935 47.7466 0
      vertex 16.6935 47.7466 8.65
    endloop
  endfacet
  facet normal 0.0431447 -0.999069 0
    outer loop
      vertex 14.8518 49.5883 0
      vertex 15 49.5947 8.65
      vertex 14.8518 49.5883 8.65
    endloop
  endfacet
  facet normal 0.0431447 -0.999069 0
    outer loop
      vertex 15 49.5947 8.65
      vertex 14.8518 49.5883 0
      vertex 15 49.5947 0
    endloop
  endfacet
  facet normal -0.843495 0.537137 0
    outer loop
      vertex 16.3926 46.9197 0
      vertex 16.4722 47.0447 8.65
      vertex 16.4722 47.0447 0
    endloop
  endfacet
  facet normal -0.843495 0.537137 0
    outer loop
      vertex 16.4722 47.0447 8.65
      vertex 16.3926 46.9197 0
      vertex 16.3926 46.9197 8.65
    endloop
  endfacet
  facet normal -0.7934 0.6087 0
    outer loop
      vertex 16.3023 46.802 0
      vertex 16.3926 46.9197 8.65
      vertex 16.3926 46.9197 0
    endloop
  endfacet
  facet normal -0.7934 0.6087 0
    outer loop
      vertex 16.3926 46.9197 8.65
      vertex 16.3023 46.802 0
      vertex 16.3023 46.802 8.65
    endloop
  endfacet
  facet normal 0.976298 0.216431 0
    outer loop
      vertex 13.3579 47.4547 8.65
      vertex 13.3258 47.5995 0
      vertex 13.3258 47.5995 8.65
    endloop
  endfacet
  facet normal 0.976298 0.216431 0
    outer loop
      vertex 13.3258 47.5995 0
      vertex 13.3579 47.4547 8.65
      vertex 13.3579 47.4547 0
    endloop
  endfacet
  facet normal 0.609026 0.79315 -0
    outer loop
      vertex 14.0249 46.5022 0
      vertex 13.9073 46.5925 8.65
      vertex 14.0249 46.5022 8.65
    endloop
  endfacet
  facet normal 0.609026 0.79315 0
    outer loop
      vertex 13.9073 46.5925 8.65
      vertex 14.0249 46.5022 0
      vertex 13.9073 46.5925 0
    endloop
  endfacet
  facet normal -0.46199 0.886885 0
    outer loop
      vertex 15.85 46.4225 0
      vertex 15.7185 46.354 8.65
      vertex 15.85 46.4225 8.65
    endloop
  endfacet
  facet normal -0.46199 0.886885 0
    outer loop
      vertex 15.7185 46.354 8.65
      vertex 15.85 46.4225 0
      vertex 15.7185 46.354 0
    endloop
  endfacet
  facet normal -0.953685 0.300809 0
    outer loop
      vertex 16.5975 47.3133 0
      vertex 16.6421 47.4547 8.65
      vertex 16.6421 47.4547 0
    endloop
  endfacet
  facet normal -0.953685 0.300809 0
    outer loop
      vertex 16.6421 47.4547 8.65
      vertex 16.5975 47.3133 0
      vertex 16.5975 47.3133 8.65
    endloop
  endfacet
  facet normal -0.382173 0.924091 0
    outer loop
      vertex 15.7185 46.354 0
      vertex 15.5814 46.2973 8.65
      vertex 15.7185 46.354 8.65
    endloop
  endfacet
  facet normal -0.382173 0.924091 0
    outer loop
      vertex 15.5814 46.2973 8.65
      vertex 15.7185 46.354 0
      vertex 15.5814 46.2973 0
    endloop
  endfacet
  facet normal -0.737126 0.675755 0
    outer loop
      vertex 16.2021 46.6927 0
      vertex 16.3023 46.802 8.65
      vertex 16.3023 46.802 0
    endloop
  endfacet
  facet normal -0.737126 0.675755 0
    outer loop
      vertex 16.3023 46.802 8.65
      vertex 16.2021 46.6927 0
      vertex 16.2021 46.6927 8.65
    endloop
  endfacet
  facet normal 0.0438175 0.99904 -0
    outer loop
      vertex 15 46.1947 0
      vertex 14.8518 46.2012 8.65
      vertex 15 46.1947 8.65
    endloop
  endfacet
  facet normal 0.0438175 0.99904 0
    outer loop
      vertex 14.8518 46.2012 8.65
      vertex 15 46.1947 0
      vertex 14.8518 46.2012 0
    endloop
  endfacet
  facet normal 0.887029 0.461713 0
    outer loop
      vertex 13.5278 47.0447 8.65
      vertex 13.4593 47.1763 0
      vertex 13.4593 47.1763 8.65
    endloop
  endfacet
  facet normal 0.887029 0.461713 0
    outer loop
      vertex 13.4593 47.1763 0
      vertex 13.5278 47.0447 8.65
      vertex 13.5278 47.0447 0
    endloop
  endfacet
  facet normal 0.537312 -0.843384 0
    outer loop
      vertex 14.0249 49.2873 0
      vertex 14.15 49.367 8.65
      vertex 14.0249 49.2873 8.65
    endloop
  endfacet
  facet normal 0.537312 -0.843384 0
    outer loop
      vertex 14.15 49.367 8.65
      vertex 14.0249 49.2873 0
      vertex 14.15 49.367 0
    endloop
  endfacet
  facet normal 0.300809 -0.953685 0
    outer loop
      vertex 14.4186 49.4922 0
      vertex 14.56 49.5368 8.65
      vertex 14.4186 49.4922 8.65
    endloop
  endfacet
  facet normal 0.300809 -0.953685 0
    outer loop
      vertex 14.56 49.5368 8.65
      vertex 14.4186 49.4922 0
      vertex 14.56 49.5368 0
    endloop
  endfacet
  facet normal -0.130838 0.991404 0
    outer loop
      vertex 15.2952 46.2206 0
      vertex 15.1482 46.2012 8.65
      vertex 15.2952 46.2206 8.65
    endloop
  endfacet
  facet normal -0.130838 0.991404 0
    outer loop
      vertex 15.1482 46.2012 8.65
      vertex 15.2952 46.2206 0
      vertex 15.1482 46.2012 0
    endloop
  endfacet
  facet normal -0.537312 -0.843384 0
    outer loop
      vertex 15.85 49.367 0
      vertex 15.9751 49.2873 8.65
      vertex 15.85 49.367 8.65
    endloop
  endfacet
  facet normal -0.537312 -0.843384 -0
    outer loop
      vertex 15.9751 49.2873 8.65
      vertex 15.85 49.367 0
      vertex 15.9751 49.2873 0
    endloop
  endfacet
  facet normal -0.0438175 0.99904 0
    outer loop
      vertex 15.1482 46.2012 0
      vertex 15 46.1947 8.65
      vertex 15.1482 46.2012 8.65
    endloop
  endfacet
  facet normal -0.0438175 0.99904 0
    outer loop
      vertex 15 46.1947 8.65
      vertex 15.1482 46.2012 0
      vertex 15 46.1947 0
    endloop
  endfacet
  facet normal 0.886885 -0.46199 0
    outer loop
      vertex 13.4593 48.6132 8.65
      vertex 13.5278 48.7447 0
      vertex 13.5278 48.7447 8.65
    endloop
  endfacet
  facet normal 0.886885 -0.46199 0
    outer loop
      vertex 13.5278 48.7447 0
      vertex 13.4593 48.6132 8.65
      vertex 13.4593 48.6132 0
    endloop
  endfacet
  facet normal -0.843689 -0.536832 0
    outer loop
      vertex 16.4722 48.7447 0
      vertex 16.3926 48.8698 8.65
      vertex 16.3926 48.8698 0
    endloop
  endfacet
  facet normal -0.843689 -0.536832 0
    outer loop
      vertex 16.3926 48.8698 8.65
      vertex 16.4722 48.7447 0
      vertex 16.4722 48.7447 8.65
    endloop
  endfacet
  facet normal 0.953685 0.300809 0
    outer loop
      vertex 13.4025 47.3133 8.65
      vertex 13.3579 47.4547 0
      vertex 13.3579 47.4547 8.65
    endloop
  endfacet
  facet normal 0.953685 0.300809 0
    outer loop
      vertex 13.3579 47.4547 0
      vertex 13.4025 47.3133 8.65
      vertex 13.4025 47.3133 0
    endloop
  endfacet
  facet normal -0.923754 0.382987 0
    outer loop
      vertex 16.5407 47.1763 0
      vertex 16.5975 47.3133 8.65
      vertex 16.5975 47.3133 0
    endloop
  endfacet
  facet normal -0.923754 0.382987 0
    outer loop
      vertex 16.5975 47.3133 8.65
      vertex 16.5407 47.1763 0
      vertex 16.5407 47.1763 8.65
    endloop
  endfacet
  facet normal 0.923754 -0.382987 0
    outer loop
      vertex 13.4025 48.4762 8.65
      vertex 13.4593 48.6132 0
      vertex 13.4593 48.6132 8.65
    endloop
  endfacet
  facet normal 0.923754 -0.382987 0
    outer loop
      vertex 13.4593 48.6132 0
      vertex 13.4025 48.4762 8.65
      vertex 13.4025 48.4762 0
    endloop
  endfacet
  facet normal 0.46199 -0.886885 0
    outer loop
      vertex 14.15 49.367 0
      vertex 14.2815 49.4355 8.65
      vertex 14.15 49.367 8.65
    endloop
  endfacet
  facet normal 0.46199 -0.886885 0
    outer loop
      vertex 14.2815 49.4355 8.65
      vertex 14.15 49.367 0
      vertex 14.2815 49.4355 0
    endloop
  endfacet
  facet normal -0.991502 0.130088 0
    outer loop
      vertex 16.6742 47.5995 0
      vertex 16.6935 47.7466 8.65
      vertex 16.6935 47.7466 0
    endloop
  endfacet
  facet normal -0.991502 0.130088 0
    outer loop
      vertex 16.6935 47.7466 8.65
      vertex 16.6742 47.5995 0
      vertex 16.6742 47.5995 8.65
    endloop
  endfacet
  facet normal -0.382173 -0.924091 0
    outer loop
      vertex 15.5814 49.4922 0
      vertex 15.7185 49.4355 8.65
      vertex 15.5814 49.4922 8.65
    endloop
  endfacet
  facet normal -0.382173 -0.924091 -0
    outer loop
      vertex 15.7185 49.4355 8.65
      vertex 15.5814 49.4922 0
      vertex 15.7185 49.4355 0
    endloop
  endfacet
  facet normal -0.0431447 -0.999069 0
    outer loop
      vertex 15 49.5947 0
      vertex 15.1482 49.5883 8.65
      vertex 15 49.5947 8.65
    endloop
  endfacet
  facet normal -0.0431447 -0.999069 -0
    outer loop
      vertex 15.1482 49.5883 8.65
      vertex 15 49.5947 0
      vertex 15.1482 49.5883 0
    endloop
  endfacet
  facet normal -0.216431 -0.976298 0
    outer loop
      vertex 15.2952 49.5689 0
      vertex 15.44 49.5368 8.65
      vertex 15.2952 49.5689 8.65
    endloop
  endfacet
  facet normal -0.216431 -0.976298 -0
    outer loop
      vertex 15.44 49.5368 8.65
      vertex 15.2952 49.5689 0
      vertex 15.44 49.5368 0
    endloop
  endfacet
  facet normal -0.537312 0.843384 0
    outer loop
      vertex 15.9751 46.5022 0
      vertex 15.85 46.4225 8.65
      vertex 15.9751 46.5022 8.65
    endloop
  endfacet
  facet normal -0.537312 0.843384 0
    outer loop
      vertex 15.85 46.4225 8.65
      vertex 15.9751 46.5022 0
      vertex 15.85 46.4225 0
    endloop
  endfacet
  facet normal -0.976298 0.216431 0
    outer loop
      vertex 16.6421 47.4547 0
      vertex 16.6742 47.5995 8.65
      vertex 16.6742 47.5995 0
    endloop
  endfacet
  facet normal -0.976298 0.216431 0
    outer loop
      vertex 16.6742 47.5995 8.65
      vertex 16.6421 47.4547 0
      vertex 16.6421 47.4547 8.65
    endloop
  endfacet
  facet normal 0.216431 0.976298 -0
    outer loop
      vertex 14.7048 46.2206 0
      vertex 14.56 46.2527 8.65
      vertex 14.7048 46.2206 8.65
    endloop
  endfacet
  facet normal 0.216431 0.976298 0
    outer loop
      vertex 14.56 46.2527 8.65
      vertex 14.7048 46.2206 0
      vertex 14.56 46.2527 0
    endloop
  endfacet
  facet normal 0.46199 0.886885 -0
    outer loop
      vertex 14.2815 46.354 0
      vertex 14.15 46.4225 8.65
      vertex 14.2815 46.354 8.65
    endloop
  endfacet
  facet normal 0.46199 0.886885 0
    outer loop
      vertex 14.15 46.4225 8.65
      vertex 14.2815 46.354 0
      vertex 14.15 46.4225 0
    endloop
  endfacet
  facet normal 0.999038 0.0438471 0
    outer loop
      vertex 13.3065 47.7466 8.65
      vertex 13.3 47.8947 0
      vertex 13.3 47.8947 8.65
    endloop
  endfacet
  facet normal 0.999038 0.0438471 0
    outer loop
      vertex 13.3 47.8947 0
      vertex 13.3065 47.7466 8.65
      vertex 13.3065 47.7466 0
    endloop
  endfacet
  facet normal -0.953746 -0.300615 0
    outer loop
      vertex 16.6421 48.3347 0
      vertex 16.5975 48.4762 8.65
      vertex 16.5975 48.4762 0
    endloop
  endfacet
  facet normal -0.953746 -0.300615 0
    outer loop
      vertex 16.5975 48.4762 8.65
      vertex 16.6421 48.3347 0
      vertex 16.6421 48.3347 8.65
    endloop
  endfacet
  facet normal 0.382173 -0.924091 0
    outer loop
      vertex 14.2815 49.4355 0
      vertex 14.4186 49.4922 8.65
      vertex 14.2815 49.4355 8.65
    endloop
  endfacet
  facet normal 0.382173 -0.924091 0
    outer loop
      vertex 14.4186 49.4922 8.65
      vertex 14.2815 49.4355 0
      vertex 14.4186 49.4922 0
    endloop
  endfacet
  facet normal -0.609026 -0.79315 0
    outer loop
      vertex 15.9751 49.2873 0
      vertex 16.0927 49.197 8.65
      vertex 15.9751 49.2873 8.65
    endloop
  endfacet
  facet normal -0.609026 -0.79315 -0
    outer loop
      vertex 16.0927 49.197 8.65
      vertex 15.9751 49.2873 0
      vertex 16.0927 49.197 0
    endloop
  endfacet
  facet normal 0.130838 0.991404 -0
    outer loop
      vertex 14.8518 46.2012 0
      vertex 14.7048 46.2206 8.65
      vertex 14.8518 46.2012 8.65
    endloop
  endfacet
  facet normal 0.130838 0.991404 0
    outer loop
      vertex 14.7048 46.2206 8.65
      vertex 14.8518 46.2012 0
      vertex 14.7048 46.2206 0
    endloop
  endfacet
  facet normal -0.923754 -0.382987 0
    outer loop
      vertex 16.5975 48.4762 0
      vertex 16.5407 48.6132 8.65
      vertex 16.5407 48.6132 0
    endloop
  endfacet
  facet normal -0.923754 -0.382987 0
    outer loop
      vertex 16.5407 48.6132 8.65
      vertex 16.5975 48.4762 0
      vertex 16.5975 48.4762 8.65
    endloop
  endfacet
  facet normal 0.843495 0.537137 0
    outer loop
      vertex 13.6074 46.9197 8.65
      vertex 13.5278 47.0447 0
      vertex 13.5278 47.0447 8.65
    endloop
  endfacet
  facet normal 0.843495 0.537137 0
    outer loop
      vertex 13.5278 47.0447 0
      vertex 13.6074 46.9197 8.65
      vertex 13.6074 46.9197 0
    endloop
  endfacet
  facet normal -0.886885 -0.46199 0
    outer loop
      vertex 16.5407 48.6132 0
      vertex 16.4722 48.7447 8.65
      vertex 16.4722 48.7447 0
    endloop
  endfacet
  facet normal -0.886885 -0.46199 0
    outer loop
      vertex 16.4722 48.7447 8.65
      vertex 16.5407 48.6132 0
      vertex 16.5407 48.6132 8.65
    endloop
  endfacet
  facet normal 0.7934 0.6087 0
    outer loop
      vertex 13.6977 46.802 8.65
      vertex 13.6074 46.9197 0
      vertex 13.6074 46.9197 8.65
    endloop
  endfacet
  facet normal 0.7934 0.6087 0
    outer loop
      vertex 13.6074 46.9197 0
      vertex 13.6977 46.802 8.65
      vertex 13.6977 46.802 0
    endloop
  endfacet
  facet normal -0.675419 0.737434 0
    outer loop
      vertex 16.2021 46.6927 0
      vertex 16.0927 46.5925 8.65
      vertex 16.2021 46.6927 8.65
    endloop
  endfacet
  facet normal -0.675419 0.737434 0
    outer loop
      vertex 16.0927 46.5925 8.65
      vertex 16.2021 46.6927 0
      vertex 16.0927 46.5925 0
    endloop
  endfacet
  facet normal 0.609026 -0.79315 0
    outer loop
      vertex 13.9073 49.197 0
      vertex 14.0249 49.2873 8.65
      vertex 13.9073 49.197 8.65
    endloop
  endfacet
  facet normal 0.609026 -0.79315 0
    outer loop
      vertex 14.0249 49.2873 8.65
      vertex 13.9073 49.197 0
      vertex 14.0249 49.2873 0
    endloop
  endfacet
  facet normal -0.216431 0.976298 0
    outer loop
      vertex 15.44 46.2527 0
      vertex 15.2952 46.2206 8.65
      vertex 15.44 46.2527 8.65
    endloop
  endfacet
  facet normal -0.216431 0.976298 0
    outer loop
      vertex 15.2952 46.2206 8.65
      vertex 15.44 46.2527 0
      vertex 15.2952 46.2206 0
    endloop
  endfacet
  facet normal -0.609026 0.79315 0
    outer loop
      vertex 16.0927 46.5925 0
      vertex 15.9751 46.5022 8.65
      vertex 16.0927 46.5925 8.65
    endloop
  endfacet
  facet normal -0.609026 0.79315 0
    outer loop
      vertex 15.9751 46.5022 8.65
      vertex 16.0927 46.5925 0
      vertex 15.9751 46.5022 0
    endloop
  endfacet
  facet normal 0.7934 -0.6087 0
    outer loop
      vertex 13.6074 48.8698 8.65
      vertex 13.6977 48.9875 0
      vertex 13.6977 48.9875 8.65
    endloop
  endfacet
  facet normal 0.7934 -0.6087 0
    outer loop
      vertex 13.6977 48.9875 0
      vertex 13.6074 48.8698 8.65
      vertex 13.6074 48.8698 0
    endloop
  endfacet
  facet normal 0.675419 -0.737434 0
    outer loop
      vertex 13.7979 49.0968 0
      vertex 13.9073 49.197 8.65
      vertex 13.7979 49.0968 8.65
    endloop
  endfacet
  facet normal 0.675419 -0.737434 0
    outer loop
      vertex 13.9073 49.197 8.65
      vertex 13.7979 49.0968 0
      vertex 13.9073 49.197 0
    endloop
  endfacet
  facet normal 0.953746 -0.300615 0
    outer loop
      vertex 13.3579 48.3347 8.65
      vertex 13.4025 48.4762 0
      vertex 13.4025 48.4762 8.65
    endloop
  endfacet
  facet normal 0.953746 -0.300615 0
    outer loop
      vertex 13.4025 48.4762 0
      vertex 13.3579 48.3347 8.65
      vertex 13.3579 48.3347 0
    endloop
  endfacet
  facet normal 0.300809 0.953685 -0
    outer loop
      vertex 14.56 46.2527 0
      vertex 14.4186 46.2973 8.65
      vertex 14.56 46.2527 8.65
    endloop
  endfacet
  facet normal 0.300809 0.953685 0
    outer loop
      vertex 14.4186 46.2973 8.65
      vertex 14.56 46.2527 0
      vertex 14.4186 46.2973 0
    endloop
  endfacet
  facet normal 0.976298 -0.216431 0
    outer loop
      vertex 13.3258 48.1899 8.65
      vertex 13.3579 48.3347 0
      vertex 13.3579 48.3347 8.65
    endloop
  endfacet
  facet normal 0.976298 -0.216431 0
    outer loop
      vertex 13.3579 48.3347 0
      vertex 13.3258 48.1899 8.65
      vertex 13.3258 48.1899 0
    endloop
  endfacet
  facet normal -0.675419 -0.737434 0
    outer loop
      vertex 16.0927 49.197 0
      vertex 16.2021 49.0968 8.65
      vertex 16.0927 49.197 8.65
    endloop
  endfacet
  facet normal -0.675419 -0.737434 -0
    outer loop
      vertex 16.2021 49.0968 8.65
      vertex 16.0927 49.197 0
      vertex 16.2021 49.0968 0
    endloop
  endfacet
  facet normal -0.737126 -0.675755 0
    outer loop
      vertex 16.3023 48.9875 0
      vertex 16.2021 49.0968 8.65
      vertex 16.2021 49.0968 0
    endloop
  endfacet
  facet normal -0.737126 -0.675755 0
    outer loop
      vertex 16.2021 49.0968 8.65
      vertex 16.3023 48.9875 0
      vertex 16.3023 48.9875 8.65
    endloop
  endfacet
  facet normal 0.991502 0.130088 0
    outer loop
      vertex 13.3258 47.5995 8.65
      vertex 13.3065 47.7466 0
      vertex 13.3065 47.7466 8.65
    endloop
  endfacet
  facet normal 0.991502 0.130088 0
    outer loop
      vertex 13.3065 47.7466 0
      vertex 13.3258 47.5995 8.65
      vertex 13.3258 47.5995 0
    endloop
  endfacet
  facet normal 0.737126 0.675755 0
    outer loop
      vertex 13.7979 46.6927 8.65
      vertex 13.6977 46.802 0
      vertex 13.6977 46.802 8.65
    endloop
  endfacet
  facet normal 0.737126 0.675755 0
    outer loop
      vertex 13.6977 46.802 0
      vertex 13.7979 46.6927 8.65
      vertex 13.7979 46.6927 0
    endloop
  endfacet
  facet normal 0.843689 -0.536832 0
    outer loop
      vertex 13.5278 48.7447 8.65
      vertex 13.6074 48.8698 0
      vertex 13.6074 48.8698 8.65
    endloop
  endfacet
  facet normal 0.843689 -0.536832 0
    outer loop
      vertex 13.6074 48.8698 0
      vertex 13.5278 48.7447 8.65
      vertex 13.5278 48.7447 0
    endloop
  endfacet
  facet normal -0.300809 0.953685 0
    outer loop
      vertex 15.5814 46.2973 0
      vertex 15.44 46.2527 8.65
      vertex 15.5814 46.2973 8.65
    endloop
  endfacet
  facet normal -0.300809 0.953685 0
    outer loop
      vertex 15.44 46.2527 8.65
      vertex 15.5814 46.2973 0
      vertex 15.44 46.2527 0
    endloop
  endfacet
  facet normal 0.99904 -0.0438175 0
    outer loop
      vertex 13.3 47.8947 8.65
      vertex 13.3065 48.0429 0
      vertex 13.3065 48.0429 8.65
    endloop
  endfacet
  facet normal 0.99904 -0.0438175 0
    outer loop
      vertex 13.3065 48.0429 0
      vertex 13.3 47.8947 8.65
      vertex 13.3 47.8947 0
    endloop
  endfacet
  facet normal -0.300809 -0.953685 0
    outer loop
      vertex 15.44 49.5368 0
      vertex 15.5814 49.4922 8.65
      vertex 15.44 49.5368 8.65
    endloop
  endfacet
  facet normal -0.300809 -0.953685 -0
    outer loop
      vertex 15.5814 49.4922 8.65
      vertex 15.44 49.5368 0
      vertex 15.5814 49.4922 0
    endloop
  endfacet
  facet normal 0.923754 0.382987 0
    outer loop
      vertex 13.4593 47.1763 8.65
      vertex 13.4025 47.3133 0
      vertex 13.4025 47.3133 8.65
    endloop
  endfacet
  facet normal 0.923754 0.382987 0
    outer loop
      vertex 13.4025 47.3133 0
      vertex 13.4593 47.1763 8.65
      vertex 13.4593 47.1763 0
    endloop
  endfacet
  facet normal 0.675419 0.737434 -0
    outer loop
      vertex 13.9073 46.5925 0
      vertex 13.7979 46.6927 8.65
      vertex 13.9073 46.5925 8.65
    endloop
  endfacet
  facet normal 0.675419 0.737434 0
    outer loop
      vertex 13.7979 46.6927 8.65
      vertex 13.9073 46.5925 0
      vertex 13.7979 46.6927 0
    endloop
  endfacet
  facet normal 0.382173 0.924091 -0
    outer loop
      vertex 14.4186 46.2973 0
      vertex 14.2815 46.354 8.65
      vertex 14.4186 46.2973 8.65
    endloop
  endfacet
  facet normal 0.382173 0.924091 0
    outer loop
      vertex 14.2815 46.354 8.65
      vertex 14.4186 46.2973 0
      vertex 14.2815 46.354 0
    endloop
  endfacet
  facet normal 0.737126 -0.675755 0
    outer loop
      vertex 13.6977 48.9875 8.65
      vertex 13.7979 49.0968 0
      vertex 13.7979 49.0968 8.65
    endloop
  endfacet
  facet normal 0.737126 -0.675755 0
    outer loop
      vertex 13.7979 49.0968 0
      vertex 13.6977 48.9875 8.65
      vertex 13.6977 48.9875 0
    endloop
  endfacet
  facet normal -0.7934 -0.6087 0
    outer loop
      vertex 16.3926 48.8698 0
      vertex 16.3023 48.9875 8.65
      vertex 16.3023 48.9875 0
    endloop
  endfacet
  facet normal -0.7934 -0.6087 0
    outer loop
      vertex 16.3023 48.9875 8.65
      vertex 16.3926 48.8698 0
      vertex 16.3926 48.8698 8.65
    endloop
  endfacet
  facet normal 0.537312 0.843384 -0
    outer loop
      vertex 14.15 46.4225 0
      vertex 14.0249 46.5022 8.65
      vertex 14.15 46.4225 8.65
    endloop
  endfacet
  facet normal 0.537312 0.843384 0
    outer loop
      vertex 14.0249 46.5022 8.65
      vertex 14.15 46.4225 0
      vertex 14.0249 46.5022 0
    endloop
  endfacet
  facet normal 0.991491 -0.130175 0
    outer loop
      vertex 13.3065 48.0429 8.65
      vertex 13.3258 48.1899 0
      vertex 13.3258 48.1899 8.65
    endloop
  endfacet
  facet normal 0.991491 -0.130175 0
    outer loop
      vertex 13.3258 48.1899 0
      vertex 13.3065 48.0429 8.65
      vertex 13.3065 48.0429 0
    endloop
  endfacet
  facet normal -0.887029 0.461713 0
    outer loop
      vertex 16.4722 47.0447 0
      vertex 16.5407 47.1763 8.65
      vertex 16.5407 47.1763 0
    endloop
  endfacet
  facet normal -0.887029 0.461713 0
    outer loop
      vertex 16.5407 47.1763 8.65
      vertex 16.4722 47.0447 0
      vertex 16.4722 47.0447 8.65
    endloop
  endfacet
  facet normal -0.130838 -0.991404 0
    outer loop
      vertex 15.1482 49.5883 0
      vertex 15.2952 49.5689 8.65
      vertex 15.1482 49.5883 8.65
    endloop
  endfacet
  facet normal -0.130838 -0.991404 -0
    outer loop
      vertex 15.2952 49.5689 8.65
      vertex 15.1482 49.5883 0
      vertex 15.2952 49.5689 0
    endloop
  endfacet
  facet normal -0.964528 0.263982 0
    outer loop
      vertex 18.6161 -55.1051 8.65
      vertex 21.7839 -43.5307 18
      vertex 21.7839 -43.5307 8.65
    endloop
  endfacet
  facet normal -0.964528 0.263982 0
    outer loop
      vertex 21.7839 -43.5307 18
      vertex 18.6161 -55.1051 8.65
      vertex 18.6161 -55.1051 18
    endloop
  endfacet
  facet normal 0 0 1
    outer loop
      vertex 16.6935 -48.0429 8.65
      vertex 21.7839 -43.5307 8.65
      vertex 16.7 -47.8947 8.65
    endloop
  endfacet
  facet normal 0 0 1
    outer loop
      vertex 21.7839 -43.5307 8.65
      vertex 16.6935 -47.7466 8.65
      vertex 16.7 -47.8947 8.65
    endloop
  endfacet
  facet normal 0 0 1
    outer loop
      vertex 21.7839 -43.5307 8.65
      vertex 16.6742 -47.5995 8.65
      vertex 16.6935 -47.7466 8.65
    endloop
  endfacet
  facet normal 0 0 1
    outer loop
      vertex 21.7839 -43.5307 8.65
      vertex 16.6421 -47.4547 8.65
      vertex 16.6742 -47.5995 8.65
    endloop
  endfacet
  facet normal 0 0 1
    outer loop
      vertex 21.7839 -43.5307 8.65
      vertex 16.5975 -47.3133 8.65
      vertex 16.6421 -47.4547 8.65
    endloop
  endfacet
  facet normal 0 0 1
    outer loop
      vertex 21.7839 -43.5307 8.65
      vertex 16.5407 -47.1763 8.65
      vertex 16.5975 -47.3133 8.65
    endloop
  endfacet
  facet normal 0 0 1
    outer loop
      vertex 21.7839 -43.5307 8.65
      vertex 16.4722 -47.0447 8.65
      vertex 16.5407 -47.1763 8.65
    endloop
  endfacet
  facet normal 0 0 1
    outer loop
      vertex 21.7839 -43.5307 8.65
      vertex 16.3926 -46.9197 8.65
      vertex 16.4722 -47.0447 8.65
    endloop
  endfacet
  facet normal 0 0 1
    outer loop
      vertex 21.7839 -43.5307 8.65
      vertex 16.3023 -46.802 8.65
      vertex 16.3926 -46.9197 8.65
    endloop
  endfacet
  facet normal 0 0 1
    outer loop
      vertex 21.7839 -43.5307 8.65
      vertex 16.2021 -46.6927 8.65
      vertex 16.3023 -46.802 8.65
    endloop
  endfacet
  facet normal 0 0 1
    outer loop
      vertex 21.7839 -43.5307 8.65
      vertex 16.0927 -46.5925 8.65
      vertex 16.2021 -46.6927 8.65
    endloop
  endfacet
  facet normal 0 0 1
    outer loop
      vertex 21.7839 -43.5307 8.65
      vertex 15.9751 -46.5022 8.65
      vertex 16.0927 -46.5925 8.65
    endloop
  endfacet
  facet normal 0 0 1
    outer loop
      vertex 21.7839 -43.5307 8.65
      vertex 15.85 -46.4225 8.65
      vertex 15.9751 -46.5022 8.65
    endloop
  endfacet
  facet normal 0 0 1
    outer loop
      vertex 21.7839 -43.5307 8.65
      vertex 15.7185 -46.354 8.65
      vertex 15.85 -46.4225 8.65
    endloop
  endfacet
  facet normal 0 0 1
    outer loop
      vertex 21.7839 -43.5307 8.65
      vertex 15.5814 -46.2973 8.65
      vertex 15.7185 -46.354 8.65
    endloop
  endfacet
  facet normal 0 0 1
    outer loop
      vertex 21.7839 -43.5307 8.65
      vertex 15.44 -46.2527 8.65
      vertex 15.5814 -46.2973 8.65
    endloop
  endfacet
  facet normal 0 0 1
    outer loop
      vertex 21.7839 -43.5307 8.65
      vertex 15.2952 -46.2206 8.65
      vertex 15.44 -46.2527 8.65
    endloop
  endfacet
  facet normal 0 0 1
    outer loop
      vertex 21.7839 -43.5307 8.65
      vertex 15.1482 -46.2012 8.65
      vertex 15.2952 -46.2206 8.65
    endloop
  endfacet
  facet normal 0 0 1
    outer loop
      vertex 21.7839 -43.5307 8.65
      vertex 15 -46.1947 8.65
      vertex 15.1482 -46.2012 8.65
    endloop
  endfacet
  facet normal 0 0 1
    outer loop
      vertex 21.7839 -43.5307 8.65
      vertex 14.8518 -46.2012 8.65
      vertex 15 -46.1947 8.65
    endloop
  endfacet
  facet normal 0 0 1
    outer loop
      vertex 1.58386 -38.0023 8.65
      vertex 14.8518 -46.2012 8.65
      vertex 21.7839 -43.5307 8.65
    endloop
  endfacet
  facet normal -0 -0 1
    outer loop
      vertex 5.97508 -43.7653 8.65
      vertex 14.8518 -46.2012 8.65
      vertex 1.58386 -38.0023 8.65
    endloop
  endfacet
  facet normal -0 -0 1
    outer loop
      vertex 6.09274 -43.8556 8.65
      vertex 14.8518 -46.2012 8.65
      vertex 5.97508 -43.7653 8.65
    endloop
  endfacet
  facet normal 0 0 1
    outer loop
      vertex 13.4025 -47.3133 8.65
      vertex 6.64207 -45.5979 8.65
      vertex 13.3579 -47.4547 8.65
    endloop
  endfacet
  facet normal -0 0 1
    outer loop
      vertex 6.64207 -45.5979 8.65
      vertex 13.4025 -47.3133 8.65
      vertex 6.67417 -45.4531 8.65
    endloop
  endfacet
  facet normal 0 0 1
    outer loop
      vertex 13.4593 -47.1763 8.65
      vertex 6.67417 -45.4531 8.65
      vertex 13.4025 -47.3133 8.65
    endloop
  endfacet
  facet normal -0 0 1
    outer loop
      vertex 6.67417 -45.4531 8.65
      vertex 13.4593 -47.1763 8.65
      vertex 6.69353 -45.3061 8.65
    endloop
  endfacet
  facet normal 0 0 1
    outer loop
      vertex 13.5278 -47.0447 8.65
      vertex 6.69353 -45.3061 8.65
      vertex 13.4593 -47.1763 8.65
    endloop
  endfacet
  facet normal -0 0 1
    outer loop
      vertex 6.69353 -45.3061 8.65
      vertex 13.5278 -47.0447 8.65
      vertex 6.7 -45.1579 8.65
    endloop
  endfacet
  facet normal 0 0 1
    outer loop
      vertex 13.6074 -46.9197 8.65
      vertex 6.7 -45.1579 8.65
      vertex 13.5278 -47.0447 8.65
    endloop
  endfacet
  facet normal 0 0 1
    outer loop
      vertex 6.69353 -45.0097 8.65
      vertex 13.6074 -46.9197 8.65
      vertex 13.6977 -46.802 8.65
    endloop
  endfacet
  facet normal 0 0 1
    outer loop
      vertex 6.67417 -44.8627 8.65
      vertex 13.6977 -46.802 8.65
      vertex 13.7979 -46.6927 8.65
    endloop
  endfacet
  facet normal 0 0 1
    outer loop
      vertex 6.64207 -44.7179 8.65
      vertex 13.7979 -46.6927 8.65
      vertex 13.9073 -46.5925 8.65
    endloop
  endfacet
  facet normal 0 0 1
    outer loop
      vertex 6.59748 -44.5765 8.65
      vertex 13.9073 -46.5925 8.65
      vertex 14.0249 -46.5022 8.65
    endloop
  endfacet
  facet normal 0 0 1
    outer loop
      vertex 6.54072 -44.4394 8.65
      vertex 14.0249 -46.5022 8.65
      vertex 14.15 -46.4225 8.65
    endloop
  endfacet
  facet normal 0 0 1
    outer loop
      vertex 6.47224 -44.3079 8.65
      vertex 14.15 -46.4225 8.65
      vertex 14.2815 -46.354 8.65
    endloop
  endfacet
  facet normal 0 0 1
    outer loop
      vertex 6.39256 -44.1828 8.65
      vertex 14.2815 -46.354 8.65
      vertex 14.4186 -46.2973 8.65
    endloop
  endfacet
  facet normal -0 -0 1
    outer loop
      vertex 6.20208 -43.9558 8.65
      vertex 14.7048 -46.2206 8.65
      vertex 6.09274 -43.8556 8.65
    endloop
  endfacet
  facet normal 0 0 1
    outer loop
      vertex 13.6074 -46.9197 8.65
      vertex 6.69353 -45.0097 8.65
      vertex 6.7 -45.1579 8.65
    endloop
  endfacet
  facet normal 0 0 1
    outer loop
      vertex 13.6977 -46.802 8.65
      vertex 6.67417 -44.8627 8.65
      vertex 6.69353 -45.0097 8.65
    endloop
  endfacet
  facet normal 0 0 1
    outer loop
      vertex 13.7979 -46.6927 8.65
      vertex 6.64207 -44.7179 8.65
      vertex 6.67417 -44.8627 8.65
    endloop
  endfacet
  facet normal 0 0 1
    outer loop
      vertex 13.9073 -46.5925 8.65
      vertex 6.59748 -44.5765 8.65
      vertex 6.64207 -44.7179 8.65
    endloop
  endfacet
  facet normal 0 0 1
    outer loop
      vertex 14.0249 -46.5022 8.65
      vertex 6.54072 -44.4394 8.65
      vertex 6.59748 -44.5765 8.65
    endloop
  endfacet
  facet normal 0 0 1
    outer loop
      vertex 14.15 -46.4225 8.65
      vertex 6.47224 -44.3079 8.65
      vertex 6.54072 -44.4394 8.65
    endloop
  endfacet
  facet normal 0 0 1
    outer loop
      vertex 14.2815 -46.354 8.65
      vertex 6.39256 -44.1828 8.65
      vertex 6.47224 -44.3079 8.65
    endloop
  endfacet
  facet normal 0 0 1
    outer loop
      vertex 14.4186 -46.2973 8.65
      vertex 6.30227 -44.0652 8.65
      vertex 6.39256 -44.1828 8.65
    endloop
  endfacet
  facet normal 0 0 1
    outer loop
      vertex 14.56 -46.2527 8.65
      vertex 6.30227 -44.0652 8.65
      vertex 14.4186 -46.2973 8.65
    endloop
  endfacet
  facet normal -0 -0 1
    outer loop
      vertex 6.30227 -44.0652 8.65
      vertex 14.56 -46.2527 8.65
      vertex 6.20208 -43.9558 8.65
    endloop
  endfacet
  facet normal 0 0 1
    outer loop
      vertex 14.7048 -46.2206 8.65
      vertex 6.20208 -43.9558 8.65
      vertex 14.56 -46.2527 8.65
    endloop
  endfacet
  facet normal 0 0 1
    outer loop
      vertex 14.8518 -46.2012 8.65
      vertex 6.09274 -43.8556 8.65
      vertex 14.7048 -46.2206 8.65
    endloop
  endfacet
  facet normal 0 0 1
    outer loop
      vertex 5.97508 -43.7653 8.65
      vertex 1.58386 -38.0023 8.65
      vertex 5.85 -43.6856 8.65
    endloop
  endfacet
  facet normal 0 0 1
    outer loop
      vertex 5.85 -43.6856 8.65
      vertex 1.58386 -38.0023 8.65
      vertex 5.71845 -43.6172 8.65
    endloop
  endfacet
  facet normal 0 0 1
    outer loop
      vertex 5.71845 -43.6172 8.65
      vertex 1.58386 -38.0023 8.65
      vertex 5.58143 -43.5604 8.65
    endloop
  endfacet
  facet normal 0 0 1
    outer loop
      vertex 5.58143 -43.5604 8.65
      vertex 1.58386 -38.0023 8.65
      vertex 5.43999 -43.5158 8.65
    endloop
  endfacet
  facet normal 0 0 1
    outer loop
      vertex 5.43999 -43.5158 8.65
      vertex 1.58386 -38.0023 8.65
      vertex 5.2952 -43.4837 8.65
    endloop
  endfacet
  facet normal 0 0 1
    outer loop
      vertex 5.2952 -43.4837 8.65
      vertex 1.58386 -38.0023 8.65
      vertex 5.14816 -43.4644 8.65
    endloop
  endfacet
  facet normal 0 0 1
    outer loop
      vertex 3.32583 -44.8627 8.65
      vertex 0 -43.7895 8.65
      vertex 3.30647 -45.0097 8.65
    endloop
  endfacet
  facet normal 0 0 1
    outer loop
      vertex 3.35793 -44.7179 8.65
      vertex 0 -43.7895 8.65
      vertex 3.32583 -44.8627 8.65
    endloop
  endfacet
  facet normal 0 0 1
    outer loop
      vertex 3.40252 -44.5765 8.65
      vertex 0 -43.7895 8.65
      vertex 3.35793 -44.7179 8.65
    endloop
  endfacet
  facet normal 0 0 1
    outer loop
      vertex 3.45928 -44.4394 8.65
      vertex 0 -43.7895 8.65
      vertex 3.40252 -44.5765 8.65
    endloop
  endfacet
  facet normal 0 0 1
    outer loop
      vertex 3.52776 -44.3079 8.65
      vertex 0 -43.7895 8.65
      vertex 3.45928 -44.4394 8.65
    endloop
  endfacet
  facet normal 0 0 1
    outer loop
      vertex 3.60744 -44.1828 8.65
      vertex 0 -43.7895 8.65
      vertex 3.52776 -44.3079 8.65
    endloop
  endfacet
  facet normal 0 0 1
    outer loop
      vertex 3.69772 -44.0652 8.65
      vertex 0 -43.7895 8.65
      vertex 3.60744 -44.1828 8.65
    endloop
  endfacet
  facet normal 0 0 1
    outer loop
      vertex 3.79792 -43.9558 8.65
      vertex 0 -43.7895 8.65
      vertex 3.69772 -44.0652 8.65
    endloop
  endfacet
  facet normal 0 0 1
    outer loop
      vertex 3.90726 -43.8556 8.65
      vertex 0 -43.7895 8.65
      vertex 3.79792 -43.9558 8.65
    endloop
  endfacet
  facet normal -0 0 1
    outer loop
      vertex 0 -43.7895 8.65
      vertex 3.90726 -43.8556 8.65
      vertex 1.58386 -38.0023 8.65
    endloop
  endfacet
  facet normal 0 0 1
    outer loop
      vertex 4.02492 -43.7653 8.65
      vertex 1.58386 -38.0023 8.65
      vertex 3.90726 -43.8556 8.65
    endloop
  endfacet
  facet normal 0 0 1
    outer loop
      vertex 4.15 -43.6856 8.65
      vertex 1.58386 -38.0023 8.65
      vertex 4.02492 -43.7653 8.65
    endloop
  endfacet
  facet normal 0 0 1
    outer loop
      vertex 4.28155 -43.6172 8.65
      vertex 1.58386 -38.0023 8.65
      vertex 4.15 -43.6856 8.65
    endloop
  endfacet
  facet normal 0 0 1
    outer loop
      vertex 4.41857 -43.5604 8.65
      vertex 1.58386 -38.0023 8.65
      vertex 4.28155 -43.6172 8.65
    endloop
  endfacet
  facet normal 0 0 1
    outer loop
      vertex 4.56001 -43.5158 8.65
      vertex 1.58386 -38.0023 8.65
      vertex 4.41857 -43.5604 8.65
    endloop
  endfacet
  facet normal 0 0 1
    outer loop
      vertex 4.7048 -43.4837 8.65
      vertex 1.58386 -38.0023 8.65
      vertex 4.56001 -43.5158 8.65
    endloop
  endfacet
  facet normal 0 0 1
    outer loop
      vertex 4.85183 -43.4644 8.65
      vertex 1.58386 -38.0023 8.65
      vertex 4.7048 -43.4837 8.65
    endloop
  endfacet
  facet normal 0 0 1
    outer loop
      vertex 5 -43.4579 8.65
      vertex 1.58386 -38.0023 8.65
      vertex 4.85183 -43.4644 8.65
    endloop
  endfacet
  facet normal 0 0 1
    outer loop
      vertex 5.14816 -43.4644 8.65
      vertex 1.58386 -38.0023 8.65
      vertex 5 -43.4579 8.65
    endloop
  endfacet
  facet normal 0 0 1
    outer loop
      vertex 16.6742 -48.1899 8.65
      vertex 21.7839 -43.5307 8.65
      vertex 16.6935 -48.0429 8.65
    endloop
  endfacet
  facet normal 0 0 1
    outer loop
      vertex 16.6421 -48.3347 8.65
      vertex 21.7839 -43.5307 8.65
      vertex 16.6742 -48.1899 8.65
    endloop
  endfacet
  facet normal 0 0 1
    outer loop
      vertex 21.7839 -43.5307 8.65
      vertex 16.6421 -48.3347 8.65
      vertex 18.6161 -55.1051 8.65
    endloop
  endfacet
  facet normal -0 0 1
    outer loop
      vertex 16.5975 -48.4762 8.65
      vertex 18.6161 -55.1051 8.65
      vertex 16.6421 -48.3347 8.65
    endloop
  endfacet
  facet normal -0 0 1
    outer loop
      vertex 16.5407 -48.6132 8.65
      vertex 18.6161 -55.1051 8.65
      vertex 16.5975 -48.4762 8.65
    endloop
  endfacet
  facet normal -0 0 1
    outer loop
      vertex 16.4722 -48.7447 8.65
      vertex 18.6161 -55.1051 8.65
      vertex 16.5407 -48.6132 8.65
    endloop
  endfacet
  facet normal -0 0 1
    outer loop
      vertex 16.3926 -48.8698 8.65
      vertex 18.6161 -55.1051 8.65
      vertex 16.4722 -48.7447 8.65
    endloop
  endfacet
  facet normal -0 0 1
    outer loop
      vertex 16.3023 -48.9875 8.65
      vertex 18.6161 -55.1051 8.65
      vertex 16.3926 -48.8698 8.65
    endloop
  endfacet
  facet normal -0 0 1
    outer loop
      vertex 16.2021 -49.0968 8.65
      vertex 18.6161 -55.1051 8.65
      vertex 16.3023 -48.9875 8.65
    endloop
  endfacet
  facet normal -0 0 1
    outer loop
      vertex 16.0927 -49.197 8.65
      vertex 18.6161 -55.1051 8.65
      vertex 16.2021 -49.0968 8.65
    endloop
  endfacet
  facet normal -0 0 1
    outer loop
      vertex 15.9751 -49.2873 8.65
      vertex 18.6161 -55.1051 8.65
      vertex 16.0927 -49.197 8.65
    endloop
  endfacet
  facet normal -0 0 1
    outer loop
      vertex 15.85 -49.367 8.65
      vertex 18.6161 -55.1051 8.65
      vertex 15.9751 -49.2873 8.65
    endloop
  endfacet
  facet normal -0 0 1
    outer loop
      vertex 15.7185 -49.4355 8.65
      vertex 18.6161 -55.1051 8.65
      vertex 15.85 -49.367 8.65
    endloop
  endfacet
  facet normal -0 0 1
    outer loop
      vertex 15.5814 -49.4922 8.65
      vertex 18.6161 -55.1051 8.65
      vertex 15.7185 -49.4355 8.65
    endloop
  endfacet
  facet normal -0 0 1
    outer loop
      vertex 15.44 -49.5368 8.65
      vertex 18.6161 -55.1051 8.65
      vertex 15.5814 -49.4922 8.65
    endloop
  endfacet
  facet normal -0 0 1
    outer loop
      vertex 15.2952 -49.5689 8.65
      vertex 18.6161 -55.1051 8.65
      vertex 15.44 -49.5368 8.65
    endloop
  endfacet
  facet normal -0 0 1
    outer loop
      vertex 15.1482 -49.5883 8.65
      vertex 18.6161 -55.1051 8.65
      vertex 15.2952 -49.5689 8.65
    endloop
  endfacet
  facet normal -0 0 1
    outer loop
      vertex 15 -49.5947 8.65
      vertex 18.6161 -55.1051 8.65
      vertex 15.1482 -49.5883 8.65
    endloop
  endfacet
  facet normal 0 0 1
    outer loop
      vertex 14.8518 -49.5883 8.65
      vertex 18.6161 -55.1051 8.65
      vertex 15 -49.5947 8.65
    endloop
  endfacet
  facet normal 0 0 1
    outer loop
      vertex 14.7048 -49.5689 8.65
      vertex 18.6161 -55.1051 8.65
      vertex 14.8518 -49.5883 8.65
    endloop
  endfacet
  facet normal 0 0 1
    outer loop
      vertex 14.56 -49.5368 8.65
      vertex 18.6161 -55.1051 8.65
      vertex 14.7048 -49.5689 8.65
    endloop
  endfacet
  facet normal 0 0 1
    outer loop
      vertex 14.4186 -49.4922 8.65
      vertex 18.6161 -55.1051 8.65
      vertex 14.56 -49.5368 8.65
    endloop
  endfacet
  facet normal 0 0 1
    outer loop
      vertex 14.2815 -49.4355 8.65
      vertex 18.6161 -55.1051 8.65
      vertex 14.4186 -49.4922 8.65
    endloop
  endfacet
  facet normal 0 0 1
    outer loop
      vertex 14.15 -49.367 8.65
      vertex 18.6161 -55.1051 8.65
      vertex 14.2815 -49.4355 8.65
    endloop
  endfacet
  facet normal 0 0 1
    outer loop
      vertex 14.0249 -49.2873 8.65
      vertex 18.6161 -55.1051 8.65
      vertex 14.15 -49.367 8.65
    endloop
  endfacet
  facet normal 0 0 1
    outer loop
      vertex 0 -50.0101 8.65
      vertex 14.0249 -49.2873 8.65
      vertex 13.9073 -49.197 8.65
    endloop
  endfacet
  facet normal 0 0 1
    outer loop
      vertex 0 -50.0101 8.65
      vertex 13.9073 -49.197 8.65
      vertex 13.7979 -49.0968 8.65
    endloop
  endfacet
  facet normal 0 0 1
    outer loop
      vertex 5.43999 -46.8 8.65
      vertex 13.7979 -49.0968 8.65
      vertex 13.6977 -48.9875 8.65
    endloop
  endfacet
  facet normal -0 0 1
    outer loop
      vertex 6.59748 -45.7393 8.65
      vertex 13.3579 -47.4547 8.65
      vertex 6.64207 -45.5979 8.65
    endloop
  endfacet
  facet normal 0 0 1
    outer loop
      vertex 13.3579 -47.4547 8.65
      vertex 6.59748 -45.7393 8.65
      vertex 13.3258 -47.5995 8.65
    endloop
  endfacet
  facet normal -0 0 1
    outer loop
      vertex 6.54072 -45.8763 8.65
      vertex 13.3258 -47.5995 8.65
      vertex 6.59748 -45.7393 8.65
    endloop
  endfacet
  facet normal 0 0 1
    outer loop
      vertex 13.3258 -47.5995 8.65
      vertex 6.54072 -45.8763 8.65
      vertex 13.3065 -47.7466 8.65
    endloop
  endfacet
  facet normal -0 0 1
    outer loop
      vertex 6.47224 -46.0079 8.65
      vertex 13.3065 -47.7466 8.65
      vertex 6.54072 -45.8763 8.65
    endloop
  endfacet
  facet normal 0 0 1
    outer loop
      vertex 13.3065 -47.7466 8.65
      vertex 6.47224 -46.0079 8.65
      vertex 13.3 -47.8947 8.65
    endloop
  endfacet
  facet normal -0 0 1
    outer loop
      vertex 6.39256 -46.133 8.65
      vertex 13.3 -47.8947 8.65
      vertex 6.47224 -46.0079 8.65
    endloop
  endfacet
  facet normal 0 0 1
    outer loop
      vertex 13.3 -47.8947 8.65
      vertex 6.39256 -46.133 8.65
      vertex 13.3065 -48.0429 8.65
    endloop
  endfacet
  facet normal -0 0 1
    outer loop
      vertex 6.30227 -46.2506 8.65
      vertex 13.3065 -48.0429 8.65
      vertex 6.39256 -46.133 8.65
    endloop
  endfacet
  facet normal 0 0 1
    outer loop
      vertex 13.3065 -48.0429 8.65
      vertex 6.30227 -46.2506 8.65
      vertex 13.3258 -48.1899 8.65
    endloop
  endfacet
  facet normal -0 0 1
    outer loop
      vertex 6.20208 -46.36 8.65
      vertex 13.3258 -48.1899 8.65
      vertex 6.30227 -46.2506 8.65
    endloop
  endfacet
  facet normal 0 0 1
    outer loop
      vertex 13.3258 -48.1899 8.65
      vertex 6.20208 -46.36 8.65
      vertex 13.3579 -48.3347 8.65
    endloop
  endfacet
  facet normal -0 0 1
    outer loop
      vertex 6.09274 -46.4602 8.65
      vertex 13.3579 -48.3347 8.65
      vertex 6.20208 -46.36 8.65
    endloop
  endfacet
  facet normal 0 0 1
    outer loop
      vertex 13.3579 -48.3347 8.65
      vertex 6.09274 -46.4602 8.65
      vertex 13.4025 -48.4762 8.65
    endloop
  endfacet
  facet normal -0 0 1
    outer loop
      vertex 5.97508 -46.5505 8.65
      vertex 13.4025 -48.4762 8.65
      vertex 6.09274 -46.4602 8.65
    endloop
  endfacet
  facet normal 0 0 1
    outer loop
      vertex 13.4025 -48.4762 8.65
      vertex 5.97508 -46.5505 8.65
      vertex 13.4593 -48.6132 8.65
    endloop
  endfacet
  facet normal -0 0 1
    outer loop
      vertex 5.85 -46.6301 8.65
      vertex 13.4593 -48.6132 8.65
      vertex 5.97508 -46.5505 8.65
    endloop
  endfacet
  facet normal 0 0 1
    outer loop
      vertex 13.4593 -48.6132 8.65
      vertex 5.85 -46.6301 8.65
      vertex 13.5278 -48.7447 8.65
    endloop
  endfacet
  facet normal -0 0 1
    outer loop
      vertex 5.71845 -46.6986 8.65
      vertex 13.5278 -48.7447 8.65
      vertex 5.85 -46.6301 8.65
    endloop
  endfacet
  facet normal 0 0 1
    outer loop
      vertex 13.5278 -48.7447 8.65
      vertex 5.71845 -46.6986 8.65
      vertex 13.6074 -48.8698 8.65
    endloop
  endfacet
  facet normal -0 0 1
    outer loop
      vertex 5.58143 -46.7554 8.65
      vertex 13.6074 -48.8698 8.65
      vertex 5.71845 -46.6986 8.65
    endloop
  endfacet
  facet normal 0 0 1
    outer loop
      vertex 13.6074 -48.8698 8.65
      vertex 5.58143 -46.7554 8.65
      vertex 13.6977 -48.9875 8.65
    endloop
  endfacet
  facet normal -0 0 1
    outer loop
      vertex 5.43999 -46.8 8.65
      vertex 13.6977 -48.9875 8.65
      vertex 5.58143 -46.7554 8.65
    endloop
  endfacet
  facet normal 0 0 1
    outer loop
      vertex 13.7979 -49.0968 8.65
      vertex 5.43999 -46.8 8.65
      vertex 5.2952 -46.8321 8.65
    endloop
  endfacet
  facet normal 0 0 1
    outer loop
      vertex 13.7979 -49.0968 8.65
      vertex 5.2952 -46.8321 8.65
      vertex 0 -50.0101 8.65
    endloop
  endfacet
  facet normal 0 0 1
    outer loop
      vertex 0 -50.0101 8.65
      vertex 5.2952 -46.8321 8.65
      vertex 5.14816 -46.8514 8.65
    endloop
  endfacet
  facet normal 0 0 1
    outer loop
      vertex 0 -50.0101 8.65
      vertex 5.14816 -46.8514 8.65
      vertex 5 -46.8579 8.65
    endloop
  endfacet
  facet normal 0 0 1
    outer loop
      vertex 0 -50.0101 8.65
      vertex 5 -46.8579 8.65
      vertex 4.85183 -46.8514 8.65
    endloop
  endfacet
  facet normal 0 0 1
    outer loop
      vertex 0 -50.0101 8.65
      vertex 4.85183 -46.8514 8.65
      vertex 4.7048 -46.8321 8.65
    endloop
  endfacet
  facet normal 0 0 1
    outer loop
      vertex 0 -50.0101 8.65
      vertex 4.7048 -46.8321 8.65
      vertex 4.56001 -46.8 8.65
    endloop
  endfacet
  facet normal 0 0 1
    outer loop
      vertex 0 -50.0101 8.65
      vertex 4.56001 -46.8 8.65
      vertex 4.41857 -46.7554 8.65
    endloop
  endfacet
  facet normal 0 0 1
    outer loop
      vertex 0 -50.0101 8.65
      vertex 4.41857 -46.7554 8.65
      vertex 4.28155 -46.6986 8.65
    endloop
  endfacet
  facet normal 0 0 1
    outer loop
      vertex 0 -50.0101 8.65
      vertex 4.28155 -46.6986 8.65
      vertex 4.15 -46.6301 8.65
    endloop
  endfacet
  facet normal 0 0 1
    outer loop
      vertex 3.30647 -45.0097 8.65
      vertex 0 -43.7895 8.65
      vertex 3.3 -45.1579 8.65
    endloop
  endfacet
  facet normal 0 0 1
    outer loop
      vertex 3.3 -45.1579 8.65
      vertex 0 -43.7895 8.65
      vertex 3.30647 -45.3061 8.65
    endloop
  endfacet
  facet normal 0 0 1
    outer loop
      vertex 3.30647 -45.3061 8.65
      vertex 0 -43.7895 8.65
      vertex 3.32583 -45.4531 8.65
    endloop
  endfacet
  facet normal 0 0 1
    outer loop
      vertex 3.32583 -45.4531 8.65
      vertex 0 -43.7895 8.65
      vertex 3.35793 -45.5979 8.65
    endloop
  endfacet
  facet normal 0 0 1
    outer loop
      vertex 0 -43.7895 8.65
      vertex 3.40252 -45.7393 8.65
      vertex 3.35793 -45.5979 8.65
    endloop
  endfacet
  facet normal 0 0 1
    outer loop
      vertex 0 -50.0101 8.65
      vertex 3.40252 -45.7393 8.65
      vertex 0 -43.7895 8.65
    endloop
  endfacet
  facet normal 0 0 1
    outer loop
      vertex 3.40252 -45.7393 8.65
      vertex 0 -50.0101 8.65
      vertex 3.45928 -45.8763 8.65
    endloop
  endfacet
  facet normal 0 0 1
    outer loop
      vertex 3.45928 -45.8763 8.65
      vertex 0 -50.0101 8.65
      vertex 3.52776 -46.0079 8.65
    endloop
  endfacet
  facet normal 0 0 1
    outer loop
      vertex 3.52776 -46.0079 8.65
      vertex 0 -50.0101 8.65
      vertex 3.60744 -46.133 8.65
    endloop
  endfacet
  facet normal 0 0 1
    outer loop
      vertex 3.60744 -46.133 8.65
      vertex 0 -50.0101 8.65
      vertex 3.69772 -46.2506 8.65
    endloop
  endfacet
  facet normal 0 0 1
    outer loop
      vertex 3.69772 -46.2506 8.65
      vertex 0 -50.0101 8.65
      vertex 3.79792 -46.36 8.65
    endloop
  endfacet
  facet normal 0 0 1
    outer loop
      vertex 3.79792 -46.36 8.65
      vertex 0 -50.0101 8.65
      vertex 3.90726 -46.4602 8.65
    endloop
  endfacet
  facet normal 0 0 1
    outer loop
      vertex 14.0249 -49.2873 8.65
      vertex 0 -50.0101 8.65
      vertex 18.6161 -55.1051 8.65
    endloop
  endfacet
  facet normal 0 0 1
    outer loop
      vertex 4.02492 -46.5505 8.65
      vertex 0 -50.0101 8.65
      vertex 4.15 -46.6301 8.65
    endloop
  endfacet
  facet normal 0 0 1
    outer loop
      vertex 3.90726 -46.4602 8.65
      vertex 0 -50.0101 8.65
      vertex 4.02492 -46.5505 8.65
    endloop
  endfacet
  facet normal -0.964528 -0.263982 0
    outer loop
      vertex 21.7839 43.5307 8.65
      vertex 18.6161 55.1051 18
      vertex 18.6161 55.1051 8.65
    endloop
  endfacet
  facet normal -0.964528 -0.263982 0
    outer loop
      vertex 18.6161 55.1051 18
      vertex 21.7839 43.5307 8.65
      vertex 21.7839 43.5307 18
    endloop
  endfacet
  facet normal 0 0 1
    outer loop
      vertex 21.7839 43.5307 8.65
      vertex 16.6935 48.0429 8.65
      vertex 16.7 47.8947 8.65
    endloop
  endfacet
  facet normal 0 0 1
    outer loop
      vertex 21.7839 43.5307 8.65
      vertex 16.6742 48.1899 8.65
      vertex 16.6935 48.0429 8.65
    endloop
  endfacet
  facet normal 0 0 1
    outer loop
      vertex 21.7839 43.5307 8.65
      vertex 16.6421 48.3347 8.65
      vertex 16.6742 48.1899 8.65
    endloop
  endfacet
  facet normal 0 0 1
    outer loop
      vertex 18.6161 55.1051 8.65
      vertex 16.5975 48.4762 8.65
      vertex 16.6421 48.3347 8.65
    endloop
  endfacet
  facet normal 0 0 1
    outer loop
      vertex 18.6161 55.1051 8.65
      vertex 16.5407 48.6132 8.65
      vertex 16.5975 48.4762 8.65
    endloop
  endfacet
  facet normal 0 0 1
    outer loop
      vertex 18.6161 55.1051 8.65
      vertex 16.4722 48.7447 8.65
      vertex 16.5407 48.6132 8.65
    endloop
  endfacet
  facet normal 0 0 1
    outer loop
      vertex 18.6161 55.1051 8.65
      vertex 16.3926 48.8698 8.65
      vertex 16.4722 48.7447 8.65
    endloop
  endfacet
  facet normal 0 0 1
    outer loop
      vertex 18.6161 55.1051 8.65
      vertex 16.3023 48.9875 8.65
      vertex 16.3926 48.8698 8.65
    endloop
  endfacet
  facet normal 0 0 1
    outer loop
      vertex 18.6161 55.1051 8.65
      vertex 16.2021 49.0968 8.65
      vertex 16.3023 48.9875 8.65
    endloop
  endfacet
  facet normal 0 0 1
    outer loop
      vertex 18.6161 55.1051 8.65
      vertex 16.0927 49.197 8.65
      vertex 16.2021 49.0968 8.65
    endloop
  endfacet
  facet normal 0 0 1
    outer loop
      vertex 18.6161 55.1051 8.65
      vertex 15.9751 49.2873 8.65
      vertex 16.0927 49.197 8.65
    endloop
  endfacet
  facet normal 0 0 1
    outer loop
      vertex 18.6161 55.1051 8.65
      vertex 15.85 49.367 8.65
      vertex 15.9751 49.2873 8.65
    endloop
  endfacet
  facet normal 0 0 1
    outer loop
      vertex 18.6161 55.1051 8.65
      vertex 15.7185 49.4355 8.65
      vertex 15.85 49.367 8.65
    endloop
  endfacet
  facet normal 0 0 1
    outer loop
      vertex 18.6161 55.1051 8.65
      vertex 15.5814 49.4922 8.65
      vertex 15.7185 49.4355 8.65
    endloop
  endfacet
  facet normal 0 0 1
    outer loop
      vertex 18.6161 55.1051 8.65
      vertex 15.44 49.5368 8.65
      vertex 15.5814 49.4922 8.65
    endloop
  endfacet
  facet normal 0 0 1
    outer loop
      vertex 18.6161 55.1051 8.65
      vertex 15.2952 49.5689 8.65
      vertex 15.44 49.5368 8.65
    endloop
  endfacet
  facet normal 0 0 1
    outer loop
      vertex 18.6161 55.1051 8.65
      vertex 15.1482 49.5883 8.65
      vertex 15.2952 49.5689 8.65
    endloop
  endfacet
  facet normal 0 0 1
    outer loop
      vertex 18.6161 55.1051 8.65
      vertex 15 49.5947 8.65
      vertex 15.1482 49.5883 8.65
    endloop
  endfacet
  facet normal 0 0 1
    outer loop
      vertex 18.6161 55.1051 8.65
      vertex 14.8518 49.5883 8.65
      vertex 15 49.5947 8.65
    endloop
  endfacet
  facet normal 0 0 1
    outer loop
      vertex 18.6161 55.1051 8.65
      vertex 14.7048 49.5689 8.65
      vertex 14.8518 49.5883 8.65
    endloop
  endfacet
  facet normal 0 0 1
    outer loop
      vertex 18.6161 55.1051 8.65
      vertex 14.56 49.5368 8.65
      vertex 14.7048 49.5689 8.65
    endloop
  endfacet
  facet normal 0 0 1
    outer loop
      vertex 18.6161 55.1051 8.65
      vertex 14.4186 49.4922 8.65
      vertex 14.56 49.5368 8.65
    endloop
  endfacet
  facet normal 0 0 1
    outer loop
      vertex 18.6161 55.1051 8.65
      vertex 14.2815 49.4355 8.65
      vertex 14.4186 49.4922 8.65
    endloop
  endfacet
  facet normal 0 0 1
    outer loop
      vertex 18.6161 55.1051 8.65
      vertex 14.15 49.367 8.65
      vertex 14.2815 49.4355 8.65
    endloop
  endfacet
  facet normal 0 0 1
    outer loop
      vertex 18.6161 55.1051 8.65
      vertex 14.0249 49.2873 8.65
      vertex 14.15 49.367 8.65
    endloop
  endfacet
  facet normal -0 0 1
    outer loop
      vertex 0 50.0101 8.65
      vertex 14.0249 49.2873 8.65
      vertex 18.6161 55.1051 8.65
    endloop
  endfacet
  facet normal 0 0 1
    outer loop
      vertex 14.0249 49.2873 8.65
      vertex 0 50.0101 8.65
      vertex 13.9073 49.197 8.65
    endloop
  endfacet
  facet normal 0 0 1
    outer loop
      vertex 13.9073 49.197 8.65
      vertex 0 50.0101 8.65
      vertex 13.7979 49.0968 8.65
    endloop
  endfacet
  facet normal 0 0 1
    outer loop
      vertex 6.39256 46.133 8.65
      vertex 13.3 47.8947 8.65
      vertex 13.3065 48.0429 8.65
    endloop
  endfacet
  facet normal 0 0 1
    outer loop
      vertex 6.30227 46.2506 8.65
      vertex 13.3065 48.0429 8.65
      vertex 13.3258 48.1899 8.65
    endloop
  endfacet
  facet normal 0 0 1
    outer loop
      vertex 6.20208 46.36 8.65
      vertex 13.3258 48.1899 8.65
      vertex 13.3579 48.3347 8.65
    endloop
  endfacet
  facet normal 0 0 1
    outer loop
      vertex 6.09274 46.4602 8.65
      vertex 13.3579 48.3347 8.65
      vertex 13.4025 48.4762 8.65
    endloop
  endfacet
  facet normal 0 0 1
    outer loop
      vertex 5.97508 46.5505 8.65
      vertex 13.4025 48.4762 8.65
      vertex 13.4593 48.6132 8.65
    endloop
  endfacet
  facet normal 0 0 1
    outer loop
      vertex 5.85 46.6301 8.65
      vertex 13.4593 48.6132 8.65
      vertex 13.5278 48.7447 8.65
    endloop
  endfacet
  facet normal 0 0 1
    outer loop
      vertex 5.71845 46.6986 8.65
      vertex 13.5278 48.7447 8.65
      vertex 13.6074 48.8698 8.65
    endloop
  endfacet
  facet normal 0 0 1
    outer loop
      vertex 5.58143 46.7554 8.65
      vertex 13.6074 48.8698 8.65
      vertex 13.6977 48.9875 8.65
    endloop
  endfacet
  facet normal 0 -0 1
    outer loop
      vertex 5.2952 46.8321 8.65
      vertex 13.7979 49.0968 8.65
      vertex 0 50.0101 8.65
    endloop
  endfacet
  facet normal 0 0 1
    outer loop
      vertex 13.3 47.8947 8.65
      vertex 6.69353 45.3061 8.65
      vertex 6.7 45.1579 8.65
    endloop
  endfacet
  facet normal 0 0 1
    outer loop
      vertex 13.3 47.8947 8.65
      vertex 6.67417 45.4531 8.65
      vertex 6.69353 45.3061 8.65
    endloop
  endfacet
  facet normal 0 0 1
    outer loop
      vertex 13.3 47.8947 8.65
      vertex 6.64207 45.5979 8.65
      vertex 6.67417 45.4531 8.65
    endloop
  endfacet
  facet normal 0 0 1
    outer loop
      vertex 13.3 47.8947 8.65
      vertex 6.59748 45.7393 8.65
      vertex 6.64207 45.5979 8.65
    endloop
  endfacet
  facet normal 0 0 1
    outer loop
      vertex 13.3 47.8947 8.65
      vertex 6.54072 45.8763 8.65
      vertex 6.59748 45.7393 8.65
    endloop
  endfacet
  facet normal 0 0 1
    outer loop
      vertex 13.3 47.8947 8.65
      vertex 6.47224 46.0079 8.65
      vertex 6.54072 45.8763 8.65
    endloop
  endfacet
  facet normal 0 0 1
    outer loop
      vertex 13.3 47.8947 8.65
      vertex 6.39256 46.133 8.65
      vertex 6.47224 46.0079 8.65
    endloop
  endfacet
  facet normal 0 0 1
    outer loop
      vertex 13.3065 48.0429 8.65
      vertex 6.30227 46.2506 8.65
      vertex 6.39256 46.133 8.65
    endloop
  endfacet
  facet normal 0 0 1
    outer loop
      vertex 13.3258 48.1899 8.65
      vertex 6.20208 46.36 8.65
      vertex 6.30227 46.2506 8.65
    endloop
  endfacet
  facet normal 0 0 1
    outer loop
      vertex 13.3579 48.3347 8.65
      vertex 6.09274 46.4602 8.65
      vertex 6.20208 46.36 8.65
    endloop
  endfacet
  facet normal 0 0 1
    outer loop
      vertex 13.4025 48.4762 8.65
      vertex 5.97508 46.5505 8.65
      vertex 6.09274 46.4602 8.65
    endloop
  endfacet
  facet normal 0 0 1
    outer loop
      vertex 13.4593 48.6132 8.65
      vertex 5.85 46.6301 8.65
      vertex 5.97508 46.5505 8.65
    endloop
  endfacet
  facet normal 0 0 1
    outer loop
      vertex 13.5278 48.7447 8.65
      vertex 5.71845 46.6986 8.65
      vertex 5.85 46.6301 8.65
    endloop
  endfacet
  facet normal 0 0 1
    outer loop
      vertex 13.6074 48.8698 8.65
      vertex 5.58143 46.7554 8.65
      vertex 5.71845 46.6986 8.65
    endloop
  endfacet
  facet normal 0 0 1
    outer loop
      vertex 13.6977 48.9875 8.65
      vertex 5.43999 46.8 8.65
      vertex 5.58143 46.7554 8.65
    endloop
  endfacet
  facet normal 0 -0 1
    outer loop
      vertex 5.43999 46.8 8.65
      vertex 13.7979 49.0968 8.65
      vertex 5.2952 46.8321 8.65
    endloop
  endfacet
  facet normal 0 0 1
    outer loop
      vertex 13.7979 49.0968 8.65
      vertex 5.43999 46.8 8.65
      vertex 13.6977 48.9875 8.65
    endloop
  endfacet
  facet normal 0 0 1
    outer loop
      vertex 5.2952 46.8321 8.65
      vertex 0 50.0101 8.65
      vertex 5.14816 46.8514 8.65
    endloop
  endfacet
  facet normal 0 0 1
    outer loop
      vertex 5.14816 46.8514 8.65
      vertex 0 50.0101 8.65
      vertex 5 46.8579 8.65
    endloop
  endfacet
  facet normal 0 0 1
    outer loop
      vertex 5 46.8579 8.65
      vertex 0 50.0101 8.65
      vertex 4.85183 46.8514 8.65
    endloop
  endfacet
  facet normal 0 0 1
    outer loop
      vertex 4.85183 46.8514 8.65
      vertex 0 50.0101 8.65
      vertex 4.7048 46.8321 8.65
    endloop
  endfacet
  facet normal 0 0 1
    outer loop
      vertex 4.7048 46.8321 8.65
      vertex 0 50.0101 8.65
      vertex 4.56001 46.8 8.65
    endloop
  endfacet
  facet normal 0 0 1
    outer loop
      vertex 4.56001 46.8 8.65
      vertex 0 50.0101 8.65
      vertex 4.41857 46.7554 8.65
    endloop
  endfacet
  facet normal 0 0 1
    outer loop
      vertex 4.41857 46.7554 8.65
      vertex 0 50.0101 8.65
      vertex 4.28155 46.6986 8.65
    endloop
  endfacet
  facet normal 0 0 1
    outer loop
      vertex 0 43.7895 8.65
      vertex 3.3 45.1579 8.65
      vertex 3.30647 45.3061 8.65
    endloop
  endfacet
  facet normal 0 0 1
    outer loop
      vertex 0 43.7895 8.65
      vertex 3.30647 45.3061 8.65
      vertex 3.32583 45.4531 8.65
    endloop
  endfacet
  facet normal 0 0 1
    outer loop
      vertex 0 43.7895 8.65
      vertex 3.32583 45.4531 8.65
      vertex 3.35793 45.5979 8.65
    endloop
  endfacet
  facet normal 0 0 1
    outer loop
      vertex 4.28155 46.6986 8.65
      vertex 0 50.0101 8.65
      vertex 4.15 46.6301 8.65
    endloop
  endfacet
  facet normal 0 0 1
    outer loop
      vertex 0 50.0101 8.65
      vertex 4.02492 46.5505 8.65
      vertex 4.15 46.6301 8.65
    endloop
  endfacet
  facet normal 0 0 1
    outer loop
      vertex 0 50.0101 8.65
      vertex 3.90726 46.4602 8.65
      vertex 4.02492 46.5505 8.65
    endloop
  endfacet
  facet normal 0 0 1
    outer loop
      vertex 0 50.0101 8.65
      vertex 3.79792 46.36 8.65
      vertex 3.90726 46.4602 8.65
    endloop
  endfacet
  facet normal 0 0 1
    outer loop
      vertex 0 50.0101 8.65
      vertex 3.69772 46.2506 8.65
      vertex 3.79792 46.36 8.65
    endloop
  endfacet
  facet normal 0 0 1
    outer loop
      vertex 0 50.0101 8.65
      vertex 3.60744 46.133 8.65
      vertex 3.69772 46.2506 8.65
    endloop
  endfacet
  facet normal 0 0 1
    outer loop
      vertex 0 50.0101 8.65
      vertex 3.52776 46.0079 8.65
      vertex 3.60744 46.133 8.65
    endloop
  endfacet
  facet normal 0 0 1
    outer loop
      vertex 0 50.0101 8.65
      vertex 3.45928 45.8763 8.65
      vertex 3.52776 46.0079 8.65
    endloop
  endfacet
  facet normal 0 0 1
    outer loop
      vertex 0 50.0101 8.65
      vertex 3.40252 45.7393 8.65
      vertex 3.45928 45.8763 8.65
    endloop
  endfacet
  facet normal 0 0 1
    outer loop
      vertex 0 43.7895 8.65
      vertex 3.40252 45.7393 8.65
      vertex 0 50.0101 8.65
    endloop
  endfacet
  facet normal 0 0 1
    outer loop
      vertex 3.40252 45.7393 8.65
      vertex 0 43.7895 8.65
      vertex 3.35793 45.5979 8.65
    endloop
  endfacet
  facet normal 0 0 1
    outer loop
      vertex 3.3 45.1579 8.65
      vertex 0 43.7895 8.65
      vertex 1.58386 38.0023 8.65
    endloop
  endfacet
  facet normal -0 0 1
    outer loop
      vertex 16.6421 48.3347 8.65
      vertex 21.7839 43.5307 8.65
      vertex 18.6161 55.1051 8.65
    endloop
  endfacet
  facet normal -0 0 1
    outer loop
      vertex 16.6935 47.7466 8.65
      vertex 21.7839 43.5307 8.65
      vertex 16.7 47.8947 8.65
    endloop
  endfacet
  facet normal -0 0 1
    outer loop
      vertex 16.6742 47.5995 8.65
      vertex 21.7839 43.5307 8.65
      vertex 16.6935 47.7466 8.65
    endloop
  endfacet
  facet normal -0 0 1
    outer loop
      vertex 16.6421 47.4547 8.65
      vertex 21.7839 43.5307 8.65
      vertex 16.6742 47.5995 8.65
    endloop
  endfacet
  facet normal -0 0 1
    outer loop
      vertex 16.5975 47.3133 8.65
      vertex 21.7839 43.5307 8.65
      vertex 16.6421 47.4547 8.65
    endloop
  endfacet
  facet normal -0 0 1
    outer loop
      vertex 16.5407 47.1763 8.65
      vertex 21.7839 43.5307 8.65
      vertex 16.5975 47.3133 8.65
    endloop
  endfacet
  facet normal -0 0 1
    outer loop
      vertex 16.4722 47.0447 8.65
      vertex 21.7839 43.5307 8.65
      vertex 16.5407 47.1763 8.65
    endloop
  endfacet
  facet normal -0 0 1
    outer loop
      vertex 16.3926 46.9197 8.65
      vertex 21.7839 43.5307 8.65
      vertex 16.4722 47.0447 8.65
    endloop
  endfacet
  facet normal -0 0 1
    outer loop
      vertex 16.3023 46.802 8.65
      vertex 21.7839 43.5307 8.65
      vertex 16.3926 46.9197 8.65
    endloop
  endfacet
  facet normal -0 0 1
    outer loop
      vertex 16.2021 46.6927 8.65
      vertex 21.7839 43.5307 8.65
      vertex 16.3023 46.802 8.65
    endloop
  endfacet
  facet normal -0 0 1
    outer loop
      vertex 16.0927 46.5925 8.65
      vertex 21.7839 43.5307 8.65
      vertex 16.2021 46.6927 8.65
    endloop
  endfacet
  facet normal -0 0 1
    outer loop
      vertex 15.9751 46.5022 8.65
      vertex 21.7839 43.5307 8.65
      vertex 16.0927 46.5925 8.65
    endloop
  endfacet
  facet normal -0 0 1
    outer loop
      vertex 15.85 46.4225 8.65
      vertex 21.7839 43.5307 8.65
      vertex 15.9751 46.5022 8.65
    endloop
  endfacet
  facet normal -0 0 1
    outer loop
      vertex 15.7185 46.354 8.65
      vertex 21.7839 43.5307 8.65
      vertex 15.85 46.4225 8.65
    endloop
  endfacet
  facet normal -0 0 1
    outer loop
      vertex 15.5814 46.2973 8.65
      vertex 21.7839 43.5307 8.65
      vertex 15.7185 46.354 8.65
    endloop
  endfacet
  facet normal -0 0 1
    outer loop
      vertex 15.44 46.2527 8.65
      vertex 21.7839 43.5307 8.65
      vertex 15.5814 46.2973 8.65
    endloop
  endfacet
  facet normal -0 0 1
    outer loop
      vertex 15.2952 46.2206 8.65
      vertex 21.7839 43.5307 8.65
      vertex 15.44 46.2527 8.65
    endloop
  endfacet
  facet normal -0 0 1
    outer loop
      vertex 15.1482 46.2012 8.65
      vertex 21.7839 43.5307 8.65
      vertex 15.2952 46.2206 8.65
    endloop
  endfacet
  facet normal -0 0 1
    outer loop
      vertex 15 46.1947 8.65
      vertex 21.7839 43.5307 8.65
      vertex 15.1482 46.2012 8.65
    endloop
  endfacet
  facet normal 0 0 1
    outer loop
      vertex 14.8518 46.2012 8.65
      vertex 21.7839 43.5307 8.65
      vertex 15 46.1947 8.65
    endloop
  endfacet
  facet normal 0 0 1
    outer loop
      vertex 6.09274 43.8556 8.65
      vertex 14.8518 46.2012 8.65
      vertex 14.7048 46.2206 8.65
    endloop
  endfacet
  facet normal 0 0 1
    outer loop
      vertex 6.20208 43.9558 8.65
      vertex 14.7048 46.2206 8.65
      vertex 14.56 46.2527 8.65
    endloop
  endfacet
  facet normal 0 0 1
    outer loop
      vertex 6.30227 44.0652 8.65
      vertex 14.56 46.2527 8.65
      vertex 14.4186 46.2973 8.65
    endloop
  endfacet
  facet normal 0 0 1
    outer loop
      vertex 6.7 45.1579 8.65
      vertex 13.3065 47.7466 8.65
      vertex 13.3 47.8947 8.65
    endloop
  endfacet
  facet normal 0 0 1
    outer loop
      vertex 6.7 45.1579 8.65
      vertex 13.3258 47.5995 8.65
      vertex 13.3065 47.7466 8.65
    endloop
  endfacet
  facet normal 0 0 1
    outer loop
      vertex 6.7 45.1579 8.65
      vertex 13.3579 47.4547 8.65
      vertex 13.3258 47.5995 8.65
    endloop
  endfacet
  facet normal 0 0 1
    outer loop
      vertex 6.7 45.1579 8.65
      vertex 13.4025 47.3133 8.65
      vertex 13.3579 47.4547 8.65
    endloop
  endfacet
  facet normal 0 0 1
    outer loop
      vertex 6.7 45.1579 8.65
      vertex 13.4593 47.1763 8.65
      vertex 13.4025 47.3133 8.65
    endloop
  endfacet
  facet normal 0 0 1
    outer loop
      vertex 6.7 45.1579 8.65
      vertex 13.5278 47.0447 8.65
      vertex 13.4593 47.1763 8.65
    endloop
  endfacet
  facet normal 0 0 1
    outer loop
      vertex 6.7 45.1579 8.65
      vertex 13.6074 46.9197 8.65
      vertex 13.5278 47.0447 8.65
    endloop
  endfacet
  facet normal 0 0 1
    outer loop
      vertex 6.69353 45.0097 8.65
      vertex 13.6074 46.9197 8.65
      vertex 6.7 45.1579 8.65
    endloop
  endfacet
  facet normal 0 0 1
    outer loop
      vertex 13.6074 46.9197 8.65
      vertex 6.69353 45.0097 8.65
      vertex 13.6977 46.802 8.65
    endloop
  endfacet
  facet normal 0 0 1
    outer loop
      vertex 6.67417 44.8627 8.65
      vertex 13.6977 46.802 8.65
      vertex 6.69353 45.0097 8.65
    endloop
  endfacet
  facet normal 0 0 1
    outer loop
      vertex 13.6977 46.802 8.65
      vertex 6.67417 44.8627 8.65
      vertex 13.7979 46.6927 8.65
    endloop
  endfacet
  facet normal 0 0 1
    outer loop
      vertex 6.64207 44.7179 8.65
      vertex 13.7979 46.6927 8.65
      vertex 6.67417 44.8627 8.65
    endloop
  endfacet
  facet normal 0 0 1
    outer loop
      vertex 13.7979 46.6927 8.65
      vertex 6.64207 44.7179 8.65
      vertex 13.9073 46.5925 8.65
    endloop
  endfacet
  facet normal 0 0 1
    outer loop
      vertex 6.59748 44.5765 8.65
      vertex 13.9073 46.5925 8.65
      vertex 6.64207 44.7179 8.65
    endloop
  endfacet
  facet normal 0 0 1
    outer loop
      vertex 13.9073 46.5925 8.65
      vertex 6.59748 44.5765 8.65
      vertex 14.0249 46.5022 8.65
    endloop
  endfacet
  facet normal 0 0 1
    outer loop
      vertex 6.54072 44.4394 8.65
      vertex 14.0249 46.5022 8.65
      vertex 6.59748 44.5765 8.65
    endloop
  endfacet
  facet normal 0 0 1
    outer loop
      vertex 14.0249 46.5022 8.65
      vertex 6.54072 44.4394 8.65
      vertex 14.15 46.4225 8.65
    endloop
  endfacet
  facet normal 0 0 1
    outer loop
      vertex 6.47224 44.3079 8.65
      vertex 14.15 46.4225 8.65
      vertex 6.54072 44.4394 8.65
    endloop
  endfacet
  facet normal 0 0 1
    outer loop
      vertex 14.15 46.4225 8.65
      vertex 6.47224 44.3079 8.65
      vertex 14.2815 46.354 8.65
    endloop
  endfacet
  facet normal 0 0 1
    outer loop
      vertex 6.39256 44.1828 8.65
      vertex 14.2815 46.354 8.65
      vertex 6.47224 44.3079 8.65
    endloop
  endfacet
  facet normal 0 0 1
    outer loop
      vertex 14.2815 46.354 8.65
      vertex 6.39256 44.1828 8.65
      vertex 14.4186 46.2973 8.65
    endloop
  endfacet
  facet normal 0 0 1
    outer loop
      vertex 6.30227 44.0652 8.65
      vertex 14.4186 46.2973 8.65
      vertex 6.39256 44.1828 8.65
    endloop
  endfacet
  facet normal 0 0 1
    outer loop
      vertex 14.56 46.2527 8.65
      vertex 6.30227 44.0652 8.65
      vertex 6.20208 43.9558 8.65
    endloop
  endfacet
  facet normal 0 0 1
    outer loop
      vertex 14.7048 46.2206 8.65
      vertex 6.20208 43.9558 8.65
      vertex 6.09274 43.8556 8.65
    endloop
  endfacet
  facet normal 0 0 1
    outer loop
      vertex 14.8518 46.2012 8.65
      vertex 6.09274 43.8556 8.65
      vertex 5.97508 43.7653 8.65
    endloop
  endfacet
  facet normal 0 0 1
    outer loop
      vertex 14.8518 46.2012 8.65
      vertex 5.97508 43.7653 8.65
      vertex 1.58386 38.0023 8.65
    endloop
  endfacet
  facet normal 0 0 1
    outer loop
      vertex 1.58386 38.0023 8.65
      vertex 5.97508 43.7653 8.65
      vertex 5.85 43.6856 8.65
    endloop
  endfacet
  facet normal 0 0 1
    outer loop
      vertex 1.58386 38.0023 8.65
      vertex 5.85 43.6856 8.65
      vertex 5.71845 43.6172 8.65
    endloop
  endfacet
  facet normal 0 0 1
    outer loop
      vertex 1.58386 38.0023 8.65
      vertex 5.71845 43.6172 8.65
      vertex 5.58143 43.5604 8.65
    endloop
  endfacet
  facet normal 0 0 1
    outer loop
      vertex 1.58386 38.0023 8.65
      vertex 5.58143 43.5604 8.65
      vertex 5.43999 43.5158 8.65
    endloop
  endfacet
  facet normal 0 0 1
    outer loop
      vertex 1.58386 38.0023 8.65
      vertex 5.43999 43.5158 8.65
      vertex 5.2952 43.4837 8.65
    endloop
  endfacet
  facet normal 0 0 1
    outer loop
      vertex 1.58386 38.0023 8.65
      vertex 5.2952 43.4837 8.65
      vertex 5.14816 43.4644 8.65
    endloop
  endfacet
  facet normal 0 0 1
    outer loop
      vertex 1.58386 38.0023 8.65
      vertex 5.14816 43.4644 8.65
      vertex 5 43.4579 8.65
    endloop
  endfacet
  facet normal 0 0 1
    outer loop
      vertex 14.8518 46.2012 8.65
      vertex 1.58386 38.0023 8.65
      vertex 21.7839 43.5307 8.65
    endloop
  endfacet
  facet normal 0 0 1
    outer loop
      vertex 4.85183 43.4644 8.65
      vertex 1.58386 38.0023 8.65
      vertex 5 43.4579 8.65
    endloop
  endfacet
  facet normal 0 0 1
    outer loop
      vertex 4.7048 43.4837 8.65
      vertex 1.58386 38.0023 8.65
      vertex 4.85183 43.4644 8.65
    endloop
  endfacet
  facet normal 0 0 1
    outer loop
      vertex 4.56001 43.5158 8.65
      vertex 1.58386 38.0023 8.65
      vertex 4.7048 43.4837 8.65
    endloop
  endfacet
  facet normal 0 0 1
    outer loop
      vertex 4.41857 43.5604 8.65
      vertex 1.58386 38.0023 8.65
      vertex 4.56001 43.5158 8.65
    endloop
  endfacet
  facet normal 0 0 1
    outer loop
      vertex 4.28155 43.6172 8.65
      vertex 1.58386 38.0023 8.65
      vertex 4.41857 43.5604 8.65
    endloop
  endfacet
  facet normal 0 0 1
    outer loop
      vertex 4.15 43.6856 8.65
      vertex 1.58386 38.0023 8.65
      vertex 4.28155 43.6172 8.65
    endloop
  endfacet
  facet normal 0 0 1
    outer loop
      vertex 4.02492 43.7653 8.65
      vertex 1.58386 38.0023 8.65
      vertex 4.15 43.6856 8.65
    endloop
  endfacet
  facet normal 0 0 1
    outer loop
      vertex 3.90726 43.8556 8.65
      vertex 1.58386 38.0023 8.65
      vertex 4.02492 43.7653 8.65
    endloop
  endfacet
  facet normal 0 0 1
    outer loop
      vertex 3.79792 43.9558 8.65
      vertex 1.58386 38.0023 8.65
      vertex 3.90726 43.8556 8.65
    endloop
  endfacet
  facet normal 0 0 1
    outer loop
      vertex 3.69772 44.0652 8.65
      vertex 1.58386 38.0023 8.65
      vertex 3.79792 43.9558 8.65
    endloop
  endfacet
  facet normal 0 0 1
    outer loop
      vertex 3.60744 44.1828 8.65
      vertex 1.58386 38.0023 8.65
      vertex 3.69772 44.0652 8.65
    endloop
  endfacet
  facet normal 0 0 1
    outer loop
      vertex 3.52776 44.3079 8.65
      vertex 1.58386 38.0023 8.65
      vertex 3.60744 44.1828 8.65
    endloop
  endfacet
  facet normal 0 0 1
    outer loop
      vertex 3.45928 44.4394 8.65
      vertex 1.58386 38.0023 8.65
      vertex 3.52776 44.3079 8.65
    endloop
  endfacet
  facet normal 0 0 1
    outer loop
      vertex 3.40252 44.5765 8.65
      vertex 1.58386 38.0023 8.65
      vertex 3.45928 44.4394 8.65
    endloop
  endfacet
  facet normal 0 0 1
    outer loop
      vertex 3.35793 44.7179 8.65
      vertex 1.58386 38.0023 8.65
      vertex 3.40252 44.5765 8.65
    endloop
  endfacet
  facet normal 0 0 1
    outer loop
      vertex 3.32583 44.8627 8.65
      vertex 1.58386 38.0023 8.65
      vertex 3.35793 44.7179 8.65
    endloop
  endfacet
  facet normal 0 0 1
    outer loop
      vertex 3.30647 45.0097 8.65
      vertex 1.58386 38.0023 8.65
      vertex 3.32583 44.8627 8.65
    endloop
  endfacet
  facet normal 0 0 1
    outer loop
      vertex 1.58386 38.0023 8.65
      vertex 3.30647 45.0097 8.65
      vertex 3.3 45.1579 8.65
    endloop
  endfacet
  facet normal -0.95297 -0.303065 0
    outer loop
      vertex 199.642 -97.539 0
      vertex 199.597 -97.3975 18
      vertex 199.597 -97.3975 0
    endloop
  endfacet
  facet normal -0.95297 -0.303065 0
    outer loop
      vertex 199.597 -97.3975 18
      vertex 199.642 -97.539 0
      vertex 199.642 -97.539 18
    endloop
  endfacet
  facet normal -0.990883 -0.134722 0
    outer loop
      vertex 199.694 -97.8308 0
      vertex 199.674 -97.6837 18
      vertex 199.674 -97.6837 0
    endloop
  endfacet
  facet normal -0.990883 -0.134722 0
    outer loop
      vertex 199.674 -97.6837 18
      vertex 199.694 -97.8308 0
      vertex 199.694 -97.8308 18
    endloop
  endfacet
  facet normal -0.99918 -0.04048 0
    outer loop
      vertex 199.7 -97.9789 0
      vertex 199.694 -97.8308 18
      vertex 199.694 -97.8308 0
    endloop
  endfacet
  facet normal -0.99918 -0.04048 0
    outer loop
      vertex 199.694 -97.8308 18
      vertex 199.7 -97.9789 0
      vertex 199.7 -97.9789 18
    endloop
  endfacet
  facet normal -0.976409 -0.21593 0
    outer loop
      vertex 199.674 -97.6837 0
      vertex 199.642 -97.539 18
      vertex 199.642 -97.539 0
    endloop
  endfacet
  facet normal -0.976409 -0.21593 0
    outer loop
      vertex 199.642 -97.539 18
      vertex 199.674 -97.6837 0
      vertex 199.674 -97.6837 18
    endloop
  endfacet
  facet normal 0.216146 -0.976361 0
    outer loop
      vertex 197.56 -96.3369 0
      vertex 197.705 -96.3048 18
      vertex 197.56 -96.3369 18
    endloop
  endfacet
  facet normal 0.216146 -0.976361 0
    outer loop
      vertex 197.705 -96.3048 18
      vertex 197.56 -96.3369 0
      vertex 197.705 -96.3048 0
    endloop
  endfacet
  facet normal 0.130838 -0.991404 0
    outer loop
      vertex 197.705 -96.3048 0
      vertex 197.852 -96.2854 18
      vertex 197.705 -96.3048 18
    endloop
  endfacet
  facet normal 0.130838 -0.991404 0
    outer loop
      vertex 197.852 -96.2854 18
      vertex 197.705 -96.3048 0
      vertex 197.852 -96.2854 0
    endloop
  endfacet
  facet normal -0.845328 -0.534247 0
    outer loop
      vertex 199.472 -97.1289 0
      vertex 199.393 -97.0039 18
      vertex 199.393 -97.0039 0
    endloop
  endfacet
  facet normal -0.845328 -0.534247 0
    outer loop
      vertex 199.393 -97.0039 18
      vertex 199.472 -97.1289 0
      vertex 199.472 -97.1289 18
    endloop
  endfacet
  facet normal 0.460612 -0.887602 0
    outer loop
      vertex 197.15 -96.5067 0
      vertex 197.282 -96.4382 18
      vertex 197.15 -96.5067 18
    endloop
  endfacet
  facet normal 0.460612 -0.887602 0
    outer loop
      vertex 197.282 -96.4382 18
      vertex 197.15 -96.5067 0
      vertex 197.282 -96.4382 0
    endloop
  endfacet
  facet normal -0.999181 0.0404527 0
    outer loop
      vertex 199.694 -98.1271 0
      vertex 199.7 -97.9789 18
      vertex 199.7 -97.9789 0
    endloop
  endfacet
  facet normal -0.999181 0.0404527 0
    outer loop
      vertex 199.7 -97.9789 18
      vertex 199.694 -98.1271 0
      vertex 199.694 -98.1271 18
    endloop
  endfacet
  facet normal -0.382411 -0.923992 0
    outer loop
      vertex 198.581 -96.3815 0
      vertex 198.718 -96.4382 18
      vertex 198.581 -96.3815 18
    endloop
  endfacet
  facet normal -0.382411 -0.923992 -0
    outer loop
      vertex 198.718 -96.4382 18
      vertex 198.581 -96.3815 0
      vertex 198.718 -96.4382 0
    endloop
  endfacet
  facet normal -0.97644 0.215788 0
    outer loop
      vertex 199.642 -98.4189 0
      vertex 199.674 -98.2741 18
      vertex 199.674 -98.2741 0
    endloop
  endfacet
  facet normal -0.97644 0.215788 0
    outer loop
      vertex 199.674 -98.2741 18
      vertex 199.642 -98.4189 0
      vertex 199.642 -98.4189 18
    endloop
  endfacet
  facet normal 0.737798 0.675021 0
    outer loop
      vertex 196.798 -99.181 18
      vertex 196.698 -99.0717 0
      vertex 196.698 -99.0717 18
    endloop
  endfacet
  facet normal 0.737798 0.675021 0
    outer loop
      vertex 196.698 -99.0717 0
      vertex 196.798 -99.181 18
      vertex 196.798 -99.181 0
    endloop
  endfacet
  facet normal -0.885502 0.464636 0
    outer loop
      vertex 199.472 -98.8289 0
      vertex 199.541 -98.6974 18
      vertex 199.541 -98.6974 0
    endloop
  endfacet
  facet normal -0.885502 0.464636 0
    outer loop
      vertex 199.541 -98.6974 18
      vertex 199.472 -98.8289 0
      vertex 199.472 -98.8289 18
    endloop
  endfacet
  facet normal -0.216146 -0.976361 0
    outer loop
      vertex 198.295 -96.3048 0
      vertex 198.44 -96.3369 18
      vertex 198.295 -96.3048 18
    endloop
  endfacet
  facet normal -0.216146 -0.976361 -0
    outer loop
      vertex 198.44 -96.3369 18
      vertex 198.295 -96.3048 0
      vertex 198.44 -96.3369 0
    endloop
  endfacet
  facet normal -0.216146 0.976361 0
    outer loop
      vertex 198.44 -99.621 0
      vertex 198.295 -99.6531 18
      vertex 198.44 -99.621 18
    endloop
  endfacet
  facet normal -0.216146 0.976361 0
    outer loop
      vertex 198.295 -99.6531 18
      vertex 198.44 -99.621 0
      vertex 198.295 -99.6531 0
    endloop
  endfacet
  facet normal -0.301584 0.953439 0
    outer loop
      vertex 198.581 -99.5764 0
      vertex 198.44 -99.621 18
      vertex 198.581 -99.5764 18
    endloop
  endfacet
  facet normal -0.301584 0.953439 0
    outer loop
      vertex 198.44 -99.621 18
      vertex 198.581 -99.5764 0
      vertex 198.44 -99.621 0
    endloop
  endfacet
  facet normal -0.382411 0.923992 0
    outer loop
      vertex 198.718 -99.5197 0
      vertex 198.581 -99.5764 18
      vertex 198.718 -99.5197 18
    endloop
  endfacet
  facet normal -0.382411 0.923992 0
    outer loop
      vertex 198.581 -99.5764 18
      vertex 198.718 -99.5197 0
      vertex 198.581 -99.5764 0
    endloop
  endfacet
  facet normal -0.537617 0.843189 0
    outer loop
      vertex 198.975 -99.3715 0
      vertex 198.85 -99.4512 18
      vertex 198.975 -99.3715 18
    endloop
  endfacet
  facet normal -0.537617 0.843189 0
    outer loop
      vertex 198.85 -99.4512 18
      vertex 198.975 -99.3715 0
      vertex 198.85 -99.4512 0
    endloop
  endfacet
  facet normal -0.737798 0.675021 0
    outer loop
      vertex 199.202 -99.181 0
      vertex 199.302 -99.0717 18
      vertex 199.302 -99.0717 0
    endloop
  endfacet
  facet normal -0.737798 0.675021 0
    outer loop
      vertex 199.302 -99.0717 18
      vertex 199.202 -99.181 0
      vertex 199.202 -99.181 18
    endloop
  endfacet
  facet normal 0.885502 0.464636 0
    outer loop
      vertex 196.528 -98.8289 18
      vertex 196.459 -98.6974 0
      vertex 196.459 -98.6974 18
    endloop
  endfacet
  facet normal 0.885502 0.464636 0
    outer loop
      vertex 196.459 -98.6974 0
      vertex 196.528 -98.8289 18
      vertex 196.528 -98.8289 0
    endloop
  endfacet
  facet normal -0.737798 -0.675021 0
    outer loop
      vertex 199.302 -96.8862 0
      vertex 199.202 -96.7769 18
      vertex 199.202 -96.7769 0
    endloop
  endfacet
  facet normal -0.737798 -0.675021 0
    outer loop
      vertex 199.202 -96.7769 18
      vertex 199.302 -96.8862 0
      vertex 199.302 -96.8862 18
    endloop
  endfacet
  facet normal 0.382411 -0.923992 0
    outer loop
      vertex 197.282 -96.4382 0
      vertex 197.419 -96.3815 18
      vertex 197.282 -96.4382 18
    endloop
  endfacet
  facet normal 0.382411 -0.923992 0
    outer loop
      vertex 197.419 -96.3815 18
      vertex 197.282 -96.4382 0
      vertex 197.419 -96.3815 0
    endloop
  endfacet
  facet normal 0.0438766 -0.999037 0
    outer loop
      vertex 197.852 -96.2854 0
      vertex 198 -96.2789 18
      vertex 197.852 -96.2854 18
    endloop
  endfacet
  facet normal 0.0438766 -0.999037 0
    outer loop
      vertex 198 -96.2789 18
      vertex 197.852 -96.2854 0
      vertex 198 -96.2789 0
    endloop
  endfacet
  facet normal -0.130838 0.991404 0
    outer loop
      vertex 198.295 -99.6531 0
      vertex 198.148 -99.6725 18
      vertex 198.295 -99.6531 18
    endloop
  endfacet
  facet normal -0.130838 0.991404 0
    outer loop
      vertex 198.148 -99.6725 18
      vertex 198.295 -99.6531 0
      vertex 198.148 -99.6725 0
    endloop
  endfacet
  facet normal 0.976409 -0.21593 0
    outer loop
      vertex 196.326 -97.6837 18
      vertex 196.358 -97.539 0
      vertex 196.358 -97.539 18
    endloop
  endfacet
  facet normal 0.976409 -0.21593 0
    outer loop
      vertex 196.358 -97.539 0
      vertex 196.326 -97.6837 18
      vertex 196.326 -97.6837 0
    endloop
  endfacet
  facet normal 0.845521 0.533942 0
    outer loop
      vertex 196.607 -98.954 18
      vertex 196.528 -98.8289 0
      vertex 196.528 -98.8289 18
    endloop
  endfacet
  facet normal 0.845521 0.533942 0
    outer loop
      vertex 196.528 -98.8289 0
      vertex 196.607 -98.954 18
      vertex 196.607 -98.954 0
    endloop
  endfacet
  facet normal 0.885647 -0.464359 0
    outer loop
      vertex 196.459 -97.2605 18
      vertex 196.528 -97.1289 0
      vertex 196.528 -97.1289 18
    endloop
  endfacet
  facet normal 0.885647 -0.464359 0
    outer loop
      vertex 196.528 -97.1289 0
      vertex 196.459 -97.2605 18
      vertex 196.459 -97.2605 0
    endloop
  endfacet
  facet normal -0.925655 -0.37837 0
    outer loop
      vertex 199.597 -97.3975 0
      vertex 199.541 -97.2605 18
      vertex 199.541 -97.2605 0
    endloop
  endfacet
  facet normal -0.925655 -0.37837 0
    outer loop
      vertex 199.541 -97.2605 18
      vertex 199.597 -97.3975 0
      vertex 199.597 -97.3975 18
    endloop
  endfacet
  facet normal 0.791122 0.611658 0
    outer loop
      vertex 196.698 -99.0717 18
      vertex 196.607 -98.954 0
      vertex 196.607 -98.954 18
    endloop
  endfacet
  facet normal 0.791122 0.611658 0
    outer loop
      vertex 196.607 -98.954 0
      vertex 196.698 -99.0717 18
      vertex 196.698 -99.0717 0
    endloop
  endfacet
  facet normal -0.607725 -0.794148 0
    outer loop
      vertex 198.975 -96.5864 0
      vertex 199.093 -96.6767 18
      vertex 198.975 -96.5864 18
    endloop
  endfacet
  facet normal -0.607725 -0.794148 -0
    outer loop
      vertex 199.093 -96.6767 18
      vertex 198.975 -96.5864 0
      vertex 199.093 -96.6767 0
    endloop
  endfacet
  facet normal 0.537617 -0.843189 0
    outer loop
      vertex 197.025 -96.5864 0
      vertex 197.15 -96.5067 18
      vertex 197.025 -96.5864 18
    endloop
  endfacet
  facet normal 0.537617 -0.843189 0
    outer loop
      vertex 197.15 -96.5067 18
      vertex 197.025 -96.5864 0
      vertex 197.15 -96.5067 0
    endloop
  endfacet
  facet normal -0.925655 0.37837 0
    outer loop
      vertex 199.541 -98.6974 0
      vertex 199.597 -98.5604 18
      vertex 199.597 -98.5604 0
    endloop
  endfacet
  facet normal -0.925655 0.37837 0
    outer loop
      vertex 199.597 -98.5604 18
      vertex 199.541 -98.6974 0
      vertex 199.541 -98.6974 18
    endloop
  endfacet
  facet normal -0.791122 0.611658 0
    outer loop
      vertex 199.302 -99.0717 0
      vertex 199.393 -98.954 18
      vertex 199.393 -98.954 0
    endloop
  endfacet
  facet normal -0.791122 0.611658 0
    outer loop
      vertex 199.393 -98.954 18
      vertex 199.302 -99.0717 0
      vertex 199.302 -99.0717 18
    endloop
  endfacet
  facet normal -0.990871 0.134812 0
    outer loop
      vertex 199.674 -98.2741 0
      vertex 199.694 -98.1271 18
      vertex 199.694 -98.1271 0
    endloop
  endfacet
  facet normal -0.990871 0.134812 0
    outer loop
      vertex 199.694 -98.1271 18
      vertex 199.674 -98.2741 0
      vertex 199.674 -98.2741 18
    endloop
  endfacet
  facet normal 0.676764 0.7362 -0
    outer loop
      vertex 196.907 -99.2812 0
      vertex 196.798 -99.181 18
      vertex 196.907 -99.2812 18
    endloop
  endfacet
  facet normal 0.676764 0.7362 0
    outer loop
      vertex 196.798 -99.181 18
      vertex 196.907 -99.2812 0
      vertex 196.798 -99.181 0
    endloop
  endfacet
  facet normal -0.460612 -0.887602 0
    outer loop
      vertex 198.718 -96.4382 0
      vertex 198.85 -96.5067 18
      vertex 198.718 -96.4382 18
    endloop
  endfacet
  facet normal -0.460612 -0.887602 -0
    outer loop
      vertex 198.85 -96.5067 18
      vertex 198.718 -96.4382 0
      vertex 198.85 -96.5067 0
    endloop
  endfacet
  facet normal -0.537617 -0.843189 0
    outer loop
      vertex 198.85 -96.5067 0
      vertex 198.975 -96.5864 18
      vertex 198.85 -96.5067 18
    endloop
  endfacet
  facet normal -0.537617 -0.843189 -0
    outer loop
      vertex 198.975 -96.5864 18
      vertex 198.85 -96.5067 0
      vertex 198.975 -96.5864 0
    endloop
  endfacet
  facet normal 0.130838 0.991404 -0
    outer loop
      vertex 197.852 -99.6725 0
      vertex 197.705 -99.6531 18
      vertex 197.852 -99.6725 18
    endloop
  endfacet
  facet normal 0.130838 0.991404 0
    outer loop
      vertex 197.705 -99.6531 18
      vertex 197.852 -99.6725 0
      vertex 197.705 -99.6531 0
    endloop
  endfacet
  facet normal 0.301584 -0.953439 0
    outer loop
      vertex 197.419 -96.3815 0
      vertex 197.56 -96.3369 18
      vertex 197.419 -96.3815 18
    endloop
  endfacet
  facet normal 0.301584 -0.953439 0
    outer loop
      vertex 197.56 -96.3369 18
      vertex 197.419 -96.3815 0
      vertex 197.56 -96.3369 0
    endloop
  endfacet
  facet normal -0.885647 -0.464359 0
    outer loop
      vertex 199.541 -97.2605 0
      vertex 199.472 -97.1289 18
      vertex 199.472 -97.1289 0
    endloop
  endfacet
  facet normal -0.885647 -0.464359 0
    outer loop
      vertex 199.472 -97.1289 18
      vertex 199.541 -97.2605 0
      vertex 199.541 -97.2605 18
    endloop
  endfacet
  facet normal -0.95297 0.303065 0
    outer loop
      vertex 199.597 -98.5604 0
      vertex 199.642 -98.4189 18
      vertex 199.642 -98.4189 0
    endloop
  endfacet
  facet normal -0.95297 0.303065 0
    outer loop
      vertex 199.642 -98.4189 18
      vertex 199.597 -98.5604 0
      vertex 199.597 -98.5604 18
    endloop
  endfacet
  facet normal -0.460612 0.887602 0
    outer loop
      vertex 198.85 -99.4512 0
      vertex 198.718 -99.5197 18
      vertex 198.85 -99.4512 18
    endloop
  endfacet
  facet normal -0.460612 0.887602 0
    outer loop
      vertex 198.718 -99.5197 18
      vertex 198.85 -99.4512 0
      vertex 198.718 -99.5197 0
    endloop
  endfacet
  facet normal 0.607725 -0.794148 0
    outer loop
      vertex 196.907 -96.6767 0
      vertex 197.025 -96.5864 18
      vertex 196.907 -96.6767 18
    endloop
  endfacet
  facet normal 0.607725 -0.794148 0
    outer loop
      vertex 197.025 -96.5864 18
      vertex 196.907 -96.6767 0
      vertex 197.025 -96.5864 0
    endloop
  endfacet
  facet normal -0.0438766 -0.999037 0
    outer loop
      vertex 198 -96.2789 0
      vertex 198.148 -96.2854 18
      vertex 198 -96.2789 18
    endloop
  endfacet
  facet normal -0.0438766 -0.999037 -0
    outer loop
      vertex 198.148 -96.2854 18
      vertex 198 -96.2789 0
      vertex 198.148 -96.2854 0
    endloop
  endfacet
  facet normal 0.95297 -0.303065 0
    outer loop
      vertex 196.358 -97.539 18
      vertex 196.403 -97.3975 0
      vertex 196.403 -97.3975 18
    endloop
  endfacet
  facet normal 0.95297 -0.303065 0
    outer loop
      vertex 196.403 -97.3975 0
      vertex 196.358 -97.539 18
      vertex 196.358 -97.539 0
    endloop
  endfacet
  facet normal 0.97644 0.215788 0
    outer loop
      vertex 196.358 -98.4189 18
      vertex 196.326 -98.2741 0
      vertex 196.326 -98.2741 18
    endloop
  endfacet
  facet normal 0.97644 0.215788 0
    outer loop
      vertex 196.326 -98.2741 0
      vertex 196.358 -98.4189 18
      vertex 196.358 -98.4189 0
    endloop
  endfacet
  facet normal 0.676764 -0.7362 0
    outer loop
      vertex 196.798 -96.7769 0
      vertex 196.907 -96.6767 18
      vertex 196.798 -96.7769 18
    endloop
  endfacet
  facet normal 0.676764 -0.7362 0
    outer loop
      vertex 196.907 -96.6767 18
      vertex 196.798 -96.7769 0
      vertex 196.907 -96.6767 0
    endloop
  endfacet
  facet normal 0.460612 0.887602 -0
    outer loop
      vertex 197.282 -99.5197 0
      vertex 197.15 -99.4512 18
      vertex 197.282 -99.5197 18
    endloop
  endfacet
  facet normal 0.460612 0.887602 0
    outer loop
      vertex 197.15 -99.4512 18
      vertex 197.282 -99.5197 0
      vertex 197.15 -99.4512 0
    endloop
  endfacet
  facet normal 0.95297 0.303065 0
    outer loop
      vertex 196.403 -98.5604 18
      vertex 196.358 -98.4189 0
      vertex 196.358 -98.4189 18
    endloop
  endfacet
  facet normal 0.95297 0.303065 0
    outer loop
      vertex 196.358 -98.4189 0
      vertex 196.403 -98.5604 18
      vertex 196.403 -98.5604 0
    endloop
  endfacet
  facet normal 0.990883 -0.134722 0
    outer loop
      vertex 196.306 -97.8308 18
      vertex 196.326 -97.6837 0
      vertex 196.326 -97.6837 18
    endloop
  endfacet
  facet normal 0.990883 -0.134722 0
    outer loop
      vertex 196.326 -97.6837 0
      vertex 196.306 -97.8308 18
      vertex 196.306 -97.8308 0
    endloop
  endfacet
  facet normal -0.0432029 0.999066 0
    outer loop
      vertex 198.148 -99.6725 0
      vertex 198 -99.6789 18
      vertex 198.148 -99.6725 18
    endloop
  endfacet
  facet normal -0.0432029 0.999066 0
    outer loop
      vertex 198 -99.6789 18
      vertex 198.148 -99.6725 0
      vertex 198 -99.6789 0
    endloop
  endfacet
  facet normal 0.607725 0.794148 -0
    outer loop
      vertex 197.025 -99.3715 0
      vertex 196.907 -99.2812 18
      vertex 197.025 -99.3715 18
    endloop
  endfacet
  facet normal 0.607725 0.794148 0
    outer loop
      vertex 196.907 -99.2812 18
      vertex 197.025 -99.3715 0
      vertex 196.907 -99.2812 0
    endloop
  endfacet
  facet normal 0.999181 0.0404527 0
    outer loop
      vertex 196.306 -98.1271 18
      vertex 196.3 -97.9789 0
      vertex 196.3 -97.9789 18
    endloop
  endfacet
  facet normal 0.999181 0.0404527 0
    outer loop
      vertex 196.3 -97.9789 0
      vertex 196.306 -98.1271 18
      vertex 196.306 -98.1271 0
    endloop
  endfacet
  facet normal 0.925655 0.37837 0
    outer loop
      vertex 196.459 -98.6974 18
      vertex 196.403 -98.5604 0
      vertex 196.403 -98.5604 18
    endloop
  endfacet
  facet normal 0.925655 0.37837 0
    outer loop
      vertex 196.403 -98.5604 0
      vertex 196.459 -98.6974 18
      vertex 196.459 -98.6974 0
    endloop
  endfacet
  facet normal 0.925655 -0.37837 0
    outer loop
      vertex 196.403 -97.3975 18
      vertex 196.459 -97.2605 0
      vertex 196.459 -97.2605 18
    endloop
  endfacet
  facet normal 0.925655 -0.37837 0
    outer loop
      vertex 196.459 -97.2605 0
      vertex 196.403 -97.3975 18
      vertex 196.403 -97.3975 0
    endloop
  endfacet
  facet normal -0.676764 -0.7362 0
    outer loop
      vertex 199.093 -96.6767 0
      vertex 199.202 -96.7769 18
      vertex 199.093 -96.6767 18
    endloop
  endfacet
  facet normal -0.676764 -0.7362 -0
    outer loop
      vertex 199.202 -96.7769 18
      vertex 199.093 -96.6767 0
      vertex 199.202 -96.7769 0
    endloop
  endfacet
  facet normal -0.676764 0.7362 0
    outer loop
      vertex 199.202 -99.181 0
      vertex 199.093 -99.2812 18
      vertex 199.202 -99.181 18
    endloop
  endfacet
  facet normal -0.676764 0.7362 0
    outer loop
      vertex 199.093 -99.2812 18
      vertex 199.202 -99.181 0
      vertex 199.093 -99.2812 0
    endloop
  endfacet
  facet normal -0.301584 -0.953439 0
    outer loop
      vertex 198.44 -96.3369 0
      vertex 198.581 -96.3815 18
      vertex 198.44 -96.3369 18
    endloop
  endfacet
  facet normal -0.301584 -0.953439 -0
    outer loop
      vertex 198.581 -96.3815 18
      vertex 198.44 -96.3369 0
      vertex 198.581 -96.3815 0
    endloop
  endfacet
  facet normal -0.607725 0.794148 0
    outer loop
      vertex 199.093 -99.2812 0
      vertex 198.975 -99.3715 18
      vertex 199.093 -99.2812 18
    endloop
  endfacet
  facet normal -0.607725 0.794148 0
    outer loop
      vertex 198.975 -99.3715 18
      vertex 199.093 -99.2812 0
      vertex 198.975 -99.3715 0
    endloop
  endfacet
  facet normal 0.382411 0.923992 -0
    outer loop
      vertex 197.419 -99.5764 0
      vertex 197.282 -99.5197 18
      vertex 197.419 -99.5764 18
    endloop
  endfacet
  facet normal 0.382411 0.923992 0
    outer loop
      vertex 197.282 -99.5197 18
      vertex 197.419 -99.5764 0
      vertex 197.282 -99.5197 0
    endloop
  endfacet
  facet normal 0.99918 -0.04048 0
    outer loop
      vertex 196.3 -97.9789 18
      vertex 196.306 -97.8308 0
      vertex 196.306 -97.8308 18
    endloop
  endfacet
  facet normal 0.99918 -0.04048 0
    outer loop
      vertex 196.306 -97.8308 0
      vertex 196.3 -97.9789 18
      vertex 196.3 -97.9789 0
    endloop
  endfacet
  facet normal 0.0432029 0.999066 -0
    outer loop
      vertex 198 -99.6789 0
      vertex 197.852 -99.6725 18
      vertex 198 -99.6789 18
    endloop
  endfacet
  facet normal 0.0432029 0.999066 0
    outer loop
      vertex 197.852 -99.6725 18
      vertex 198 -99.6789 0
      vertex 197.852 -99.6725 0
    endloop
  endfacet
  facet normal -0.791122 -0.611658 0
    outer loop
      vertex 199.393 -97.0039 0
      vertex 199.302 -96.8862 18
      vertex 199.302 -96.8862 0
    endloop
  endfacet
  facet normal -0.791122 -0.611658 0
    outer loop
      vertex 199.302 -96.8862 18
      vertex 199.393 -97.0039 0
      vertex 199.393 -97.0039 18
    endloop
  endfacet
  facet normal 0.216146 0.976361 -0
    outer loop
      vertex 197.705 -99.6531 0
      vertex 197.56 -99.621 18
      vertex 197.705 -99.6531 18
    endloop
  endfacet
  facet normal 0.216146 0.976361 0
    outer loop
      vertex 197.56 -99.621 18
      vertex 197.705 -99.6531 0
      vertex 197.56 -99.621 0
    endloop
  endfacet
  facet normal 0.737798 -0.675021 0
    outer loop
      vertex 196.698 -96.8862 18
      vertex 196.798 -96.7769 0
      vertex 196.798 -96.7769 18
    endloop
  endfacet
  facet normal 0.737798 -0.675021 0
    outer loop
      vertex 196.798 -96.7769 0
      vertex 196.698 -96.8862 18
      vertex 196.698 -96.8862 0
    endloop
  endfacet
  facet normal 0.990871 0.134812 0
    outer loop
      vertex 196.326 -98.2741 18
      vertex 196.306 -98.1271 0
      vertex 196.306 -98.1271 18
    endloop
  endfacet
  facet normal 0.990871 0.134812 0
    outer loop
      vertex 196.306 -98.1271 0
      vertex 196.326 -98.2741 18
      vertex 196.326 -98.2741 0
    endloop
  endfacet
  facet normal -0.845521 0.533942 0
    outer loop
      vertex 199.393 -98.954 0
      vertex 199.472 -98.8289 18
      vertex 199.472 -98.8289 0
    endloop
  endfacet
  facet normal -0.845521 0.533942 0
    outer loop
      vertex 199.472 -98.8289 18
      vertex 199.393 -98.954 0
      vertex 199.393 -98.954 18
    endloop
  endfacet
  facet normal -0.130838 -0.991404 0
    outer loop
      vertex 198.148 -96.2854 0
      vertex 198.295 -96.3048 18
      vertex 198.148 -96.2854 18
    endloop
  endfacet
  facet normal -0.130838 -0.991404 -0
    outer loop
      vertex 198.295 -96.3048 18
      vertex 198.148 -96.2854 0
      vertex 198.295 -96.3048 0
    endloop
  endfacet
  facet normal 0.791122 -0.611658 0
    outer loop
      vertex 196.607 -97.0039 18
      vertex 196.698 -96.8862 0
      vertex 196.698 -96.8862 18
    endloop
  endfacet
  facet normal 0.791122 -0.611658 0
    outer loop
      vertex 196.698 -96.8862 0
      vertex 196.607 -97.0039 18
      vertex 196.607 -97.0039 0
    endloop
  endfacet
  facet normal 0.537617 0.843189 -0
    outer loop
      vertex 197.15 -99.4512 0
      vertex 197.025 -99.3715 18
      vertex 197.15 -99.4512 18
    endloop
  endfacet
  facet normal 0.537617 0.843189 0
    outer loop
      vertex 197.025 -99.3715 18
      vertex 197.15 -99.4512 0
      vertex 197.025 -99.3715 0
    endloop
  endfacet
  facet normal 0.845328 -0.534247 0
    outer loop
      vertex 196.528 -97.1289 18
      vertex 196.607 -97.0039 0
      vertex 196.607 -97.0039 18
    endloop
  endfacet
  facet normal 0.845328 -0.534247 0
    outer loop
      vertex 196.607 -97.0039 0
      vertex 196.528 -97.1289 18
      vertex 196.528 -97.1289 0
    endloop
  endfacet
  facet normal 0.301584 0.953439 -0
    outer loop
      vertex 197.56 -99.621 0
      vertex 197.419 -99.5764 18
      vertex 197.56 -99.621 18
    endloop
  endfacet
  facet normal 0.301584 0.953439 0
    outer loop
      vertex 197.419 -99.5764 18
      vertex 197.56 -99.621 0
      vertex 197.419 -99.5764 0
    endloop
  endfacet
  facet normal -0.301584 -0.953439 0
    outer loop
      vertex 198.44 99.621 0
      vertex 198.581 99.5764 18
      vertex 198.44 99.621 18
    endloop
  endfacet
  facet normal -0.301584 -0.953439 -0
    outer loop
      vertex 198.581 99.5764 18
      vertex 198.44 99.621 0
      vertex 198.581 99.5764 0
    endloop
  endfacet
  facet normal -0.990871 -0.134812 0
    outer loop
      vertex 199.694 98.1271 0
      vertex 199.674 98.2741 18
      vertex 199.674 98.2741 0
    endloop
  endfacet
  facet normal -0.990871 -0.134812 0
    outer loop
      vertex 199.674 98.2741 18
      vertex 199.694 98.1271 0
      vertex 199.694 98.1271 18
    endloop
  endfacet
  facet normal -0.999181 -0.0404527 0
    outer loop
      vertex 199.7 97.9789 0
      vertex 199.694 98.1271 18
      vertex 199.694 98.1271 0
    endloop
  endfacet
  facet normal -0.999181 -0.0404527 0
    outer loop
      vertex 199.694 98.1271 18
      vertex 199.7 97.9789 0
      vertex 199.7 97.9789 18
    endloop
  endfacet
  facet normal -0.97644 -0.215788 0
    outer loop
      vertex 199.674 98.2741 0
      vertex 199.642 98.4189 18
      vertex 199.642 98.4189 0
    endloop
  endfacet
  facet normal -0.97644 -0.215788 0
    outer loop
      vertex 199.642 98.4189 18
      vertex 199.674 98.2741 0
      vertex 199.674 98.2741 18
    endloop
  endfacet
  facet normal -0.676764 -0.7362 0
    outer loop
      vertex 199.093 99.2812 0
      vertex 199.202 99.181 18
      vertex 199.093 99.2812 18
    endloop
  endfacet
  facet normal -0.676764 -0.7362 -0
    outer loop
      vertex 199.202 99.181 18
      vertex 199.093 99.2812 0
      vertex 199.202 99.181 0
    endloop
  endfacet
  facet normal 0.791122 -0.611658 0
    outer loop
      vertex 196.607 98.954 18
      vertex 196.698 99.0717 0
      vertex 196.698 99.0717 18
    endloop
  endfacet
  facet normal 0.791122 -0.611658 0
    outer loop
      vertex 196.698 99.0717 0
      vertex 196.607 98.954 18
      vertex 196.607 98.954 0
    endloop
  endfacet
  facet normal -0.845521 -0.533942 0
    outer loop
      vertex 199.472 98.8289 0
      vertex 199.393 98.954 18
      vertex 199.393 98.954 0
    endloop
  endfacet
  facet normal -0.845521 -0.533942 0
    outer loop
      vertex 199.393 98.954 18
      vertex 199.472 98.8289 0
      vertex 199.472 98.8289 18
    endloop
  endfacet
  facet normal -0.99918 0.04048 0
    outer loop
      vertex 199.694 97.8308 0
      vertex 199.7 97.9789 18
      vertex 199.7 97.9789 0
    endloop
  endfacet
  facet normal -0.99918 0.04048 0
    outer loop
      vertex 199.7 97.9789 18
      vertex 199.694 97.8308 0
      vertex 199.694 97.8308 18
    endloop
  endfacet
  facet normal -0.130838 -0.991404 0
    outer loop
      vertex 198.148 99.6725 0
      vertex 198.295 99.6531 18
      vertex 198.148 99.6725 18
    endloop
  endfacet
  facet normal -0.130838 -0.991404 -0
    outer loop
      vertex 198.295 99.6531 18
      vertex 198.148 99.6725 0
      vertex 198.295 99.6531 0
    endloop
  endfacet
  facet normal 0.216146 -0.976361 0
    outer loop
      vertex 197.56 99.621 0
      vertex 197.705 99.6531 18
      vertex 197.56 99.621 18
    endloop
  endfacet
  facet normal 0.216146 -0.976361 0
    outer loop
      vertex 197.705 99.6531 18
      vertex 197.56 99.621 0
      vertex 197.705 99.6531 0
    endloop
  endfacet
  facet normal -0.0432029 -0.999066 0
    outer loop
      vertex 198 99.6789 0
      vertex 198.148 99.6725 18
      vertex 198 99.6789 18
    endloop
  endfacet
  facet normal -0.0432029 -0.999066 -0
    outer loop
      vertex 198.148 99.6725 18
      vertex 198 99.6789 0
      vertex 198.148 99.6725 0
    endloop
  endfacet
  facet normal 0.301584 -0.953439 0
    outer loop
      vertex 197.419 99.5764 0
      vertex 197.56 99.621 18
      vertex 197.419 99.5764 18
    endloop
  endfacet
  facet normal 0.301584 -0.953439 0
    outer loop
      vertex 197.56 99.621 18
      vertex 197.419 99.5764 0
      vertex 197.56 99.621 0
    endloop
  endfacet
  facet normal -0.885647 0.464359 0
    outer loop
      vertex 199.472 97.1289 0
      vertex 199.541 97.2605 18
      vertex 199.541 97.2605 0
    endloop
  endfacet
  facet normal -0.885647 0.464359 0
    outer loop
      vertex 199.541 97.2605 18
      vertex 199.472 97.1289 0
      vertex 199.472 97.1289 18
    endloop
  endfacet
  facet normal -0.607725 -0.794148 0
    outer loop
      vertex 198.975 99.3715 0
      vertex 199.093 99.2812 18
      vertex 198.975 99.3715 18
    endloop
  endfacet
  facet normal -0.607725 -0.794148 -0
    outer loop
      vertex 199.093 99.2812 18
      vertex 198.975 99.3715 0
      vertex 199.093 99.2812 0
    endloop
  endfacet
  facet normal -0.976409 0.21593 0
    outer loop
      vertex 199.642 97.539 0
      vertex 199.674 97.6837 18
      vertex 199.674 97.6837 0
    endloop
  endfacet
  facet normal -0.976409 0.21593 0
    outer loop
      vertex 199.674 97.6837 18
      vertex 199.642 97.539 0
      vertex 199.642 97.539 18
    endloop
  endfacet
  facet normal 0.0432029 -0.999066 0
    outer loop
      vertex 197.852 99.6725 0
      vertex 198 99.6789 18
      vertex 197.852 99.6725 18
    endloop
  endfacet
  facet normal 0.0432029 -0.999066 0
    outer loop
      vertex 198 99.6789 18
      vertex 197.852 99.6725 0
      vertex 198 99.6789 0
    endloop
  endfacet
  facet normal 0.845328 0.534247 0
    outer loop
      vertex 196.607 97.0039 18
      vertex 196.528 97.1289 0
      vertex 196.528 97.1289 18
    endloop
  endfacet
  facet normal 0.845328 0.534247 0
    outer loop
      vertex 196.528 97.1289 0
      vertex 196.607 97.0039 18
      vertex 196.607 97.0039 0
    endloop
  endfacet
  facet normal 0.95297 -0.303065 0
    outer loop
      vertex 196.358 98.4189 18
      vertex 196.403 98.5604 0
      vertex 196.403 98.5604 18
    endloop
  endfacet
  facet normal 0.95297 -0.303065 0
    outer loop
      vertex 196.403 98.5604 0
      vertex 196.358 98.4189 18
      vertex 196.358 98.4189 0
    endloop
  endfacet
  facet normal 0.537617 -0.843189 0
    outer loop
      vertex 197.025 99.3715 0
      vertex 197.15 99.4512 18
      vertex 197.025 99.3715 18
    endloop
  endfacet
  facet normal 0.537617 -0.843189 0
    outer loop
      vertex 197.15 99.4512 18
      vertex 197.025 99.3715 0
      vertex 197.15 99.4512 0
    endloop
  endfacet
  facet normal -0.791122 -0.611658 0
    outer loop
      vertex 199.393 98.954 0
      vertex 199.302 99.0717 18
      vertex 199.302 99.0717 0
    endloop
  endfacet
  facet normal -0.791122 -0.611658 0
    outer loop
      vertex 199.302 99.0717 18
      vertex 199.393 98.954 0
      vertex 199.393 98.954 18
    endloop
  endfacet
  facet normal 0.0438766 0.999037 -0
    outer loop
      vertex 198 96.2789 0
      vertex 197.852 96.2854 18
      vertex 198 96.2789 18
    endloop
  endfacet
  facet normal 0.0438766 0.999037 0
    outer loop
      vertex 197.852 96.2854 18
      vertex 198 96.2789 0
      vertex 197.852 96.2854 0
    endloop
  endfacet
  facet normal -0.216146 0.976361 0
    outer loop
      vertex 198.44 96.3369 0
      vertex 198.295 96.3048 18
      vertex 198.44 96.3369 18
    endloop
  endfacet
  facet normal -0.216146 0.976361 0
    outer loop
      vertex 198.295 96.3048 18
      vertex 198.44 96.3369 0
      vertex 198.295 96.3048 0
    endloop
  endfacet
  facet normal 0.130838 -0.991404 0
    outer loop
      vertex 197.705 99.6531 0
      vertex 197.852 99.6725 18
      vertex 197.705 99.6531 18
    endloop
  endfacet
  facet normal 0.130838 -0.991404 0
    outer loop
      vertex 197.852 99.6725 18
      vertex 197.705 99.6531 0
      vertex 197.852 99.6725 0
    endloop
  endfacet
  facet normal -0.130838 0.991404 0
    outer loop
      vertex 198.295 96.3048 0
      vertex 198.148 96.2854 18
      vertex 198.295 96.3048 18
    endloop
  endfacet
  facet normal -0.130838 0.991404 0
    outer loop
      vertex 198.148 96.2854 18
      vertex 198.295 96.3048 0
      vertex 198.148 96.2854 0
    endloop
  endfacet
  facet normal 0.460612 0.887602 -0
    outer loop
      vertex 197.282 96.4382 0
      vertex 197.15 96.5067 18
      vertex 197.282 96.4382 18
    endloop
  endfacet
  facet normal 0.460612 0.887602 0
    outer loop
      vertex 197.15 96.5067 18
      vertex 197.282 96.4382 0
      vertex 197.15 96.5067 0
    endloop
  endfacet
  facet normal -0.676764 0.7362 0
    outer loop
      vertex 199.202 96.7769 0
      vertex 199.093 96.6767 18
      vertex 199.202 96.7769 18
    endloop
  endfacet
  facet normal -0.676764 0.7362 0
    outer loop
      vertex 199.093 96.6767 18
      vertex 199.202 96.7769 0
      vertex 199.093 96.6767 0
    endloop
  endfacet
  facet normal -0.791122 0.611658 0
    outer loop
      vertex 199.302 96.8862 0
      vertex 199.393 97.0039 18
      vertex 199.393 97.0039 0
    endloop
  endfacet
  facet normal -0.791122 0.611658 0
    outer loop
      vertex 199.393 97.0039 18
      vertex 199.302 96.8862 0
      vertex 199.302 96.8862 18
    endloop
  endfacet
  facet normal -0.0438766 0.999037 0
    outer loop
      vertex 198.148 96.2854 0
      vertex 198 96.2789 18
      vertex 198.148 96.2854 18
    endloop
  endfacet
  facet normal -0.0438766 0.999037 0
    outer loop
      vertex 198 96.2789 18
      vertex 198.148 96.2854 0
      vertex 198 96.2789 0
    endloop
  endfacet
  facet normal -0.460612 0.887602 0
    outer loop
      vertex 198.85 96.5067 0
      vertex 198.718 96.4382 18
      vertex 198.85 96.5067 18
    endloop
  endfacet
  facet normal -0.460612 0.887602 0
    outer loop
      vertex 198.718 96.4382 18
      vertex 198.85 96.5067 0
      vertex 198.718 96.4382 0
    endloop
  endfacet
  facet normal -0.607725 0.794148 0
    outer loop
      vertex 199.093 96.6767 0
      vertex 198.975 96.5864 18
      vertex 199.093 96.6767 18
    endloop
  endfacet
  facet normal -0.607725 0.794148 0
    outer loop
      vertex 198.975 96.5864 18
      vertex 199.093 96.6767 0
      vertex 198.975 96.5864 0
    endloop
  endfacet
  facet normal -0.382411 -0.923992 0
    outer loop
      vertex 198.581 99.5764 0
      vertex 198.718 99.5197 18
      vertex 198.581 99.5764 18
    endloop
  endfacet
  facet normal -0.382411 -0.923992 -0
    outer loop
      vertex 198.718 99.5197 18
      vertex 198.581 99.5764 0
      vertex 198.718 99.5197 0
    endloop
  endfacet
  facet normal -0.925655 0.37837 0
    outer loop
      vertex 199.541 97.2605 0
      vertex 199.597 97.3975 18
      vertex 199.597 97.3975 0
    endloop
  endfacet
  facet normal -0.925655 0.37837 0
    outer loop
      vertex 199.597 97.3975 18
      vertex 199.541 97.2605 0
      vertex 199.541 97.2605 18
    endloop
  endfacet
  facet normal 0.382411 -0.923992 0
    outer loop
      vertex 197.282 99.5197 0
      vertex 197.419 99.5764 18
      vertex 197.282 99.5197 18
    endloop
  endfacet
  facet normal 0.382411 -0.923992 0
    outer loop
      vertex 197.419 99.5764 18
      vertex 197.282 99.5197 0
      vertex 197.419 99.5764 0
    endloop
  endfacet
  facet normal 0.925655 0.37837 0
    outer loop
      vertex 196.459 97.2605 18
      vertex 196.403 97.3975 0
      vertex 196.403 97.3975 18
    endloop
  endfacet
  facet normal 0.925655 0.37837 0
    outer loop
      vertex 196.403 97.3975 0
      vertex 196.459 97.2605 18
      vertex 196.459 97.2605 0
    endloop
  endfacet
  facet normal 0.737798 -0.675021 0
    outer loop
      vertex 196.698 99.0717 18
      vertex 196.798 99.181 0
      vertex 196.798 99.181 18
    endloop
  endfacet
  facet normal 0.737798 -0.675021 0
    outer loop
      vertex 196.798 99.181 0
      vertex 196.698 99.0717 18
      vertex 196.698 99.0717 0
    endloop
  endfacet
  facet normal 0.976409 0.21593 0
    outer loop
      vertex 196.358 97.539 18
      vertex 196.326 97.6837 0
      vertex 196.326 97.6837 18
    endloop
  endfacet
  facet normal 0.976409 0.21593 0
    outer loop
      vertex 196.326 97.6837 0
      vertex 196.358 97.539 18
      vertex 196.358 97.539 0
    endloop
  endfacet
  facet normal -0.95297 -0.303065 0
    outer loop
      vertex 199.642 98.4189 0
      vertex 199.597 98.5604 18
      vertex 199.597 98.5604 0
    endloop
  endfacet
  facet normal -0.95297 -0.303065 0
    outer loop
      vertex 199.597 98.5604 18
      vertex 199.642 98.4189 0
      vertex 199.642 98.4189 18
    endloop
  endfacet
  facet normal 0.607725 -0.794148 0
    outer loop
      vertex 196.907 99.2812 0
      vertex 197.025 99.3715 18
      vertex 196.907 99.2812 18
    endloop
  endfacet
  facet normal 0.607725 -0.794148 0
    outer loop
      vertex 197.025 99.3715 18
      vertex 196.907 99.2812 0
      vertex 197.025 99.3715 0
    endloop
  endfacet
  facet normal -0.925655 -0.37837 0
    outer loop
      vertex 199.597 98.5604 0
      vertex 199.541 98.6974 18
      vertex 199.541 98.6974 0
    endloop
  endfacet
  facet normal -0.925655 -0.37837 0
    outer loop
      vertex 199.541 98.6974 18
      vertex 199.597 98.5604 0
      vertex 199.597 98.5604 18
    endloop
  endfacet
  facet normal 0.925655 -0.37837 0
    outer loop
      vertex 196.403 98.5604 18
      vertex 196.459 98.6974 0
      vertex 196.459 98.6974 18
    endloop
  endfacet
  facet normal 0.925655 -0.37837 0
    outer loop
      vertex 196.459 98.6974 0
      vertex 196.403 98.5604 18
      vertex 196.403 98.5604 0
    endloop
  endfacet
  facet normal -0.990883 0.134722 0
    outer loop
      vertex 199.674 97.6837 0
      vertex 199.694 97.8308 18
      vertex 199.694 97.8308 0
    endloop
  endfacet
  facet normal -0.990883 0.134722 0
    outer loop
      vertex 199.694 97.8308 18
      vertex 199.674 97.6837 0
      vertex 199.674 97.6837 18
    endloop
  endfacet
  facet normal -0.885502 -0.464636 0
    outer loop
      vertex 199.541 98.6974 0
      vertex 199.472 98.8289 18
      vertex 199.472 98.8289 0
    endloop
  endfacet
  facet normal -0.885502 -0.464636 0
    outer loop
      vertex 199.472 98.8289 18
      vertex 199.541 98.6974 0
      vertex 199.541 98.6974 18
    endloop
  endfacet
  facet normal 0.676764 0.7362 -0
    outer loop
      vertex 196.907 96.6767 0
      vertex 196.798 96.7769 18
      vertex 196.907 96.6767 18
    endloop
  endfacet
  facet normal 0.676764 0.7362 0
    outer loop
      vertex 196.798 96.7769 18
      vertex 196.907 96.6767 0
      vertex 196.798 96.7769 0
    endloop
  endfacet
  facet normal 0.460612 -0.887602 0
    outer loop
      vertex 197.15 99.4512 0
      vertex 197.282 99.5197 18
      vertex 197.15 99.4512 18
    endloop
  endfacet
  facet normal 0.460612 -0.887602 0
    outer loop
      vertex 197.282 99.5197 18
      vertex 197.15 99.4512 0
      vertex 197.282 99.5197 0
    endloop
  endfacet
  facet normal -0.537617 -0.843189 0
    outer loop
      vertex 198.85 99.4512 0
      vertex 198.975 99.3715 18
      vertex 198.85 99.4512 18
    endloop
  endfacet
  facet normal -0.537617 -0.843189 -0
    outer loop
      vertex 198.975 99.3715 18
      vertex 198.85 99.4512 0
      vertex 198.975 99.3715 0
    endloop
  endfacet
  facet normal 0.216146 0.976361 -0
    outer loop
      vertex 197.705 96.3048 0
      vertex 197.56 96.3369 18
      vertex 197.705 96.3048 18
    endloop
  endfacet
  facet normal 0.216146 0.976361 0
    outer loop
      vertex 197.56 96.3369 18
      vertex 197.705 96.3048 0
      vertex 197.56 96.3369 0
    endloop
  endfacet
  facet normal 0.99918 0.04048 0
    outer loop
      vertex 196.306 97.8308 18
      vertex 196.3 97.9789 0
      vertex 196.3 97.9789 18
    endloop
  endfacet
  facet normal 0.99918 0.04048 0
    outer loop
      vertex 196.3 97.9789 0
      vertex 196.306 97.8308 18
      vertex 196.306 97.8308 0
    endloop
  endfacet
  facet normal 0.885502 -0.464636 0
    outer loop
      vertex 196.459 98.6974 18
      vertex 196.528 98.8289 0
      vertex 196.528 98.8289 18
    endloop
  endfacet
  facet normal 0.885502 -0.464636 0
    outer loop
      vertex 196.528 98.8289 0
      vertex 196.459 98.6974 18
      vertex 196.459 98.6974 0
    endloop
  endfacet
  facet normal -0.95297 0.303065 0
    outer loop
      vertex 199.597 97.3975 0
      vertex 199.642 97.539 18
      vertex 199.642 97.539 0
    endloop
  endfacet
  facet normal -0.95297 0.303065 0
    outer loop
      vertex 199.642 97.539 18
      vertex 199.597 97.3975 0
      vertex 199.597 97.3975 18
    endloop
  endfacet
  facet normal 0.676764 -0.7362 0
    outer loop
      vertex 196.798 99.181 0
      vertex 196.907 99.2812 18
      vertex 196.798 99.181 18
    endloop
  endfacet
  facet normal 0.676764 -0.7362 0
    outer loop
      vertex 196.907 99.2812 18
      vertex 196.798 99.181 0
      vertex 196.907 99.2812 0
    endloop
  endfacet
  facet normal -0.460612 -0.887602 0
    outer loop
      vertex 198.718 99.5197 0
      vertex 198.85 99.4512 18
      vertex 198.718 99.5197 18
    endloop
  endfacet
  facet normal -0.460612 -0.887602 -0
    outer loop
      vertex 198.85 99.4512 18
      vertex 198.718 99.5197 0
      vertex 198.85 99.4512 0
    endloop
  endfacet
  facet normal -0.737798 0.675021 0
    outer loop
      vertex 199.202 96.7769 0
      vertex 199.302 96.8862 18
      vertex 199.302 96.8862 0
    endloop
  endfacet
  facet normal -0.737798 0.675021 0
    outer loop
      vertex 199.302 96.8862 18
      vertex 199.202 96.7769 0
      vertex 199.202 96.7769 18
    endloop
  endfacet
  facet normal -0.382411 0.923992 0
    outer loop
      vertex 198.718 96.4382 0
      vertex 198.581 96.3815 18
      vertex 198.718 96.4382 18
    endloop
  endfacet
  facet normal -0.382411 0.923992 0
    outer loop
      vertex 198.581 96.3815 18
      vertex 198.718 96.4382 0
      vertex 198.581 96.3815 0
    endloop
  endfacet
  facet normal 0.737798 0.675021 0
    outer loop
      vertex 196.798 96.7769 18
      vertex 196.698 96.8862 0
      vertex 196.698 96.8862 18
    endloop
  endfacet
  facet normal 0.737798 0.675021 0
    outer loop
      vertex 196.698 96.8862 0
      vertex 196.798 96.7769 18
      vertex 196.798 96.7769 0
    endloop
  endfacet
  facet normal 0.607725 0.794148 -0
    outer loop
      vertex 197.025 96.5864 0
      vertex 196.907 96.6767 18
      vertex 197.025 96.5864 18
    endloop
  endfacet
  facet normal 0.607725 0.794148 0
    outer loop
      vertex 196.907 96.6767 18
      vertex 197.025 96.5864 0
      vertex 196.907 96.6767 0
    endloop
  endfacet
  facet normal -0.845328 0.534247 0
    outer loop
      vertex 199.393 97.0039 0
      vertex 199.472 97.1289 18
      vertex 199.472 97.1289 0
    endloop
  endfacet
  facet normal -0.845328 0.534247 0
    outer loop
      vertex 199.472 97.1289 18
      vertex 199.393 97.0039 0
      vertex 199.393 97.0039 18
    endloop
  endfacet
  facet normal 0.990883 0.134722 0
    outer loop
      vertex 196.326 97.6837 18
      vertex 196.306 97.8308 0
      vertex 196.306 97.8308 18
    endloop
  endfacet
  facet normal 0.990883 0.134722 0
    outer loop
      vertex 196.306 97.8308 0
      vertex 196.326 97.6837 18
      vertex 196.326 97.6837 0
    endloop
  endfacet
  facet normal -0.537617 0.843189 0
    outer loop
      vertex 198.975 96.5864 0
      vertex 198.85 96.5067 18
      vertex 198.975 96.5864 18
    endloop
  endfacet
  facet normal -0.537617 0.843189 0
    outer loop
      vertex 198.85 96.5067 18
      vertex 198.975 96.5864 0
      vertex 198.85 96.5067 0
    endloop
  endfacet
  facet normal 0.97644 -0.215788 0
    outer loop
      vertex 196.326 98.2741 18
      vertex 196.358 98.4189 0
      vertex 196.358 98.4189 18
    endloop
  endfacet
  facet normal 0.97644 -0.215788 0
    outer loop
      vertex 196.358 98.4189 0
      vertex 196.326 98.2741 18
      vertex 196.326 98.2741 0
    endloop
  endfacet
  facet normal 0.999181 -0.0404527 0
    outer loop
      vertex 196.3 97.9789 18
      vertex 196.306 98.1271 0
      vertex 196.306 98.1271 18
    endloop
  endfacet
  facet normal 0.999181 -0.0404527 0
    outer loop
      vertex 196.306 98.1271 0
      vertex 196.3 97.9789 18
      vertex 196.3 97.9789 0
    endloop
  endfacet
  facet normal 0.95297 0.303065 0
    outer loop
      vertex 196.403 97.3975 18
      vertex 196.358 97.539 0
      vertex 196.358 97.539 18
    endloop
  endfacet
  facet normal 0.95297 0.303065 0
    outer loop
      vertex 196.358 97.539 0
      vertex 196.403 97.3975 18
      vertex 196.403 97.3975 0
    endloop
  endfacet
  facet normal 0.791122 0.611658 0
    outer loop
      vertex 196.698 96.8862 18
      vertex 196.607 97.0039 0
      vertex 196.607 97.0039 18
    endloop
  endfacet
  facet normal 0.791122 0.611658 0
    outer loop
      vertex 196.607 97.0039 0
      vertex 196.698 96.8862 18
      vertex 196.698 96.8862 0
    endloop
  endfacet
  facet normal 0.537617 0.843189 -0
    outer loop
      vertex 197.15 96.5067 0
      vertex 197.025 96.5864 18
      vertex 197.15 96.5067 18
    endloop
  endfacet
  facet normal 0.537617 0.843189 0
    outer loop
      vertex 197.025 96.5864 18
      vertex 197.15 96.5067 0
      vertex 197.025 96.5864 0
    endloop
  endfacet
  facet normal 0.130838 0.991404 -0
    outer loop
      vertex 197.852 96.2854 0
      vertex 197.705 96.3048 18
      vertex 197.852 96.2854 18
    endloop
  endfacet
  facet normal 0.130838 0.991404 0
    outer loop
      vertex 197.705 96.3048 18
      vertex 197.852 96.2854 0
      vertex 197.705 96.3048 0
    endloop
  endfacet
  facet normal 0.990871 -0.134812 0
    outer loop
      vertex 196.306 98.1271 18
      vertex 196.326 98.2741 0
      vertex 196.326 98.2741 18
    endloop
  endfacet
  facet normal 0.990871 -0.134812 0
    outer loop
      vertex 196.326 98.2741 0
      vertex 196.306 98.1271 18
      vertex 196.306 98.1271 0
    endloop
  endfacet
  facet normal -0.737798 -0.675021 0
    outer loop
      vertex 199.302 99.0717 0
      vertex 199.202 99.181 18
      vertex 199.202 99.181 0
    endloop
  endfacet
  facet normal -0.737798 -0.675021 0
    outer loop
      vertex 199.202 99.181 18
      vertex 199.302 99.0717 0
      vertex 199.302 99.0717 18
    endloop
  endfacet
  facet normal -0.216146 -0.976361 0
    outer loop
      vertex 198.295 99.6531 0
      vertex 198.44 99.621 18
      vertex 198.295 99.6531 18
    endloop
  endfacet
  facet normal -0.216146 -0.976361 -0
    outer loop
      vertex 198.44 99.621 18
      vertex 198.295 99.6531 0
      vertex 198.44 99.621 0
    endloop
  endfacet
  facet normal 0.382411 0.923992 -0
    outer loop
      vertex 197.419 96.3815 0
      vertex 197.282 96.4382 18
      vertex 197.419 96.3815 18
    endloop
  endfacet
  facet normal 0.382411 0.923992 0
    outer loop
      vertex 197.282 96.4382 18
      vertex 197.419 96.3815 0
      vertex 197.282 96.4382 0
    endloop
  endfacet
  facet normal 0.885647 0.464359 0
    outer loop
      vertex 196.528 97.1289 18
      vertex 196.459 97.2605 0
      vertex 196.459 97.2605 18
    endloop
  endfacet
  facet normal 0.885647 0.464359 0
    outer loop
      vertex 196.459 97.2605 0
      vertex 196.528 97.1289 18
      vertex 196.528 97.1289 0
    endloop
  endfacet
  facet normal 0.845521 -0.533942 0
    outer loop
      vertex 196.528 98.8289 18
      vertex 196.607 98.954 0
      vertex 196.607 98.954 18
    endloop
  endfacet
  facet normal 0.845521 -0.533942 0
    outer loop
      vertex 196.607 98.954 0
      vertex 196.528 98.8289 18
      vertex 196.528 98.8289 0
    endloop
  endfacet
  facet normal -0.301584 0.953439 0
    outer loop
      vertex 198.581 96.3815 0
      vertex 198.44 96.3369 18
      vertex 198.581 96.3815 18
    endloop
  endfacet
  facet normal -0.301584 0.953439 0
    outer loop
      vertex 198.44 96.3369 18
      vertex 198.581 96.3815 0
      vertex 198.44 96.3369 0
    endloop
  endfacet
  facet normal 0.301584 0.953439 -0
    outer loop
      vertex 197.56 96.3369 0
      vertex 197.419 96.3815 18
      vertex 197.56 96.3369 18
    endloop
  endfacet
  facet normal 0.301584 0.953439 0
    outer loop
      vertex 197.419 96.3815 18
      vertex 197.56 96.3369 0
      vertex 197.419 96.3815 0
    endloop
  endfacet
endsolid OpenSCAD_Model
