solid OpenSCAD_Model
  facet normal -0.886551 -0.461008 0.0387087
    outer loop
      vertex -7.39999 8 0
      vertex -7.37183 8 0.644952
      vertex -10 13 0
    endloop
  endfacet
  facet normal -0.886551 -0.461009 0.0387046
    outer loop
      vertex -7.37183 8 0.644952
      vertex -9.96195 13 0.871557
      vertex -10 13 0
    endloop
  endfacet
  facet normal -0.856893 -0.514136 0.0374054
    outer loop
      vertex -4.39999 3 0
      vertex -4.38325 3 0.383484
      vertex -7.39999 8 0
    endloop
  endfacet
  facet normal -0.856893 -0.514135 0.0374138
    outer loop
      vertex -4.38325 3 0.383484
      vertex -7.37183 8 0.644952
      vertex -7.39999 8 0
    endloop
  endfacet
  facet normal -0.956991 -0.287094 0.0417878
    outer loop
      vertex -3.5 0 0
      vertex -3.48668 0 0.305044
      vertex -4.39999 3 0
    endloop
  endfacet
  facet normal -0.956991 -0.287095 0.0417749
    outer loop
      vertex -3.48668 0 0.305044
      vertex -4.38325 3 0.383484
      vertex -4.39999 3 0
    endloop
  endfacet
  facet normal -0.956991 0.287094 0.041775
    outer loop
      vertex -4.38325 -3 0.383484
      vertex -3.5 0 0
      vertex -4.39999 -3 0
    endloop
  endfacet
  facet normal -0.95699 0.287095 0.0417878
    outer loop
      vertex -3.48668 0 0.305044
      vertex -3.5 0 0
      vertex -4.38325 -3 0.383484
    endloop
  endfacet
  facet normal -0.856893 0.514136 0.0374138
    outer loop
      vertex -7.37183 -8 0.644952
      vertex -4.39999 -3 0
      vertex -7.39999 -8 0
    endloop
  endfacet
  facet normal -0.856893 0.514135 0.0374055
    outer loop
      vertex -4.38325 -3 0.383484
      vertex -4.39999 -3 0
      vertex -7.37183 -8 0.644952
    endloop
  endfacet
  facet normal -0.886551 0.461008 0.0387046
    outer loop
      vertex -9.96195 -13 0.871557
      vertex -7.39999 -8 0
      vertex -10 -13 0
    endloop
  endfacet
  facet normal -0.886551 0.461009 0.0387087
    outer loop
      vertex -7.37183 -8 0.644952
      vertex -7.39999 -8 0
      vertex -9.96195 -13 0.871557
    endloop
  endfacet
  facet normal -0.893745 0.446872 0.0390566
    outer loop
      vertex -11.4562 -16 1.00229
      vertex -10 -13 0
      vertex -11.5 -16 0
    endloop
  endfacet
  facet normal -0.893751 0.446863 0.0390189
    outer loop
      vertex -9.96195 -13 0.871557
      vertex -10 -13 0
      vertex -11.4562 -16 1.00229
    endloop
  endfacet
  facet normal 0 1 0
    outer loop
      vertex 0 16 1.6
      vertex 0 16 11.5
      vertex 1.00229 16 11.4562
    endloop
  endfacet
  facet normal 0 1 0
    outer loop
      vertex 0.139449 16 1.59391
      vertex 1.00229 16 11.4562
      vertex 1.99695 16 11.3253
    endloop
  endfacet
  facet normal 0 1 0
    outer loop
      vertex 0 16 11.5
      vertex 0 16 1.6
      vertex -1.00229 16 11.4562
    endloop
  endfacet
  facet normal 0 1 0
    outer loop
      vertex 0.277837 16 1.57569
      vertex 1.99695 16 11.3253
      vertex 2.97642 16 11.1081
    endloop
  endfacet
  facet normal 0 1 -0
    outer loop
      vertex -0.139449 16 1.59391
      vertex -1.00229 16 11.4562
      vertex 0 16 1.6
    endloop
  endfacet
  facet normal 0 1 0
    outer loop
      vertex 0.41411 16 1.54548
      vertex 2.97642 16 11.1081
      vertex 3.93323 16 10.8065
    endloop
  endfacet
  facet normal 0 1 0
    outer loop
      vertex -1.00229 16 11.4562
      vertex -0.139449 16 1.59391
      vertex -1.99695 16 11.3253
    endloop
  endfacet
  facet normal 0 1 0
    outer loop
      vertex 0.547232 16 1.50351
      vertex 3.93323 16 10.8065
      vertex 4.86011 16 10.4225
    endloop
  endfacet
  facet normal 0 1 -0
    outer loop
      vertex -0.277837 16 1.57569
      vertex -1.99695 16 11.3253
      vertex -0.139449 16 1.59391
    endloop
  endfacet
  facet normal 0 1 0
    outer loop
      vertex 0.676188 16 1.45009
      vertex 4.86011 16 10.4225
      vertex 5.75 16 9.95929
    endloop
  endfacet
  facet normal 0 1 0
    outer loop
      vertex -1.99695 16 11.3253
      vertex -0.277837 16 1.57569
      vertex -2.97642 16 11.1081
    endloop
  endfacet
  facet normal 0 1 0
    outer loop
      vertex 0.799999 16 1.38564
      vertex 5.75 16 9.95929
      vertex 6.59613 16 9.42025
    endloop
  endfacet
  facet normal 0 1 -0
    outer loop
      vertex -0.41411 16 1.54548
      vertex -2.97642 16 11.1081
      vertex -0.277837 16 1.57569
    endloop
  endfacet
  facet normal 0 1 0
    outer loop
      vertex 0.917722 16 1.31064
      vertex 6.59613 16 9.42025
      vertex 7.39206 16 8.80951
    endloop
  endfacet
  facet normal 0 1 0
    outer loop
      vertex -2.97642 16 11.1081
      vertex -0.41411 16 1.54548
      vertex -3.93323 16 10.8065
    endloop
  endfacet
  facet normal 0 1 0
    outer loop
      vertex 1.02846 16 1.22567
      vertex 7.39206 16 8.80951
      vertex 8.13173 16 8.13173
    endloop
  endfacet
  facet normal 0 1 -0
    outer loop
      vertex -0.547232 16 1.50351
      vertex -3.93323 16 10.8065
      vertex -0.41411 16 1.54548
    endloop
  endfacet
  facet normal 0 1 0
    outer loop
      vertex 1.13137 16 1.13137
      vertex 8.13173 16 8.13173
      vertex 8.80951 16 7.39206
    endloop
  endfacet
  facet normal 0 1 0
    outer loop
      vertex -3.93323 16 10.8065
      vertex -0.547232 16 1.50351
      vertex -4.86011 16 10.4225
    endloop
  endfacet
  facet normal 0 1 0
    outer loop
      vertex 1.22567 16 1.02846
      vertex 8.80951 16 7.39206
      vertex 9.42025 16 6.59613
    endloop
  endfacet
  facet normal 0 1 -0
    outer loop
      vertex -0.676188 16 1.45009
      vertex -4.86011 16 10.4225
      vertex -0.547232 16 1.50351
    endloop
  endfacet
  facet normal 0 1 0
    outer loop
      vertex 1.31064 16 0.917722
      vertex 9.42025 16 6.59613
      vertex 9.95929 16 5.75
    endloop
  endfacet
  facet normal 0 1 0
    outer loop
      vertex -4.86011 16 10.4225
      vertex -0.676188 16 1.45009
      vertex -5.75 16 9.95929
    endloop
  endfacet
  facet normal 0 1 0
    outer loop
      vertex 1.38564 16 0.799999
      vertex 9.95929 16 5.75
      vertex 10.4225 16 4.86011
    endloop
  endfacet
  facet normal 0 1 -0
    outer loop
      vertex -0.799999 16 1.38564
      vertex -5.75 16 9.95929
      vertex -0.676188 16 1.45009
    endloop
  endfacet
  facet normal 0 1 0
    outer loop
      vertex 1.45009 16 0.676188
      vertex 10.4225 16 4.86011
      vertex 10.8065 16 3.93323
    endloop
  endfacet
  facet normal 0 1 0
    outer loop
      vertex -5.75 16 9.95929
      vertex -0.799999 16 1.38564
      vertex -6.59613 16 9.42025
    endloop
  endfacet
  facet normal 0 1 0
    outer loop
      vertex 1.50351 16 0.547232
      vertex 10.8065 16 3.93323
      vertex 11.1081 16 2.97642
    endloop
  endfacet
  facet normal 0 1 -0
    outer loop
      vertex -0.917722 16 1.31064
      vertex -6.59613 16 9.42025
      vertex -0.799999 16 1.38564
    endloop
  endfacet
  facet normal 0 1 0
    outer loop
      vertex 1.54548 16 0.41411
      vertex 11.1081 16 2.97642
      vertex 11.3253 16 1.99695
    endloop
  endfacet
  facet normal 0 1 0
    outer loop
      vertex -6.59613 16 9.42025
      vertex -0.917722 16 1.31064
      vertex -7.39206 16 8.80951
    endloop
  endfacet
  facet normal 0 1 -0
    outer loop
      vertex -1.02846 16 1.22567
      vertex -7.39206 16 8.80951
      vertex -0.917722 16 1.31064
    endloop
  endfacet
  facet normal 0 1 0
    outer loop
      vertex 1.00229 16 11.4562
      vertex 0.139449 16 1.59391
      vertex 0 16 1.6
    endloop
  endfacet
  facet normal 0 1 0
    outer loop
      vertex 1.99695 16 11.3253
      vertex 0.277837 16 1.57569
      vertex 0.139449 16 1.59391
    endloop
  endfacet
  facet normal 0 1 0
    outer loop
      vertex 2.97642 16 11.1081
      vertex 0.41411 16 1.54548
      vertex 0.277837 16 1.57569
    endloop
  endfacet
  facet normal 0 1 0
    outer loop
      vertex 3.93323 16 10.8065
      vertex 0.547232 16 1.50351
      vertex 0.41411 16 1.54548
    endloop
  endfacet
  facet normal 0 1 0
    outer loop
      vertex 4.86011 16 10.4225
      vertex 0.676188 16 1.45009
      vertex 0.547232 16 1.50351
    endloop
  endfacet
  facet normal 0 1 0
    outer loop
      vertex 5.75 16 9.95929
      vertex 0.799999 16 1.38564
      vertex 0.676188 16 1.45009
    endloop
  endfacet
  facet normal 0 1 0
    outer loop
      vertex 6.59613 16 9.42025
      vertex 0.917722 16 1.31064
      vertex 0.799999 16 1.38564
    endloop
  endfacet
  facet normal 0 1 0
    outer loop
      vertex 7.39206 16 8.80951
      vertex 1.02846 16 1.22567
      vertex 0.917722 16 1.31064
    endloop
  endfacet
  facet normal 0 1 0
    outer loop
      vertex 8.13173 16 8.13173
      vertex 1.13137 16 1.13137
      vertex 1.02846 16 1.22567
    endloop
  endfacet
  facet normal 0 1 0
    outer loop
      vertex 8.80951 16 7.39206
      vertex 1.22567 16 1.02846
      vertex 1.13137 16 1.13137
    endloop
  endfacet
  facet normal 0 1 0
    outer loop
      vertex 1.57569 16 0.277837
      vertex 11.3253 16 1.99695
      vertex 11.4562 16 1.00229
    endloop
  endfacet
  facet normal 0 1 0
    outer loop
      vertex 9.42025 16 6.59613
      vertex 1.31064 16 0.917722
      vertex 1.22567 16 1.02846
    endloop
  endfacet
  facet normal 0 1 0
    outer loop
      vertex 9.95929 16 5.75
      vertex 1.38564 16 0.799999
      vertex 1.31064 16 0.917722
    endloop
  endfacet
  facet normal 0 1 0
    outer loop
      vertex 10.4225 16 4.86011
      vertex 1.45009 16 0.676188
      vertex 1.38564 16 0.799999
    endloop
  endfacet
  facet normal 0 1 0
    outer loop
      vertex 10.8065 16 3.93323
      vertex 1.50351 16 0.547232
      vertex 1.45009 16 0.676188
    endloop
  endfacet
  facet normal 0 1 0
    outer loop
      vertex 11.1081 16 2.97642
      vertex 1.54548 16 0.41411
      vertex 1.50351 16 0.547232
    endloop
  endfacet
  facet normal 0 1 0
    outer loop
      vertex 11.3253 16 1.99695
      vertex 1.57569 16 0.277837
      vertex 1.54548 16 0.41411
    endloop
  endfacet
  facet normal 0 1 0
    outer loop
      vertex 11.4562 16 1.00229
      vertex 1.59391 16 0.139449
      vertex 1.57569 16 0.277837
    endloop
  endfacet
  facet normal 0 1 0
    outer loop
      vertex 11.5 16 0
      vertex 1.59391 16 0.139449
      vertex 11.4562 16 1.00229
    endloop
  endfacet
  facet normal 0 1 0
    outer loop
      vertex 11.5 16 0
      vertex 1.6 16 0
      vertex 1.59391 16 0.139449
    endloop
  endfacet
  facet normal 0 1 0
    outer loop
      vertex 11.5 16 0
      vertex 1.59391 16 -0.139449
      vertex 1.6 16 0
    endloop
  endfacet
  facet normal 0 1 -0
    outer loop
      vertex 11.4562 16 -1.00229
      vertex 1.59391 16 -0.139449
      vertex 11.5 16 0
    endloop
  endfacet
  facet normal 0 1 0
    outer loop
      vertex 1.59391 16 -0.139449
      vertex 11.4562 16 -1.00229
      vertex 1.57569 16 -0.277837
    endloop
  endfacet
  facet normal 0 1 -0
    outer loop
      vertex 11.3253 16 -1.99695
      vertex 1.57569 16 -0.277837
      vertex 11.4562 16 -1.00229
    endloop
  endfacet
  facet normal 0 1 0
    outer loop
      vertex 1.57569 16 -0.277837
      vertex 11.3253 16 -1.99695
      vertex 1.54548 16 -0.41411
    endloop
  endfacet
  facet normal 0 1 -0
    outer loop
      vertex 11.1081 16 -2.97642
      vertex 1.54548 16 -0.41411
      vertex 11.3253 16 -1.99695
    endloop
  endfacet
  facet normal 0 1 0
    outer loop
      vertex 1.54548 16 -0.41411
      vertex 11.1081 16 -2.97642
      vertex 1.50351 16 -0.547232
    endloop
  endfacet
  facet normal 0 1 -0
    outer loop
      vertex 10.8065 16 -3.93323
      vertex 1.50351 16 -0.547232
      vertex 11.1081 16 -2.97642
    endloop
  endfacet
  facet normal 0 1 0
    outer loop
      vertex 1.50351 16 -0.547232
      vertex 10.8065 16 -3.93323
      vertex 1.45009 16 -0.676188
    endloop
  endfacet
  facet normal 0 1 -0
    outer loop
      vertex 10.4225 16 -4.86011
      vertex 1.45009 16 -0.676188
      vertex 10.8065 16 -3.93323
    endloop
  endfacet
  facet normal 0 1 0
    outer loop
      vertex 1.45009 16 -0.676188
      vertex 10.4225 16 -4.86011
      vertex 1.38564 16 -0.799999
    endloop
  endfacet
  facet normal 0 1 -0
    outer loop
      vertex 9.95929 16 -5.75
      vertex 1.38564 16 -0.799999
      vertex 10.4225 16 -4.86011
    endloop
  endfacet
  facet normal 0 1 0
    outer loop
      vertex 1.38564 16 -0.799999
      vertex 9.95929 16 -5.75
      vertex 1.31064 16 -0.917722
    endloop
  endfacet
  facet normal 0 1 -0
    outer loop
      vertex 9.42025 16 -6.59613
      vertex 1.31064 16 -0.917722
      vertex 9.95929 16 -5.75
    endloop
  endfacet
  facet normal 0 1 0
    outer loop
      vertex 1.31064 16 -0.917722
      vertex 9.42025 16 -6.59613
      vertex 1.22567 16 -1.02846
    endloop
  endfacet
  facet normal 0 1 -0
    outer loop
      vertex 8.80951 16 -7.39206
      vertex 1.22567 16 -1.02846
      vertex 9.42025 16 -6.59613
    endloop
  endfacet
  facet normal 0 1 0
    outer loop
      vertex 1.22567 16 -1.02846
      vertex 8.80951 16 -7.39206
      vertex 1.13137 16 -1.13137
    endloop
  endfacet
  facet normal 0 1 -0
    outer loop
      vertex 8.13173 16 -8.13173
      vertex 1.13137 16 -1.13137
      vertex 8.80951 16 -7.39206
    endloop
  endfacet
  facet normal 0 1 -0
    outer loop
      vertex 7.39206 16 -8.80951
      vertex 1.02846 16 -1.22567
      vertex 8.13173 16 -8.13173
    endloop
  endfacet
  facet normal 0 1 0
    outer loop
      vertex 1.13137 16 -1.13137
      vertex 8.13173 16 -8.13173
      vertex 1.02846 16 -1.22567
    endloop
  endfacet
  facet normal 0 1 0
    outer loop
      vertex -7.39206 16 8.80951
      vertex -1.02846 16 1.22567
      vertex -8.13173 16 8.13173
    endloop
  endfacet
  facet normal 0 1 -0
    outer loop
      vertex -1.13137 16 1.13137
      vertex -8.13173 16 8.13173
      vertex -1.02846 16 1.22567
    endloop
  endfacet
  facet normal 0 1 0
    outer loop
      vertex -8.13173 16 8.13173
      vertex -1.13137 16 1.13137
      vertex -8.80951 16 7.39206
    endloop
  endfacet
  facet normal 0 1 -0
    outer loop
      vertex -1.22567 16 1.02846
      vertex -8.80951 16 7.39206
      vertex -1.13137 16 1.13137
    endloop
  endfacet
  facet normal 0 1 0
    outer loop
      vertex -8.80951 16 7.39206
      vertex -1.22567 16 1.02846
      vertex -9.42025 16 6.59613
    endloop
  endfacet
  facet normal 0 1 -0
    outer loop
      vertex -1.31064 16 0.917722
      vertex -9.42025 16 6.59613
      vertex -1.22567 16 1.02846
    endloop
  endfacet
  facet normal 0 1 0
    outer loop
      vertex -9.42025 16 6.59613
      vertex -1.31064 16 0.917722
      vertex -9.95929 16 5.75
    endloop
  endfacet
  facet normal 0 1 -0
    outer loop
      vertex -1.38564 16 0.799999
      vertex -9.95929 16 5.75
      vertex -1.31064 16 0.917722
    endloop
  endfacet
  facet normal 0 1 0
    outer loop
      vertex -9.95929 16 5.75
      vertex -1.38564 16 0.799999
      vertex -10.4225 16 4.86011
    endloop
  endfacet
  facet normal 0 1 -0
    outer loop
      vertex -1.45009 16 0.676188
      vertex -10.4225 16 4.86011
      vertex -1.38564 16 0.799999
    endloop
  endfacet
  facet normal 0 1 0
    outer loop
      vertex -10.4225 16 4.86011
      vertex -1.45009 16 0.676188
      vertex -10.8065 16 3.93323
    endloop
  endfacet
  facet normal 0 1 -0
    outer loop
      vertex -1.50351 16 0.547232
      vertex -10.8065 16 3.93323
      vertex -1.45009 16 0.676188
    endloop
  endfacet
  facet normal 0 1 0
    outer loop
      vertex -10.8065 16 3.93323
      vertex -1.50351 16 0.547232
      vertex -11.1081 16 2.97642
    endloop
  endfacet
  facet normal 0 1 -0
    outer loop
      vertex -1.54548 16 0.41411
      vertex -11.1081 16 2.97642
      vertex -1.50351 16 0.547232
    endloop
  endfacet
  facet normal 0 1 0
    outer loop
      vertex -11.1081 16 2.97642
      vertex -1.54548 16 0.41411
      vertex -11.3253 16 1.99695
    endloop
  endfacet
  facet normal 0 1 -0
    outer loop
      vertex -1.57569 16 0.277837
      vertex -11.3253 16 1.99695
      vertex -1.54548 16 0.41411
    endloop
  endfacet
  facet normal 0 1 0
    outer loop
      vertex -11.3253 16 1.99695
      vertex -1.57569 16 0.277837
      vertex -11.4562 16 1.00229
    endloop
  endfacet
  facet normal 0 1 -0
    outer loop
      vertex -1.59391 16 0.139449
      vertex -11.4562 16 1.00229
      vertex -1.57569 16 0.277837
    endloop
  endfacet
  facet normal 0 1 -0
    outer loop
      vertex -1.6 16 0
      vertex -11.4562 16 1.00229
      vertex -1.59391 16 0.139449
    endloop
  endfacet
  facet normal 0 1 0
    outer loop
      vertex -1.6 16 0
      vertex -11.5 16 0
      vertex -11.4562 16 1.00229
    endloop
  endfacet
  facet normal 0 1 0
    outer loop
      vertex -1.59391 16 -0.139449
      vertex -11.5 16 0
      vertex -1.6 16 0
    endloop
  endfacet
  facet normal 0 1 0
    outer loop
      vertex -11.4562 16 -1.00229
      vertex -1.59391 16 -0.139449
      vertex -1.57569 16 -0.277837
    endloop
  endfacet
  facet normal 0 1 0
    outer loop
      vertex -11.3253 16 -1.99695
      vertex -1.57569 16 -0.277837
      vertex -1.54548 16 -0.41411
    endloop
  endfacet
  facet normal 0 1 0
    outer loop
      vertex -11.1081 16 -2.97642
      vertex -1.54548 16 -0.41411
      vertex -1.50351 16 -0.547232
    endloop
  endfacet
  facet normal 0 1 0
    outer loop
      vertex -10.8065 16 -3.93323
      vertex -1.50351 16 -0.547232
      vertex -1.45009 16 -0.676188
    endloop
  endfacet
  facet normal 0 1 0
    outer loop
      vertex -10.4225 16 -4.86011
      vertex -1.45009 16 -0.676188
      vertex -1.38564 16 -0.799999
    endloop
  endfacet
  facet normal 0 1 0
    outer loop
      vertex -9.95929 16 -5.75
      vertex -1.38564 16 -0.799999
      vertex -1.31064 16 -0.917722
    endloop
  endfacet
  facet normal 0 1 0
    outer loop
      vertex -1.59391 16 -0.139449
      vertex -11.4562 16 -1.00229
      vertex -11.5 16 0
    endloop
  endfacet
  facet normal 0 1 0
    outer loop
      vertex -9.42025 16 -6.59613
      vertex -1.31064 16 -0.917722
      vertex -1.22567 16 -1.02846
    endloop
  endfacet
  facet normal 0 1 0
    outer loop
      vertex -8.80951 16 -7.39206
      vertex -1.22567 16 -1.02846
      vertex -1.13137 16 -1.13137
    endloop
  endfacet
  facet normal 0 1 0
    outer loop
      vertex -8.13173 16 -8.13173
      vertex -1.13137 16 -1.13137
      vertex -1.02846 16 -1.22567
    endloop
  endfacet
  facet normal 0 1 0
    outer loop
      vertex -7.39206 16 -8.80951
      vertex -1.02846 16 -1.22567
      vertex -0.917722 16 -1.31064
    endloop
  endfacet
  facet normal 0 1 0
    outer loop
      vertex -6.59613 16 -9.42025
      vertex -0.917722 16 -1.31064
      vertex -0.799999 16 -1.38564
    endloop
  endfacet
  facet normal 0 1 0
    outer loop
      vertex -5.75 16 -9.95929
      vertex -0.799999 16 -1.38564
      vertex -0.676188 16 -1.45009
    endloop
  endfacet
  facet normal 0 1 0
    outer loop
      vertex -4.86011 16 -10.4225
      vertex -0.676188 16 -1.45009
      vertex -0.547232 16 -1.50351
    endloop
  endfacet
  facet normal 0 1 0
    outer loop
      vertex -3.93323 16 -10.8065
      vertex -0.547232 16 -1.50351
      vertex -0.41411 16 -1.54548
    endloop
  endfacet
  facet normal 0 1 0
    outer loop
      vertex -2.97642 16 -11.1081
      vertex -0.41411 16 -1.54548
      vertex -0.277837 16 -1.57569
    endloop
  endfacet
  facet normal 0 1 0
    outer loop
      vertex -1.99695 16 -11.3253
      vertex -0.277837 16 -1.57569
      vertex -0.139449 16 -1.59391
    endloop
  endfacet
  facet normal 0 1 0
    outer loop
      vertex -1.57569 16 -0.277837
      vertex -11.3253 16 -1.99695
      vertex -11.4562 16 -1.00229
    endloop
  endfacet
  facet normal 0 1 0
    outer loop
      vertex -1.00229 16 -11.4562
      vertex -0.139449 16 -1.59391
      vertex 0 16 -1.6
    endloop
  endfacet
  facet normal 0 1 0
    outer loop
      vertex 1.02846 16 -1.22567
      vertex 7.39206 16 -8.80951
      vertex 0.917722 16 -1.31064
    endloop
  endfacet
  facet normal 0 1 -0
    outer loop
      vertex 6.59613 16 -9.42025
      vertex 0.917722 16 -1.31064
      vertex 7.39206 16 -8.80951
    endloop
  endfacet
  facet normal 0 1 0
    outer loop
      vertex -1.54548 16 -0.41411
      vertex -11.1081 16 -2.97642
      vertex -11.3253 16 -1.99695
    endloop
  endfacet
  facet normal 0 1 0
    outer loop
      vertex 0.917722 16 -1.31064
      vertex 6.59613 16 -9.42025
      vertex 0.799999 16 -1.38564
    endloop
  endfacet
  facet normal 0 1 0
    outer loop
      vertex -1.50351 16 -0.547232
      vertex -10.8065 16 -3.93323
      vertex -11.1081 16 -2.97642
    endloop
  endfacet
  facet normal 0 1 -0
    outer loop
      vertex 5.75 16 -9.95929
      vertex 0.799999 16 -1.38564
      vertex 6.59613 16 -9.42025
    endloop
  endfacet
  facet normal 0 1 0
    outer loop
      vertex -1.45009 16 -0.676188
      vertex -10.4225 16 -4.86011
      vertex -10.8065 16 -3.93323
    endloop
  endfacet
  facet normal 0 1 0
    outer loop
      vertex 0.799999 16 -1.38564
      vertex 5.75 16 -9.95929
      vertex 0.676188 16 -1.45009
    endloop
  endfacet
  facet normal 0 1 0
    outer loop
      vertex -1.38564 16 -0.799999
      vertex -9.95929 16 -5.75
      vertex -10.4225 16 -4.86011
    endloop
  endfacet
  facet normal 0 1 -0
    outer loop
      vertex 4.86011 16 -10.4225
      vertex 0.676188 16 -1.45009
      vertex 5.75 16 -9.95929
    endloop
  endfacet
  facet normal 0 1 0
    outer loop
      vertex -1.31064 16 -0.917722
      vertex -9.42025 16 -6.59613
      vertex -9.95929 16 -5.75
    endloop
  endfacet
  facet normal 0 1 0
    outer loop
      vertex 0.676188 16 -1.45009
      vertex 4.86011 16 -10.4225
      vertex 0.547232 16 -1.50351
    endloop
  endfacet
  facet normal 0 1 0
    outer loop
      vertex -1.22567 16 -1.02846
      vertex -8.80951 16 -7.39206
      vertex -9.42025 16 -6.59613
    endloop
  endfacet
  facet normal 0 1 -0
    outer loop
      vertex 3.93323 16 -10.8065
      vertex 0.547232 16 -1.50351
      vertex 4.86011 16 -10.4225
    endloop
  endfacet
  facet normal 0 1 0
    outer loop
      vertex -1.13137 16 -1.13137
      vertex -8.13173 16 -8.13173
      vertex -8.80951 16 -7.39206
    endloop
  endfacet
  facet normal 0 1 0
    outer loop
      vertex 0.547232 16 -1.50351
      vertex 3.93323 16 -10.8065
      vertex 0.41411 16 -1.54548
    endloop
  endfacet
  facet normal 0 1 0
    outer loop
      vertex -1.02846 16 -1.22567
      vertex -7.39206 16 -8.80951
      vertex -8.13173 16 -8.13173
    endloop
  endfacet
  facet normal 0 1 -0
    outer loop
      vertex 2.97642 16 -11.1081
      vertex 0.41411 16 -1.54548
      vertex 3.93323 16 -10.8065
    endloop
  endfacet
  facet normal 0 1 0
    outer loop
      vertex -0.917722 16 -1.31064
      vertex -6.59613 16 -9.42025
      vertex -7.39206 16 -8.80951
    endloop
  endfacet
  facet normal 0 1 0
    outer loop
      vertex 0.41411 16 -1.54548
      vertex 2.97642 16 -11.1081
      vertex 0.277837 16 -1.57569
    endloop
  endfacet
  facet normal 0 1 0
    outer loop
      vertex -0.799999 16 -1.38564
      vertex -5.75 16 -9.95929
      vertex -6.59613 16 -9.42025
    endloop
  endfacet
  facet normal 0 1 -0
    outer loop
      vertex 1.99695 16 -11.3253
      vertex 0.277837 16 -1.57569
      vertex 2.97642 16 -11.1081
    endloop
  endfacet
  facet normal 0 1 0
    outer loop
      vertex -0.676188 16 -1.45009
      vertex -4.86011 16 -10.4225
      vertex -5.75 16 -9.95929
    endloop
  endfacet
  facet normal 0 1 0
    outer loop
      vertex 0.277837 16 -1.57569
      vertex 1.99695 16 -11.3253
      vertex 0.139449 16 -1.59391
    endloop
  endfacet
  facet normal 0 1 0
    outer loop
      vertex -0.547232 16 -1.50351
      vertex -3.93323 16 -10.8065
      vertex -4.86011 16 -10.4225
    endloop
  endfacet
  facet normal 0 1 -0
    outer loop
      vertex 1.00229 16 -11.4562
      vertex 0.139449 16 -1.59391
      vertex 1.99695 16 -11.3253
    endloop
  endfacet
  facet normal 0 1 0
    outer loop
      vertex -0.41411 16 -1.54548
      vertex -2.97642 16 -11.1081
      vertex -3.93323 16 -10.8065
    endloop
  endfacet
  facet normal 0 1 0
    outer loop
      vertex 0.139449 16 -1.59391
      vertex 1.00229 16 -11.4562
      vertex 0 16 -1.6
    endloop
  endfacet
  facet normal 0 1 0
    outer loop
      vertex -0.277837 16 -1.57569
      vertex -1.99695 16 -11.3253
      vertex -2.97642 16 -11.1081
    endloop
  endfacet
  facet normal 0 1 0
    outer loop
      vertex 0 16 -11.5
      vertex 0 16 -1.6
      vertex 1.00229 16 -11.4562
    endloop
  endfacet
  facet normal 0 1 0
    outer loop
      vertex -0.139449 16 -1.59391
      vertex -1.00229 16 -11.4562
      vertex -1.99695 16 -11.3253
    endloop
  endfacet
  facet normal 0 1 0
    outer loop
      vertex 0 16 -1.6
      vertex 0 16 -11.5
      vertex -1.00229 16 -11.4562
    endloop
  endfacet
  facet normal -0.893746 -0.446873 0.0390187
    outer loop
      vertex -10 13 0
      vertex -9.96195 13 0.871557
      vertex -11.5 16 0
    endloop
  endfacet
  facet normal -0.893749 -0.446864 0.0390568
    outer loop
      vertex -9.96195 13 0.871557
      vertex -11.4562 16 1.00229
      vertex -11.5 16 0
    endloop
  endfacet
  facet normal -0.879804 -0.461009 0.115823
    outer loop
      vertex -7.37183 8 0.644952
      vertex -7.28757 8 1.285
      vertex -9.96195 13 0.871557
    endloop
  endfacet
  facet normal -0.879804 -0.461008 0.115829
    outer loop
      vertex -7.28757 8 1.285
      vertex -9.84808 13 1.73648
      vertex -9.96195 13 0.871557
    endloop
  endfacet
  facet normal -0.850372 -0.514135 0.111948
    outer loop
      vertex -4.38325 3 0.383484
      vertex -4.33315 3 0.76405
      vertex -7.37183 8 0.644952
    endloop
  endfacet
  facet normal -0.850372 -0.514135 0.111948
    outer loop
      vertex -4.33315 3 0.76405
      vertex -7.28757 8 1.285
      vertex -7.37183 8 0.644952
    endloop
  endfacet
  facet normal -0.949709 -0.287096 0.125018
    outer loop
      vertex -3.48668 0 0.305044
      vertex -3.44683 0 0.607768
      vertex -4.38325 3 0.383484
    endloop
  endfacet
  facet normal -0.949708 -0.287095 0.125025
    outer loop
      vertex -3.44683 0 0.607768
      vertex -4.33315 3 0.76405
      vertex -4.38325 3 0.383484
    endloop
  endfacet
  facet normal -0.949708 0.287095 0.125025
    outer loop
      vertex -4.33315 -3 0.76405
      vertex -3.48668 0 0.305044
      vertex -4.38325 -3 0.383484
    endloop
  endfacet
  facet normal -0.949709 0.287095 0.125018
    outer loop
      vertex -3.44683 0 0.607768
      vertex -3.48668 0 0.305044
      vertex -4.33315 -3 0.76405
    endloop
  endfacet
  facet normal -0.850372 0.514135 0.111948
    outer loop
      vertex -7.28757 -8 1.285
      vertex -4.38325 -3 0.383484
      vertex -7.37183 -8 0.644952
    endloop
  endfacet
  facet normal -0.850372 0.514135 0.111948
    outer loop
      vertex -4.33315 -3 0.76405
      vertex -4.38325 -3 0.383484
      vertex -7.28757 -8 1.285
    endloop
  endfacet
  facet normal -0.879804 0.461009 0.115829
    outer loop
      vertex -9.84808 -13 1.73648
      vertex -7.37183 -8 0.644952
      vertex -9.96195 -13 0.871557
    endloop
  endfacet
  facet normal -0.879805 0.461008 0.115823
    outer loop
      vertex -7.28757 -8 1.285
      vertex -7.37183 -8 0.644952
      vertex -9.84808 -13 1.73648
    endloop
  endfacet
  facet normal -0.886954 0.446864 0.116726
    outer loop
      vertex -11.3253 -16 1.99695
      vertex -9.96195 -13 0.871557
      vertex -11.4562 -16 1.00229
    endloop
  endfacet
  facet normal -0.886943 0.446875 0.116769
    outer loop
      vertex -9.84808 -13 1.73648
      vertex -9.96195 -13 0.871557
      vertex -11.3253 -16 1.99695
    endloop
  endfacet
  facet normal -0.886949 -0.446863 0.11677
    outer loop
      vertex -9.96195 13 0.871557
      vertex -9.84808 13 1.73648
      vertex -11.4562 16 1.00229
    endloop
  endfacet
  facet normal -0.886949 -0.446874 0.116725
    outer loop
      vertex -9.84808 13 1.73648
      vertex -11.3253 16 1.99695
      vertex -11.4562 16 1.00229
    endloop
  endfacet
  facet normal -0.86636 -0.461008 0.192074
    outer loop
      vertex -7.28757 8 1.285
      vertex -7.14784 8 1.91526
      vertex -9.84808 13 1.73648
    endloop
  endfacet
  facet normal -0.866361 -0.461009 0.192068
    outer loop
      vertex -7.14784 8 1.91526
      vertex -9.65926 13 2.58819
      vertex -9.84808 13 1.73648
    endloop
  endfacet
  facet normal -0.837378 -0.514135 0.185642
    outer loop
      vertex -4.33315 3 0.76405
      vertex -4.25007 3 1.1388
      vertex -7.28757 8 1.285
    endloop
  endfacet
  facet normal -0.837377 -0.514135 0.185648
    outer loop
      vertex -4.25007 3 1.1388
      vertex -7.14784 8 1.91526
      vertex -7.28757 8 1.285
    endloop
  endfacet
  facet normal -0.935194 -0.287095 0.207337
    outer loop
      vertex -3.44683 0 0.607768
      vertex -3.38074 0 0.905867
      vertex -4.33315 3 0.76405
    endloop
  endfacet
  facet normal -0.935196 -0.287096 0.207328
    outer loop
      vertex -3.38074 0 0.905867
      vertex -4.25007 3 1.1388
      vertex -4.33315 3 0.76405
    endloop
  endfacet
  facet normal -0.935196 0.287095 0.207328
    outer loop
      vertex -4.25007 -3 1.1388
      vertex -3.44683 0 0.607768
      vertex -4.33315 -3 0.76405
    endloop
  endfacet
  facet normal -0.935194 0.287096 0.207337
    outer loop
      vertex -3.38074 0 0.905867
      vertex -3.44683 0 0.607768
      vertex -4.25007 -3 1.1388
    endloop
  endfacet
  facet normal -0.837377 0.514135 0.185648
    outer loop
      vertex -7.14784 -8 1.91526
      vertex -4.33315 -3 0.76405
      vertex -7.28757 -8 1.285
    endloop
  endfacet
  facet normal -0.837378 0.514135 0.185642
    outer loop
      vertex -4.25007 -3 1.1388
      vertex -4.33315 -3 0.76405
      vertex -7.14784 -8 1.91526
    endloop
  endfacet
  facet normal -0.866361 0.461008 0.192068
    outer loop
      vertex -9.65926 -13 2.58819
      vertex -7.28757 -8 1.285
      vertex -9.84808 -13 1.73648
    endloop
  endfacet
  facet normal -0.866359 0.461009 0.192074
    outer loop
      vertex -7.14784 -8 1.91526
      vertex -7.28757 -8 1.285
      vertex -9.65926 -13 2.58819
    endloop
  endfacet
  facet normal -0.873381 0.446874 0.193674
    outer loop
      vertex -11.1081 -16 2.97642
      vertex -9.84808 -13 1.73648
      vertex -11.3253 -16 1.99695
    endloop
  endfacet
  facet normal -0.873397 0.446862 0.193628
    outer loop
      vertex -9.65926 -13 2.58819
      vertex -9.84808 -13 1.73648
      vertex -11.1081 -16 2.97642
    endloop
  endfacet
  facet normal -0.873391 -0.446875 0.193627
    outer loop
      vertex -9.84808 13 1.73648
      vertex -9.65926 13 2.58819
      vertex -11.3253 16 1.99695
    endloop
  endfacet
  facet normal -0.873386 -0.446863 0.193676
    outer loop
      vertex -9.65926 13 2.58819
      vertex -11.1081 16 2.97642
      vertex -11.3253 16 1.99695
    endloop
  endfacet
  facet normal -0.846327 -0.461009 0.266837
    outer loop
      vertex -7.14784 8 1.91526
      vertex -6.95372 8 2.53095
      vertex -9.65926 13 2.58819
    endloop
  endfacet
  facet normal -0.846325 -0.461008 0.266843
    outer loop
      vertex -6.95372 8 2.53095
      vertex -9.39693 13 3.4202
      vertex -9.65926 13 2.58819
    endloop
  endfacet
  facet normal -0.818011 -0.514135 0.257923
    outer loop
      vertex -4.25007 3 1.1388
      vertex -4.13464 3 1.50489
      vertex -7.14784 8 1.91526
    endloop
  endfacet
  facet normal -0.818014 -0.514136 0.25791
    outer loop
      vertex -4.13464 3 1.50489
      vertex -6.95372 8 2.53095
      vertex -7.14784 8 1.91526
    endloop
  endfacet
  facet normal -0.913564 -0.287096 0.288058
    outer loop
      vertex -3.38074 0 0.905867
      vertex -3.28892 0 1.19707
      vertex -4.25007 3 1.1388
    endloop
  endfacet
  facet normal -0.913566 -0.287096 0.288052
    outer loop
      vertex -3.28892 0 1.19707
      vertex -4.13464 3 1.50489
      vertex -4.25007 3 1.1388
    endloop
  endfacet
  facet normal -0.913566 0.287096 0.288052
    outer loop
      vertex -4.13464 -3 1.50489
      vertex -3.38074 0 0.905867
      vertex -4.25007 -3 1.1388
    endloop
  endfacet
  facet normal -0.913563 0.287096 0.288058
    outer loop
      vertex -3.28892 0 1.19707
      vertex -3.38074 0 0.905867
      vertex -4.13464 -3 1.50489
    endloop
  endfacet
  facet normal -0.818014 0.514135 0.257911
    outer loop
      vertex -6.95372 -8 2.53095
      vertex -4.25007 -3 1.1388
      vertex -7.14784 -8 1.91526
    endloop
  endfacet
  facet normal -0.81801 0.514136 0.257923
    outer loop
      vertex -4.13464 -3 1.50489
      vertex -4.25007 -3 1.1388
      vertex -6.95372 -8 2.53095
    endloop
  endfacet
  facet normal -0.846325 0.461009 0.266843
    outer loop
      vertex -9.39693 -13 3.4202
      vertex -7.14784 -8 1.91526
      vertex -9.65926 -13 2.58819
    endloop
  endfacet
  facet normal -0.846327 0.461008 0.266837
    outer loop
      vertex -6.95372 -8 2.53095
      vertex -7.14784 -8 1.91526
      vertex -9.39693 -13 3.4202
    endloop
  endfacet
  facet normal -0.853218 0.446863 0.268946
    outer loop
      vertex -10.8065 -16 3.93323
      vertex -9.65926 -13 2.58819
      vertex -11.1081 -16 2.97642
    endloop
  endfacet
  facet normal -0.85319 0.44688 0.269008
    outer loop
      vertex -9.39693 -13 3.4202
      vertex -9.65926 -13 2.58819
      vertex -10.8065 -16 3.93323
    endloop
  endfacet
  facet normal -0.853198 -0.446862 0.269011
    outer loop
      vertex -9.65926 13 2.58819
      vertex -9.39693 13 3.4202
      vertex -11.1081 16 2.97642
    endloop
  endfacet
  facet normal -0.853211 -0.446879 0.268944
    outer loop
      vertex -9.39693 13 3.4202
      vertex -10.8065 16 3.93323
      vertex -11.1081 16 2.97642
    endloop
  endfacet
  facet normal -0.819845 -0.461008 0.339597
    outer loop
      vertex -6.95372 8 2.53095
      vertex -6.70667 8 3.12737
      vertex -9.39693 13 3.4202
    endloop
  endfacet
  facet normal -0.819846 -0.461008 0.339594
    outer loop
      vertex -6.70667 8 3.12737
      vertex -9.06308 13 4.22618
      vertex -9.39693 13 3.4202
    endloop
  endfacet
  facet normal -0.792422 -0.514136 0.328226
    outer loop
      vertex -4.13464 3 1.50489
      vertex -3.98775 3 1.85952
      vertex -6.95372 8 2.53095
    endloop
  endfacet
  facet normal -0.792418 -0.514135 0.328237
    outer loop
      vertex -3.98775 3 1.85952
      vertex -6.70667 8 3.12737
      vertex -6.95372 8 2.53095
    endloop
  endfacet
  facet normal -0.884992 -0.287096 0.366558
    outer loop
      vertex -3.28892 0 1.19707
      vertex -3.17208 0 1.47916
      vertex -4.13464 3 1.50489
    endloop
  endfacet
  facet normal -0.884988 -0.287095 0.366568
    outer loop
      vertex -3.17208 0 1.47916
      vertex -3.98775 3 1.85952
      vertex -4.13464 3 1.50489
    endloop
  endfacet
  facet normal -0.884988 0.287096 0.366568
    outer loop
      vertex -3.98775 -3 1.85952
      vertex -3.28892 0 1.19707
      vertex -4.13464 -3 1.50489
    endloop
  endfacet
  facet normal -0.884992 0.287095 0.366559
    outer loop
      vertex -3.17208 0 1.47916
      vertex -3.28892 0 1.19707
      vertex -3.98775 -3 1.85952
    endloop
  endfacet
  facet normal -0.792417 0.514136 0.328236
    outer loop
      vertex -6.70667 -8 3.12737
      vertex -4.13464 -3 1.50489
      vertex -6.95372 -8 2.53095
    endloop
  endfacet
  facet normal -0.792422 0.514135 0.328226
    outer loop
      vertex -3.98775 -3 1.85952
      vertex -4.13464 -3 1.50489
      vertex -6.70667 -8 3.12737
    endloop
  endfacet
  facet normal -0.819846 0.461008 0.339594
    outer loop
      vertex -9.06308 -13 4.22618
      vertex -6.95372 -8 2.53095
      vertex -9.39693 -13 3.4202
    endloop
  endfacet
  facet normal -0.819844 0.461008 0.339597
    outer loop
      vertex -6.70667 -8 3.12737
      vertex -6.95372 -8 2.53095
      vertex -9.06308 -13 4.22618
    endloop
  endfacet
  facet normal -0.826474 0.446879 0.342403
    outer loop
      vertex -10.4225 -16 4.86011
      vertex -9.39693 -13 3.4202
      vertex -10.8065 -16 3.93323
    endloop
  endfacet
  facet normal -0.826504 0.446864 0.342351
    outer loop
      vertex -9.06308 -13 4.22618
      vertex -9.39693 -13 3.4202
      vertex -10.4225 -16 4.86011
    endloop
  endfacet
  facet normal -0.826496 -0.44688 0.342348
    outer loop
      vertex -9.39693 13 3.4202
      vertex -9.06308 13 4.22618
      vertex -10.8065 16 3.93323
    endloop
  endfacet
  facet normal -0.826481 -0.446865 0.342405
    outer loop
      vertex -9.06308 13 4.22618
      vertex -10.4225 16 4.86011
      vertex -10.8065 16 3.93323
    endloop
  endfacet
  facet normal -0.787131 -0.461008 0.409751
    outer loop
      vertex -6.70667 8 3.12737
      vertex -6.40858 8 3.7
      vertex -9.06308 13 4.22618
    endloop
  endfacet
  facet normal -0.787128 -0.461008 0.409758
    outer loop
      vertex -6.40858 8 3.7
      vertex -8.66025 13 5
      vertex -9.06308 13 4.22618
    endloop
  endfacet
  facet normal -0.7608 -0.514135 0.396041
    outer loop
      vertex -3.98775 3 1.85952
      vertex -3.81051 3 2.2
      vertex -6.70667 8 3.12737
    endloop
  endfacet
  facet normal -0.760799 -0.514135 0.396044
    outer loop
      vertex -3.81051 3 2.2
      vertex -6.40858 8 3.7
      vertex -6.70667 8 3.12737
    endloop
  endfacet
  facet normal -0.84967 -0.287096 0.442309
    outer loop
      vertex -3.17208 0 1.47916
      vertex -3.03109 0 1.75
      vertex -3.98775 3 1.85952
    endloop
  endfacet
  facet normal -0.849672 -0.287096 0.442305
    outer loop
      vertex -3.03109 0 1.75
      vertex -3.81051 3 2.2
      vertex -3.98775 3 1.85952
    endloop
  endfacet
  facet normal -0.849672 0.287096 0.442305
    outer loop
      vertex -3.81051 -3 2.2
      vertex -3.17208 0 1.47916
      vertex -3.98775 -3 1.85952
    endloop
  endfacet
  facet normal -0.84967 0.287096 0.442309
    outer loop
      vertex -3.03109 0 1.75
      vertex -3.17208 0 1.47916
      vertex -3.81051 -3 2.2
    endloop
  endfacet
  facet normal -0.760799 0.514135 0.396044
    outer loop
      vertex -6.40858 -8 3.7
      vertex -3.98775 -3 1.85952
      vertex -6.70667 -8 3.12737
    endloop
  endfacet
  facet normal -0.7608 0.514135 0.396041
    outer loop
      vertex -3.81051 -3 2.2
      vertex -3.98775 -3 1.85952
      vertex -6.40858 -8 3.7
    endloop
  endfacet
  facet normal -0.787128 0.461008 0.409758
    outer loop
      vertex -8.66025 -13 5
      vertex -6.70667 -8 3.12737
      vertex -9.06308 -13 4.22618
    endloop
  endfacet
  facet normal -0.787131 0.461007 0.409752
    outer loop
      vertex -6.40858 -8 3.7
      vertex -6.70667 -8 3.12737
      vertex -8.66025 -13 5
    endloop
  endfacet
  facet normal -0.793535 0.446865 0.413055
    outer loop
      vertex -9.95929 -16 5.75
      vertex -9.06308 -13 4.22618
      vertex -10.4225 -16 4.86011
    endloop
  endfacet
  facet normal -0.793515 0.446873 0.413083
    outer loop
      vertex -8.66025 -13 5
      vertex -9.06308 -13 4.22618
      vertex -9.95929 -16 5.75
    endloop
  endfacet
  facet normal -0.793519 -0.446864 0.413085
    outer loop
      vertex -9.06308 13 4.22618
      vertex -8.66025 13 5
      vertex -10.4225 16 4.86011
    endloop
  endfacet
  facet normal -0.793531 -0.446873 0.413053
    outer loop
      vertex -8.66025 13 5
      vertex -9.95929 16 5.75
      vertex -10.4225 16 4.86011
    endloop
  endfacet
  facet normal -0.748422 -0.461007 0.476798
    outer loop
      vertex -6.40858 8 3.7
      vertex -6.06172 8 4.24446
      vertex -8.66025 13 5
    endloop
  endfacet
  facet normal -0.748423 -0.461008 0.476797
    outer loop
      vertex -6.06172 8 4.24446
      vertex -8.19152 13 5.73576
      vertex -8.66025 13 5
    endloop
  endfacet
  facet normal -0.723374 -0.514134 0.460865
    outer loop
      vertex -3.81051 3 2.2
      vertex -3.60426 3 2.52373
      vertex -6.40858 8 3.7
    endloop
  endfacet
  facet normal -0.723384 -0.514136 0.460847
    outer loop
      vertex -3.60426 3 2.52373
      vertex -6.06172 8 4.24446
      vertex -6.40858 8 3.7
    endloop
  endfacet
  facet normal -0.807884 -0.287096 0.514684
    outer loop
      vertex -3.03109 0 1.75
      vertex -2.86703 0 2.00752
      vertex -3.81051 3 2.2
    endloop
  endfacet
  facet normal -0.807874 -0.287094 0.514701
    outer loop
      vertex -2.86703 0 2.00752
      vertex -3.60426 3 2.52373
      vertex -3.81051 3 2.2
    endloop
  endfacet
  facet normal -0.807873 0.287096 0.5147
    outer loop
      vertex -3.60426 -3 2.52373
      vertex -3.03109 0 1.75
      vertex -3.81051 -3 2.2
    endloop
  endfacet
  facet normal -0.807884 0.287094 0.514684
    outer loop
      vertex -2.86703 0 2.00752
      vertex -3.03109 0 1.75
      vertex -3.60426 -3 2.52373
    endloop
  endfacet
  facet normal -0.723384 0.514135 0.460848
    outer loop
      vertex -6.06172 -8 4.24446
      vertex -3.81051 -3 2.2
      vertex -6.40858 -8 3.7
    endloop
  endfacet
  facet normal -0.723373 0.514136 0.460864
    outer loop
      vertex -3.60426 -3 2.52373
      vertex -3.81051 -3 2.2
      vertex -6.06172 -8 4.24446
    endloop
  endfacet
  facet normal -0.748423 0.461007 0.476797
    outer loop
      vertex -8.19152 -13 5.73576
      vertex -6.40858 -8 3.7
      vertex -8.66025 -13 5
    endloop
  endfacet
  facet normal -0.748422 0.461008 0.476798
    outer loop
      vertex -6.06172 -8 4.24446
      vertex -6.40858 -8 3.7
      vertex -8.19152 -13 5.73576
    endloop
  endfacet
  facet normal -0.754497 0.446873 0.480664
    outer loop
      vertex -9.42025 -16 6.59613
      vertex -8.66025 -13 5
      vertex -9.95929 -16 5.75
    endloop
  endfacet
  facet normal -0.754496 0.446874 0.480666
    outer loop
      vertex -8.19152 -13 5.73576
      vertex -8.66025 -13 5
      vertex -9.42025 -16 6.59613
    endloop
  endfacet
  facet normal -0.754496 -0.446873 0.480666
    outer loop
      vertex -8.66025 13 5
      vertex -8.19152 13 5.73576
      vertex -9.95929 16 5.75
    endloop
  endfacet
  facet normal -0.754497 -0.446874 0.480664
    outer loop
      vertex -8.19152 13 5.73576
      vertex -9.42025 16 6.59613
      vertex -9.95929 16 5.75
    endloop
  endfacet
  facet normal -0.704015 -0.461008 0.540218
    outer loop
      vertex -6.06172 8 4.24446
      vertex -5.66872 8 4.75662
      vertex -8.19152 13 5.73576
    endloop
  endfacet
  facet normal -0.70402 -0.461008 0.540211
    outer loop
      vertex -5.66872 8 4.75662
      vertex -7.66044 13 6.42788
      vertex -8.19152 13 5.73576
    endloop
  endfacet
  facet normal -0.68047 -0.514136 0.522134
    outer loop
      vertex -3.60426 3 2.52373
      vertex -3.37059 3 2.82826
      vertex -6.06172 8 4.24446
    endloop
  endfacet
  facet normal -0.680463 -0.514135 0.522145
    outer loop
      vertex -3.37059 3 2.82826
      vertex -5.66872 8 4.75662
      vertex -6.06172 8 4.24446
    endloop
  endfacet
  facet normal -0.759966 -0.287094 0.58312
    outer loop
      vertex -2.86703 0 2.00752
      vertex -2.68116 0 2.24976
      vertex -3.60426 3 2.52373
    endloop
  endfacet
  facet normal -0.75996 -0.287093 0.583128
    outer loop
      vertex -2.68116 0 2.24976
      vertex -3.37059 3 2.82826
      vertex -3.60426 3 2.52373
    endloop
  endfacet
  facet normal -0.75996 0.287094 0.583128
    outer loop
      vertex -3.37059 -3 2.82826
      vertex -2.86703 0 2.00752
      vertex -3.60426 -3 2.52373
    endloop
  endfacet
  facet normal -0.759966 0.287093 0.58312
    outer loop
      vertex -2.68116 0 2.24976
      vertex -2.86703 0 2.00752
      vertex -3.37059 -3 2.82826
    endloop
  endfacet
  facet normal -0.680462 0.514136 0.522145
    outer loop
      vertex -5.66872 -8 4.75662
      vertex -3.60426 -3 2.52373
      vertex -6.06172 -8 4.24446
    endloop
  endfacet
  facet normal -0.680471 0.514135 0.522135
    outer loop
      vertex -3.37059 -3 2.82826
      vertex -3.60426 -3 2.52373
      vertex -5.66872 -8 4.75662
    endloop
  endfacet
  facet normal -0.70402 0.461008 0.540211
    outer loop
      vertex -7.66044 -13 6.42788
      vertex -6.06172 -8 4.24446
      vertex -8.19152 -13 5.73576
    endloop
  endfacet
  facet normal -0.704014 0.461009 0.540217
    outer loop
      vertex -5.66872 -8 4.75662
      vertex -6.06172 -8 4.24446
      vertex -7.66044 -13 6.42788
    endloop
  endfacet
  facet normal -0.709731 0.446874 0.544597
    outer loop
      vertex -8.80951 -16 7.39206
      vertex -8.19152 -13 5.73576
      vertex -9.42025 -16 6.59613
    endloop
  endfacet
  facet normal -0.709733 0.446873 0.544595
    outer loop
      vertex -7.66044 -13 6.42788
      vertex -8.19152 -13 5.73576
      vertex -8.80951 -16 7.39206
    endloop
  endfacet
  facet normal -0.709733 -0.446874 0.544595
    outer loop
      vertex -8.19152 13 5.73576
      vertex -7.66044 13 6.42788
      vertex -9.42025 16 6.59613
    endloop
  endfacet
  facet normal -0.709731 -0.446873 0.544597
    outer loop
      vertex -7.66044 13 6.42788
      vertex -8.80951 16 7.39206
      vertex -9.42025 16 6.59613
    endloop
  endfacet
  facet normal -0.654255 -0.461009 0.599518
    outer loop
      vertex -5.66872 8 4.75662
      vertex -5.23258 8 5.23258
      vertex -7.66044 13 6.42788
    endloop
  endfacet
  facet normal -0.654259 -0.461009 0.599513
    outer loop
      vertex -5.23258 8 5.23258
      vertex -7.07107 13 7.07107
      vertex -7.66044 13 6.42788
    endloop
  endfacet
  facet normal -0.632382 -0.514135 0.579447
    outer loop
      vertex -3.37059 3 2.82826
      vertex -3.11127 3 3.11127
      vertex -5.66872 8 4.75662
    endloop
  endfacet
  facet normal -0.632368 -0.514134 0.579463
    outer loop
      vertex -3.11127 3 3.11127
      vertex -5.23258 8 5.23258
      vertex -5.66872 8 4.75662
    endloop
  endfacet
  facet normal -0.706217 -0.287093 0.647175
    outer loop
      vertex -2.68116 0 2.24976
      vertex -2.47487 0 2.47487
      vertex -3.37059 3 2.82826
    endloop
  endfacet
  facet normal -0.706252 -0.287098 0.647134
    outer loop
      vertex -2.47487 0 2.47487
      vertex -3.11127 3 3.11127
      vertex -3.37059 3 2.82826
    endloop
  endfacet
  facet normal -0.706253 0.287093 0.647135
    outer loop
      vertex -3.11127 -3 3.11127
      vertex -2.68116 0 2.24976
      vertex -3.37059 -3 2.82826
    endloop
  endfacet
  facet normal -0.706216 0.287099 0.647174
    outer loop
      vertex -2.47487 0 2.47487
      vertex -2.68116 0 2.24976
      vertex -3.11127 -3 3.11127
    endloop
  endfacet
  facet normal -0.632368 0.514135 0.579462
    outer loop
      vertex -5.23258 -8 5.23258
      vertex -3.37059 -3 2.82826
      vertex -5.66872 -8 4.75662
    endloop
  endfacet
  facet normal -0.632382 0.514133 0.579447
    outer loop
      vertex -3.11127 -3 3.11127
      vertex -3.37059 -3 2.82826
      vertex -5.23258 -8 5.23258
    endloop
  endfacet
  facet normal -0.654259 0.461009 0.599513
    outer loop
      vertex -7.07107 -13 7.07107
      vertex -5.66872 -8 4.75662
      vertex -7.66044 -13 6.42788
    endloop
  endfacet
  facet normal -0.654254 0.461009 0.599518
    outer loop
      vertex -5.23258 -8 5.23258
      vertex -5.66872 -8 4.75662
      vertex -7.07107 -13 7.07107
    endloop
  endfacet
  facet normal -0.659567 0.446873 0.60438
    outer loop
      vertex -8.13173 -16 8.13173
      vertex -7.66044 -13 6.42788
      vertex -8.80951 -16 7.39206
    endloop
  endfacet
  facet normal -0.659569 0.446873 0.604378
    outer loop
      vertex -7.07107 -13 7.07107
      vertex -7.66044 -13 6.42788
      vertex -8.13173 -16 8.13173
    endloop
  endfacet
  facet normal -0.659569 -0.446873 0.604378
    outer loop
      vertex -7.66044 13 6.42788
      vertex -7.07107 13 7.07107
      vertex -8.80951 16 7.39206
    endloop
  endfacet
  facet normal -0.659568 -0.446873 0.60438
    outer loop
      vertex -7.07107 13 7.07107
      vertex -8.13173 16 8.13173
      vertex -8.80951 16 7.39206
    endloop
  endfacet
  facet normal -0.599518 -0.461009 0.654254
    outer loop
      vertex -5.23258 8 5.23258
      vertex -4.75662 8 5.66872
      vertex -7.07107 13 7.07107
    endloop
  endfacet
  facet normal -0.599513 -0.461009 0.654259
    outer loop
      vertex -4.75662 8 5.66872
      vertex -6.42788 13 7.66044
      vertex -7.07107 13 7.07107
    endloop
  endfacet
  facet normal -0.579447 -0.514133 0.632382
    outer loop
      vertex -3.11127 3 3.11127
      vertex -2.82826 3 3.37059
      vertex -5.23258 8 5.23258
    endloop
  endfacet
  facet normal -0.579462 -0.514135 0.632368
    outer loop
      vertex -2.82826 3 3.37059
      vertex -4.75662 8 5.66872
      vertex -5.23258 8 5.23258
    endloop
  endfacet
  facet normal -0.647174 -0.287099 0.706216
    outer loop
      vertex -2.47487 0 2.47487
      vertex -2.24976 0 2.68116
      vertex -3.11127 3 3.11127
    endloop
  endfacet
  facet normal -0.647135 -0.287093 0.706253
    outer loop
      vertex -2.24976 0 2.68116
      vertex -2.82826 3 3.37059
      vertex -3.11127 3 3.11127
    endloop
  endfacet
  facet normal -0.647134 0.287098 0.706252
    outer loop
      vertex -2.82826 -3 3.37059
      vertex -2.47487 0 2.47487
      vertex -3.11127 -3 3.11127
    endloop
  endfacet
  facet normal -0.647175 0.287093 0.706217
    outer loop
      vertex -2.24976 0 2.68116
      vertex -2.47487 0 2.47487
      vertex -2.82826 -3 3.37059
    endloop
  endfacet
  facet normal -0.579463 0.514134 0.632368
    outer loop
      vertex -4.75662 -8 5.66872
      vertex -3.11127 -3 3.11127
      vertex -5.23258 -8 5.23258
    endloop
  endfacet
  facet normal -0.579447 0.514135 0.632382
    outer loop
      vertex -2.82826 -3 3.37059
      vertex -3.11127 -3 3.11127
      vertex -4.75662 -8 5.66872
    endloop
  endfacet
  facet normal -0.599513 0.461009 0.654259
    outer loop
      vertex -6.42788 -13 7.66044
      vertex -5.23258 -8 5.23258
      vertex -7.07107 -13 7.07107
    endloop
  endfacet
  facet normal -0.599518 0.461009 0.654255
    outer loop
      vertex -4.75662 -8 5.66872
      vertex -5.23258 -8 5.23258
      vertex -6.42788 -13 7.66044
    endloop
  endfacet
  facet normal -0.60438 0.446873 0.659568
    outer loop
      vertex -7.39206 -16 8.80951
      vertex -7.07107 -13 7.07107
      vertex -8.13173 -16 8.13173
    endloop
  endfacet
  facet normal -0.604378 0.446873 0.659569
    outer loop
      vertex -6.42788 -13 7.66044
      vertex -7.07107 -13 7.07107
      vertex -7.39206 -16 8.80951
    endloop
  endfacet
  facet normal -0.604378 -0.446873 0.659569
    outer loop
      vertex -7.07107 13 7.07107
      vertex -6.42788 13 7.66044
      vertex -8.13173 16 8.13173
    endloop
  endfacet
  facet normal -0.60438 -0.446873 0.659567
    outer loop
      vertex -6.42788 13 7.66044
      vertex -7.39206 16 8.80951
      vertex -8.13173 16 8.13173
    endloop
  endfacet
  facet normal -0.540217 -0.461009 0.704014
    outer loop
      vertex -4.75662 8 5.66872
      vertex -4.24446 8 6.06172
      vertex -6.42788 13 7.66044
    endloop
  endfacet
  facet normal -0.540211 -0.461008 0.70402
    outer loop
      vertex -4.24446 8 6.06172
      vertex -5.73576 13 8.19152
      vertex -6.42788 13 7.66044
    endloop
  endfacet
  facet normal -0.522135 -0.514135 0.680471
    outer loop
      vertex -2.82826 3 3.37059
      vertex -2.52373 3 3.60426
      vertex -4.75662 8 5.66872
    endloop
  endfacet
  facet normal -0.522145 -0.514136 0.680462
    outer loop
      vertex -2.52373 3 3.60426
      vertex -4.24446 8 6.06172
      vertex -4.75662 8 5.66872
    endloop
  endfacet
  facet normal -0.58312 -0.287093 0.759966
    outer loop
      vertex -2.24976 0 2.68116
      vertex -2.00752 0 2.86703
      vertex -2.82826 3 3.37059
    endloop
  endfacet
  facet normal -0.583128 -0.287094 0.75996
    outer loop
      vertex -2.00752 0 2.86703
      vertex -2.52373 3 3.60426
      vertex -2.82826 3 3.37059
    endloop
  endfacet
  facet normal -0.583128 0.287093 0.75996
    outer loop
      vertex -2.52373 -3 3.60426
      vertex -2.24976 0 2.68116
      vertex -2.82826 -3 3.37059
    endloop
  endfacet
  facet normal -0.58312 0.287094 0.759966
    outer loop
      vertex -2.00752 0 2.86703
      vertex -2.24976 0 2.68116
      vertex -2.52373 -3 3.60426
    endloop
  endfacet
  facet normal -0.522145 0.514135 0.680463
    outer loop
      vertex -4.24446 -8 6.06172
      vertex -2.82826 -3 3.37059
      vertex -4.75662 -8 5.66872
    endloop
  endfacet
  facet normal -0.522134 0.514136 0.68047
    outer loop
      vertex -2.52373 -3 3.60426
      vertex -2.82826 -3 3.37059
      vertex -4.24446 -8 6.06172
    endloop
  endfacet
  facet normal -0.540211 0.461008 0.70402
    outer loop
      vertex -5.73576 -13 8.19152
      vertex -4.75662 -8 5.66872
      vertex -6.42788 -13 7.66044
    endloop
  endfacet
  facet normal -0.540218 0.461008 0.704015
    outer loop
      vertex -4.24446 -8 6.06172
      vertex -4.75662 -8 5.66872
      vertex -5.73576 -13 8.19152
    endloop
  endfacet
  facet normal -0.544597 0.446873 0.709731
    outer loop
      vertex -6.59613 -16 9.42025
      vertex -6.42788 -13 7.66044
      vertex -7.39206 -16 8.80951
    endloop
  endfacet
  facet normal -0.544595 0.446874 0.709733
    outer loop
      vertex -5.73576 -13 8.19152
      vertex -6.42788 -13 7.66044
      vertex -6.59613 -16 9.42025
    endloop
  endfacet
  facet normal -0.544595 -0.446873 0.709733
    outer loop
      vertex -6.42788 13 7.66044
      vertex -5.73576 13 8.19152
      vertex -7.39206 16 8.80951
    endloop
  endfacet
  facet normal -0.544597 -0.446874 0.709731
    outer loop
      vertex -5.73576 13 8.19152
      vertex -6.59613 16 9.42025
      vertex -7.39206 16 8.80951
    endloop
  endfacet
  facet normal -0.476798 -0.461008 0.748422
    outer loop
      vertex -4.24446 8 6.06172
      vertex -3.7 8 6.40858
      vertex -5.73576 13 8.19152
    endloop
  endfacet
  facet normal -0.476797 -0.461007 0.748423
    outer loop
      vertex -3.7 8 6.40858
      vertex -5 13 8.66025
      vertex -5.73576 13 8.19152
    endloop
  endfacet
  facet normal -0.460864 -0.514136 0.723373
    outer loop
      vertex -2.52373 3 3.60426
      vertex -2.2 3 3.81051
      vertex -4.24446 8 6.06172
    endloop
  endfacet
  facet normal -0.460848 -0.514135 0.723384
    outer loop
      vertex -2.2 3 3.81051
      vertex -3.7 8 6.40858
      vertex -4.24446 8 6.06172
    endloop
  endfacet
  facet normal -0.514684 -0.287094 0.807884
    outer loop
      vertex -2.00752 0 2.86703
      vertex -1.75 0 3.03109
      vertex -2.52373 3 3.60426
    endloop
  endfacet
  facet normal -0.5147 -0.287096 0.807873
    outer loop
      vertex -1.75 0 3.03109
      vertex -2.2 3 3.81051
      vertex -2.52373 3 3.60426
    endloop
  endfacet
  facet normal -0.514701 0.287094 0.807874
    outer loop
      vertex -2.2 -3 3.81051
      vertex -2.00752 0 2.86703
      vertex -2.52373 -3 3.60426
    endloop
  endfacet
  facet normal -0.514684 0.287096 0.807884
    outer loop
      vertex -1.75 0 3.03109
      vertex -2.00752 0 2.86703
      vertex -2.2 -3 3.81051
    endloop
  endfacet
  facet normal -0.460847 0.514136 0.723384
    outer loop
      vertex -3.7 -8 6.40858
      vertex -2.52373 -3 3.60426
      vertex -4.24446 -8 6.06172
    endloop
  endfacet
  facet normal -0.460865 0.514134 0.723374
    outer loop
      vertex -2.2 -3 3.81051
      vertex -2.52373 -3 3.60426
      vertex -3.7 -8 6.40858
    endloop
  endfacet
  facet normal -0.476797 0.461008 0.748423
    outer loop
      vertex -5 -13 8.66025
      vertex -4.24446 -8 6.06172
      vertex -5.73576 -13 8.19152
    endloop
  endfacet
  facet normal -0.476798 0.461007 0.748422
    outer loop
      vertex -3.7 -8 6.40858
      vertex -4.24446 -8 6.06172
      vertex -5 -13 8.66025
    endloop
  endfacet
  facet normal -0.480664 0.446874 0.754497
    outer loop
      vertex -5.75 -16 9.95929
      vertex -5.73576 -13 8.19152
      vertex -6.59613 -16 9.42025
    endloop
  endfacet
  facet normal -0.480666 0.446873 0.754496
    outer loop
      vertex -5 -13 8.66025
      vertex -5.73576 -13 8.19152
      vertex -5.75 -16 9.95929
    endloop
  endfacet
  facet normal -0.480666 -0.446874 0.754496
    outer loop
      vertex -5.73576 13 8.19152
      vertex -5 13 8.66025
      vertex -6.59613 16 9.42025
    endloop
  endfacet
  facet normal -0.480664 -0.446873 0.754497
    outer loop
      vertex -5 13 8.66025
      vertex -5.75 16 9.95929
      vertex -6.59613 16 9.42025
    endloop
  endfacet
  facet normal -0.409752 -0.461007 0.787131
    outer loop
      vertex -3.7 8 6.40858
      vertex -3.12737 8 6.70667
      vertex -5 13 8.66025
    endloop
  endfacet
  facet normal -0.409758 -0.461008 0.787128
    outer loop
      vertex -3.12737 8 6.70667
      vertex -4.22618 13 9.06308
      vertex -5 13 8.66025
    endloop
  endfacet
  facet normal -0.396041 -0.514135 0.7608
    outer loop
      vertex -2.2 3 3.81051
      vertex -1.85952 3 3.98775
      vertex -3.7 8 6.40858
    endloop
  endfacet
  facet normal -0.396044 -0.514135 0.760799
    outer loop
      vertex -1.85952 3 3.98775
      vertex -3.12737 8 6.70667
      vertex -3.7 8 6.40858
    endloop
  endfacet
  facet normal -0.442309 -0.287096 0.84967
    outer loop
      vertex -1.75 0 3.03109
      vertex -1.47916 0 3.17208
      vertex -2.2 3 3.81051
    endloop
  endfacet
  facet normal -0.442305 -0.287096 0.849672
    outer loop
      vertex -1.47916 0 3.17208
      vertex -1.85952 3 3.98775
      vertex -2.2 3 3.81051
    endloop
  endfacet
  facet normal -0.442305 0.287096 0.849672
    outer loop
      vertex -1.85952 -3 3.98775
      vertex -1.75 0 3.03109
      vertex -2.2 -3 3.81051
    endloop
  endfacet
  facet normal -0.442309 0.287096 0.84967
    outer loop
      vertex -1.47916 0 3.17208
      vertex -1.75 0 3.03109
      vertex -1.85952 -3 3.98775
    endloop
  endfacet
  facet normal -0.396044 0.514135 0.760799
    outer loop
      vertex -3.12737 -8 6.70667
      vertex -2.2 -3 3.81051
      vertex -3.7 -8 6.40858
    endloop
  endfacet
  facet normal -0.396041 0.514135 0.7608
    outer loop
      vertex -1.85952 -3 3.98775
      vertex -2.2 -3 3.81051
      vertex -3.12737 -8 6.70667
    endloop
  endfacet
  facet normal -0.409758 0.461008 0.787128
    outer loop
      vertex -4.22618 -13 9.06308
      vertex -3.7 -8 6.40858
      vertex -5 -13 8.66025
    endloop
  endfacet
  facet normal -0.409751 0.461008 0.787131
    outer loop
      vertex -3.12737 -8 6.70667
      vertex -3.7 -8 6.40858
      vertex -4.22618 -13 9.06308
    endloop
  endfacet
  facet normal -0.413053 0.446873 0.793531
    outer loop
      vertex -4.86011 -16 10.4225
      vertex -5 -13 8.66025
      vertex -5.75 -16 9.95929
    endloop
  endfacet
  facet normal -0.413085 0.446864 0.793519
    outer loop
      vertex -4.86011 -16 10.4225
      vertex -4.22618 -13 9.06308
      vertex -5 -13 8.66025
    endloop
  endfacet
  facet normal -0.413083 -0.446873 0.793515
    outer loop
      vertex -5 13 8.66025
      vertex -4.22618 13 9.06308
      vertex -5.75 16 9.95929
    endloop
  endfacet
  facet normal -0.413055 -0.446865 0.793535
    outer loop
      vertex -4.22618 13 9.06308
      vertex -4.86011 16 10.4225
      vertex -5.75 16 9.95929
    endloop
  endfacet
  facet normal -0.339597 -0.461008 0.819844
    outer loop
      vertex -3.12737 8 6.70667
      vertex -2.53095 8 6.95372
      vertex -4.22618 13 9.06308
    endloop
  endfacet
  facet normal -0.339594 -0.461008 0.819846
    outer loop
      vertex -2.53095 8 6.95372
      vertex -3.4202 13 9.39693
      vertex -4.22618 13 9.06308
    endloop
  endfacet
  facet normal -0.328226 -0.514135 0.792422
    outer loop
      vertex -1.85952 3 3.98775
      vertex -1.50489 3 4.13464
      vertex -3.12737 8 6.70667
    endloop
  endfacet
  facet normal -0.328236 -0.514136 0.792417
    outer loop
      vertex -1.50489 3 4.13464
      vertex -2.53095 8 6.95372
      vertex -3.12737 8 6.70667
    endloop
  endfacet
  facet normal -0.366559 -0.287095 0.884992
    outer loop
      vertex -1.47916 0 3.17208
      vertex -1.19707 0 3.28892
      vertex -1.85952 3 3.98775
    endloop
  endfacet
  facet normal -0.366568 -0.287096 0.884988
    outer loop
      vertex -1.19707 0 3.28892
      vertex -1.50489 3 4.13464
      vertex -1.85952 3 3.98775
    endloop
  endfacet
  facet normal -0.366568 0.287095 0.884988
    outer loop
      vertex -1.50489 -3 4.13464
      vertex -1.47916 0 3.17208
      vertex -1.85952 -3 3.98775
    endloop
  endfacet
  facet normal -0.366558 0.287096 0.884992
    outer loop
      vertex -1.19707 0 3.28892
      vertex -1.47916 0 3.17208
      vertex -1.50489 -3 4.13464
    endloop
  endfacet
  facet normal -0.328237 0.514135 0.792418
    outer loop
      vertex -2.53095 -8 6.95372
      vertex -1.85952 -3 3.98775
      vertex -3.12737 -8 6.70667
    endloop
  endfacet
  facet normal -0.328226 0.514136 0.792422
    outer loop
      vertex -1.50489 -3 4.13464
      vertex -1.85952 -3 3.98775
      vertex -2.53095 -8 6.95372
    endloop
  endfacet
  facet normal -0.339594 0.461008 0.819846
    outer loop
      vertex -3.4202 -13 9.39693
      vertex -3.12737 -8 6.70667
      vertex -4.22618 -13 9.06308
    endloop
  endfacet
  facet normal -0.339597 0.461008 0.819845
    outer loop
      vertex -2.53095 -8 6.95372
      vertex -3.12737 -8 6.70667
      vertex -3.4202 -13 9.39693
    endloop
  endfacet
  facet normal -0.342405 0.446865 0.826481
    outer loop
      vertex -3.93323 -16 10.8065
      vertex -4.22618 -13 9.06308
      vertex -4.86011 -16 10.4225
    endloop
  endfacet
  facet normal -0.342348 0.44688 0.826496
    outer loop
      vertex -3.93323 -16 10.8065
      vertex -3.4202 -13 9.39693
      vertex -4.22618 -13 9.06308
    endloop
  endfacet
  facet normal -0.342351 -0.446864 0.826504
    outer loop
      vertex -4.22618 13 9.06308
      vertex -3.4202 13 9.39693
      vertex -4.86011 16 10.4225
    endloop
  endfacet
  facet normal -0.342403 -0.446879 0.826474
    outer loop
      vertex -3.4202 13 9.39693
      vertex -3.93323 16 10.8065
      vertex -4.86011 16 10.4225
    endloop
  endfacet
  facet normal -0.266837 -0.461008 0.846327
    outer loop
      vertex -2.53095 8 6.95372
      vertex -1.91526 8 7.14784
      vertex -3.4202 13 9.39693
    endloop
  endfacet
  facet normal -0.266843 -0.461009 0.846325
    outer loop
      vertex -1.91526 8 7.14784
      vertex -2.58819 13 9.65926
      vertex -3.4202 13 9.39693
    endloop
  endfacet
  facet normal -0.257923 -0.514136 0.81801
    outer loop
      vertex -1.50489 3 4.13464
      vertex -1.1388 3 4.25007
      vertex -2.53095 8 6.95372
    endloop
  endfacet
  facet normal -0.257911 -0.514135 0.818014
    outer loop
      vertex -1.1388 3 4.25007
      vertex -1.91526 8 7.14784
      vertex -2.53095 8 6.95372
    endloop
  endfacet
  facet normal -0.288058 -0.287096 0.913563
    outer loop
      vertex -1.19707 0 3.28892
      vertex -0.905867 0 3.38074
      vertex -1.50489 3 4.13464
    endloop
  endfacet
  facet normal -0.288052 -0.287096 0.913566
    outer loop
      vertex -0.905867 0 3.38074
      vertex -1.1388 3 4.25007
      vertex -1.50489 3 4.13464
    endloop
  endfacet
  facet normal -0.288052 0.287096 0.913566
    outer loop
      vertex -1.1388 -3 4.25007
      vertex -1.19707 0 3.28892
      vertex -1.50489 -3 4.13464
    endloop
  endfacet
  facet normal -0.288058 0.287096 0.913564
    outer loop
      vertex -1.1388 -3 4.25007
      vertex -0.905867 0 3.38074
      vertex -1.19707 0 3.28892
    endloop
  endfacet
  facet normal -0.25791 0.514136 0.818014
    outer loop
      vertex -1.91526 -8 7.14784
      vertex -1.50489 -3 4.13464
      vertex -2.53095 -8 6.95372
    endloop
  endfacet
  facet normal -0.257923 0.514135 0.818011
    outer loop
      vertex -1.1388 -3 4.25007
      vertex -1.50489 -3 4.13464
      vertex -1.91526 -8 7.14784
    endloop
  endfacet
  facet normal -0.266843 0.461008 0.846325
    outer loop
      vertex -2.58819 -13 9.65926
      vertex -2.53095 -8 6.95372
      vertex -3.4202 -13 9.39693
    endloop
  endfacet
  facet normal -0.266837 0.461009 0.846327
    outer loop
      vertex -1.91526 -8 7.14784
      vertex -2.53095 -8 6.95372
      vertex -2.58819 -13 9.65926
    endloop
  endfacet
  facet normal -0.268944 0.446879 0.853211
    outer loop
      vertex -2.97642 -16 11.1081
      vertex -3.4202 -13 9.39693
      vertex -3.93323 -16 10.8065
    endloop
  endfacet
  facet normal -0.269011 0.446862 0.853198
    outer loop
      vertex -2.97642 -16 11.1081
      vertex -2.58819 -13 9.65926
      vertex -3.4202 -13 9.39693
    endloop
  endfacet
  facet normal -0.269008 -0.44688 0.85319
    outer loop
      vertex -3.4202 13 9.39693
      vertex -2.58819 13 9.65926
      vertex -3.93323 16 10.8065
    endloop
  endfacet
  facet normal -0.268946 -0.446863 0.853218
    outer loop
      vertex -2.58819 13 9.65926
      vertex -2.97642 16 11.1081
      vertex -3.93323 16 10.8065
    endloop
  endfacet
  facet normal -0.192074 -0.461009 0.866359
    outer loop
      vertex -1.91526 8 7.14784
      vertex -1.285 8 7.28757
      vertex -2.58819 13 9.65926
    endloop
  endfacet
  facet normal -0.192068 -0.461008 0.866361
    outer loop
      vertex -1.285 8 7.28757
      vertex -1.73648 13 9.84808
      vertex -2.58819 13 9.65926
    endloop
  endfacet
  facet normal -0.185642 -0.514135 0.837378
    outer loop
      vertex -1.1388 3 4.25007
      vertex -0.76405 3 4.33315
      vertex -1.91526 8 7.14784
    endloop
  endfacet
  facet normal -0.185648 -0.514135 0.837377
    outer loop
      vertex -0.76405 3 4.33315
      vertex -1.285 8 7.28757
      vertex -1.91526 8 7.14784
    endloop
  endfacet
  facet normal -0.207337 -0.287096 0.935194
    outer loop
      vertex -0.905867 0 3.38074
      vertex -0.607768 0 3.44683
      vertex -1.1388 3 4.25007
    endloop
  endfacet
  facet normal -0.207328 -0.287095 0.935196
    outer loop
      vertex -0.607768 0 3.44683
      vertex -0.76405 3 4.33315
      vertex -1.1388 3 4.25007
    endloop
  endfacet
  facet normal -0.207328 0.287096 0.935196
    outer loop
      vertex -0.76405 -3 4.33315
      vertex -0.905867 0 3.38074
      vertex -1.1388 -3 4.25007
    endloop
  endfacet
  facet normal -0.207337 0.287095 0.935194
    outer loop
      vertex -0.76405 -3 4.33315
      vertex -0.607768 0 3.44683
      vertex -0.905867 0 3.38074
    endloop
  endfacet
  facet normal -0.185648 0.514135 0.837377
    outer loop
      vertex -1.285 -8 7.28757
      vertex -1.1388 -3 4.25007
      vertex -1.91526 -8 7.14784
    endloop
  endfacet
  facet normal -0.185642 0.514135 0.837378
    outer loop
      vertex -0.76405 -3 4.33315
      vertex -1.1388 -3 4.25007
      vertex -1.285 -8 7.28757
    endloop
  endfacet
  facet normal -0.192068 0.461009 0.866361
    outer loop
      vertex -1.73648 -13 9.84808
      vertex -1.91526 -8 7.14784
      vertex -2.58819 -13 9.65926
    endloop
  endfacet
  facet normal -0.192074 0.461008 0.86636
    outer loop
      vertex -1.73648 -13 9.84808
      vertex -1.285 -8 7.28757
      vertex -1.91526 -8 7.14784
    endloop
  endfacet
  facet normal -0.193676 0.446863 0.873386
    outer loop
      vertex -1.99695 -16 11.3253
      vertex -2.58819 -13 9.65926
      vertex -2.97642 -16 11.1081
    endloop
  endfacet
  facet normal -0.193627 0.446875 0.873391
    outer loop
      vertex -1.99695 -16 11.3253
      vertex -1.73648 -13 9.84808
      vertex -2.58819 -13 9.65926
    endloop
  endfacet
  facet normal -0.193628 -0.446862 0.873397
    outer loop
      vertex -2.58819 13 9.65926
      vertex -1.73648 13 9.84808
      vertex -2.97642 16 11.1081
    endloop
  endfacet
  facet normal -0.193674 -0.446874 0.873381
    outer loop
      vertex -1.73648 13 9.84808
      vertex -1.99695 16 11.3253
      vertex -2.97642 16 11.1081
    endloop
  endfacet
  facet normal -0.115823 -0.461008 0.879805
    outer loop
      vertex -1.285 8 7.28757
      vertex -0.644952 8 7.37183
      vertex -1.73648 13 9.84808
    endloop
  endfacet
  facet normal -0.115829 -0.461009 0.879804
    outer loop
      vertex -0.644952 8 7.37183
      vertex -0.871557 13 9.96195
      vertex -1.73648 13 9.84808
    endloop
  endfacet
  facet normal -0.111948 -0.514135 0.850372
    outer loop
      vertex -0.76405 3 4.33315
      vertex -0.383484 3 4.38325
      vertex -1.285 8 7.28757
    endloop
  endfacet
  facet normal -0.111948 -0.514135 0.850372
    outer loop
      vertex -0.383484 3 4.38325
      vertex -0.644952 8 7.37183
      vertex -1.285 8 7.28757
    endloop
  endfacet
  facet normal -0.125018 -0.287095 0.949709
    outer loop
      vertex -0.607768 0 3.44683
      vertex -0.305044 0 3.48668
      vertex -0.76405 3 4.33315
    endloop
  endfacet
  facet normal -0.125025 -0.287095 0.949708
    outer loop
      vertex -0.305044 0 3.48668
      vertex -0.383484 3 4.38325
      vertex -0.76405 3 4.33315
    endloop
  endfacet
  facet normal -0.125025 0.287095 0.949708
    outer loop
      vertex -0.383484 -3 4.38325
      vertex -0.607768 0 3.44683
      vertex -0.76405 -3 4.33315
    endloop
  endfacet
  facet normal -0.125018 0.287096 0.949709
    outer loop
      vertex -0.383484 -3 4.38325
      vertex -0.305044 0 3.48668
      vertex -0.607768 0 3.44683
    endloop
  endfacet
  facet normal -0.111948 0.514135 0.850372
    outer loop
      vertex -0.644952 -8 7.37183
      vertex -0.76405 -3 4.33315
      vertex -1.285 -8 7.28757
    endloop
  endfacet
  facet normal -0.111948 0.514135 0.850372
    outer loop
      vertex -0.644952 -8 7.37183
      vertex -0.383484 -3 4.38325
      vertex -0.76405 -3 4.33315
    endloop
  endfacet
  facet normal -0.115829 0.461008 0.879804
    outer loop
      vertex -0.871557 -13 9.96195
      vertex -1.285 -8 7.28757
      vertex -1.73648 -13 9.84808
    endloop
  endfacet
  facet normal -0.115823 0.461009 0.879804
    outer loop
      vertex -0.871557 -13 9.96195
      vertex -0.644952 -8 7.37183
      vertex -1.285 -8 7.28757
    endloop
  endfacet
  facet normal -0.116725 0.446874 0.886949
    outer loop
      vertex -1.00229 -16 11.4562
      vertex -1.73648 -13 9.84808
      vertex -1.99695 -16 11.3253
    endloop
  endfacet
  facet normal -0.11677 0.446863 0.886949
    outer loop
      vertex -1.00229 -16 11.4562
      vertex -0.871557 -13 9.96195
      vertex -1.73648 -13 9.84808
    endloop
  endfacet
  facet normal -0.116769 -0.446875 0.886943
    outer loop
      vertex -1.73648 13 9.84808
      vertex -0.871557 13 9.96195
      vertex -1.99695 16 11.3253
    endloop
  endfacet
  facet normal -0.116726 -0.446864 0.886954
    outer loop
      vertex -0.871557 13 9.96195
      vertex -1.00229 16 11.4562
      vertex -1.99695 16 11.3253
    endloop
  endfacet
  facet normal -0.0387087 -0.461009 0.886551
    outer loop
      vertex -0.644952 8 7.37183
      vertex 0 8 7.39999
      vertex -0.871557 13 9.96195
    endloop
  endfacet
  facet normal -0.0387046 -0.461008 0.886551
    outer loop
      vertex 0 8 7.39999
      vertex 0 13 10
      vertex -0.871557 13 9.96195
    endloop
  endfacet
  facet normal -0.0374055 -0.514135 0.856893
    outer loop
      vertex -0.383484 3 4.38325
      vertex 0 3 4.39999
      vertex -0.644952 8 7.37183
    endloop
  endfacet
  facet normal -0.0374138 -0.514136 0.856893
    outer loop
      vertex 0 3 4.39999
      vertex 0 8 7.39999
      vertex -0.644952 8 7.37183
    endloop
  endfacet
  facet normal -0.0417878 -0.287095 0.95699
    outer loop
      vertex -0.305044 0 3.48668
      vertex 0 0 3.5
      vertex -0.383484 3 4.38325
    endloop
  endfacet
  facet normal -0.041775 -0.287094 0.956991
    outer loop
      vertex 0 0 3.5
      vertex 0 3 4.39999
      vertex -0.383484 3 4.38325
    endloop
  endfacet
  facet normal -0.0417749 0.287095 0.956991
    outer loop
      vertex 0 -3 4.39999
      vertex -0.305044 0 3.48668
      vertex -0.383484 -3 4.38325
    endloop
  endfacet
  facet normal -0.0417878 0.287094 0.956991
    outer loop
      vertex 0 -3 4.39999
      vertex 0 0 3.5
      vertex -0.305044 0 3.48668
    endloop
  endfacet
  facet normal -0.0374138 0.514135 0.856893
    outer loop
      vertex 0 -8 7.39999
      vertex -0.383484 -3 4.38325
      vertex -0.644952 -8 7.37183
    endloop
  endfacet
  facet normal -0.0374054 0.514136 0.856893
    outer loop
      vertex 0 -8 7.39999
      vertex 0 -3 4.39999
      vertex -0.383484 -3 4.38325
    endloop
  endfacet
  facet normal -0.0387046 0.461009 0.886551
    outer loop
      vertex 0 -13 10
      vertex -0.644952 -8 7.37183
      vertex -0.871557 -13 9.96195
    endloop
  endfacet
  facet normal -0.0387087 0.461008 0.886551
    outer loop
      vertex 0 -13 10
      vertex 0 -8 7.39999
      vertex -0.644952 -8 7.37183
    endloop
  endfacet
  facet normal -0.0390568 0.446864 0.893749
    outer loop
      vertex 0 -16 11.5
      vertex -0.871557 -13 9.96195
      vertex -1.00229 -16 11.4562
    endloop
  endfacet
  facet normal -0.0390187 0.446873 0.893746
    outer loop
      vertex 0 -16 11.5
      vertex 0 -13 10
      vertex -0.871557 -13 9.96195
    endloop
  endfacet
  facet normal -0.0390189 -0.446863 0.893751
    outer loop
      vertex -0.871557 13 9.96195
      vertex 0 13 10
      vertex -1.00229 16 11.4562
    endloop
  endfacet
  facet normal -0.0390566 -0.446872 0.893745
    outer loop
      vertex 0 13 10
      vertex 0 16 11.5
      vertex -1.00229 16 11.4562
    endloop
  endfacet
  facet normal 0.0387087 -0.461008 0.886551
    outer loop
      vertex 0.644952 8 7.37183
      vertex 0 13 10
      vertex 0 8 7.39999
    endloop
  endfacet
  facet normal 0.0387046 -0.461009 0.886551
    outer loop
      vertex 0.644952 8 7.37183
      vertex 0.871557 13 9.96195
      vertex 0 13 10
    endloop
  endfacet
  facet normal 0.0374054 -0.514136 0.856893
    outer loop
      vertex 0.383484 3 4.38325
      vertex 0 8 7.39999
      vertex 0 3 4.39999
    endloop
  endfacet
  facet normal 0.0374138 -0.514135 0.856893
    outer loop
      vertex 0.383484 3 4.38325
      vertex 0.644952 8 7.37183
      vertex 0 8 7.39999
    endloop
  endfacet
  facet normal 0.0417878 -0.287094 0.956991
    outer loop
      vertex 0.305044 0 3.48668
      vertex 0 3 4.39999
      vertex 0 0 3.5
    endloop
  endfacet
  facet normal 0.0417749 -0.287095 0.956991
    outer loop
      vertex 0.305044 0 3.48668
      vertex 0.383484 3 4.38325
      vertex 0 3 4.39999
    endloop
  endfacet
  facet normal 0.041775 0.287094 0.956991
    outer loop
      vertex 0.383484 -3 4.38325
      vertex 0 0 3.5
      vertex 0 -3 4.39999
    endloop
  endfacet
  facet normal 0.0417878 0.287095 0.95699
    outer loop
      vertex 0.383484 -3 4.38325
      vertex 0.305044 0 3.48668
      vertex 0 0 3.5
    endloop
  endfacet
  facet normal 0.0374138 0.514136 0.856893
    outer loop
      vertex 0.644952 -8 7.37183
      vertex 0 -3 4.39999
      vertex 0 -8 7.39999
    endloop
  endfacet
  facet normal 0.0374055 0.514135 0.856893
    outer loop
      vertex 0.644952 -8 7.37183
      vertex 0.383484 -3 4.38325
      vertex 0 -3 4.39999
    endloop
  endfacet
  facet normal 0.0387046 0.461008 0.886551
    outer loop
      vertex 0.871557 -13 9.96195
      vertex 0 -8 7.39999
      vertex 0 -13 10
    endloop
  endfacet
  facet normal 0.0387087 0.461009 0.886551
    outer loop
      vertex 0.871557 -13 9.96195
      vertex 0.644952 -8 7.37183
      vertex 0 -8 7.39999
    endloop
  endfacet
  facet normal 0.0390566 0.446872 0.893745
    outer loop
      vertex 1.00229 -16 11.4562
      vertex 0 -13 10
      vertex 0 -16 11.5
    endloop
  endfacet
  facet normal 0.0390189 0.446863 0.893751
    outer loop
      vertex 1.00229 -16 11.4562
      vertex 0.871557 -13 9.96195
      vertex 0 -13 10
    endloop
  endfacet
  facet normal 0.0390187 -0.446873 0.893746
    outer loop
      vertex 0.871557 13 9.96195
      vertex 0 16 11.5
      vertex 0 13 10
    endloop
  endfacet
  facet normal 0.0390568 -0.446864 0.893749
    outer loop
      vertex 0.871557 13 9.96195
      vertex 1.00229 16 11.4562
      vertex 0 16 11.5
    endloop
  endfacet
  facet normal 0.115823 -0.461009 0.879804
    outer loop
      vertex 1.285 8 7.28757
      vertex 0.871557 13 9.96195
      vertex 0.644952 8 7.37183
    endloop
  endfacet
  facet normal 0.115829 -0.461008 0.879804
    outer loop
      vertex 1.285 8 7.28757
      vertex 1.73648 13 9.84808
      vertex 0.871557 13 9.96195
    endloop
  endfacet
  facet normal 0.111948 -0.514135 0.850372
    outer loop
      vertex 0.76405 3 4.33315
      vertex 0.644952 8 7.37183
      vertex 0.383484 3 4.38325
    endloop
  endfacet
  facet normal 0.111948 -0.514135 0.850372
    outer loop
      vertex 0.76405 3 4.33315
      vertex 1.285 8 7.28757
      vertex 0.644952 8 7.37183
    endloop
  endfacet
  facet normal 0.125018 -0.287096 0.949709
    outer loop
      vertex 0.607768 0 3.44683
      vertex 0.383484 3 4.38325
      vertex 0.305044 0 3.48668
    endloop
  endfacet
  facet normal 0.125025 -0.287095 0.949708
    outer loop
      vertex 0.607768 0 3.44683
      vertex 0.76405 3 4.33315
      vertex 0.383484 3 4.38325
    endloop
  endfacet
  facet normal 0.125025 0.287095 0.949708
    outer loop
      vertex 0.383484 -3 4.38325
      vertex 0.76405 -3 4.33315
      vertex 0.305044 0 3.48668
    endloop
  endfacet
  facet normal 0.125018 0.287095 0.949709
    outer loop
      vertex 0.76405 -3 4.33315
      vertex 0.607768 0 3.44683
      vertex 0.305044 0 3.48668
    endloop
  endfacet
  facet normal 0.111948 0.514135 0.850372
    outer loop
      vertex 0.644952 -8 7.37183
      vertex 1.285 -8 7.28757
      vertex 0.383484 -3 4.38325
    endloop
  endfacet
  facet normal 0.111948 0.514135 0.850372
    outer loop
      vertex 1.285 -8 7.28757
      vertex 0.76405 -3 4.33315
      vertex 0.383484 -3 4.38325
    endloop
  endfacet
  facet normal 0.115829 0.461009 0.879804
    outer loop
      vertex 0.871557 -13 9.96195
      vertex 1.73648 -13 9.84808
      vertex 0.644952 -8 7.37183
    endloop
  endfacet
  facet normal 0.115823 0.461008 0.879805
    outer loop
      vertex 1.73648 -13 9.84808
      vertex 1.285 -8 7.28757
      vertex 0.644952 -8 7.37183
    endloop
  endfacet
  facet normal 0.116726 0.446864 0.886954
    outer loop
      vertex 1.00229 -16 11.4562
      vertex 1.99695 -16 11.3253
      vertex 0.871557 -13 9.96195
    endloop
  endfacet
  facet normal 0.116769 0.446875 0.886943
    outer loop
      vertex 1.99695 -16 11.3253
      vertex 1.73648 -13 9.84808
      vertex 0.871557 -13 9.96195
    endloop
  endfacet
  facet normal 0.11677 -0.446863 0.886949
    outer loop
      vertex 1.73648 13 9.84808
      vertex 1.00229 16 11.4562
      vertex 0.871557 13 9.96195
    endloop
  endfacet
  facet normal 0.116725 -0.446874 0.886949
    outer loop
      vertex 1.73648 13 9.84808
      vertex 1.99695 16 11.3253
      vertex 1.00229 16 11.4562
    endloop
  endfacet
  facet normal 0.192074 -0.461008 0.86636
    outer loop
      vertex 1.91526 8 7.14784
      vertex 1.73648 13 9.84808
      vertex 1.285 8 7.28757
    endloop
  endfacet
  facet normal 0.192068 -0.461009 0.866361
    outer loop
      vertex 1.91526 8 7.14784
      vertex 2.58819 13 9.65926
      vertex 1.73648 13 9.84808
    endloop
  endfacet
  facet normal 0.185642 -0.514135 0.837378
    outer loop
      vertex 1.1388 3 4.25007
      vertex 1.285 8 7.28757
      vertex 0.76405 3 4.33315
    endloop
  endfacet
  facet normal 0.185648 -0.514135 0.837377
    outer loop
      vertex 1.91526 8 7.14784
      vertex 1.285 8 7.28757
      vertex 1.1388 3 4.25007
    endloop
  endfacet
  facet normal 0.207337 -0.287095 0.935194
    outer loop
      vertex 0.905867 0 3.38074
      vertex 0.76405 3 4.33315
      vertex 0.607768 0 3.44683
    endloop
  endfacet
  facet normal 0.207328 -0.287096 0.935196
    outer loop
      vertex 0.905867 0 3.38074
      vertex 1.1388 3 4.25007
      vertex 0.76405 3 4.33315
    endloop
  endfacet
  facet normal 0.207328 0.287095 0.935196
    outer loop
      vertex 0.76405 -3 4.33315
      vertex 1.1388 -3 4.25007
      vertex 0.607768 0 3.44683
    endloop
  endfacet
  facet normal 0.207337 0.287096 0.935194
    outer loop
      vertex 1.1388 -3 4.25007
      vertex 0.905867 0 3.38074
      vertex 0.607768 0 3.44683
    endloop
  endfacet
  facet normal 0.185648 0.514135 0.837377
    outer loop
      vertex 1.285 -8 7.28757
      vertex 1.91526 -8 7.14784
      vertex 0.76405 -3 4.33315
    endloop
  endfacet
  facet normal 0.185642 0.514135 0.837378
    outer loop
      vertex 1.91526 -8 7.14784
      vertex 1.1388 -3 4.25007
      vertex 0.76405 -3 4.33315
    endloop
  endfacet
  facet normal 0.192068 0.461008 0.866361
    outer loop
      vertex 1.73648 -13 9.84808
      vertex 2.58819 -13 9.65926
      vertex 1.285 -8 7.28757
    endloop
  endfacet
  facet normal 0.192074 0.461009 0.866359
    outer loop
      vertex 2.58819 -13 9.65926
      vertex 1.91526 -8 7.14784
      vertex 1.285 -8 7.28757
    endloop
  endfacet
  facet normal 0.193674 0.446874 0.873381
    outer loop
      vertex 1.99695 -16 11.3253
      vertex 2.97642 -16 11.1081
      vertex 1.73648 -13 9.84808
    endloop
  endfacet
  facet normal 0.193628 0.446862 0.873397
    outer loop
      vertex 2.97642 -16 11.1081
      vertex 2.58819 -13 9.65926
      vertex 1.73648 -13 9.84808
    endloop
  endfacet
  facet normal 0.193627 -0.446875 0.873391
    outer loop
      vertex 2.58819 13 9.65926
      vertex 1.99695 16 11.3253
      vertex 1.73648 13 9.84808
    endloop
  endfacet
  facet normal 0.193676 -0.446863 0.873386
    outer loop
      vertex 2.58819 13 9.65926
      vertex 2.97642 16 11.1081
      vertex 1.99695 16 11.3253
    endloop
  endfacet
  facet normal 0.266837 -0.461009 0.846327
    outer loop
      vertex 2.53095 8 6.95372
      vertex 2.58819 13 9.65926
      vertex 1.91526 8 7.14784
    endloop
  endfacet
  facet normal 0.266843 -0.461008 0.846325
    outer loop
      vertex 3.4202 13 9.39693
      vertex 2.58819 13 9.65926
      vertex 2.53095 8 6.95372
    endloop
  endfacet
  facet normal 0.257923 -0.514135 0.818011
    outer loop
      vertex 1.50489 3 4.13464
      vertex 1.91526 8 7.14784
      vertex 1.1388 3 4.25007
    endloop
  endfacet
  facet normal 0.25791 -0.514136 0.818014
    outer loop
      vertex 2.53095 8 6.95372
      vertex 1.91526 8 7.14784
      vertex 1.50489 3 4.13464
    endloop
  endfacet
  facet normal 0.288058 -0.287096 0.913564
    outer loop
      vertex 1.19707 0 3.28892
      vertex 1.1388 3 4.25007
      vertex 0.905867 0 3.38074
    endloop
  endfacet
  facet normal 0.288052 -0.287096 0.913566
    outer loop
      vertex 1.19707 0 3.28892
      vertex 1.50489 3 4.13464
      vertex 1.1388 3 4.25007
    endloop
  endfacet
  facet normal 0.288052 0.287096 0.913566
    outer loop
      vertex 1.1388 -3 4.25007
      vertex 1.50489 -3 4.13464
      vertex 0.905867 0 3.38074
    endloop
  endfacet
  facet normal 0.288058 0.287096 0.913563
    outer loop
      vertex 1.50489 -3 4.13464
      vertex 1.19707 0 3.28892
      vertex 0.905867 0 3.38074
    endloop
  endfacet
  facet normal 0.257911 0.514135 0.818014
    outer loop
      vertex 1.91526 -8 7.14784
      vertex 2.53095 -8 6.95372
      vertex 1.1388 -3 4.25007
    endloop
  endfacet
  facet normal 0.257923 0.514136 0.81801
    outer loop
      vertex 2.53095 -8 6.95372
      vertex 1.50489 -3 4.13464
      vertex 1.1388 -3 4.25007
    endloop
  endfacet
  facet normal 0.266843 0.461009 0.846325
    outer loop
      vertex 2.58819 -13 9.65926
      vertex 3.4202 -13 9.39693
      vertex 1.91526 -8 7.14784
    endloop
  endfacet
  facet normal 0.266837 0.461008 0.846327
    outer loop
      vertex 3.4202 -13 9.39693
      vertex 2.53095 -8 6.95372
      vertex 1.91526 -8 7.14784
    endloop
  endfacet
  facet normal 0.268946 0.446863 0.853218
    outer loop
      vertex 2.97642 -16 11.1081
      vertex 3.93323 -16 10.8065
      vertex 2.58819 -13 9.65926
    endloop
  endfacet
  facet normal 0.269008 0.44688 0.85319
    outer loop
      vertex 3.93323 -16 10.8065
      vertex 3.4202 -13 9.39693
      vertex 2.58819 -13 9.65926
    endloop
  endfacet
  facet normal 0.269011 -0.446862 0.853198
    outer loop
      vertex 3.4202 13 9.39693
      vertex 2.97642 16 11.1081
      vertex 2.58819 13 9.65926
    endloop
  endfacet
  facet normal 0.268944 -0.446879 0.853211
    outer loop
      vertex 3.4202 13 9.39693
      vertex 3.93323 16 10.8065
      vertex 2.97642 16 11.1081
    endloop
  endfacet
  facet normal 0.339597 -0.461008 0.819845
    outer loop
      vertex 3.12737 8 6.70667
      vertex 3.4202 13 9.39693
      vertex 2.53095 8 6.95372
    endloop
  endfacet
  facet normal 0.339594 -0.461008 0.819846
    outer loop
      vertex 4.22618 13 9.06308
      vertex 3.4202 13 9.39693
      vertex 3.12737 8 6.70667
    endloop
  endfacet
  facet normal 0.328226 -0.514136 0.792422
    outer loop
      vertex 1.85952 3 3.98775
      vertex 2.53095 8 6.95372
      vertex 1.50489 3 4.13464
    endloop
  endfacet
  facet normal 0.328237 -0.514135 0.792418
    outer loop
      vertex 3.12737 8 6.70667
      vertex 2.53095 8 6.95372
      vertex 1.85952 3 3.98775
    endloop
  endfacet
  facet normal 0.366558 -0.287096 0.884992
    outer loop
      vertex 1.47916 0 3.17208
      vertex 1.50489 3 4.13464
      vertex 1.19707 0 3.28892
    endloop
  endfacet
  facet normal 0.366568 -0.287095 0.884988
    outer loop
      vertex 1.85952 3 3.98775
      vertex 1.50489 3 4.13464
      vertex 1.47916 0 3.17208
    endloop
  endfacet
  facet normal 0.366568 0.287096 0.884988
    outer loop
      vertex 1.50489 -3 4.13464
      vertex 1.85952 -3 3.98775
      vertex 1.19707 0 3.28892
    endloop
  endfacet
  facet normal 0.366559 0.287095 0.884992
    outer loop
      vertex 1.85952 -3 3.98775
      vertex 1.47916 0 3.17208
      vertex 1.19707 0 3.28892
    endloop
  endfacet
  facet normal 0.328236 0.514136 0.792417
    outer loop
      vertex 2.53095 -8 6.95372
      vertex 3.12737 -8 6.70667
      vertex 1.50489 -3 4.13464
    endloop
  endfacet
  facet normal 0.328226 0.514135 0.792422
    outer loop
      vertex 3.12737 -8 6.70667
      vertex 1.85952 -3 3.98775
      vertex 1.50489 -3 4.13464
    endloop
  endfacet
  facet normal 0.339594 0.461008 0.819846
    outer loop
      vertex 3.4202 -13 9.39693
      vertex 4.22618 -13 9.06308
      vertex 2.53095 -8 6.95372
    endloop
  endfacet
  facet normal 0.339597 0.461008 0.819844
    outer loop
      vertex 4.22618 -13 9.06308
      vertex 3.12737 -8 6.70667
      vertex 2.53095 -8 6.95372
    endloop
  endfacet
  facet normal 0.342403 0.446879 0.826474
    outer loop
      vertex 3.93323 -16 10.8065
      vertex 4.86011 -16 10.4225
      vertex 3.4202 -13 9.39693
    endloop
  endfacet
  facet normal 0.342351 0.446864 0.826504
    outer loop
      vertex 4.86011 -16 10.4225
      vertex 4.22618 -13 9.06308
      vertex 3.4202 -13 9.39693
    endloop
  endfacet
  facet normal 0.342348 -0.44688 0.826496
    outer loop
      vertex 4.22618 13 9.06308
      vertex 3.93323 16 10.8065
      vertex 3.4202 13 9.39693
    endloop
  endfacet
  facet normal 0.342405 -0.446865 0.826481
    outer loop
      vertex 4.22618 13 9.06308
      vertex 4.86011 16 10.4225
      vertex 3.93323 16 10.8065
    endloop
  endfacet
  facet normal 0.409751 -0.461008 0.787131
    outer loop
      vertex 3.7 8 6.40858
      vertex 4.22618 13 9.06308
      vertex 3.12737 8 6.70667
    endloop
  endfacet
  facet normal 0.409758 -0.461008 0.787128
    outer loop
      vertex 5 13 8.66025
      vertex 4.22618 13 9.06308
      vertex 3.7 8 6.40858
    endloop
  endfacet
  facet normal 0.396041 -0.514135 0.7608
    outer loop
      vertex 2.2 3 3.81051
      vertex 3.12737 8 6.70667
      vertex 1.85952 3 3.98775
    endloop
  endfacet
  facet normal 0.396044 -0.514135 0.760799
    outer loop
      vertex 3.7 8 6.40858
      vertex 3.12737 8 6.70667
      vertex 2.2 3 3.81051
    endloop
  endfacet
  facet normal 0.442309 -0.287096 0.84967
    outer loop
      vertex 1.75 0 3.03109
      vertex 1.85952 3 3.98775
      vertex 1.47916 0 3.17208
    endloop
  endfacet
  facet normal 0.442305 -0.287096 0.849672
    outer loop
      vertex 2.2 3 3.81051
      vertex 1.85952 3 3.98775
      vertex 1.75 0 3.03109
    endloop
  endfacet
  facet normal 0.442305 0.287096 0.849672
    outer loop
      vertex 1.85952 -3 3.98775
      vertex 2.2 -3 3.81051
      vertex 1.47916 0 3.17208
    endloop
  endfacet
  facet normal 0.442309 0.287096 0.84967
    outer loop
      vertex 2.2 -3 3.81051
      vertex 1.75 0 3.03109
      vertex 1.47916 0 3.17208
    endloop
  endfacet
  facet normal 0.396044 0.514135 0.760799
    outer loop
      vertex 3.12737 -8 6.70667
      vertex 3.7 -8 6.40858
      vertex 1.85952 -3 3.98775
    endloop
  endfacet
  facet normal 0.396041 0.514135 0.7608
    outer loop
      vertex 3.7 -8 6.40858
      vertex 2.2 -3 3.81051
      vertex 1.85952 -3 3.98775
    endloop
  endfacet
  facet normal 0.409758 0.461008 0.787128
    outer loop
      vertex 4.22618 -13 9.06308
      vertex 5 -13 8.66025
      vertex 3.12737 -8 6.70667
    endloop
  endfacet
  facet normal 0.409752 0.461007 0.787131
    outer loop
      vertex 5 -13 8.66025
      vertex 3.7 -8 6.40858
      vertex 3.12737 -8 6.70667
    endloop
  endfacet
  facet normal 0.413055 0.446865 0.793535
    outer loop
      vertex 4.86011 -16 10.4225
      vertex 5.75 -16 9.95929
      vertex 4.22618 -13 9.06308
    endloop
  endfacet
  facet normal 0.413083 0.446873 0.793515
    outer loop
      vertex 5.75 -16 9.95929
      vertex 5 -13 8.66025
      vertex 4.22618 -13 9.06308
    endloop
  endfacet
  facet normal 0.413085 -0.446864 0.793519
    outer loop
      vertex 5 13 8.66025
      vertex 4.86011 16 10.4225
      vertex 4.22618 13 9.06308
    endloop
  endfacet
  facet normal 0.413053 -0.446873 0.793531
    outer loop
      vertex 5 13 8.66025
      vertex 5.75 16 9.95929
      vertex 4.86011 16 10.4225
    endloop
  endfacet
  facet normal 0.476798 -0.461007 0.748422
    outer loop
      vertex 4.24446 8 6.06172
      vertex 5 13 8.66025
      vertex 3.7 8 6.40858
    endloop
  endfacet
  facet normal 0.476797 -0.461008 0.748423
    outer loop
      vertex 5.73576 13 8.19152
      vertex 5 13 8.66025
      vertex 4.24446 8 6.06172
    endloop
  endfacet
  facet normal 0.460865 -0.514134 0.723374
    outer loop
      vertex 2.52373 3 3.60426
      vertex 3.7 8 6.40858
      vertex 2.2 3 3.81051
    endloop
  endfacet
  facet normal 0.460847 -0.514136 0.723384
    outer loop
      vertex 4.24446 8 6.06172
      vertex 3.7 8 6.40858
      vertex 2.52373 3 3.60426
    endloop
  endfacet
  facet normal 0.514684 -0.287096 0.807884
    outer loop
      vertex 2.00752 0 2.86703
      vertex 2.2 3 3.81051
      vertex 1.75 0 3.03109
    endloop
  endfacet
  facet normal 0.514701 -0.287094 0.807874
    outer loop
      vertex 2.52373 3 3.60426
      vertex 2.2 3 3.81051
      vertex 2.00752 0 2.86703
    endloop
  endfacet
  facet normal 0.5147 0.287096 0.807873
    outer loop
      vertex 2.2 -3 3.81051
      vertex 2.52373 -3 3.60426
      vertex 1.75 0 3.03109
    endloop
  endfacet
  facet normal 0.514684 0.287094 0.807884
    outer loop
      vertex 2.52373 -3 3.60426
      vertex 2.00752 0 2.86703
      vertex 1.75 0 3.03109
    endloop
  endfacet
  facet normal 0.460848 0.514135 0.723384
    outer loop
      vertex 3.7 -8 6.40858
      vertex 4.24446 -8 6.06172
      vertex 2.2 -3 3.81051
    endloop
  endfacet
  facet normal 0.460864 0.514136 0.723373
    outer loop
      vertex 4.24446 -8 6.06172
      vertex 2.52373 -3 3.60426
      vertex 2.2 -3 3.81051
    endloop
  endfacet
  facet normal 0.476797 0.461007 0.748423
    outer loop
      vertex 5 -13 8.66025
      vertex 5.73576 -13 8.19152
      vertex 3.7 -8 6.40858
    endloop
  endfacet
  facet normal 0.476798 0.461008 0.748422
    outer loop
      vertex 5.73576 -13 8.19152
      vertex 4.24446 -8 6.06172
      vertex 3.7 -8 6.40858
    endloop
  endfacet
  facet normal 0.480664 0.446873 0.754497
    outer loop
      vertex 5.75 -16 9.95929
      vertex 6.59613 -16 9.42025
      vertex 5 -13 8.66025
    endloop
  endfacet
  facet normal 0.480666 0.446874 0.754496
    outer loop
      vertex 6.59613 -16 9.42025
      vertex 5.73576 -13 8.19152
      vertex 5 -13 8.66025
    endloop
  endfacet
  facet normal 0.480666 -0.446873 0.754496
    outer loop
      vertex 5.73576 13 8.19152
      vertex 5.75 16 9.95929
      vertex 5 13 8.66025
    endloop
  endfacet
  facet normal 0.480664 -0.446874 0.754497
    outer loop
      vertex 6.59613 16 9.42025
      vertex 5.75 16 9.95929
      vertex 5.73576 13 8.19152
    endloop
  endfacet
  facet normal 0.540218 -0.461008 0.704015
    outer loop
      vertex 4.75662 8 5.66872
      vertex 5.73576 13 8.19152
      vertex 4.24446 8 6.06172
    endloop
  endfacet
  facet normal 0.540211 -0.461008 0.70402
    outer loop
      vertex 6.42788 13 7.66044
      vertex 5.73576 13 8.19152
      vertex 4.75662 8 5.66872
    endloop
  endfacet
  facet normal 0.522134 -0.514136 0.68047
    outer loop
      vertex 2.82826 3 3.37059
      vertex 4.24446 8 6.06172
      vertex 2.52373 3 3.60426
    endloop
  endfacet
  facet normal 0.522145 -0.514135 0.680463
    outer loop
      vertex 4.75662 8 5.66872
      vertex 4.24446 8 6.06172
      vertex 2.82826 3 3.37059
    endloop
  endfacet
  facet normal 0.58312 -0.287094 0.759966
    outer loop
      vertex 2.24976 0 2.68116
      vertex 2.52373 3 3.60426
      vertex 2.00752 0 2.86703
    endloop
  endfacet
  facet normal 0.583128 -0.287093 0.75996
    outer loop
      vertex 2.82826 3 3.37059
      vertex 2.52373 3 3.60426
      vertex 2.24976 0 2.68116
    endloop
  endfacet
  facet normal 0.583128 0.287094 0.75996
    outer loop
      vertex 2.52373 -3 3.60426
      vertex 2.82826 -3 3.37059
      vertex 2.00752 0 2.86703
    endloop
  endfacet
  facet normal 0.58312 0.287093 0.759966
    outer loop
      vertex 2.82826 -3 3.37059
      vertex 2.24976 0 2.68116
      vertex 2.00752 0 2.86703
    endloop
  endfacet
  facet normal 0.522145 0.514136 0.680462
    outer loop
      vertex 4.24446 -8 6.06172
      vertex 4.75662 -8 5.66872
      vertex 2.52373 -3 3.60426
    endloop
  endfacet
  facet normal 0.522135 0.514135 0.680471
    outer loop
      vertex 4.75662 -8 5.66872
      vertex 2.82826 -3 3.37059
      vertex 2.52373 -3 3.60426
    endloop
  endfacet
  facet normal 0.540211 0.461008 0.70402
    outer loop
      vertex 5.73576 -13 8.19152
      vertex 6.42788 -13 7.66044
      vertex 4.24446 -8 6.06172
    endloop
  endfacet
  facet normal 0.540217 0.461009 0.704014
    outer loop
      vertex 6.42788 -13 7.66044
      vertex 4.75662 -8 5.66872
      vertex 4.24446 -8 6.06172
    endloop
  endfacet
  facet normal 0.544597 0.446874 0.709731
    outer loop
      vertex 6.59613 -16 9.42025
      vertex 7.39206 -16 8.80951
      vertex 5.73576 -13 8.19152
    endloop
  endfacet
  facet normal 0.544595 0.446873 0.709733
    outer loop
      vertex 7.39206 -16 8.80951
      vertex 6.42788 -13 7.66044
      vertex 5.73576 -13 8.19152
    endloop
  endfacet
  facet normal 0.544595 -0.446874 0.709733
    outer loop
      vertex 6.42788 13 7.66044
      vertex 6.59613 16 9.42025
      vertex 5.73576 13 8.19152
    endloop
  endfacet
  facet normal 0.544597 -0.446873 0.709731
    outer loop
      vertex 7.39206 16 8.80951
      vertex 6.59613 16 9.42025
      vertex 6.42788 13 7.66044
    endloop
  endfacet
  facet normal 0.599518 -0.461009 0.654255
    outer loop
      vertex 5.23258 8 5.23258
      vertex 6.42788 13 7.66044
      vertex 4.75662 8 5.66872
    endloop
  endfacet
  facet normal 0.599513 -0.461009 0.654259
    outer loop
      vertex 7.07107 13 7.07107
      vertex 6.42788 13 7.66044
      vertex 5.23258 8 5.23258
    endloop
  endfacet
  facet normal 0.579447 -0.514135 0.632382
    outer loop
      vertex 3.11127 3 3.11127
      vertex 4.75662 8 5.66872
      vertex 2.82826 3 3.37059
    endloop
  endfacet
  facet normal 0.579463 -0.514134 0.632368
    outer loop
      vertex 5.23258 8 5.23258
      vertex 4.75662 8 5.66872
      vertex 3.11127 3 3.11127
    endloop
  endfacet
  facet normal 0.647175 -0.287093 0.706217
    outer loop
      vertex 2.47487 0 2.47487
      vertex 2.82826 3 3.37059
      vertex 2.24976 0 2.68116
    endloop
  endfacet
  facet normal 0.647134 -0.287098 0.706252
    outer loop
      vertex 3.11127 3 3.11127
      vertex 2.82826 3 3.37059
      vertex 2.47487 0 2.47487
    endloop
  endfacet
  facet normal 0.647135 0.287093 0.706253
    outer loop
      vertex 2.82826 -3 3.37059
      vertex 3.11127 -3 3.11127
      vertex 2.24976 0 2.68116
    endloop
  endfacet
  facet normal 0.647174 0.287099 0.706216
    outer loop
      vertex 3.11127 -3 3.11127
      vertex 2.47487 0 2.47487
      vertex 2.24976 0 2.68116
    endloop
  endfacet
  facet normal 0.579462 0.514135 0.632368
    outer loop
      vertex 4.75662 -8 5.66872
      vertex 5.23258 -8 5.23258
      vertex 2.82826 -3 3.37059
    endloop
  endfacet
  facet normal 0.579447 0.514133 0.632382
    outer loop
      vertex 5.23258 -8 5.23258
      vertex 3.11127 -3 3.11127
      vertex 2.82826 -3 3.37059
    endloop
  endfacet
  facet normal 0.599513 0.461009 0.654259
    outer loop
      vertex 6.42788 -13 7.66044
      vertex 7.07107 -13 7.07107
      vertex 4.75662 -8 5.66872
    endloop
  endfacet
  facet normal 0.599518 0.461009 0.654254
    outer loop
      vertex 7.07107 -13 7.07107
      vertex 5.23258 -8 5.23258
      vertex 4.75662 -8 5.66872
    endloop
  endfacet
  facet normal 0.60438 0.446873 0.659567
    outer loop
      vertex 7.39206 -16 8.80951
      vertex 8.13173 -16 8.13173
      vertex 6.42788 -13 7.66044
    endloop
  endfacet
  facet normal 0.604378 0.446873 0.659569
    outer loop
      vertex 8.13173 -16 8.13173
      vertex 7.07107 -13 7.07107
      vertex 6.42788 -13 7.66044
    endloop
  endfacet
  facet normal 0.604378 -0.446873 0.659569
    outer loop
      vertex 7.07107 13 7.07107
      vertex 7.39206 16 8.80951
      vertex 6.42788 13 7.66044
    endloop
  endfacet
  facet normal 0.60438 -0.446873 0.659568
    outer loop
      vertex 8.13173 16 8.13173
      vertex 7.39206 16 8.80951
      vertex 7.07107 13 7.07107
    endloop
  endfacet
  facet normal 0.654254 -0.461009 0.599518
    outer loop
      vertex 5.66872 8 4.75662
      vertex 7.07107 13 7.07107
      vertex 5.23258 8 5.23258
    endloop
  endfacet
  facet normal 0.654259 -0.461009 0.599513
    outer loop
      vertex 7.66044 13 6.42788
      vertex 7.07107 13 7.07107
      vertex 5.66872 8 4.75662
    endloop
  endfacet
  facet normal 0.632382 -0.514133 0.579447
    outer loop
      vertex 3.37059 3 2.82826
      vertex 5.23258 8 5.23258
      vertex 3.11127 3 3.11127
    endloop
  endfacet
  facet normal 0.632368 -0.514135 0.579462
    outer loop
      vertex 5.66872 8 4.75662
      vertex 5.23258 8 5.23258
      vertex 3.37059 3 2.82826
    endloop
  endfacet
  facet normal 0.706216 -0.287099 0.647174
    outer loop
      vertex 2.68116 0 2.24976
      vertex 3.11127 3 3.11127
      vertex 2.47487 0 2.47487
    endloop
  endfacet
  facet normal 0.706253 -0.287093 0.647135
    outer loop
      vertex 3.37059 3 2.82826
      vertex 3.11127 3 3.11127
      vertex 2.68116 0 2.24976
    endloop
  endfacet
  facet normal 0.706252 0.287098 0.647134
    outer loop
      vertex 3.11127 -3 3.11127
      vertex 3.37059 -3 2.82826
      vertex 2.47487 0 2.47487
    endloop
  endfacet
  facet normal 0.706217 0.287093 0.647175
    outer loop
      vertex 3.37059 -3 2.82826
      vertex 2.68116 0 2.24976
      vertex 2.47487 0 2.47487
    endloop
  endfacet
  facet normal 0.632368 0.514134 0.579463
    outer loop
      vertex 5.23258 -8 5.23258
      vertex 5.66872 -8 4.75662
      vertex 3.11127 -3 3.11127
    endloop
  endfacet
  facet normal 0.632382 0.514135 0.579447
    outer loop
      vertex 5.66872 -8 4.75662
      vertex 3.37059 -3 2.82826
      vertex 3.11127 -3 3.11127
    endloop
  endfacet
  facet normal 0.654259 0.461009 0.599513
    outer loop
      vertex 7.07107 -13 7.07107
      vertex 7.66044 -13 6.42788
      vertex 5.23258 -8 5.23258
    endloop
  endfacet
  facet normal 0.654255 0.461009 0.599518
    outer loop
      vertex 7.66044 -13 6.42788
      vertex 5.66872 -8 4.75662
      vertex 5.23258 -8 5.23258
    endloop
  endfacet
  facet normal 0.659568 0.446873 0.60438
    outer loop
      vertex 8.13173 -16 8.13173
      vertex 8.80951 -16 7.39206
      vertex 7.07107 -13 7.07107
    endloop
  endfacet
  facet normal 0.659569 0.446873 0.604378
    outer loop
      vertex 8.80951 -16 7.39206
      vertex 7.66044 -13 6.42788
      vertex 7.07107 -13 7.07107
    endloop
  endfacet
  facet normal 0.659569 -0.446873 0.604378
    outer loop
      vertex 7.66044 13 6.42788
      vertex 8.13173 16 8.13173
      vertex 7.07107 13 7.07107
    endloop
  endfacet
  facet normal 0.659567 -0.446873 0.60438
    outer loop
      vertex 8.80951 16 7.39206
      vertex 8.13173 16 8.13173
      vertex 7.66044 13 6.42788
    endloop
  endfacet
  facet normal 0.704014 -0.461009 0.540217
    outer loop
      vertex 6.06172 8 4.24446
      vertex 7.66044 13 6.42788
      vertex 5.66872 8 4.75662
    endloop
  endfacet
  facet normal 0.70402 -0.461008 0.540211
    outer loop
      vertex 8.19152 13 5.73576
      vertex 7.66044 13 6.42788
      vertex 6.06172 8 4.24446
    endloop
  endfacet
  facet normal 0.680471 -0.514135 0.522135
    outer loop
      vertex 3.60426 3 2.52373
      vertex 5.66872 8 4.75662
      vertex 3.37059 3 2.82826
    endloop
  endfacet
  facet normal 0.680462 -0.514136 0.522145
    outer loop
      vertex 6.06172 8 4.24446
      vertex 5.66872 8 4.75662
      vertex 3.60426 3 2.52373
    endloop
  endfacet
  facet normal 0.759966 -0.287093 0.58312
    outer loop
      vertex 2.86703 0 2.00752
      vertex 3.37059 3 2.82826
      vertex 2.68116 0 2.24976
    endloop
  endfacet
  facet normal 0.75996 -0.287094 0.583128
    outer loop
      vertex 3.60426 3 2.52373
      vertex 3.37059 3 2.82826
      vertex 2.86703 0 2.00752
    endloop
  endfacet
  facet normal 0.75996 0.287093 0.583128
    outer loop
      vertex 3.37059 -3 2.82826
      vertex 3.60426 -3 2.52373
      vertex 2.68116 0 2.24976
    endloop
  endfacet
  facet normal 0.759966 0.287094 0.58312
    outer loop
      vertex 3.60426 -3 2.52373
      vertex 2.86703 0 2.00752
      vertex 2.68116 0 2.24976
    endloop
  endfacet
  facet normal 0.680463 0.514135 0.522145
    outer loop
      vertex 5.66872 -8 4.75662
      vertex 6.06172 -8 4.24446
      vertex 3.37059 -3 2.82826
    endloop
  endfacet
  facet normal 0.68047 0.514136 0.522134
    outer loop
      vertex 6.06172 -8 4.24446
      vertex 3.60426 -3 2.52373
      vertex 3.37059 -3 2.82826
    endloop
  endfacet
  facet normal 0.70402 0.461008 0.540211
    outer loop
      vertex 7.66044 -13 6.42788
      vertex 8.19152 -13 5.73576
      vertex 5.66872 -8 4.75662
    endloop
  endfacet
  facet normal 0.704015 0.461008 0.540218
    outer loop
      vertex 8.19152 -13 5.73576
      vertex 6.06172 -8 4.24446
      vertex 5.66872 -8 4.75662
    endloop
  endfacet
  facet normal 0.709731 0.446873 0.544597
    outer loop
      vertex 8.80951 -16 7.39206
      vertex 9.42025 -16 6.59613
      vertex 7.66044 -13 6.42788
    endloop
  endfacet
  facet normal 0.709733 0.446874 0.544595
    outer loop
      vertex 9.42025 -16 6.59613
      vertex 8.19152 -13 5.73576
      vertex 7.66044 -13 6.42788
    endloop
  endfacet
  facet normal 0.709733 -0.446873 0.544595
    outer loop
      vertex 8.19152 13 5.73576
      vertex 8.80951 16 7.39206
      vertex 7.66044 13 6.42788
    endloop
  endfacet
  facet normal 0.709731 -0.446874 0.544597
    outer loop
      vertex 9.42025 16 6.59613
      vertex 8.80951 16 7.39206
      vertex 8.19152 13 5.73576
    endloop
  endfacet
  facet normal 0.748422 -0.461008 0.476798
    outer loop
      vertex 6.40858 8 3.7
      vertex 8.19152 13 5.73576
      vertex 6.06172 8 4.24446
    endloop
  endfacet
  facet normal 0.748423 -0.461007 0.476797
    outer loop
      vertex 8.66025 13 5
      vertex 8.19152 13 5.73576
      vertex 6.40858 8 3.7
    endloop
  endfacet
  facet normal 0.723373 -0.514136 0.460864
    outer loop
      vertex 3.81051 3 2.2
      vertex 6.06172 8 4.24446
      vertex 3.60426 3 2.52373
    endloop
  endfacet
  facet normal 0.723384 -0.514135 0.460848
    outer loop
      vertex 6.40858 8 3.7
      vertex 6.06172 8 4.24446
      vertex 3.81051 3 2.2
    endloop
  endfacet
  facet normal 0.807884 -0.287094 0.514684
    outer loop
      vertex 3.03109 0 1.75
      vertex 3.60426 3 2.52373
      vertex 2.86703 0 2.00752
    endloop
  endfacet
  facet normal 0.807873 -0.287096 0.5147
    outer loop
      vertex 3.81051 3 2.2
      vertex 3.60426 3 2.52373
      vertex 3.03109 0 1.75
    endloop
  endfacet
  facet normal 0.807874 0.287094 0.514701
    outer loop
      vertex 3.60426 -3 2.52373
      vertex 3.81051 -3 2.2
      vertex 2.86703 0 2.00752
    endloop
  endfacet
  facet normal 0.807884 0.287096 0.514684
    outer loop
      vertex 3.81051 -3 2.2
      vertex 3.03109 0 1.75
      vertex 2.86703 0 2.00752
    endloop
  endfacet
  facet normal 0.723384 0.514136 0.460847
    outer loop
      vertex 6.06172 -8 4.24446
      vertex 6.40858 -8 3.7
      vertex 3.60426 -3 2.52373
    endloop
  endfacet
  facet normal 0.723374 0.514134 0.460865
    outer loop
      vertex 6.40858 -8 3.7
      vertex 3.81051 -3 2.2
      vertex 3.60426 -3 2.52373
    endloop
  endfacet
  facet normal 0.748423 0.461008 0.476797
    outer loop
      vertex 8.19152 -13 5.73576
      vertex 8.66025 -13 5
      vertex 6.06172 -8 4.24446
    endloop
  endfacet
  facet normal 0.748422 0.461007 0.476798
    outer loop
      vertex 8.66025 -13 5
      vertex 6.40858 -8 3.7
      vertex 6.06172 -8 4.24446
    endloop
  endfacet
  facet normal 0.754497 0.446874 0.480664
    outer loop
      vertex 9.42025 -16 6.59613
      vertex 9.95929 -16 5.75
      vertex 8.19152 -13 5.73576
    endloop
  endfacet
  facet normal 0.754496 0.446873 0.480666
    outer loop
      vertex 9.95929 -16 5.75
      vertex 8.66025 -13 5
      vertex 8.19152 -13 5.73576
    endloop
  endfacet
  facet normal 0.754496 -0.446874 0.480666
    outer loop
      vertex 8.66025 13 5
      vertex 9.42025 16 6.59613
      vertex 8.19152 13 5.73576
    endloop
  endfacet
  facet normal 0.754497 -0.446873 0.480664
    outer loop
      vertex 9.95929 16 5.75
      vertex 9.42025 16 6.59613
      vertex 8.66025 13 5
    endloop
  endfacet
  facet normal 0.787131 -0.461007 0.409752
    outer loop
      vertex 6.70667 8 3.12737
      vertex 8.66025 13 5
      vertex 6.40858 8 3.7
    endloop
  endfacet
  facet normal 0.787128 -0.461008 0.409758
    outer loop
      vertex 9.06308 13 4.22618
      vertex 8.66025 13 5
      vertex 6.70667 8 3.12737
    endloop
  endfacet
  facet normal 0.7608 -0.514135 0.396041
    outer loop
      vertex 3.98775 3 1.85952
      vertex 6.40858 8 3.7
      vertex 3.81051 3 2.2
    endloop
  endfacet
  facet normal 0.760799 -0.514135 0.396044
    outer loop
      vertex 6.70667 8 3.12737
      vertex 6.40858 8 3.7
      vertex 3.98775 3 1.85952
    endloop
  endfacet
  facet normal 0.84967 -0.287096 0.442309
    outer loop
      vertex 3.17208 0 1.47916
      vertex 3.81051 3 2.2
      vertex 3.03109 0 1.75
    endloop
  endfacet
  facet normal 0.849672 -0.287096 0.442305
    outer loop
      vertex 3.98775 3 1.85952
      vertex 3.81051 3 2.2
      vertex 3.17208 0 1.47916
    endloop
  endfacet
  facet normal 0.849672 0.287096 0.442305
    outer loop
      vertex 3.81051 -3 2.2
      vertex 3.98775 -3 1.85952
      vertex 3.03109 0 1.75
    endloop
  endfacet
  facet normal 0.84967 0.287096 0.442309
    outer loop
      vertex 3.98775 -3 1.85952
      vertex 3.17208 0 1.47916
      vertex 3.03109 0 1.75
    endloop
  endfacet
  facet normal 0.760799 0.514135 0.396044
    outer loop
      vertex 6.40858 -8 3.7
      vertex 6.70667 -8 3.12737
      vertex 3.81051 -3 2.2
    endloop
  endfacet
  facet normal 0.7608 0.514135 0.396041
    outer loop
      vertex 6.70667 -8 3.12737
      vertex 3.98775 -3 1.85952
      vertex 3.81051 -3 2.2
    endloop
  endfacet
  facet normal 0.787128 0.461008 0.409758
    outer loop
      vertex 8.66025 -13 5
      vertex 9.06308 -13 4.22618
      vertex 6.40858 -8 3.7
    endloop
  endfacet
  facet normal 0.787131 0.461008 0.409751
    outer loop
      vertex 9.06308 -13 4.22618
      vertex 6.70667 -8 3.12737
      vertex 6.40858 -8 3.7
    endloop
  endfacet
  facet normal 0.793531 0.446873 0.413053
    outer loop
      vertex 9.95929 -16 5.75
      vertex 10.4225 -16 4.86011
      vertex 8.66025 -13 5
    endloop
  endfacet
  facet normal 0.793519 0.446864 0.413085
    outer loop
      vertex 10.4225 -16 4.86011
      vertex 9.06308 -13 4.22618
      vertex 8.66025 -13 5
    endloop
  endfacet
  facet normal 0.793515 -0.446873 0.413083
    outer loop
      vertex 9.06308 13 4.22618
      vertex 9.95929 16 5.75
      vertex 8.66025 13 5
    endloop
  endfacet
  facet normal 0.793535 -0.446865 0.413055
    outer loop
      vertex 10.4225 16 4.86011
      vertex 9.95929 16 5.75
      vertex 9.06308 13 4.22618
    endloop
  endfacet
  facet normal 0.819844 -0.461008 0.339597
    outer loop
      vertex 6.95372 8 2.53095
      vertex 9.06308 13 4.22618
      vertex 6.70667 8 3.12737
    endloop
  endfacet
  facet normal 0.819846 -0.461008 0.339594
    outer loop
      vertex 9.39693 13 3.4202
      vertex 9.06308 13 4.22618
      vertex 6.95372 8 2.53095
    endloop
  endfacet
  facet normal 0.792422 -0.514135 0.328226
    outer loop
      vertex 4.13464 3 1.50489
      vertex 6.70667 8 3.12737
      vertex 3.98775 3 1.85952
    endloop
  endfacet
  facet normal 0.792417 -0.514136 0.328236
    outer loop
      vertex 6.95372 8 2.53095
      vertex 6.70667 8 3.12737
      vertex 4.13464 3 1.50489
    endloop
  endfacet
  facet normal 0.884992 -0.287095 0.366559
    outer loop
      vertex 3.28892 0 1.19707
      vertex 3.98775 3 1.85952
      vertex 3.17208 0 1.47916
    endloop
  endfacet
  facet normal 0.884988 -0.287096 0.366568
    outer loop
      vertex 4.13464 3 1.50489
      vertex 3.98775 3 1.85952
      vertex 3.28892 0 1.19707
    endloop
  endfacet
  facet normal 0.884988 0.287095 0.366568
    outer loop
      vertex 3.98775 -3 1.85952
      vertex 4.13464 -3 1.50489
      vertex 3.17208 0 1.47916
    endloop
  endfacet
  facet normal 0.884992 0.287096 0.366558
    outer loop
      vertex 4.13464 -3 1.50489
      vertex 3.28892 0 1.19707
      vertex 3.17208 0 1.47916
    endloop
  endfacet
  facet normal 0.792418 0.514135 0.328237
    outer loop
      vertex 6.70667 -8 3.12737
      vertex 6.95372 -8 2.53095
      vertex 3.98775 -3 1.85952
    endloop
  endfacet
  facet normal 0.792422 0.514136 0.328226
    outer loop
      vertex 6.95372 -8 2.53095
      vertex 4.13464 -3 1.50489
      vertex 3.98775 -3 1.85952
    endloop
  endfacet
  facet normal 0.819846 0.461008 0.339594
    outer loop
      vertex 9.06308 -13 4.22618
      vertex 9.39693 -13 3.4202
      vertex 6.70667 -8 3.12737
    endloop
  endfacet
  facet normal 0.819845 0.461008 0.339597
    outer loop
      vertex 9.39693 -13 3.4202
      vertex 6.95372 -8 2.53095
      vertex 6.70667 -8 3.12737
    endloop
  endfacet
  facet normal 0.826481 0.446865 0.342405
    outer loop
      vertex 10.4225 -16 4.86011
      vertex 10.8065 -16 3.93323
      vertex 9.06308 -13 4.22618
    endloop
  endfacet
  facet normal 0.826496 0.44688 0.342348
    outer loop
      vertex 10.8065 -16 3.93323
      vertex 9.39693 -13 3.4202
      vertex 9.06308 -13 4.22618
    endloop
  endfacet
  facet normal 0.826504 -0.446864 0.342351
    outer loop
      vertex 9.39693 13 3.4202
      vertex 10.4225 16 4.86011
      vertex 9.06308 13 4.22618
    endloop
  endfacet
  facet normal 0.826474 -0.446879 0.342403
    outer loop
      vertex 10.8065 16 3.93323
      vertex 10.4225 16 4.86011
      vertex 9.39693 13 3.4202
    endloop
  endfacet
  facet normal 0.846327 -0.461008 0.266837
    outer loop
      vertex 7.14784 8 1.91526
      vertex 9.39693 13 3.4202
      vertex 6.95372 8 2.53095
    endloop
  endfacet
  facet normal 0.846325 -0.461009 0.266843
    outer loop
      vertex 9.65926 13 2.58819
      vertex 9.39693 13 3.4202
      vertex 7.14784 8 1.91526
    endloop
  endfacet
  facet normal 0.81801 -0.514136 0.257923
    outer loop
      vertex 4.25007 3 1.1388
      vertex 6.95372 8 2.53095
      vertex 4.13464 3 1.50489
    endloop
  endfacet
  facet normal 0.818014 -0.514135 0.257911
    outer loop
      vertex 7.14784 8 1.91526
      vertex 6.95372 8 2.53095
      vertex 4.25007 3 1.1388
    endloop
  endfacet
  facet normal 0.913563 -0.287096 0.288058
    outer loop
      vertex 3.38074 0 0.905867
      vertex 4.13464 3 1.50489
      vertex 3.28892 0 1.19707
    endloop
  endfacet
  facet normal 0.913566 -0.287096 0.288052
    outer loop
      vertex 4.25007 3 1.1388
      vertex 4.13464 3 1.50489
      vertex 3.38074 0 0.905867
    endloop
  endfacet
  facet normal 0.913566 0.287096 0.288052
    outer loop
      vertex 4.13464 -3 1.50489
      vertex 4.25007 -3 1.1388
      vertex 3.28892 0 1.19707
    endloop
  endfacet
  facet normal 0.913564 0.287096 0.288058
    outer loop
      vertex 4.25007 -3 1.1388
      vertex 3.38074 0 0.905867
      vertex 3.28892 0 1.19707
    endloop
  endfacet
  facet normal 0.818014 0.514136 0.25791
    outer loop
      vertex 6.95372 -8 2.53095
      vertex 7.14784 -8 1.91526
      vertex 4.13464 -3 1.50489
    endloop
  endfacet
  facet normal 0.818011 0.514135 0.257923
    outer loop
      vertex 7.14784 -8 1.91526
      vertex 4.25007 -3 1.1388
      vertex 4.13464 -3 1.50489
    endloop
  endfacet
  facet normal 0.846325 0.461008 0.266843
    outer loop
      vertex 9.39693 -13 3.4202
      vertex 9.65926 -13 2.58819
      vertex 6.95372 -8 2.53095
    endloop
  endfacet
  facet normal 0.846327 0.461009 0.266837
    outer loop
      vertex 9.65926 -13 2.58819
      vertex 7.14784 -8 1.91526
      vertex 6.95372 -8 2.53095
    endloop
  endfacet
  facet normal 0.853211 0.446879 0.268944
    outer loop
      vertex 10.8065 -16 3.93323
      vertex 11.1081 -16 2.97642
      vertex 9.39693 -13 3.4202
    endloop
  endfacet
  facet normal 0.853198 0.446862 0.269011
    outer loop
      vertex 11.1081 -16 2.97642
      vertex 9.65926 -13 2.58819
      vertex 9.39693 -13 3.4202
    endloop
  endfacet
  facet normal 0.85319 -0.44688 0.269008
    outer loop
      vertex 9.65926 13 2.58819
      vertex 10.8065 16 3.93323
      vertex 9.39693 13 3.4202
    endloop
  endfacet
  facet normal 0.853218 -0.446863 0.268946
    outer loop
      vertex 11.1081 16 2.97642
      vertex 10.8065 16 3.93323
      vertex 9.65926 13 2.58819
    endloop
  endfacet
  facet normal 0.866359 -0.461009 0.192074
    outer loop
      vertex 7.28757 8 1.285
      vertex 9.65926 13 2.58819
      vertex 7.14784 8 1.91526
    endloop
  endfacet
  facet normal 0.866361 -0.461008 0.192068
    outer loop
      vertex 9.84808 13 1.73648
      vertex 9.65926 13 2.58819
      vertex 7.28757 8 1.285
    endloop
  endfacet
  facet normal 0.837378 -0.514135 0.185642
    outer loop
      vertex 4.33315 3 0.76405
      vertex 7.14784 8 1.91526
      vertex 4.25007 3 1.1388
    endloop
  endfacet
  facet normal 0.837377 -0.514135 0.185648
    outer loop
      vertex 7.28757 8 1.285
      vertex 7.14784 8 1.91526
      vertex 4.33315 3 0.76405
    endloop
  endfacet
  facet normal 0.935194 -0.287096 0.207337
    outer loop
      vertex 3.44683 0 0.607768
      vertex 4.25007 3 1.1388
      vertex 3.38074 0 0.905867
    endloop
  endfacet
  facet normal 0.935196 -0.287095 0.207328
    outer loop
      vertex 4.33315 3 0.76405
      vertex 4.25007 3 1.1388
      vertex 3.44683 0 0.607768
    endloop
  endfacet
  facet normal 0.935196 0.287096 0.207328
    outer loop
      vertex 4.25007 -3 1.1388
      vertex 4.33315 -3 0.76405
      vertex 3.38074 0 0.905867
    endloop
  endfacet
  facet normal 0.935194 0.287095 0.207337
    outer loop
      vertex 4.33315 -3 0.76405
      vertex 3.44683 0 0.607768
      vertex 3.38074 0 0.905867
    endloop
  endfacet
  facet normal 0.837377 0.514135 0.185648
    outer loop
      vertex 7.14784 -8 1.91526
      vertex 7.28757 -8 1.285
      vertex 4.25007 -3 1.1388
    endloop
  endfacet
  facet normal 0.837378 0.514135 0.185642
    outer loop
      vertex 7.28757 -8 1.285
      vertex 4.33315 -3 0.76405
      vertex 4.25007 -3 1.1388
    endloop
  endfacet
  facet normal 0.866361 0.461009 0.192068
    outer loop
      vertex 9.65926 -13 2.58819
      vertex 9.84808 -13 1.73648
      vertex 7.14784 -8 1.91526
    endloop
  endfacet
  facet normal 0.86636 0.461008 0.192074
    outer loop
      vertex 9.84808 -13 1.73648
      vertex 7.28757 -8 1.285
      vertex 7.14784 -8 1.91526
    endloop
  endfacet
  facet normal 0.873386 0.446863 0.193676
    outer loop
      vertex 11.1081 -16 2.97642
      vertex 11.3253 -16 1.99695
      vertex 9.65926 -13 2.58819
    endloop
  endfacet
  facet normal 0.873391 0.446875 0.193627
    outer loop
      vertex 11.3253 -16 1.99695
      vertex 9.84808 -13 1.73648
      vertex 9.65926 -13 2.58819
    endloop
  endfacet
  facet normal 0.873397 -0.446862 0.193628
    outer loop
      vertex 9.84808 13 1.73648
      vertex 11.1081 16 2.97642
      vertex 9.65926 13 2.58819
    endloop
  endfacet
  facet normal 0.873381 -0.446874 0.193674
    outer loop
      vertex 11.3253 16 1.99695
      vertex 11.1081 16 2.97642
      vertex 9.84808 13 1.73648
    endloop
  endfacet
  facet normal 0.879805 -0.461008 0.115823
    outer loop
      vertex 7.37183 8 0.644952
      vertex 9.84808 13 1.73648
      vertex 7.28757 8 1.285
    endloop
  endfacet
  facet normal 0.879804 -0.461009 0.115829
    outer loop
      vertex 9.96195 13 0.871557
      vertex 9.84808 13 1.73648
      vertex 7.37183 8 0.644952
    endloop
  endfacet
  facet normal 0.850372 -0.514135 0.111948
    outer loop
      vertex 4.38325 3 0.383484
      vertex 7.28757 8 1.285
      vertex 4.33315 3 0.76405
    endloop
  endfacet
  facet normal 0.850372 -0.514135 0.111948
    outer loop
      vertex 7.37183 8 0.644952
      vertex 7.28757 8 1.285
      vertex 4.38325 3 0.383484
    endloop
  endfacet
  facet normal 0.949709 -0.287095 0.125018
    outer loop
      vertex 3.48668 0 0.305044
      vertex 4.33315 3 0.76405
      vertex 3.44683 0 0.607768
    endloop
  endfacet
  facet normal 0.949708 -0.287095 0.125025
    outer loop
      vertex 4.38325 3 0.383484
      vertex 4.33315 3 0.76405
      vertex 3.48668 0 0.305044
    endloop
  endfacet
  facet normal 0.949708 0.287095 0.125025
    outer loop
      vertex 4.33315 -3 0.76405
      vertex 4.38325 -3 0.383484
      vertex 3.44683 0 0.607768
    endloop
  endfacet
  facet normal 0.949709 0.287096 0.125018
    outer loop
      vertex 4.38325 -3 0.383484
      vertex 3.48668 0 0.305044
      vertex 3.44683 0 0.607768
    endloop
  endfacet
  facet normal 0.850372 0.514135 0.111948
    outer loop
      vertex 7.28757 -8 1.285
      vertex 7.37183 -8 0.644952
      vertex 4.33315 -3 0.76405
    endloop
  endfacet
  facet normal 0.850372 0.514135 0.111948
    outer loop
      vertex 7.37183 -8 0.644952
      vertex 4.38325 -3 0.383484
      vertex 4.33315 -3 0.76405
    endloop
  endfacet
  facet normal 0.879804 0.461008 0.115829
    outer loop
      vertex 9.84808 -13 1.73648
      vertex 9.96195 -13 0.871557
      vertex 7.28757 -8 1.285
    endloop
  endfacet
  facet normal 0.879804 0.461009 0.115823
    outer loop
      vertex 9.96195 -13 0.871557
      vertex 7.37183 -8 0.644952
      vertex 7.28757 -8 1.285
    endloop
  endfacet
  facet normal 0.886949 0.446874 0.116725
    outer loop
      vertex 11.3253 -16 1.99695
      vertex 11.4562 -16 1.00229
      vertex 9.84808 -13 1.73648
    endloop
  endfacet
  facet normal 0.886949 0.446863 0.11677
    outer loop
      vertex 11.4562 -16 1.00229
      vertex 9.96195 -13 0.871557
      vertex 9.84808 -13 1.73648
    endloop
  endfacet
  facet normal 0.886943 -0.446875 0.116769
    outer loop
      vertex 9.96195 13 0.871557
      vertex 11.3253 16 1.99695
      vertex 9.84808 13 1.73648
    endloop
  endfacet
  facet normal 0.886954 -0.446864 0.116726
    outer loop
      vertex 11.4562 16 1.00229
      vertex 11.3253 16 1.99695
      vertex 9.96195 13 0.871557
    endloop
  endfacet
  facet normal 0.886551 -0.461009 0.0387087
    outer loop
      vertex 7.39999 8 0
      vertex 9.96195 13 0.871557
      vertex 7.37183 8 0.644952
    endloop
  endfacet
  facet normal 0.886551 -0.461008 0.0387046
    outer loop
      vertex 10 13 0
      vertex 9.96195 13 0.871557
      vertex 7.39999 8 0
    endloop
  endfacet
  facet normal 0.856893 -0.514135 0.0374055
    outer loop
      vertex 4.39999 3 0
      vertex 7.37183 8 0.644952
      vertex 4.38325 3 0.383484
    endloop
  endfacet
  facet normal 0.856893 -0.514136 0.0374138
    outer loop
      vertex 7.39999 8 0
      vertex 7.37183 8 0.644952
      vertex 4.39999 3 0
    endloop
  endfacet
  facet normal 0.95699 -0.287095 0.0417878
    outer loop
      vertex 3.5 0 0
      vertex 4.38325 3 0.383484
      vertex 3.48668 0 0.305044
    endloop
  endfacet
  facet normal 0.956991 -0.287094 0.041775
    outer loop
      vertex 4.39999 3 0
      vertex 4.38325 3 0.383484
      vertex 3.5 0 0
    endloop
  endfacet
  facet normal 0.956991 0.287095 0.0417749
    outer loop
      vertex 4.38325 -3 0.383484
      vertex 4.39999 -3 0
      vertex 3.48668 0 0.305044
    endloop
  endfacet
  facet normal 0.956991 0.287094 0.0417878
    outer loop
      vertex 4.39999 -3 0
      vertex 3.5 0 0
      vertex 3.48668 0 0.305044
    endloop
  endfacet
  facet normal 0.856893 0.514135 0.0374138
    outer loop
      vertex 7.37183 -8 0.644952
      vertex 7.39999 -8 0
      vertex 4.38325 -3 0.383484
    endloop
  endfacet
  facet normal 0.856893 0.514136 0.0374054
    outer loop
      vertex 7.39999 -8 0
      vertex 4.39999 -3 0
      vertex 4.38325 -3 0.383484
    endloop
  endfacet
  facet normal 0.886551 0.461009 0.0387046
    outer loop
      vertex 9.96195 -13 0.871557
      vertex 10 -13 0
      vertex 7.37183 -8 0.644952
    endloop
  endfacet
  facet normal 0.886551 0.461008 0.0387087
    outer loop
      vertex 10 -13 0
      vertex 7.39999 -8 0
      vertex 7.37183 -8 0.644952
    endloop
  endfacet
  facet normal 0.893749 0.446864 0.0390568
    outer loop
      vertex 11.4562 -16 1.00229
      vertex 11.5 -16 0
      vertex 9.96195 -13 0.871557
    endloop
  endfacet
  facet normal 0.893746 0.446873 0.0390187
    outer loop
      vertex 11.5 -16 0
      vertex 10 -13 0
      vertex 9.96195 -13 0.871557
    endloop
  endfacet
  facet normal 0.893751 -0.446863 0.0390189
    outer loop
      vertex 10 13 0
      vertex 11.4562 16 1.00229
      vertex 9.96195 13 0.871557
    endloop
  endfacet
  facet normal 0.893745 -0.446872 0.0390566
    outer loop
      vertex 11.5 16 0
      vertex 11.4562 16 1.00229
      vertex 10 13 0
    endloop
  endfacet
  facet normal 0.886551 -0.461008 -0.0387087
    outer loop
      vertex 10 13 0
      vertex 7.39999 8 0
      vertex 7.37183 8 -0.644952
    endloop
  endfacet
  facet normal 0.886551 -0.461009 -0.0387046
    outer loop
      vertex 9.96195 13 -0.871557
      vertex 10 13 0
      vertex 7.37183 8 -0.644952
    endloop
  endfacet
  facet normal 0.856893 -0.514136 -0.0374054
    outer loop
      vertex 7.39999 8 0
      vertex 4.39999 3 0
      vertex 4.38325 3 -0.383484
    endloop
  endfacet
  facet normal 0.856893 -0.514135 -0.0374138
    outer loop
      vertex 7.37183 8 -0.644952
      vertex 7.39999 8 0
      vertex 4.38325 3 -0.383484
    endloop
  endfacet
  facet normal 0.956991 -0.287094 -0.0417878
    outer loop
      vertex 4.39999 3 0
      vertex 3.5 0 0
      vertex 3.48668 0 -0.305044
    endloop
  endfacet
  facet normal 0.956991 -0.287095 -0.0417749
    outer loop
      vertex 4.38325 3 -0.383484
      vertex 4.39999 3 0
      vertex 3.48668 0 -0.305044
    endloop
  endfacet
  facet normal 0.956991 0.287094 -0.041775
    outer loop
      vertex 4.39999 -3 0
      vertex 4.38325 -3 -0.383484
      vertex 3.5 0 0
    endloop
  endfacet
  facet normal 0.95699 0.287095 -0.0417878
    outer loop
      vertex 3.5 0 0
      vertex 4.38325 -3 -0.383484
      vertex 3.48668 0 -0.305044
    endloop
  endfacet
  facet normal 0.856893 0.514136 -0.0374138
    outer loop
      vertex 7.39999 -8 0
      vertex 7.37183 -8 -0.644952
      vertex 4.39999 -3 0
    endloop
  endfacet
  facet normal 0.856893 0.514135 -0.0374055
    outer loop
      vertex 4.39999 -3 0
      vertex 7.37183 -8 -0.644952
      vertex 4.38325 -3 -0.383484
    endloop
  endfacet
  facet normal 0.886551 0.461008 -0.0387046
    outer loop
      vertex 10 -13 0
      vertex 9.96195 -13 -0.871557
      vertex 7.39999 -8 0
    endloop
  endfacet
  facet normal 0.886551 0.461009 -0.0387087
    outer loop
      vertex 7.39999 -8 0
      vertex 9.96195 -13 -0.871557
      vertex 7.37183 -8 -0.644952
    endloop
  endfacet
  facet normal 0.893745 0.446872 -0.0390566
    outer loop
      vertex 11.5 -16 0
      vertex 11.4562 -16 -1.00229
      vertex 10 -13 0
    endloop
  endfacet
  facet normal 0.893751 0.446863 -0.0390189
    outer loop
      vertex 10 -13 0
      vertex 11.4562 -16 -1.00229
      vertex 9.96195 -13 -0.871557
    endloop
  endfacet
  facet normal 0.893746 -0.446873 -0.0390187
    outer loop
      vertex 11.5 16 0
      vertex 10 13 0
      vertex 9.96195 13 -0.871557
    endloop
  endfacet
  facet normal 0.893749 -0.446864 -0.0390568
    outer loop
      vertex 11.4562 16 -1.00229
      vertex 11.5 16 0
      vertex 9.96195 13 -0.871557
    endloop
  endfacet
  facet normal 0.879804 -0.461009 -0.115823
    outer loop
      vertex 9.96195 13 -0.871557
      vertex 7.37183 8 -0.644952
      vertex 7.28757 8 -1.285
    endloop
  endfacet
  facet normal 0.879804 -0.461008 -0.115829
    outer loop
      vertex 9.84808 13 -1.73648
      vertex 9.96195 13 -0.871557
      vertex 7.28757 8 -1.285
    endloop
  endfacet
  facet normal 0.850372 -0.514135 -0.111948
    outer loop
      vertex 7.37183 8 -0.644952
      vertex 4.38325 3 -0.383484
      vertex 4.33315 3 -0.76405
    endloop
  endfacet
  facet normal 0.850372 -0.514135 -0.111948
    outer loop
      vertex 7.28757 8 -1.285
      vertex 7.37183 8 -0.644952
      vertex 4.33315 3 -0.76405
    endloop
  endfacet
  facet normal 0.949709 -0.287096 -0.125018
    outer loop
      vertex 4.38325 3 -0.383484
      vertex 3.48668 0 -0.305044
      vertex 3.44683 0 -0.607768
    endloop
  endfacet
  facet normal 0.949708 -0.287095 -0.125025
    outer loop
      vertex 4.33315 3 -0.76405
      vertex 4.38325 3 -0.383484
      vertex 3.44683 0 -0.607768
    endloop
  endfacet
  facet normal 0.949708 0.287095 -0.125025
    outer loop
      vertex 4.38325 -3 -0.383484
      vertex 4.33315 -3 -0.76405
      vertex 3.48668 0 -0.305044
    endloop
  endfacet
  facet normal 0.949709 0.287095 -0.125018
    outer loop
      vertex 3.48668 0 -0.305044
      vertex 4.33315 -3 -0.76405
      vertex 3.44683 0 -0.607768
    endloop
  endfacet
  facet normal 0.850372 0.514135 -0.111948
    outer loop
      vertex 7.37183 -8 -0.644952
      vertex 7.28757 -8 -1.285
      vertex 4.38325 -3 -0.383484
    endloop
  endfacet
  facet normal 0.850372 0.514135 -0.111948
    outer loop
      vertex 4.38325 -3 -0.383484
      vertex 7.28757 -8 -1.285
      vertex 4.33315 -3 -0.76405
    endloop
  endfacet
  facet normal 0.879804 0.461009 -0.115829
    outer loop
      vertex 9.96195 -13 -0.871557
      vertex 9.84808 -13 -1.73648
      vertex 7.37183 -8 -0.644952
    endloop
  endfacet
  facet normal 0.879805 0.461008 -0.115823
    outer loop
      vertex 7.37183 -8 -0.644952
      vertex 9.84808 -13 -1.73648
      vertex 7.28757 -8 -1.285
    endloop
  endfacet
  facet normal 0.886954 0.446864 -0.116726
    outer loop
      vertex 11.4562 -16 -1.00229
      vertex 11.3253 -16 -1.99695
      vertex 9.96195 -13 -0.871557
    endloop
  endfacet
  facet normal 0.886943 0.446875 -0.116769
    outer loop
      vertex 9.96195 -13 -0.871557
      vertex 11.3253 -16 -1.99695
      vertex 9.84808 -13 -1.73648
    endloop
  endfacet
  facet normal 0.886949 -0.446863 -0.11677
    outer loop
      vertex 11.4562 16 -1.00229
      vertex 9.96195 13 -0.871557
      vertex 9.84808 13 -1.73648
    endloop
  endfacet
  facet normal 0.886949 -0.446874 -0.116725
    outer loop
      vertex 11.3253 16 -1.99695
      vertex 11.4562 16 -1.00229
      vertex 9.84808 13 -1.73648
    endloop
  endfacet
  facet normal 0.86636 -0.461008 -0.192074
    outer loop
      vertex 9.84808 13 -1.73648
      vertex 7.28757 8 -1.285
      vertex 7.14784 8 -1.91526
    endloop
  endfacet
  facet normal 0.866361 -0.461009 -0.192068
    outer loop
      vertex 9.65926 13 -2.58819
      vertex 9.84808 13 -1.73648
      vertex 7.14784 8 -1.91526
    endloop
  endfacet
  facet normal 0.837378 -0.514135 -0.185642
    outer loop
      vertex 7.28757 8 -1.285
      vertex 4.33315 3 -0.76405
      vertex 4.25007 3 -1.1388
    endloop
  endfacet
  facet normal 0.837377 -0.514135 -0.185648
    outer loop
      vertex 7.14784 8 -1.91526
      vertex 7.28757 8 -1.285
      vertex 4.25007 3 -1.1388
    endloop
  endfacet
  facet normal 0.935194 -0.287095 -0.207337
    outer loop
      vertex 4.33315 3 -0.76405
      vertex 3.44683 0 -0.607768
      vertex 3.38074 0 -0.905867
    endloop
  endfacet
  facet normal 0.935196 -0.287096 -0.207328
    outer loop
      vertex 4.25007 3 -1.1388
      vertex 4.33315 3 -0.76405
      vertex 3.38074 0 -0.905867
    endloop
  endfacet
  facet normal 0.935196 0.287095 -0.207328
    outer loop
      vertex 4.33315 -3 -0.76405
      vertex 4.25007 -3 -1.1388
      vertex 3.44683 0 -0.607768
    endloop
  endfacet
  facet normal 0.935194 0.287096 -0.207337
    outer loop
      vertex 3.44683 0 -0.607768
      vertex 4.25007 -3 -1.1388
      vertex 3.38074 0 -0.905867
    endloop
  endfacet
  facet normal 0.837377 0.514135 -0.185648
    outer loop
      vertex 7.28757 -8 -1.285
      vertex 7.14784 -8 -1.91526
      vertex 4.33315 -3 -0.76405
    endloop
  endfacet
  facet normal 0.837378 0.514135 -0.185642
    outer loop
      vertex 4.33315 -3 -0.76405
      vertex 7.14784 -8 -1.91526
      vertex 4.25007 -3 -1.1388
    endloop
  endfacet
  facet normal 0.866361 0.461008 -0.192068
    outer loop
      vertex 9.84808 -13 -1.73648
      vertex 9.65926 -13 -2.58819
      vertex 7.28757 -8 -1.285
    endloop
  endfacet
  facet normal 0.866359 0.461009 -0.192074
    outer loop
      vertex 7.28757 -8 -1.285
      vertex 9.65926 -13 -2.58819
      vertex 7.14784 -8 -1.91526
    endloop
  endfacet
  facet normal 0.873381 0.446874 -0.193674
    outer loop
      vertex 11.3253 -16 -1.99695
      vertex 11.1081 -16 -2.97642
      vertex 9.84808 -13 -1.73648
    endloop
  endfacet
  facet normal 0.873397 0.446862 -0.193628
    outer loop
      vertex 9.84808 -13 -1.73648
      vertex 11.1081 -16 -2.97642
      vertex 9.65926 -13 -2.58819
    endloop
  endfacet
  facet normal 0.873391 -0.446875 -0.193627
    outer loop
      vertex 11.3253 16 -1.99695
      vertex 9.84808 13 -1.73648
      vertex 9.65926 13 -2.58819
    endloop
  endfacet
  facet normal 0.873386 -0.446863 -0.193676
    outer loop
      vertex 11.1081 16 -2.97642
      vertex 11.3253 16 -1.99695
      vertex 9.65926 13 -2.58819
    endloop
  endfacet
  facet normal 0.846327 -0.461009 -0.266837
    outer loop
      vertex 9.65926 13 -2.58819
      vertex 7.14784 8 -1.91526
      vertex 6.95372 8 -2.53095
    endloop
  endfacet
  facet normal 0.846325 -0.461008 -0.266843
    outer loop
      vertex 9.39693 13 -3.4202
      vertex 9.65926 13 -2.58819
      vertex 6.95372 8 -2.53095
    endloop
  endfacet
  facet normal 0.818011 -0.514135 -0.257923
    outer loop
      vertex 7.14784 8 -1.91526
      vertex 4.25007 3 -1.1388
      vertex 4.13464 3 -1.50489
    endloop
  endfacet
  facet normal 0.818014 -0.514136 -0.25791
    outer loop
      vertex 6.95372 8 -2.53095
      vertex 7.14784 8 -1.91526
      vertex 4.13464 3 -1.50489
    endloop
  endfacet
  facet normal 0.913564 -0.287096 -0.288058
    outer loop
      vertex 4.25007 3 -1.1388
      vertex 3.38074 0 -0.905867
      vertex 3.28892 0 -1.19707
    endloop
  endfacet
  facet normal 0.913566 -0.287096 -0.288052
    outer loop
      vertex 4.13464 3 -1.50489
      vertex 4.25007 3 -1.1388
      vertex 3.28892 0 -1.19707
    endloop
  endfacet
  facet normal 0.913566 0.287096 -0.288052
    outer loop
      vertex 4.25007 -3 -1.1388
      vertex 4.13464 -3 -1.50489
      vertex 3.38074 0 -0.905867
    endloop
  endfacet
  facet normal 0.913563 0.287096 -0.288058
    outer loop
      vertex 3.38074 0 -0.905867
      vertex 4.13464 -3 -1.50489
      vertex 3.28892 0 -1.19707
    endloop
  endfacet
  facet normal 0.818014 0.514135 -0.257911
    outer loop
      vertex 7.14784 -8 -1.91526
      vertex 6.95372 -8 -2.53095
      vertex 4.25007 -3 -1.1388
    endloop
  endfacet
  facet normal 0.81801 0.514136 -0.257923
    outer loop
      vertex 4.25007 -3 -1.1388
      vertex 6.95372 -8 -2.53095
      vertex 4.13464 -3 -1.50489
    endloop
  endfacet
  facet normal 0.846325 0.461009 -0.266843
    outer loop
      vertex 9.65926 -13 -2.58819
      vertex 9.39693 -13 -3.4202
      vertex 7.14784 -8 -1.91526
    endloop
  endfacet
  facet normal 0.846327 0.461008 -0.266837
    outer loop
      vertex 7.14784 -8 -1.91526
      vertex 9.39693 -13 -3.4202
      vertex 6.95372 -8 -2.53095
    endloop
  endfacet
  facet normal 0.853218 0.446863 -0.268946
    outer loop
      vertex 11.1081 -16 -2.97642
      vertex 10.8065 -16 -3.93323
      vertex 9.65926 -13 -2.58819
    endloop
  endfacet
  facet normal 0.85319 0.44688 -0.269008
    outer loop
      vertex 9.65926 -13 -2.58819
      vertex 10.8065 -16 -3.93323
      vertex 9.39693 -13 -3.4202
    endloop
  endfacet
  facet normal 0.853198 -0.446862 -0.269011
    outer loop
      vertex 11.1081 16 -2.97642
      vertex 9.65926 13 -2.58819
      vertex 9.39693 13 -3.4202
    endloop
  endfacet
  facet normal 0.853211 -0.446879 -0.268944
    outer loop
      vertex 10.8065 16 -3.93323
      vertex 11.1081 16 -2.97642
      vertex 9.39693 13 -3.4202
    endloop
  endfacet
  facet normal 0.819845 -0.461008 -0.339597
    outer loop
      vertex 9.39693 13 -3.4202
      vertex 6.95372 8 -2.53095
      vertex 6.70667 8 -3.12737
    endloop
  endfacet
  facet normal 0.819846 -0.461008 -0.339594
    outer loop
      vertex 9.06308 13 -4.22618
      vertex 9.39693 13 -3.4202
      vertex 6.70667 8 -3.12737
    endloop
  endfacet
  facet normal 0.792422 -0.514136 -0.328226
    outer loop
      vertex 6.95372 8 -2.53095
      vertex 4.13464 3 -1.50489
      vertex 3.98775 3 -1.85952
    endloop
  endfacet
  facet normal 0.792418 -0.514135 -0.328237
    outer loop
      vertex 6.70667 8 -3.12737
      vertex 6.95372 8 -2.53095
      vertex 3.98775 3 -1.85952
    endloop
  endfacet
  facet normal 0.884992 -0.287096 -0.366558
    outer loop
      vertex 4.13464 3 -1.50489
      vertex 3.28892 0 -1.19707
      vertex 3.17208 0 -1.47916
    endloop
  endfacet
  facet normal 0.884988 -0.287095 -0.366568
    outer loop
      vertex 3.98775 3 -1.85952
      vertex 4.13464 3 -1.50489
      vertex 3.17208 0 -1.47916
    endloop
  endfacet
  facet normal 0.884988 0.287096 -0.366568
    outer loop
      vertex 4.13464 -3 -1.50489
      vertex 3.98775 -3 -1.85952
      vertex 3.28892 0 -1.19707
    endloop
  endfacet
  facet normal 0.884992 0.287095 -0.366559
    outer loop
      vertex 3.28892 0 -1.19707
      vertex 3.98775 -3 -1.85952
      vertex 3.17208 0 -1.47916
    endloop
  endfacet
  facet normal 0.792417 0.514136 -0.328236
    outer loop
      vertex 6.95372 -8 -2.53095
      vertex 6.70667 -8 -3.12737
      vertex 4.13464 -3 -1.50489
    endloop
  endfacet
  facet normal 0.792422 0.514135 -0.328226
    outer loop
      vertex 4.13464 -3 -1.50489
      vertex 6.70667 -8 -3.12737
      vertex 3.98775 -3 -1.85952
    endloop
  endfacet
  facet normal 0.819846 0.461008 -0.339594
    outer loop
      vertex 9.39693 -13 -3.4202
      vertex 9.06308 -13 -4.22618
      vertex 6.95372 -8 -2.53095
    endloop
  endfacet
  facet normal 0.819844 0.461008 -0.339597
    outer loop
      vertex 6.95372 -8 -2.53095
      vertex 9.06308 -13 -4.22618
      vertex 6.70667 -8 -3.12737
    endloop
  endfacet
  facet normal 0.826474 0.446879 -0.342403
    outer loop
      vertex 10.8065 -16 -3.93323
      vertex 10.4225 -16 -4.86011
      vertex 9.39693 -13 -3.4202
    endloop
  endfacet
  facet normal 0.826504 0.446864 -0.342351
    outer loop
      vertex 9.39693 -13 -3.4202
      vertex 10.4225 -16 -4.86011
      vertex 9.06308 -13 -4.22618
    endloop
  endfacet
  facet normal 0.826496 -0.44688 -0.342348
    outer loop
      vertex 10.8065 16 -3.93323
      vertex 9.39693 13 -3.4202
      vertex 9.06308 13 -4.22618
    endloop
  endfacet
  facet normal 0.826481 -0.446865 -0.342405
    outer loop
      vertex 10.4225 16 -4.86011
      vertex 10.8065 16 -3.93323
      vertex 9.06308 13 -4.22618
    endloop
  endfacet
  facet normal 0.787131 -0.461008 -0.409751
    outer loop
      vertex 9.06308 13 -4.22618
      vertex 6.70667 8 -3.12737
      vertex 6.40858 8 -3.7
    endloop
  endfacet
  facet normal 0.787128 -0.461008 -0.409758
    outer loop
      vertex 8.66025 13 -5
      vertex 9.06308 13 -4.22618
      vertex 6.40858 8 -3.7
    endloop
  endfacet
  facet normal 0.7608 -0.514135 -0.396041
    outer loop
      vertex 6.70667 8 -3.12737
      vertex 3.98775 3 -1.85952
      vertex 3.81051 3 -2.2
    endloop
  endfacet
  facet normal 0.760799 -0.514135 -0.396044
    outer loop
      vertex 6.40858 8 -3.7
      vertex 6.70667 8 -3.12737
      vertex 3.81051 3 -2.2
    endloop
  endfacet
  facet normal 0.84967 -0.287096 -0.442309
    outer loop
      vertex 3.98775 3 -1.85952
      vertex 3.17208 0 -1.47916
      vertex 3.03109 0 -1.75
    endloop
  endfacet
  facet normal 0.849672 -0.287096 -0.442305
    outer loop
      vertex 3.81051 3 -2.2
      vertex 3.98775 3 -1.85952
      vertex 3.03109 0 -1.75
    endloop
  endfacet
  facet normal 0.849672 0.287096 -0.442305
    outer loop
      vertex 3.98775 -3 -1.85952
      vertex 3.81051 -3 -2.2
      vertex 3.17208 0 -1.47916
    endloop
  endfacet
  facet normal 0.84967 0.287096 -0.442309
    outer loop
      vertex 3.17208 0 -1.47916
      vertex 3.81051 -3 -2.2
      vertex 3.03109 0 -1.75
    endloop
  endfacet
  facet normal 0.760799 0.514135 -0.396044
    outer loop
      vertex 6.70667 -8 -3.12737
      vertex 6.40858 -8 -3.7
      vertex 3.98775 -3 -1.85952
    endloop
  endfacet
  facet normal 0.7608 0.514135 -0.396041
    outer loop
      vertex 3.98775 -3 -1.85952
      vertex 6.40858 -8 -3.7
      vertex 3.81051 -3 -2.2
    endloop
  endfacet
  facet normal 0.787128 0.461008 -0.409758
    outer loop
      vertex 9.06308 -13 -4.22618
      vertex 8.66025 -13 -5
      vertex 6.70667 -8 -3.12737
    endloop
  endfacet
  facet normal 0.787131 0.461007 -0.409752
    outer loop
      vertex 6.70667 -8 -3.12737
      vertex 8.66025 -13 -5
      vertex 6.40858 -8 -3.7
    endloop
  endfacet
  facet normal 0.793535 0.446865 -0.413055
    outer loop
      vertex 10.4225 -16 -4.86011
      vertex 9.95929 -16 -5.75
      vertex 9.06308 -13 -4.22618
    endloop
  endfacet
  facet normal 0.793515 0.446873 -0.413083
    outer loop
      vertex 9.06308 -13 -4.22618
      vertex 9.95929 -16 -5.75
      vertex 8.66025 -13 -5
    endloop
  endfacet
  facet normal 0.793519 -0.446864 -0.413085
    outer loop
      vertex 10.4225 16 -4.86011
      vertex 9.06308 13 -4.22618
      vertex 8.66025 13 -5
    endloop
  endfacet
  facet normal 0.793531 -0.446873 -0.413053
    outer loop
      vertex 9.95929 16 -5.75
      vertex 10.4225 16 -4.86011
      vertex 8.66025 13 -5
    endloop
  endfacet
  facet normal 0.748422 -0.461007 -0.476798
    outer loop
      vertex 8.66025 13 -5
      vertex 6.40858 8 -3.7
      vertex 6.06172 8 -4.24446
    endloop
  endfacet
  facet normal 0.748423 -0.461008 -0.476797
    outer loop
      vertex 8.19152 13 -5.73576
      vertex 8.66025 13 -5
      vertex 6.06172 8 -4.24446
    endloop
  endfacet
  facet normal 0.723374 -0.514134 -0.460865
    outer loop
      vertex 6.40858 8 -3.7
      vertex 3.81051 3 -2.2
      vertex 3.60426 3 -2.52373
    endloop
  endfacet
  facet normal 0.723384 -0.514136 -0.460847
    outer loop
      vertex 6.06172 8 -4.24446
      vertex 6.40858 8 -3.7
      vertex 3.60426 3 -2.52373
    endloop
  endfacet
  facet normal 0.807884 -0.287096 -0.514684
    outer loop
      vertex 3.81051 3 -2.2
      vertex 3.03109 0 -1.75
      vertex 2.86703 0 -2.00752
    endloop
  endfacet
  facet normal 0.807874 -0.287094 -0.514701
    outer loop
      vertex 3.60426 3 -2.52373
      vertex 3.81051 3 -2.2
      vertex 2.86703 0 -2.00752
    endloop
  endfacet
  facet normal 0.807873 0.287096 -0.5147
    outer loop
      vertex 3.81051 -3 -2.2
      vertex 3.60426 -3 -2.52373
      vertex 3.03109 0 -1.75
    endloop
  endfacet
  facet normal 0.807884 0.287094 -0.514684
    outer loop
      vertex 3.03109 0 -1.75
      vertex 3.60426 -3 -2.52373
      vertex 2.86703 0 -2.00752
    endloop
  endfacet
  facet normal 0.723384 0.514135 -0.460848
    outer loop
      vertex 6.40858 -8 -3.7
      vertex 6.06172 -8 -4.24446
      vertex 3.81051 -3 -2.2
    endloop
  endfacet
  facet normal 0.723373 0.514136 -0.460864
    outer loop
      vertex 3.81051 -3 -2.2
      vertex 6.06172 -8 -4.24446
      vertex 3.60426 -3 -2.52373
    endloop
  endfacet
  facet normal 0.748423 0.461007 -0.476797
    outer loop
      vertex 8.66025 -13 -5
      vertex 8.19152 -13 -5.73576
      vertex 6.40858 -8 -3.7
    endloop
  endfacet
  facet normal 0.748422 0.461008 -0.476798
    outer loop
      vertex 6.40858 -8 -3.7
      vertex 8.19152 -13 -5.73576
      vertex 6.06172 -8 -4.24446
    endloop
  endfacet
  facet normal 0.754497 0.446873 -0.480664
    outer loop
      vertex 9.95929 -16 -5.75
      vertex 9.42025 -16 -6.59613
      vertex 8.66025 -13 -5
    endloop
  endfacet
  facet normal 0.754496 0.446874 -0.480666
    outer loop
      vertex 8.66025 -13 -5
      vertex 9.42025 -16 -6.59613
      vertex 8.19152 -13 -5.73576
    endloop
  endfacet
  facet normal 0.754496 -0.446873 -0.480666
    outer loop
      vertex 9.95929 16 -5.75
      vertex 8.66025 13 -5
      vertex 8.19152 13 -5.73576
    endloop
  endfacet
  facet normal 0.754497 -0.446874 -0.480664
    outer loop
      vertex 9.42025 16 -6.59613
      vertex 9.95929 16 -5.75
      vertex 8.19152 13 -5.73576
    endloop
  endfacet
  facet normal 0.704015 -0.461008 -0.540218
    outer loop
      vertex 8.19152 13 -5.73576
      vertex 6.06172 8 -4.24446
      vertex 5.66872 8 -4.75662
    endloop
  endfacet
  facet normal 0.70402 -0.461008 -0.540211
    outer loop
      vertex 7.66044 13 -6.42788
      vertex 8.19152 13 -5.73576
      vertex 5.66872 8 -4.75662
    endloop
  endfacet
  facet normal 0.68047 -0.514136 -0.522134
    outer loop
      vertex 6.06172 8 -4.24446
      vertex 3.60426 3 -2.52373
      vertex 3.37059 3 -2.82826
    endloop
  endfacet
  facet normal 0.680463 -0.514135 -0.522145
    outer loop
      vertex 5.66872 8 -4.75662
      vertex 6.06172 8 -4.24446
      vertex 3.37059 3 -2.82826
    endloop
  endfacet
  facet normal 0.759966 -0.287094 -0.58312
    outer loop
      vertex 3.60426 3 -2.52373
      vertex 2.86703 0 -2.00752
      vertex 2.68116 0 -2.24976
    endloop
  endfacet
  facet normal 0.75996 -0.287093 -0.583128
    outer loop
      vertex 3.37059 3 -2.82826
      vertex 3.60426 3 -2.52373
      vertex 2.68116 0 -2.24976
    endloop
  endfacet
  facet normal 0.75996 0.287094 -0.583128
    outer loop
      vertex 3.60426 -3 -2.52373
      vertex 3.37059 -3 -2.82826
      vertex 2.86703 0 -2.00752
    endloop
  endfacet
  facet normal 0.759966 0.287093 -0.58312
    outer loop
      vertex 2.86703 0 -2.00752
      vertex 3.37059 -3 -2.82826
      vertex 2.68116 0 -2.24976
    endloop
  endfacet
  facet normal 0.680462 0.514136 -0.522145
    outer loop
      vertex 6.06172 -8 -4.24446
      vertex 5.66872 -8 -4.75662
      vertex 3.60426 -3 -2.52373
    endloop
  endfacet
  facet normal 0.680471 0.514135 -0.522135
    outer loop
      vertex 3.60426 -3 -2.52373
      vertex 5.66872 -8 -4.75662
      vertex 3.37059 -3 -2.82826
    endloop
  endfacet
  facet normal 0.70402 0.461008 -0.540211
    outer loop
      vertex 8.19152 -13 -5.73576
      vertex 7.66044 -13 -6.42788
      vertex 6.06172 -8 -4.24446
    endloop
  endfacet
  facet normal 0.704014 0.461009 -0.540217
    outer loop
      vertex 6.06172 -8 -4.24446
      vertex 7.66044 -13 -6.42788
      vertex 5.66872 -8 -4.75662
    endloop
  endfacet
  facet normal 0.709731 0.446874 -0.544597
    outer loop
      vertex 9.42025 -16 -6.59613
      vertex 8.80951 -16 -7.39206
      vertex 8.19152 -13 -5.73576
    endloop
  endfacet
  facet normal 0.709733 0.446873 -0.544595
    outer loop
      vertex 8.19152 -13 -5.73576
      vertex 8.80951 -16 -7.39206
      vertex 7.66044 -13 -6.42788
    endloop
  endfacet
  facet normal 0.709733 -0.446874 -0.544595
    outer loop
      vertex 9.42025 16 -6.59613
      vertex 8.19152 13 -5.73576
      vertex 7.66044 13 -6.42788
    endloop
  endfacet
  facet normal 0.709731 -0.446873 -0.544597
    outer loop
      vertex 8.80951 16 -7.39206
      vertex 9.42025 16 -6.59613
      vertex 7.66044 13 -6.42788
    endloop
  endfacet
  facet normal 0.654255 -0.461009 -0.599518
    outer loop
      vertex 7.66044 13 -6.42788
      vertex 5.66872 8 -4.75662
      vertex 5.23258 8 -5.23258
    endloop
  endfacet
  facet normal 0.654259 -0.461009 -0.599513
    outer loop
      vertex 7.07107 13 -7.07107
      vertex 7.66044 13 -6.42788
      vertex 5.23258 8 -5.23258
    endloop
  endfacet
  facet normal 0.632382 -0.514135 -0.579447
    outer loop
      vertex 5.66872 8 -4.75662
      vertex 3.37059 3 -2.82826
      vertex 3.11127 3 -3.11127
    endloop
  endfacet
  facet normal 0.632368 -0.514134 -0.579463
    outer loop
      vertex 5.23258 8 -5.23258
      vertex 5.66872 8 -4.75662
      vertex 3.11127 3 -3.11127
    endloop
  endfacet
  facet normal 0.706217 -0.287093 -0.647175
    outer loop
      vertex 3.37059 3 -2.82826
      vertex 2.68116 0 -2.24976
      vertex 2.47487 0 -2.47487
    endloop
  endfacet
  facet normal 0.706252 -0.287098 -0.647134
    outer loop
      vertex 3.11127 3 -3.11127
      vertex 3.37059 3 -2.82826
      vertex 2.47487 0 -2.47487
    endloop
  endfacet
  facet normal 0.706253 0.287093 -0.647135
    outer loop
      vertex 3.37059 -3 -2.82826
      vertex 3.11127 -3 -3.11127
      vertex 2.68116 0 -2.24976
    endloop
  endfacet
  facet normal 0.706216 0.287099 -0.647174
    outer loop
      vertex 2.68116 0 -2.24976
      vertex 3.11127 -3 -3.11127
      vertex 2.47487 0 -2.47487
    endloop
  endfacet
  facet normal 0.632368 0.514135 -0.579462
    outer loop
      vertex 5.66872 -8 -4.75662
      vertex 5.23258 -8 -5.23258
      vertex 3.37059 -3 -2.82826
    endloop
  endfacet
  facet normal 0.632382 0.514133 -0.579447
    outer loop
      vertex 3.37059 -3 -2.82826
      vertex 5.23258 -8 -5.23258
      vertex 3.11127 -3 -3.11127
    endloop
  endfacet
  facet normal 0.654259 0.461009 -0.599513
    outer loop
      vertex 7.66044 -13 -6.42788
      vertex 7.07107 -13 -7.07107
      vertex 5.66872 -8 -4.75662
    endloop
  endfacet
  facet normal 0.654254 0.461009 -0.599518
    outer loop
      vertex 5.66872 -8 -4.75662
      vertex 7.07107 -13 -7.07107
      vertex 5.23258 -8 -5.23258
    endloop
  endfacet
  facet normal 0.659567 0.446873 -0.60438
    outer loop
      vertex 8.80951 -16 -7.39206
      vertex 8.13173 -16 -8.13173
      vertex 7.66044 -13 -6.42788
    endloop
  endfacet
  facet normal 0.659569 0.446873 -0.604378
    outer loop
      vertex 7.66044 -13 -6.42788
      vertex 8.13173 -16 -8.13173
      vertex 7.07107 -13 -7.07107
    endloop
  endfacet
  facet normal 0.659569 -0.446873 -0.604378
    outer loop
      vertex 8.80951 16 -7.39206
      vertex 7.66044 13 -6.42788
      vertex 7.07107 13 -7.07107
    endloop
  endfacet
  facet normal 0.659568 -0.446873 -0.60438
    outer loop
      vertex 8.13173 16 -8.13173
      vertex 8.80951 16 -7.39206
      vertex 7.07107 13 -7.07107
    endloop
  endfacet
  facet normal 0.599518 -0.461009 -0.654254
    outer loop
      vertex 7.07107 13 -7.07107
      vertex 5.23258 8 -5.23258
      vertex 4.75662 8 -5.66872
    endloop
  endfacet
  facet normal 0.599513 -0.461009 -0.654259
    outer loop
      vertex 6.42788 13 -7.66044
      vertex 7.07107 13 -7.07107
      vertex 4.75662 8 -5.66872
    endloop
  endfacet
  facet normal 0.579447 -0.514133 -0.632382
    outer loop
      vertex 5.23258 8 -5.23258
      vertex 3.11127 3 -3.11127
      vertex 2.82826 3 -3.37059
    endloop
  endfacet
  facet normal 0.579462 -0.514135 -0.632368
    outer loop
      vertex 4.75662 8 -5.66872
      vertex 5.23258 8 -5.23258
      vertex 2.82826 3 -3.37059
    endloop
  endfacet
  facet normal 0.647174 -0.287099 -0.706216
    outer loop
      vertex 3.11127 3 -3.11127
      vertex 2.47487 0 -2.47487
      vertex 2.24976 0 -2.68116
    endloop
  endfacet
  facet normal 0.647135 -0.287093 -0.706253
    outer loop
      vertex 2.82826 3 -3.37059
      vertex 3.11127 3 -3.11127
      vertex 2.24976 0 -2.68116
    endloop
  endfacet
  facet normal 0.647134 0.287098 -0.706252
    outer loop
      vertex 3.11127 -3 -3.11127
      vertex 2.82826 -3 -3.37059
      vertex 2.47487 0 -2.47487
    endloop
  endfacet
  facet normal 0.647175 0.287093 -0.706217
    outer loop
      vertex 2.47487 0 -2.47487
      vertex 2.82826 -3 -3.37059
      vertex 2.24976 0 -2.68116
    endloop
  endfacet
  facet normal 0.579463 0.514134 -0.632368
    outer loop
      vertex 5.23258 -8 -5.23258
      vertex 4.75662 -8 -5.66872
      vertex 3.11127 -3 -3.11127
    endloop
  endfacet
  facet normal 0.579447 0.514135 -0.632382
    outer loop
      vertex 3.11127 -3 -3.11127
      vertex 4.75662 -8 -5.66872
      vertex 2.82826 -3 -3.37059
    endloop
  endfacet
  facet normal 0.599513 0.461009 -0.654259
    outer loop
      vertex 7.07107 -13 -7.07107
      vertex 6.42788 -13 -7.66044
      vertex 5.23258 -8 -5.23258
    endloop
  endfacet
  facet normal 0.599518 0.461009 -0.654255
    outer loop
      vertex 5.23258 -8 -5.23258
      vertex 6.42788 -13 -7.66044
      vertex 4.75662 -8 -5.66872
    endloop
  endfacet
  facet normal 0.60438 0.446873 -0.659568
    outer loop
      vertex 8.13173 -16 -8.13173
      vertex 7.39206 -16 -8.80951
      vertex 7.07107 -13 -7.07107
    endloop
  endfacet
  facet normal 0.604378 0.446873 -0.659569
    outer loop
      vertex 7.07107 -13 -7.07107
      vertex 7.39206 -16 -8.80951
      vertex 6.42788 -13 -7.66044
    endloop
  endfacet
  facet normal 0.604378 -0.446873 -0.659569
    outer loop
      vertex 8.13173 16 -8.13173
      vertex 7.07107 13 -7.07107
      vertex 6.42788 13 -7.66044
    endloop
  endfacet
  facet normal 0.60438 -0.446873 -0.659567
    outer loop
      vertex 7.39206 16 -8.80951
      vertex 8.13173 16 -8.13173
      vertex 6.42788 13 -7.66044
    endloop
  endfacet
  facet normal 0.540217 -0.461009 -0.704014
    outer loop
      vertex 6.42788 13 -7.66044
      vertex 4.75662 8 -5.66872
      vertex 4.24446 8 -6.06172
    endloop
  endfacet
  facet normal 0.540211 -0.461008 -0.70402
    outer loop
      vertex 5.73576 13 -8.19152
      vertex 6.42788 13 -7.66044
      vertex 4.24446 8 -6.06172
    endloop
  endfacet
  facet normal 0.522135 -0.514135 -0.680471
    outer loop
      vertex 4.75662 8 -5.66872
      vertex 2.82826 3 -3.37059
      vertex 2.52373 3 -3.60426
    endloop
  endfacet
  facet normal 0.522145 -0.514136 -0.680462
    outer loop
      vertex 4.24446 8 -6.06172
      vertex 4.75662 8 -5.66872
      vertex 2.52373 3 -3.60426
    endloop
  endfacet
  facet normal 0.58312 -0.287093 -0.759966
    outer loop
      vertex 2.82826 3 -3.37059
      vertex 2.24976 0 -2.68116
      vertex 2.00752 0 -2.86703
    endloop
  endfacet
  facet normal 0.583128 -0.287094 -0.75996
    outer loop
      vertex 2.52373 3 -3.60426
      vertex 2.82826 3 -3.37059
      vertex 2.00752 0 -2.86703
    endloop
  endfacet
  facet normal 0.583128 0.287093 -0.75996
    outer loop
      vertex 2.82826 -3 -3.37059
      vertex 2.52373 -3 -3.60426
      vertex 2.24976 0 -2.68116
    endloop
  endfacet
  facet normal 0.58312 0.287094 -0.759966
    outer loop
      vertex 2.24976 0 -2.68116
      vertex 2.52373 -3 -3.60426
      vertex 2.00752 0 -2.86703
    endloop
  endfacet
  facet normal 0.522145 0.514135 -0.680463
    outer loop
      vertex 4.75662 -8 -5.66872
      vertex 4.24446 -8 -6.06172
      vertex 2.82826 -3 -3.37059
    endloop
  endfacet
  facet normal 0.522134 0.514136 -0.68047
    outer loop
      vertex 2.82826 -3 -3.37059
      vertex 4.24446 -8 -6.06172
      vertex 2.52373 -3 -3.60426
    endloop
  endfacet
  facet normal 0.540211 0.461008 -0.70402
    outer loop
      vertex 6.42788 -13 -7.66044
      vertex 5.73576 -13 -8.19152
      vertex 4.75662 -8 -5.66872
    endloop
  endfacet
  facet normal 0.540218 0.461008 -0.704015
    outer loop
      vertex 4.75662 -8 -5.66872
      vertex 5.73576 -13 -8.19152
      vertex 4.24446 -8 -6.06172
    endloop
  endfacet
  facet normal 0.544597 0.446873 -0.709731
    outer loop
      vertex 7.39206 -16 -8.80951
      vertex 6.59613 -16 -9.42025
      vertex 6.42788 -13 -7.66044
    endloop
  endfacet
  facet normal 0.544595 0.446874 -0.709733
    outer loop
      vertex 6.42788 -13 -7.66044
      vertex 6.59613 -16 -9.42025
      vertex 5.73576 -13 -8.19152
    endloop
  endfacet
  facet normal 0.544595 -0.446873 -0.709733
    outer loop
      vertex 7.39206 16 -8.80951
      vertex 6.42788 13 -7.66044
      vertex 5.73576 13 -8.19152
    endloop
  endfacet
  facet normal 0.544597 -0.446874 -0.709731
    outer loop
      vertex 6.59613 16 -9.42025
      vertex 7.39206 16 -8.80951
      vertex 5.73576 13 -8.19152
    endloop
  endfacet
  facet normal 0.476798 -0.461008 -0.748422
    outer loop
      vertex 5.73576 13 -8.19152
      vertex 4.24446 8 -6.06172
      vertex 3.7 8 -6.40858
    endloop
  endfacet
  facet normal 0.476797 -0.461007 -0.748423
    outer loop
      vertex 5 13 -8.66025
      vertex 5.73576 13 -8.19152
      vertex 3.7 8 -6.40858
    endloop
  endfacet
  facet normal 0.460864 -0.514136 -0.723373
    outer loop
      vertex 4.24446 8 -6.06172
      vertex 2.52373 3 -3.60426
      vertex 2.2 3 -3.81051
    endloop
  endfacet
  facet normal 0.460848 -0.514135 -0.723384
    outer loop
      vertex 3.7 8 -6.40858
      vertex 4.24446 8 -6.06172
      vertex 2.2 3 -3.81051
    endloop
  endfacet
  facet normal 0.514684 -0.287094 -0.807884
    outer loop
      vertex 2.52373 3 -3.60426
      vertex 2.00752 0 -2.86703
      vertex 1.75 0 -3.03109
    endloop
  endfacet
  facet normal 0.5147 -0.287096 -0.807873
    outer loop
      vertex 2.2 3 -3.81051
      vertex 2.52373 3 -3.60426
      vertex 1.75 0 -3.03109
    endloop
  endfacet
  facet normal 0.514701 0.287094 -0.807874
    outer loop
      vertex 2.52373 -3 -3.60426
      vertex 2.2 -3 -3.81051
      vertex 2.00752 0 -2.86703
    endloop
  endfacet
  facet normal 0.514684 0.287096 -0.807884
    outer loop
      vertex 2.00752 0 -2.86703
      vertex 2.2 -3 -3.81051
      vertex 1.75 0 -3.03109
    endloop
  endfacet
  facet normal 0.460847 0.514136 -0.723384
    outer loop
      vertex 4.24446 -8 -6.06172
      vertex 3.7 -8 -6.40858
      vertex 2.52373 -3 -3.60426
    endloop
  endfacet
  facet normal 0.460865 0.514134 -0.723374
    outer loop
      vertex 2.52373 -3 -3.60426
      vertex 3.7 -8 -6.40858
      vertex 2.2 -3 -3.81051
    endloop
  endfacet
  facet normal 0.476797 0.461008 -0.748423
    outer loop
      vertex 5.73576 -13 -8.19152
      vertex 5 -13 -8.66025
      vertex 4.24446 -8 -6.06172
    endloop
  endfacet
  facet normal 0.476798 0.461007 -0.748422
    outer loop
      vertex 4.24446 -8 -6.06172
      vertex 5 -13 -8.66025
      vertex 3.7 -8 -6.40858
    endloop
  endfacet
  facet normal 0.480664 0.446874 -0.754497
    outer loop
      vertex 6.59613 -16 -9.42025
      vertex 5.75 -16 -9.95929
      vertex 5.73576 -13 -8.19152
    endloop
  endfacet
  facet normal 0.480666 0.446873 -0.754496
    outer loop
      vertex 5.73576 -13 -8.19152
      vertex 5.75 -16 -9.95929
      vertex 5 -13 -8.66025
    endloop
  endfacet
  facet normal 0.480666 -0.446874 -0.754496
    outer loop
      vertex 6.59613 16 -9.42025
      vertex 5.73576 13 -8.19152
      vertex 5 13 -8.66025
    endloop
  endfacet
  facet normal 0.480664 -0.446873 -0.754497
    outer loop
      vertex 5.75 16 -9.95929
      vertex 6.59613 16 -9.42025
      vertex 5 13 -8.66025
    endloop
  endfacet
  facet normal 0.409752 -0.461007 -0.787131
    outer loop
      vertex 5 13 -8.66025
      vertex 3.7 8 -6.40858
      vertex 3.12737 8 -6.70667
    endloop
  endfacet
  facet normal 0.409758 -0.461008 -0.787128
    outer loop
      vertex 4.22618 13 -9.06308
      vertex 5 13 -8.66025
      vertex 3.12737 8 -6.70667
    endloop
  endfacet
  facet normal 0.396041 -0.514135 -0.7608
    outer loop
      vertex 3.7 8 -6.40858
      vertex 2.2 3 -3.81051
      vertex 1.85952 3 -3.98775
    endloop
  endfacet
  facet normal 0.396044 -0.514135 -0.760799
    outer loop
      vertex 3.12737 8 -6.70667
      vertex 3.7 8 -6.40858
      vertex 1.85952 3 -3.98775
    endloop
  endfacet
  facet normal 0.442309 -0.287096 -0.84967
    outer loop
      vertex 2.2 3 -3.81051
      vertex 1.75 0 -3.03109
      vertex 1.47916 0 -3.17208
    endloop
  endfacet
  facet normal 0.442305 -0.287096 -0.849672
    outer loop
      vertex 1.85952 3 -3.98775
      vertex 2.2 3 -3.81051
      vertex 1.47916 0 -3.17208
    endloop
  endfacet
  facet normal 0.442305 0.287096 -0.849672
    outer loop
      vertex 2.2 -3 -3.81051
      vertex 1.85952 -3 -3.98775
      vertex 1.75 0 -3.03109
    endloop
  endfacet
  facet normal 0.442309 0.287096 -0.84967
    outer loop
      vertex 1.75 0 -3.03109
      vertex 1.85952 -3 -3.98775
      vertex 1.47916 0 -3.17208
    endloop
  endfacet
  facet normal 0.396044 0.514135 -0.760799
    outer loop
      vertex 3.7 -8 -6.40858
      vertex 3.12737 -8 -6.70667
      vertex 2.2 -3 -3.81051
    endloop
  endfacet
  facet normal 0.396041 0.514135 -0.7608
    outer loop
      vertex 2.2 -3 -3.81051
      vertex 3.12737 -8 -6.70667
      vertex 1.85952 -3 -3.98775
    endloop
  endfacet
  facet normal 0.409758 0.461008 -0.787128
    outer loop
      vertex 5 -13 -8.66025
      vertex 4.22618 -13 -9.06308
      vertex 3.7 -8 -6.40858
    endloop
  endfacet
  facet normal 0.409751 0.461008 -0.787131
    outer loop
      vertex 3.7 -8 -6.40858
      vertex 4.22618 -13 -9.06308
      vertex 3.12737 -8 -6.70667
    endloop
  endfacet
  facet normal 0.413053 0.446873 -0.793531
    outer loop
      vertex 5 -13 -8.66025
      vertex 5.75 -16 -9.95929
      vertex 4.86011 -16 -10.4225
    endloop
  endfacet
  facet normal 0.413085 0.446864 -0.793519
    outer loop
      vertex 5 -13 -8.66025
      vertex 4.86011 -16 -10.4225
      vertex 4.22618 -13 -9.06308
    endloop
  endfacet
  facet normal 0.413083 -0.446873 -0.793515
    outer loop
      vertex 5.75 16 -9.95929
      vertex 5 13 -8.66025
      vertex 4.22618 13 -9.06308
    endloop
  endfacet
  facet normal 0.413055 -0.446865 -0.793535
    outer loop
      vertex 4.86011 16 -10.4225
      vertex 5.75 16 -9.95929
      vertex 4.22618 13 -9.06308
    endloop
  endfacet
  facet normal 0.339597 -0.461008 -0.819844
    outer loop
      vertex 4.22618 13 -9.06308
      vertex 3.12737 8 -6.70667
      vertex 2.53095 8 -6.95372
    endloop
  endfacet
  facet normal 0.339594 -0.461008 -0.819846
    outer loop
      vertex 3.4202 13 -9.39693
      vertex 4.22618 13 -9.06308
      vertex 2.53095 8 -6.95372
    endloop
  endfacet
  facet normal 0.328226 -0.514135 -0.792422
    outer loop
      vertex 3.12737 8 -6.70667
      vertex 1.85952 3 -3.98775
      vertex 1.50489 3 -4.13464
    endloop
  endfacet
  facet normal 0.328236 -0.514136 -0.792417
    outer loop
      vertex 2.53095 8 -6.95372
      vertex 3.12737 8 -6.70667
      vertex 1.50489 3 -4.13464
    endloop
  endfacet
  facet normal 0.366559 -0.287095 -0.884992
    outer loop
      vertex 1.85952 3 -3.98775
      vertex 1.47916 0 -3.17208
      vertex 1.19707 0 -3.28892
    endloop
  endfacet
  facet normal 0.366568 -0.287096 -0.884988
    outer loop
      vertex 1.50489 3 -4.13464
      vertex 1.85952 3 -3.98775
      vertex 1.19707 0 -3.28892
    endloop
  endfacet
  facet normal 0.366568 0.287095 -0.884988
    outer loop
      vertex 1.85952 -3 -3.98775
      vertex 1.50489 -3 -4.13464
      vertex 1.47916 0 -3.17208
    endloop
  endfacet
  facet normal 0.366558 0.287096 -0.884992
    outer loop
      vertex 1.47916 0 -3.17208
      vertex 1.50489 -3 -4.13464
      vertex 1.19707 0 -3.28892
    endloop
  endfacet
  facet normal 0.328237 0.514135 -0.792418
    outer loop
      vertex 3.12737 -8 -6.70667
      vertex 2.53095 -8 -6.95372
      vertex 1.85952 -3 -3.98775
    endloop
  endfacet
  facet normal 0.328226 0.514136 -0.792422
    outer loop
      vertex 1.85952 -3 -3.98775
      vertex 2.53095 -8 -6.95372
      vertex 1.50489 -3 -4.13464
    endloop
  endfacet
  facet normal 0.339594 0.461008 -0.819846
    outer loop
      vertex 4.22618 -13 -9.06308
      vertex 3.4202 -13 -9.39693
      vertex 3.12737 -8 -6.70667
    endloop
  endfacet
  facet normal 0.339597 0.461008 -0.819845
    outer loop
      vertex 3.12737 -8 -6.70667
      vertex 3.4202 -13 -9.39693
      vertex 2.53095 -8 -6.95372
    endloop
  endfacet
  facet normal 0.342405 0.446865 -0.826481
    outer loop
      vertex 4.22618 -13 -9.06308
      vertex 4.86011 -16 -10.4225
      vertex 3.93323 -16 -10.8065
    endloop
  endfacet
  facet normal 0.342348 0.44688 -0.826496
    outer loop
      vertex 4.22618 -13 -9.06308
      vertex 3.93323 -16 -10.8065
      vertex 3.4202 -13 -9.39693
    endloop
  endfacet
  facet normal 0.342351 -0.446864 -0.826504
    outer loop
      vertex 4.86011 16 -10.4225
      vertex 4.22618 13 -9.06308
      vertex 3.4202 13 -9.39693
    endloop
  endfacet
  facet normal 0.342403 -0.446879 -0.826474
    outer loop
      vertex 3.93323 16 -10.8065
      vertex 4.86011 16 -10.4225
      vertex 3.4202 13 -9.39693
    endloop
  endfacet
  facet normal 0.266837 -0.461008 -0.846327
    outer loop
      vertex 3.4202 13 -9.39693
      vertex 2.53095 8 -6.95372
      vertex 1.91526 8 -7.14784
    endloop
  endfacet
  facet normal 0.266843 -0.461009 -0.846325
    outer loop
      vertex 2.58819 13 -9.65926
      vertex 3.4202 13 -9.39693
      vertex 1.91526 8 -7.14784
    endloop
  endfacet
  facet normal 0.257923 -0.514136 -0.81801
    outer loop
      vertex 2.53095 8 -6.95372
      vertex 1.50489 3 -4.13464
      vertex 1.1388 3 -4.25007
    endloop
  endfacet
  facet normal 0.257911 -0.514135 -0.818014
    outer loop
      vertex 1.91526 8 -7.14784
      vertex 2.53095 8 -6.95372
      vertex 1.1388 3 -4.25007
    endloop
  endfacet
  facet normal 0.288058 -0.287096 -0.913563
    outer loop
      vertex 1.50489 3 -4.13464
      vertex 1.19707 0 -3.28892
      vertex 0.905867 0 -3.38074
    endloop
  endfacet
  facet normal 0.288052 -0.287096 -0.913566
    outer loop
      vertex 1.1388 3 -4.25007
      vertex 1.50489 3 -4.13464
      vertex 0.905867 0 -3.38074
    endloop
  endfacet
  facet normal 0.288052 0.287096 -0.913566
    outer loop
      vertex 1.19707 0 -3.28892
      vertex 1.50489 -3 -4.13464
      vertex 1.1388 -3 -4.25007
    endloop
  endfacet
  facet normal 0.288058 0.287096 -0.913564
    outer loop
      vertex 1.19707 0 -3.28892
      vertex 1.1388 -3 -4.25007
      vertex 0.905867 0 -3.38074
    endloop
  endfacet
  facet normal 0.25791 0.514136 -0.818014
    outer loop
      vertex 2.53095 -8 -6.95372
      vertex 1.91526 -8 -7.14784
      vertex 1.50489 -3 -4.13464
    endloop
  endfacet
  facet normal 0.257923 0.514135 -0.818011
    outer loop
      vertex 1.50489 -3 -4.13464
      vertex 1.91526 -8 -7.14784
      vertex 1.1388 -3 -4.25007
    endloop
  endfacet
  facet normal 0.266843 0.461008 -0.846325
    outer loop
      vertex 3.4202 -13 -9.39693
      vertex 2.58819 -13 -9.65926
      vertex 2.53095 -8 -6.95372
    endloop
  endfacet
  facet normal 0.266837 0.461009 -0.846327
    outer loop
      vertex 2.53095 -8 -6.95372
      vertex 2.58819 -13 -9.65926
      vertex 1.91526 -8 -7.14784
    endloop
  endfacet
  facet normal 0.268944 0.446879 -0.853211
    outer loop
      vertex 3.4202 -13 -9.39693
      vertex 3.93323 -16 -10.8065
      vertex 2.97642 -16 -11.1081
    endloop
  endfacet
  facet normal 0.269011 0.446862 -0.853198
    outer loop
      vertex 3.4202 -13 -9.39693
      vertex 2.97642 -16 -11.1081
      vertex 2.58819 -13 -9.65926
    endloop
  endfacet
  facet normal 0.269008 -0.44688 -0.85319
    outer loop
      vertex 3.93323 16 -10.8065
      vertex 3.4202 13 -9.39693
      vertex 2.58819 13 -9.65926
    endloop
  endfacet
  facet normal 0.268946 -0.446863 -0.853218
    outer loop
      vertex 2.97642 16 -11.1081
      vertex 3.93323 16 -10.8065
      vertex 2.58819 13 -9.65926
    endloop
  endfacet
  facet normal 0.192074 -0.461009 -0.866359
    outer loop
      vertex 2.58819 13 -9.65926
      vertex 1.91526 8 -7.14784
      vertex 1.285 8 -7.28757
    endloop
  endfacet
  facet normal 0.192068 -0.461008 -0.866361
    outer loop
      vertex 1.73648 13 -9.84808
      vertex 2.58819 13 -9.65926
      vertex 1.285 8 -7.28757
    endloop
  endfacet
  facet normal 0.185642 -0.514135 -0.837378
    outer loop
      vertex 1.91526 8 -7.14784
      vertex 1.1388 3 -4.25007
      vertex 0.76405 3 -4.33315
    endloop
  endfacet
  facet normal 0.185648 -0.514135 -0.837377
    outer loop
      vertex 1.285 8 -7.28757
      vertex 1.91526 8 -7.14784
      vertex 0.76405 3 -4.33315
    endloop
  endfacet
  facet normal 0.207337 -0.287096 -0.935194
    outer loop
      vertex 1.1388 3 -4.25007
      vertex 0.905867 0 -3.38074
      vertex 0.607768 0 -3.44683
    endloop
  endfacet
  facet normal 0.207328 -0.287095 -0.935196
    outer loop
      vertex 0.76405 3 -4.33315
      vertex 1.1388 3 -4.25007
      vertex 0.607768 0 -3.44683
    endloop
  endfacet
  facet normal 0.207328 0.287096 -0.935196
    outer loop
      vertex 0.905867 0 -3.38074
      vertex 1.1388 -3 -4.25007
      vertex 0.76405 -3 -4.33315
    endloop
  endfacet
  facet normal 0.207337 0.287095 -0.935194
    outer loop
      vertex 0.905867 0 -3.38074
      vertex 0.76405 -3 -4.33315
      vertex 0.607768 0 -3.44683
    endloop
  endfacet
  facet normal 0.185648 0.514135 -0.837377
    outer loop
      vertex 1.91526 -8 -7.14784
      vertex 1.285 -8 -7.28757
      vertex 1.1388 -3 -4.25007
    endloop
  endfacet
  facet normal 0.185642 0.514135 -0.837378
    outer loop
      vertex 1.1388 -3 -4.25007
      vertex 1.285 -8 -7.28757
      vertex 0.76405 -3 -4.33315
    endloop
  endfacet
  facet normal 0.192068 0.461009 -0.866361
    outer loop
      vertex 1.91526 -8 -7.14784
      vertex 2.58819 -13 -9.65926
      vertex 1.73648 -13 -9.84808
    endloop
  endfacet
  facet normal 0.192074 0.461008 -0.86636
    outer loop
      vertex 1.91526 -8 -7.14784
      vertex 1.73648 -13 -9.84808
      vertex 1.285 -8 -7.28757
    endloop
  endfacet
  facet normal 0.193676 0.446863 -0.873386
    outer loop
      vertex 2.58819 -13 -9.65926
      vertex 2.97642 -16 -11.1081
      vertex 1.99695 -16 -11.3253
    endloop
  endfacet
  facet normal 0.193627 0.446875 -0.873391
    outer loop
      vertex 2.58819 -13 -9.65926
      vertex 1.99695 -16 -11.3253
      vertex 1.73648 -13 -9.84808
    endloop
  endfacet
  facet normal 0.193628 -0.446862 -0.873397
    outer loop
      vertex 2.97642 16 -11.1081
      vertex 2.58819 13 -9.65926
      vertex 1.73648 13 -9.84808
    endloop
  endfacet
  facet normal 0.193674 -0.446874 -0.873381
    outer loop
      vertex 1.99695 16 -11.3253
      vertex 2.97642 16 -11.1081
      vertex 1.73648 13 -9.84808
    endloop
  endfacet
  facet normal 0.115823 -0.461008 -0.879805
    outer loop
      vertex 1.73648 13 -9.84808
      vertex 1.285 8 -7.28757
      vertex 0.644952 8 -7.37183
    endloop
  endfacet
  facet normal 0.115829 -0.461009 -0.879804
    outer loop
      vertex 0.871557 13 -9.96195
      vertex 1.73648 13 -9.84808
      vertex 0.644952 8 -7.37183
    endloop
  endfacet
  facet normal 0.111948 -0.514135 -0.850372
    outer loop
      vertex 1.285 8 -7.28757
      vertex 0.76405 3 -4.33315
      vertex 0.383484 3 -4.38325
    endloop
  endfacet
  facet normal 0.111948 -0.514135 -0.850372
    outer loop
      vertex 0.644952 8 -7.37183
      vertex 1.285 8 -7.28757
      vertex 0.383484 3 -4.38325
    endloop
  endfacet
  facet normal 0.125018 -0.287095 -0.949709
    outer loop
      vertex 0.76405 3 -4.33315
      vertex 0.607768 0 -3.44683
      vertex 0.305044 0 -3.48668
    endloop
  endfacet
  facet normal 0.125025 -0.287095 -0.949708
    outer loop
      vertex 0.383484 3 -4.38325
      vertex 0.76405 3 -4.33315
      vertex 0.305044 0 -3.48668
    endloop
  endfacet
  facet normal 0.125025 0.287095 -0.949708
    outer loop
      vertex 0.607768 0 -3.44683
      vertex 0.76405 -3 -4.33315
      vertex 0.383484 -3 -4.38325
    endloop
  endfacet
  facet normal 0.125018 0.287096 -0.949709
    outer loop
      vertex 0.607768 0 -3.44683
      vertex 0.383484 -3 -4.38325
      vertex 0.305044 0 -3.48668
    endloop
  endfacet
  facet normal 0.111948 0.514135 -0.850372
    outer loop
      vertex 0.76405 -3 -4.33315
      vertex 1.285 -8 -7.28757
      vertex 0.644952 -8 -7.37183
    endloop
  endfacet
  facet normal 0.111948 0.514135 -0.850372
    outer loop
      vertex 0.76405 -3 -4.33315
      vertex 0.644952 -8 -7.37183
      vertex 0.383484 -3 -4.38325
    endloop
  endfacet
  facet normal 0.115829 0.461008 -0.879804
    outer loop
      vertex 1.285 -8 -7.28757
      vertex 1.73648 -13 -9.84808
      vertex 0.871557 -13 -9.96195
    endloop
  endfacet
  facet normal 0.115823 0.461009 -0.879804
    outer loop
      vertex 1.285 -8 -7.28757
      vertex 0.871557 -13 -9.96195
      vertex 0.644952 -8 -7.37183
    endloop
  endfacet
  facet normal 0.116725 0.446874 -0.886949
    outer loop
      vertex 1.73648 -13 -9.84808
      vertex 1.99695 -16 -11.3253
      vertex 1.00229 -16 -11.4562
    endloop
  endfacet
  facet normal 0.11677 0.446863 -0.886949
    outer loop
      vertex 1.73648 -13 -9.84808
      vertex 1.00229 -16 -11.4562
      vertex 0.871557 -13 -9.96195
    endloop
  endfacet
  facet normal 0.116769 -0.446875 -0.886943
    outer loop
      vertex 1.99695 16 -11.3253
      vertex 1.73648 13 -9.84808
      vertex 0.871557 13 -9.96195
    endloop
  endfacet
  facet normal 0.116726 -0.446864 -0.886954
    outer loop
      vertex 1.00229 16 -11.4562
      vertex 1.99695 16 -11.3253
      vertex 0.871557 13 -9.96195
    endloop
  endfacet
  facet normal 0.0387087 -0.461009 -0.886551
    outer loop
      vertex 0.871557 13 -9.96195
      vertex 0.644952 8 -7.37183
      vertex 0 8 -7.39999
    endloop
  endfacet
  facet normal 0.0387046 -0.461008 -0.886551
    outer loop
      vertex 0 13 -10
      vertex 0.871557 13 -9.96195
      vertex 0 8 -7.39999
    endloop
  endfacet
  facet normal 0.0374055 -0.514135 -0.856893
    outer loop
      vertex 0.644952 8 -7.37183
      vertex 0.383484 3 -4.38325
      vertex 0 3 -4.39999
    endloop
  endfacet
  facet normal 0.0374138 -0.514136 -0.856893
    outer loop
      vertex 0 8 -7.39999
      vertex 0.644952 8 -7.37183
      vertex 0 3 -4.39999
    endloop
  endfacet
  facet normal 0.0417878 -0.287095 -0.95699
    outer loop
      vertex 0.383484 3 -4.38325
      vertex 0.305044 0 -3.48668
      vertex 0 0 -3.5
    endloop
  endfacet
  facet normal 0.041775 -0.287094 -0.956991
    outer loop
      vertex 0 3 -4.39999
      vertex 0.383484 3 -4.38325
      vertex 0 0 -3.5
    endloop
  endfacet
  facet normal 0.0417749 0.287095 -0.956991
    outer loop
      vertex 0.305044 0 -3.48668
      vertex 0.383484 -3 -4.38325
      vertex 0 -3 -4.39999
    endloop
  endfacet
  facet normal 0.0417878 0.287094 -0.956991
    outer loop
      vertex 0 0 -3.5
      vertex 0.305044 0 -3.48668
      vertex 0 -3 -4.39999
    endloop
  endfacet
  facet normal 0.0374138 0.514135 -0.856893
    outer loop
      vertex 0.383484 -3 -4.38325
      vertex 0.644952 -8 -7.37183
      vertex 0 -8 -7.39999
    endloop
  endfacet
  facet normal 0.0374054 0.514136 -0.856893
    outer loop
      vertex 0 -3 -4.39999
      vertex 0.383484 -3 -4.38325
      vertex 0 -8 -7.39999
    endloop
  endfacet
  facet normal 0.0387046 0.461009 -0.886551
    outer loop
      vertex 0.644952 -8 -7.37183
      vertex 0.871557 -13 -9.96195
      vertex 0 -13 -10
    endloop
  endfacet
  facet normal 0.0387087 0.461008 -0.886551
    outer loop
      vertex 0 -8 -7.39999
      vertex 0.644952 -8 -7.37183
      vertex 0 -13 -10
    endloop
  endfacet
  facet normal 0.0390568 0.446864 -0.893749
    outer loop
      vertex 0.871557 -13 -9.96195
      vertex 1.00229 -16 -11.4562
      vertex 0 -16 -11.5
    endloop
  endfacet
  facet normal 0.0390187 0.446873 -0.893746
    outer loop
      vertex 0 -13 -10
      vertex 0.871557 -13 -9.96195
      vertex 0 -16 -11.5
    endloop
  endfacet
  facet normal 0.0390189 -0.446863 -0.893751
    outer loop
      vertex 1.00229 16 -11.4562
      vertex 0.871557 13 -9.96195
      vertex 0 13 -10
    endloop
  endfacet
  facet normal 0.0390566 -0.446872 -0.893745
    outer loop
      vertex 0 16 -11.5
      vertex 1.00229 16 -11.4562
      vertex 0 13 -10
    endloop
  endfacet
  facet normal -0.0387087 -0.461008 -0.886551
    outer loop
      vertex 0 13 -10
      vertex 0 8 -7.39999
      vertex -0.644952 8 -7.37183
    endloop
  endfacet
  facet normal -0.0387046 -0.461009 -0.886551
    outer loop
      vertex 0 13 -10
      vertex -0.644952 8 -7.37183
      vertex -0.871557 13 -9.96195
    endloop
  endfacet
  facet normal -0.0374054 -0.514136 -0.856893
    outer loop
      vertex 0 8 -7.39999
      vertex 0 3 -4.39999
      vertex -0.383484 3 -4.38325
    endloop
  endfacet
  facet normal -0.0374138 -0.514135 -0.856893
    outer loop
      vertex 0 8 -7.39999
      vertex -0.383484 3 -4.38325
      vertex -0.644952 8 -7.37183
    endloop
  endfacet
  facet normal -0.0417878 -0.287094 -0.956991
    outer loop
      vertex 0 3 -4.39999
      vertex 0 0 -3.5
      vertex -0.305044 0 -3.48668
    endloop
  endfacet
  facet normal -0.0417749 -0.287095 -0.956991
    outer loop
      vertex 0 3 -4.39999
      vertex -0.305044 0 -3.48668
      vertex -0.383484 3 -4.38325
    endloop
  endfacet
  facet normal -0.041775 0.287094 -0.956991
    outer loop
      vertex 0 0 -3.5
      vertex 0 -3 -4.39999
      vertex -0.383484 -3 -4.38325
    endloop
  endfacet
  facet normal -0.0417878 0.287095 -0.95699
    outer loop
      vertex -0.305044 0 -3.48668
      vertex 0 0 -3.5
      vertex -0.383484 -3 -4.38325
    endloop
  endfacet
  facet normal -0.0374138 0.514136 -0.856893
    outer loop
      vertex 0 -3 -4.39999
      vertex 0 -8 -7.39999
      vertex -0.644952 -8 -7.37183
    endloop
  endfacet
  facet normal -0.0374055 0.514135 -0.856893
    outer loop
      vertex -0.383484 -3 -4.38325
      vertex 0 -3 -4.39999
      vertex -0.644952 -8 -7.37183
    endloop
  endfacet
  facet normal -0.0387046 0.461008 -0.886551
    outer loop
      vertex 0 -8 -7.39999
      vertex 0 -13 -10
      vertex -0.871557 -13 -9.96195
    endloop
  endfacet
  facet normal -0.0387087 0.461009 -0.886551
    outer loop
      vertex -0.644952 -8 -7.37183
      vertex 0 -8 -7.39999
      vertex -0.871557 -13 -9.96195
    endloop
  endfacet
  facet normal -0.0390566 0.446872 -0.893745
    outer loop
      vertex 0 -13 -10
      vertex 0 -16 -11.5
      vertex -1.00229 -16 -11.4562
    endloop
  endfacet
  facet normal -0.0390189 0.446863 -0.893751
    outer loop
      vertex -0.871557 -13 -9.96195
      vertex 0 -13 -10
      vertex -1.00229 -16 -11.4562
    endloop
  endfacet
  facet normal -0.0390187 -0.446873 -0.893746
    outer loop
      vertex 0 16 -11.5
      vertex 0 13 -10
      vertex -0.871557 13 -9.96195
    endloop
  endfacet
  facet normal -0.0390568 -0.446864 -0.893749
    outer loop
      vertex 0 16 -11.5
      vertex -0.871557 13 -9.96195
      vertex -1.00229 16 -11.4562
    endloop
  endfacet
  facet normal -0.115823 -0.461009 -0.879804
    outer loop
      vertex -0.871557 13 -9.96195
      vertex -0.644952 8 -7.37183
      vertex -1.285 8 -7.28757
    endloop
  endfacet
  facet normal -0.115829 -0.461008 -0.879804
    outer loop
      vertex -0.871557 13 -9.96195
      vertex -1.285 8 -7.28757
      vertex -1.73648 13 -9.84808
    endloop
  endfacet
  facet normal -0.111948 -0.514135 -0.850372
    outer loop
      vertex -0.644952 8 -7.37183
      vertex -0.383484 3 -4.38325
      vertex -0.76405 3 -4.33315
    endloop
  endfacet
  facet normal -0.111948 -0.514135 -0.850372
    outer loop
      vertex -0.644952 8 -7.37183
      vertex -0.76405 3 -4.33315
      vertex -1.285 8 -7.28757
    endloop
  endfacet
  facet normal -0.125018 -0.287096 -0.949709
    outer loop
      vertex -0.383484 3 -4.38325
      vertex -0.305044 0 -3.48668
      vertex -0.607768 0 -3.44683
    endloop
  endfacet
  facet normal -0.125025 -0.287095 -0.949708
    outer loop
      vertex -0.383484 3 -4.38325
      vertex -0.607768 0 -3.44683
      vertex -0.76405 3 -4.33315
    endloop
  endfacet
  facet normal -0.125025 0.287095 -0.949708
    outer loop
      vertex -0.305044 0 -3.48668
      vertex -0.383484 -3 -4.38325
      vertex -0.76405 -3 -4.33315
    endloop
  endfacet
  facet normal -0.125018 0.287095 -0.949709
    outer loop
      vertex -0.607768 0 -3.44683
      vertex -0.305044 0 -3.48668
      vertex -0.76405 -3 -4.33315
    endloop
  endfacet
  facet normal -0.111948 0.514135 -0.850372
    outer loop
      vertex -0.383484 -3 -4.38325
      vertex -0.644952 -8 -7.37183
      vertex -1.285 -8 -7.28757
    endloop
  endfacet
  facet normal -0.111948 0.514135 -0.850372
    outer loop
      vertex -0.76405 -3 -4.33315
      vertex -0.383484 -3 -4.38325
      vertex -1.285 -8 -7.28757
    endloop
  endfacet
  facet normal -0.115829 0.461009 -0.879804
    outer loop
      vertex -0.644952 -8 -7.37183
      vertex -0.871557 -13 -9.96195
      vertex -1.73648 -13 -9.84808
    endloop
  endfacet
  facet normal -0.115823 0.461008 -0.879805
    outer loop
      vertex -1.285 -8 -7.28757
      vertex -0.644952 -8 -7.37183
      vertex -1.73648 -13 -9.84808
    endloop
  endfacet
  facet normal -0.116726 0.446864 -0.886954
    outer loop
      vertex -0.871557 -13 -9.96195
      vertex -1.00229 -16 -11.4562
      vertex -1.99695 -16 -11.3253
    endloop
  endfacet
  facet normal -0.116769 0.446875 -0.886943
    outer loop
      vertex -1.73648 -13 -9.84808
      vertex -0.871557 -13 -9.96195
      vertex -1.99695 -16 -11.3253
    endloop
  endfacet
  facet normal -0.11677 -0.446863 -0.886949
    outer loop
      vertex -1.00229 16 -11.4562
      vertex -0.871557 13 -9.96195
      vertex -1.73648 13 -9.84808
    endloop
  endfacet
  facet normal -0.116725 -0.446874 -0.886949
    outer loop
      vertex -1.00229 16 -11.4562
      vertex -1.73648 13 -9.84808
      vertex -1.99695 16 -11.3253
    endloop
  endfacet
  facet normal -0.192074 -0.461008 -0.86636
    outer loop
      vertex -1.73648 13 -9.84808
      vertex -1.285 8 -7.28757
      vertex -1.91526 8 -7.14784
    endloop
  endfacet
  facet normal -0.192068 -0.461009 -0.866361
    outer loop
      vertex -1.73648 13 -9.84808
      vertex -1.91526 8 -7.14784
      vertex -2.58819 13 -9.65926
    endloop
  endfacet
  facet normal -0.185642 -0.514135 -0.837378
    outer loop
      vertex -0.76405 3 -4.33315
      vertex -1.1388 3 -4.25007
      vertex -1.285 8 -7.28757
    endloop
  endfacet
  facet normal -0.185648 -0.514135 -0.837377
    outer loop
      vertex -1.285 8 -7.28757
      vertex -1.1388 3 -4.25007
      vertex -1.91526 8 -7.14784
    endloop
  endfacet
  facet normal -0.207337 -0.287095 -0.935194
    outer loop
      vertex -0.76405 3 -4.33315
      vertex -0.607768 0 -3.44683
      vertex -0.905867 0 -3.38074
    endloop
  endfacet
  facet normal -0.207328 -0.287096 -0.935196
    outer loop
      vertex -0.76405 3 -4.33315
      vertex -0.905867 0 -3.38074
      vertex -1.1388 3 -4.25007
    endloop
  endfacet
  facet normal -0.207328 0.287095 -0.935196
    outer loop
      vertex -0.607768 0 -3.44683
      vertex -0.76405 -3 -4.33315
      vertex -1.1388 -3 -4.25007
    endloop
  endfacet
  facet normal -0.207337 0.287096 -0.935194
    outer loop
      vertex -0.905867 0 -3.38074
      vertex -0.607768 0 -3.44683
      vertex -1.1388 -3 -4.25007
    endloop
  endfacet
  facet normal -0.185648 0.514135 -0.837377
    outer loop
      vertex -0.76405 -3 -4.33315
      vertex -1.285 -8 -7.28757
      vertex -1.91526 -8 -7.14784
    endloop
  endfacet
  facet normal -0.185642 0.514135 -0.837378
    outer loop
      vertex -1.1388 -3 -4.25007
      vertex -0.76405 -3 -4.33315
      vertex -1.91526 -8 -7.14784
    endloop
  endfacet
  facet normal -0.192068 0.461008 -0.866361
    outer loop
      vertex -1.285 -8 -7.28757
      vertex -1.73648 -13 -9.84808
      vertex -2.58819 -13 -9.65926
    endloop
  endfacet
  facet normal -0.192074 0.461009 -0.866359
    outer loop
      vertex -1.91526 -8 -7.14784
      vertex -1.285 -8 -7.28757
      vertex -2.58819 -13 -9.65926
    endloop
  endfacet
  facet normal -0.193674 0.446874 -0.873381
    outer loop
      vertex -1.73648 -13 -9.84808
      vertex -1.99695 -16 -11.3253
      vertex -2.97642 -16 -11.1081
    endloop
  endfacet
  facet normal -0.193628 0.446862 -0.873397
    outer loop
      vertex -2.58819 -13 -9.65926
      vertex -1.73648 -13 -9.84808
      vertex -2.97642 -16 -11.1081
    endloop
  endfacet
  facet normal -0.193627 -0.446875 -0.873391
    outer loop
      vertex -1.99695 16 -11.3253
      vertex -1.73648 13 -9.84808
      vertex -2.58819 13 -9.65926
    endloop
  endfacet
  facet normal -0.193676 -0.446863 -0.873386
    outer loop
      vertex -1.99695 16 -11.3253
      vertex -2.58819 13 -9.65926
      vertex -2.97642 16 -11.1081
    endloop
  endfacet
  facet normal -0.266837 -0.461009 -0.846327
    outer loop
      vertex -1.91526 8 -7.14784
      vertex -2.53095 8 -6.95372
      vertex -2.58819 13 -9.65926
    endloop
  endfacet
  facet normal -0.266843 -0.461008 -0.846325
    outer loop
      vertex -2.58819 13 -9.65926
      vertex -2.53095 8 -6.95372
      vertex -3.4202 13 -9.39693
    endloop
  endfacet
  facet normal -0.257923 -0.514135 -0.818011
    outer loop
      vertex -1.1388 3 -4.25007
      vertex -1.50489 3 -4.13464
      vertex -1.91526 8 -7.14784
    endloop
  endfacet
  facet normal -0.25791 -0.514136 -0.818014
    outer loop
      vertex -1.91526 8 -7.14784
      vertex -1.50489 3 -4.13464
      vertex -2.53095 8 -6.95372
    endloop
  endfacet
  facet normal -0.288058 -0.287096 -0.913564
    outer loop
      vertex -1.1388 3 -4.25007
      vertex -0.905867 0 -3.38074
      vertex -1.19707 0 -3.28892
    endloop
  endfacet
  facet normal -0.288052 -0.287096 -0.913566
    outer loop
      vertex -1.1388 3 -4.25007
      vertex -1.19707 0 -3.28892
      vertex -1.50489 3 -4.13464
    endloop
  endfacet
  facet normal -0.288052 0.287096 -0.913566
    outer loop
      vertex -0.905867 0 -3.38074
      vertex -1.1388 -3 -4.25007
      vertex -1.50489 -3 -4.13464
    endloop
  endfacet
  facet normal -0.288058 0.287096 -0.913563
    outer loop
      vertex -1.19707 0 -3.28892
      vertex -0.905867 0 -3.38074
      vertex -1.50489 -3 -4.13464
    endloop
  endfacet
  facet normal -0.257911 0.514135 -0.818014
    outer loop
      vertex -1.1388 -3 -4.25007
      vertex -1.91526 -8 -7.14784
      vertex -2.53095 -8 -6.95372
    endloop
  endfacet
  facet normal -0.257923 0.514136 -0.81801
    outer loop
      vertex -1.50489 -3 -4.13464
      vertex -1.1388 -3 -4.25007
      vertex -2.53095 -8 -6.95372
    endloop
  endfacet
  facet normal -0.266843 0.461009 -0.846325
    outer loop
      vertex -1.91526 -8 -7.14784
      vertex -2.58819 -13 -9.65926
      vertex -3.4202 -13 -9.39693
    endloop
  endfacet
  facet normal -0.266837 0.461008 -0.846327
    outer loop
      vertex -2.53095 -8 -6.95372
      vertex -1.91526 -8 -7.14784
      vertex -3.4202 -13 -9.39693
    endloop
  endfacet
  facet normal -0.268946 0.446863 -0.853218
    outer loop
      vertex -2.58819 -13 -9.65926
      vertex -2.97642 -16 -11.1081
      vertex -3.93323 -16 -10.8065
    endloop
  endfacet
  facet normal -0.269008 0.44688 -0.85319
    outer loop
      vertex -3.4202 -13 -9.39693
      vertex -2.58819 -13 -9.65926
      vertex -3.93323 -16 -10.8065
    endloop
  endfacet
  facet normal -0.269011 -0.446862 -0.853198
    outer loop
      vertex -2.97642 16 -11.1081
      vertex -2.58819 13 -9.65926
      vertex -3.4202 13 -9.39693
    endloop
  endfacet
  facet normal -0.268944 -0.446879 -0.853211
    outer loop
      vertex -2.97642 16 -11.1081
      vertex -3.4202 13 -9.39693
      vertex -3.93323 16 -10.8065
    endloop
  endfacet
  facet normal -0.339597 -0.461008 -0.819845
    outer loop
      vertex -2.53095 8 -6.95372
      vertex -3.12737 8 -6.70667
      vertex -3.4202 13 -9.39693
    endloop
  endfacet
  facet normal -0.339594 -0.461008 -0.819846
    outer loop
      vertex -3.4202 13 -9.39693
      vertex -3.12737 8 -6.70667
      vertex -4.22618 13 -9.06308
    endloop
  endfacet
  facet normal -0.328226 -0.514136 -0.792422
    outer loop
      vertex -1.50489 3 -4.13464
      vertex -1.85952 3 -3.98775
      vertex -2.53095 8 -6.95372
    endloop
  endfacet
  facet normal -0.328237 -0.514135 -0.792418
    outer loop
      vertex -2.53095 8 -6.95372
      vertex -1.85952 3 -3.98775
      vertex -3.12737 8 -6.70667
    endloop
  endfacet
  facet normal -0.366558 -0.287096 -0.884992
    outer loop
      vertex -1.19707 0 -3.28892
      vertex -1.47916 0 -3.17208
      vertex -1.50489 3 -4.13464
    endloop
  endfacet
  facet normal -0.366568 -0.287095 -0.884988
    outer loop
      vertex -1.50489 3 -4.13464
      vertex -1.47916 0 -3.17208
      vertex -1.85952 3 -3.98775
    endloop
  endfacet
  facet normal -0.366568 0.287096 -0.884988
    outer loop
      vertex -1.19707 0 -3.28892
      vertex -1.50489 -3 -4.13464
      vertex -1.85952 -3 -3.98775
    endloop
  endfacet
  facet normal -0.366559 0.287095 -0.884992
    outer loop
      vertex -1.47916 0 -3.17208
      vertex -1.19707 0 -3.28892
      vertex -1.85952 -3 -3.98775
    endloop
  endfacet
  facet normal -0.328236 0.514136 -0.792417
    outer loop
      vertex -1.50489 -3 -4.13464
      vertex -2.53095 -8 -6.95372
      vertex -3.12737 -8 -6.70667
    endloop
  endfacet
  facet normal -0.328226 0.514135 -0.792422
    outer loop
      vertex -1.85952 -3 -3.98775
      vertex -1.50489 -3 -4.13464
      vertex -3.12737 -8 -6.70667
    endloop
  endfacet
  facet normal -0.339594 0.461008 -0.819846
    outer loop
      vertex -2.53095 -8 -6.95372
      vertex -3.4202 -13 -9.39693
      vertex -4.22618 -13 -9.06308
    endloop
  endfacet
  facet normal -0.339597 0.461008 -0.819844
    outer loop
      vertex -3.12737 -8 -6.70667
      vertex -2.53095 -8 -6.95372
      vertex -4.22618 -13 -9.06308
    endloop
  endfacet
  facet normal -0.342403 0.446879 -0.826474
    outer loop
      vertex -3.4202 -13 -9.39693
      vertex -3.93323 -16 -10.8065
      vertex -4.86011 -16 -10.4225
    endloop
  endfacet
  facet normal -0.342351 0.446864 -0.826504
    outer loop
      vertex -4.22618 -13 -9.06308
      vertex -3.4202 -13 -9.39693
      vertex -4.86011 -16 -10.4225
    endloop
  endfacet
  facet normal -0.342348 -0.44688 -0.826496
    outer loop
      vertex -3.93323 16 -10.8065
      vertex -3.4202 13 -9.39693
      vertex -4.22618 13 -9.06308
    endloop
  endfacet
  facet normal -0.342405 -0.446865 -0.826481
    outer loop
      vertex -3.93323 16 -10.8065
      vertex -4.22618 13 -9.06308
      vertex -4.86011 16 -10.4225
    endloop
  endfacet
  facet normal -0.409751 -0.461008 -0.787131
    outer loop
      vertex -3.12737 8 -6.70667
      vertex -3.7 8 -6.40858
      vertex -4.22618 13 -9.06308
    endloop
  endfacet
  facet normal -0.409758 -0.461008 -0.787128
    outer loop
      vertex -4.22618 13 -9.06308
      vertex -3.7 8 -6.40858
      vertex -5 13 -8.66025
    endloop
  endfacet
  facet normal -0.396041 -0.514135 -0.7608
    outer loop
      vertex -1.85952 3 -3.98775
      vertex -2.2 3 -3.81051
      vertex -3.12737 8 -6.70667
    endloop
  endfacet
  facet normal -0.396044 -0.514135 -0.760799
    outer loop
      vertex -3.12737 8 -6.70667
      vertex -2.2 3 -3.81051
      vertex -3.7 8 -6.40858
    endloop
  endfacet
  facet normal -0.442309 -0.287096 -0.84967
    outer loop
      vertex -1.47916 0 -3.17208
      vertex -1.75 0 -3.03109
      vertex -1.85952 3 -3.98775
    endloop
  endfacet
  facet normal -0.442305 -0.287096 -0.849672
    outer loop
      vertex -1.85952 3 -3.98775
      vertex -1.75 0 -3.03109
      vertex -2.2 3 -3.81051
    endloop
  endfacet
  facet normal -0.442305 0.287096 -0.849672
    outer loop
      vertex -1.47916 0 -3.17208
      vertex -1.85952 -3 -3.98775
      vertex -2.2 -3 -3.81051
    endloop
  endfacet
  facet normal -0.442309 0.287096 -0.84967
    outer loop
      vertex -1.75 0 -3.03109
      vertex -1.47916 0 -3.17208
      vertex -2.2 -3 -3.81051
    endloop
  endfacet
  facet normal -0.396044 0.514135 -0.760799
    outer loop
      vertex -1.85952 -3 -3.98775
      vertex -3.12737 -8 -6.70667
      vertex -3.7 -8 -6.40858
    endloop
  endfacet
  facet normal -0.396041 0.514135 -0.7608
    outer loop
      vertex -2.2 -3 -3.81051
      vertex -1.85952 -3 -3.98775
      vertex -3.7 -8 -6.40858
    endloop
  endfacet
  facet normal -0.409758 0.461008 -0.787128
    outer loop
      vertex -3.12737 -8 -6.70667
      vertex -4.22618 -13 -9.06308
      vertex -5 -13 -8.66025
    endloop
  endfacet
  facet normal -0.409752 0.461007 -0.787131
    outer loop
      vertex -3.7 -8 -6.40858
      vertex -3.12737 -8 -6.70667
      vertex -5 -13 -8.66025
    endloop
  endfacet
  facet normal -0.413055 0.446865 -0.793535
    outer loop
      vertex -4.22618 -13 -9.06308
      vertex -4.86011 -16 -10.4225
      vertex -5.75 -16 -9.95929
    endloop
  endfacet
  facet normal -0.413083 0.446873 -0.793515
    outer loop
      vertex -5 -13 -8.66025
      vertex -4.22618 -13 -9.06308
      vertex -5.75 -16 -9.95929
    endloop
  endfacet
  facet normal -0.413085 -0.446864 -0.793519
    outer loop
      vertex -4.86011 16 -10.4225
      vertex -4.22618 13 -9.06308
      vertex -5 13 -8.66025
    endloop
  endfacet
  facet normal -0.413053 -0.446873 -0.793531
    outer loop
      vertex -4.86011 16 -10.4225
      vertex -5 13 -8.66025
      vertex -5.75 16 -9.95929
    endloop
  endfacet
  facet normal -0.476798 -0.461007 -0.748422
    outer loop
      vertex -3.7 8 -6.40858
      vertex -4.24446 8 -6.06172
      vertex -5 13 -8.66025
    endloop
  endfacet
  facet normal -0.476797 -0.461008 -0.748423
    outer loop
      vertex -5 13 -8.66025
      vertex -4.24446 8 -6.06172
      vertex -5.73576 13 -8.19152
    endloop
  endfacet
  facet normal -0.460865 -0.514134 -0.723374
    outer loop
      vertex -2.2 3 -3.81051
      vertex -2.52373 3 -3.60426
      vertex -3.7 8 -6.40858
    endloop
  endfacet
  facet normal -0.460847 -0.514136 -0.723384
    outer loop
      vertex -3.7 8 -6.40858
      vertex -2.52373 3 -3.60426
      vertex -4.24446 8 -6.06172
    endloop
  endfacet
  facet normal -0.514684 -0.287096 -0.807884
    outer loop
      vertex -1.75 0 -3.03109
      vertex -2.00752 0 -2.86703
      vertex -2.2 3 -3.81051
    endloop
  endfacet
  facet normal -0.514701 -0.287094 -0.807874
    outer loop
      vertex -2.2 3 -3.81051
      vertex -2.00752 0 -2.86703
      vertex -2.52373 3 -3.60426
    endloop
  endfacet
  facet normal -0.5147 0.287096 -0.807873
    outer loop
      vertex -1.75 0 -3.03109
      vertex -2.2 -3 -3.81051
      vertex -2.52373 -3 -3.60426
    endloop
  endfacet
  facet normal -0.514684 0.287094 -0.807884
    outer loop
      vertex -2.00752 0 -2.86703
      vertex -1.75 0 -3.03109
      vertex -2.52373 -3 -3.60426
    endloop
  endfacet
  facet normal -0.460848 0.514135 -0.723384
    outer loop
      vertex -2.2 -3 -3.81051
      vertex -3.7 -8 -6.40858
      vertex -4.24446 -8 -6.06172
    endloop
  endfacet
  facet normal -0.460864 0.514136 -0.723373
    outer loop
      vertex -2.52373 -3 -3.60426
      vertex -2.2 -3 -3.81051
      vertex -4.24446 -8 -6.06172
    endloop
  endfacet
  facet normal -0.476797 0.461007 -0.748423
    outer loop
      vertex -3.7 -8 -6.40858
      vertex -5 -13 -8.66025
      vertex -5.73576 -13 -8.19152
    endloop
  endfacet
  facet normal -0.476798 0.461008 -0.748422
    outer loop
      vertex -4.24446 -8 -6.06172
      vertex -3.7 -8 -6.40858
      vertex -5.73576 -13 -8.19152
    endloop
  endfacet
  facet normal -0.480664 0.446873 -0.754497
    outer loop
      vertex -5 -13 -8.66025
      vertex -5.75 -16 -9.95929
      vertex -6.59613 -16 -9.42025
    endloop
  endfacet
  facet normal -0.480666 0.446874 -0.754496
    outer loop
      vertex -5.73576 -13 -8.19152
      vertex -5 -13 -8.66025
      vertex -6.59613 -16 -9.42025
    endloop
  endfacet
  facet normal -0.480666 -0.446873 -0.754496
    outer loop
      vertex -5 13 -8.66025
      vertex -5.73576 13 -8.19152
      vertex -5.75 16 -9.95929
    endloop
  endfacet
  facet normal -0.480664 -0.446874 -0.754497
    outer loop
      vertex -5.75 16 -9.95929
      vertex -5.73576 13 -8.19152
      vertex -6.59613 16 -9.42025
    endloop
  endfacet
  facet normal -0.540218 -0.461008 -0.704015
    outer loop
      vertex -4.24446 8 -6.06172
      vertex -4.75662 8 -5.66872
      vertex -5.73576 13 -8.19152
    endloop
  endfacet
  facet normal -0.540211 -0.461008 -0.70402
    outer loop
      vertex -5.73576 13 -8.19152
      vertex -4.75662 8 -5.66872
      vertex -6.42788 13 -7.66044
    endloop
  endfacet
  facet normal -0.522134 -0.514136 -0.68047
    outer loop
      vertex -2.52373 3 -3.60426
      vertex -2.82826 3 -3.37059
      vertex -4.24446 8 -6.06172
    endloop
  endfacet
  facet normal -0.522145 -0.514135 -0.680463
    outer loop
      vertex -4.24446 8 -6.06172
      vertex -2.82826 3 -3.37059
      vertex -4.75662 8 -5.66872
    endloop
  endfacet
  facet normal -0.58312 -0.287094 -0.759966
    outer loop
      vertex -2.00752 0 -2.86703
      vertex -2.24976 0 -2.68116
      vertex -2.52373 3 -3.60426
    endloop
  endfacet
  facet normal -0.583128 -0.287093 -0.75996
    outer loop
      vertex -2.52373 3 -3.60426
      vertex -2.24976 0 -2.68116
      vertex -2.82826 3 -3.37059
    endloop
  endfacet
  facet normal -0.583128 0.287094 -0.75996
    outer loop
      vertex -2.00752 0 -2.86703
      vertex -2.52373 -3 -3.60426
      vertex -2.82826 -3 -3.37059
    endloop
  endfacet
  facet normal -0.58312 0.287093 -0.759966
    outer loop
      vertex -2.24976 0 -2.68116
      vertex -2.00752 0 -2.86703
      vertex -2.82826 -3 -3.37059
    endloop
  endfacet
  facet normal -0.522145 0.514136 -0.680462
    outer loop
      vertex -2.52373 -3 -3.60426
      vertex -4.24446 -8 -6.06172
      vertex -4.75662 -8 -5.66872
    endloop
  endfacet
  facet normal -0.522135 0.514135 -0.680471
    outer loop
      vertex -2.82826 -3 -3.37059
      vertex -2.52373 -3 -3.60426
      vertex -4.75662 -8 -5.66872
    endloop
  endfacet
  facet normal -0.540211 0.461008 -0.70402
    outer loop
      vertex -4.24446 -8 -6.06172
      vertex -5.73576 -13 -8.19152
      vertex -6.42788 -13 -7.66044
    endloop
  endfacet
  facet normal -0.540217 0.461009 -0.704014
    outer loop
      vertex -4.75662 -8 -5.66872
      vertex -4.24446 -8 -6.06172
      vertex -6.42788 -13 -7.66044
    endloop
  endfacet
  facet normal -0.544597 0.446874 -0.709731
    outer loop
      vertex -5.73576 -13 -8.19152
      vertex -6.59613 -16 -9.42025
      vertex -7.39206 -16 -8.80951
    endloop
  endfacet
  facet normal -0.544595 0.446873 -0.709733
    outer loop
      vertex -6.42788 -13 -7.66044
      vertex -5.73576 -13 -8.19152
      vertex -7.39206 -16 -8.80951
    endloop
  endfacet
  facet normal -0.544595 -0.446874 -0.709733
    outer loop
      vertex -5.73576 13 -8.19152
      vertex -6.42788 13 -7.66044
      vertex -6.59613 16 -9.42025
    endloop
  endfacet
  facet normal -0.544597 -0.446873 -0.709731
    outer loop
      vertex -6.59613 16 -9.42025
      vertex -6.42788 13 -7.66044
      vertex -7.39206 16 -8.80951
    endloop
  endfacet
  facet normal -0.599518 -0.461009 -0.654255
    outer loop
      vertex -4.75662 8 -5.66872
      vertex -5.23258 8 -5.23258
      vertex -6.42788 13 -7.66044
    endloop
  endfacet
  facet normal -0.599513 -0.461009 -0.654259
    outer loop
      vertex -6.42788 13 -7.66044
      vertex -5.23258 8 -5.23258
      vertex -7.07107 13 -7.07107
    endloop
  endfacet
  facet normal -0.579447 -0.514135 -0.632382
    outer loop
      vertex -2.82826 3 -3.37059
      vertex -3.11127 3 -3.11127
      vertex -4.75662 8 -5.66872
    endloop
  endfacet
  facet normal -0.579463 -0.514134 -0.632368
    outer loop
      vertex -4.75662 8 -5.66872
      vertex -3.11127 3 -3.11127
      vertex -5.23258 8 -5.23258
    endloop
  endfacet
  facet normal -0.647175 -0.287093 -0.706217
    outer loop
      vertex -2.24976 0 -2.68116
      vertex -2.47487 0 -2.47487
      vertex -2.82826 3 -3.37059
    endloop
  endfacet
  facet normal -0.647134 -0.287098 -0.706252
    outer loop
      vertex -2.82826 3 -3.37059
      vertex -2.47487 0 -2.47487
      vertex -3.11127 3 -3.11127
    endloop
  endfacet
  facet normal -0.647135 0.287093 -0.706253
    outer loop
      vertex -2.24976 0 -2.68116
      vertex -2.82826 -3 -3.37059
      vertex -3.11127 -3 -3.11127
    endloop
  endfacet
  facet normal -0.647174 0.287099 -0.706216
    outer loop
      vertex -2.47487 0 -2.47487
      vertex -2.24976 0 -2.68116
      vertex -3.11127 -3 -3.11127
    endloop
  endfacet
  facet normal -0.579462 0.514135 -0.632368
    outer loop
      vertex -2.82826 -3 -3.37059
      vertex -4.75662 -8 -5.66872
      vertex -5.23258 -8 -5.23258
    endloop
  endfacet
  facet normal -0.579447 0.514133 -0.632382
    outer loop
      vertex -3.11127 -3 -3.11127
      vertex -2.82826 -3 -3.37059
      vertex -5.23258 -8 -5.23258
    endloop
  endfacet
  facet normal -0.599513 0.461009 -0.654259
    outer loop
      vertex -4.75662 -8 -5.66872
      vertex -6.42788 -13 -7.66044
      vertex -7.07107 -13 -7.07107
    endloop
  endfacet
  facet normal -0.599518 0.461009 -0.654254
    outer loop
      vertex -5.23258 -8 -5.23258
      vertex -4.75662 -8 -5.66872
      vertex -7.07107 -13 -7.07107
    endloop
  endfacet
  facet normal -0.60438 0.446873 -0.659567
    outer loop
      vertex -6.42788 -13 -7.66044
      vertex -7.39206 -16 -8.80951
      vertex -8.13173 -16 -8.13173
    endloop
  endfacet
  facet normal -0.604378 0.446873 -0.659569
    outer loop
      vertex -7.07107 -13 -7.07107
      vertex -6.42788 -13 -7.66044
      vertex -8.13173 -16 -8.13173
    endloop
  endfacet
  facet normal -0.604378 -0.446873 -0.659569
    outer loop
      vertex -6.42788 13 -7.66044
      vertex -7.07107 13 -7.07107
      vertex -7.39206 16 -8.80951
    endloop
  endfacet
  facet normal -0.60438 -0.446873 -0.659568
    outer loop
      vertex -7.39206 16 -8.80951
      vertex -7.07107 13 -7.07107
      vertex -8.13173 16 -8.13173
    endloop
  endfacet
  facet normal -0.654254 -0.461009 -0.599518
    outer loop
      vertex -5.23258 8 -5.23258
      vertex -5.66872 8 -4.75662
      vertex -7.07107 13 -7.07107
    endloop
  endfacet
  facet normal -0.654259 -0.461009 -0.599513
    outer loop
      vertex -7.07107 13 -7.07107
      vertex -5.66872 8 -4.75662
      vertex -7.66044 13 -6.42788
    endloop
  endfacet
  facet normal -0.632382 -0.514133 -0.579447
    outer loop
      vertex -3.11127 3 -3.11127
      vertex -3.37059 3 -2.82826
      vertex -5.23258 8 -5.23258
    endloop
  endfacet
  facet normal -0.632368 -0.514135 -0.579462
    outer loop
      vertex -5.23258 8 -5.23258
      vertex -3.37059 3 -2.82826
      vertex -5.66872 8 -4.75662
    endloop
  endfacet
  facet normal -0.706216 -0.287099 -0.647174
    outer loop
      vertex -2.47487 0 -2.47487
      vertex -2.68116 0 -2.24976
      vertex -3.11127 3 -3.11127
    endloop
  endfacet
  facet normal -0.706253 -0.287093 -0.647135
    outer loop
      vertex -3.11127 3 -3.11127
      vertex -2.68116 0 -2.24976
      vertex -3.37059 3 -2.82826
    endloop
  endfacet
  facet normal -0.706252 0.287098 -0.647134
    outer loop
      vertex -2.47487 0 -2.47487
      vertex -3.11127 -3 -3.11127
      vertex -3.37059 -3 -2.82826
    endloop
  endfacet
  facet normal -0.706217 0.287093 -0.647175
    outer loop
      vertex -2.68116 0 -2.24976
      vertex -2.47487 0 -2.47487
      vertex -3.37059 -3 -2.82826
    endloop
  endfacet
  facet normal -0.632368 0.514134 -0.579463
    outer loop
      vertex -3.11127 -3 -3.11127
      vertex -5.23258 -8 -5.23258
      vertex -5.66872 -8 -4.75662
    endloop
  endfacet
  facet normal -0.632382 0.514135 -0.579447
    outer loop
      vertex -3.37059 -3 -2.82826
      vertex -3.11127 -3 -3.11127
      vertex -5.66872 -8 -4.75662
    endloop
  endfacet
  facet normal -0.654259 0.461009 -0.599513
    outer loop
      vertex -5.23258 -8 -5.23258
      vertex -7.07107 -13 -7.07107
      vertex -7.66044 -13 -6.42788
    endloop
  endfacet
  facet normal -0.654255 0.461009 -0.599518
    outer loop
      vertex -5.66872 -8 -4.75662
      vertex -5.23258 -8 -5.23258
      vertex -7.66044 -13 -6.42788
    endloop
  endfacet
  facet normal -0.659568 0.446873 -0.60438
    outer loop
      vertex -7.07107 -13 -7.07107
      vertex -8.13173 -16 -8.13173
      vertex -8.80951 -16 -7.39206
    endloop
  endfacet
  facet normal -0.659569 0.446873 -0.604378
    outer loop
      vertex -7.66044 -13 -6.42788
      vertex -7.07107 -13 -7.07107
      vertex -8.80951 -16 -7.39206
    endloop
  endfacet
  facet normal -0.659569 -0.446873 -0.604378
    outer loop
      vertex -7.07107 13 -7.07107
      vertex -7.66044 13 -6.42788
      vertex -8.13173 16 -8.13173
    endloop
  endfacet
  facet normal -0.659567 -0.446873 -0.60438
    outer loop
      vertex -8.13173 16 -8.13173
      vertex -7.66044 13 -6.42788
      vertex -8.80951 16 -7.39206
    endloop
  endfacet
  facet normal -0.704014 -0.461009 -0.540217
    outer loop
      vertex -5.66872 8 -4.75662
      vertex -6.06172 8 -4.24446
      vertex -7.66044 13 -6.42788
    endloop
  endfacet
  facet normal -0.70402 -0.461008 -0.540211
    outer loop
      vertex -7.66044 13 -6.42788
      vertex -6.06172 8 -4.24446
      vertex -8.19152 13 -5.73576
    endloop
  endfacet
  facet normal -0.680471 -0.514135 -0.522135
    outer loop
      vertex -3.37059 3 -2.82826
      vertex -3.60426 3 -2.52373
      vertex -5.66872 8 -4.75662
    endloop
  endfacet
  facet normal -0.680462 -0.514136 -0.522145
    outer loop
      vertex -5.66872 8 -4.75662
      vertex -3.60426 3 -2.52373
      vertex -6.06172 8 -4.24446
    endloop
  endfacet
  facet normal -0.759966 -0.287093 -0.58312
    outer loop
      vertex -2.68116 0 -2.24976
      vertex -2.86703 0 -2.00752
      vertex -3.37059 3 -2.82826
    endloop
  endfacet
  facet normal -0.75996 -0.287094 -0.583128
    outer loop
      vertex -3.37059 3 -2.82826
      vertex -2.86703 0 -2.00752
      vertex -3.60426 3 -2.52373
    endloop
  endfacet
  facet normal -0.75996 0.287093 -0.583128
    outer loop
      vertex -2.68116 0 -2.24976
      vertex -3.37059 -3 -2.82826
      vertex -3.60426 -3 -2.52373
    endloop
  endfacet
  facet normal -0.759966 0.287094 -0.58312
    outer loop
      vertex -2.86703 0 -2.00752
      vertex -2.68116 0 -2.24976
      vertex -3.60426 -3 -2.52373
    endloop
  endfacet
  facet normal -0.680463 0.514135 -0.522145
    outer loop
      vertex -3.37059 -3 -2.82826
      vertex -5.66872 -8 -4.75662
      vertex -6.06172 -8 -4.24446
    endloop
  endfacet
  facet normal -0.68047 0.514136 -0.522134
    outer loop
      vertex -3.60426 -3 -2.52373
      vertex -3.37059 -3 -2.82826
      vertex -6.06172 -8 -4.24446
    endloop
  endfacet
  facet normal -0.70402 0.461008 -0.540211
    outer loop
      vertex -5.66872 -8 -4.75662
      vertex -7.66044 -13 -6.42788
      vertex -8.19152 -13 -5.73576
    endloop
  endfacet
  facet normal -0.704015 0.461008 -0.540218
    outer loop
      vertex -6.06172 -8 -4.24446
      vertex -5.66872 -8 -4.75662
      vertex -8.19152 -13 -5.73576
    endloop
  endfacet
  facet normal -0.709731 0.446873 -0.544597
    outer loop
      vertex -7.66044 -13 -6.42788
      vertex -8.80951 -16 -7.39206
      vertex -9.42025 -16 -6.59613
    endloop
  endfacet
  facet normal -0.709733 0.446874 -0.544595
    outer loop
      vertex -8.19152 -13 -5.73576
      vertex -7.66044 -13 -6.42788
      vertex -9.42025 -16 -6.59613
    endloop
  endfacet
  facet normal -0.709733 -0.446873 -0.544595
    outer loop
      vertex -7.66044 13 -6.42788
      vertex -8.19152 13 -5.73576
      vertex -8.80951 16 -7.39206
    endloop
  endfacet
  facet normal -0.709731 -0.446874 -0.544597
    outer loop
      vertex -8.80951 16 -7.39206
      vertex -8.19152 13 -5.73576
      vertex -9.42025 16 -6.59613
    endloop
  endfacet
  facet normal -0.748422 -0.461008 -0.476798
    outer loop
      vertex -6.06172 8 -4.24446
      vertex -6.40858 8 -3.7
      vertex -8.19152 13 -5.73576
    endloop
  endfacet
  facet normal -0.748423 -0.461007 -0.476797
    outer loop
      vertex -8.19152 13 -5.73576
      vertex -6.40858 8 -3.7
      vertex -8.66025 13 -5
    endloop
  endfacet
  facet normal -0.723373 -0.514136 -0.460864
    outer loop
      vertex -3.60426 3 -2.52373
      vertex -3.81051 3 -2.2
      vertex -6.06172 8 -4.24446
    endloop
  endfacet
  facet normal -0.723384 -0.514135 -0.460848
    outer loop
      vertex -6.06172 8 -4.24446
      vertex -3.81051 3 -2.2
      vertex -6.40858 8 -3.7
    endloop
  endfacet
  facet normal -0.807884 -0.287094 -0.514684
    outer loop
      vertex -2.86703 0 -2.00752
      vertex -3.03109 0 -1.75
      vertex -3.60426 3 -2.52373
    endloop
  endfacet
  facet normal -0.807873 -0.287096 -0.5147
    outer loop
      vertex -3.60426 3 -2.52373
      vertex -3.03109 0 -1.75
      vertex -3.81051 3 -2.2
    endloop
  endfacet
  facet normal -0.807874 0.287094 -0.514701
    outer loop
      vertex -2.86703 0 -2.00752
      vertex -3.60426 -3 -2.52373
      vertex -3.81051 -3 -2.2
    endloop
  endfacet
  facet normal -0.807884 0.287096 -0.514684
    outer loop
      vertex -3.03109 0 -1.75
      vertex -2.86703 0 -2.00752
      vertex -3.81051 -3 -2.2
    endloop
  endfacet
  facet normal -0.723384 0.514136 -0.460847
    outer loop
      vertex -3.60426 -3 -2.52373
      vertex -6.06172 -8 -4.24446
      vertex -6.40858 -8 -3.7
    endloop
  endfacet
  facet normal -0.723374 0.514134 -0.460865
    outer loop
      vertex -3.81051 -3 -2.2
      vertex -3.60426 -3 -2.52373
      vertex -6.40858 -8 -3.7
    endloop
  endfacet
  facet normal -0.748423 0.461008 -0.476797
    outer loop
      vertex -6.06172 -8 -4.24446
      vertex -8.19152 -13 -5.73576
      vertex -8.66025 -13 -5
    endloop
  endfacet
  facet normal -0.748422 0.461007 -0.476798
    outer loop
      vertex -6.40858 -8 -3.7
      vertex -6.06172 -8 -4.24446
      vertex -8.66025 -13 -5
    endloop
  endfacet
  facet normal -0.754497 0.446874 -0.480664
    outer loop
      vertex -8.19152 -13 -5.73576
      vertex -9.42025 -16 -6.59613
      vertex -9.95929 -16 -5.75
    endloop
  endfacet
  facet normal -0.754496 0.446873 -0.480666
    outer loop
      vertex -8.66025 -13 -5
      vertex -8.19152 -13 -5.73576
      vertex -9.95929 -16 -5.75
    endloop
  endfacet
  facet normal -0.754496 -0.446874 -0.480666
    outer loop
      vertex -8.19152 13 -5.73576
      vertex -8.66025 13 -5
      vertex -9.42025 16 -6.59613
    endloop
  endfacet
  facet normal -0.754497 -0.446873 -0.480664
    outer loop
      vertex -9.42025 16 -6.59613
      vertex -8.66025 13 -5
      vertex -9.95929 16 -5.75
    endloop
  endfacet
  facet normal -0.787131 -0.461007 -0.409752
    outer loop
      vertex -6.40858 8 -3.7
      vertex -6.70667 8 -3.12737
      vertex -8.66025 13 -5
    endloop
  endfacet
  facet normal -0.787128 -0.461008 -0.409758
    outer loop
      vertex -8.66025 13 -5
      vertex -6.70667 8 -3.12737
      vertex -9.06308 13 -4.22618
    endloop
  endfacet
  facet normal -0.7608 -0.514135 -0.396041
    outer loop
      vertex -3.81051 3 -2.2
      vertex -3.98775 3 -1.85952
      vertex -6.40858 8 -3.7
    endloop
  endfacet
  facet normal -0.760799 -0.514135 -0.396044
    outer loop
      vertex -6.40858 8 -3.7
      vertex -3.98775 3 -1.85952
      vertex -6.70667 8 -3.12737
    endloop
  endfacet
  facet normal -0.84967 -0.287096 -0.442309
    outer loop
      vertex -3.03109 0 -1.75
      vertex -3.17208 0 -1.47916
      vertex -3.81051 3 -2.2
    endloop
  endfacet
  facet normal -0.849672 -0.287096 -0.442305
    outer loop
      vertex -3.81051 3 -2.2
      vertex -3.17208 0 -1.47916
      vertex -3.98775 3 -1.85952
    endloop
  endfacet
  facet normal -0.849672 0.287096 -0.442305
    outer loop
      vertex -3.03109 0 -1.75
      vertex -3.81051 -3 -2.2
      vertex -3.98775 -3 -1.85952
    endloop
  endfacet
  facet normal -0.84967 0.287096 -0.442309
    outer loop
      vertex -3.17208 0 -1.47916
      vertex -3.03109 0 -1.75
      vertex -3.98775 -3 -1.85952
    endloop
  endfacet
  facet normal -0.760799 0.514135 -0.396044
    outer loop
      vertex -3.81051 -3 -2.2
      vertex -6.40858 -8 -3.7
      vertex -6.70667 -8 -3.12737
    endloop
  endfacet
  facet normal -0.7608 0.514135 -0.396041
    outer loop
      vertex -3.98775 -3 -1.85952
      vertex -3.81051 -3 -2.2
      vertex -6.70667 -8 -3.12737
    endloop
  endfacet
  facet normal -0.787128 0.461008 -0.409758
    outer loop
      vertex -6.40858 -8 -3.7
      vertex -8.66025 -13 -5
      vertex -9.06308 -13 -4.22618
    endloop
  endfacet
  facet normal -0.787131 0.461008 -0.409751
    outer loop
      vertex -6.70667 -8 -3.12737
      vertex -6.40858 -8 -3.7
      vertex -9.06308 -13 -4.22618
    endloop
  endfacet
  facet normal -0.793531 0.446873 -0.413053
    outer loop
      vertex -8.66025 -13 -5
      vertex -9.95929 -16 -5.75
      vertex -10.4225 -16 -4.86011
    endloop
  endfacet
  facet normal -0.793519 0.446864 -0.413085
    outer loop
      vertex -9.06308 -13 -4.22618
      vertex -8.66025 -13 -5
      vertex -10.4225 -16 -4.86011
    endloop
  endfacet
  facet normal -0.793515 -0.446873 -0.413083
    outer loop
      vertex -8.66025 13 -5
      vertex -9.06308 13 -4.22618
      vertex -9.95929 16 -5.75
    endloop
  endfacet
  facet normal -0.793535 -0.446865 -0.413055
    outer loop
      vertex -9.95929 16 -5.75
      vertex -9.06308 13 -4.22618
      vertex -10.4225 16 -4.86011
    endloop
  endfacet
  facet normal -0.819844 -0.461008 -0.339597
    outer loop
      vertex -6.70667 8 -3.12737
      vertex -6.95372 8 -2.53095
      vertex -9.06308 13 -4.22618
    endloop
  endfacet
  facet normal -0.819846 -0.461008 -0.339594
    outer loop
      vertex -9.06308 13 -4.22618
      vertex -6.95372 8 -2.53095
      vertex -9.39693 13 -3.4202
    endloop
  endfacet
  facet normal -0.792422 -0.514135 -0.328226
    outer loop
      vertex -3.98775 3 -1.85952
      vertex -4.13464 3 -1.50489
      vertex -6.70667 8 -3.12737
    endloop
  endfacet
  facet normal -0.792417 -0.514136 -0.328236
    outer loop
      vertex -6.70667 8 -3.12737
      vertex -4.13464 3 -1.50489
      vertex -6.95372 8 -2.53095
    endloop
  endfacet
  facet normal -0.884992 -0.287095 -0.366559
    outer loop
      vertex -3.17208 0 -1.47916
      vertex -3.28892 0 -1.19707
      vertex -3.98775 3 -1.85952
    endloop
  endfacet
  facet normal -0.884988 -0.287096 -0.366568
    outer loop
      vertex -3.98775 3 -1.85952
      vertex -3.28892 0 -1.19707
      vertex -4.13464 3 -1.50489
    endloop
  endfacet
  facet normal -0.884988 0.287095 -0.366568
    outer loop
      vertex -3.17208 0 -1.47916
      vertex -3.98775 -3 -1.85952
      vertex -4.13464 -3 -1.50489
    endloop
  endfacet
  facet normal -0.884992 0.287096 -0.366558
    outer loop
      vertex -3.28892 0 -1.19707
      vertex -3.17208 0 -1.47916
      vertex -4.13464 -3 -1.50489
    endloop
  endfacet
  facet normal -0.792418 0.514135 -0.328237
    outer loop
      vertex -3.98775 -3 -1.85952
      vertex -6.70667 -8 -3.12737
      vertex -6.95372 -8 -2.53095
    endloop
  endfacet
  facet normal -0.792422 0.514136 -0.328226
    outer loop
      vertex -4.13464 -3 -1.50489
      vertex -3.98775 -3 -1.85952
      vertex -6.95372 -8 -2.53095
    endloop
  endfacet
  facet normal -0.819846 0.461008 -0.339594
    outer loop
      vertex -6.70667 -8 -3.12737
      vertex -9.06308 -13 -4.22618
      vertex -9.39693 -13 -3.4202
    endloop
  endfacet
  facet normal -0.819845 0.461008 -0.339597
    outer loop
      vertex -6.95372 -8 -2.53095
      vertex -6.70667 -8 -3.12737
      vertex -9.39693 -13 -3.4202
    endloop
  endfacet
  facet normal -0.826481 0.446865 -0.342405
    outer loop
      vertex -9.06308 -13 -4.22618
      vertex -10.4225 -16 -4.86011
      vertex -10.8065 -16 -3.93323
    endloop
  endfacet
  facet normal -0.826496 0.44688 -0.342348
    outer loop
      vertex -9.39693 -13 -3.4202
      vertex -9.06308 -13 -4.22618
      vertex -10.8065 -16 -3.93323
    endloop
  endfacet
  facet normal -0.826504 -0.446864 -0.342351
    outer loop
      vertex -9.06308 13 -4.22618
      vertex -9.39693 13 -3.4202
      vertex -10.4225 16 -4.86011
    endloop
  endfacet
  facet normal -0.826474 -0.446879 -0.342403
    outer loop
      vertex -10.4225 16 -4.86011
      vertex -9.39693 13 -3.4202
      vertex -10.8065 16 -3.93323
    endloop
  endfacet
  facet normal -0.846327 -0.461008 -0.266837
    outer loop
      vertex -6.95372 8 -2.53095
      vertex -7.14784 8 -1.91526
      vertex -9.39693 13 -3.4202
    endloop
  endfacet
  facet normal -0.846325 -0.461009 -0.266843
    outer loop
      vertex -9.39693 13 -3.4202
      vertex -7.14784 8 -1.91526
      vertex -9.65926 13 -2.58819
    endloop
  endfacet
  facet normal -0.81801 -0.514136 -0.257923
    outer loop
      vertex -4.13464 3 -1.50489
      vertex -4.25007 3 -1.1388
      vertex -6.95372 8 -2.53095
    endloop
  endfacet
  facet normal -0.818014 -0.514135 -0.257911
    outer loop
      vertex -6.95372 8 -2.53095
      vertex -4.25007 3 -1.1388
      vertex -7.14784 8 -1.91526
    endloop
  endfacet
  facet normal -0.913563 -0.287096 -0.288058
    outer loop
      vertex -3.28892 0 -1.19707
      vertex -3.38074 0 -0.905867
      vertex -4.13464 3 -1.50489
    endloop
  endfacet
  facet normal -0.913566 -0.287096 -0.288052
    outer loop
      vertex -4.13464 3 -1.50489
      vertex -3.38074 0 -0.905867
      vertex -4.25007 3 -1.1388
    endloop
  endfacet
  facet normal -0.913566 0.287096 -0.288052
    outer loop
      vertex -3.28892 0 -1.19707
      vertex -4.13464 -3 -1.50489
      vertex -4.25007 -3 -1.1388
    endloop
  endfacet
  facet normal -0.913564 0.287096 -0.288058
    outer loop
      vertex -3.38074 0 -0.905867
      vertex -3.28892 0 -1.19707
      vertex -4.25007 -3 -1.1388
    endloop
  endfacet
  facet normal -0.818014 0.514136 -0.25791
    outer loop
      vertex -4.13464 -3 -1.50489
      vertex -6.95372 -8 -2.53095
      vertex -7.14784 -8 -1.91526
    endloop
  endfacet
  facet normal -0.818011 0.514135 -0.257923
    outer loop
      vertex -4.25007 -3 -1.1388
      vertex -4.13464 -3 -1.50489
      vertex -7.14784 -8 -1.91526
    endloop
  endfacet
  facet normal -0.846325 0.461008 -0.266843
    outer loop
      vertex -6.95372 -8 -2.53095
      vertex -9.39693 -13 -3.4202
      vertex -9.65926 -13 -2.58819
    endloop
  endfacet
  facet normal -0.846327 0.461009 -0.266837
    outer loop
      vertex -7.14784 -8 -1.91526
      vertex -6.95372 -8 -2.53095
      vertex -9.65926 -13 -2.58819
    endloop
  endfacet
  facet normal -0.853211 0.446879 -0.268944
    outer loop
      vertex -9.39693 -13 -3.4202
      vertex -10.8065 -16 -3.93323
      vertex -11.1081 -16 -2.97642
    endloop
  endfacet
  facet normal -0.853198 0.446862 -0.269011
    outer loop
      vertex -9.65926 -13 -2.58819
      vertex -9.39693 -13 -3.4202
      vertex -11.1081 -16 -2.97642
    endloop
  endfacet
  facet normal -0.85319 -0.44688 -0.269008
    outer loop
      vertex -9.39693 13 -3.4202
      vertex -9.65926 13 -2.58819
      vertex -10.8065 16 -3.93323
    endloop
  endfacet
  facet normal -0.853218 -0.446863 -0.268946
    outer loop
      vertex -10.8065 16 -3.93323
      vertex -9.65926 13 -2.58819
      vertex -11.1081 16 -2.97642
    endloop
  endfacet
  facet normal -0.866359 -0.461009 -0.192074
    outer loop
      vertex -7.14784 8 -1.91526
      vertex -7.28757 8 -1.285
      vertex -9.65926 13 -2.58819
    endloop
  endfacet
  facet normal -0.866361 -0.461008 -0.192068
    outer loop
      vertex -9.65926 13 -2.58819
      vertex -7.28757 8 -1.285
      vertex -9.84808 13 -1.73648
    endloop
  endfacet
  facet normal -0.837378 -0.514135 -0.185642
    outer loop
      vertex -4.25007 3 -1.1388
      vertex -4.33315 3 -0.76405
      vertex -7.14784 8 -1.91526
    endloop
  endfacet
  facet normal -0.837377 -0.514135 -0.185648
    outer loop
      vertex -7.14784 8 -1.91526
      vertex -4.33315 3 -0.76405
      vertex -7.28757 8 -1.285
    endloop
  endfacet
  facet normal -0.935194 -0.287096 -0.207337
    outer loop
      vertex -3.38074 0 -0.905867
      vertex -3.44683 0 -0.607768
      vertex -4.25007 3 -1.1388
    endloop
  endfacet
  facet normal -0.935196 -0.287095 -0.207328
    outer loop
      vertex -4.25007 3 -1.1388
      vertex -3.44683 0 -0.607768
      vertex -4.33315 3 -0.76405
    endloop
  endfacet
  facet normal -0.935196 0.287096 -0.207328
    outer loop
      vertex -3.38074 0 -0.905867
      vertex -4.25007 -3 -1.1388
      vertex -4.33315 -3 -0.76405
    endloop
  endfacet
  facet normal -0.935194 0.287095 -0.207337
    outer loop
      vertex -3.44683 0 -0.607768
      vertex -3.38074 0 -0.905867
      vertex -4.33315 -3 -0.76405
    endloop
  endfacet
  facet normal -0.837377 0.514135 -0.185648
    outer loop
      vertex -4.25007 -3 -1.1388
      vertex -7.14784 -8 -1.91526
      vertex -7.28757 -8 -1.285
    endloop
  endfacet
  facet normal -0.837378 0.514135 -0.185642
    outer loop
      vertex -4.33315 -3 -0.76405
      vertex -4.25007 -3 -1.1388
      vertex -7.28757 -8 -1.285
    endloop
  endfacet
  facet normal -0.866361 0.461009 -0.192068
    outer loop
      vertex -7.14784 -8 -1.91526
      vertex -9.65926 -13 -2.58819
      vertex -9.84808 -13 -1.73648
    endloop
  endfacet
  facet normal -0.86636 0.461008 -0.192074
    outer loop
      vertex -7.28757 -8 -1.285
      vertex -7.14784 -8 -1.91526
      vertex -9.84808 -13 -1.73648
    endloop
  endfacet
  facet normal -0.873386 0.446863 -0.193676
    outer loop
      vertex -9.65926 -13 -2.58819
      vertex -11.1081 -16 -2.97642
      vertex -11.3253 -16 -1.99695
    endloop
  endfacet
  facet normal -0.873391 0.446875 -0.193627
    outer loop
      vertex -9.84808 -13 -1.73648
      vertex -9.65926 -13 -2.58819
      vertex -11.3253 -16 -1.99695
    endloop
  endfacet
  facet normal -0.873397 -0.446862 -0.193628
    outer loop
      vertex -9.65926 13 -2.58819
      vertex -9.84808 13 -1.73648
      vertex -11.1081 16 -2.97642
    endloop
  endfacet
  facet normal -0.873381 -0.446874 -0.193674
    outer loop
      vertex -11.1081 16 -2.97642
      vertex -9.84808 13 -1.73648
      vertex -11.3253 16 -1.99695
    endloop
  endfacet
  facet normal -0.879805 -0.461008 -0.115823
    outer loop
      vertex -7.28757 8 -1.285
      vertex -7.37183 8 -0.644952
      vertex -9.84808 13 -1.73648
    endloop
  endfacet
  facet normal -0.879804 -0.461009 -0.115829
    outer loop
      vertex -9.84808 13 -1.73648
      vertex -7.37183 8 -0.644952
      vertex -9.96195 13 -0.871557
    endloop
  endfacet
  facet normal -0.850372 -0.514135 -0.111948
    outer loop
      vertex -4.33315 3 -0.76405
      vertex -4.38325 3 -0.383484
      vertex -7.28757 8 -1.285
    endloop
  endfacet
  facet normal -0.850372 -0.514135 -0.111948
    outer loop
      vertex -7.28757 8 -1.285
      vertex -4.38325 3 -0.383484
      vertex -7.37183 8 -0.644952
    endloop
  endfacet
  facet normal -0.949709 -0.287095 -0.125018
    outer loop
      vertex -3.44683 0 -0.607768
      vertex -3.48668 0 -0.305044
      vertex -4.33315 3 -0.76405
    endloop
  endfacet
  facet normal -0.949708 -0.287095 -0.125025
    outer loop
      vertex -4.33315 3 -0.76405
      vertex -3.48668 0 -0.305044
      vertex -4.38325 3 -0.383484
    endloop
  endfacet
  facet normal -0.949708 0.287095 -0.125025
    outer loop
      vertex -3.44683 0 -0.607768
      vertex -4.33315 -3 -0.76405
      vertex -4.38325 -3 -0.383484
    endloop
  endfacet
  facet normal -0.949709 0.287096 -0.125018
    outer loop
      vertex -3.48668 0 -0.305044
      vertex -3.44683 0 -0.607768
      vertex -4.38325 -3 -0.383484
    endloop
  endfacet
  facet normal -0.850372 0.514135 -0.111948
    outer loop
      vertex -4.33315 -3 -0.76405
      vertex -7.28757 -8 -1.285
      vertex -7.37183 -8 -0.644952
    endloop
  endfacet
  facet normal -0.850372 0.514135 -0.111948
    outer loop
      vertex -4.38325 -3 -0.383484
      vertex -4.33315 -3 -0.76405
      vertex -7.37183 -8 -0.644952
    endloop
  endfacet
  facet normal -0.879804 0.461008 -0.115829
    outer loop
      vertex -7.28757 -8 -1.285
      vertex -9.84808 -13 -1.73648
      vertex -9.96195 -13 -0.871557
    endloop
  endfacet
  facet normal -0.879804 0.461009 -0.115823
    outer loop
      vertex -7.37183 -8 -0.644952
      vertex -7.28757 -8 -1.285
      vertex -9.96195 -13 -0.871557
    endloop
  endfacet
  facet normal -0.886949 0.446874 -0.116725
    outer loop
      vertex -9.84808 -13 -1.73648
      vertex -11.3253 -16 -1.99695
      vertex -11.4562 -16 -1.00229
    endloop
  endfacet
  facet normal -0.886949 0.446863 -0.11677
    outer loop
      vertex -9.96195 -13 -0.871557
      vertex -9.84808 -13 -1.73648
      vertex -11.4562 -16 -1.00229
    endloop
  endfacet
  facet normal -0.886943 -0.446875 -0.116769
    outer loop
      vertex -9.84808 13 -1.73648
      vertex -9.96195 13 -0.871557
      vertex -11.3253 16 -1.99695
    endloop
  endfacet
  facet normal -0.886954 -0.446864 -0.116726
    outer loop
      vertex -11.3253 16 -1.99695
      vertex -9.96195 13 -0.871557
      vertex -11.4562 16 -1.00229
    endloop
  endfacet
  facet normal -0.886551 -0.461009 -0.0387087
    outer loop
      vertex -7.37183 8 -0.644952
      vertex -7.39999 8 0
      vertex -9.96195 13 -0.871557
    endloop
  endfacet
  facet normal -0.886551 -0.461008 -0.0387046
    outer loop
      vertex -9.96195 13 -0.871557
      vertex -7.39999 8 0
      vertex -10 13 0
    endloop
  endfacet
  facet normal -0.856893 -0.514135 -0.0374055
    outer loop
      vertex -4.38325 3 -0.383484
      vertex -4.39999 3 0
      vertex -7.37183 8 -0.644952
    endloop
  endfacet
  facet normal -0.856893 -0.514136 -0.0374138
    outer loop
      vertex -7.37183 8 -0.644952
      vertex -4.39999 3 0
      vertex -7.39999 8 0
    endloop
  endfacet
  facet normal -0.95699 -0.287095 -0.0417878
    outer loop
      vertex -3.48668 0 -0.305044
      vertex -3.5 0 0
      vertex -4.38325 3 -0.383484
    endloop
  endfacet
  facet normal -0.956991 -0.287094 -0.041775
    outer loop
      vertex -4.38325 3 -0.383484
      vertex -3.5 0 0
      vertex -4.39999 3 0
    endloop
  endfacet
  facet normal -0.956991 0.287095 -0.0417749
    outer loop
      vertex -3.48668 0 -0.305044
      vertex -4.38325 -3 -0.383484
      vertex -4.39999 -3 0
    endloop
  endfacet
  facet normal -0.956991 0.287094 -0.0417878
    outer loop
      vertex -3.5 0 0
      vertex -3.48668 0 -0.305044
      vertex -4.39999 -3 0
    endloop
  endfacet
  facet normal -0.856893 0.514135 -0.0374138
    outer loop
      vertex -4.38325 -3 -0.383484
      vertex -7.37183 -8 -0.644952
      vertex -7.39999 -8 0
    endloop
  endfacet
  facet normal -0.856893 0.514136 -0.0374054
    outer loop
      vertex -4.39999 -3 0
      vertex -4.38325 -3 -0.383484
      vertex -7.39999 -8 0
    endloop
  endfacet
  facet normal -0.886551 0.461009 -0.0387046
    outer loop
      vertex -7.37183 -8 -0.644952
      vertex -9.96195 -13 -0.871557
      vertex -10 -13 0
    endloop
  endfacet
  facet normal -0.886551 0.461008 -0.0387087
    outer loop
      vertex -7.39999 -8 0
      vertex -7.37183 -8 -0.644952
      vertex -10 -13 0
    endloop
  endfacet
  facet normal -0.893749 0.446864 -0.0390568
    outer loop
      vertex -9.96195 -13 -0.871557
      vertex -11.4562 -16 -1.00229
      vertex -11.5 -16 0
    endloop
  endfacet
  facet normal -0.893746 0.446873 -0.0390187
    outer loop
      vertex -10 -13 0
      vertex -9.96195 -13 -0.871557
      vertex -11.5 -16 0
    endloop
  endfacet
  facet normal 0 -1 0
    outer loop
      vertex 0 -16 1.6
      vertex 0 -16 11.5
      vertex -1.00229 -16 11.4562
    endloop
  endfacet
  facet normal 0 -1 0
    outer loop
      vertex -0.139449 -16 1.59391
      vertex -1.00229 -16 11.4562
      vertex -1.99695 -16 11.3253
    endloop
  endfacet
  facet normal 0 -1 0
    outer loop
      vertex 0 -16 11.5
      vertex 0 -16 1.6
      vertex 1.00229 -16 11.4562
    endloop
  endfacet
  facet normal 0 -1 0
    outer loop
      vertex -0.277837 -16 1.57569
      vertex -1.99695 -16 11.3253
      vertex -2.97642 -16 11.1081
    endloop
  endfacet
  facet normal 0 -1 0
    outer loop
      vertex 0.139449 -16 1.59391
      vertex 1.00229 -16 11.4562
      vertex 0 -16 1.6
    endloop
  endfacet
  facet normal 0 -1 0
    outer loop
      vertex -0.41411 -16 1.54548
      vertex -2.97642 -16 11.1081
      vertex -3.93323 -16 10.8065
    endloop
  endfacet
  facet normal 0 -1 -0
    outer loop
      vertex 1.00229 -16 11.4562
      vertex 0.139449 -16 1.59391
      vertex 1.99695 -16 11.3253
    endloop
  endfacet
  facet normal 0 -1 0
    outer loop
      vertex -0.547232 -16 1.50351
      vertex -3.93323 -16 10.8065
      vertex -4.86011 -16 10.4225
    endloop
  endfacet
  facet normal 0 -1 0
    outer loop
      vertex 0.277837 -16 1.57569
      vertex 1.99695 -16 11.3253
      vertex 0.139449 -16 1.59391
    endloop
  endfacet
  facet normal 0 -1 0
    outer loop
      vertex -0.676188 -16 1.45009
      vertex -4.86011 -16 10.4225
      vertex -5.75 -16 9.95929
    endloop
  endfacet
  facet normal 0 -1 -0
    outer loop
      vertex 1.99695 -16 11.3253
      vertex 0.277837 -16 1.57569
      vertex 2.97642 -16 11.1081
    endloop
  endfacet
  facet normal 0 -1 0
    outer loop
      vertex -0.799999 -16 1.38564
      vertex -5.75 -16 9.95929
      vertex -6.59613 -16 9.42025
    endloop
  endfacet
  facet normal 0 -1 0
    outer loop
      vertex 0.41411 -16 1.54548
      vertex 2.97642 -16 11.1081
      vertex 0.277837 -16 1.57569
    endloop
  endfacet
  facet normal 0 -1 0
    outer loop
      vertex -0.917722 -16 1.31064
      vertex -6.59613 -16 9.42025
      vertex -7.39206 -16 8.80951
    endloop
  endfacet
  facet normal 0 -1 -0
    outer loop
      vertex 2.97642 -16 11.1081
      vertex 0.41411 -16 1.54548
      vertex 3.93323 -16 10.8065
    endloop
  endfacet
  facet normal 0 -1 0
    outer loop
      vertex -1.02846 -16 1.22567
      vertex -7.39206 -16 8.80951
      vertex -8.13173 -16 8.13173
    endloop
  endfacet
  facet normal 0 -1 0
    outer loop
      vertex 0.547232 -16 1.50351
      vertex 3.93323 -16 10.8065
      vertex 0.41411 -16 1.54548
    endloop
  endfacet
  facet normal 0 -1 0
    outer loop
      vertex -1.13137 -16 1.13137
      vertex -8.13173 -16 8.13173
      vertex -8.80951 -16 7.39206
    endloop
  endfacet
  facet normal 0 -1 -0
    outer loop
      vertex 3.93323 -16 10.8065
      vertex 0.547232 -16 1.50351
      vertex 4.86011 -16 10.4225
    endloop
  endfacet
  facet normal 0 -1 0
    outer loop
      vertex -1.22567 -16 1.02846
      vertex -8.80951 -16 7.39206
      vertex -9.42025 -16 6.59613
    endloop
  endfacet
  facet normal 0 -1 0
    outer loop
      vertex 0.676188 -16 1.45009
      vertex 4.86011 -16 10.4225
      vertex 0.547232 -16 1.50351
    endloop
  endfacet
  facet normal 0 -1 0
    outer loop
      vertex -1.31064 -16 0.917722
      vertex -9.42025 -16 6.59613
      vertex -9.95929 -16 5.75
    endloop
  endfacet
  facet normal 0 -1 -0
    outer loop
      vertex 4.86011 -16 10.4225
      vertex 0.676188 -16 1.45009
      vertex 5.75 -16 9.95929
    endloop
  endfacet
  facet normal 0 -1 0
    outer loop
      vertex -1.38564 -16 0.799999
      vertex -9.95929 -16 5.75
      vertex -10.4225 -16 4.86011
    endloop
  endfacet
  facet normal 0 -1 0
    outer loop
      vertex 0.799999 -16 1.38564
      vertex 5.75 -16 9.95929
      vertex 0.676188 -16 1.45009
    endloop
  endfacet
  facet normal 0 -1 0
    outer loop
      vertex -1.45009 -16 0.676188
      vertex -10.4225 -16 4.86011
      vertex -10.8065 -16 3.93323
    endloop
  endfacet
  facet normal 0 -1 -0
    outer loop
      vertex 5.75 -16 9.95929
      vertex 0.799999 -16 1.38564
      vertex 6.59613 -16 9.42025
    endloop
  endfacet
  facet normal 0 -1 0
    outer loop
      vertex -1.50351 -16 0.547232
      vertex -10.8065 -16 3.93323
      vertex -11.1081 -16 2.97642
    endloop
  endfacet
  facet normal 0 -1 0
    outer loop
      vertex 0.917722 -16 1.31064
      vertex 6.59613 -16 9.42025
      vertex 0.799999 -16 1.38564
    endloop
  endfacet
  facet normal 0 -1 0
    outer loop
      vertex -1.54548 -16 0.41411
      vertex -11.1081 -16 2.97642
      vertex -11.3253 -16 1.99695
    endloop
  endfacet
  facet normal 0 -1 -0
    outer loop
      vertex 6.59613 -16 9.42025
      vertex 0.917722 -16 1.31064
      vertex 7.39206 -16 8.80951
    endloop
  endfacet
  facet normal 0 -1 0
    outer loop
      vertex 1.02846 -16 1.22567
      vertex 7.39206 -16 8.80951
      vertex 0.917722 -16 1.31064
    endloop
  endfacet
  facet normal 0 -1 0
    outer loop
      vertex -1.00229 -16 11.4562
      vertex -0.139449 -16 1.59391
      vertex 0 -16 1.6
    endloop
  endfacet
  facet normal 0 -1 0
    outer loop
      vertex -1.99695 -16 11.3253
      vertex -0.277837 -16 1.57569
      vertex -0.139449 -16 1.59391
    endloop
  endfacet
  facet normal 0 -1 0
    outer loop
      vertex -2.97642 -16 11.1081
      vertex -0.41411 -16 1.54548
      vertex -0.277837 -16 1.57569
    endloop
  endfacet
  facet normal 0 -1 0
    outer loop
      vertex -3.93323 -16 10.8065
      vertex -0.547232 -16 1.50351
      vertex -0.41411 -16 1.54548
    endloop
  endfacet
  facet normal 0 -1 0
    outer loop
      vertex -4.86011 -16 10.4225
      vertex -0.676188 -16 1.45009
      vertex -0.547232 -16 1.50351
    endloop
  endfacet
  facet normal 0 -1 0
    outer loop
      vertex -5.75 -16 9.95929
      vertex -0.799999 -16 1.38564
      vertex -0.676188 -16 1.45009
    endloop
  endfacet
  facet normal 0 -1 0
    outer loop
      vertex -6.59613 -16 9.42025
      vertex -0.917722 -16 1.31064
      vertex -0.799999 -16 1.38564
    endloop
  endfacet
  facet normal 0 -1 0
    outer loop
      vertex -7.39206 -16 8.80951
      vertex -1.02846 -16 1.22567
      vertex -0.917722 -16 1.31064
    endloop
  endfacet
  facet normal 0 -1 0
    outer loop
      vertex -8.13173 -16 8.13173
      vertex -1.13137 -16 1.13137
      vertex -1.02846 -16 1.22567
    endloop
  endfacet
  facet normal 0 -1 0
    outer loop
      vertex -8.80951 -16 7.39206
      vertex -1.22567 -16 1.02846
      vertex -1.13137 -16 1.13137
    endloop
  endfacet
  facet normal 0 -1 0
    outer loop
      vertex -1.57569 -16 0.277837
      vertex -11.3253 -16 1.99695
      vertex -11.4562 -16 1.00229
    endloop
  endfacet
  facet normal 0 -1 0
    outer loop
      vertex -9.42025 -16 6.59613
      vertex -1.31064 -16 0.917722
      vertex -1.22567 -16 1.02846
    endloop
  endfacet
  facet normal 0 -1 0
    outer loop
      vertex -9.95929 -16 5.75
      vertex -1.38564 -16 0.799999
      vertex -1.31064 -16 0.917722
    endloop
  endfacet
  facet normal 0 -1 0
    outer loop
      vertex -10.4225 -16 4.86011
      vertex -1.45009 -16 0.676188
      vertex -1.38564 -16 0.799999
    endloop
  endfacet
  facet normal 0 -1 0
    outer loop
      vertex -10.8065 -16 3.93323
      vertex -1.50351 -16 0.547232
      vertex -1.45009 -16 0.676188
    endloop
  endfacet
  facet normal 0 -1 0
    outer loop
      vertex -11.1081 -16 2.97642
      vertex -1.54548 -16 0.41411
      vertex -1.50351 -16 0.547232
    endloop
  endfacet
  facet normal 0 -1 0
    outer loop
      vertex -11.3253 -16 1.99695
      vertex -1.57569 -16 0.277837
      vertex -1.54548 -16 0.41411
    endloop
  endfacet
  facet normal 0 -1 0
    outer loop
      vertex -11.4562 -16 1.00229
      vertex -1.59391 -16 0.139449
      vertex -1.57569 -16 0.277837
    endloop
  endfacet
  facet normal 0 -1 0
    outer loop
      vertex -11.5 -16 0
      vertex -1.59391 -16 0.139449
      vertex -11.4562 -16 1.00229
    endloop
  endfacet
  facet normal 0 -1 0
    outer loop
      vertex -11.5 -16 0
      vertex -1.6 -16 0
      vertex -1.59391 -16 0.139449
    endloop
  endfacet
  facet normal 0 -1 0
    outer loop
      vertex -11.5 -16 0
      vertex -1.59391 -16 -0.139449
      vertex -1.6 -16 0
    endloop
  endfacet
  facet normal 0 -1 0
    outer loop
      vertex -11.4562 -16 -1.00229
      vertex -1.59391 -16 -0.139449
      vertex -11.5 -16 0
    endloop
  endfacet
  facet normal 0 -1 -0
    outer loop
      vertex -1.59391 -16 -0.139449
      vertex -11.4562 -16 -1.00229
      vertex -1.57569 -16 -0.277837
    endloop
  endfacet
  facet normal 0 -1 0
    outer loop
      vertex -11.3253 -16 -1.99695
      vertex -1.57569 -16 -0.277837
      vertex -11.4562 -16 -1.00229
    endloop
  endfacet
  facet normal 0 -1 -0
    outer loop
      vertex -1.57569 -16 -0.277837
      vertex -11.3253 -16 -1.99695
      vertex -1.54548 -16 -0.41411
    endloop
  endfacet
  facet normal 0 -1 0
    outer loop
      vertex -11.1081 -16 -2.97642
      vertex -1.54548 -16 -0.41411
      vertex -11.3253 -16 -1.99695
    endloop
  endfacet
  facet normal 0 -1 -0
    outer loop
      vertex -1.54548 -16 -0.41411
      vertex -11.1081 -16 -2.97642
      vertex -1.50351 -16 -0.547232
    endloop
  endfacet
  facet normal 0 -1 0
    outer loop
      vertex -10.8065 -16 -3.93323
      vertex -1.50351 -16 -0.547232
      vertex -11.1081 -16 -2.97642
    endloop
  endfacet
  facet normal 0 -1 -0
    outer loop
      vertex -1.50351 -16 -0.547232
      vertex -10.8065 -16 -3.93323
      vertex -1.45009 -16 -0.676188
    endloop
  endfacet
  facet normal 0 -1 0
    outer loop
      vertex -10.4225 -16 -4.86011
      vertex -1.45009 -16 -0.676188
      vertex -10.8065 -16 -3.93323
    endloop
  endfacet
  facet normal 0 -1 -0
    outer loop
      vertex -1.45009 -16 -0.676188
      vertex -10.4225 -16 -4.86011
      vertex -1.38564 -16 -0.799999
    endloop
  endfacet
  facet normal 0 -1 0
    outer loop
      vertex -9.95929 -16 -5.75
      vertex -1.38564 -16 -0.799999
      vertex -10.4225 -16 -4.86011
    endloop
  endfacet
  facet normal 0 -1 -0
    outer loop
      vertex -1.38564 -16 -0.799999
      vertex -9.95929 -16 -5.75
      vertex -1.31064 -16 -0.917722
    endloop
  endfacet
  facet normal 0 -1 0
    outer loop
      vertex -9.42025 -16 -6.59613
      vertex -1.31064 -16 -0.917722
      vertex -9.95929 -16 -5.75
    endloop
  endfacet
  facet normal 0 -1 -0
    outer loop
      vertex -1.31064 -16 -0.917722
      vertex -9.42025 -16 -6.59613
      vertex -1.22567 -16 -1.02846
    endloop
  endfacet
  facet normal 0 -1 0
    outer loop
      vertex -8.80951 -16 -7.39206
      vertex -1.22567 -16 -1.02846
      vertex -9.42025 -16 -6.59613
    endloop
  endfacet
  facet normal 0 -1 -0
    outer loop
      vertex -1.22567 -16 -1.02846
      vertex -8.80951 -16 -7.39206
      vertex -1.13137 -16 -1.13137
    endloop
  endfacet
  facet normal 0 -1 0
    outer loop
      vertex -8.13173 -16 -8.13173
      vertex -1.13137 -16 -1.13137
      vertex -8.80951 -16 -7.39206
    endloop
  endfacet
  facet normal 0 -1 0
    outer loop
      vertex -7.39206 -16 -8.80951
      vertex -1.02846 -16 -1.22567
      vertex -8.13173 -16 -8.13173
    endloop
  endfacet
  facet normal 0 -1 -0
    outer loop
      vertex -1.13137 -16 -1.13137
      vertex -8.13173 -16 -8.13173
      vertex -1.02846 -16 -1.22567
    endloop
  endfacet
  facet normal 0 -1 -0
    outer loop
      vertex 7.39206 -16 8.80951
      vertex 1.02846 -16 1.22567
      vertex 8.13173 -16 8.13173
    endloop
  endfacet
  facet normal 0 -1 0
    outer loop
      vertex 1.13137 -16 1.13137
      vertex 8.13173 -16 8.13173
      vertex 1.02846 -16 1.22567
    endloop
  endfacet
  facet normal 0 -1 -0
    outer loop
      vertex 8.13173 -16 8.13173
      vertex 1.13137 -16 1.13137
      vertex 8.80951 -16 7.39206
    endloop
  endfacet
  facet normal 0 -1 0
    outer loop
      vertex 1.22567 -16 1.02846
      vertex 8.80951 -16 7.39206
      vertex 1.13137 -16 1.13137
    endloop
  endfacet
  facet normal 0 -1 -0
    outer loop
      vertex 8.80951 -16 7.39206
      vertex 1.22567 -16 1.02846
      vertex 9.42025 -16 6.59613
    endloop
  endfacet
  facet normal 0 -1 0
    outer loop
      vertex 1.31064 -16 0.917722
      vertex 9.42025 -16 6.59613
      vertex 1.22567 -16 1.02846
    endloop
  endfacet
  facet normal 0 -1 -0
    outer loop
      vertex 9.42025 -16 6.59613
      vertex 1.31064 -16 0.917722
      vertex 9.95929 -16 5.75
    endloop
  endfacet
  facet normal 0 -1 0
    outer loop
      vertex 1.38564 -16 0.799999
      vertex 9.95929 -16 5.75
      vertex 1.31064 -16 0.917722
    endloop
  endfacet
  facet normal 0 -1 -0
    outer loop
      vertex 9.95929 -16 5.75
      vertex 1.38564 -16 0.799999
      vertex 10.4225 -16 4.86011
    endloop
  endfacet
  facet normal 0 -1 0
    outer loop
      vertex 1.45009 -16 0.676188
      vertex 10.4225 -16 4.86011
      vertex 1.38564 -16 0.799999
    endloop
  endfacet
  facet normal 0 -1 -0
    outer loop
      vertex 10.4225 -16 4.86011
      vertex 1.45009 -16 0.676188
      vertex 10.8065 -16 3.93323
    endloop
  endfacet
  facet normal 0 -1 0
    outer loop
      vertex 1.50351 -16 0.547232
      vertex 10.8065 -16 3.93323
      vertex 1.45009 -16 0.676188
    endloop
  endfacet
  facet normal 0 -1 -0
    outer loop
      vertex 10.8065 -16 3.93323
      vertex 1.50351 -16 0.547232
      vertex 11.1081 -16 2.97642
    endloop
  endfacet
  facet normal 0 -1 0
    outer loop
      vertex 1.54548 -16 0.41411
      vertex 11.1081 -16 2.97642
      vertex 1.50351 -16 0.547232
    endloop
  endfacet
  facet normal 0 -1 -0
    outer loop
      vertex 11.1081 -16 2.97642
      vertex 1.54548 -16 0.41411
      vertex 11.3253 -16 1.99695
    endloop
  endfacet
  facet normal 0 -1 0
    outer loop
      vertex 1.57569 -16 0.277837
      vertex 11.3253 -16 1.99695
      vertex 1.54548 -16 0.41411
    endloop
  endfacet
  facet normal 0 -1 -0
    outer loop
      vertex 11.3253 -16 1.99695
      vertex 1.57569 -16 0.277837
      vertex 11.4562 -16 1.00229
    endloop
  endfacet
  facet normal 0 -1 0
    outer loop
      vertex 1.59391 -16 0.139449
      vertex 11.4562 -16 1.00229
      vertex 1.57569 -16 0.277837
    endloop
  endfacet
  facet normal 0 -1 0
    outer loop
      vertex 1.6 -16 0
      vertex 11.4562 -16 1.00229
      vertex 1.59391 -16 0.139449
    endloop
  endfacet
  facet normal 0 -1 0
    outer loop
      vertex 1.6 -16 0
      vertex 11.5 -16 0
      vertex 11.4562 -16 1.00229
    endloop
  endfacet
  facet normal 0 -1 0
    outer loop
      vertex 1.59391 -16 -0.139449
      vertex 11.5 -16 0
      vertex 1.6 -16 0
    endloop
  endfacet
  facet normal 0 -1 0
    outer loop
      vertex 11.4562 -16 -1.00229
      vertex 1.59391 -16 -0.139449
      vertex 1.57569 -16 -0.277837
    endloop
  endfacet
  facet normal 0 -1 0
    outer loop
      vertex 11.3253 -16 -1.99695
      vertex 1.57569 -16 -0.277837
      vertex 1.54548 -16 -0.41411
    endloop
  endfacet
  facet normal 0 -1 0
    outer loop
      vertex 11.1081 -16 -2.97642
      vertex 1.54548 -16 -0.41411
      vertex 1.50351 -16 -0.547232
    endloop
  endfacet
  facet normal 0 -1 0
    outer loop
      vertex 10.8065 -16 -3.93323
      vertex 1.50351 -16 -0.547232
      vertex 1.45009 -16 -0.676188
    endloop
  endfacet
  facet normal 0 -1 0
    outer loop
      vertex 10.4225 -16 -4.86011
      vertex 1.45009 -16 -0.676188
      vertex 1.38564 -16 -0.799999
    endloop
  endfacet
  facet normal 0 -1 0
    outer loop
      vertex 9.95929 -16 -5.75
      vertex 1.38564 -16 -0.799999
      vertex 1.31064 -16 -0.917722
    endloop
  endfacet
  facet normal 0 -1 0
    outer loop
      vertex 1.59391 -16 -0.139449
      vertex 11.4562 -16 -1.00229
      vertex 11.5 -16 0
    endloop
  endfacet
  facet normal 0 -1 0
    outer loop
      vertex 9.42025 -16 -6.59613
      vertex 1.31064 -16 -0.917722
      vertex 1.22567 -16 -1.02846
    endloop
  endfacet
  facet normal 0 -1 0
    outer loop
      vertex 8.80951 -16 -7.39206
      vertex 1.22567 -16 -1.02846
      vertex 1.13137 -16 -1.13137
    endloop
  endfacet
  facet normal 0 -1 0
    outer loop
      vertex 8.13173 -16 -8.13173
      vertex 1.13137 -16 -1.13137
      vertex 1.02846 -16 -1.22567
    endloop
  endfacet
  facet normal 0 -1 0
    outer loop
      vertex 7.39206 -16 -8.80951
      vertex 1.02846 -16 -1.22567
      vertex 0.917722 -16 -1.31064
    endloop
  endfacet
  facet normal 0 -1 0
    outer loop
      vertex 6.59613 -16 -9.42025
      vertex 0.917722 -16 -1.31064
      vertex 0.799999 -16 -1.38564
    endloop
  endfacet
  facet normal 0 -1 0
    outer loop
      vertex 5.75 -16 -9.95929
      vertex 0.799999 -16 -1.38564
      vertex 0.676188 -16 -1.45009
    endloop
  endfacet
  facet normal 0 -1 0
    outer loop
      vertex 4.86011 -16 -10.4225
      vertex 0.676188 -16 -1.45009
      vertex 0.547232 -16 -1.50351
    endloop
  endfacet
  facet normal 0 -1 0
    outer loop
      vertex 3.93323 -16 -10.8065
      vertex 0.547232 -16 -1.50351
      vertex 0.41411 -16 -1.54548
    endloop
  endfacet
  facet normal 0 -1 0
    outer loop
      vertex 2.97642 -16 -11.1081
      vertex 0.41411 -16 -1.54548
      vertex 0.277837 -16 -1.57569
    endloop
  endfacet
  facet normal 0 -1 0
    outer loop
      vertex 1.99695 -16 -11.3253
      vertex 0.277837 -16 -1.57569
      vertex 0.139449 -16 -1.59391
    endloop
  endfacet
  facet normal 0 -1 0
    outer loop
      vertex 1.57569 -16 -0.277837
      vertex 11.3253 -16 -1.99695
      vertex 11.4562 -16 -1.00229
    endloop
  endfacet
  facet normal 0 -1 0
    outer loop
      vertex 1.00229 -16 -11.4562
      vertex 0.139449 -16 -1.59391
      vertex 0 -16 -1.6
    endloop
  endfacet
  facet normal 0 -1 -0
    outer loop
      vertex -1.02846 -16 -1.22567
      vertex -7.39206 -16 -8.80951
      vertex -0.917722 -16 -1.31064
    endloop
  endfacet
  facet normal 0 -1 0
    outer loop
      vertex -6.59613 -16 -9.42025
      vertex -0.917722 -16 -1.31064
      vertex -7.39206 -16 -8.80951
    endloop
  endfacet
  facet normal 0 -1 0
    outer loop
      vertex 1.54548 -16 -0.41411
      vertex 11.1081 -16 -2.97642
      vertex 11.3253 -16 -1.99695
    endloop
  endfacet
  facet normal 0 -1 -0
    outer loop
      vertex -0.917722 -16 -1.31064
      vertex -6.59613 -16 -9.42025
      vertex -0.799999 -16 -1.38564
    endloop
  endfacet
  facet normal 0 -1 0
    outer loop
      vertex 1.50351 -16 -0.547232
      vertex 10.8065 -16 -3.93323
      vertex 11.1081 -16 -2.97642
    endloop
  endfacet
  facet normal 0 -1 0
    outer loop
      vertex -5.75 -16 -9.95929
      vertex -0.799999 -16 -1.38564
      vertex -6.59613 -16 -9.42025
    endloop
  endfacet
  facet normal 0 -1 0
    outer loop
      vertex 1.45009 -16 -0.676188
      vertex 10.4225 -16 -4.86011
      vertex 10.8065 -16 -3.93323
    endloop
  endfacet
  facet normal 0 -1 -0
    outer loop
      vertex -0.799999 -16 -1.38564
      vertex -5.75 -16 -9.95929
      vertex -0.676188 -16 -1.45009
    endloop
  endfacet
  facet normal 0 -1 0
    outer loop
      vertex 1.38564 -16 -0.799999
      vertex 9.95929 -16 -5.75
      vertex 10.4225 -16 -4.86011
    endloop
  endfacet
  facet normal 0 -1 0
    outer loop
      vertex -4.86011 -16 -10.4225
      vertex -0.676188 -16 -1.45009
      vertex -5.75 -16 -9.95929
    endloop
  endfacet
  facet normal 0 -1 0
    outer loop
      vertex 1.31064 -16 -0.917722
      vertex 9.42025 -16 -6.59613
      vertex 9.95929 -16 -5.75
    endloop
  endfacet
  facet normal 0 -1 -0
    outer loop
      vertex -0.676188 -16 -1.45009
      vertex -4.86011 -16 -10.4225
      vertex -0.547232 -16 -1.50351
    endloop
  endfacet
  facet normal 0 -1 0
    outer loop
      vertex 1.22567 -16 -1.02846
      vertex 8.80951 -16 -7.39206
      vertex 9.42025 -16 -6.59613
    endloop
  endfacet
  facet normal 0 -1 0
    outer loop
      vertex -3.93323 -16 -10.8065
      vertex -0.547232 -16 -1.50351
      vertex -4.86011 -16 -10.4225
    endloop
  endfacet
  facet normal 0 -1 0
    outer loop
      vertex 1.13137 -16 -1.13137
      vertex 8.13173 -16 -8.13173
      vertex 8.80951 -16 -7.39206
    endloop
  endfacet
  facet normal 0 -1 -0
    outer loop
      vertex -0.547232 -16 -1.50351
      vertex -3.93323 -16 -10.8065
      vertex -0.41411 -16 -1.54548
    endloop
  endfacet
  facet normal 0 -1 0
    outer loop
      vertex 1.02846 -16 -1.22567
      vertex 7.39206 -16 -8.80951
      vertex 8.13173 -16 -8.13173
    endloop
  endfacet
  facet normal 0 -1 0
    outer loop
      vertex -2.97642 -16 -11.1081
      vertex -0.41411 -16 -1.54548
      vertex -3.93323 -16 -10.8065
    endloop
  endfacet
  facet normal 0 -1 0
    outer loop
      vertex 0.917722 -16 -1.31064
      vertex 6.59613 -16 -9.42025
      vertex 7.39206 -16 -8.80951
    endloop
  endfacet
  facet normal 0 -1 -0
    outer loop
      vertex -0.41411 -16 -1.54548
      vertex -2.97642 -16 -11.1081
      vertex -0.277837 -16 -1.57569
    endloop
  endfacet
  facet normal 0 -1 0
    outer loop
      vertex 0.799999 -16 -1.38564
      vertex 5.75 -16 -9.95929
      vertex 6.59613 -16 -9.42025
    endloop
  endfacet
  facet normal 0 -1 0
    outer loop
      vertex -1.99695 -16 -11.3253
      vertex -0.277837 -16 -1.57569
      vertex -2.97642 -16 -11.1081
    endloop
  endfacet
  facet normal 0 -1 0
    outer loop
      vertex 0.676188 -16 -1.45009
      vertex 4.86011 -16 -10.4225
      vertex 5.75 -16 -9.95929
    endloop
  endfacet
  facet normal 0 -1 -0
    outer loop
      vertex -0.277837 -16 -1.57569
      vertex -1.99695 -16 -11.3253
      vertex -0.139449 -16 -1.59391
    endloop
  endfacet
  facet normal 0 -1 0
    outer loop
      vertex 0.547232 -16 -1.50351
      vertex 3.93323 -16 -10.8065
      vertex 4.86011 -16 -10.4225
    endloop
  endfacet
  facet normal 0 -1 0
    outer loop
      vertex -1.00229 -16 -11.4562
      vertex -0.139449 -16 -1.59391
      vertex -1.99695 -16 -11.3253
    endloop
  endfacet
  facet normal 0 -1 0
    outer loop
      vertex 0.41411 -16 -1.54548
      vertex 2.97642 -16 -11.1081
      vertex 3.93323 -16 -10.8065
    endloop
  endfacet
  facet normal 0 -1 -0
    outer loop
      vertex -0.139449 -16 -1.59391
      vertex -1.00229 -16 -11.4562
      vertex 0 -16 -1.6
    endloop
  endfacet
  facet normal 0 -1 0
    outer loop
      vertex 0.277837 -16 -1.57569
      vertex 1.99695 -16 -11.3253
      vertex 2.97642 -16 -11.1081
    endloop
  endfacet
  facet normal 0 -1 0
    outer loop
      vertex 0 -16 -11.5
      vertex 0 -16 -1.6
      vertex -1.00229 -16 -11.4562
    endloop
  endfacet
  facet normal 0 -1 0
    outer loop
      vertex 0.139449 -16 -1.59391
      vertex 1.00229 -16 -11.4562
      vertex 1.99695 -16 -11.3253
    endloop
  endfacet
  facet normal 0 -1 0
    outer loop
      vertex 0 -16 -1.6
      vertex 0 -16 -11.5
      vertex 1.00229 -16 -11.4562
    endloop
  endfacet
  facet normal -0.893751 -0.446863 -0.0390189
    outer loop
      vertex -9.96195 13 -0.871557
      vertex -10 13 0
      vertex -11.4562 16 -1.00229
    endloop
  endfacet
  facet normal -0.893745 -0.446872 -0.0390566
    outer loop
      vertex -11.4562 16 -1.00229
      vertex -10 13 0
      vertex -11.5 16 0
    endloop
  endfacet
  facet normal 0.461738 0 -0.887016
    outer loop
      vertex -0.799999 -16 1.38564
      vertex -0.676188 16 1.45009
      vertex -0.676188 -16 1.45009
    endloop
  endfacet
  facet normal 0.461738 0 -0.887016
    outer loop
      vertex -0.676188 16 1.45009
      vertex -0.799999 -16 1.38564
      vertex -0.799999 16 1.38564
    endloop
  endfacet
  facet normal -0.300685 0 -0.953724
    outer loop
      vertex 0.41411 -16 1.54548
      vertex 0.547232 16 1.50351
      vertex 0.547232 -16 1.50351
    endloop
  endfacet
  facet normal -0.300685 0 -0.953724
    outer loop
      vertex 0.547232 16 1.50351
      vertex 0.41411 -16 1.54548
      vertex 0.41411 16 1.54548
    endloop
  endfacet
  facet normal -0.216433 0 -0.976298
    outer loop
      vertex 0.277837 -16 1.57569
      vertex 0.41411 16 1.54548
      vertex 0.41411 -16 1.54548
    endloop
  endfacet
  facet normal -0.216433 0 -0.976298
    outer loop
      vertex 0.41411 16 1.54548
      vertex 0.277837 -16 1.57569
      vertex 0.277837 16 1.57569
    endloop
  endfacet
  facet normal -0.793361 0 0.608751
    outer loop
      vertex 1.22567 -16 -1.02846
      vertex 1.31064 16 -0.917722
      vertex 1.22567 16 -1.02846
    endloop
  endfacet
  facet normal -0.793361 0 0.608751
    outer loop
      vertex 1.31064 16 -0.917722
      vertex 1.22567 -16 -1.02846
      vertex 1.31064 -16 -0.917722
    endloop
  endfacet
  facet normal 0.887016 0 -0.461738
    outer loop
      vertex -1.38564 -16 0.799999
      vertex -1.45009 16 0.676188
      vertex -1.38564 16 0.799999
    endloop
  endfacet
  facet normal 0.887016 0 -0.461738
    outer loop
      vertex -1.45009 16 0.676188
      vertex -1.38564 -16 0.799999
      vertex -1.45009 -16 0.676188
    endloop
  endfacet
  facet normal -0.300685 0 0.953724
    outer loop
      vertex 0.41411 16 -1.54548
      vertex 0.547232 -16 -1.50351
      vertex 0.547232 16 -1.50351
    endloop
  endfacet
  facet normal -0.300685 0 0.953724
    outer loop
      vertex 0.547232 -16 -1.50351
      vertex 0.41411 16 -1.54548
      vertex 0.41411 -16 -1.54548
    endloop
  endfacet
  facet normal 0.999048 0 -0.0436303
    outer loop
      vertex -1.59391 -16 0.139449
      vertex -1.6 16 0
      vertex -1.59391 16 0.139449
    endloop
  endfacet
  facet normal 0.999048 0 -0.0436303
    outer loop
      vertex -1.6 16 0
      vertex -1.59391 -16 0.139449
      vertex -1.6 -16 0
    endloop
  endfacet
  facet normal 0.608751 0 -0.793361
    outer loop
      vertex -1.02846 -16 1.22567
      vertex -0.917722 16 1.31064
      vertex -0.917722 -16 1.31064
    endloop
  endfacet
  facet normal 0.608751 0 -0.793361
    outer loop
      vertex -0.917722 16 1.31064
      vertex -1.02846 -16 1.22567
      vertex -1.02846 16 1.22567
    endloop
  endfacet
  facet normal -0.608751 0 -0.793361
    outer loop
      vertex 0.917722 -16 1.31064
      vertex 1.02846 16 1.22567
      vertex 1.02846 -16 1.22567
    endloop
  endfacet
  facet normal -0.608751 0 -0.793361
    outer loop
      vertex 1.02846 16 1.22567
      vertex 0.917722 -16 1.31064
      vertex 0.917722 16 1.31064
    endloop
  endfacet
  facet normal -0.216433 0 0.976298
    outer loop
      vertex 0.277837 16 -1.57569
      vertex 0.41411 -16 -1.54548
      vertex 0.41411 16 -1.54548
    endloop
  endfacet
  facet normal -0.216433 0 0.976298
    outer loop
      vertex 0.41411 -16 -1.54548
      vertex 0.277837 16 -1.57569
      vertex 0.277837 -16 -1.57569
    endloop
  endfacet
  facet normal -0.991444 0 -0.130532
    outer loop
      vertex 1.59391 -16 0.139449
      vertex 1.57569 16 0.277837
      vertex 1.59391 16 0.139449
    endloop
  endfacet
  facet normal -0.991444 -0 -0.130532
    outer loop
      vertex 1.57569 16 0.277837
      vertex 1.59391 -16 0.139449
      vertex 1.57569 -16 0.277837
    endloop
  endfacet
  facet normal 0.216433 0 0.976298
    outer loop
      vertex -0.41411 16 -1.54548
      vertex -0.277837 -16 -1.57569
      vertex -0.277837 16 -1.57569
    endloop
  endfacet
  facet normal 0.216433 0 0.976298
    outer loop
      vertex -0.277837 -16 -1.57569
      vertex -0.41411 16 -1.54548
      vertex -0.41411 -16 -1.54548
    endloop
  endfacet
  facet normal -0.382712 0 -0.923868
    outer loop
      vertex 0.547232 -16 1.50351
      vertex 0.676188 16 1.45009
      vertex 0.676188 -16 1.45009
    endloop
  endfacet
  facet normal -0.382712 0 -0.923868
    outer loop
      vertex 0.676188 16 1.45009
      vertex 0.547232 -16 1.50351
      vertex 0.547232 16 1.50351
    endloop
  endfacet
  facet normal -0.991444 0 0.130532
    outer loop
      vertex 1.57569 -16 -0.277837
      vertex 1.59391 16 -0.139449
      vertex 1.57569 16 -0.277837
    endloop
  endfacet
  facet normal -0.991444 0 0.130532
    outer loop
      vertex 1.59391 16 -0.139449
      vertex 1.57569 -16 -0.277837
      vertex 1.59391 -16 -0.139449
    endloop
  endfacet
  facet normal 0.0436303 0 -0.999048
    outer loop
      vertex -0.139449 -16 1.59391
      vertex 0 16 1.6
      vertex 0 -16 1.6
    endloop
  endfacet
  facet normal 0.0436303 0 -0.999048
    outer loop
      vertex 0 16 1.6
      vertex -0.139449 -16 1.59391
      vertex -0.139449 16 1.59391
    endloop
  endfacet
  facet normal 0.461738 0 0.887016
    outer loop
      vertex -0.799999 16 -1.38564
      vertex -0.676188 -16 -1.45009
      vertex -0.676188 16 -1.45009
    endloop
  endfacet
  facet normal 0.461738 0 0.887016
    outer loop
      vertex -0.676188 -16 -1.45009
      vertex -0.799999 16 -1.38564
      vertex -0.799999 -16 -1.38564
    endloop
  endfacet
  facet normal 0.300685 0 -0.953724
    outer loop
      vertex -0.547232 -16 1.50351
      vertex -0.41411 16 1.54548
      vertex -0.41411 -16 1.54548
    endloop
  endfacet
  facet normal 0.300685 0 -0.953724
    outer loop
      vertex -0.41411 16 1.54548
      vertex -0.547232 -16 1.50351
      vertex -0.547232 16 1.50351
    endloop
  endfacet
  facet normal 0.793361 0 -0.608751
    outer loop
      vertex -1.22567 -16 1.02846
      vertex -1.31064 16 0.917722
      vertex -1.22567 16 1.02846
    endloop
  endfacet
  facet normal 0.793361 0 -0.608751
    outer loop
      vertex -1.31064 16 0.917722
      vertex -1.22567 -16 1.02846
      vertex -1.31064 -16 0.917722
    endloop
  endfacet
  facet normal -0.976298 0 -0.216433
    outer loop
      vertex 1.57569 -16 0.277837
      vertex 1.54548 16 0.41411
      vertex 1.57569 16 0.277837
    endloop
  endfacet
  facet normal -0.976298 -0 -0.216433
    outer loop
      vertex 1.54548 16 0.41411
      vertex 1.57569 -16 0.277837
      vertex 1.54548 -16 0.41411
    endloop
  endfacet
  facet normal -0.999048 0 -0.0436303
    outer loop
      vertex 1.6 -16 0
      vertex 1.59391 16 0.139449
      vertex 1.6 16 0
    endloop
  endfacet
  facet normal -0.999048 -0 -0.0436303
    outer loop
      vertex 1.59391 16 0.139449
      vertex 1.6 -16 0
      vertex 1.59391 -16 0.139449
    endloop
  endfacet
  facet normal 0.216433 0 -0.976298
    outer loop
      vertex -0.41411 -16 1.54548
      vertex -0.277837 16 1.57569
      vertex -0.277837 -16 1.57569
    endloop
  endfacet
  facet normal 0.216433 0 -0.976298
    outer loop
      vertex -0.277837 16 1.57569
      vertex -0.41411 -16 1.54548
      vertex -0.41411 16 1.54548
    endloop
  endfacet
  facet normal -0.999048 0 0.0436303
    outer loop
      vertex 1.59391 -16 -0.139449
      vertex 1.6 16 0
      vertex 1.59391 16 -0.139449
    endloop
  endfacet
  facet normal -0.999048 0 0.0436303
    outer loop
      vertex 1.6 16 0
      vertex 1.59391 -16 -0.139449
      vertex 1.6 -16 0
    endloop
  endfacet
  facet normal -0.887016 0 -0.461738
    outer loop
      vertex 1.45009 -16 0.676188
      vertex 1.38564 16 0.799999
      vertex 1.45009 16 0.676188
    endloop
  endfacet
  facet normal -0.887016 -0 -0.461738
    outer loop
      vertex 1.38564 16 0.799999
      vertex 1.45009 -16 0.676188
      vertex 1.38564 -16 0.799999
    endloop
  endfacet
  facet normal 0.953724 -0 0.300685
    outer loop
      vertex -1.54548 -16 -0.41411
      vertex -1.50351 16 -0.547232
      vertex -1.54548 16 -0.41411
    endloop
  endfacet
  facet normal 0.953724 0 0.300685
    outer loop
      vertex -1.50351 16 -0.547232
      vertex -1.54548 -16 -0.41411
      vertex -1.50351 -16 -0.547232
    endloop
  endfacet
  facet normal -0.461738 0 -0.887016
    outer loop
      vertex 0.676188 -16 1.45009
      vertex 0.799999 16 1.38564
      vertex 0.799999 -16 1.38564
    endloop
  endfacet
  facet normal -0.461738 0 -0.887016
    outer loop
      vertex 0.799999 16 1.38564
      vertex 0.676188 -16 1.45009
      vertex 0.676188 16 1.45009
    endloop
  endfacet
  facet normal -0.843384 0 -0.537311
    outer loop
      vertex 1.38564 -16 0.799999
      vertex 1.31064 16 0.917722
      vertex 1.38564 16 0.799999
    endloop
  endfacet
  facet normal -0.843384 -0 -0.537311
    outer loop
      vertex 1.31064 16 0.917722
      vertex 1.38564 -16 0.799999
      vertex 1.31064 -16 0.917722
    endloop
  endfacet
  facet normal 0.130532 0 -0.991444
    outer loop
      vertex -0.277837 -16 1.57569
      vertex -0.139449 16 1.59391
      vertex -0.139449 -16 1.59391
    endloop
  endfacet
  facet normal 0.130532 0 -0.991444
    outer loop
      vertex -0.139449 16 1.59391
      vertex -0.277837 -16 1.57569
      vertex -0.277837 16 1.57569
    endloop
  endfacet
  facet normal 0.991444 -0 0.130532
    outer loop
      vertex -1.59391 -16 -0.139449
      vertex -1.57569 16 -0.277837
      vertex -1.59391 16 -0.139449
    endloop
  endfacet
  facet normal 0.991444 0 0.130532
    outer loop
      vertex -1.57569 16 -0.277837
      vertex -1.59391 -16 -0.139449
      vertex -1.57569 -16 -0.277837
    endloop
  endfacet
  facet normal 0.793361 -0 0.608751
    outer loop
      vertex -1.31064 -16 -0.917722
      vertex -1.22567 16 -1.02846
      vertex -1.31064 16 -0.917722
    endloop
  endfacet
  facet normal 0.793361 0 0.608751
    outer loop
      vertex -1.22567 16 -1.02846
      vertex -1.31064 -16 -0.917722
      vertex -1.22567 -16 -1.02846
    endloop
  endfacet
  facet normal 0.675592 0 -0.737276
    outer loop
      vertex -1.13137 -16 1.13137
      vertex -1.02846 16 1.22567
      vertex -1.02846 -16 1.22567
    endloop
  endfacet
  facet normal 0.675592 0 -0.737276
    outer loop
      vertex -1.02846 16 1.22567
      vertex -1.13137 -16 1.13137
      vertex -1.13137 16 1.13137
    endloop
  endfacet
  facet normal 0.300685 0 0.953724
    outer loop
      vertex -0.547232 16 -1.50351
      vertex -0.41411 -16 -1.54548
      vertex -0.41411 16 -1.54548
    endloop
  endfacet
  facet normal 0.300685 0 0.953724
    outer loop
      vertex -0.41411 -16 -1.54548
      vertex -0.547232 16 -1.50351
      vertex -0.547232 -16 -1.50351
    endloop
  endfacet
  facet normal -0.923868 0 -0.382712
    outer loop
      vertex 1.50351 -16 0.547232
      vertex 1.45009 16 0.676188
      vertex 1.50351 16 0.547232
    endloop
  endfacet
  facet normal -0.923868 -0 -0.382712
    outer loop
      vertex 1.45009 16 0.676188
      vertex 1.50351 -16 0.547232
      vertex 1.45009 -16 0.676188
    endloop
  endfacet
  facet normal 0.923868 0 -0.382712
    outer loop
      vertex -1.45009 -16 0.676188
      vertex -1.50351 16 0.547232
      vertex -1.45009 16 0.676188
    endloop
  endfacet
  facet normal 0.923868 0 -0.382712
    outer loop
      vertex -1.50351 16 0.547232
      vertex -1.45009 -16 0.676188
      vertex -1.50351 -16 0.547232
    endloop
  endfacet
  facet normal 0.923868 -0 0.382712
    outer loop
      vertex -1.50351 -16 -0.547232
      vertex -1.45009 16 -0.676188
      vertex -1.50351 16 -0.547232
    endloop
  endfacet
  facet normal 0.923868 0 0.382712
    outer loop
      vertex -1.45009 16 -0.676188
      vertex -1.50351 -16 -0.547232
      vertex -1.45009 -16 -0.676188
    endloop
  endfacet
  facet normal -0.953724 0 -0.300685
    outer loop
      vertex 1.54548 -16 0.41411
      vertex 1.50351 16 0.547232
      vertex 1.54548 16 0.41411
    endloop
  endfacet
  facet normal -0.953724 -0 -0.300685
    outer loop
      vertex 1.50351 16 0.547232
      vertex 1.54548 -16 0.41411
      vertex 1.50351 -16 0.547232
    endloop
  endfacet
  facet normal -0.976298 0 0.216433
    outer loop
      vertex 1.54548 -16 -0.41411
      vertex 1.57569 16 -0.277837
      vertex 1.54548 16 -0.41411
    endloop
  endfacet
  facet normal -0.976298 0 0.216433
    outer loop
      vertex 1.57569 16 -0.277837
      vertex 1.54548 -16 -0.41411
      vertex 1.57569 -16 -0.277837
    endloop
  endfacet
  facet normal -0.953724 0 0.300685
    outer loop
      vertex 1.50351 -16 -0.547232
      vertex 1.54548 16 -0.41411
      vertex 1.50351 16 -0.547232
    endloop
  endfacet
  facet normal -0.953724 0 0.300685
    outer loop
      vertex 1.54548 16 -0.41411
      vertex 1.50351 -16 -0.547232
      vertex 1.54548 -16 -0.41411
    endloop
  endfacet
  facet normal -0.675592 0 0.737276
    outer loop
      vertex 1.02846 16 -1.22567
      vertex 1.13137 -16 -1.13137
      vertex 1.13137 16 -1.13137
    endloop
  endfacet
  facet normal -0.675592 0 0.737276
    outer loop
      vertex 1.13137 -16 -1.13137
      vertex 1.02846 16 -1.22567
      vertex 1.02846 -16 -1.22567
    endloop
  endfacet
  facet normal -0.382712 0 0.923868
    outer loop
      vertex 0.547232 16 -1.50351
      vertex 0.676188 -16 -1.45009
      vertex 0.676188 16 -1.45009
    endloop
  endfacet
  facet normal -0.382712 0 0.923868
    outer loop
      vertex 0.676188 -16 -1.45009
      vertex 0.547232 16 -1.50351
      vertex 0.547232 -16 -1.50351
    endloop
  endfacet
  facet normal -0.0436303 0 -0.999048
    outer loop
      vertex 0 -16 1.6
      vertex 0.139449 16 1.59391
      vertex 0.139449 -16 1.59391
    endloop
  endfacet
  facet normal -0.0436303 0 -0.999048
    outer loop
      vertex 0.139449 16 1.59391
      vertex 0 -16 1.6
      vertex 0 16 1.6
    endloop
  endfacet
  facet normal 0.991444 0 -0.130532
    outer loop
      vertex -1.57569 -16 0.277837
      vertex -1.59391 16 0.139449
      vertex -1.57569 16 0.277837
    endloop
  endfacet
  facet normal 0.991444 0 -0.130532
    outer loop
      vertex -1.59391 16 0.139449
      vertex -1.57569 -16 0.277837
      vertex -1.59391 -16 0.139449
    endloop
  endfacet
  facet normal -0.608751 0 0.793361
    outer loop
      vertex 0.917722 16 -1.31064
      vertex 1.02846 -16 -1.22567
      vertex 1.02846 16 -1.22567
    endloop
  endfacet
  facet normal -0.608751 0 0.793361
    outer loop
      vertex 1.02846 -16 -1.22567
      vertex 0.917722 16 -1.31064
      vertex 0.917722 -16 -1.31064
    endloop
  endfacet
  facet normal -0.130532 0 0.991444
    outer loop
      vertex 0.139449 16 -1.59391
      vertex 0.277837 -16 -1.57569
      vertex 0.277837 16 -1.57569
    endloop
  endfacet
  facet normal -0.130532 0 0.991444
    outer loop
      vertex 0.277837 -16 -1.57569
      vertex 0.139449 16 -1.59391
      vertex 0.139449 -16 -1.59391
    endloop
  endfacet
  facet normal 0.999048 -0 0.0436303
    outer loop
      vertex -1.6 -16 0
      vertex -1.59391 16 -0.139449
      vertex -1.6 16 0
    endloop
  endfacet
  facet normal 0.999048 0 0.0436303
    outer loop
      vertex -1.59391 16 -0.139449
      vertex -1.6 -16 0
      vertex -1.59391 -16 -0.139449
    endloop
  endfacet
  facet normal 0.737276 -0 0.675592
    outer loop
      vertex -1.22567 -16 -1.02846
      vertex -1.13137 16 -1.13137
      vertex -1.22567 16 -1.02846
    endloop
  endfacet
  facet normal 0.737276 0 0.675592
    outer loop
      vertex -1.13137 16 -1.13137
      vertex -1.22567 -16 -1.02846
      vertex -1.13137 -16 -1.13137
    endloop
  endfacet
  facet normal 0.887016 -0 0.461738
    outer loop
      vertex -1.45009 -16 -0.676188
      vertex -1.38564 16 -0.799999
      vertex -1.45009 16 -0.676188
    endloop
  endfacet
  facet normal 0.887016 0 0.461738
    outer loop
      vertex -1.38564 16 -0.799999
      vertex -1.45009 -16 -0.676188
      vertex -1.38564 -16 -0.799999
    endloop
  endfacet
  facet normal -0.793361 0 -0.608751
    outer loop
      vertex 1.31064 -16 0.917722
      vertex 1.22567 16 1.02846
      vertex 1.31064 16 0.917722
    endloop
  endfacet
  facet normal -0.793361 -0 -0.608751
    outer loop
      vertex 1.22567 16 1.02846
      vertex 1.31064 -16 0.917722
      vertex 1.22567 -16 1.02846
    endloop
  endfacet
  facet normal 0.843384 0 -0.537311
    outer loop
      vertex -1.31064 -16 0.917722
      vertex -1.38564 16 0.799999
      vertex -1.31064 16 0.917722
    endloop
  endfacet
  facet normal 0.843384 0 -0.537311
    outer loop
      vertex -1.38564 16 0.799999
      vertex -1.31064 -16 0.917722
      vertex -1.38564 -16 0.799999
    endloop
  endfacet
  facet normal -0.461738 0 0.887016
    outer loop
      vertex 0.676188 16 -1.45009
      vertex 0.799999 -16 -1.38564
      vertex 0.799999 16 -1.38564
    endloop
  endfacet
  facet normal -0.461738 0 0.887016
    outer loop
      vertex 0.799999 -16 -1.38564
      vertex 0.676188 16 -1.45009
      vertex 0.676188 -16 -1.45009
    endloop
  endfacet
  facet normal 0.382712 0 -0.923868
    outer loop
      vertex -0.676188 -16 1.45009
      vertex -0.547232 16 1.50351
      vertex -0.547232 -16 1.50351
    endloop
  endfacet
  facet normal 0.382712 0 -0.923868
    outer loop
      vertex -0.547232 16 1.50351
      vertex -0.676188 -16 1.45009
      vertex -0.676188 16 1.45009
    endloop
  endfacet
  facet normal 0.537311 0 0.843384
    outer loop
      vertex -0.917722 16 -1.31064
      vertex -0.799999 -16 -1.38564
      vertex -0.799999 16 -1.38564
    endloop
  endfacet
  facet normal 0.537311 0 0.843384
    outer loop
      vertex -0.799999 -16 -1.38564
      vertex -0.917722 16 -1.31064
      vertex -0.917722 -16 -1.31064
    endloop
  endfacet
  facet normal -0.843384 0 0.537311
    outer loop
      vertex 1.31064 -16 -0.917722
      vertex 1.38564 16 -0.799999
      vertex 1.31064 16 -0.917722
    endloop
  endfacet
  facet normal -0.843384 0 0.537311
    outer loop
      vertex 1.38564 16 -0.799999
      vertex 1.31064 -16 -0.917722
      vertex 1.38564 -16 -0.799999
    endloop
  endfacet
  facet normal -0.923868 0 0.382712
    outer loop
      vertex 1.45009 -16 -0.676188
      vertex 1.50351 16 -0.547232
      vertex 1.45009 16 -0.676188
    endloop
  endfacet
  facet normal -0.923868 0 0.382712
    outer loop
      vertex 1.50351 16 -0.547232
      vertex 1.45009 -16 -0.676188
      vertex 1.50351 -16 -0.547232
    endloop
  endfacet
  facet normal -0.675592 0 -0.737276
    outer loop
      vertex 1.02846 -16 1.22567
      vertex 1.13137 16 1.13137
      vertex 1.13137 -16 1.13137
    endloop
  endfacet
  facet normal -0.675592 0 -0.737276
    outer loop
      vertex 1.13137 16 1.13137
      vertex 1.02846 -16 1.22567
      vertex 1.02846 16 1.22567
    endloop
  endfacet
  facet normal -0.537311 0 -0.843384
    outer loop
      vertex 0.799999 -16 1.38564
      vertex 0.917722 16 1.31064
      vertex 0.917722 -16 1.31064
    endloop
  endfacet
  facet normal -0.537311 0 -0.843384
    outer loop
      vertex 0.917722 16 1.31064
      vertex 0.799999 -16 1.38564
      vertex 0.799999 16 1.38564
    endloop
  endfacet
  facet normal -0.537311 0 0.843384
    outer loop
      vertex 0.799999 16 -1.38564
      vertex 0.917722 -16 -1.31064
      vertex 0.917722 16 -1.31064
    endloop
  endfacet
  facet normal -0.537311 0 0.843384
    outer loop
      vertex 0.917722 -16 -1.31064
      vertex 0.799999 16 -1.38564
      vertex 0.799999 -16 -1.38564
    endloop
  endfacet
  facet normal 0.976298 -0 0.216433
    outer loop
      vertex -1.57569 -16 -0.277837
      vertex -1.54548 16 -0.41411
      vertex -1.57569 16 -0.277837
    endloop
  endfacet
  facet normal 0.976298 0 0.216433
    outer loop
      vertex -1.54548 16 -0.41411
      vertex -1.57569 -16 -0.277837
      vertex -1.54548 -16 -0.41411
    endloop
  endfacet
  facet normal 0.608751 0 0.793361
    outer loop
      vertex -1.02846 16 -1.22567
      vertex -0.917722 -16 -1.31064
      vertex -0.917722 16 -1.31064
    endloop
  endfacet
  facet normal 0.608751 0 0.793361
    outer loop
      vertex -0.917722 -16 -1.31064
      vertex -1.02846 16 -1.22567
      vertex -1.02846 -16 -1.22567
    endloop
  endfacet
  facet normal 0.976298 0 -0.216433
    outer loop
      vertex -1.54548 -16 0.41411
      vertex -1.57569 16 0.277837
      vertex -1.54548 16 0.41411
    endloop
  endfacet
  facet normal 0.976298 0 -0.216433
    outer loop
      vertex -1.57569 16 0.277837
      vertex -1.54548 -16 0.41411
      vertex -1.57569 -16 0.277837
    endloop
  endfacet
  facet normal 0.0436303 0 0.999048
    outer loop
      vertex -0.139449 16 -1.59391
      vertex 0 -16 -1.6
      vertex 0 16 -1.6
    endloop
  endfacet
  facet normal 0.0436303 0 0.999048
    outer loop
      vertex 0 -16 -1.6
      vertex -0.139449 16 -1.59391
      vertex -0.139449 -16 -1.59391
    endloop
  endfacet
  facet normal 0.953724 0 -0.300685
    outer loop
      vertex -1.50351 -16 0.547232
      vertex -1.54548 16 0.41411
      vertex -1.50351 16 0.547232
    endloop
  endfacet
  facet normal 0.953724 0 -0.300685
    outer loop
      vertex -1.54548 16 0.41411
      vertex -1.50351 -16 0.547232
      vertex -1.54548 -16 0.41411
    endloop
  endfacet
  facet normal 0.537311 0 -0.843384
    outer loop
      vertex -0.917722 -16 1.31064
      vertex -0.799999 16 1.38564
      vertex -0.799999 -16 1.38564
    endloop
  endfacet
  facet normal 0.537311 0 -0.843384
    outer loop
      vertex -0.799999 16 1.38564
      vertex -0.917722 -16 1.31064
      vertex -0.917722 16 1.31064
    endloop
  endfacet
  facet normal 0.675592 0 0.737276
    outer loop
      vertex -1.13137 16 -1.13137
      vertex -1.02846 -16 -1.22567
      vertex -1.02846 16 -1.22567
    endloop
  endfacet
  facet normal 0.675592 0 0.737276
    outer loop
      vertex -1.02846 -16 -1.22567
      vertex -1.13137 16 -1.13137
      vertex -1.13137 -16 -1.13137
    endloop
  endfacet
  facet normal -0.130532 0 -0.991444
    outer loop
      vertex 0.139449 -16 1.59391
      vertex 0.277837 16 1.57569
      vertex 0.277837 -16 1.57569
    endloop
  endfacet
  facet normal -0.130532 0 -0.991444
    outer loop
      vertex 0.277837 16 1.57569
      vertex 0.139449 -16 1.59391
      vertex 0.139449 16 1.59391
    endloop
  endfacet
  facet normal -0.737276 0 0.675592
    outer loop
      vertex 1.13137 -16 -1.13137
      vertex 1.22567 16 -1.02846
      vertex 1.13137 16 -1.13137
    endloop
  endfacet
  facet normal -0.737276 0 0.675592
    outer loop
      vertex 1.22567 16 -1.02846
      vertex 1.13137 -16 -1.13137
      vertex 1.22567 -16 -1.02846
    endloop
  endfacet
  facet normal 0.843384 -0 0.537311
    outer loop
      vertex -1.38564 -16 -0.799999
      vertex -1.31064 16 -0.917722
      vertex -1.38564 16 -0.799999
    endloop
  endfacet
  facet normal 0.843384 0 0.537311
    outer loop
      vertex -1.31064 16 -0.917722
      vertex -1.38564 -16 -0.799999
      vertex -1.31064 -16 -0.917722
    endloop
  endfacet
  facet normal -0.0436303 0 0.999048
    outer loop
      vertex 0 16 -1.6
      vertex 0.139449 -16 -1.59391
      vertex 0.139449 16 -1.59391
    endloop
  endfacet
  facet normal -0.0436303 0 0.999048
    outer loop
      vertex 0.139449 -16 -1.59391
      vertex 0 16 -1.6
      vertex 0 -16 -1.6
    endloop
  endfacet
  facet normal 0.382712 0 0.923868
    outer loop
      vertex -0.676188 16 -1.45009
      vertex -0.547232 -16 -1.50351
      vertex -0.547232 16 -1.50351
    endloop
  endfacet
  facet normal 0.382712 0 0.923868
    outer loop
      vertex -0.547232 -16 -1.50351
      vertex -0.676188 16 -1.45009
      vertex -0.676188 -16 -1.45009
    endloop
  endfacet
  facet normal 0.130532 0 0.991444
    outer loop
      vertex -0.277837 16 -1.57569
      vertex -0.139449 -16 -1.59391
      vertex -0.139449 16 -1.59391
    endloop
  endfacet
  facet normal 0.130532 0 0.991444
    outer loop
      vertex -0.139449 -16 -1.59391
      vertex -0.277837 16 -1.57569
      vertex -0.277837 -16 -1.57569
    endloop
  endfacet
  facet normal -0.737276 0 -0.675592
    outer loop
      vertex 1.22567 -16 1.02846
      vertex 1.13137 16 1.13137
      vertex 1.22567 16 1.02846
    endloop
  endfacet
  facet normal -0.737276 -0 -0.675592
    outer loop
      vertex 1.13137 16 1.13137
      vertex 1.22567 -16 1.02846
      vertex 1.13137 -16 1.13137
    endloop
  endfacet
  facet normal 0.737276 0 -0.675592
    outer loop
      vertex -1.13137 -16 1.13137
      vertex -1.22567 16 1.02846
      vertex -1.13137 16 1.13137
    endloop
  endfacet
  facet normal 0.737276 0 -0.675592
    outer loop
      vertex -1.22567 16 1.02846
      vertex -1.13137 -16 1.13137
      vertex -1.22567 -16 1.02846
    endloop
  endfacet
  facet normal -0.887016 0 0.461738
    outer loop
      vertex 1.38564 -16 -0.799999
      vertex 1.45009 16 -0.676188
      vertex 1.38564 16 -0.799999
    endloop
  endfacet
  facet normal -0.887016 0 0.461738
    outer loop
      vertex 1.45009 16 -0.676188
      vertex 1.38564 -16 -0.799999
      vertex 1.45009 -16 -0.676188
    endloop
  endfacet
endsolid OpenSCAD_Model
