solid OpenSCAD_Model
  facet normal -0.4622 -0.886775 0
    outer loop
      vertex -17.3 -109.196 -9
      vertex -16.8357 -109.438 -0.150001
      vertex -17.3 -109.196 -0.150001
    endloop
  endfacet
  facet normal -0.4622 -0.886775 -0
    outer loop
      vertex -16.8357 -109.438 -0.150001
      vertex -17.3 -109.196 -9
      vertex -16.8357 -109.438 -9
    endloop
  endfacet
  facet normal 0 -1 0
    outer loop
      vertex -14.3 -110 -0.150001
      vertex -14.3 -110 -9
      vertex -6 -110 -0.150001
    endloop
  endfacet
  facet normal 0 -1 0
    outer loop
      vertex -6 -110 -0.150001
      vertex 6 -110 9
      vertex -6 -110 9
    endloop
  endfacet
  facet normal 0 -1 0
    outer loop
      vertex 6 -110 -9
      vertex -6 -110 -0.150001
      vertex -14.3 -110 -9
    endloop
  endfacet
  facet normal 0 -1 0
    outer loop
      vertex -6 -110 -0.150001
      vertex 6 -110 -9
      vertex 6 -110 9
    endloop
  endfacet
  facet normal -0.382661 0.923889 0
    outer loop
      vertex -16.3521 -98.3618 -9
      vertex -16.8357 -98.5621 -0.150001
      vertex -16.3521 -98.3618 -0.150001
    endloop
  endfacet
  facet normal -0.382661 0.923889 0
    outer loop
      vertex -16.8357 -98.5621 -0.150001
      vertex -16.3521 -98.3618 -9
      vertex -16.8357 -98.5621 -9
    endloop
  endfacet
  facet normal -0.0435616 0.999051 0
    outer loop
      vertex -14.3 -98 -9
      vertex -14.8229 -98.0228 -0.150001
      vertex -14.3 -98 -0.150001
    endloop
  endfacet
  facet normal -0.0435616 0.999051 0
    outer loop
      vertex -14.8229 -98.0228 -0.150001
      vertex -14.3 -98 -9
      vertex -14.8229 -98.0228 -9
    endloop
  endfacet
  facet normal 0 1 -0
    outer loop
      vertex -6 -98 -9
      vertex -14.3 -98 -0.150001
      vertex -6 -98 -0.150001
    endloop
  endfacet
  facet normal 0 1 0
    outer loop
      vertex -14.3 -98 -0.150001
      vertex -6 -98 -9
      vertex -14.3 -98 -9
    endloop
  endfacet
  facet normal -0.215919 -0.976411 0
    outer loop
      vertex -15.8529 -109.796 -9
      vertex -15.3419 -109.909 -0.150001
      vertex -15.8529 -109.796 -0.150001
    endloop
  endfacet
  facet normal -0.215919 -0.976411 -0
    outer loop
      vertex -15.3419 -109.909 -0.150001
      vertex -15.8529 -109.796 -9
      vertex -15.3419 -109.909 -9
    endloop
  endfacet
  facet normal -0.300711 0.953715 0
    outer loop
      vertex -15.8529 -98.2044 -9
      vertex -16.3521 -98.3618 -0.150001
      vertex -15.8529 -98.2044 -0.150001
    endloop
  endfacet
  facet normal -0.300711 0.953715 0
    outer loop
      vertex -16.3521 -98.3618 -0.150001
      vertex -15.8529 -98.2044 -9
      vertex -16.3521 -98.3618 -9
    endloop
  endfacet
  facet normal -0.537345 0.843362 0
    outer loop
      vertex -17.3 -98.8038 -9
      vertex -17.7415 -99.0851 -0.150001
      vertex -17.3 -98.8038 -0.150001
    endloop
  endfacet
  facet normal -0.537345 0.843362 0
    outer loop
      vertex -17.7415 -99.0851 -0.150001
      vertex -17.3 -98.8038 -9
      vertex -17.7415 -99.0851 -9
    endloop
  endfacet
  facet normal -0.793913 0.608031 0
    outer loop
      vertex -19.2149 -100.559 -9
      vertex -18.8963 -100.143 -0.150001
      vertex -18.8963 -100.143 -9
    endloop
  endfacet
  facet normal -0.793913 0.608031 0
    outer loop
      vertex -18.8963 -100.143 -0.150001
      vertex -19.2149 -100.559 -9
      vertex -19.2149 -100.559 -0.150001
    endloop
  endfacet
  facet normal -0.999051 0.0435533 0
    outer loop
      vertex -20.3 -104 -9
      vertex -20.2772 -103.477 -0.150001
      vertex -20.2772 -103.477 -9
    endloop
  endfacet
  facet normal -0.999051 0.0435533 0
    outer loop
      vertex -20.2772 -103.477 -0.150001
      vertex -20.3 -104 -9
      vertex -20.3 -104 -0.150001
    endloop
  endfacet
  facet normal -0.043943 -0.999034 0
    outer loop
      vertex -14.8229 -109.977 -9
      vertex -14.3 -110 -0.150001
      vertex -14.8229 -109.977 -0.150001
    endloop
  endfacet
  facet normal -0.043943 -0.999034 -0
    outer loop
      vertex -14.3 -110 -0.150001
      vertex -14.8229 -109.977 -9
      vertex -14.3 -110 -9
    endloop
  endfacet
  facet normal -0.216283 0.976331 0
    outer loop
      vertex -15.3419 -98.0912 -9
      vertex -15.8529 -98.2044 -0.150001
      vertex -15.3419 -98.0912 -0.150001
    endloop
  endfacet
  facet normal -0.216283 0.976331 0
    outer loop
      vertex -15.8529 -98.2044 -0.150001
      vertex -15.3419 -98.0912 -9
      vertex -15.8529 -98.2044 -9
    endloop
  endfacet
  facet normal -0.130662 0.991427 0
    outer loop
      vertex -14.8229 -98.0228 -9
      vertex -15.3419 -98.0912 -0.150001
      vertex -14.8229 -98.0228 -0.150001
    endloop
  endfacet
  facet normal -0.130662 0.991427 0
    outer loop
      vertex -15.3419 -98.0912 -0.150001
      vertex -14.8229 -98.0228 -9
      vertex -15.3419 -98.0912 -9
    endloop
  endfacet
  facet normal -0.46175 0.88701 0
    outer loop
      vertex -16.8357 -98.5621 -9
      vertex -17.3 -98.8038 -0.150001
      vertex -16.8357 -98.5621 -0.150001
    endloop
  endfacet
  facet normal -0.46175 0.88701 0
    outer loop
      vertex -17.3 -98.8038 -0.150001
      vertex -16.8357 -98.5621 -9
      vertex -17.3 -98.8038 -9
    endloop
  endfacet
  facet normal -0.736932 0.675967 0
    outer loop
      vertex -18.8963 -100.143 -9
      vertex -18.5426 -99.7574 -0.150001
      vertex -18.5426 -99.7574 -9
    endloop
  endfacet
  facet normal -0.736932 0.675967 0
    outer loop
      vertex -18.5426 -99.7574 -0.150001
      vertex -18.8963 -100.143 -9
      vertex -18.8963 -100.143 -0.150001
    endloop
  endfacet
  facet normal -0.793913 -0.608031 0
    outer loop
      vertex -18.8963 -107.857 -9
      vertex -19.2149 -107.441 -0.150001
      vertex -19.2149 -107.441 -9
    endloop
  endfacet
  facet normal -0.793913 -0.608031 0
    outer loop
      vertex -19.2149 -107.441 -0.150001
      vertex -18.8963 -107.857 -9
      vertex -18.8963 -107.857 -0.150001
    endloop
  endfacet
  facet normal -0.991427 0.130662 0
    outer loop
      vertex -20.2772 -103.477 -9
      vertex -20.2088 -102.958 -0.150001
      vertex -20.2088 -102.958 -9
    endloop
  endfacet
  facet normal -0.991427 0.130662 0
    outer loop
      vertex -20.2088 -102.958 -0.150001
      vertex -20.2772 -103.477 -9
      vertex -20.2772 -103.477 -0.150001
    endloop
  endfacet
  facet normal -0.886966 -0.461834 0
    outer loop
      vertex -19.4962 -107 -9
      vertex -19.7378 -106.536 -0.150001
      vertex -19.7378 -106.536 -9
    endloop
  endfacet
  facet normal -0.886966 -0.461834 0
    outer loop
      vertex -19.7378 -106.536 -0.150001
      vertex -19.4962 -107 -9
      vertex -19.4962 -107 -0.150001
    endloop
  endfacet
  facet normal 0 0 1
    outer loop
      vertex -6 -98 -0.150001
      vertex -12.6 -104 -0.150001
      vertex -6 -110 -0.150001
    endloop
  endfacet
  facet normal 0 0 1
    outer loop
      vertex -6 -98 -0.150001
      vertex -12.6065 -103.852 -0.150001
      vertex -12.6 -104 -0.150001
    endloop
  endfacet
  facet normal 0 0 1
    outer loop
      vertex -6 -98 -0.150001
      vertex -12.6258 -103.705 -0.150001
      vertex -12.6065 -103.852 -0.150001
    endloop
  endfacet
  facet normal 0 0 1
    outer loop
      vertex -6 -98 -0.150001
      vertex -12.6579 -103.56 -0.150001
      vertex -12.6258 -103.705 -0.150001
    endloop
  endfacet
  facet normal 0 0 1
    outer loop
      vertex -6 -98 -0.150001
      vertex -12.7025 -103.419 -0.150001
      vertex -12.6579 -103.56 -0.150001
    endloop
  endfacet
  facet normal 0 0 1
    outer loop
      vertex -6 -98 -0.150001
      vertex -12.7593 -103.282 -0.150001
      vertex -12.7025 -103.419 -0.150001
    endloop
  endfacet
  facet normal 0 0 1
    outer loop
      vertex -6 -98 -0.150001
      vertex -12.8278 -103.15 -0.150001
      vertex -12.7593 -103.282 -0.150001
    endloop
  endfacet
  facet normal 0 0 1
    outer loop
      vertex -6 -98 -0.150001
      vertex -12.9074 -103.025 -0.150001
      vertex -12.8278 -103.15 -0.150001
    endloop
  endfacet
  facet normal 0 0 1
    outer loop
      vertex -6 -98 -0.150001
      vertex -12.9977 -102.907 -0.150001
      vertex -12.9074 -103.025 -0.150001
    endloop
  endfacet
  facet normal 0 0 1
    outer loop
      vertex -6 -98 -0.150001
      vertex -13.0979 -102.798 -0.150001
      vertex -12.9977 -102.907 -0.150001
    endloop
  endfacet
  facet normal 0 0 1
    outer loop
      vertex -6 -98 -0.150001
      vertex -13.2073 -102.698 -0.150001
      vertex -13.0979 -102.798 -0.150001
    endloop
  endfacet
  facet normal -0 0 1
    outer loop
      vertex -14.3 -98 -0.150001
      vertex -13.2073 -102.698 -0.150001
      vertex -6 -98 -0.150001
    endloop
  endfacet
  facet normal 0 0 1
    outer loop
      vertex -13.2073 -102.698 -0.150001
      vertex -14.3 -98 -0.150001
      vertex -13.3249 -102.607 -0.150001
    endloop
  endfacet
  facet normal 0 0 1
    outer loop
      vertex -13.3249 -102.607 -0.150001
      vertex -14.3 -98 -0.150001
      vertex -13.45 -102.528 -0.150001
    endloop
  endfacet
  facet normal 0 0 1
    outer loop
      vertex -13.45 -102.528 -0.150001
      vertex -14.3 -98 -0.150001
      vertex -13.5815 -102.459 -0.150001
    endloop
  endfacet
  facet normal 0 0 1
    outer loop
      vertex -13.5815 -102.459 -0.150001
      vertex -14.3 -98 -0.150001
      vertex -13.7186 -102.403 -0.150001
    endloop
  endfacet
  facet normal 0 0 1
    outer loop
      vertex -13.7186 -102.403 -0.150001
      vertex -14.3 -98 -0.150001
      vertex -13.86 -102.358 -0.150001
    endloop
  endfacet
  facet normal 0 0 1
    outer loop
      vertex -13.86 -102.358 -0.150001
      vertex -14.3 -98 -0.150001
      vertex -14.0048 -102.326 -0.150001
    endloop
  endfacet
  facet normal 0 0 1
    outer loop
      vertex -14.0048 -102.326 -0.150001
      vertex -14.3 -98 -0.150001
      vertex -14.1518 -102.306 -0.150001
    endloop
  endfacet
  facet normal 0 0 1
    outer loop
      vertex -14.3 -98 -0.150001
      vertex -14.3 -102.3 -0.150001
      vertex -14.1518 -102.306 -0.150001
    endloop
  endfacet
  facet normal 0 0 1
    outer loop
      vertex -14.3 -98 -0.150001
      vertex -14.4482 -102.306 -0.150001
      vertex -14.3 -102.3 -0.150001
    endloop
  endfacet
  facet normal -0 0 1
    outer loop
      vertex -14.8229 -98.0228 -0.150001
      vertex -14.4482 -102.306 -0.150001
      vertex -14.3 -98 -0.150001
    endloop
  endfacet
  facet normal 0 0 1
    outer loop
      vertex -14.4482 -102.306 -0.150001
      vertex -14.8229 -98.0228 -0.150001
      vertex -14.5952 -102.326 -0.150001
    endloop
  endfacet
  facet normal -0 0 1
    outer loop
      vertex -15.3419 -98.0912 -0.150001
      vertex -14.5952 -102.326 -0.150001
      vertex -14.8229 -98.0228 -0.150001
    endloop
  endfacet
  facet normal 0 0 1
    outer loop
      vertex -14.5952 -102.326 -0.150001
      vertex -15.3419 -98.0912 -0.150001
      vertex -14.74 -102.358 -0.150001
    endloop
  endfacet
  facet normal -0 0 1
    outer loop
      vertex -15.8529 -98.2044 -0.150001
      vertex -14.74 -102.358 -0.150001
      vertex -15.3419 -98.0912 -0.150001
    endloop
  endfacet
  facet normal 0 0 1
    outer loop
      vertex -14.74 -102.358 -0.150001
      vertex -15.8529 -98.2044 -0.150001
      vertex -14.8814 -102.403 -0.150001
    endloop
  endfacet
  facet normal -0 0 1
    outer loop
      vertex -16.3521 -98.3618 -0.150001
      vertex -14.8814 -102.403 -0.150001
      vertex -15.8529 -98.2044 -0.150001
    endloop
  endfacet
  facet normal 0 0 1
    outer loop
      vertex -14.8814 -102.403 -0.150001
      vertex -16.3521 -98.3618 -0.150001
      vertex -15.0185 -102.459 -0.150001
    endloop
  endfacet
  facet normal -0 0 1
    outer loop
      vertex -16.8357 -98.5621 -0.150001
      vertex -15.0185 -102.459 -0.150001
      vertex -16.3521 -98.3618 -0.150001
    endloop
  endfacet
  facet normal 0 0 1
    outer loop
      vertex -15.0185 -102.459 -0.150001
      vertex -16.8357 -98.5621 -0.150001
      vertex -15.15 -102.528 -0.150001
    endloop
  endfacet
  facet normal -0 0 1
    outer loop
      vertex -17.3 -98.8038 -0.150001
      vertex -15.15 -102.528 -0.150001
      vertex -16.8357 -98.5621 -0.150001
    endloop
  endfacet
  facet normal 0 0 1
    outer loop
      vertex -15.15 -102.528 -0.150001
      vertex -17.3 -98.8038 -0.150001
      vertex -15.2751 -102.607 -0.150001
    endloop
  endfacet
  facet normal -0 0 1
    outer loop
      vertex -17.7415 -99.0851 -0.150001
      vertex -15.2751 -102.607 -0.150001
      vertex -17.3 -98.8038 -0.150001
    endloop
  endfacet
  facet normal 0 0 1
    outer loop
      vertex -15.2751 -102.607 -0.150001
      vertex -17.7415 -99.0851 -0.150001
      vertex -15.3927 -102.698 -0.150001
    endloop
  endfacet
  facet normal -0 0 1
    outer loop
      vertex -18.1567 -99.4037 -0.150001
      vertex -15.3927 -102.698 -0.150001
      vertex -17.7415 -99.0851 -0.150001
    endloop
  endfacet
  facet normal 0 0 1
    outer loop
      vertex -15.3927 -102.698 -0.150001
      vertex -18.1567 -99.4037 -0.150001
      vertex -15.5021 -102.798 -0.150001
    endloop
  endfacet
  facet normal -0 0 1
    outer loop
      vertex -18.5426 -99.7574 -0.150001
      vertex -15.5021 -102.798 -0.150001
      vertex -18.1567 -99.4037 -0.150001
    endloop
  endfacet
  facet normal 0 0 1
    outer loop
      vertex -15.5021 -102.798 -0.150001
      vertex -18.5426 -99.7574 -0.150001
      vertex -15.6023 -102.907 -0.150001
    endloop
  endfacet
  facet normal -0 0 1
    outer loop
      vertex -18.8963 -100.143 -0.150001
      vertex -15.6023 -102.907 -0.150001
      vertex -18.5426 -99.7574 -0.150001
    endloop
  endfacet
  facet normal 0 0 1
    outer loop
      vertex -15.6023 -102.907 -0.150001
      vertex -18.8963 -100.143 -0.150001
      vertex -15.6926 -103.025 -0.150001
    endloop
  endfacet
  facet normal -0 0 1
    outer loop
      vertex -19.2149 -100.559 -0.150001
      vertex -15.6926 -103.025 -0.150001
      vertex -18.8963 -100.143 -0.150001
    endloop
  endfacet
  facet normal -0 0 1
    outer loop
      vertex -12.6065 -104.148 -0.150001
      vertex -6 -110 -0.150001
      vertex -12.6 -104 -0.150001
    endloop
  endfacet
  facet normal -0 0 1
    outer loop
      vertex -12.6258 -104.295 -0.150001
      vertex -6 -110 -0.150001
      vertex -12.6065 -104.148 -0.150001
    endloop
  endfacet
  facet normal -0 0 1
    outer loop
      vertex -12.6579 -104.44 -0.150001
      vertex -6 -110 -0.150001
      vertex -12.6258 -104.295 -0.150001
    endloop
  endfacet
  facet normal -0 0 1
    outer loop
      vertex -12.7025 -104.581 -0.150001
      vertex -6 -110 -0.150001
      vertex -12.6579 -104.44 -0.150001
    endloop
  endfacet
  facet normal -0 0 1
    outer loop
      vertex -12.7593 -104.718 -0.150001
      vertex -6 -110 -0.150001
      vertex -12.7025 -104.581 -0.150001
    endloop
  endfacet
  facet normal -0 0 1
    outer loop
      vertex -12.8278 -104.85 -0.150001
      vertex -6 -110 -0.150001
      vertex -12.7593 -104.718 -0.150001
    endloop
  endfacet
  facet normal -0 0 1
    outer loop
      vertex -12.9074 -104.975 -0.150001
      vertex -6 -110 -0.150001
      vertex -12.8278 -104.85 -0.150001
    endloop
  endfacet
  facet normal -0 0 1
    outer loop
      vertex -12.9977 -105.093 -0.150001
      vertex -6 -110 -0.150001
      vertex -12.9074 -104.975 -0.150001
    endloop
  endfacet
  facet normal -0 0 1
    outer loop
      vertex -13.0979 -105.202 -0.150001
      vertex -6 -110 -0.150001
      vertex -12.9977 -105.093 -0.150001
    endloop
  endfacet
  facet normal -0 0 1
    outer loop
      vertex -13.2073 -105.302 -0.150001
      vertex -6 -110 -0.150001
      vertex -13.0979 -105.202 -0.150001
    endloop
  endfacet
  facet normal 0 0 1
    outer loop
      vertex -14.3 -110 -0.150001
      vertex -13.2073 -105.302 -0.150001
      vertex -13.3249 -105.393 -0.150001
    endloop
  endfacet
  facet normal 0 0 1
    outer loop
      vertex -14.3 -110 -0.150001
      vertex -13.3249 -105.393 -0.150001
      vertex -13.45 -105.472 -0.150001
    endloop
  endfacet
  facet normal 0 0 1
    outer loop
      vertex -14.3 -110 -0.150001
      vertex -13.45 -105.472 -0.150001
      vertex -13.5815 -105.541 -0.150001
    endloop
  endfacet
  facet normal 0 0 1
    outer loop
      vertex -14.3 -110 -0.150001
      vertex -13.5815 -105.541 -0.150001
      vertex -13.7186 -105.597 -0.150001
    endloop
  endfacet
  facet normal 0 0 1
    outer loop
      vertex -14.3 -110 -0.150001
      vertex -13.7186 -105.597 -0.150001
      vertex -13.86 -105.642 -0.150001
    endloop
  endfacet
  facet normal 0 0 1
    outer loop
      vertex -14.3 -110 -0.150001
      vertex -13.86 -105.642 -0.150001
      vertex -14.0048 -105.674 -0.150001
    endloop
  endfacet
  facet normal 0 0 1
    outer loop
      vertex -14.3 -110 -0.150001
      vertex -14.0048 -105.674 -0.150001
      vertex -14.1518 -105.694 -0.150001
    endloop
  endfacet
  facet normal 0 0 1
    outer loop
      vertex -14.3 -110 -0.150001
      vertex -14.1518 -105.694 -0.150001
      vertex -14.3 -105.7 -0.150001
    endloop
  endfacet
  facet normal 0 0 1
    outer loop
      vertex -13.2073 -105.302 -0.150001
      vertex -14.3 -110 -0.150001
      vertex -6 -110 -0.150001
    endloop
  endfacet
  facet normal 0 0 1
    outer loop
      vertex -14.4482 -105.694 -0.150001
      vertex -14.3 -110 -0.150001
      vertex -14.3 -105.7 -0.150001
    endloop
  endfacet
  facet normal 0 0 1
    outer loop
      vertex -14.8229 -109.977 -0.150001
      vertex -14.4482 -105.694 -0.150001
      vertex -14.5952 -105.674 -0.150001
    endloop
  endfacet
  facet normal 0 0 1
    outer loop
      vertex -15.3419 -109.909 -0.150001
      vertex -14.5952 -105.674 -0.150001
      vertex -14.74 -105.642 -0.150001
    endloop
  endfacet
  facet normal 0 0 1
    outer loop
      vertex -14.4482 -105.694 -0.150001
      vertex -14.8229 -109.977 -0.150001
      vertex -14.3 -110 -0.150001
    endloop
  endfacet
  facet normal 0 0 1
    outer loop
      vertex -15.8529 -109.796 -0.150001
      vertex -14.74 -105.642 -0.150001
      vertex -14.8814 -105.597 -0.150001
    endloop
  endfacet
  facet normal 0 0 1
    outer loop
      vertex -16.3521 -109.638 -0.150001
      vertex -14.8814 -105.597 -0.150001
      vertex -15.0185 -105.541 -0.150001
    endloop
  endfacet
  facet normal 0 0 1
    outer loop
      vertex -16.8357 -109.438 -0.150001
      vertex -15.0185 -105.541 -0.150001
      vertex -15.15 -105.472 -0.150001
    endloop
  endfacet
  facet normal 0 0 1
    outer loop
      vertex -17.3 -109.196 -0.150001
      vertex -15.15 -105.472 -0.150001
      vertex -15.2751 -105.393 -0.150001
    endloop
  endfacet
  facet normal 0 0 1
    outer loop
      vertex -14.5952 -105.674 -0.150001
      vertex -15.3419 -109.909 -0.150001
      vertex -14.8229 -109.977 -0.150001
    endloop
  endfacet
  facet normal 0 0 1
    outer loop
      vertex -17.7415 -108.915 -0.150001
      vertex -15.2751 -105.393 -0.150001
      vertex -15.3927 -105.302 -0.150001
    endloop
  endfacet
  facet normal 0 0 1
    outer loop
      vertex -18.1567 -108.596 -0.150001
      vertex -15.3927 -105.302 -0.150001
      vertex -15.5021 -105.202 -0.150001
    endloop
  endfacet
  facet normal 0 0 1
    outer loop
      vertex -18.5426 -108.243 -0.150001
      vertex -15.5021 -105.202 -0.150001
      vertex -15.6023 -105.093 -0.150001
    endloop
  endfacet
  facet normal 0 0 1
    outer loop
      vertex -18.8963 -107.857 -0.150001
      vertex -15.6023 -105.093 -0.150001
      vertex -15.6926 -104.975 -0.150001
    endloop
  endfacet
  facet normal 0 0 1
    outer loop
      vertex -19.2149 -107.441 -0.150001
      vertex -15.6926 -104.975 -0.150001
      vertex -15.7722 -104.85 -0.150001
    endloop
  endfacet
  facet normal 0 0 1
    outer loop
      vertex -19.4962 -107 -0.150001
      vertex -15.7722 -104.85 -0.150001
      vertex -15.8407 -104.718 -0.150001
    endloop
  endfacet
  facet normal 0 0 1
    outer loop
      vertex -14.74 -105.642 -0.150001
      vertex -15.8529 -109.796 -0.150001
      vertex -15.3419 -109.909 -0.150001
    endloop
  endfacet
  facet normal 0 0 1
    outer loop
      vertex -19.7378 -106.536 -0.150001
      vertex -15.8407 -104.718 -0.150001
      vertex -15.8975 -104.581 -0.150001
    endloop
  endfacet
  facet normal 0 0 1
    outer loop
      vertex -19.9382 -106.052 -0.150001
      vertex -15.8975 -104.581 -0.150001
      vertex -15.9421 -104.44 -0.150001
    endloop
  endfacet
  facet normal 0 0 1
    outer loop
      vertex -20.0956 -105.553 -0.150001
      vertex -15.9421 -104.44 -0.150001
      vertex -15.9742 -104.295 -0.150001
    endloop
  endfacet
  facet normal 0 0 1
    outer loop
      vertex -20.2088 -105.042 -0.150001
      vertex -15.9742 -104.295 -0.150001
      vertex -15.9935 -104.148 -0.150001
    endloop
  endfacet
  facet normal 0 0 1
    outer loop
      vertex -20.2772 -104.523 -0.150001
      vertex -15.9935 -104.148 -0.150001
      vertex -16 -104 -0.150001
    endloop
  endfacet
  facet normal 0 0 1
    outer loop
      vertex -15.6926 -103.025 -0.150001
      vertex -19.2149 -100.559 -0.150001
      vertex -15.7722 -103.15 -0.150001
    endloop
  endfacet
  facet normal 0 0 1
    outer loop
      vertex -14.8814 -105.597 -0.150001
      vertex -16.3521 -109.638 -0.150001
      vertex -15.8529 -109.796 -0.150001
    endloop
  endfacet
  facet normal -0 0 1
    outer loop
      vertex -19.4962 -101 -0.150001
      vertex -15.7722 -103.15 -0.150001
      vertex -19.2149 -100.559 -0.150001
    endloop
  endfacet
  facet normal 0 0 1
    outer loop
      vertex -15.0185 -105.541 -0.150001
      vertex -16.8357 -109.438 -0.150001
      vertex -16.3521 -109.638 -0.150001
    endloop
  endfacet
  facet normal 0 0 1
    outer loop
      vertex -15.7722 -103.15 -0.150001
      vertex -19.4962 -101 -0.150001
      vertex -15.8407 -103.282 -0.150001
    endloop
  endfacet
  facet normal 0 0 1
    outer loop
      vertex -15.15 -105.472 -0.150001
      vertex -17.3 -109.196 -0.150001
      vertex -16.8357 -109.438 -0.150001
    endloop
  endfacet
  facet normal -0 0 1
    outer loop
      vertex -19.7378 -101.464 -0.150001
      vertex -15.8407 -103.282 -0.150001
      vertex -19.4962 -101 -0.150001
    endloop
  endfacet
  facet normal 0 0 1
    outer loop
      vertex -15.2751 -105.393 -0.150001
      vertex -17.7415 -108.915 -0.150001
      vertex -17.3 -109.196 -0.150001
    endloop
  endfacet
  facet normal 0 0 1
    outer loop
      vertex -15.8407 -103.282 -0.150001
      vertex -19.7378 -101.464 -0.150001
      vertex -15.8975 -103.419 -0.150001
    endloop
  endfacet
  facet normal 0 0 1
    outer loop
      vertex -15.3927 -105.302 -0.150001
      vertex -18.1567 -108.596 -0.150001
      vertex -17.7415 -108.915 -0.150001
    endloop
  endfacet
  facet normal -0 0 1
    outer loop
      vertex -19.9382 -101.948 -0.150001
      vertex -15.8975 -103.419 -0.150001
      vertex -19.7378 -101.464 -0.150001
    endloop
  endfacet
  facet normal 0 0 1
    outer loop
      vertex -15.5021 -105.202 -0.150001
      vertex -18.5426 -108.243 -0.150001
      vertex -18.1567 -108.596 -0.150001
    endloop
  endfacet
  facet normal 0 0 1
    outer loop
      vertex -15.8975 -103.419 -0.150001
      vertex -19.9382 -101.948 -0.150001
      vertex -15.9421 -103.56 -0.150001
    endloop
  endfacet
  facet normal 0 0 1
    outer loop
      vertex -15.6023 -105.093 -0.150001
      vertex -18.8963 -107.857 -0.150001
      vertex -18.5426 -108.243 -0.150001
    endloop
  endfacet
  facet normal -0 0 1
    outer loop
      vertex -20.0956 -102.447 -0.150001
      vertex -15.9421 -103.56 -0.150001
      vertex -19.9382 -101.948 -0.150001
    endloop
  endfacet
  facet normal 0 0 1
    outer loop
      vertex -15.6926 -104.975 -0.150001
      vertex -19.2149 -107.441 -0.150001
      vertex -18.8963 -107.857 -0.150001
    endloop
  endfacet
  facet normal 0 0 1
    outer loop
      vertex -15.9421 -103.56 -0.150001
      vertex -20.0956 -102.447 -0.150001
      vertex -15.9742 -103.705 -0.150001
    endloop
  endfacet
  facet normal 0 0 1
    outer loop
      vertex -15.7722 -104.85 -0.150001
      vertex -19.4962 -107 -0.150001
      vertex -19.2149 -107.441 -0.150001
    endloop
  endfacet
  facet normal -0 0 1
    outer loop
      vertex -20.2088 -102.958 -0.150001
      vertex -15.9742 -103.705 -0.150001
      vertex -20.0956 -102.447 -0.150001
    endloop
  endfacet
  facet normal 0 0 1
    outer loop
      vertex -15.8407 -104.718 -0.150001
      vertex -19.7378 -106.536 -0.150001
      vertex -19.4962 -107 -0.150001
    endloop
  endfacet
  facet normal 0 0 1
    outer loop
      vertex -15.9742 -103.705 -0.150001
      vertex -20.2088 -102.958 -0.150001
      vertex -15.9935 -103.852 -0.150001
    endloop
  endfacet
  facet normal 0 0 1
    outer loop
      vertex -15.8975 -104.581 -0.150001
      vertex -19.9382 -106.052 -0.150001
      vertex -19.7378 -106.536 -0.150001
    endloop
  endfacet
  facet normal -0 0 1
    outer loop
      vertex -20.2772 -103.477 -0.150001
      vertex -15.9935 -103.852 -0.150001
      vertex -20.2088 -102.958 -0.150001
    endloop
  endfacet
  facet normal 0 0 1
    outer loop
      vertex -15.9421 -104.44 -0.150001
      vertex -20.0956 -105.553 -0.150001
      vertex -19.9382 -106.052 -0.150001
    endloop
  endfacet
  facet normal 0 0 1
    outer loop
      vertex -15.9935 -103.852 -0.150001
      vertex -20.2772 -103.477 -0.150001
      vertex -16 -104 -0.150001
    endloop
  endfacet
  facet normal 0 0 1
    outer loop
      vertex -15.9742 -104.295 -0.150001
      vertex -20.2088 -105.042 -0.150001
      vertex -20.0956 -105.553 -0.150001
    endloop
  endfacet
  facet normal 0 0 1
    outer loop
      vertex -20.3 -104 -0.150001
      vertex -16 -104 -0.150001
      vertex -20.2772 -103.477 -0.150001
    endloop
  endfacet
  facet normal 0 0 1
    outer loop
      vertex -15.9935 -104.148 -0.150001
      vertex -20.2772 -104.523 -0.150001
      vertex -20.2088 -105.042 -0.150001
    endloop
  endfacet
  facet normal 0 0 1
    outer loop
      vertex -16 -104 -0.150001
      vertex -20.3 -104 -0.150001
      vertex -20.2772 -104.523 -0.150001
    endloop
  endfacet
  facet normal -0.991427 -0.130662 0
    outer loop
      vertex -20.2088 -105.042 -9
      vertex -20.2772 -104.523 -0.150001
      vertex -20.2772 -104.523 -9
    endloop
  endfacet
  facet normal -0.991427 -0.130662 0
    outer loop
      vertex -20.2772 -104.523 -0.150001
      vertex -20.2088 -105.042 -9
      vertex -20.2088 -105.042 -0.150001
    endloop
  endfacet
  facet normal -0.976331 -0.216283 0
    outer loop
      vertex -20.0956 -105.553 -9
      vertex -20.2088 -105.042 -0.150001
      vertex -20.2088 -105.042 -9
    endloop
  endfacet
  facet normal -0.976331 -0.216283 0
    outer loop
      vertex -20.2088 -105.042 -0.150001
      vertex -20.0956 -105.553 -9
      vertex -20.0956 -105.553 -0.150001
    endloop
  endfacet
  facet normal -0.923933 -0.382554 0
    outer loop
      vertex -19.7378 -106.536 -9
      vertex -19.9382 -106.052 -0.150001
      vertex -19.9382 -106.052 -9
    endloop
  endfacet
  facet normal -0.923933 -0.382554 0
    outer loop
      vertex -19.9382 -106.052 -0.150001
      vertex -19.7378 -106.536 -9
      vertex -19.7378 -106.536 -0.150001
    endloop
  endfacet
  facet normal -0.953681 -0.30082 0
    outer loop
      vertex -19.9382 -106.052 -9
      vertex -20.0956 -105.553 -0.150001
      vertex -20.0956 -105.553 -9
    endloop
  endfacet
  facet normal -0.953681 -0.30082 0
    outer loop
      vertex -20.0956 -105.553 -0.150001
      vertex -19.9382 -106.052 -9
      vertex -19.9382 -106.052 -0.150001
    endloop
  endfacet
  facet normal -0.674954 -0.73786 0
    outer loop
      vertex -18.5426 -108.243 -9
      vertex -18.1567 -108.596 -0.150001
      vertex -18.5426 -108.243 -0.150001
    endloop
  endfacet
  facet normal -0.674954 -0.73786 -0
    outer loop
      vertex -18.1567 -108.596 -0.150001
      vertex -18.5426 -108.243 -9
      vertex -18.1567 -108.596 -9
    endloop
  endfacet
  facet normal -0.737281 -0.675586 0
    outer loop
      vertex -18.5426 -108.243 -9
      vertex -18.8963 -107.857 -0.150001
      vertex -18.8963 -107.857 -9
    endloop
  endfacet
  facet normal -0.737281 -0.675586 0
    outer loop
      vertex -18.8963 -107.857 -0.150001
      vertex -18.5426 -108.243 -9
      vertex -18.5426 -108.243 -0.150001
    endloop
  endfacet
  facet normal -0.609249 -0.792979 0
    outer loop
      vertex -18.1567 -108.596 -9
      vertex -17.7415 -108.915 -0.150001
      vertex -18.1567 -108.596 -0.150001
    endloop
  endfacet
  facet normal -0.609249 -0.792979 -0
    outer loop
      vertex -17.7415 -108.915 -0.150001
      vertex -18.1567 -108.596 -9
      vertex -17.7415 -108.915 -9
    endloop
  endfacet
  facet normal 0 0 -1
    outer loop
      vertex -6 98 -9
      vertex -11.965 103.821 -9
      vertex -11.9571 104 -9
    endloop
  endfacet
  facet normal 0 0 -1
    outer loop
      vertex -6 98 -9
      vertex -11.9661 103.796 -9
      vertex -11.965 103.821 -9
    endloop
  endfacet
  facet normal 0 0 -1
    outer loop
      vertex -6 98 -9
      vertex -11.9693 103.771 -9
      vertex -11.9661 103.796 -9
    endloop
  endfacet
  facet normal 0 0 -1
    outer loop
      vertex -6 98 -9
      vertex -11.9927 103.593 -9
      vertex -11.9693 103.771 -9
    endloop
  endfacet
  facet normal 0 0 -1
    outer loop
      vertex -6 98 -9
      vertex -11.9981 103.569 -9
      vertex -11.9927 103.593 -9
    endloop
  endfacet
  facet normal 0 0 -1
    outer loop
      vertex -6 98 -9
      vertex -12.037 103.394 -9
      vertex -11.9981 103.569 -9
    endloop
  endfacet
  facet normal 0 0 -1
    outer loop
      vertex -6 98 -9
      vertex -12.0445 103.37 -9
      vertex -12.037 103.394 -9
    endloop
  endfacet
  facet normal 0 0 -1
    outer loop
      vertex -6 98 -9
      vertex -12.0984 103.199 -9
      vertex -12.0445 103.37 -9
    endloop
  endfacet
  facet normal 0 0 -1
    outer loop
      vertex -6 98 -9
      vertex -12.1671 103.033 -9
      vertex -12.0984 103.199 -9
    endloop
  endfacet
  facet normal 0 0 -1
    outer loop
      vertex -6 98 -9
      vertex -12.1767 103.01 -9
      vertex -12.1671 103.033 -9
    endloop
  endfacet
  facet normal 0 0 -1
    outer loop
      vertex -6 98 -9
      vertex -12.2595 102.851 -9
      vertex -12.1767 103.01 -9
    endloop
  endfacet
  facet normal 0 0 -1
    outer loop
      vertex -6 98 -9
      vertex -12.271 102.829 -9
      vertex -12.2595 102.851 -9
    endloop
  endfacet
  facet normal 0 0 -1
    outer loop
      vertex -6 98 -9
      vertex -12.2844 102.808 -9
      vertex -12.271 102.829 -9
    endloop
  endfacet
  facet normal 0 0 -1
    outer loop
      vertex -6 98 -9
      vertex -12.3808 102.656 -9
      vertex -12.2844 102.808 -9
    endloop
  endfacet
  facet normal 0 0 -1
    outer loop
      vertex -6 98 -9
      vertex -12.396 102.636 -9
      vertex -12.3808 102.656 -9
    endloop
  endfacet
  facet normal 0 0 -1
    outer loop
      vertex -6 98 -9
      vertex -12.5053 102.494 -9
      vertex -12.396 102.636 -9
    endloop
  endfacet
  facet normal 0 0 -1
    outer loop
      vertex -6 98 -9
      vertex -12.6265 102.362 -9
      vertex -12.5053 102.494 -9
    endloop
  endfacet
  facet normal 0 0 -1
    outer loop
      vertex -6 98 -9
      vertex -12.6434 102.343 -9
      vertex -12.6265 102.362 -9
    endloop
  endfacet
  facet normal 0 0 -1
    outer loop
      vertex -6 98 -9
      vertex -12.6617 102.327 -9
      vertex -12.6434 102.343 -9
    endloop
  endfacet
  facet normal 0 0 -1
    outer loop
      vertex -6 98 -9
      vertex -12.794 102.205 -9
      vertex -12.6617 102.327 -9
    endloop
  endfacet
  facet normal 0 0 -1
    outer loop
      vertex -14.3 98 -9
      vertex -12.794 102.205 -9
      vertex -6 98 -9
    endloop
  endfacet
  facet normal 0 0 -1
    outer loop
      vertex -12.794 102.205 -9
      vertex -14.3 98 -9
      vertex -12.9364 102.096 -9
    endloop
  endfacet
  facet normal 0 0 -1
    outer loop
      vertex -12.9364 102.096 -9
      vertex -14.3 98 -9
      vertex -12.9562 102.081 -9
    endloop
  endfacet
  facet normal 0 0 -1
    outer loop
      vertex -12.9562 102.081 -9
      vertex -14.3 98 -9
      vertex -13.1075 101.984 -9
    endloop
  endfacet
  facet normal 0 0 -1
    outer loop
      vertex -13.1075 101.984 -9
      vertex -14.3 98 -9
      vertex -13.1286 101.971 -9
    endloop
  endfacet
  facet normal 0 0 -1
    outer loop
      vertex -13.1286 101.971 -9
      vertex -14.3 98 -9
      vertex -13.1507 101.96 -9
    endloop
  endfacet
  facet normal 0 0 -1
    outer loop
      vertex -13.1507 101.96 -9
      vertex -14.3 98 -9
      vertex -13.3099 101.877 -9
    endloop
  endfacet
  facet normal 0 0 -1
    outer loop
      vertex -13.3099 101.877 -9
      vertex -14.3 98 -9
      vertex -13.3329 101.867 -9
    endloop
  endfacet
  facet normal 0 0 -1
    outer loop
      vertex -13.3329 101.867 -9
      vertex -14.3 98 -9
      vertex -13.4987 101.798 -9
    endloop
  endfacet
  facet normal 0 0 -1
    outer loop
      vertex -13.4987 101.798 -9
      vertex -14.3 98 -9
      vertex -13.6699 101.744 -9
    endloop
  endfacet
  facet normal 0 0 -1
    outer loop
      vertex -13.6699 101.744 -9
      vertex -14.3 98 -9
      vertex -13.6936 101.737 -9
    endloop
  endfacet
  facet normal 0 0 -1
    outer loop
      vertex -13.6936 101.737 -9
      vertex -14.3 98 -9
      vertex -13.8688 101.698 -9
    endloop
  endfacet
  facet normal 0 0 -1
    outer loop
      vertex -13.8688 101.698 -9
      vertex -14.3 98 -9
      vertex -13.8932 101.693 -9
    endloop
  endfacet
  facet normal 0 0 -1
    outer loop
      vertex -13.8932 101.693 -9
      vertex -14.3 98 -9
      vertex -14.0711 101.669 -9
    endloop
  endfacet
  facet normal 0 0 -1
    outer loop
      vertex -14.0711 101.669 -9
      vertex -14.3 98 -9
      vertex -14.0958 101.666 -9
    endloop
  endfacet
  facet normal 0 0 -1
    outer loop
      vertex -14.0958 101.666 -9
      vertex -14.3 98 -9
      vertex -14.1207 101.665 -9
    endloop
  endfacet
  facet normal 0 0 -1
    outer loop
      vertex -14.3 98 -9
      vertex -14.3 101.657 -9
      vertex -14.1207 101.665 -9
    endloop
  endfacet
  facet normal 0 0 -1
    outer loop
      vertex -14.3 98 -9
      vertex -14.4793 101.665 -9
      vertex -14.3 101.657 -9
    endloop
  endfacet
  facet normal 0 0 -1
    outer loop
      vertex -14.8229 98.0228 -9
      vertex -14.4793 101.665 -9
      vertex -14.3 98 -9
    endloop
  endfacet
  facet normal -0 0 -1
    outer loop
      vertex -14.4793 101.665 -9
      vertex -14.8229 98.0228 -9
      vertex -14.5042 101.666 -9
    endloop
  endfacet
  facet normal -0 0 -1
    outer loop
      vertex -14.5042 101.666 -9
      vertex -14.8229 98.0228 -9
      vertex -14.5289 101.669 -9
    endloop
  endfacet
  facet normal -0 0 -1
    outer loop
      vertex -14.5289 101.669 -9
      vertex -14.8229 98.0228 -9
      vertex -14.7068 101.693 -9
    endloop
  endfacet
  facet normal 0 0 -1
    outer loop
      vertex -15.3419 98.0912 -9
      vertex -14.7068 101.693 -9
      vertex -14.8229 98.0228 -9
    endloop
  endfacet
  facet normal -0 0 -1
    outer loop
      vertex -14.7068 101.693 -9
      vertex -15.3419 98.0912 -9
      vertex -14.7312 101.698 -9
    endloop
  endfacet
  facet normal -0 0 -1
    outer loop
      vertex -14.7312 101.698 -9
      vertex -15.3419 98.0912 -9
      vertex -14.9064 101.737 -9
    endloop
  endfacet
  facet normal 0 0 -1
    outer loop
      vertex -15.8529 98.2044 -9
      vertex -14.9064 101.737 -9
      vertex -15.3419 98.0912 -9
    endloop
  endfacet
  facet normal -0 0 -1
    outer loop
      vertex -14.9064 101.737 -9
      vertex -15.8529 98.2044 -9
      vertex -14.9301 101.744 -9
    endloop
  endfacet
  facet normal -0 0 -1
    outer loop
      vertex -14.9301 101.744 -9
      vertex -15.8529 98.2044 -9
      vertex -15.1013 101.798 -9
    endloop
  endfacet
  facet normal 0 0 -1
    outer loop
      vertex -16.3521 98.3618 -9
      vertex -15.1013 101.798 -9
      vertex -15.8529 98.2044 -9
    endloop
  endfacet
  facet normal -0 0 -1
    outer loop
      vertex -15.1013 101.798 -9
      vertex -16.3521 98.3618 -9
      vertex -15.2671 101.867 -9
    endloop
  endfacet
  facet normal 0 0 -1
    outer loop
      vertex -16.8357 98.5621 -9
      vertex -15.2671 101.867 -9
      vertex -16.3521 98.3618 -9
    endloop
  endfacet
  facet normal -0 0 -1
    outer loop
      vertex -15.2671 101.867 -9
      vertex -16.8357 98.5621 -9
      vertex -15.2901 101.877 -9
    endloop
  endfacet
  facet normal -0 0 -1
    outer loop
      vertex -15.2901 101.877 -9
      vertex -16.8357 98.5621 -9
      vertex -15.4493 101.96 -9
    endloop
  endfacet
  facet normal 0 0 -1
    outer loop
      vertex -17.3 98.8038 -9
      vertex -15.4493 101.96 -9
      vertex -16.8357 98.5621 -9
    endloop
  endfacet
  facet normal -0 0 -1
    outer loop
      vertex -15.4493 101.96 -9
      vertex -17.3 98.8038 -9
      vertex -15.4714 101.971 -9
    endloop
  endfacet
  facet normal -0 0 -1
    outer loop
      vertex -15.4714 101.971 -9
      vertex -17.3 98.8038 -9
      vertex -15.4925 101.984 -9
    endloop
  endfacet
  facet normal -0 0 -1
    outer loop
      vertex -15.4925 101.984 -9
      vertex -17.3 98.8038 -9
      vertex -15.6438 102.081 -9
    endloop
  endfacet
  facet normal 0 0 -1
    outer loop
      vertex -17.7415 99.0851 -9
      vertex -15.6438 102.081 -9
      vertex -17.3 98.8038 -9
    endloop
  endfacet
  facet normal -0 0 -1
    outer loop
      vertex -15.6438 102.081 -9
      vertex -17.7415 99.0851 -9
      vertex -15.6636 102.096 -9
    endloop
  endfacet
  facet normal -0 0 -1
    outer loop
      vertex -15.6636 102.096 -9
      vertex -17.7415 99.0851 -9
      vertex -15.806 102.205 -9
    endloop
  endfacet
  facet normal 0 0 -1
    outer loop
      vertex -18.1567 99.4037 -9
      vertex -15.806 102.205 -9
      vertex -17.7415 99.0851 -9
    endloop
  endfacet
  facet normal -0 0 -1
    outer loop
      vertex -15.806 102.205 -9
      vertex -18.1567 99.4037 -9
      vertex -15.9383 102.327 -9
    endloop
  endfacet
  facet normal 0 0 -1
    outer loop
      vertex -18.5426 99.7574 -9
      vertex -15.9383 102.327 -9
      vertex -18.1567 99.4037 -9
    endloop
  endfacet
  facet normal -0 0 -1
    outer loop
      vertex -15.9383 102.327 -9
      vertex -18.5426 99.7574 -9
      vertex -15.9567 102.343 -9
    endloop
  endfacet
  facet normal -0 0 -1
    outer loop
      vertex -15.9567 102.343 -9
      vertex -18.5426 99.7574 -9
      vertex -15.9735 102.362 -9
    endloop
  endfacet
  facet normal -0 0 -1
    outer loop
      vertex -15.9735 102.362 -9
      vertex -18.5426 99.7574 -9
      vertex -16.0947 102.494 -9
    endloop
  endfacet
  facet normal 0 0 -1
    outer loop
      vertex -18.8963 100.143 -9
      vertex -16.0947 102.494 -9
      vertex -18.5426 99.7574 -9
    endloop
  endfacet
  facet normal -0 0 -1
    outer loop
      vertex -16.0947 102.494 -9
      vertex -18.8963 100.143 -9
      vertex -16.204 102.636 -9
    endloop
  endfacet
  facet normal 0 0 -1
    outer loop
      vertex -19.2149 100.559 -9
      vertex -16.204 102.636 -9
      vertex -18.8963 100.143 -9
    endloop
  endfacet
  facet normal -0 0 -1
    outer loop
      vertex -16.204 102.636 -9
      vertex -19.2149 100.559 -9
      vertex -16.2192 102.656 -9
    endloop
  endfacet
  facet normal -0 0 -1
    outer loop
      vertex -16.2192 102.656 -9
      vertex -19.2149 100.559 -9
      vertex -16.3156 102.808 -9
    endloop
  endfacet
  facet normal 0 0 -1
    outer loop
      vertex -19.4962 101 -9
      vertex -16.3156 102.808 -9
      vertex -19.2149 100.559 -9
    endloop
  endfacet
  facet normal -0 0 -1
    outer loop
      vertex -16.3156 102.808 -9
      vertex -19.4962 101 -9
      vertex -16.329 102.829 -9
    endloop
  endfacet
  facet normal -0 0 -1
    outer loop
      vertex -16.329 102.829 -9
      vertex -19.4962 101 -9
      vertex -16.3405 102.851 -9
    endloop
  endfacet
  facet normal -0 0 -1
    outer loop
      vertex -16.3405 102.851 -9
      vertex -19.4962 101 -9
      vertex -16.4233 103.01 -9
    endloop
  endfacet
  facet normal 0 0 -1
    outer loop
      vertex -20.2772 103.477 -9
      vertex -16.635 103.821 -9
      vertex -16.6339 103.796 -9
    endloop
  endfacet
  facet normal -0 0 -1
    outer loop
      vertex -16.4233 103.01 -9
      vertex -19.7378 101.464 -9
      vertex -16.4329 103.033 -9
    endloop
  endfacet
  facet normal 0 0 -1
    outer loop
      vertex -19.7378 101.464 -9
      vertex -16.4233 103.01 -9
      vertex -19.4962 101 -9
    endloop
  endfacet
  facet normal 0 0 -1
    outer loop
      vertex 1.69353 -11.8518 -9
      vertex 1.7 12 -9
      vertex 1.7 -12 -9
    endloop
  endfacet
  facet normal 0 0 -1
    outer loop
      vertex 1.69353 -11.8518 -9
      vertex 1.69353 11.8518 -9
      vertex 1.7 12 -9
    endloop
  endfacet
  facet normal 0 0 -1
    outer loop
      vertex 1.67417 -11.7048 -9
      vertex 1.69353 11.8518 -9
      vertex 1.69353 -11.8518 -9
    endloop
  endfacet
  facet normal 0 0 -1
    outer loop
      vertex 1.67417 -11.7048 -9
      vertex 1.67417 11.7048 -9
      vertex 1.69353 11.8518 -9
    endloop
  endfacet
  facet normal 0 0 -1
    outer loop
      vertex 1.64207 -11.56 -9
      vertex 1.67417 11.7048 -9
      vertex 1.67417 -11.7048 -9
    endloop
  endfacet
  facet normal 0 0 -1
    outer loop
      vertex 1.64207 -11.56 -9
      vertex 1.64207 11.56 -9
      vertex 1.67417 11.7048 -9
    endloop
  endfacet
  facet normal 0 0 -1
    outer loop
      vertex 1.59748 -11.4186 -9
      vertex 1.64207 11.56 -9
      vertex 1.64207 -11.56 -9
    endloop
  endfacet
  facet normal 0 0 -1
    outer loop
      vertex 1.59748 -11.4186 -9
      vertex 1.59748 11.4186 -9
      vertex 1.64207 11.56 -9
    endloop
  endfacet
  facet normal 0 0 -1
    outer loop
      vertex 1.54072 -11.2815 -9
      vertex 1.59748 11.4186 -9
      vertex 1.59748 -11.4186 -9
    endloop
  endfacet
  facet normal 0 0 -1
    outer loop
      vertex 1.54072 -11.2815 -9
      vertex 1.54072 11.2815 -9
      vertex 1.59748 11.4186 -9
    endloop
  endfacet
  facet normal 0 0 -1
    outer loop
      vertex 1.47224 -11.15 -9
      vertex 1.54072 11.2815 -9
      vertex 1.54072 -11.2815 -9
    endloop
  endfacet
  facet normal 0 0 -1
    outer loop
      vertex 1.47224 -11.15 -9
      vertex 1.47224 11.15 -9
      vertex 1.54072 11.2815 -9
    endloop
  endfacet
  facet normal 0 0 -1
    outer loop
      vertex 1.39256 -11.0249 -9
      vertex 1.47224 11.15 -9
      vertex 1.47224 -11.15 -9
    endloop
  endfacet
  facet normal 0 0 -1
    outer loop
      vertex 1.39256 -11.0249 -9
      vertex 1.39256 11.0249 -9
      vertex 1.47224 11.15 -9
    endloop
  endfacet
  facet normal 0 0 -1
    outer loop
      vertex 1.30227 -10.9073 -9
      vertex 1.39256 11.0249 -9
      vertex 1.39256 -11.0249 -9
    endloop
  endfacet
  facet normal 0 0 -1
    outer loop
      vertex 1.30227 -10.9073 -9
      vertex 1.30227 10.9073 -9
      vertex 1.39256 11.0249 -9
    endloop
  endfacet
  facet normal 0 0 -1
    outer loop
      vertex 1.20208 -10.7979 -9
      vertex 1.30227 10.9073 -9
      vertex 1.30227 -10.9073 -9
    endloop
  endfacet
  facet normal 0 0 -1
    outer loop
      vertex 1.20208 -10.7979 -9
      vertex 1.20208 10.7979 -9
      vertex 1.30227 10.9073 -9
    endloop
  endfacet
  facet normal 0 0 -1
    outer loop
      vertex 1.09274 -10.6977 -9
      vertex 1.20208 10.7979 -9
      vertex 1.20208 -10.7979 -9
    endloop
  endfacet
  facet normal 0 0 -1
    outer loop
      vertex 1.09274 -10.6977 -9
      vertex 1.09274 10.6977 -9
      vertex 1.20208 10.7979 -9
    endloop
  endfacet
  facet normal 0 0 -1
    outer loop
      vertex 0.97508 -10.6074 -9
      vertex 1.09274 10.6977 -9
      vertex 1.09274 -10.6977 -9
    endloop
  endfacet
  facet normal 0 0 -1
    outer loop
      vertex 0.97508 -10.6074 -9
      vertex 0.97508 10.6074 -9
      vertex 1.09274 10.6977 -9
    endloop
  endfacet
  facet normal 0 0 -1
    outer loop
      vertex 0.85 -10.5278 -9
      vertex 0.97508 10.6074 -9
      vertex 0.97508 -10.6074 -9
    endloop
  endfacet
  facet normal 0 0 -1
    outer loop
      vertex 0.85 -10.5278 -9
      vertex 0.85 10.5278 -9
      vertex 0.97508 10.6074 -9
    endloop
  endfacet
  facet normal 0 0 -1
    outer loop
      vertex 0.718451 -10.4593 -9
      vertex 0.85 10.5278 -9
      vertex 0.85 -10.5278 -9
    endloop
  endfacet
  facet normal 0 0 -1
    outer loop
      vertex 0.718451 -10.4593 -9
      vertex 0.718451 10.4593 -9
      vertex 0.85 10.5278 -9
    endloop
  endfacet
  facet normal 0 0 -1
    outer loop
      vertex 0.581433 -10.4025 -9
      vertex 0.718451 10.4593 -9
      vertex 0.718451 -10.4593 -9
    endloop
  endfacet
  facet normal 0 0 -1
    outer loop
      vertex 0.581433 -10.4025 -9
      vertex 0.581433 10.4025 -9
      vertex 0.718451 10.4593 -9
    endloop
  endfacet
  facet normal 0 0 -1
    outer loop
      vertex 0.439992 -10.3579 -9
      vertex 0.581433 10.4025 -9
      vertex 0.581433 -10.4025 -9
    endloop
  endfacet
  facet normal 0 0 -1
    outer loop
      vertex 0.439992 -10.3579 -9
      vertex 0.439992 10.3579 -9
      vertex 0.581433 10.4025 -9
    endloop
  endfacet
  facet normal 0 0 -1
    outer loop
      vertex 0.295201 -10.3258 -9
      vertex 0.439992 10.3579 -9
      vertex 0.439992 -10.3579 -9
    endloop
  endfacet
  facet normal 0 0 -1
    outer loop
      vertex 0.295201 -10.3258 -9
      vertex 0.295201 10.3258 -9
      vertex 0.439992 10.3579 -9
    endloop
  endfacet
  facet normal 0 0 -1
    outer loop
      vertex 0.148164 -10.3065 -9
      vertex 0.295201 10.3258 -9
      vertex 0.295201 -10.3258 -9
    endloop
  endfacet
  facet normal 0 0 -1
    outer loop
      vertex 0.148164 -10.3065 -9
      vertex 0.148164 10.3065 -9
      vertex 0.295201 10.3258 -9
    endloop
  endfacet
  facet normal 0 0 -1
    outer loop
      vertex -7.62939e-07 -10.3 -9
      vertex 0.148164 10.3065 -9
      vertex 0.148164 -10.3065 -9
    endloop
  endfacet
  facet normal 0 0 -1
    outer loop
      vertex -7.62939e-07 -10.3 -9
      vertex -7.62939e-07 10.3 -9
      vertex 0.148164 10.3065 -9
    endloop
  endfacet
  facet normal 0 0 -1
    outer loop
      vertex -0.148166 -10.3065 -9
      vertex -7.62939e-07 10.3 -9
      vertex -7.62939e-07 -10.3 -9
    endloop
  endfacet
  facet normal 0 0 -1
    outer loop
      vertex -0.148166 -10.3065 -9
      vertex -0.148166 10.3065 -9
      vertex -7.62939e-07 10.3 -9
    endloop
  endfacet
  facet normal 0 0 -1
    outer loop
      vertex -0.295202 -10.3258 -9
      vertex -0.148166 10.3065 -9
      vertex -0.148166 -10.3065 -9
    endloop
  endfacet
  facet normal 0 0 -1
    outer loop
      vertex -0.295202 -10.3258 -9
      vertex -0.295202 10.3258 -9
      vertex -0.148166 10.3065 -9
    endloop
  endfacet
  facet normal 0 0 -1
    outer loop
      vertex -0.439993 -10.3579 -9
      vertex -0.295202 10.3258 -9
      vertex -0.295202 -10.3258 -9
    endloop
  endfacet
  facet normal 0 0 -1
    outer loop
      vertex -0.439993 -10.3579 -9
      vertex -0.439993 10.3579 -9
      vertex -0.295202 10.3258 -9
    endloop
  endfacet
  facet normal 0 0 -1
    outer loop
      vertex -0.581435 -10.4025 -9
      vertex -0.439993 10.3579 -9
      vertex -0.439993 -10.3579 -9
    endloop
  endfacet
  facet normal 0 0 -1
    outer loop
      vertex -0.581435 -10.4025 -9
      vertex -0.581435 10.4025 -9
      vertex -0.439993 10.3579 -9
    endloop
  endfacet
  facet normal 0 0 -1
    outer loop
      vertex -0.718451 -10.4593 -9
      vertex -0.581435 10.4025 -9
      vertex -0.581435 -10.4025 -9
    endloop
  endfacet
  facet normal 0 0 -1
    outer loop
      vertex -0.718451 -10.4593 -9
      vertex -0.718451 10.4593 -9
      vertex -0.581435 10.4025 -9
    endloop
  endfacet
  facet normal 0 0 -1
    outer loop
      vertex -0.85 -10.5278 -9
      vertex -0.718451 10.4593 -9
      vertex -0.718451 -10.4593 -9
    endloop
  endfacet
  facet normal 0 0 -1
    outer loop
      vertex -0.85 -10.5278 -9
      vertex -0.85 10.5278 -9
      vertex -0.718451 10.4593 -9
    endloop
  endfacet
  facet normal 0 0 -1
    outer loop
      vertex -0.97508 -10.6074 -9
      vertex -0.85 10.5278 -9
      vertex -0.85 -10.5278 -9
    endloop
  endfacet
  facet normal 0 0 -1
    outer loop
      vertex -0.97508 -10.6074 -9
      vertex -0.97508 10.6074 -9
      vertex -0.85 10.5278 -9
    endloop
  endfacet
  facet normal 0 0 -1
    outer loop
      vertex -1.09274 -10.6977 -9
      vertex -0.97508 10.6074 -9
      vertex -0.97508 -10.6074 -9
    endloop
  endfacet
  facet normal 0 0 -1
    outer loop
      vertex -1.09274 -10.6977 -9
      vertex -1.09274 10.6977 -9
      vertex -0.97508 10.6074 -9
    endloop
  endfacet
  facet normal 0 0 -1
    outer loop
      vertex -1.20208 -10.7979 -9
      vertex -1.09274 10.6977 -9
      vertex -1.09274 -10.6977 -9
    endloop
  endfacet
  facet normal 0 0 -1
    outer loop
      vertex -1.20208 -10.7979 -9
      vertex -1.20208 10.7979 -9
      vertex -1.09274 10.6977 -9
    endloop
  endfacet
  facet normal 0 0 -1
    outer loop
      vertex -1.30228 -10.9073 -9
      vertex -1.20208 10.7979 -9
      vertex -1.20208 -10.7979 -9
    endloop
  endfacet
  facet normal 0 0 -1
    outer loop
      vertex -1.30228 -10.9073 -9
      vertex -1.30228 10.9073 -9
      vertex -1.20208 10.7979 -9
    endloop
  endfacet
  facet normal 0 0 -1
    outer loop
      vertex -1.39256 -11.0249 -9
      vertex -1.30228 10.9073 -9
      vertex -1.30228 -10.9073 -9
    endloop
  endfacet
  facet normal 0 0 -1
    outer loop
      vertex -1.39256 -11.0249 -9
      vertex -1.39256 11.0249 -9
      vertex -1.30228 10.9073 -9
    endloop
  endfacet
  facet normal 0 0 -1
    outer loop
      vertex -1.47224 -11.15 -9
      vertex -1.39256 11.0249 -9
      vertex -1.39256 -11.0249 -9
    endloop
  endfacet
  facet normal 0 0 -1
    outer loop
      vertex -1.47224 -11.15 -9
      vertex -1.47224 11.15 -9
      vertex -1.39256 11.0249 -9
    endloop
  endfacet
  facet normal 0 0 -1
    outer loop
      vertex -1.54072 -11.2815 -9
      vertex -1.47224 11.15 -9
      vertex -1.47224 -11.15 -9
    endloop
  endfacet
  facet normal 0 0 -1
    outer loop
      vertex -1.54072 -11.2815 -9
      vertex -1.54072 11.2815 -9
      vertex -1.47224 11.15 -9
    endloop
  endfacet
  facet normal 0 0 -1
    outer loop
      vertex -1.59748 -11.4186 -9
      vertex -1.54072 11.2815 -9
      vertex -1.54072 -11.2815 -9
    endloop
  endfacet
  facet normal 0 0 -1
    outer loop
      vertex -1.59748 -11.4186 -9
      vertex -1.59748 11.4186 -9
      vertex -1.54072 11.2815 -9
    endloop
  endfacet
  facet normal 0 0 -1
    outer loop
      vertex -1.64207 -11.56 -9
      vertex -1.59748 11.4186 -9
      vertex -1.59748 -11.4186 -9
    endloop
  endfacet
  facet normal 0 0 -1
    outer loop
      vertex -1.64207 -11.56 -9
      vertex -1.64207 11.56 -9
      vertex -1.59748 11.4186 -9
    endloop
  endfacet
  facet normal 0 0 -1
    outer loop
      vertex -1.67417 -11.7048 -9
      vertex -1.64207 11.56 -9
      vertex -1.64207 -11.56 -9
    endloop
  endfacet
  facet normal 0 0 -1
    outer loop
      vertex -1.67417 -11.7048 -9
      vertex -1.67417 11.7048 -9
      vertex -1.64207 11.56 -9
    endloop
  endfacet
  facet normal 0 0 -1
    outer loop
      vertex -1.69353 -11.8518 -9
      vertex -1.67417 11.7048 -9
      vertex -1.67417 -11.7048 -9
    endloop
  endfacet
  facet normal 0 0 -1
    outer loop
      vertex -1.69353 -11.8518 -9
      vertex -1.69353 11.8518 -9
      vertex -1.67417 11.7048 -9
    endloop
  endfacet
  facet normal 0 0 -1
    outer loop
      vertex -1.7 -12 -9
      vertex -1.69353 11.8518 -9
      vertex -1.69353 -11.8518 -9
    endloop
  endfacet
  facet normal -0 0 -1
    outer loop
      vertex -1.69353 11.8518 -9
      vertex -1.7 -12 -9
      vertex -1.7 12 -9
    endloop
  endfacet
  facet normal 0 0 -1
    outer loop
      vertex 6 -110 -9
      vertex 1.7 -12 -9
      vertex 6 110 -9
    endloop
  endfacet
  facet normal 0 0 -1
    outer loop
      vertex 6 -110 -9
      vertex 1.69353 -12.1482 -9
      vertex 1.7 -12 -9
    endloop
  endfacet
  facet normal 0 0 -1
    outer loop
      vertex 6 -110 -9
      vertex 1.67417 -12.2952 -9
      vertex 1.69353 -12.1482 -9
    endloop
  endfacet
  facet normal 0 0 -1
    outer loop
      vertex 6 -110 -9
      vertex 1.64207 -12.44 -9
      vertex 1.67417 -12.2952 -9
    endloop
  endfacet
  facet normal 0 0 -1
    outer loop
      vertex 6 -110 -9
      vertex 1.59748 -12.5814 -9
      vertex 1.64207 -12.44 -9
    endloop
  endfacet
  facet normal 0 0 -1
    outer loop
      vertex 6 -110 -9
      vertex 1.54072 -12.7185 -9
      vertex 1.59748 -12.5814 -9
    endloop
  endfacet
  facet normal 0 0 -1
    outer loop
      vertex 6 -110 -9
      vertex 1.47224 -12.85 -9
      vertex 1.54072 -12.7185 -9
    endloop
  endfacet
  facet normal 0 0 -1
    outer loop
      vertex 6 -110 -9
      vertex 1.39256 -12.9751 -9
      vertex 1.47224 -12.85 -9
    endloop
  endfacet
  facet normal 0 0 -1
    outer loop
      vertex 6 -110 -9
      vertex 1.30227 -13.0927 -9
      vertex 1.39256 -12.9751 -9
    endloop
  endfacet
  facet normal 0 0 -1
    outer loop
      vertex 6 -110 -9
      vertex 1.20208 -13.2021 -9
      vertex 1.30227 -13.0927 -9
    endloop
  endfacet
  facet normal 0 0 -1
    outer loop
      vertex 6 -110 -9
      vertex 1.09274 -13.3023 -9
      vertex 1.20208 -13.2021 -9
    endloop
  endfacet
  facet normal 0 0 -1
    outer loop
      vertex -6 -98 -9
      vertex 1.09274 -13.3023 -9
      vertex 6 -110 -9
    endloop
  endfacet
  facet normal 0 0 -1
    outer loop
      vertex 1.09274 -13.3023 -9
      vertex -6 -98 -9
      vertex 0.97508 -13.3926 -9
    endloop
  endfacet
  facet normal 0 0 -1
    outer loop
      vertex 0.97508 -13.3926 -9
      vertex -6 -98 -9
      vertex 0.85 -13.4722 -9
    endloop
  endfacet
  facet normal 0 0 -1
    outer loop
      vertex 0.85 -13.4722 -9
      vertex -6 -98 -9
      vertex 0.718451 -13.5407 -9
    endloop
  endfacet
  facet normal 0 0 -1
    outer loop
      vertex 0.718451 -13.5407 -9
      vertex -6 -98 -9
      vertex 0.581433 -13.5975 -9
    endloop
  endfacet
  facet normal 0 0 -1
    outer loop
      vertex 0.581433 -13.5975 -9
      vertex -6 -98 -9
      vertex 0.439992 -13.6421 -9
    endloop
  endfacet
  facet normal 0 0 -1
    outer loop
      vertex 0.439992 -13.6421 -9
      vertex -6 -98 -9
      vertex 0.295201 -13.6742 -9
    endloop
  endfacet
  facet normal 0 0 -1
    outer loop
      vertex 0.295201 -13.6742 -9
      vertex -6 -98 -9
      vertex 0.148164 -13.6935 -9
    endloop
  endfacet
  facet normal 0 0 -1
    outer loop
      vertex 0.148164 -13.6935 -9
      vertex -6 -98 -9
      vertex -7.62939e-07 -13.7 -9
    endloop
  endfacet
  facet normal -0 0 -1
    outer loop
      vertex -7.62939e-07 -13.7 -9
      vertex -6 -98 -9
      vertex -0.148166 -13.6935 -9
    endloop
  endfacet
  facet normal -0 0 -1
    outer loop
      vertex -0.148166 -13.6935 -9
      vertex -6 -98 -9
      vertex -0.295202 -13.6742 -9
    endloop
  endfacet
  facet normal -0 0 -1
    outer loop
      vertex -0.295202 -13.6742 -9
      vertex -6 -98 -9
      vertex -0.439993 -13.6421 -9
    endloop
  endfacet
  facet normal -0 0 -1
    outer loop
      vertex -0.439993 -13.6421 -9
      vertex -6 -98 -9
      vertex -0.581435 -13.5975 -9
    endloop
  endfacet
  facet normal -0 0 -1
    outer loop
      vertex -0.581435 -13.5975 -9
      vertex -6 -98 -9
      vertex -0.718451 -13.5407 -9
    endloop
  endfacet
  facet normal -0 0 -1
    outer loop
      vertex -0.718451 -13.5407 -9
      vertex -6 -98 -9
      vertex -0.85 -13.4722 -9
    endloop
  endfacet
  facet normal -0 0 -1
    outer loop
      vertex -0.85 -13.4722 -9
      vertex -6 -98 -9
      vertex -0.97508 -13.3926 -9
    endloop
  endfacet
  facet normal -0 0 -1
    outer loop
      vertex -0.97508 -13.3926 -9
      vertex -6 -98 -9
      vertex -1.09274 -13.3023 -9
    endloop
  endfacet
  facet normal -0 0 -1
    outer loop
      vertex -1.09274 -13.3023 -9
      vertex -6 -98 -9
      vertex -1.20208 -13.2021 -9
    endloop
  endfacet
  facet normal -0 0 -1
    outer loop
      vertex -1.20208 -13.2021 -9
      vertex -6 -98 -9
      vertex -1.30228 -13.0927 -9
    endloop
  endfacet
  facet normal -0 0 -1
    outer loop
      vertex -1.30228 -13.0927 -9
      vertex -6 -98 -9
      vertex -1.39256 -12.9751 -9
    endloop
  endfacet
  facet normal -0 0 -1
    outer loop
      vertex -1.39256 -12.9751 -9
      vertex -6 -98 -9
      vertex -1.47224 -12.85 -9
    endloop
  endfacet
  facet normal -0 0 -1
    outer loop
      vertex -1.47224 -12.85 -9
      vertex -6 -98 -9
      vertex -1.54072 -12.7185 -9
    endloop
  endfacet
  facet normal -0 0 -1
    outer loop
      vertex -1.54072 -12.7185 -9
      vertex -6 -98 -9
      vertex -1.59748 -12.5814 -9
    endloop
  endfacet
  facet normal -0 0 -1
    outer loop
      vertex -1.59748 -12.5814 -9
      vertex -6 -98 -9
      vertex -1.64207 -12.44 -9
    endloop
  endfacet
  facet normal -0 0 -1
    outer loop
      vertex -1.64207 -12.44 -9
      vertex -6 -98 -9
      vertex -1.67417 -12.2952 -9
    endloop
  endfacet
  facet normal -0 0 -1
    outer loop
      vertex -1.7 -12 -9
      vertex -6 -98 -9
      vertex -1.7 12 -9
    endloop
  endfacet
  facet normal -0 0 -1
    outer loop
      vertex -1.69353 -12.1482 -9
      vertex -6 -98 -9
      vertex -1.7 -12 -9
    endloop
  endfacet
  facet normal -0 0 -1
    outer loop
      vertex -1.67417 -12.2952 -9
      vertex -6 -98 -9
      vertex -1.69353 -12.1482 -9
    endloop
  endfacet
  facet normal 0 0 -1
    outer loop
      vertex -12.037 -104.606 -9
      vertex -6 -98 -9
      vertex 6 -110 -9
    endloop
  endfacet
  facet normal 0 0 -1
    outer loop
      vertex -6 -98 -9
      vertex -11.965 -104.179 -9
      vertex -11.9571 -104 -9
    endloop
  endfacet
  facet normal 0 0 -1
    outer loop
      vertex -6 -98 -9
      vertex -11.9661 -104.204 -9
      vertex -11.965 -104.179 -9
    endloop
  endfacet
  facet normal 0 0 -1
    outer loop
      vertex -6 -98 -9
      vertex -11.9693 -104.229 -9
      vertex -11.9661 -104.204 -9
    endloop
  endfacet
  facet normal 0 0 -1
    outer loop
      vertex -6 -98 -9
      vertex -11.9927 -104.407 -9
      vertex -11.9693 -104.229 -9
    endloop
  endfacet
  facet normal 0 0 -1
    outer loop
      vertex -6 -98 -9
      vertex -11.9981 -104.431 -9
      vertex -11.9927 -104.407 -9
    endloop
  endfacet
  facet normal 0 0 -1
    outer loop
      vertex -6 -98 -9
      vertex -12.037 -104.606 -9
      vertex -11.9981 -104.431 -9
    endloop
  endfacet
  facet normal 0 0 -1
    outer loop
      vertex 6 -110 -9
      vertex -12.0445 -104.63 -9
      vertex -12.037 -104.606 -9
    endloop
  endfacet
  facet normal 0 0 -1
    outer loop
      vertex 6 -110 -9
      vertex -12.0984 -104.801 -9
      vertex -12.0445 -104.63 -9
    endloop
  endfacet
  facet normal 0 0 -1
    outer loop
      vertex 6 -110 -9
      vertex -12.1671 -104.967 -9
      vertex -12.0984 -104.801 -9
    endloop
  endfacet
  facet normal 0 0 -1
    outer loop
      vertex 6 -110 -9
      vertex -12.1767 -104.99 -9
      vertex -12.1671 -104.967 -9
    endloop
  endfacet
  facet normal 0 0 -1
    outer loop
      vertex 6 -110 -9
      vertex -12.2595 -105.149 -9
      vertex -12.1767 -104.99 -9
    endloop
  endfacet
  facet normal 0 0 -1
    outer loop
      vertex 6 -110 -9
      vertex -12.271 -105.171 -9
      vertex -12.2595 -105.149 -9
    endloop
  endfacet
  facet normal 0 0 -1
    outer loop
      vertex 6 -110 -9
      vertex -12.2844 -105.192 -9
      vertex -12.271 -105.171 -9
    endloop
  endfacet
  facet normal 0 0 -1
    outer loop
      vertex 6 -110 -9
      vertex -12.3808 -105.344 -9
      vertex -12.2844 -105.192 -9
    endloop
  endfacet
  facet normal 0 0 -1
    outer loop
      vertex -14.3 -110 -9
      vertex -12.3808 -105.344 -9
      vertex 6 -110 -9
    endloop
  endfacet
  facet normal 0 0 -1
    outer loop
      vertex -12.3808 -105.344 -9
      vertex -14.3 -110 -9
      vertex -12.396 -105.364 -9
    endloop
  endfacet
  facet normal 0 0 -1
    outer loop
      vertex -12.396 -105.364 -9
      vertex -14.3 -110 -9
      vertex -12.5053 -105.506 -9
    endloop
  endfacet
  facet normal 0 0 -1
    outer loop
      vertex -12.5053 -105.506 -9
      vertex -14.3 -110 -9
      vertex -12.6265 -105.638 -9
    endloop
  endfacet
  facet normal 0 0 -1
    outer loop
      vertex -12.6265 -105.638 -9
      vertex -14.3 -110 -9
      vertex -12.6434 -105.657 -9
    endloop
  endfacet
  facet normal 0 0 -1
    outer loop
      vertex -12.6434 -105.657 -9
      vertex -14.3 -110 -9
      vertex -12.6617 -105.673 -9
    endloop
  endfacet
  facet normal 0 0 -1
    outer loop
      vertex -12.6617 -105.673 -9
      vertex -14.3 -110 -9
      vertex -12.794 -105.795 -9
    endloop
  endfacet
  facet normal 0 0 -1
    outer loop
      vertex -12.794 -105.795 -9
      vertex -14.3 -110 -9
      vertex -12.9364 -105.904 -9
    endloop
  endfacet
  facet normal 0 0 -1
    outer loop
      vertex -12.9364 -105.904 -9
      vertex -14.3 -110 -9
      vertex -12.9562 -105.919 -9
    endloop
  endfacet
  facet normal 0 0 -1
    outer loop
      vertex -12.9562 -105.919 -9
      vertex -14.3 -110 -9
      vertex -13.1075 -106.016 -9
    endloop
  endfacet
  facet normal 0 0 -1
    outer loop
      vertex -13.1075 -106.016 -9
      vertex -14.3 -110 -9
      vertex -13.1286 -106.029 -9
    endloop
  endfacet
  facet normal 0 0 -1
    outer loop
      vertex -13.1286 -106.029 -9
      vertex -14.3 -110 -9
      vertex -13.1507 -106.04 -9
    endloop
  endfacet
  facet normal 0 0 -1
    outer loop
      vertex -13.1507 -106.04 -9
      vertex -14.3 -110 -9
      vertex -13.3099 -106.123 -9
    endloop
  endfacet
  facet normal 0 0 -1
    outer loop
      vertex -13.3099 -106.123 -9
      vertex -14.3 -110 -9
      vertex -13.3329 -106.133 -9
    endloop
  endfacet
  facet normal 0 0 -1
    outer loop
      vertex -13.3329 -106.133 -9
      vertex -14.3 -110 -9
      vertex -13.4987 -106.202 -9
    endloop
  endfacet
  facet normal 0 0 -1
    outer loop
      vertex -13.4987 -106.202 -9
      vertex -14.3 -110 -9
      vertex -13.6699 -106.256 -9
    endloop
  endfacet
  facet normal 0 0 -1
    outer loop
      vertex -13.6699 -106.256 -9
      vertex -14.3 -110 -9
      vertex -13.6936 -106.263 -9
    endloop
  endfacet
  facet normal 0 0 -1
    outer loop
      vertex -13.6936 -106.263 -9
      vertex -14.3 -110 -9
      vertex -13.8688 -106.302 -9
    endloop
  endfacet
  facet normal 0 0 -1
    outer loop
      vertex -13.8688 -106.302 -9
      vertex -14.3 -110 -9
      vertex -13.8932 -106.307 -9
    endloop
  endfacet
  facet normal 0 0 -1
    outer loop
      vertex -13.8932 -106.307 -9
      vertex -14.3 -110 -9
      vertex -14.0711 -106.331 -9
    endloop
  endfacet
  facet normal 0 0 -1
    outer loop
      vertex -14.0711 -106.331 -9
      vertex -14.3 -110 -9
      vertex -14.0958 -106.334 -9
    endloop
  endfacet
  facet normal 0 0 -1
    outer loop
      vertex -14.0958 -106.334 -9
      vertex -14.3 -110 -9
      vertex -14.1207 -106.335 -9
    endloop
  endfacet
  facet normal 0 0 -1
    outer loop
      vertex -14.3 -110 -9
      vertex -14.3 -106.343 -9
      vertex -14.1207 -106.335 -9
    endloop
  endfacet
  facet normal 0 0 -1
    outer loop
      vertex -14.3 -110 -9
      vertex -14.4793 -106.335 -9
      vertex -14.3 -106.343 -9
    endloop
  endfacet
  facet normal 0 0 -1
    outer loop
      vertex -14.8229 -109.977 -9
      vertex -14.4793 -106.335 -9
      vertex -14.3 -110 -9
    endloop
  endfacet
  facet normal -0 0 -1
    outer loop
      vertex -14.4793 -106.335 -9
      vertex -14.8229 -109.977 -9
      vertex -14.5042 -106.334 -9
    endloop
  endfacet
  facet normal -0 0 -1
    outer loop
      vertex -14.5042 -106.334 -9
      vertex -14.8229 -109.977 -9
      vertex -14.5289 -106.331 -9
    endloop
  endfacet
  facet normal -0 0 -1
    outer loop
      vertex -14.5289 -106.331 -9
      vertex -14.8229 -109.977 -9
      vertex -14.7068 -106.307 -9
    endloop
  endfacet
  facet normal 0 0 -1
    outer loop
      vertex -15.3419 -109.909 -9
      vertex -14.7068 -106.307 -9
      vertex -14.8229 -109.977 -9
    endloop
  endfacet
  facet normal -0 0 -1
    outer loop
      vertex -14.7068 -106.307 -9
      vertex -15.3419 -109.909 -9
      vertex -14.7312 -106.302 -9
    endloop
  endfacet
  facet normal -0 0 -1
    outer loop
      vertex -14.7312 -106.302 -9
      vertex -15.3419 -109.909 -9
      vertex -14.9064 -106.263 -9
    endloop
  endfacet
  facet normal 0 0 -1
    outer loop
      vertex -15.8529 -109.796 -9
      vertex -14.9064 -106.263 -9
      vertex -15.3419 -109.909 -9
    endloop
  endfacet
  facet normal -0 0 -1
    outer loop
      vertex -14.9064 -106.263 -9
      vertex -15.8529 -109.796 -9
      vertex -14.9301 -106.256 -9
    endloop
  endfacet
  facet normal -0 0 -1
    outer loop
      vertex -14.9301 -106.256 -9
      vertex -15.8529 -109.796 -9
      vertex -15.1013 -106.202 -9
    endloop
  endfacet
  facet normal 0 0 -1
    outer loop
      vertex -16.3521 -109.638 -9
      vertex -15.1013 -106.202 -9
      vertex -15.8529 -109.796 -9
    endloop
  endfacet
  facet normal -0 0 -1
    outer loop
      vertex -15.1013 -106.202 -9
      vertex -16.3521 -109.638 -9
      vertex -15.2671 -106.133 -9
    endloop
  endfacet
  facet normal 0 0 -1
    outer loop
      vertex -16.8357 -109.438 -9
      vertex -15.2671 -106.133 -9
      vertex -16.3521 -109.638 -9
    endloop
  endfacet
  facet normal -0 0 -1
    outer loop
      vertex -15.2671 -106.133 -9
      vertex -16.8357 -109.438 -9
      vertex -15.2901 -106.123 -9
    endloop
  endfacet
  facet normal -0 0 -1
    outer loop
      vertex -15.2901 -106.123 -9
      vertex -16.8357 -109.438 -9
      vertex -15.4493 -106.04 -9
    endloop
  endfacet
  facet normal 0 0 -1
    outer loop
      vertex -17.3 -109.196 -9
      vertex -15.4493 -106.04 -9
      vertex -16.8357 -109.438 -9
    endloop
  endfacet
  facet normal -0 0 -1
    outer loop
      vertex -15.4493 -106.04 -9
      vertex -17.3 -109.196 -9
      vertex -15.4714 -106.029 -9
    endloop
  endfacet
  facet normal -0 0 -1
    outer loop
      vertex -15.4714 -106.029 -9
      vertex -17.3 -109.196 -9
      vertex -15.4925 -106.016 -9
    endloop
  endfacet
  facet normal -0 0 -1
    outer loop
      vertex -15.4925 -106.016 -9
      vertex -17.3 -109.196 -9
      vertex -15.6438 -105.919 -9
    endloop
  endfacet
  facet normal 0 0 -1
    outer loop
      vertex -17.7415 -108.915 -9
      vertex -15.6438 -105.919 -9
      vertex -17.3 -109.196 -9
    endloop
  endfacet
  facet normal -0 0 -1
    outer loop
      vertex -15.6438 -105.919 -9
      vertex -17.7415 -108.915 -9
      vertex -15.6636 -105.904 -9
    endloop
  endfacet
  facet normal -0 0 -1
    outer loop
      vertex -15.6636 -105.904 -9
      vertex -17.7415 -108.915 -9
      vertex -15.806 -105.795 -9
    endloop
  endfacet
  facet normal 0 0 -1
    outer loop
      vertex -18.1567 -108.596 -9
      vertex -15.806 -105.795 -9
      vertex -17.7415 -108.915 -9
    endloop
  endfacet
  facet normal -0 0 -1
    outer loop
      vertex -15.806 -105.795 -9
      vertex -18.1567 -108.596 -9
      vertex -15.9383 -105.673 -9
    endloop
  endfacet
  facet normal 0 0 -1
    outer loop
      vertex -18.5426 -108.243 -9
      vertex -15.9383 -105.673 -9
      vertex -18.1567 -108.596 -9
    endloop
  endfacet
  facet normal -0 0 -1
    outer loop
      vertex -15.9383 -105.673 -9
      vertex -18.5426 -108.243 -9
      vertex -15.9567 -105.657 -9
    endloop
  endfacet
  facet normal -0 0 -1
    outer loop
      vertex -15.9567 -105.657 -9
      vertex -18.5426 -108.243 -9
      vertex -15.9735 -105.638 -9
    endloop
  endfacet
  facet normal -0 0 -1
    outer loop
      vertex -15.9735 -105.638 -9
      vertex -18.5426 -108.243 -9
      vertex -16.0947 -105.506 -9
    endloop
  endfacet
  facet normal 0 0 -1
    outer loop
      vertex -18.8963 -107.857 -9
      vertex -16.0947 -105.506 -9
      vertex -18.5426 -108.243 -9
    endloop
  endfacet
  facet normal -0 0 -1
    outer loop
      vertex -16.0947 -105.506 -9
      vertex -18.8963 -107.857 -9
      vertex -16.204 -105.364 -9
    endloop
  endfacet
  facet normal 0 0 -1
    outer loop
      vertex -19.2149 -107.441 -9
      vertex -16.204 -105.364 -9
      vertex -18.8963 -107.857 -9
    endloop
  endfacet
  facet normal -0 0 -1
    outer loop
      vertex -16.204 -105.364 -9
      vertex -19.2149 -107.441 -9
      vertex -16.2192 -105.344 -9
    endloop
  endfacet
  facet normal -0 0 -1
    outer loop
      vertex -16.2192 -105.344 -9
      vertex -19.2149 -107.441 -9
      vertex -16.3156 -105.192 -9
    endloop
  endfacet
  facet normal 0 0 -1
    outer loop
      vertex -19.4962 -107 -9
      vertex -16.3156 -105.192 -9
      vertex -19.2149 -107.441 -9
    endloop
  endfacet
  facet normal -0 0 -1
    outer loop
      vertex -16.3156 -105.192 -9
      vertex -19.4962 -107 -9
      vertex -16.329 -105.171 -9
    endloop
  endfacet
  facet normal -0 0 -1
    outer loop
      vertex -16.329 -105.171 -9
      vertex -19.4962 -107 -9
      vertex -16.3405 -105.149 -9
    endloop
  endfacet
  facet normal -0 0 -1
    outer loop
      vertex -16.3405 -105.149 -9
      vertex -19.4962 -107 -9
      vertex -16.4233 -104.99 -9
    endloop
  endfacet
  facet normal 0 0 -1
    outer loop
      vertex -20.2772 -104.523 -9
      vertex -16.635 -104.179 -9
      vertex -16.6339 -104.204 -9
    endloop
  endfacet
  facet normal -0 0 -1
    outer loop
      vertex -16.4233 -104.99 -9
      vertex -19.7378 -106.536 -9
      vertex -16.4329 -104.967 -9
    endloop
  endfacet
  facet normal 0 0 -1
    outer loop
      vertex -19.7378 -106.536 -9
      vertex -16.4233 -104.99 -9
      vertex -19.4962 -107 -9
    endloop
  endfacet
  facet normal 0 0 -1
    outer loop
      vertex 1.7 12 -9
      vertex 6 110 -9
      vertex 1.7 -12 -9
    endloop
  endfacet
  facet normal 0 0 -1
    outer loop
      vertex 1.69353 12.1482 -9
      vertex 6 110 -9
      vertex 1.7 12 -9
    endloop
  endfacet
  facet normal 0 0 -1
    outer loop
      vertex 1.67417 12.2952 -9
      vertex 6 110 -9
      vertex 1.69353 12.1482 -9
    endloop
  endfacet
  facet normal 0 0 -1
    outer loop
      vertex 1.64207 12.44 -9
      vertex 6 110 -9
      vertex 1.67417 12.2952 -9
    endloop
  endfacet
  facet normal 0 0 -1
    outer loop
      vertex 1.59748 12.5814 -9
      vertex 6 110 -9
      vertex 1.64207 12.44 -9
    endloop
  endfacet
  facet normal 0 0 -1
    outer loop
      vertex 1.54072 12.7185 -9
      vertex 6 110 -9
      vertex 1.59748 12.5814 -9
    endloop
  endfacet
  facet normal 0 0 -1
    outer loop
      vertex 1.47224 12.85 -9
      vertex 6 110 -9
      vertex 1.54072 12.7185 -9
    endloop
  endfacet
  facet normal 0 0 -1
    outer loop
      vertex 1.39256 12.9751 -9
      vertex 6 110 -9
      vertex 1.47224 12.85 -9
    endloop
  endfacet
  facet normal 0 0 -1
    outer loop
      vertex 1.30227 13.0927 -9
      vertex 6 110 -9
      vertex 1.39256 12.9751 -9
    endloop
  endfacet
  facet normal 0 0 -1
    outer loop
      vertex 1.20208 13.2021 -9
      vertex 6 110 -9
      vertex 1.30227 13.0927 -9
    endloop
  endfacet
  facet normal 0 0 -1
    outer loop
      vertex 1.09274 13.3023 -9
      vertex 6 110 -9
      vertex 1.20208 13.2021 -9
    endloop
  endfacet
  facet normal 0 0 -1
    outer loop
      vertex -6 98 -9
      vertex 1.09274 13.3023 -9
      vertex 0.97508 13.3926 -9
    endloop
  endfacet
  facet normal 0 0 -1
    outer loop
      vertex -6 98 -9
      vertex 0.97508 13.3926 -9
      vertex 0.85 13.4722 -9
    endloop
  endfacet
  facet normal 0 0 -1
    outer loop
      vertex -6 98 -9
      vertex 0.85 13.4722 -9
      vertex 0.718451 13.5407 -9
    endloop
  endfacet
  facet normal 0 0 -1
    outer loop
      vertex -6 98 -9
      vertex 0.718451 13.5407 -9
      vertex 0.581433 13.5975 -9
    endloop
  endfacet
  facet normal 0 0 -1
    outer loop
      vertex -6 98 -9
      vertex 0.581433 13.5975 -9
      vertex 0.439992 13.6421 -9
    endloop
  endfacet
  facet normal 0 0 -1
    outer loop
      vertex -6 98 -9
      vertex 0.439992 13.6421 -9
      vertex 0.295201 13.6742 -9
    endloop
  endfacet
  facet normal 0 0 -1
    outer loop
      vertex -6 98 -9
      vertex 0.295201 13.6742 -9
      vertex 0.148164 13.6935 -9
    endloop
  endfacet
  facet normal 0 0 -1
    outer loop
      vertex -6 98 -9
      vertex 0.148164 13.6935 -9
      vertex -7.62939e-07 13.7 -9
    endloop
  endfacet
  facet normal 0 0 -1
    outer loop
      vertex -6 98 -9
      vertex -7.62939e-07 13.7 -9
      vertex -0.148166 13.6935 -9
    endloop
  endfacet
  facet normal 0 0 -1
    outer loop
      vertex -6 98 -9
      vertex -0.148166 13.6935 -9
      vertex -0.295202 13.6742 -9
    endloop
  endfacet
  facet normal 0 0 -1
    outer loop
      vertex -6 98 -9
      vertex -0.295202 13.6742 -9
      vertex -0.439993 13.6421 -9
    endloop
  endfacet
  facet normal 0 0 -1
    outer loop
      vertex -6 98 -9
      vertex -0.439993 13.6421 -9
      vertex -0.581435 13.5975 -9
    endloop
  endfacet
  facet normal 0 0 -1
    outer loop
      vertex -6 98 -9
      vertex -0.581435 13.5975 -9
      vertex -0.718451 13.5407 -9
    endloop
  endfacet
  facet normal 0 0 -1
    outer loop
      vertex -6 98 -9
      vertex -0.718451 13.5407 -9
      vertex -0.85 13.4722 -9
    endloop
  endfacet
  facet normal 0 0 -1
    outer loop
      vertex -6 98 -9
      vertex -0.85 13.4722 -9
      vertex -0.97508 13.3926 -9
    endloop
  endfacet
  facet normal 0 0 -1
    outer loop
      vertex -6 98 -9
      vertex -0.97508 13.3926 -9
      vertex -1.09274 13.3023 -9
    endloop
  endfacet
  facet normal 0 0 -1
    outer loop
      vertex -6 98 -9
      vertex -1.09274 13.3023 -9
      vertex -1.20208 13.2021 -9
    endloop
  endfacet
  facet normal 0 0 -1
    outer loop
      vertex -6 98 -9
      vertex -1.20208 13.2021 -9
      vertex -1.30228 13.0927 -9
    endloop
  endfacet
  facet normal 0 0 -1
    outer loop
      vertex -6 98 -9
      vertex -1.30228 13.0927 -9
      vertex -1.39256 12.9751 -9
    endloop
  endfacet
  facet normal 0 0 -1
    outer loop
      vertex -6 98 -9
      vertex -1.39256 12.9751 -9
      vertex -1.47224 12.85 -9
    endloop
  endfacet
  facet normal 0 0 -1
    outer loop
      vertex -6 98 -9
      vertex -1.47224 12.85 -9
      vertex -1.54072 12.7185 -9
    endloop
  endfacet
  facet normal 0 0 -1
    outer loop
      vertex -6 98 -9
      vertex -1.54072 12.7185 -9
      vertex -1.59748 12.5814 -9
    endloop
  endfacet
  facet normal 0 0 -1
    outer loop
      vertex -6 98 -9
      vertex -1.59748 12.5814 -9
      vertex -1.64207 12.44 -9
    endloop
  endfacet
  facet normal 0 0 -1
    outer loop
      vertex -6 98 -9
      vertex -1.64207 12.44 -9
      vertex -1.67417 12.2952 -9
    endloop
  endfacet
  facet normal 0 0 -1
    outer loop
      vertex -6 98 -9
      vertex -1.67417 12.2952 -9
      vertex -1.69353 12.1482 -9
    endloop
  endfacet
  facet normal 0 0 -1
    outer loop
      vertex -6 98 -9
      vertex -1.7 12 -9
      vertex -6 -98 -9
    endloop
  endfacet
  facet normal 0 0 -1
    outer loop
      vertex -6 98 -9
      vertex -1.69353 12.1482 -9
      vertex -1.7 12 -9
    endloop
  endfacet
  facet normal 0 0 -1
    outer loop
      vertex 1.09274 13.3023 -9
      vertex -6 98 -9
      vertex 6 110 -9
    endloop
  endfacet
  facet normal 0 0 -1
    outer loop
      vertex -11.965 104.179 -9
      vertex -6 98 -9
      vertex -11.9571 104 -9
    endloop
  endfacet
  facet normal 0 0 -1
    outer loop
      vertex -11.9661 104.204 -9
      vertex -6 98 -9
      vertex -11.965 104.179 -9
    endloop
  endfacet
  facet normal 0 0 -1
    outer loop
      vertex -11.9693 104.229 -9
      vertex -6 98 -9
      vertex -11.9661 104.204 -9
    endloop
  endfacet
  facet normal 0 0 -1
    outer loop
      vertex -11.9927 104.407 -9
      vertex -6 98 -9
      vertex -11.9693 104.229 -9
    endloop
  endfacet
  facet normal 0 0 -1
    outer loop
      vertex -11.9981 104.431 -9
      vertex -6 98 -9
      vertex -11.9927 104.407 -9
    endloop
  endfacet
  facet normal 0 0 -1
    outer loop
      vertex -12.037 104.606 -9
      vertex -6 98 -9
      vertex -11.9981 104.431 -9
    endloop
  endfacet
  facet normal 0 0 -1
    outer loop
      vertex -6 98 -9
      vertex -12.037 104.606 -9
      vertex 6 110 -9
    endloop
  endfacet
  facet normal 0 0 -1
    outer loop
      vertex -12.0445 104.63 -9
      vertex 6 110 -9
      vertex -12.037 104.606 -9
    endloop
  endfacet
  facet normal 0 0 -1
    outer loop
      vertex -12.0984 104.801 -9
      vertex 6 110 -9
      vertex -12.0445 104.63 -9
    endloop
  endfacet
  facet normal 0 0 -1
    outer loop
      vertex -12.1671 104.967 -9
      vertex 6 110 -9
      vertex -12.0984 104.801 -9
    endloop
  endfacet
  facet normal 0 0 -1
    outer loop
      vertex -12.1767 104.99 -9
      vertex 6 110 -9
      vertex -12.1671 104.967 -9
    endloop
  endfacet
  facet normal 0 0 -1
    outer loop
      vertex -12.2595 105.149 -9
      vertex 6 110 -9
      vertex -12.1767 104.99 -9
    endloop
  endfacet
  facet normal 0 0 -1
    outer loop
      vertex -12.271 105.171 -9
      vertex 6 110 -9
      vertex -12.2595 105.149 -9
    endloop
  endfacet
  facet normal 0 0 -1
    outer loop
      vertex -12.2844 105.192 -9
      vertex 6 110 -9
      vertex -12.271 105.171 -9
    endloop
  endfacet
  facet normal 0 0 -1
    outer loop
      vertex -12.3808 105.344 -9
      vertex 6 110 -9
      vertex -12.2844 105.192 -9
    endloop
  endfacet
  facet normal 0 0 -1
    outer loop
      vertex -14.3 110 -9
      vertex -12.3808 105.344 -9
      vertex -12.396 105.364 -9
    endloop
  endfacet
  facet normal 0 0 -1
    outer loop
      vertex -14.3 110 -9
      vertex -12.396 105.364 -9
      vertex -12.5053 105.506 -9
    endloop
  endfacet
  facet normal 0 0 -1
    outer loop
      vertex -14.3 110 -9
      vertex -12.5053 105.506 -9
      vertex -12.6265 105.638 -9
    endloop
  endfacet
  facet normal 0 0 -1
    outer loop
      vertex -14.3 110 -9
      vertex -12.6265 105.638 -9
      vertex -12.6434 105.657 -9
    endloop
  endfacet
  facet normal 0 0 -1
    outer loop
      vertex -14.3 110 -9
      vertex -12.6434 105.657 -9
      vertex -12.6617 105.673 -9
    endloop
  endfacet
  facet normal 0 0 -1
    outer loop
      vertex -14.3 110 -9
      vertex -12.6617 105.673 -9
      vertex -12.794 105.795 -9
    endloop
  endfacet
  facet normal 0 0 -1
    outer loop
      vertex -14.3 110 -9
      vertex -12.794 105.795 -9
      vertex -12.9364 105.904 -9
    endloop
  endfacet
  facet normal 0 0 -1
    outer loop
      vertex -14.3 110 -9
      vertex -12.9364 105.904 -9
      vertex -12.9562 105.919 -9
    endloop
  endfacet
  facet normal 0 0 -1
    outer loop
      vertex -14.3 110 -9
      vertex -12.9562 105.919 -9
      vertex -13.1075 106.016 -9
    endloop
  endfacet
  facet normal 0 0 -1
    outer loop
      vertex -14.3 110 -9
      vertex -13.1075 106.016 -9
      vertex -13.1286 106.029 -9
    endloop
  endfacet
  facet normal 0 0 -1
    outer loop
      vertex -14.3 110 -9
      vertex -13.1286 106.029 -9
      vertex -13.1507 106.04 -9
    endloop
  endfacet
  facet normal 0 0 -1
    outer loop
      vertex -14.3 110 -9
      vertex -13.1507 106.04 -9
      vertex -13.3099 106.123 -9
    endloop
  endfacet
  facet normal 0 0 -1
    outer loop
      vertex -14.3 110 -9
      vertex -13.3099 106.123 -9
      vertex -13.3329 106.133 -9
    endloop
  endfacet
  facet normal 0 0 -1
    outer loop
      vertex -14.3 110 -9
      vertex -13.3329 106.133 -9
      vertex -13.4987 106.202 -9
    endloop
  endfacet
  facet normal 0 0 -1
    outer loop
      vertex -14.3 110 -9
      vertex -13.4987 106.202 -9
      vertex -13.6699 106.256 -9
    endloop
  endfacet
  facet normal 0 0 -1
    outer loop
      vertex -14.3 110 -9
      vertex -13.6699 106.256 -9
      vertex -13.6936 106.263 -9
    endloop
  endfacet
  facet normal 0 0 -1
    outer loop
      vertex -14.3 110 -9
      vertex -13.6936 106.263 -9
      vertex -13.8688 106.302 -9
    endloop
  endfacet
  facet normal 0 0 -1
    outer loop
      vertex -14.3 110 -9
      vertex -13.8688 106.302 -9
      vertex -13.8932 106.307 -9
    endloop
  endfacet
  facet normal 0 0 -1
    outer loop
      vertex -14.3 110 -9
      vertex -13.8932 106.307 -9
      vertex -14.0711 106.331 -9
    endloop
  endfacet
  facet normal 0 0 -1
    outer loop
      vertex -14.3 110 -9
      vertex -14.0711 106.331 -9
      vertex -14.0958 106.334 -9
    endloop
  endfacet
  facet normal 0 0 -1
    outer loop
      vertex -14.3 110 -9
      vertex -14.0958 106.334 -9
      vertex -14.1207 106.335 -9
    endloop
  endfacet
  facet normal 0 0 -1
    outer loop
      vertex -14.3 110 -9
      vertex -14.1207 106.335 -9
      vertex -14.3 106.343 -9
    endloop
  endfacet
  facet normal 0 0 -1
    outer loop
      vertex -12.3808 105.344 -9
      vertex -14.3 110 -9
      vertex 6 110 -9
    endloop
  endfacet
  facet normal 0 0 -1
    outer loop
      vertex -14.4793 106.335 -9
      vertex -14.3 110 -9
      vertex -14.3 106.343 -9
    endloop
  endfacet
  facet normal 0 0 -1
    outer loop
      vertex -14.8229 109.977 -9
      vertex -14.4793 106.335 -9
      vertex -14.5042 106.334 -9
    endloop
  endfacet
  facet normal 0 0 -1
    outer loop
      vertex -14.8229 109.977 -9
      vertex -14.5042 106.334 -9
      vertex -14.5289 106.331 -9
    endloop
  endfacet
  facet normal 0 0 -1
    outer loop
      vertex -14.8229 109.977 -9
      vertex -14.5289 106.331 -9
      vertex -14.7068 106.307 -9
    endloop
  endfacet
  facet normal 0 0 -1
    outer loop
      vertex -15.3419 109.909 -9
      vertex -14.7068 106.307 -9
      vertex -14.7312 106.302 -9
    endloop
  endfacet
  facet normal 0 0 -1
    outer loop
      vertex -14.4793 106.335 -9
      vertex -14.8229 109.977 -9
      vertex -14.3 110 -9
    endloop
  endfacet
  facet normal 0 0 -1
    outer loop
      vertex -15.3419 109.909 -9
      vertex -14.7312 106.302 -9
      vertex -14.9064 106.263 -9
    endloop
  endfacet
  facet normal 0 0 -1
    outer loop
      vertex -15.8529 109.796 -9
      vertex -14.9064 106.263 -9
      vertex -14.9301 106.256 -9
    endloop
  endfacet
  facet normal 0 0 -1
    outer loop
      vertex -15.8529 109.796 -9
      vertex -14.9301 106.256 -9
      vertex -15.1013 106.202 -9
    endloop
  endfacet
  facet normal 0 0 -1
    outer loop
      vertex -16.3521 109.638 -9
      vertex -15.1013 106.202 -9
      vertex -15.2671 106.133 -9
    endloop
  endfacet
  facet normal 0 0 -1
    outer loop
      vertex -16.8357 109.438 -9
      vertex -15.2671 106.133 -9
      vertex -15.2901 106.123 -9
    endloop
  endfacet
  facet normal 0 0 -1
    outer loop
      vertex -14.7068 106.307 -9
      vertex -15.3419 109.909 -9
      vertex -14.8229 109.977 -9
    endloop
  endfacet
  facet normal 0 0 -1
    outer loop
      vertex -16.8357 109.438 -9
      vertex -15.2901 106.123 -9
      vertex -15.4493 106.04 -9
    endloop
  endfacet
  facet normal 0 0 -1
    outer loop
      vertex -17.3 109.196 -9
      vertex -15.4493 106.04 -9
      vertex -15.4714 106.029 -9
    endloop
  endfacet
  facet normal 0 0 -1
    outer loop
      vertex -17.3 109.196 -9
      vertex -15.4714 106.029 -9
      vertex -15.4925 106.016 -9
    endloop
  endfacet
  facet normal 0 0 -1
    outer loop
      vertex -17.3 109.196 -9
      vertex -15.4925 106.016 -9
      vertex -15.6438 105.919 -9
    endloop
  endfacet
  facet normal 0 0 -1
    outer loop
      vertex -17.7415 108.915 -9
      vertex -15.6438 105.919 -9
      vertex -15.6636 105.904 -9
    endloop
  endfacet
  facet normal 0 0 -1
    outer loop
      vertex -17.7415 108.915 -9
      vertex -15.6636 105.904 -9
      vertex -15.806 105.795 -9
    endloop
  endfacet
  facet normal 0 0 -1
    outer loop
      vertex -14.9064 106.263 -9
      vertex -15.8529 109.796 -9
      vertex -15.3419 109.909 -9
    endloop
  endfacet
  facet normal 0 0 -1
    outer loop
      vertex -18.1567 108.596 -9
      vertex -15.806 105.795 -9
      vertex -15.9383 105.673 -9
    endloop
  endfacet
  facet normal 0 0 -1
    outer loop
      vertex -18.5426 108.243 -9
      vertex -15.9383 105.673 -9
      vertex -15.9567 105.657 -9
    endloop
  endfacet
  facet normal 0 0 -1
    outer loop
      vertex -18.5426 108.243 -9
      vertex -15.9567 105.657 -9
      vertex -15.9735 105.638 -9
    endloop
  endfacet
  facet normal 0 0 -1
    outer loop
      vertex -18.5426 108.243 -9
      vertex -15.9735 105.638 -9
      vertex -16.0947 105.506 -9
    endloop
  endfacet
  facet normal 0 0 -1
    outer loop
      vertex -18.8963 107.857 -9
      vertex -16.0947 105.506 -9
      vertex -16.204 105.364 -9
    endloop
  endfacet
  facet normal 0 0 -1
    outer loop
      vertex -19.2149 107.441 -9
      vertex -16.204 105.364 -9
      vertex -16.2192 105.344 -9
    endloop
  endfacet
  facet normal 0 0 -1
    outer loop
      vertex -19.2149 107.441 -9
      vertex -16.2192 105.344 -9
      vertex -16.3156 105.192 -9
    endloop
  endfacet
  facet normal 0 0 -1
    outer loop
      vertex -19.4962 107 -9
      vertex -16.3156 105.192 -9
      vertex -16.329 105.171 -9
    endloop
  endfacet
  facet normal 0 0 -1
    outer loop
      vertex -19.4962 107 -9
      vertex -16.329 105.171 -9
      vertex -16.3405 105.149 -9
    endloop
  endfacet
  facet normal 0 0 -1
    outer loop
      vertex -15.1013 106.202 -9
      vertex -16.3521 109.638 -9
      vertex -15.8529 109.796 -9
    endloop
  endfacet
  facet normal 0 0 -1
    outer loop
      vertex -19.4962 107 -9
      vertex -16.3405 105.149 -9
      vertex -16.4233 104.99 -9
    endloop
  endfacet
  facet normal 0 0 -1
    outer loop
      vertex -19.7378 106.536 -9
      vertex -16.4233 104.99 -9
      vertex -16.4329 104.967 -9
    endloop
  endfacet
  facet normal 0 0 -1
    outer loop
      vertex -19.7378 106.536 -9
      vertex -16.4329 104.967 -9
      vertex -16.5016 104.801 -9
    endloop
  endfacet
  facet normal 0 0 -1
    outer loop
      vertex -19.9382 106.052 -9
      vertex -16.5016 104.801 -9
      vertex -16.5555 104.63 -9
    endloop
  endfacet
  facet normal 0 0 -1
    outer loop
      vertex -20.0956 105.553 -9
      vertex -16.5555 104.63 -9
      vertex -16.563 104.606 -9
    endloop
  endfacet
  facet normal 0 0 -1
    outer loop
      vertex -20.0956 105.553 -9
      vertex -16.563 104.606 -9
      vertex -16.6019 104.431 -9
    endloop
  endfacet
  facet normal 0 0 -1
    outer loop
      vertex -20.2088 105.042 -9
      vertex -16.6019 104.431 -9
      vertex -16.6073 104.407 -9
    endloop
  endfacet
  facet normal 0 0 -1
    outer loop
      vertex -20.2088 105.042 -9
      vertex -16.6073 104.407 -9
      vertex -16.6307 104.229 -9
    endloop
  endfacet
  facet normal 0 0 -1
    outer loop
      vertex -20.2772 104.523 -9
      vertex -16.6307 104.229 -9
      vertex -16.6339 104.204 -9
    endloop
  endfacet
  facet normal 0 0 -1
    outer loop
      vertex -20.2772 104.523 -9
      vertex -16.635 104.179 -9
      vertex -16.6429 104 -9
    endloop
  endfacet
  facet normal 0 0 -1
    outer loop
      vertex -15.2671 106.133 -9
      vertex -16.8357 109.438 -9
      vertex -16.3521 109.638 -9
    endloop
  endfacet
  facet normal 0 0 -1
    outer loop
      vertex -16.635 104.179 -9
      vertex -20.2772 104.523 -9
      vertex -16.6339 104.204 -9
    endloop
  endfacet
  facet normal -0 0 -1
    outer loop
      vertex -16.4329 103.033 -9
      vertex -19.7378 101.464 -9
      vertex -16.5016 103.199 -9
    endloop
  endfacet
  facet normal 0 0 -1
    outer loop
      vertex -19.9382 101.948 -9
      vertex -16.5016 103.199 -9
      vertex -19.7378 101.464 -9
    endloop
  endfacet
  facet normal 0 0 -1
    outer loop
      vertex -15.4493 106.04 -9
      vertex -17.3 109.196 -9
      vertex -16.8357 109.438 -9
    endloop
  endfacet
  facet normal -0 0 -1
    outer loop
      vertex -16.5016 103.199 -9
      vertex -19.9382 101.948 -9
      vertex -16.5555 103.37 -9
    endloop
  endfacet
  facet normal 0 0 -1
    outer loop
      vertex -15.6438 105.919 -9
      vertex -17.7415 108.915 -9
      vertex -17.3 109.196 -9
    endloop
  endfacet
  facet normal 0 0 -1
    outer loop
      vertex -20.0956 102.447 -9
      vertex -16.5555 103.37 -9
      vertex -19.9382 101.948 -9
    endloop
  endfacet
  facet normal 0 0 -1
    outer loop
      vertex -15.806 105.795 -9
      vertex -18.1567 108.596 -9
      vertex -17.7415 108.915 -9
    endloop
  endfacet
  facet normal -0 0 -1
    outer loop
      vertex -16.5555 103.37 -9
      vertex -20.0956 102.447 -9
      vertex -16.563 103.394 -9
    endloop
  endfacet
  facet normal 0 0 -1
    outer loop
      vertex -15.9383 105.673 -9
      vertex -18.5426 108.243 -9
      vertex -18.1567 108.596 -9
    endloop
  endfacet
  facet normal -0 0 -1
    outer loop
      vertex -16.563 103.394 -9
      vertex -20.0956 102.447 -9
      vertex -16.6019 103.569 -9
    endloop
  endfacet
  facet normal 0 0 -1
    outer loop
      vertex -16.0947 105.506 -9
      vertex -18.8963 107.857 -9
      vertex -18.5426 108.243 -9
    endloop
  endfacet
  facet normal 0 0 -1
    outer loop
      vertex -20.2088 102.958 -9
      vertex -16.6019 103.569 -9
      vertex -20.0956 102.447 -9
    endloop
  endfacet
  facet normal 0 0 -1
    outer loop
      vertex -16.204 105.364 -9
      vertex -19.2149 107.441 -9
      vertex -18.8963 107.857 -9
    endloop
  endfacet
  facet normal -0 0 -1
    outer loop
      vertex -16.6019 103.569 -9
      vertex -20.2088 102.958 -9
      vertex -16.6073 103.593 -9
    endloop
  endfacet
  facet normal 0 0 -1
    outer loop
      vertex -16.3156 105.192 -9
      vertex -19.4962 107 -9
      vertex -19.2149 107.441 -9
    endloop
  endfacet
  facet normal -0 0 -1
    outer loop
      vertex -16.6073 103.593 -9
      vertex -20.2088 102.958 -9
      vertex -16.6307 103.771 -9
    endloop
  endfacet
  facet normal 0 0 -1
    outer loop
      vertex -16.4233 104.99 -9
      vertex -19.7378 106.536 -9
      vertex -19.4962 107 -9
    endloop
  endfacet
  facet normal 0 0 -1
    outer loop
      vertex -20.2772 103.477 -9
      vertex -16.6307 103.771 -9
      vertex -20.2088 102.958 -9
    endloop
  endfacet
  facet normal 0 0 -1
    outer loop
      vertex -16.5016 104.801 -9
      vertex -19.9382 106.052 -9
      vertex -19.7378 106.536 -9
    endloop
  endfacet
  facet normal -0 0 -1
    outer loop
      vertex -16.6307 103.771 -9
      vertex -20.2772 103.477 -9
      vertex -16.6339 103.796 -9
    endloop
  endfacet
  facet normal 0 0 -1
    outer loop
      vertex -16.5555 104.63 -9
      vertex -20.0956 105.553 -9
      vertex -19.9382 106.052 -9
    endloop
  endfacet
  facet normal -0 0 -1
    outer loop
      vertex -16.635 103.821 -9
      vertex -20.2772 103.477 -9
      vertex -16.6429 104 -9
    endloop
  endfacet
  facet normal 0 0 -1
    outer loop
      vertex -16.6019 104.431 -9
      vertex -20.2088 105.042 -9
      vertex -20.0956 105.553 -9
    endloop
  endfacet
  facet normal 0 0 -1
    outer loop
      vertex -20.3 104 -9
      vertex -16.6429 104 -9
      vertex -20.2772 103.477 -9
    endloop
  endfacet
  facet normal 0 0 -1
    outer loop
      vertex -16.6307 104.229 -9
      vertex -20.2772 104.523 -9
      vertex -20.2088 105.042 -9
    endloop
  endfacet
  facet normal 0 0 -1
    outer loop
      vertex -16.6429 104 -9
      vertex -20.3 104 -9
      vertex -20.2772 104.523 -9
    endloop
  endfacet
  facet normal 0 0 -1
    outer loop
      vertex -11.965 -103.821 -9
      vertex -6 -98 -9
      vertex -11.9571 -104 -9
    endloop
  endfacet
  facet normal 0 0 -1
    outer loop
      vertex -11.9661 -103.796 -9
      vertex -6 -98 -9
      vertex -11.965 -103.821 -9
    endloop
  endfacet
  facet normal 0 0 -1
    outer loop
      vertex -11.9693 -103.771 -9
      vertex -6 -98 -9
      vertex -11.9661 -103.796 -9
    endloop
  endfacet
  facet normal 0 0 -1
    outer loop
      vertex -11.9927 -103.593 -9
      vertex -6 -98 -9
      vertex -11.9693 -103.771 -9
    endloop
  endfacet
  facet normal 0 0 -1
    outer loop
      vertex -11.9981 -103.569 -9
      vertex -6 -98 -9
      vertex -11.9927 -103.593 -9
    endloop
  endfacet
  facet normal 0 0 -1
    outer loop
      vertex -12.037 -103.394 -9
      vertex -6 -98 -9
      vertex -11.9981 -103.569 -9
    endloop
  endfacet
  facet normal 0 0 -1
    outer loop
      vertex -12.0445 -103.37 -9
      vertex -6 -98 -9
      vertex -12.037 -103.394 -9
    endloop
  endfacet
  facet normal 0 0 -1
    outer loop
      vertex -12.0984 -103.199 -9
      vertex -6 -98 -9
      vertex -12.0445 -103.37 -9
    endloop
  endfacet
  facet normal 0 0 -1
    outer loop
      vertex -12.1671 -103.033 -9
      vertex -6 -98 -9
      vertex -12.0984 -103.199 -9
    endloop
  endfacet
  facet normal 0 0 -1
    outer loop
      vertex -12.1767 -103.01 -9
      vertex -6 -98 -9
      vertex -12.1671 -103.033 -9
    endloop
  endfacet
  facet normal 0 0 -1
    outer loop
      vertex -12.2595 -102.851 -9
      vertex -6 -98 -9
      vertex -12.1767 -103.01 -9
    endloop
  endfacet
  facet normal 0 0 -1
    outer loop
      vertex -12.271 -102.829 -9
      vertex -6 -98 -9
      vertex -12.2595 -102.851 -9
    endloop
  endfacet
  facet normal 0 0 -1
    outer loop
      vertex -12.2844 -102.808 -9
      vertex -6 -98 -9
      vertex -12.271 -102.829 -9
    endloop
  endfacet
  facet normal 0 0 -1
    outer loop
      vertex -12.3808 -102.656 -9
      vertex -6 -98 -9
      vertex -12.2844 -102.808 -9
    endloop
  endfacet
  facet normal 0 0 -1
    outer loop
      vertex -12.396 -102.636 -9
      vertex -6 -98 -9
      vertex -12.3808 -102.656 -9
    endloop
  endfacet
  facet normal 0 0 -1
    outer loop
      vertex -12.5053 -102.494 -9
      vertex -6 -98 -9
      vertex -12.396 -102.636 -9
    endloop
  endfacet
  facet normal 0 0 -1
    outer loop
      vertex -12.6265 -102.362 -9
      vertex -6 -98 -9
      vertex -12.5053 -102.494 -9
    endloop
  endfacet
  facet normal 0 0 -1
    outer loop
      vertex -12.6434 -102.343 -9
      vertex -6 -98 -9
      vertex -12.6265 -102.362 -9
    endloop
  endfacet
  facet normal 0 0 -1
    outer loop
      vertex -12.6617 -102.327 -9
      vertex -6 -98 -9
      vertex -12.6434 -102.343 -9
    endloop
  endfacet
  facet normal 0 0 -1
    outer loop
      vertex -12.794 -102.205 -9
      vertex -6 -98 -9
      vertex -12.6617 -102.327 -9
    endloop
  endfacet
  facet normal 0 0 -1
    outer loop
      vertex -14.3 -98 -9
      vertex -12.794 -102.205 -9
      vertex -12.9364 -102.096 -9
    endloop
  endfacet
  facet normal 0 0 -1
    outer loop
      vertex -14.3 -98 -9
      vertex -12.9364 -102.096 -9
      vertex -12.9562 -102.081 -9
    endloop
  endfacet
  facet normal 0 0 -1
    outer loop
      vertex -14.3 -98 -9
      vertex -12.9562 -102.081 -9
      vertex -13.1075 -101.984 -9
    endloop
  endfacet
  facet normal 0 0 -1
    outer loop
      vertex -14.3 -98 -9
      vertex -13.1075 -101.984 -9
      vertex -13.1286 -101.971 -9
    endloop
  endfacet
  facet normal 0 0 -1
    outer loop
      vertex -14.3 -98 -9
      vertex -13.1286 -101.971 -9
      vertex -13.1507 -101.96 -9
    endloop
  endfacet
  facet normal 0 0 -1
    outer loop
      vertex -14.3 -98 -9
      vertex -13.1507 -101.96 -9
      vertex -13.3099 -101.877 -9
    endloop
  endfacet
  facet normal 0 0 -1
    outer loop
      vertex -14.3 -98 -9
      vertex -13.3099 -101.877 -9
      vertex -13.3329 -101.867 -9
    endloop
  endfacet
  facet normal 0 0 -1
    outer loop
      vertex -14.3 -98 -9
      vertex -13.3329 -101.867 -9
      vertex -13.4987 -101.798 -9
    endloop
  endfacet
  facet normal 0 0 -1
    outer loop
      vertex -14.3 -98 -9
      vertex -13.4987 -101.798 -9
      vertex -13.6699 -101.744 -9
    endloop
  endfacet
  facet normal 0 0 -1
    outer loop
      vertex -14.3 -98 -9
      vertex -13.6699 -101.744 -9
      vertex -13.6936 -101.737 -9
    endloop
  endfacet
  facet normal 0 0 -1
    outer loop
      vertex -14.3 -98 -9
      vertex -13.6936 -101.737 -9
      vertex -13.8688 -101.698 -9
    endloop
  endfacet
  facet normal 0 0 -1
    outer loop
      vertex -14.3 -98 -9
      vertex -13.8688 -101.698 -9
      vertex -13.8932 -101.693 -9
    endloop
  endfacet
  facet normal 0 0 -1
    outer loop
      vertex -14.3 -98 -9
      vertex -13.8932 -101.693 -9
      vertex -14.0711 -101.669 -9
    endloop
  endfacet
  facet normal 0 0 -1
    outer loop
      vertex -14.3 -98 -9
      vertex -14.0711 -101.669 -9
      vertex -14.0958 -101.666 -9
    endloop
  endfacet
  facet normal 0 0 -1
    outer loop
      vertex -14.3 -98 -9
      vertex -14.0958 -101.666 -9
      vertex -14.1207 -101.665 -9
    endloop
  endfacet
  facet normal 0 0 -1
    outer loop
      vertex -14.3 -98 -9
      vertex -14.1207 -101.665 -9
      vertex -14.3 -101.657 -9
    endloop
  endfacet
  facet normal 0 0 -1
    outer loop
      vertex -12.794 -102.205 -9
      vertex -14.3 -98 -9
      vertex -6 -98 -9
    endloop
  endfacet
  facet normal 0 0 -1
    outer loop
      vertex -14.4793 -101.665 -9
      vertex -14.3 -98 -9
      vertex -14.3 -101.657 -9
    endloop
  endfacet
  facet normal 0 0 -1
    outer loop
      vertex -14.8229 -98.0228 -9
      vertex -14.4793 -101.665 -9
      vertex -14.5042 -101.666 -9
    endloop
  endfacet
  facet normal 0 0 -1
    outer loop
      vertex -14.8229 -98.0228 -9
      vertex -14.5042 -101.666 -9
      vertex -14.5289 -101.669 -9
    endloop
  endfacet
  facet normal 0 0 -1
    outer loop
      vertex -14.8229 -98.0228 -9
      vertex -14.5289 -101.669 -9
      vertex -14.7068 -101.693 -9
    endloop
  endfacet
  facet normal 0 0 -1
    outer loop
      vertex -15.3419 -98.0912 -9
      vertex -14.7068 -101.693 -9
      vertex -14.7312 -101.698 -9
    endloop
  endfacet
  facet normal 0 0 -1
    outer loop
      vertex -14.4793 -101.665 -9
      vertex -14.8229 -98.0228 -9
      vertex -14.3 -98 -9
    endloop
  endfacet
  facet normal 0 0 -1
    outer loop
      vertex -15.3419 -98.0912 -9
      vertex -14.7312 -101.698 -9
      vertex -14.9064 -101.737 -9
    endloop
  endfacet
  facet normal 0 0 -1
    outer loop
      vertex -15.8529 -98.2044 -9
      vertex -14.9064 -101.737 -9
      vertex -14.9301 -101.744 -9
    endloop
  endfacet
  facet normal 0 0 -1
    outer loop
      vertex -15.8529 -98.2044 -9
      vertex -14.9301 -101.744 -9
      vertex -15.1013 -101.798 -9
    endloop
  endfacet
  facet normal 0 0 -1
    outer loop
      vertex -16.3521 -98.3618 -9
      vertex -15.1013 -101.798 -9
      vertex -15.2671 -101.867 -9
    endloop
  endfacet
  facet normal 0 0 -1
    outer loop
      vertex -16.8357 -98.5621 -9
      vertex -15.2671 -101.867 -9
      vertex -15.2901 -101.877 -9
    endloop
  endfacet
  facet normal 0 0 -1
    outer loop
      vertex -14.7068 -101.693 -9
      vertex -15.3419 -98.0912 -9
      vertex -14.8229 -98.0228 -9
    endloop
  endfacet
  facet normal 0 0 -1
    outer loop
      vertex -16.8357 -98.5621 -9
      vertex -15.2901 -101.877 -9
      vertex -15.4493 -101.96 -9
    endloop
  endfacet
  facet normal 0 0 -1
    outer loop
      vertex -17.3 -98.8038 -9
      vertex -15.4493 -101.96 -9
      vertex -15.4714 -101.971 -9
    endloop
  endfacet
  facet normal 0 0 -1
    outer loop
      vertex -17.3 -98.8038 -9
      vertex -15.4714 -101.971 -9
      vertex -15.4925 -101.984 -9
    endloop
  endfacet
  facet normal 0 0 -1
    outer loop
      vertex -17.3 -98.8038 -9
      vertex -15.4925 -101.984 -9
      vertex -15.6438 -102.081 -9
    endloop
  endfacet
  facet normal 0 0 -1
    outer loop
      vertex -17.7415 -99.0851 -9
      vertex -15.6438 -102.081 -9
      vertex -15.6636 -102.096 -9
    endloop
  endfacet
  facet normal 0 0 -1
    outer loop
      vertex -17.7415 -99.0851 -9
      vertex -15.6636 -102.096 -9
      vertex -15.806 -102.205 -9
    endloop
  endfacet
  facet normal 0 0 -1
    outer loop
      vertex -14.9064 -101.737 -9
      vertex -15.8529 -98.2044 -9
      vertex -15.3419 -98.0912 -9
    endloop
  endfacet
  facet normal 0 0 -1
    outer loop
      vertex -18.1567 -99.4037 -9
      vertex -15.806 -102.205 -9
      vertex -15.9383 -102.327 -9
    endloop
  endfacet
  facet normal 0 0 -1
    outer loop
      vertex -18.5426 -99.7574 -9
      vertex -15.9383 -102.327 -9
      vertex -15.9567 -102.343 -9
    endloop
  endfacet
  facet normal 0 0 -1
    outer loop
      vertex -18.5426 -99.7574 -9
      vertex -15.9567 -102.343 -9
      vertex -15.9735 -102.362 -9
    endloop
  endfacet
  facet normal 0 0 -1
    outer loop
      vertex -18.5426 -99.7574 -9
      vertex -15.9735 -102.362 -9
      vertex -16.0947 -102.494 -9
    endloop
  endfacet
  facet normal 0 0 -1
    outer loop
      vertex -18.8963 -100.143 -9
      vertex -16.0947 -102.494 -9
      vertex -16.204 -102.636 -9
    endloop
  endfacet
  facet normal 0 0 -1
    outer loop
      vertex -19.2149 -100.559 -9
      vertex -16.204 -102.636 -9
      vertex -16.2192 -102.656 -9
    endloop
  endfacet
  facet normal 0 0 -1
    outer loop
      vertex -19.2149 -100.559 -9
      vertex -16.2192 -102.656 -9
      vertex -16.3156 -102.808 -9
    endloop
  endfacet
  facet normal 0 0 -1
    outer loop
      vertex -19.4962 -101 -9
      vertex -16.3156 -102.808 -9
      vertex -16.329 -102.829 -9
    endloop
  endfacet
  facet normal 0 0 -1
    outer loop
      vertex -19.4962 -101 -9
      vertex -16.329 -102.829 -9
      vertex -16.3405 -102.851 -9
    endloop
  endfacet
  facet normal 0 0 -1
    outer loop
      vertex -15.1013 -101.798 -9
      vertex -16.3521 -98.3618 -9
      vertex -15.8529 -98.2044 -9
    endloop
  endfacet
  facet normal 0 0 -1
    outer loop
      vertex -19.4962 -101 -9
      vertex -16.3405 -102.851 -9
      vertex -16.4233 -103.01 -9
    endloop
  endfacet
  facet normal 0 0 -1
    outer loop
      vertex -19.7378 -101.464 -9
      vertex -16.4233 -103.01 -9
      vertex -16.4329 -103.033 -9
    endloop
  endfacet
  facet normal 0 0 -1
    outer loop
      vertex -19.7378 -101.464 -9
      vertex -16.4329 -103.033 -9
      vertex -16.5016 -103.199 -9
    endloop
  endfacet
  facet normal 0 0 -1
    outer loop
      vertex -19.9382 -101.948 -9
      vertex -16.5016 -103.199 -9
      vertex -16.5555 -103.37 -9
    endloop
  endfacet
  facet normal 0 0 -1
    outer loop
      vertex -20.0956 -102.447 -9
      vertex -16.5555 -103.37 -9
      vertex -16.563 -103.394 -9
    endloop
  endfacet
  facet normal 0 0 -1
    outer loop
      vertex -20.0956 -102.447 -9
      vertex -16.563 -103.394 -9
      vertex -16.6019 -103.569 -9
    endloop
  endfacet
  facet normal 0 0 -1
    outer loop
      vertex -20.2088 -102.958 -9
      vertex -16.6019 -103.569 -9
      vertex -16.6073 -103.593 -9
    endloop
  endfacet
  facet normal 0 0 -1
    outer loop
      vertex -20.2088 -102.958 -9
      vertex -16.6073 -103.593 -9
      vertex -16.6307 -103.771 -9
    endloop
  endfacet
  facet normal 0 0 -1
    outer loop
      vertex -20.2772 -103.477 -9
      vertex -16.6307 -103.771 -9
      vertex -16.6339 -103.796 -9
    endloop
  endfacet
  facet normal 0 0 -1
    outer loop
      vertex -20.2772 -103.477 -9
      vertex -16.635 -103.821 -9
      vertex -16.6429 -104 -9
    endloop
  endfacet
  facet normal 0 0 -1
    outer loop
      vertex -15.2671 -101.867 -9
      vertex -16.8357 -98.5621 -9
      vertex -16.3521 -98.3618 -9
    endloop
  endfacet
  facet normal 0 0 -1
    outer loop
      vertex -16.635 -103.821 -9
      vertex -20.2772 -103.477 -9
      vertex -16.6339 -103.796 -9
    endloop
  endfacet
  facet normal -0 0 -1
    outer loop
      vertex -16.4329 -104.967 -9
      vertex -19.7378 -106.536 -9
      vertex -16.5016 -104.801 -9
    endloop
  endfacet
  facet normal 0 0 -1
    outer loop
      vertex -19.9382 -106.052 -9
      vertex -16.5016 -104.801 -9
      vertex -19.7378 -106.536 -9
    endloop
  endfacet
  facet normal 0 0 -1
    outer loop
      vertex -15.4493 -101.96 -9
      vertex -17.3 -98.8038 -9
      vertex -16.8357 -98.5621 -9
    endloop
  endfacet
  facet normal -0 0 -1
    outer loop
      vertex -16.5016 -104.801 -9
      vertex -19.9382 -106.052 -9
      vertex -16.5555 -104.63 -9
    endloop
  endfacet
  facet normal 0 0 -1
    outer loop
      vertex -15.6438 -102.081 -9
      vertex -17.7415 -99.0851 -9
      vertex -17.3 -98.8038 -9
    endloop
  endfacet
  facet normal 0 0 -1
    outer loop
      vertex -20.0956 -105.553 -9
      vertex -16.5555 -104.63 -9
      vertex -19.9382 -106.052 -9
    endloop
  endfacet
  facet normal 0 0 -1
    outer loop
      vertex -15.806 -102.205 -9
      vertex -18.1567 -99.4037 -9
      vertex -17.7415 -99.0851 -9
    endloop
  endfacet
  facet normal -0 0 -1
    outer loop
      vertex -16.5555 -104.63 -9
      vertex -20.0956 -105.553 -9
      vertex -16.563 -104.606 -9
    endloop
  endfacet
  facet normal 0 0 -1
    outer loop
      vertex -15.9383 -102.327 -9
      vertex -18.5426 -99.7574 -9
      vertex -18.1567 -99.4037 -9
    endloop
  endfacet
  facet normal -0 0 -1
    outer loop
      vertex -16.563 -104.606 -9
      vertex -20.0956 -105.553 -9
      vertex -16.6019 -104.431 -9
    endloop
  endfacet
  facet normal 0 0 -1
    outer loop
      vertex -16.0947 -102.494 -9
      vertex -18.8963 -100.143 -9
      vertex -18.5426 -99.7574 -9
    endloop
  endfacet
  facet normal 0 0 -1
    outer loop
      vertex -20.2088 -105.042 -9
      vertex -16.6019 -104.431 -9
      vertex -20.0956 -105.553 -9
    endloop
  endfacet
  facet normal 0 0 -1
    outer loop
      vertex -16.204 -102.636 -9
      vertex -19.2149 -100.559 -9
      vertex -18.8963 -100.143 -9
    endloop
  endfacet
  facet normal -0 0 -1
    outer loop
      vertex -16.6019 -104.431 -9
      vertex -20.2088 -105.042 -9
      vertex -16.6073 -104.407 -9
    endloop
  endfacet
  facet normal 0 0 -1
    outer loop
      vertex -16.3156 -102.808 -9
      vertex -19.4962 -101 -9
      vertex -19.2149 -100.559 -9
    endloop
  endfacet
  facet normal -0 0 -1
    outer loop
      vertex -16.6073 -104.407 -9
      vertex -20.2088 -105.042 -9
      vertex -16.6307 -104.229 -9
    endloop
  endfacet
  facet normal 0 0 -1
    outer loop
      vertex -16.4233 -103.01 -9
      vertex -19.7378 -101.464 -9
      vertex -19.4962 -101 -9
    endloop
  endfacet
  facet normal 0 0 -1
    outer loop
      vertex -20.2772 -104.523 -9
      vertex -16.6307 -104.229 -9
      vertex -20.2088 -105.042 -9
    endloop
  endfacet
  facet normal 0 0 -1
    outer loop
      vertex -16.5016 -103.199 -9
      vertex -19.9382 -101.948 -9
      vertex -19.7378 -101.464 -9
    endloop
  endfacet
  facet normal -0 0 -1
    outer loop
      vertex -16.6307 -104.229 -9
      vertex -20.2772 -104.523 -9
      vertex -16.6339 -104.204 -9
    endloop
  endfacet
  facet normal 0 0 -1
    outer loop
      vertex -16.5555 -103.37 -9
      vertex -20.0956 -102.447 -9
      vertex -19.9382 -101.948 -9
    endloop
  endfacet
  facet normal -0 0 -1
    outer loop
      vertex -16.635 -104.179 -9
      vertex -20.2772 -104.523 -9
      vertex -16.6429 -104 -9
    endloop
  endfacet
  facet normal 0 0 -1
    outer loop
      vertex -16.6019 -103.569 -9
      vertex -20.2088 -102.958 -9
      vertex -20.0956 -102.447 -9
    endloop
  endfacet
  facet normal 0 0 -1
    outer loop
      vertex -20.3 -104 -9
      vertex -16.6429 -104 -9
      vertex -20.2772 -104.523 -9
    endloop
  endfacet
  facet normal 0 0 -1
    outer loop
      vertex -16.6307 -103.771 -9
      vertex -20.2772 -103.477 -9
      vertex -20.2088 -102.958 -9
    endloop
  endfacet
  facet normal 0 0 -1
    outer loop
      vertex -16.6429 -104 -9
      vertex -20.3 -104 -9
      vertex -20.2772 -103.477 -9
    endloop
  endfacet
  facet normal -0.999051 -0.0435533 0
    outer loop
      vertex -20.2772 -104.523 -9
      vertex -20.3 -104 -0.150001
      vertex -20.3 -104 -9
    endloop
  endfacet
  facet normal -0.999051 -0.0435533 0
    outer loop
      vertex -20.3 -104 -0.150001
      vertex -20.2772 -104.523 -9
      vertex -20.2772 -104.523 -0.150001
    endloop
  endfacet
  facet normal -0.923933 0.382554 0
    outer loop
      vertex -19.9382 -101.948 -9
      vertex -19.7378 -101.464 -0.150001
      vertex -19.7378 -101.464 -9
    endloop
  endfacet
  facet normal -0.923933 0.382554 0
    outer loop
      vertex -19.7378 -101.464 -0.150001
      vertex -19.9382 -101.948 -9
      vertex -19.9382 -101.948 -0.150001
    endloop
  endfacet
  facet normal -0.976331 0.216283 0
    outer loop
      vertex -20.2088 -102.958 -9
      vertex -20.0956 -102.447 -0.150001
      vertex -20.0956 -102.447 -9
    endloop
  endfacet
  facet normal -0.976331 0.216283 0
    outer loop
      vertex -20.0956 -102.447 -0.150001
      vertex -20.2088 -102.958 -9
      vertex -20.2088 -102.958 -0.150001
    endloop
  endfacet
  facet normal -0.675681 0.737194 0
    outer loop
      vertex -18.1567 -99.4037 -9
      vertex -18.5426 -99.7574 -0.150001
      vertex -18.1567 -99.4037 -0.150001
    endloop
  endfacet
  facet normal -0.675681 0.737194 0
    outer loop
      vertex -18.5426 -99.7574 -0.150001
      vertex -18.1567 -99.4037 -9
      vertex -18.5426 -99.7574 -9
    endloop
  endfacet
  facet normal -0.608768 0.793348 0
    outer loop
      vertex -17.7415 -99.0851 -9
      vertex -18.1567 -99.4037 -0.150001
      vertex -17.7415 -99.0851 -0.150001
    endloop
  endfacet
  facet normal -0.608768 0.793348 0
    outer loop
      vertex -18.1567 -99.4037 -0.150001
      vertex -17.7415 -99.0851 -9
      vertex -18.1567 -99.4037 -9
    endloop
  endfacet
  facet normal -0.301753 -0.953386 0
    outer loop
      vertex -16.3521 -109.638 -9
      vertex -15.8529 -109.796 -0.150001
      vertex -16.3521 -109.638 -0.150001
    endloop
  endfacet
  facet normal -0.301753 -0.953386 -0
    outer loop
      vertex -15.8529 -109.796 -0.150001
      vertex -16.3521 -109.638 -9
      vertex -15.8529 -109.796 -9
    endloop
  endfacet
  facet normal -0.382172 -0.924091 0
    outer loop
      vertex -16.8357 -109.438 -9
      vertex -16.3521 -109.638 -0.150001
      vertex -16.8357 -109.438 -0.150001
    endloop
  endfacet
  facet normal -0.382172 -0.924091 -0
    outer loop
      vertex -16.3521 -109.638 -0.150001
      vertex -16.8357 -109.438 -9
      vertex -16.3521 -109.638 -9
    endloop
  endfacet
  facet normal -0.843086 -0.537778 0
    outer loop
      vertex -19.2149 -107.441 -9
      vertex -19.4962 -107 -0.150001
      vertex -19.4962 -107 -9
    endloop
  endfacet
  facet normal -0.843086 -0.537778 0
    outer loop
      vertex -19.4962 -107 -0.150001
      vertex -19.2149 -107.441 -9
      vertex -19.2149 -107.441 -0.150001
    endloop
  endfacet
  facet normal -0.536937 -0.843622 0
    outer loop
      vertex -17.7415 -108.915 -9
      vertex -17.3 -109.196 -0.150001
      vertex -17.7415 -108.915 -0.150001
    endloop
  endfacet
  facet normal -0.536937 -0.843622 -0
    outer loop
      vertex -17.3 -109.196 -0.150001
      vertex -17.7415 -108.915 -9
      vertex -17.3 -109.196 -9
    endloop
  endfacet
  facet normal -0.886966 0.461834 0
    outer loop
      vertex -19.7378 -101.464 -9
      vertex -19.4962 -101 -0.150001
      vertex -19.4962 -101 -9
    endloop
  endfacet
  facet normal -0.886966 0.461834 0
    outer loop
      vertex -19.4962 -101 -0.150001
      vertex -19.7378 -101.464 -9
      vertex -19.7378 -101.464 -0.150001
    endloop
  endfacet
  facet normal -0.843086 0.537778 0
    outer loop
      vertex -19.4962 -101 -9
      vertex -19.2149 -100.559 -0.150001
      vertex -19.2149 -100.559 -9
    endloop
  endfacet
  facet normal -0.843086 0.537778 0
    outer loop
      vertex -19.2149 -100.559 -0.150001
      vertex -19.4962 -101 -9
      vertex -19.4962 -101 -0.150001
    endloop
  endfacet
  facet normal -0.953681 0.30082 0
    outer loop
      vertex -20.0956 -102.447 -9
      vertex -19.9382 -101.948 -0.150001
      vertex -19.9382 -101.948 -9
    endloop
  endfacet
  facet normal -0.953681 0.30082 0
    outer loop
      vertex -19.9382 -101.948 -0.150001
      vertex -20.0956 -102.447 -9
      vertex -20.0956 -102.447 -0.150001
    endloop
  endfacet
  facet normal -0.129911 -0.991526 0
    outer loop
      vertex -15.3419 -109.909 -9
      vertex -14.8229 -109.977 -0.150001
      vertex -15.3419 -109.909 -0.150001
    endloop
  endfacet
  facet normal -0.129911 -0.991526 -0
    outer loop
      vertex -14.8229 -109.977 -0.150001
      vertex -15.3419 -109.909 -9
      vertex -14.8229 -109.977 -9
    endloop
  endfacet
  facet normal 0 -1 0
    outer loop
      vertex -14.3 98 -9
      vertex -6 98 -0.150001
      vertex -14.3 98 -0.150001
    endloop
  endfacet
  facet normal 0 -1 -0
    outer loop
      vertex -6 98 -0.150001
      vertex -14.3 98 -9
      vertex -6 98 -9
    endloop
  endfacet
  facet normal -0.216283 -0.976331 0
    outer loop
      vertex -15.8529 98.2044 -9
      vertex -15.3419 98.0912 -0.150001
      vertex -15.8529 98.2044 -0.150001
    endloop
  endfacet
  facet normal -0.216283 -0.976331 -0
    outer loop
      vertex -15.3419 98.0912 -0.150001
      vertex -15.8529 98.2044 -9
      vertex -15.3419 98.0912 -9
    endloop
  endfacet
  facet normal -0.991427 -0.130662 0
    outer loop
      vertex -20.2088 102.958 -9
      vertex -20.2772 103.477 -0.150001
      vertex -20.2772 103.477 -9
    endloop
  endfacet
  facet normal -0.991427 -0.130662 0
    outer loop
      vertex -20.2772 103.477 -0.150001
      vertex -20.2088 102.958 -9
      vertex -20.2088 102.958 -0.150001
    endloop
  endfacet
  facet normal -0.382661 -0.923889 0
    outer loop
      vertex -16.8357 98.5621 -9
      vertex -16.3521 98.3618 -0.150001
      vertex -16.8357 98.5621 -0.150001
    endloop
  endfacet
  facet normal -0.382661 -0.923889 -0
    outer loop
      vertex -16.3521 98.3618 -0.150001
      vertex -16.8357 98.5621 -9
      vertex -16.3521 98.3618 -9
    endloop
  endfacet
  facet normal -0.999051 -0.0435533 0
    outer loop
      vertex -20.2772 103.477 -9
      vertex -20.3 104 -0.150001
      vertex -20.3 104 -9
    endloop
  endfacet
  facet normal -0.999051 -0.0435533 0
    outer loop
      vertex -20.3 104 -0.150001
      vertex -20.2772 103.477 -9
      vertex -20.2772 103.477 -0.150001
    endloop
  endfacet
  facet normal -0.300711 -0.953715 0
    outer loop
      vertex -16.3521 98.3618 -9
      vertex -15.8529 98.2044 -0.150001
      vertex -16.3521 98.3618 -0.150001
    endloop
  endfacet
  facet normal -0.300711 -0.953715 -0
    outer loop
      vertex -15.8529 98.2044 -0.150001
      vertex -16.3521 98.3618 -9
      vertex -15.8529 98.2044 -9
    endloop
  endfacet
  facet normal 0 1 0
    outer loop
      vertex 6 110 9
      vertex -6 110 -0.150001
      vertex -6 110 9
    endloop
  endfacet
  facet normal 0 1 -0
    outer loop
      vertex 6 110 -9
      vertex -6 110 -0.150001
      vertex 6 110 9
    endloop
  endfacet
  facet normal 0 1 0
    outer loop
      vertex -14.3 110 -9
      vertex -6 110 -0.150001
      vertex 6 110 -9
    endloop
  endfacet
  facet normal 0 1 0
    outer loop
      vertex -6 110 -0.150001
      vertex -14.3 110 -9
      vertex -14.3 110 -0.150001
    endloop
  endfacet
  facet normal 0 0 1
    outer loop
      vertex -6 110 -0.150001
      vertex -12.6 104 -0.150001
      vertex -6 98 -0.150001
    endloop
  endfacet
  facet normal 0 0 1
    outer loop
      vertex -6 110 -0.150001
      vertex -12.6065 104.148 -0.150001
      vertex -12.6 104 -0.150001
    endloop
  endfacet
  facet normal 0 0 1
    outer loop
      vertex -6 110 -0.150001
      vertex -12.6258 104.295 -0.150001
      vertex -12.6065 104.148 -0.150001
    endloop
  endfacet
  facet normal 0 0 1
    outer loop
      vertex -6 110 -0.150001
      vertex -12.6579 104.44 -0.150001
      vertex -12.6258 104.295 -0.150001
    endloop
  endfacet
  facet normal 0 0 1
    outer loop
      vertex -6 110 -0.150001
      vertex -12.7025 104.581 -0.150001
      vertex -12.6579 104.44 -0.150001
    endloop
  endfacet
  facet normal 0 0 1
    outer loop
      vertex -6 110 -0.150001
      vertex -12.7593 104.718 -0.150001
      vertex -12.7025 104.581 -0.150001
    endloop
  endfacet
  facet normal 0 0 1
    outer loop
      vertex -6 110 -0.150001
      vertex -12.8278 104.85 -0.150001
      vertex -12.7593 104.718 -0.150001
    endloop
  endfacet
  facet normal 0 0 1
    outer loop
      vertex -6 110 -0.150001
      vertex -12.9074 104.975 -0.150001
      vertex -12.8278 104.85 -0.150001
    endloop
  endfacet
  facet normal 0 0 1
    outer loop
      vertex -6 110 -0.150001
      vertex -12.9977 105.093 -0.150001
      vertex -12.9074 104.975 -0.150001
    endloop
  endfacet
  facet normal 0 0 1
    outer loop
      vertex -6 110 -0.150001
      vertex -13.0979 105.202 -0.150001
      vertex -12.9977 105.093 -0.150001
    endloop
  endfacet
  facet normal 0 0 1
    outer loop
      vertex -6 110 -0.150001
      vertex -13.2073 105.302 -0.150001
      vertex -13.0979 105.202 -0.150001
    endloop
  endfacet
  facet normal -0 0 1
    outer loop
      vertex -14.3 110 -0.150001
      vertex -13.2073 105.302 -0.150001
      vertex -6 110 -0.150001
    endloop
  endfacet
  facet normal 0 0 1
    outer loop
      vertex -13.2073 105.302 -0.150001
      vertex -14.3 110 -0.150001
      vertex -13.3249 105.393 -0.150001
    endloop
  endfacet
  facet normal 0 0 1
    outer loop
      vertex -13.3249 105.393 -0.150001
      vertex -14.3 110 -0.150001
      vertex -13.45 105.472 -0.150001
    endloop
  endfacet
  facet normal 0 0 1
    outer loop
      vertex -13.45 105.472 -0.150001
      vertex -14.3 110 -0.150001
      vertex -13.5815 105.541 -0.150001
    endloop
  endfacet
  facet normal 0 0 1
    outer loop
      vertex -13.5815 105.541 -0.150001
      vertex -14.3 110 -0.150001
      vertex -13.7186 105.597 -0.150001
    endloop
  endfacet
  facet normal 0 0 1
    outer loop
      vertex -13.7186 105.597 -0.150001
      vertex -14.3 110 -0.150001
      vertex -13.86 105.642 -0.150001
    endloop
  endfacet
  facet normal 0 0 1
    outer loop
      vertex -13.86 105.642 -0.150001
      vertex -14.3 110 -0.150001
      vertex -14.0048 105.674 -0.150001
    endloop
  endfacet
  facet normal 0 0 1
    outer loop
      vertex -14.0048 105.674 -0.150001
      vertex -14.3 110 -0.150001
      vertex -14.1518 105.694 -0.150001
    endloop
  endfacet
  facet normal 0 0 1
    outer loop
      vertex -14.3 110 -0.150001
      vertex -14.3 105.7 -0.150001
      vertex -14.1518 105.694 -0.150001
    endloop
  endfacet
  facet normal 0 0 1
    outer loop
      vertex -14.3 110 -0.150001
      vertex -14.4482 105.694 -0.150001
      vertex -14.3 105.7 -0.150001
    endloop
  endfacet
  facet normal -0 0 1
    outer loop
      vertex -14.8229 109.977 -0.150001
      vertex -14.4482 105.694 -0.150001
      vertex -14.3 110 -0.150001
    endloop
  endfacet
  facet normal 0 0 1
    outer loop
      vertex -14.4482 105.694 -0.150001
      vertex -14.8229 109.977 -0.150001
      vertex -14.5952 105.674 -0.150001
    endloop
  endfacet
  facet normal -0 0 1
    outer loop
      vertex -15.3419 109.909 -0.150001
      vertex -14.5952 105.674 -0.150001
      vertex -14.8229 109.977 -0.150001
    endloop
  endfacet
  facet normal 0 0 1
    outer loop
      vertex -14.5952 105.674 -0.150001
      vertex -15.3419 109.909 -0.150001
      vertex -14.74 105.642 -0.150001
    endloop
  endfacet
  facet normal -0 0 1
    outer loop
      vertex -15.8529 109.796 -0.150001
      vertex -14.74 105.642 -0.150001
      vertex -15.3419 109.909 -0.150001
    endloop
  endfacet
  facet normal 0 0 1
    outer loop
      vertex -14.74 105.642 -0.150001
      vertex -15.8529 109.796 -0.150001
      vertex -14.8814 105.597 -0.150001
    endloop
  endfacet
  facet normal -0 0 1
    outer loop
      vertex -16.3521 109.638 -0.150001
      vertex -14.8814 105.597 -0.150001
      vertex -15.8529 109.796 -0.150001
    endloop
  endfacet
  facet normal 0 0 1
    outer loop
      vertex -14.8814 105.597 -0.150001
      vertex -16.3521 109.638 -0.150001
      vertex -15.0185 105.541 -0.150001
    endloop
  endfacet
  facet normal -0 0 1
    outer loop
      vertex -16.8357 109.438 -0.150001
      vertex -15.0185 105.541 -0.150001
      vertex -16.3521 109.638 -0.150001
    endloop
  endfacet
  facet normal 0 0 1
    outer loop
      vertex -15.0185 105.541 -0.150001
      vertex -16.8357 109.438 -0.150001
      vertex -15.15 105.472 -0.150001
    endloop
  endfacet
  facet normal -0 0 1
    outer loop
      vertex -17.3 109.196 -0.150001
      vertex -15.15 105.472 -0.150001
      vertex -16.8357 109.438 -0.150001
    endloop
  endfacet
  facet normal 0 0 1
    outer loop
      vertex -15.15 105.472 -0.150001
      vertex -17.3 109.196 -0.150001
      vertex -15.2751 105.393 -0.150001
    endloop
  endfacet
  facet normal -0 0 1
    outer loop
      vertex -17.7415 108.915 -0.150001
      vertex -15.2751 105.393 -0.150001
      vertex -17.3 109.196 -0.150001
    endloop
  endfacet
  facet normal 0 0 1
    outer loop
      vertex -15.2751 105.393 -0.150001
      vertex -17.7415 108.915 -0.150001
      vertex -15.3927 105.302 -0.150001
    endloop
  endfacet
  facet normal -0 0 1
    outer loop
      vertex -18.1567 108.596 -0.150001
      vertex -15.3927 105.302 -0.150001
      vertex -17.7415 108.915 -0.150001
    endloop
  endfacet
  facet normal 0 0 1
    outer loop
      vertex -15.3927 105.302 -0.150001
      vertex -18.1567 108.596 -0.150001
      vertex -15.5021 105.202 -0.150001
    endloop
  endfacet
  facet normal -0 0 1
    outer loop
      vertex -18.5426 108.243 -0.150001
      vertex -15.5021 105.202 -0.150001
      vertex -18.1567 108.596 -0.150001
    endloop
  endfacet
  facet normal 0 0 1
    outer loop
      vertex -15.5021 105.202 -0.150001
      vertex -18.5426 108.243 -0.150001
      vertex -15.6023 105.093 -0.150001
    endloop
  endfacet
  facet normal -0 0 1
    outer loop
      vertex -18.8963 107.857 -0.150001
      vertex -15.6023 105.093 -0.150001
      vertex -18.5426 108.243 -0.150001
    endloop
  endfacet
  facet normal 0 0 1
    outer loop
      vertex -15.6023 105.093 -0.150001
      vertex -18.8963 107.857 -0.150001
      vertex -15.6926 104.975 -0.150001
    endloop
  endfacet
  facet normal -0 0 1
    outer loop
      vertex -19.2149 107.441 -0.150001
      vertex -15.6926 104.975 -0.150001
      vertex -18.8963 107.857 -0.150001
    endloop
  endfacet
  facet normal -0 0 1
    outer loop
      vertex -12.6065 103.852 -0.150001
      vertex -6 98 -0.150001
      vertex -12.6 104 -0.150001
    endloop
  endfacet
  facet normal -0 0 1
    outer loop
      vertex -12.6258 103.705 -0.150001
      vertex -6 98 -0.150001
      vertex -12.6065 103.852 -0.150001
    endloop
  endfacet
  facet normal -0 0 1
    outer loop
      vertex -12.6579 103.56 -0.150001
      vertex -6 98 -0.150001
      vertex -12.6258 103.705 -0.150001
    endloop
  endfacet
  facet normal -0 0 1
    outer loop
      vertex -12.7025 103.419 -0.150001
      vertex -6 98 -0.150001
      vertex -12.6579 103.56 -0.150001
    endloop
  endfacet
  facet normal -0 0 1
    outer loop
      vertex -12.7593 103.282 -0.150001
      vertex -6 98 -0.150001
      vertex -12.7025 103.419 -0.150001
    endloop
  endfacet
  facet normal -0 0 1
    outer loop
      vertex -12.8278 103.15 -0.150001
      vertex -6 98 -0.150001
      vertex -12.7593 103.282 -0.150001
    endloop
  endfacet
  facet normal -0 0 1
    outer loop
      vertex -12.9074 103.025 -0.150001
      vertex -6 98 -0.150001
      vertex -12.8278 103.15 -0.150001
    endloop
  endfacet
  facet normal -0 0 1
    outer loop
      vertex -12.9977 102.907 -0.150001
      vertex -6 98 -0.150001
      vertex -12.9074 103.025 -0.150001
    endloop
  endfacet
  facet normal -0 0 1
    outer loop
      vertex -13.0979 102.798 -0.150001
      vertex -6 98 -0.150001
      vertex -12.9977 102.907 -0.150001
    endloop
  endfacet
  facet normal -0 0 1
    outer loop
      vertex -13.2073 102.698 -0.150001
      vertex -6 98 -0.150001
      vertex -13.0979 102.798 -0.150001
    endloop
  endfacet
  facet normal 0 0 1
    outer loop
      vertex -14.3 98 -0.150001
      vertex -13.2073 102.698 -0.150001
      vertex -13.3249 102.607 -0.150001
    endloop
  endfacet
  facet normal 0 0 1
    outer loop
      vertex -14.3 98 -0.150001
      vertex -13.3249 102.607 -0.150001
      vertex -13.45 102.528 -0.150001
    endloop
  endfacet
  facet normal 0 0 1
    outer loop
      vertex -14.3 98 -0.150001
      vertex -13.45 102.528 -0.150001
      vertex -13.5815 102.459 -0.150001
    endloop
  endfacet
  facet normal 0 0 1
    outer loop
      vertex -14.3 98 -0.150001
      vertex -13.5815 102.459 -0.150001
      vertex -13.7186 102.403 -0.150001
    endloop
  endfacet
  facet normal 0 0 1
    outer loop
      vertex -14.3 98 -0.150001
      vertex -13.7186 102.403 -0.150001
      vertex -13.86 102.358 -0.150001
    endloop
  endfacet
  facet normal 0 0 1
    outer loop
      vertex -14.3 98 -0.150001
      vertex -13.86 102.358 -0.150001
      vertex -14.0048 102.326 -0.150001
    endloop
  endfacet
  facet normal 0 0 1
    outer loop
      vertex -14.3 98 -0.150001
      vertex -14.0048 102.326 -0.150001
      vertex -14.1518 102.306 -0.150001
    endloop
  endfacet
  facet normal 0 0 1
    outer loop
      vertex -14.3 98 -0.150001
      vertex -14.1518 102.306 -0.150001
      vertex -14.3 102.3 -0.150001
    endloop
  endfacet
  facet normal 0 0 1
    outer loop
      vertex -13.2073 102.698 -0.150001
      vertex -14.3 98 -0.150001
      vertex -6 98 -0.150001
    endloop
  endfacet
  facet normal 0 0 1
    outer loop
      vertex -14.4482 102.306 -0.150001
      vertex -14.3 98 -0.150001
      vertex -14.3 102.3 -0.150001
    endloop
  endfacet
  facet normal 0 0 1
    outer loop
      vertex -14.8229 98.0228 -0.150001
      vertex -14.4482 102.306 -0.150001
      vertex -14.5952 102.326 -0.150001
    endloop
  endfacet
  facet normal 0 0 1
    outer loop
      vertex -15.3419 98.0912 -0.150001
      vertex -14.5952 102.326 -0.150001
      vertex -14.74 102.358 -0.150001
    endloop
  endfacet
  facet normal 0 0 1
    outer loop
      vertex -14.4482 102.306 -0.150001
      vertex -14.8229 98.0228 -0.150001
      vertex -14.3 98 -0.150001
    endloop
  endfacet
  facet normal 0 0 1
    outer loop
      vertex -15.8529 98.2044 -0.150001
      vertex -14.74 102.358 -0.150001
      vertex -14.8814 102.403 -0.150001
    endloop
  endfacet
  facet normal 0 0 1
    outer loop
      vertex -16.3521 98.3618 -0.150001
      vertex -14.8814 102.403 -0.150001
      vertex -15.0185 102.459 -0.150001
    endloop
  endfacet
  facet normal 0 0 1
    outer loop
      vertex -16.8357 98.5621 -0.150001
      vertex -15.0185 102.459 -0.150001
      vertex -15.15 102.528 -0.150001
    endloop
  endfacet
  facet normal 0 0 1
    outer loop
      vertex -17.3 98.8038 -0.150001
      vertex -15.15 102.528 -0.150001
      vertex -15.2751 102.607 -0.150001
    endloop
  endfacet
  facet normal 0 0 1
    outer loop
      vertex -14.5952 102.326 -0.150001
      vertex -15.3419 98.0912 -0.150001
      vertex -14.8229 98.0228 -0.150001
    endloop
  endfacet
  facet normal 0 0 1
    outer loop
      vertex -17.7415 99.0851 -0.150001
      vertex -15.2751 102.607 -0.150001
      vertex -15.3927 102.698 -0.150001
    endloop
  endfacet
  facet normal 0 0 1
    outer loop
      vertex -18.1567 99.4037 -0.150001
      vertex -15.3927 102.698 -0.150001
      vertex -15.5021 102.798 -0.150001
    endloop
  endfacet
  facet normal 0 0 1
    outer loop
      vertex -18.5426 99.7574 -0.150001
      vertex -15.5021 102.798 -0.150001
      vertex -15.6023 102.907 -0.150001
    endloop
  endfacet
  facet normal 0 0 1
    outer loop
      vertex -18.8963 100.143 -0.150001
      vertex -15.6023 102.907 -0.150001
      vertex -15.6926 103.025 -0.150001
    endloop
  endfacet
  facet normal 0 0 1
    outer loop
      vertex -19.2149 100.559 -0.150001
      vertex -15.6926 103.025 -0.150001
      vertex -15.7722 103.15 -0.150001
    endloop
  endfacet
  facet normal 0 0 1
    outer loop
      vertex -19.4962 101 -0.150001
      vertex -15.7722 103.15 -0.150001
      vertex -15.8407 103.282 -0.150001
    endloop
  endfacet
  facet normal 0 0 1
    outer loop
      vertex -14.74 102.358 -0.150001
      vertex -15.8529 98.2044 -0.150001
      vertex -15.3419 98.0912 -0.150001
    endloop
  endfacet
  facet normal 0 0 1
    outer loop
      vertex -19.7378 101.464 -0.150001
      vertex -15.8407 103.282 -0.150001
      vertex -15.8975 103.419 -0.150001
    endloop
  endfacet
  facet normal 0 0 1
    outer loop
      vertex -19.9382 101.948 -0.150001
      vertex -15.8975 103.419 -0.150001
      vertex -15.9421 103.56 -0.150001
    endloop
  endfacet
  facet normal 0 0 1
    outer loop
      vertex -20.0956 102.447 -0.150001
      vertex -15.9421 103.56 -0.150001
      vertex -15.9742 103.705 -0.150001
    endloop
  endfacet
  facet normal 0 0 1
    outer loop
      vertex -20.2088 102.958 -0.150001
      vertex -15.9742 103.705 -0.150001
      vertex -15.9935 103.852 -0.150001
    endloop
  endfacet
  facet normal 0 0 1
    outer loop
      vertex -20.2772 103.477 -0.150001
      vertex -15.9935 103.852 -0.150001
      vertex -16 104 -0.150001
    endloop
  endfacet
  facet normal 0 0 1
    outer loop
      vertex -15.6926 104.975 -0.150001
      vertex -19.2149 107.441 -0.150001
      vertex -15.7722 104.85 -0.150001
    endloop
  endfacet
  facet normal 0 0 1
    outer loop
      vertex -14.8814 102.403 -0.150001
      vertex -16.3521 98.3618 -0.150001
      vertex -15.8529 98.2044 -0.150001
    endloop
  endfacet
  facet normal -0 0 1
    outer loop
      vertex -19.4962 107 -0.150001
      vertex -15.7722 104.85 -0.150001
      vertex -19.2149 107.441 -0.150001
    endloop
  endfacet
  facet normal 0 0 1
    outer loop
      vertex -15.0185 102.459 -0.150001
      vertex -16.8357 98.5621 -0.150001
      vertex -16.3521 98.3618 -0.150001
    endloop
  endfacet
  facet normal 0 0 1
    outer loop
      vertex -15.7722 104.85 -0.150001
      vertex -19.4962 107 -0.150001
      vertex -15.8407 104.718 -0.150001
    endloop
  endfacet
  facet normal 0 0 1
    outer loop
      vertex -15.15 102.528 -0.150001
      vertex -17.3 98.8038 -0.150001
      vertex -16.8357 98.5621 -0.150001
    endloop
  endfacet
  facet normal -0 0 1
    outer loop
      vertex -19.7378 106.536 -0.150001
      vertex -15.8407 104.718 -0.150001
      vertex -19.4962 107 -0.150001
    endloop
  endfacet
  facet normal 0 0 1
    outer loop
      vertex -15.2751 102.607 -0.150001
      vertex -17.7415 99.0851 -0.150001
      vertex -17.3 98.8038 -0.150001
    endloop
  endfacet
  facet normal 0 0 1
    outer loop
      vertex -15.8407 104.718 -0.150001
      vertex -19.7378 106.536 -0.150001
      vertex -15.8975 104.581 -0.150001
    endloop
  endfacet
  facet normal 0 0 1
    outer loop
      vertex -15.3927 102.698 -0.150001
      vertex -18.1567 99.4037 -0.150001
      vertex -17.7415 99.0851 -0.150001
    endloop
  endfacet
  facet normal -0 0 1
    outer loop
      vertex -19.9382 106.052 -0.150001
      vertex -15.8975 104.581 -0.150001
      vertex -19.7378 106.536 -0.150001
    endloop
  endfacet
  facet normal 0 0 1
    outer loop
      vertex -15.5021 102.798 -0.150001
      vertex -18.5426 99.7574 -0.150001
      vertex -18.1567 99.4037 -0.150001
    endloop
  endfacet
  facet normal 0 0 1
    outer loop
      vertex -15.8975 104.581 -0.150001
      vertex -19.9382 106.052 -0.150001
      vertex -15.9421 104.44 -0.150001
    endloop
  endfacet
  facet normal 0 0 1
    outer loop
      vertex -15.6023 102.907 -0.150001
      vertex -18.8963 100.143 -0.150001
      vertex -18.5426 99.7574 -0.150001
    endloop
  endfacet
  facet normal -0 0 1
    outer loop
      vertex -20.0956 105.553 -0.150001
      vertex -15.9421 104.44 -0.150001
      vertex -19.9382 106.052 -0.150001
    endloop
  endfacet
  facet normal 0 0 1
    outer loop
      vertex -15.6926 103.025 -0.150001
      vertex -19.2149 100.559 -0.150001
      vertex -18.8963 100.143 -0.150001
    endloop
  endfacet
  facet normal 0 0 1
    outer loop
      vertex -15.9421 104.44 -0.150001
      vertex -20.0956 105.553 -0.150001
      vertex -15.9742 104.295 -0.150001
    endloop
  endfacet
  facet normal 0 0 1
    outer loop
      vertex -15.7722 103.15 -0.150001
      vertex -19.4962 101 -0.150001
      vertex -19.2149 100.559 -0.150001
    endloop
  endfacet
  facet normal -0 0 1
    outer loop
      vertex -20.2088 105.042 -0.150001
      vertex -15.9742 104.295 -0.150001
      vertex -20.0956 105.553 -0.150001
    endloop
  endfacet
  facet normal 0 0 1
    outer loop
      vertex -15.8407 103.282 -0.150001
      vertex -19.7378 101.464 -0.150001
      vertex -19.4962 101 -0.150001
    endloop
  endfacet
  facet normal 0 0 1
    outer loop
      vertex -15.9742 104.295 -0.150001
      vertex -20.2088 105.042 -0.150001
      vertex -15.9935 104.148 -0.150001
    endloop
  endfacet
  facet normal 0 0 1
    outer loop
      vertex -15.8975 103.419 -0.150001
      vertex -19.9382 101.948 -0.150001
      vertex -19.7378 101.464 -0.150001
    endloop
  endfacet
  facet normal -0 0 1
    outer loop
      vertex -20.2772 104.523 -0.150001
      vertex -15.9935 104.148 -0.150001
      vertex -20.2088 105.042 -0.150001
    endloop
  endfacet
  facet normal 0 0 1
    outer loop
      vertex -15.9421 103.56 -0.150001
      vertex -20.0956 102.447 -0.150001
      vertex -19.9382 101.948 -0.150001
    endloop
  endfacet
  facet normal 0 0 1
    outer loop
      vertex -15.9935 104.148 -0.150001
      vertex -20.2772 104.523 -0.150001
      vertex -16 104 -0.150001
    endloop
  endfacet
  facet normal 0 0 1
    outer loop
      vertex -15.9742 103.705 -0.150001
      vertex -20.2088 102.958 -0.150001
      vertex -20.0956 102.447 -0.150001
    endloop
  endfacet
  facet normal 0 0 1
    outer loop
      vertex -20.3 104 -0.150001
      vertex -16 104 -0.150001
      vertex -20.2772 104.523 -0.150001
    endloop
  endfacet
  facet normal 0 0 1
    outer loop
      vertex -15.9935 103.852 -0.150001
      vertex -20.2772 103.477 -0.150001
      vertex -20.2088 102.958 -0.150001
    endloop
  endfacet
  facet normal 0 0 1
    outer loop
      vertex -16 104 -0.150001
      vertex -20.3 104 -0.150001
      vertex -20.2772 103.477 -0.150001
    endloop
  endfacet
  facet normal -0.793913 0.608031 0
    outer loop
      vertex -19.2149 107.441 -9
      vertex -18.8963 107.857 -0.150001
      vertex -18.8963 107.857 -9
    endloop
  endfacet
  facet normal -0.793913 0.608031 0
    outer loop
      vertex -18.8963 107.857 -0.150001
      vertex -19.2149 107.441 -9
      vertex -19.2149 107.441 -0.150001
    endloop
  endfacet
  facet normal -0.886966 -0.461834 0
    outer loop
      vertex -19.4962 101 -9
      vertex -19.7378 101.464 -0.150001
      vertex -19.7378 101.464 -9
    endloop
  endfacet
  facet normal -0.886966 -0.461834 0
    outer loop
      vertex -19.7378 101.464 -0.150001
      vertex -19.4962 101 -9
      vertex -19.4962 101 -0.150001
    endloop
  endfacet
  facet normal -0.736932 -0.675967 0
    outer loop
      vertex -18.5426 99.7574 -9
      vertex -18.8963 100.143 -0.150001
      vertex -18.8963 100.143 -9
    endloop
  endfacet
  facet normal -0.736932 -0.675967 0
    outer loop
      vertex -18.8963 100.143 -0.150001
      vertex -18.5426 99.7574 -9
      vertex -18.5426 99.7574 -0.150001
    endloop
  endfacet
  facet normal -0.675681 -0.737194 0
    outer loop
      vertex -18.5426 99.7574 -9
      vertex -18.1567 99.4037 -0.150001
      vertex -18.5426 99.7574 -0.150001
    endloop
  endfacet
  facet normal -0.675681 -0.737194 -0
    outer loop
      vertex -18.1567 99.4037 -0.150001
      vertex -18.5426 99.7574 -9
      vertex -18.1567 99.4037 -9
    endloop
  endfacet
  facet normal -0.043943 0.999034 0
    outer loop
      vertex -14.3 110 -9
      vertex -14.8229 109.977 -0.150001
      vertex -14.3 110 -0.150001
    endloop
  endfacet
  facet normal -0.043943 0.999034 0
    outer loop
      vertex -14.8229 109.977 -0.150001
      vertex -14.3 110 -9
      vertex -14.8229 109.977 -9
    endloop
  endfacet
  facet normal -0.953681 0.30082 0
    outer loop
      vertex -20.0956 105.553 -9
      vertex -19.9382 106.052 -0.150001
      vertex -19.9382 106.052 -9
    endloop
  endfacet
  facet normal -0.953681 0.30082 0
    outer loop
      vertex -19.9382 106.052 -0.150001
      vertex -20.0956 105.553 -9
      vertex -20.0956 105.553 -0.150001
    endloop
  endfacet
  facet normal -0.536937 0.843622 0
    outer loop
      vertex -17.3 109.196 -9
      vertex -17.7415 108.915 -0.150001
      vertex -17.3 109.196 -0.150001
    endloop
  endfacet
  facet normal -0.536937 0.843622 0
    outer loop
      vertex -17.7415 108.915 -0.150001
      vertex -17.3 109.196 -9
      vertex -17.7415 108.915 -9
    endloop
  endfacet
  facet normal -0.953681 -0.30082 0
    outer loop
      vertex -19.9382 101.948 -9
      vertex -20.0956 102.447 -0.150001
      vertex -20.0956 102.447 -9
    endloop
  endfacet
  facet normal -0.953681 -0.30082 0
    outer loop
      vertex -20.0956 102.447 -0.150001
      vertex -19.9382 101.948 -9
      vertex -19.9382 101.948 -0.150001
    endloop
  endfacet
  facet normal -0.793913 -0.608031 0
    outer loop
      vertex -18.8963 100.143 -9
      vertex -19.2149 100.559 -0.150001
      vertex -19.2149 100.559 -9
    endloop
  endfacet
  facet normal -0.793913 -0.608031 0
    outer loop
      vertex -19.2149 100.559 -0.150001
      vertex -18.8963 100.143 -9
      vertex -18.8963 100.143 -0.150001
    endloop
  endfacet
  facet normal -0.923933 -0.382554 0
    outer loop
      vertex -19.7378 101.464 -9
      vertex -19.9382 101.948 -0.150001
      vertex -19.9382 101.948 -9
    endloop
  endfacet
  facet normal -0.923933 -0.382554 0
    outer loop
      vertex -19.9382 101.948 -0.150001
      vertex -19.7378 101.464 -9
      vertex -19.7378 101.464 -0.150001
    endloop
  endfacet
  facet normal -0.537345 -0.843362 0
    outer loop
      vertex -17.7415 99.0851 -9
      vertex -17.3 98.8038 -0.150001
      vertex -17.7415 99.0851 -0.150001
    endloop
  endfacet
  facet normal -0.537345 -0.843362 -0
    outer loop
      vertex -17.3 98.8038 -0.150001
      vertex -17.7415 99.0851 -9
      vertex -17.3 98.8038 -9
    endloop
  endfacet
  facet normal -0.215919 0.976411 0
    outer loop
      vertex -15.3419 109.909 -9
      vertex -15.8529 109.796 -0.150001
      vertex -15.3419 109.909 -0.150001
    endloop
  endfacet
  facet normal -0.215919 0.976411 0
    outer loop
      vertex -15.8529 109.796 -0.150001
      vertex -15.3419 109.909 -9
      vertex -15.8529 109.796 -9
    endloop
  endfacet
  facet normal -0.129911 0.991526 0
    outer loop
      vertex -14.8229 109.977 -9
      vertex -15.3419 109.909 -0.150001
      vertex -14.8229 109.977 -0.150001
    endloop
  endfacet
  facet normal -0.129911 0.991526 0
    outer loop
      vertex -15.3419 109.909 -0.150001
      vertex -14.8229 109.977 -9
      vertex -15.3419 109.909 -9
    endloop
  endfacet
  facet normal -0.999051 0.0435533 0
    outer loop
      vertex -20.3 104 -9
      vertex -20.2772 104.523 -0.150001
      vertex -20.2772 104.523 -9
    endloop
  endfacet
  facet normal -0.999051 0.0435533 0
    outer loop
      vertex -20.2772 104.523 -0.150001
      vertex -20.3 104 -9
      vertex -20.3 104 -0.150001
    endloop
  endfacet
  facet normal -0.991427 0.130662 0
    outer loop
      vertex -20.2772 104.523 -9
      vertex -20.2088 105.042 -0.150001
      vertex -20.2088 105.042 -9
    endloop
  endfacet
  facet normal -0.991427 0.130662 0
    outer loop
      vertex -20.2088 105.042 -0.150001
      vertex -20.2772 104.523 -9
      vertex -20.2772 104.523 -0.150001
    endloop
  endfacet
  facet normal -0.976331 0.216283 0
    outer loop
      vertex -20.2088 105.042 -9
      vertex -20.0956 105.553 -0.150001
      vertex -20.0956 105.553 -9
    endloop
  endfacet
  facet normal -0.976331 0.216283 0
    outer loop
      vertex -20.0956 105.553 -0.150001
      vertex -20.2088 105.042 -9
      vertex -20.2088 105.042 -0.150001
    endloop
  endfacet
  facet normal -0.886966 0.461834 0
    outer loop
      vertex -19.7378 106.536 -9
      vertex -19.4962 107 -0.150001
      vertex -19.4962 107 -9
    endloop
  endfacet
  facet normal -0.886966 0.461834 0
    outer loop
      vertex -19.4962 107 -0.150001
      vertex -19.7378 106.536 -9
      vertex -19.7378 106.536 -0.150001
    endloop
  endfacet
  facet normal -0.843086 0.537778 0
    outer loop
      vertex -19.4962 107 -9
      vertex -19.2149 107.441 -0.150001
      vertex -19.2149 107.441 -9
    endloop
  endfacet
  facet normal -0.843086 0.537778 0
    outer loop
      vertex -19.2149 107.441 -0.150001
      vertex -19.4962 107 -9
      vertex -19.4962 107 -0.150001
    endloop
  endfacet
  facet normal -0.923933 0.382554 0
    outer loop
      vertex -19.9382 106.052 -9
      vertex -19.7378 106.536 -0.150001
      vertex -19.7378 106.536 -9
    endloop
  endfacet
  facet normal -0.923933 0.382554 0
    outer loop
      vertex -19.7378 106.536 -0.150001
      vertex -19.9382 106.052 -9
      vertex -19.9382 106.052 -0.150001
    endloop
  endfacet
  facet normal -0.737281 0.675586 0
    outer loop
      vertex -18.8963 107.857 -9
      vertex -18.5426 108.243 -0.150001
      vertex -18.5426 108.243 -9
    endloop
  endfacet
  facet normal -0.737281 0.675586 0
    outer loop
      vertex -18.5426 108.243 -0.150001
      vertex -18.8963 107.857 -9
      vertex -18.8963 107.857 -0.150001
    endloop
  endfacet
  facet normal -0.674954 0.73786 0
    outer loop
      vertex -18.1567 108.596 -9
      vertex -18.5426 108.243 -0.150001
      vertex -18.1567 108.596 -0.150001
    endloop
  endfacet
  facet normal -0.674954 0.73786 0
    outer loop
      vertex -18.5426 108.243 -0.150001
      vertex -18.1567 108.596 -9
      vertex -18.5426 108.243 -9
    endloop
  endfacet
  facet normal -0.609249 0.792979 0
    outer loop
      vertex -17.7415 108.915 -9
      vertex -18.1567 108.596 -0.150001
      vertex -17.7415 108.915 -0.150001
    endloop
  endfacet
  facet normal -0.609249 0.792979 0
    outer loop
      vertex -18.1567 108.596 -0.150001
      vertex -17.7415 108.915 -9
      vertex -18.1567 108.596 -9
    endloop
  endfacet
  facet normal -0.4622 0.886775 0
    outer loop
      vertex -16.8357 109.438 -9
      vertex -17.3 109.196 -0.150001
      vertex -16.8357 109.438 -0.150001
    endloop
  endfacet
  facet normal -0.4622 0.886775 0
    outer loop
      vertex -17.3 109.196 -0.150001
      vertex -16.8357 109.438 -9
      vertex -17.3 109.196 -9
    endloop
  endfacet
  facet normal -0.382172 0.924091 0
    outer loop
      vertex -16.3521 109.638 -9
      vertex -16.8357 109.438 -0.150001
      vertex -16.3521 109.638 -0.150001
    endloop
  endfacet
  facet normal -0.382172 0.924091 0
    outer loop
      vertex -16.8357 109.438 -0.150001
      vertex -16.3521 109.638 -9
      vertex -16.8357 109.438 -9
    endloop
  endfacet
  facet normal -0.301753 0.953386 0
    outer loop
      vertex -15.8529 109.796 -9
      vertex -16.3521 109.638 -0.150001
      vertex -15.8529 109.796 -0.150001
    endloop
  endfacet
  facet normal -0.301753 0.953386 0
    outer loop
      vertex -16.3521 109.638 -0.150001
      vertex -15.8529 109.796 -9
      vertex -16.3521 109.638 -9
    endloop
  endfacet
  facet normal -0.843086 -0.537778 0
    outer loop
      vertex -19.2149 100.559 -9
      vertex -19.4962 101 -0.150001
      vertex -19.4962 101 -9
    endloop
  endfacet
  facet normal -0.843086 -0.537778 0
    outer loop
      vertex -19.4962 101 -0.150001
      vertex -19.2149 100.559 -9
      vertex -19.2149 100.559 -0.150001
    endloop
  endfacet
  facet normal -0.976331 -0.216283 0
    outer loop
      vertex -20.0956 102.447 -9
      vertex -20.2088 102.958 -0.150001
      vertex -20.2088 102.958 -9
    endloop
  endfacet
  facet normal -0.976331 -0.216283 0
    outer loop
      vertex -20.2088 102.958 -0.150001
      vertex -20.0956 102.447 -9
      vertex -20.0956 102.447 -0.150001
    endloop
  endfacet
  facet normal -0.46175 -0.88701 0
    outer loop
      vertex -17.3 98.8038 -9
      vertex -16.8357 98.5621 -0.150001
      vertex -17.3 98.8038 -0.150001
    endloop
  endfacet
  facet normal -0.46175 -0.88701 -0
    outer loop
      vertex -16.8357 98.5621 -0.150001
      vertex -17.3 98.8038 -9
      vertex -16.8357 98.5621 -9
    endloop
  endfacet
  facet normal -0.130662 -0.991427 0
    outer loop
      vertex -15.3419 98.0912 -9
      vertex -14.8229 98.0228 -0.150001
      vertex -15.3419 98.0912 -0.150001
    endloop
  endfacet
  facet normal -0.130662 -0.991427 -0
    outer loop
      vertex -14.8229 98.0228 -0.150001
      vertex -15.3419 98.0912 -9
      vertex -14.8229 98.0228 -9
    endloop
  endfacet
  facet normal -0.608768 -0.793348 0
    outer loop
      vertex -18.1567 99.4037 -9
      vertex -17.7415 99.0851 -0.150001
      vertex -18.1567 99.4037 -0.150001
    endloop
  endfacet
  facet normal -0.608768 -0.793348 -0
    outer loop
      vertex -17.7415 99.0851 -0.150001
      vertex -18.1567 99.4037 -9
      vertex -17.7415 99.0851 -9
    endloop
  endfacet
  facet normal -0.0435616 -0.999051 0
    outer loop
      vertex -14.8229 98.0228 -9
      vertex -14.3 98 -0.150001
      vertex -14.8229 98.0228 -0.150001
    endloop
  endfacet
  facet normal -0.0435616 -0.999051 -0
    outer loop
      vertex -14.3 98 -0.150001
      vertex -14.8229 98.0228 -9
      vertex -14.3 98 -9
    endloop
  endfacet
  facet normal -1 0 0
    outer loop
      vertex -6 -98 -0.150001
      vertex -6 -104.805 6.39541
      vertex -6 -104.8 6.5
    endloop
  endfacet
  facet normal -1 0 0
    outer loop
      vertex -6 -98 -0.150001
      vertex -6 -104.818 6.29162
      vertex -6 -104.805 6.39541
    endloop
  endfacet
  facet normal -1 0 0
    outer loop
      vertex -6 -98 -0.150001
      vertex -6 -104.841 6.18942
      vertex -6 -104.818 6.29162
    endloop
  endfacet
  facet normal -1 0 0
    outer loop
      vertex -6 -98 -0.150001
      vertex -6 -104.872 6.08958
      vertex -6 -104.841 6.18942
    endloop
  endfacet
  facet normal -1 0 0
    outer loop
      vertex -6 -98 -0.150001
      vertex -6 -104.912 5.99286
      vertex -6 -104.872 6.08958
    endloop
  endfacet
  facet normal -1 0 0
    outer loop
      vertex -6 -98 -0.150001
      vertex -6 -104.961 5.9
      vertex -6 -104.912 5.99286
    endloop
  endfacet
  facet normal -1 0 0
    outer loop
      vertex -6 -98 -0.150001
      vertex -6 -105.017 5.81171
      vertex -6 -104.961 5.9
    endloop
  endfacet
  facet normal -1 0 0
    outer loop
      vertex -6 -98 -0.150001
      vertex -6 -105.081 5.72865
      vertex -6 -105.017 5.81171
    endloop
  endfacet
  facet normal -1 0 0
    outer loop
      vertex -6 -98 -0.150001
      vertex -6 -105.151 5.65147
      vertex -6 -105.081 5.72865
    endloop
  endfacet
  facet normal -1 0 0
    outer loop
      vertex -6 -98 -0.150001
      vertex -6 -105.229 5.58075
      vertex -6 -105.151 5.65147
    endloop
  endfacet
  facet normal -1 0 0
    outer loop
      vertex -6 -98 -0.150001
      vertex -6 -105.312 5.51702
      vertex -6 -105.229 5.58075
    endloop
  endfacet
  facet normal -1 0 0
    outer loop
      vertex -6 -98 -0.150001
      vertex -6 -105.4 5.46077
      vertex -6 -105.312 5.51702
    endloop
  endfacet
  facet normal -1 0 0
    outer loop
      vertex -6 -98 -0.150001
      vertex -6 -105.493 5.41243
      vertex -6 -105.4 5.46077
    endloop
  endfacet
  facet normal -1 0 0
    outer loop
      vertex -6 -98 -0.150001
      vertex -6 -105.59 5.37237
      vertex -6 -105.493 5.41243
    endloop
  endfacet
  facet normal -1 0 0
    outer loop
      vertex -6 -98 -0.150001
      vertex -6 -105.689 5.34089
      vertex -6 -105.59 5.37237
    endloop
  endfacet
  facet normal -1 0 0
    outer loop
      vertex -6 -110 -0.150001
      vertex -6 -105.689 5.34089
      vertex -6 -98 -0.150001
    endloop
  endfacet
  facet normal -1 0 0
    outer loop
      vertex -6 -105.689 5.34089
      vertex -6 -110 -0.150001
      vertex -6 -105.792 5.31823
    endloop
  endfacet
  facet normal -1 0 0
    outer loop
      vertex -6 -105.792 5.31823
      vertex -6 -110 -0.150001
      vertex -6 -105.895 5.30457
    endloop
  endfacet
  facet normal -1 0 0
    outer loop
      vertex -6 -105.895 5.30457
      vertex -6 -110 -0.150001
      vertex -6 -106 5.3
    endloop
  endfacet
  facet normal -1 -0 0
    outer loop
      vertex -6 -106 5.3
      vertex -6 -110 -0.150001
      vertex -6 -106.105 5.30457
    endloop
  endfacet
  facet normal -1 -0 0
    outer loop
      vertex -6 -106.105 5.30457
      vertex -6 -110 -0.150001
      vertex -6 -106.208 5.31823
    endloop
  endfacet
  facet normal -1 -0 0
    outer loop
      vertex -6 -106.208 5.31823
      vertex -6 -110 -0.150001
      vertex -6 -106.311 5.34089
    endloop
  endfacet
  facet normal -1 -0 0
    outer loop
      vertex -6 -106.311 5.34089
      vertex -6 -110 -0.150001
      vertex -6 -106.41 5.37237
    endloop
  endfacet
  facet normal -1 -0 0
    outer loop
      vertex -6 -106.41 5.37237
      vertex -6 -110 -0.150001
      vertex -6 -106.507 5.41243
    endloop
  endfacet
  facet normal -1 -0 0
    outer loop
      vertex -6 -106.507 5.41243
      vertex -6 -110 -0.150001
      vertex -6 -106.6 5.46077
    endloop
  endfacet
  facet normal -1 0 0
    outer loop
      vertex -6 -107.182 6.29162
      vertex -6 -110 9
      vertex -6 -107.195 6.39541
    endloop
  endfacet
  facet normal -1 0 0
    outer loop
      vertex -6 -107.159 6.18942
      vertex -6 -110 9
      vertex -6 -107.182 6.29162
    endloop
  endfacet
  facet normal -1 0 0
    outer loop
      vertex -6 -107.128 6.08958
      vertex -6 -110 9
      vertex -6 -107.159 6.18942
    endloop
  endfacet
  facet normal -1 0 0
    outer loop
      vertex -6 -110 9
      vertex -6 -107.128 6.08958
      vertex -6 -110 -0.150001
    endloop
  endfacet
  facet normal -1 -0 0
    outer loop
      vertex -6 -107.088 5.99286
      vertex -6 -110 -0.150001
      vertex -6 -107.128 6.08958
    endloop
  endfacet
  facet normal -1 -0 0
    outer loop
      vertex -6 -107.039 5.9
      vertex -6 -110 -0.150001
      vertex -6 -107.088 5.99286
    endloop
  endfacet
  facet normal -1 -0 0
    outer loop
      vertex -6 -106.983 5.81171
      vertex -6 -110 -0.150001
      vertex -6 -107.039 5.9
    endloop
  endfacet
  facet normal -1 -0 0
    outer loop
      vertex -6 -106.919 5.72865
      vertex -6 -110 -0.150001
      vertex -6 -106.983 5.81171
    endloop
  endfacet
  facet normal -1 -0 0
    outer loop
      vertex -6 -106.849 5.65147
      vertex -6 -110 -0.150001
      vertex -6 -106.919 5.72865
    endloop
  endfacet
  facet normal -1 -0 0
    outer loop
      vertex -6 -106.771 5.58075
      vertex -6 -110 -0.150001
      vertex -6 -106.849 5.65147
    endloop
  endfacet
  facet normal -1 -0 0
    outer loop
      vertex -6 -106.688 5.51702
      vertex -6 -110 -0.150001
      vertex -6 -106.771 5.58075
    endloop
  endfacet
  facet normal -1 -0 0
    outer loop
      vertex -6 -106.6 5.46077
      vertex -6 -110 -0.150001
      vertex -6 -106.688 5.51702
    endloop
  endfacet
  facet normal -1 0 0
    outer loop
      vertex -6 67.1591 -0.310583
      vertex -6 98 -0.150001
      vertex -6 98 -9
    endloop
  endfacet
  facet normal -1 0 0
    outer loop
      vertex -6 98 -0.150001
      vertex -6 67.1954 -0.104588
      vertex -6 67.2 0
    endloop
  endfacet
  facet normal -1 -0 0
    outer loop
      vertex -6 98 -0.150001
      vertex -6 67.1818 -0.208378
      vertex -6 67.1954 -0.104588
    endloop
  endfacet
  facet normal -1 0 0
    outer loop
      vertex -6 98 -0.150001
      vertex -6 67.1591 -0.310583
      vertex -6 67.1818 -0.208378
    endloop
  endfacet
  facet normal -1 0 0
    outer loop
      vertex -6 98 -9
      vertex -6 67.1276 -0.410424
      vertex -6 67.1591 -0.310583
    endloop
  endfacet
  facet normal -1 0 0
    outer loop
      vertex -6 98 -9
      vertex -6 67.0876 -0.507142
      vertex -6 67.1276 -0.410424
    endloop
  endfacet
  facet normal -1 0 0
    outer loop
      vertex -6 98 -9
      vertex -6 67.0392 -0.6
      vertex -6 67.0876 -0.507142
    endloop
  endfacet
  facet normal -1 0 0
    outer loop
      vertex -6 98 -9
      vertex -6 66.983 -0.688293
      vertex -6 67.0392 -0.6
    endloop
  endfacet
  facet normal -1 0 0
    outer loop
      vertex -6 98 -9
      vertex -6 66.9193 -0.771345
      vertex -6 66.983 -0.688293
    endloop
  endfacet
  facet normal -1 0 0
    outer loop
      vertex -6 98 -9
      vertex -6 66.8485 -0.848529
      vertex -6 66.9193 -0.771345
    endloop
  endfacet
  facet normal -1 0 0
    outer loop
      vertex -6 98 -9
      vertex -6 66.7713 -0.919253
      vertex -6 66.8485 -0.848529
    endloop
  endfacet
  facet normal -1 0 0
    outer loop
      vertex -6 98 -9
      vertex -6 66.6883 -0.982983
      vertex -6 66.7713 -0.919253
    endloop
  endfacet
  facet normal -1 0 0
    outer loop
      vertex -6 98 -9
      vertex -6 66.6 -1.03923
      vertex -6 66.6883 -0.982983
    endloop
  endfacet
  facet normal -1 0 0
    outer loop
      vertex -6 98 -9
      vertex -6 66.5071 -1.08757
      vertex -6 66.6 -1.03923
    endloop
  endfacet
  facet normal -1 0 0
    outer loop
      vertex -6 98 -9
      vertex -6 66.4104 -1.12763
      vertex -6 66.5071 -1.08757
    endloop
  endfacet
  facet normal -1 0 0
    outer loop
      vertex -6 98 -9
      vertex -6 66.3106 -1.15911
      vertex -6 66.4104 -1.12763
    endloop
  endfacet
  facet normal -1 0 0
    outer loop
      vertex -6 98 -9
      vertex -6 66.2084 -1.18177
      vertex -6 66.3106 -1.15911
    endloop
  endfacet
  facet normal -1 0 0
    outer loop
      vertex -6 98 -9
      vertex -6 66.1046 -1.19543
      vertex -6 66.2084 -1.18177
    endloop
  endfacet
  facet normal -1 0 0
    outer loop
      vertex -6 98 -9
      vertex -6 66 -1.2
      vertex -6 66.1046 -1.19543
    endloop
  endfacet
  facet normal -1 0 0
    outer loop
      vertex -6 98 -9
      vertex -6 65.8954 -1.19543
      vertex -6 66 -1.2
    endloop
  endfacet
  facet normal -1 0 0
    outer loop
      vertex -6 38.1046 -1.19543
      vertex -6 65.8954 -1.19543
      vertex -6 98 -9
    endloop
  endfacet
  facet normal -1 0 0
    outer loop
      vertex -6 65.8954 -1.19543
      vertex -6 38.1046 -1.19543
      vertex -6 65.7916 -1.18177
    endloop
  endfacet
  facet normal -1 0 0
    outer loop
      vertex -6 64.8046 -0.104588
      vertex -6 39.2 0
      vertex -6 64.8 0
    endloop
  endfacet
  facet normal -1 0 0
    outer loop
      vertex -6 39.1954 -0.104588
      vertex -6 64.8046 -0.104588
      vertex -6 64.8182 -0.208378
    endloop
  endfacet
  facet normal -1 0 0
    outer loop
      vertex -6 39.1818 -0.208378
      vertex -6 64.8182 -0.208378
      vertex -6 64.8409 -0.310583
    endloop
  endfacet
  facet normal -1 0 0
    outer loop
      vertex -6 39.1591 -0.310583
      vertex -6 64.8409 -0.310583
      vertex -6 64.8724 -0.410424
    endloop
  endfacet
  facet normal -1 0 0
    outer loop
      vertex -6 39.1276 -0.410424
      vertex -6 64.8724 -0.410424
      vertex -6 64.9124 -0.507142
    endloop
  endfacet
  facet normal -1 0 0
    outer loop
      vertex -6 39.0876 -0.507142
      vertex -6 64.9124 -0.507142
      vertex -6 64.9608 -0.6
    endloop
  endfacet
  facet normal -1 0 0
    outer loop
      vertex -6 39.0392 -0.6
      vertex -6 64.9608 -0.6
      vertex -6 65.017 -0.688293
    endloop
  endfacet
  facet normal -1 0 0
    outer loop
      vertex -6 38.983 -0.688293
      vertex -6 65.017 -0.688293
      vertex -6 65.0807 -0.771345
    endloop
  endfacet
  facet normal -1 0 0
    outer loop
      vertex -6 38.9193 -0.771345
      vertex -6 65.0807 -0.771345
      vertex -6 65.1515 -0.848529
    endloop
  endfacet
  facet normal -1 0 0
    outer loop
      vertex -6 38.8485 -0.848529
      vertex -6 65.1515 -0.848529
      vertex -6 65.2287 -0.919253
    endloop
  endfacet
  facet normal -1 0 0
    outer loop
      vertex -6 38.7713 -0.919253
      vertex -6 65.2287 -0.919253
      vertex -6 65.3117 -0.982983
    endloop
  endfacet
  facet normal -1 0 0
    outer loop
      vertex -6 38.6883 -0.982983
      vertex -6 65.3117 -0.982983
      vertex -6 65.4 -1.03923
    endloop
  endfacet
  facet normal -1 0 0
    outer loop
      vertex -6 38.6 -1.03923
      vertex -6 65.4 -1.03923
      vertex -6 65.4929 -1.08757
    endloop
  endfacet
  facet normal -1 0 0
    outer loop
      vertex -6 38.5071 -1.08757
      vertex -6 65.4929 -1.08757
      vertex -6 65.5896 -1.12763
    endloop
  endfacet
  facet normal -1 0 0
    outer loop
      vertex -6 38.4104 -1.12763
      vertex -6 65.5896 -1.12763
      vertex -6 65.6894 -1.15911
    endloop
  endfacet
  facet normal -1 0 -0
    outer loop
      vertex -6 38.2084 -1.18177
      vertex -6 65.7916 -1.18177
      vertex -6 38.1046 -1.19543
    endloop
  endfacet
  facet normal -1 0 0
    outer loop
      vertex -6 64.8046 -0.104588
      vertex -6 39.1954 -0.104588
      vertex -6 39.2 0
    endloop
  endfacet
  facet normal -1 0 0
    outer loop
      vertex -6 64.8182 -0.208378
      vertex -6 39.1818 -0.208378
      vertex -6 39.1954 -0.104588
    endloop
  endfacet
  facet normal -1 0 0
    outer loop
      vertex -6 64.8409 -0.310583
      vertex -6 39.1591 -0.310583
      vertex -6 39.1818 -0.208378
    endloop
  endfacet
  facet normal -1 0 0
    outer loop
      vertex -6 64.8724 -0.410424
      vertex -6 39.1276 -0.410424
      vertex -6 39.1591 -0.310583
    endloop
  endfacet
  facet normal -1 0 0
    outer loop
      vertex -6 64.9124 -0.507142
      vertex -6 39.0876 -0.507142
      vertex -6 39.1276 -0.410424
    endloop
  endfacet
  facet normal -1 0 0
    outer loop
      vertex -6 64.9608 -0.6
      vertex -6 39.0392 -0.6
      vertex -6 39.0876 -0.507142
    endloop
  endfacet
  facet normal -1 0 0
    outer loop
      vertex -6 65.017 -0.688293
      vertex -6 38.983 -0.688293
      vertex -6 39.0392 -0.6
    endloop
  endfacet
  facet normal -1 0 0
    outer loop
      vertex -6 65.0807 -0.771345
      vertex -6 38.9193 -0.771345
      vertex -6 38.983 -0.688293
    endloop
  endfacet
  facet normal -1 0 0
    outer loop
      vertex -6 65.1515 -0.848529
      vertex -6 38.8485 -0.848529
      vertex -6 38.9193 -0.771345
    endloop
  endfacet
  facet normal -1 0 0
    outer loop
      vertex -6 65.2287 -0.919253
      vertex -6 38.7713 -0.919253
      vertex -6 38.8485 -0.848529
    endloop
  endfacet
  facet normal -1 0 0
    outer loop
      vertex -6 65.3117 -0.982983
      vertex -6 38.6883 -0.982983
      vertex -6 38.7713 -0.919253
    endloop
  endfacet
  facet normal -1 0 0
    outer loop
      vertex -6 65.4 -1.03923
      vertex -6 38.6 -1.03923
      vertex -6 38.6883 -0.982983
    endloop
  endfacet
  facet normal -1 0 0
    outer loop
      vertex -6 65.4929 -1.08757
      vertex -6 38.5071 -1.08757
      vertex -6 38.6 -1.03923
    endloop
  endfacet
  facet normal -1 0 0
    outer loop
      vertex -6 65.5896 -1.12763
      vertex -6 38.4104 -1.12763
      vertex -6 38.5071 -1.08757
    endloop
  endfacet
  facet normal -1 0 0
    outer loop
      vertex -6 65.6894 -1.15911
      vertex -6 38.3106 -1.15911
      vertex -6 38.4104 -1.12763
    endloop
  endfacet
  facet normal -1 -0 0
    outer loop
      vertex -6 65.6894 -1.15911
      vertex -6 38.2084 -1.18177
      vertex -6 38.3106 -1.15911
    endloop
  endfacet
  facet normal -1 0 0
    outer loop
      vertex -6 65.7916 -1.18177
      vertex -6 38.2084 -1.18177
      vertex -6 65.6894 -1.15911
    endloop
  endfacet
  facet normal -1 0 0
    outer loop
      vertex -6 98 -9
      vertex -6 38 -1.2
      vertex -6 38.1046 -1.19543
    endloop
  endfacet
  facet normal -1 0 0
    outer loop
      vertex -6 98 -9
      vertex -6 37.8954 -1.19543
      vertex -6 38 -1.2
    endloop
  endfacet
  facet normal -1 0 0
    outer loop
      vertex -6 -98 -0.150001
      vertex -6 36.8046 -0.104588
      vertex -6 -98 -9
    endloop
  endfacet
  facet normal -1 -0 0
    outer loop
      vertex -6 36.8182 -0.208378
      vertex -6 -98 -9
      vertex -6 36.8046 -0.104588
    endloop
  endfacet
  facet normal -1 -0 0
    outer loop
      vertex -6 36.8409 -0.310583
      vertex -6 -98 -9
      vertex -6 36.8182 -0.208378
    endloop
  endfacet
  facet normal -1 -0 0
    outer loop
      vertex -6 36.8724 -0.410424
      vertex -6 -98 -9
      vertex -6 36.8409 -0.310583
    endloop
  endfacet
  facet normal -1 -0 0
    outer loop
      vertex -6 36.9124 -0.507142
      vertex -6 -98 -9
      vertex -6 36.8724 -0.410424
    endloop
  endfacet
  facet normal -1 -0 0
    outer loop
      vertex -6 36.9608 -0.6
      vertex -6 -98 -9
      vertex -6 36.9124 -0.507142
    endloop
  endfacet
  facet normal -1 -0 0
    outer loop
      vertex -6 37.017 -0.688293
      vertex -6 -98 -9
      vertex -6 36.9608 -0.6
    endloop
  endfacet
  facet normal -1 -0 0
    outer loop
      vertex -6 37.0807 -0.771345
      vertex -6 -98 -9
      vertex -6 37.017 -0.688293
    endloop
  endfacet
  facet normal -1 -0 0
    outer loop
      vertex -6 37.1515 -0.848529
      vertex -6 -98 -9
      vertex -6 37.0807 -0.771345
    endloop
  endfacet
  facet normal -1 -0 0
    outer loop
      vertex -6 37.2287 -0.919253
      vertex -6 -98 -9
      vertex -6 37.1515 -0.848529
    endloop
  endfacet
  facet normal -1 -0 0
    outer loop
      vertex -6 37.3117 -0.982983
      vertex -6 -98 -9
      vertex -6 37.2287 -0.919253
    endloop
  endfacet
  facet normal -1 -0 0
    outer loop
      vertex -6 37.4 -1.03923
      vertex -6 -98 -9
      vertex -6 37.3117 -0.982983
    endloop
  endfacet
  facet normal -1 -0 0
    outer loop
      vertex -6 37.4929 -1.08757
      vertex -6 -98 -9
      vertex -6 37.4 -1.03923
    endloop
  endfacet
  facet normal -1 -0 0
    outer loop
      vertex -6 37.5896 -1.12763
      vertex -6 -98 -9
      vertex -6 37.4929 -1.08757
    endloop
  endfacet
  facet normal -1 -0 0
    outer loop
      vertex -6 37.6894 -1.15911
      vertex -6 -98 -9
      vertex -6 37.5896 -1.12763
    endloop
  endfacet
  facet normal -1 -0 0
    outer loop
      vertex -6 37.7916 -1.18177
      vertex -6 -98 -9
      vertex -6 37.6894 -1.15911
    endloop
  endfacet
  facet normal -1 -0 0
    outer loop
      vertex -6 37.8954 -1.19543
      vertex -6 -98 -9
      vertex -6 37.7916 -1.18177
    endloop
  endfacet
  facet normal -1 0 0
    outer loop
      vertex -6 -98 -9
      vertex -6 37.8954 -1.19543
      vertex -6 98 -9
    endloop
  endfacet
  facet normal -1 0 0
    outer loop
      vertex -6 107.128 6.08958
      vertex -6 110 9
      vertex -6 110 -0.150001
    endloop
  endfacet
  facet normal -1 0 0
    outer loop
      vertex -6 110 9
      vertex -6 107.195 6.39541
      vertex -6 107.2 6.5
    endloop
  endfacet
  facet normal -1 0 0
    outer loop
      vertex -6 110 9
      vertex -6 107.182 6.29162
      vertex -6 107.195 6.39541
    endloop
  endfacet
  facet normal -1 0 0
    outer loop
      vertex -6 110 9
      vertex -6 107.159 6.18942
      vertex -6 107.182 6.29162
    endloop
  endfacet
  facet normal -1 0 0
    outer loop
      vertex -6 110 9
      vertex -6 107.128 6.08958
      vertex -6 107.159 6.18942
    endloop
  endfacet
  facet normal -1 0 0
    outer loop
      vertex -6 110 -0.150001
      vertex -6 107.088 5.99286
      vertex -6 107.128 6.08958
    endloop
  endfacet
  facet normal -1 0 0
    outer loop
      vertex -6 110 -0.150001
      vertex -6 107.039 5.9
      vertex -6 107.088 5.99286
    endloop
  endfacet
  facet normal -1 0 0
    outer loop
      vertex -6 110 -0.150001
      vertex -6 106.983 5.81171
      vertex -6 107.039 5.9
    endloop
  endfacet
  facet normal -1 0 0
    outer loop
      vertex -6 110 -0.150001
      vertex -6 106.919 5.72865
      vertex -6 106.983 5.81171
    endloop
  endfacet
  facet normal -1 0 0
    outer loop
      vertex -6 110 -0.150001
      vertex -6 106.849 5.65147
      vertex -6 106.919 5.72865
    endloop
  endfacet
  facet normal -1 0 0
    outer loop
      vertex -6 110 -0.150001
      vertex -6 106.771 5.58075
      vertex -6 106.849 5.65147
    endloop
  endfacet
  facet normal -1 0 0
    outer loop
      vertex -6 110 -0.150001
      vertex -6 106.688 5.51702
      vertex -6 106.771 5.58075
    endloop
  endfacet
  facet normal -1 0 0
    outer loop
      vertex -6 110 -0.150001
      vertex -6 106.6 5.46077
      vertex -6 106.688 5.51702
    endloop
  endfacet
  facet normal -1 0 0
    outer loop
      vertex -6 110 -0.150001
      vertex -6 106.507 5.41243
      vertex -6 106.6 5.46077
    endloop
  endfacet
  facet normal -1 0 0
    outer loop
      vertex -6 110 -0.150001
      vertex -6 106.41 5.37237
      vertex -6 106.507 5.41243
    endloop
  endfacet
  facet normal -1 0 0
    outer loop
      vertex -6 110 -0.150001
      vertex -6 106.311 5.34089
      vertex -6 106.41 5.37237
    endloop
  endfacet
  facet normal -1 0 0
    outer loop
      vertex -6 110 -0.150001
      vertex -6 106.208 5.31823
      vertex -6 106.311 5.34089
    endloop
  endfacet
  facet normal -1 0 0
    outer loop
      vertex -6 110 -0.150001
      vertex -6 106.105 5.30457
      vertex -6 106.208 5.31823
    endloop
  endfacet
  facet normal -1 0 0
    outer loop
      vertex -6 110 -0.150001
      vertex -6 106 5.3
      vertex -6 106.105 5.30457
    endloop
  endfacet
  facet normal -1 0 0
    outer loop
      vertex -6 110 -0.150001
      vertex -6 105.895 5.30457
      vertex -6 106 5.3
    endloop
  endfacet
  facet normal -1 0 0
    outer loop
      vertex -6 110 -0.150001
      vertex -6 105.792 5.31823
      vertex -6 105.895 5.30457
    endloop
  endfacet
  facet normal -1 0 0
    outer loop
      vertex -6 110 -0.150001
      vertex -6 105.689 5.34089
      vertex -6 105.792 5.31823
    endloop
  endfacet
  facet normal -1 0 0
    outer loop
      vertex -6 98 -0.150001
      vertex -6 105.689 5.34089
      vertex -6 110 -0.150001
    endloop
  endfacet
  facet normal -1 -0 0
    outer loop
      vertex -6 105.689 5.34089
      vertex -6 98 -0.150001
      vertex -6 105.59 5.37237
    endloop
  endfacet
  facet normal -1 -0 0
    outer loop
      vertex -6 105.59 5.37237
      vertex -6 98 -0.150001
      vertex -6 105.493 5.41243
    endloop
  endfacet
  facet normal -1 -0 0
    outer loop
      vertex -6 105.493 5.41243
      vertex -6 98 -0.150001
      vertex -6 105.4 5.46077
    endloop
  endfacet
  facet normal -1 -0 0
    outer loop
      vertex -6 105.4 5.46077
      vertex -6 98 -0.150001
      vertex -6 105.312 5.51702
    endloop
  endfacet
  facet normal -1 -0 0
    outer loop
      vertex -6 105.312 5.51702
      vertex -6 98 -0.150001
      vertex -6 105.229 5.58075
    endloop
  endfacet
  facet normal -1 -0 0
    outer loop
      vertex -6 105.229 5.58075
      vertex -6 98 -0.150001
      vertex -6 105.151 5.65147
    endloop
  endfacet
  facet normal -1 -0 0
    outer loop
      vertex -6 104.805 6.39541
      vertex -6 98 -0.150001
      vertex -6 104.8 6.5
    endloop
  endfacet
  facet normal -1 -0 0
    outer loop
      vertex -6 104.818 6.29162
      vertex -6 98 -0.150001
      vertex -6 104.805 6.39541
    endloop
  endfacet
  facet normal -1 -0 0
    outer loop
      vertex -6 104.841 6.18942
      vertex -6 98 -0.150001
      vertex -6 104.818 6.29162
    endloop
  endfacet
  facet normal -1 -0 0
    outer loop
      vertex -6 104.872 6.08958
      vertex -6 98 -0.150001
      vertex -6 104.841 6.18942
    endloop
  endfacet
  facet normal -1 -0 0
    outer loop
      vertex -6 104.912 5.99286
      vertex -6 98 -0.150001
      vertex -6 104.872 6.08958
    endloop
  endfacet
  facet normal -1 -0 0
    outer loop
      vertex -6 104.961 5.9
      vertex -6 98 -0.150001
      vertex -6 104.912 5.99286
    endloop
  endfacet
  facet normal -1 -0 0
    outer loop
      vertex -6 105.017 5.81171
      vertex -6 98 -0.150001
      vertex -6 104.961 5.9
    endloop
  endfacet
  facet normal -1 -0 0
    outer loop
      vertex -6 105.081 5.72865
      vertex -6 98 -0.150001
      vertex -6 105.017 5.81171
    endloop
  endfacet
  facet normal -1 -0 0
    outer loop
      vertex -6 105.151 5.65147
      vertex -6 98 -0.150001
      vertex -6 105.081 5.72865
    endloop
  endfacet
  facet normal -1 0 0
    outer loop
      vertex -6 107.195 6.60459
      vertex -6 110 9
      vertex -6 107.2 6.5
    endloop
  endfacet
  facet normal -1 0 0
    outer loop
      vertex -6 107.182 6.70838
      vertex -6 110 9
      vertex -6 107.195 6.60459
    endloop
  endfacet
  facet normal -1 0 0
    outer loop
      vertex -6 107.159 6.81058
      vertex -6 110 9
      vertex -6 107.182 6.70838
    endloop
  endfacet
  facet normal -1 0 0
    outer loop
      vertex -6 107.128 6.91042
      vertex -6 110 9
      vertex -6 107.159 6.81058
    endloop
  endfacet
  facet normal -1 0 0
    outer loop
      vertex -6 107.088 7.00714
      vertex -6 110 9
      vertex -6 107.128 6.91042
    endloop
  endfacet
  facet normal -1 0 0
    outer loop
      vertex -6 107.039 7.1
      vertex -6 110 9
      vertex -6 107.088 7.00714
    endloop
  endfacet
  facet normal -1 0 0
    outer loop
      vertex -6 106.983 7.18829
      vertex -6 110 9
      vertex -6 107.039 7.1
    endloop
  endfacet
  facet normal -1 0 0
    outer loop
      vertex -6 106.919 7.27134
      vertex -6 110 9
      vertex -6 106.983 7.18829
    endloop
  endfacet
  facet normal -1 0 0
    outer loop
      vertex -6 106.849 7.34853
      vertex -6 110 9
      vertex -6 106.919 7.27134
    endloop
  endfacet
  facet normal -1 0 0
    outer loop
      vertex -6 106.771 7.41925
      vertex -6 110 9
      vertex -6 106.849 7.34853
    endloop
  endfacet
  facet normal -1 0 0
    outer loop
      vertex -6 106.688 7.48298
      vertex -6 110 9
      vertex -6 106.771 7.41925
    endloop
  endfacet
  facet normal -1 0 0
    outer loop
      vertex -6 106.6 7.53923
      vertex -6 110 9
      vertex -6 106.688 7.48298
    endloop
  endfacet
  facet normal -1 0 0
    outer loop
      vertex -6 106.507 7.58757
      vertex -6 110 9
      vertex -6 106.6 7.53923
    endloop
  endfacet
  facet normal -1 0 0
    outer loop
      vertex -6 106.41 7.62763
      vertex -6 110 9
      vertex -6 106.507 7.58757
    endloop
  endfacet
  facet normal -1 0 0
    outer loop
      vertex -6 106.311 7.65911
      vertex -6 110 9
      vertex -6 106.41 7.62763
    endloop
  endfacet
  facet normal -1 0 0
    outer loop
      vertex -6 106.208 7.68177
      vertex -6 110 9
      vertex -6 106.311 7.65911
    endloop
  endfacet
  facet normal -1 0 0
    outer loop
      vertex -6 106.105 7.69543
      vertex -6 110 9
      vertex -6 106.208 7.68177
    endloop
  endfacet
  facet normal -1 0 0
    outer loop
      vertex -6 106 7.7
      vertex -6 110 9
      vertex -6 106.105 7.69543
    endloop
  endfacet
  facet normal -1 0 0
    outer loop
      vertex -6 105.895 7.69543
      vertex -6 110 9
      vertex -6 106 7.7
    endloop
  endfacet
  facet normal -1 0 0
    outer loop
      vertex -6 105.792 7.68177
      vertex -6 110 9
      vertex -6 105.895 7.69543
    endloop
  endfacet
  facet normal -1 0 0
    outer loop
      vertex -6 105.689 7.65911
      vertex -6 110 9
      vertex -6 105.792 7.68177
    endloop
  endfacet
  facet normal -1 0 0
    outer loop
      vertex -6 98 -0.150001
      vertex -6 104.805 6.60459
      vertex -6 104.8 6.5
    endloop
  endfacet
  facet normal -1 0 0
    outer loop
      vertex -6 98 -0.150001
      vertex -6 104.818 6.70838
      vertex -6 104.805 6.60459
    endloop
  endfacet
  facet normal -1 0 0
    outer loop
      vertex -6 98 -0.150001
      vertex -6 104.841 6.81058
      vertex -6 104.818 6.70838
    endloop
  endfacet
  facet normal -1 0 0
    outer loop
      vertex -6 98 -0.150001
      vertex -6 104.872 6.91042
      vertex -6 104.841 6.81058
    endloop
  endfacet
  facet normal -1 0 0
    outer loop
      vertex -6 98 -0.150001
      vertex -6 104.912 7.00714
      vertex -6 104.872 6.91042
    endloop
  endfacet
  facet normal -1 0 0
    outer loop
      vertex -6 98 -0.150001
      vertex -6 104.961 7.1
      vertex -6 104.912 7.00714
    endloop
  endfacet
  facet normal -1 0 0
    outer loop
      vertex -6 98 -0.150001
      vertex -6 105.017 7.18829
      vertex -6 104.961 7.1
    endloop
  endfacet
  facet normal -1 0 0
    outer loop
      vertex -6 66.7713 0.919252
      vertex -6 105.017 7.18829
      vertex -6 98 -0.150001
    endloop
  endfacet
  facet normal -1 0 0
    outer loop
      vertex -6 66.6883 0.982982
      vertex -6 105.017 7.18829
      vertex -6 66.7713 0.919252
    endloop
  endfacet
  facet normal -1 0 0
    outer loop
      vertex -6 67.1954 0.104587
      vertex -6 98 -0.150001
      vertex -6 67.2 0
    endloop
  endfacet
  facet normal -1 0 0
    outer loop
      vertex -6 67.1818 0.208377
      vertex -6 98 -0.150001
      vertex -6 67.1954 0.104587
    endloop
  endfacet
  facet normal -1 0 0
    outer loop
      vertex -6 67.1591 0.310582
      vertex -6 98 -0.150001
      vertex -6 67.1818 0.208377
    endloop
  endfacet
  facet normal -1 0 0
    outer loop
      vertex -6 67.1276 0.410423
      vertex -6 98 -0.150001
      vertex -6 67.1591 0.310582
    endloop
  endfacet
  facet normal -1 0 0
    outer loop
      vertex -6 67.0876 0.507141
      vertex -6 98 -0.150001
      vertex -6 67.1276 0.410423
    endloop
  endfacet
  facet normal -1 0 0
    outer loop
      vertex -6 67.0392 0.599999
      vertex -6 98 -0.150001
      vertex -6 67.0876 0.507141
    endloop
  endfacet
  facet normal -1 0 0
    outer loop
      vertex -6 66.983 0.688292
      vertex -6 98 -0.150001
      vertex -6 67.0392 0.599999
    endloop
  endfacet
  facet normal -1 0 0
    outer loop
      vertex -6 66.9193 0.771344
      vertex -6 98 -0.150001
      vertex -6 66.983 0.688292
    endloop
  endfacet
  facet normal -1 0 0
    outer loop
      vertex -6 66.8485 0.848528
      vertex -6 98 -0.150001
      vertex -6 66.9193 0.771344
    endloop
  endfacet
  facet normal -1 0 0
    outer loop
      vertex -6 66.7713 0.919252
      vertex -6 98 -0.150001
      vertex -6 66.8485 0.848528
    endloop
  endfacet
  facet normal -1 -0 0
    outer loop
      vertex -6 105.017 7.18829
      vertex -6 66.6883 0.982982
      vertex -6 105.081 7.27134
    endloop
  endfacet
  facet normal -1 0 0
    outer loop
      vertex -6 66.6 1.03923
      vertex -6 105.081 7.27134
      vertex -6 66.6883 0.982982
    endloop
  endfacet
  facet normal -1 -0 0
    outer loop
      vertex -6 105.081 7.27134
      vertex -6 66.6 1.03923
      vertex -6 105.151 7.34853
    endloop
  endfacet
  facet normal -1 0 0
    outer loop
      vertex -6 66.5071 1.08757
      vertex -6 105.151 7.34853
      vertex -6 66.6 1.03923
    endloop
  endfacet
  facet normal -1 -0 0
    outer loop
      vertex -6 105.151 7.34853
      vertex -6 66.5071 1.08757
      vertex -6 105.229 7.41925
    endloop
  endfacet
  facet normal -1 0 0
    outer loop
      vertex -6 66.4104 1.12763
      vertex -6 105.229 7.41925
      vertex -6 66.5071 1.08757
    endloop
  endfacet
  facet normal -1 -0 0
    outer loop
      vertex -6 105.229 7.41925
      vertex -6 66.4104 1.12763
      vertex -6 105.312 7.48298
    endloop
  endfacet
  facet normal -1 0 0
    outer loop
      vertex -6 66.3106 1.15911
      vertex -6 105.312 7.48298
      vertex -6 66.4104 1.12763
    endloop
  endfacet
  facet normal -1 -0 0
    outer loop
      vertex -6 105.312 7.48298
      vertex -6 66.3106 1.15911
      vertex -6 105.4 7.53923
    endloop
  endfacet
  facet normal -1 0 0
    outer loop
      vertex -6 66.2084 1.18177
      vertex -6 105.4 7.53923
      vertex -6 66.3106 1.15911
    endloop
  endfacet
  facet normal -1 -0 0
    outer loop
      vertex -6 105.4 7.53923
      vertex -6 66.2084 1.18177
      vertex -6 105.493 7.58757
    endloop
  endfacet
  facet normal -1 0 0
    outer loop
      vertex -6 66.1046 1.19543
      vertex -6 105.493 7.58757
      vertex -6 66.2084 1.18177
    endloop
  endfacet
  facet normal -1 -0 0
    outer loop
      vertex -6 105.493 7.58757
      vertex -6 66.1046 1.19543
      vertex -6 105.59 7.62763
    endloop
  endfacet
  facet normal -1 0 0
    outer loop
      vertex -6 66 1.2
      vertex -6 105.59 7.62763
      vertex -6 66.1046 1.19543
    endloop
  endfacet
  facet normal -1 -0 0
    outer loop
      vertex -6 105.59 7.62763
      vertex -6 66 1.2
      vertex -6 105.689 7.65911
    endloop
  endfacet
  facet normal -1 -0 0
    outer loop
      vertex -6 105.689 7.65911
      vertex -6 66 1.2
      vertex -6 110 9
    endloop
  endfacet
  facet normal -1 0 0
    outer loop
      vertex -6 65.8954 1.19543
      vertex -6 110 9
      vertex -6 66 1.2
    endloop
  endfacet
  facet normal -1 0 0
    outer loop
      vertex -6 38.1046 1.19543
      vertex -6 65.8954 1.19543
      vertex -6 65.7916 1.18177
    endloop
  endfacet
  facet normal -1 0 0
    outer loop
      vertex -6 39.2 0
      vertex -6 64.8046 0.104587
      vertex -6 64.8 0
    endloop
  endfacet
  facet normal -1 0 0
    outer loop
      vertex -6 39.1954 0.104587
      vertex -6 64.8046 0.104587
      vertex -6 39.2 0
    endloop
  endfacet
  facet normal -1 0 0
    outer loop
      vertex -6 64.8046 0.104587
      vertex -6 39.1954 0.104587
      vertex -6 64.8182 0.208377
    endloop
  endfacet
  facet normal -1 0 0
    outer loop
      vertex -6 39.1818 0.208377
      vertex -6 64.8182 0.208377
      vertex -6 39.1954 0.104587
    endloop
  endfacet
  facet normal -1 0 0
    outer loop
      vertex -6 64.8182 0.208377
      vertex -6 39.1818 0.208377
      vertex -6 64.8409 0.310582
    endloop
  endfacet
  facet normal -1 0 0
    outer loop
      vertex -6 39.1591 0.310582
      vertex -6 64.8409 0.310582
      vertex -6 39.1818 0.208377
    endloop
  endfacet
  facet normal -1 0 0
    outer loop
      vertex -6 64.8409 0.310582
      vertex -6 39.1591 0.310582
      vertex -6 64.8724 0.410423
    endloop
  endfacet
  facet normal -1 0 0
    outer loop
      vertex -6 39.1276 0.410423
      vertex -6 64.8724 0.410423
      vertex -6 39.1591 0.310582
    endloop
  endfacet
  facet normal -1 0 0
    outer loop
      vertex -6 64.8724 0.410423
      vertex -6 39.1276 0.410423
      vertex -6 64.9124 0.507141
    endloop
  endfacet
  facet normal -1 0 0
    outer loop
      vertex -6 39.0876 0.507141
      vertex -6 64.9124 0.507141
      vertex -6 39.1276 0.410423
    endloop
  endfacet
  facet normal -1 0 0
    outer loop
      vertex -6 64.9124 0.507141
      vertex -6 39.0876 0.507141
      vertex -6 64.9608 0.599999
    endloop
  endfacet
  facet normal -1 0 0
    outer loop
      vertex -6 39.0392 0.599999
      vertex -6 64.9608 0.599999
      vertex -6 39.0876 0.507141
    endloop
  endfacet
  facet normal -1 0 0
    outer loop
      vertex -6 64.9608 0.599999
      vertex -6 39.0392 0.599999
      vertex -6 65.017 0.688292
    endloop
  endfacet
  facet normal -1 0 0
    outer loop
      vertex -6 38.983 0.688292
      vertex -6 65.017 0.688292
      vertex -6 39.0392 0.599999
    endloop
  endfacet
  facet normal -1 0 0
    outer loop
      vertex -6 65.017 0.688292
      vertex -6 38.983 0.688292
      vertex -6 65.0807 0.771344
    endloop
  endfacet
  facet normal -1 0 0
    outer loop
      vertex -6 38.9193 0.771344
      vertex -6 65.0807 0.771344
      vertex -6 38.983 0.688292
    endloop
  endfacet
  facet normal -1 0 0
    outer loop
      vertex -6 65.0807 0.771344
      vertex -6 38.9193 0.771344
      vertex -6 65.1515 0.848528
    endloop
  endfacet
  facet normal -1 0 0
    outer loop
      vertex -6 38.8485 0.848528
      vertex -6 65.1515 0.848528
      vertex -6 38.9193 0.771344
    endloop
  endfacet
  facet normal -1 0 0
    outer loop
      vertex -6 65.1515 0.848528
      vertex -6 38.8485 0.848528
      vertex -6 65.2287 0.919252
    endloop
  endfacet
  facet normal -1 0 0
    outer loop
      vertex -6 38.7713 0.919252
      vertex -6 65.2287 0.919252
      vertex -6 38.8485 0.848528
    endloop
  endfacet
  facet normal -1 0 0
    outer loop
      vertex -6 65.2287 0.919252
      vertex -6 38.7713 0.919252
      vertex -6 65.3117 0.982982
    endloop
  endfacet
  facet normal -1 0 0
    outer loop
      vertex -6 38.6883 0.982982
      vertex -6 65.3117 0.982982
      vertex -6 38.7713 0.919252
    endloop
  endfacet
  facet normal -1 0 0
    outer loop
      vertex -6 65.3117 0.982982
      vertex -6 38.6883 0.982982
      vertex -6 65.4 1.03923
    endloop
  endfacet
  facet normal -1 0 0
    outer loop
      vertex -6 38.6 1.03923
      vertex -6 65.4 1.03923
      vertex -6 38.6883 0.982982
    endloop
  endfacet
  facet normal -1 0 0
    outer loop
      vertex -6 65.4 1.03923
      vertex -6 38.6 1.03923
      vertex -6 65.4929 1.08757
    endloop
  endfacet
  facet normal -1 0 0
    outer loop
      vertex -6 38.5071 1.08757
      vertex -6 65.4929 1.08757
      vertex -6 38.6 1.03923
    endloop
  endfacet
  facet normal -1 0 0
    outer loop
      vertex -6 65.4929 1.08757
      vertex -6 38.5071 1.08757
      vertex -6 65.5896 1.12763
    endloop
  endfacet
  facet normal -1 0 0
    outer loop
      vertex -6 38.4104 1.12763
      vertex -6 65.5896 1.12763
      vertex -6 38.5071 1.08757
    endloop
  endfacet
  facet normal -1 0 0
    outer loop
      vertex -6 65.5896 1.12763
      vertex -6 38.4104 1.12763
      vertex -6 65.6894 1.15911
    endloop
  endfacet
  facet normal -1 0 0
    outer loop
      vertex -6 38.3106 1.15911
      vertex -6 65.6894 1.15911
      vertex -6 38.4104 1.12763
    endloop
  endfacet
  facet normal -1 0 0
    outer loop
      vertex -6 65.6894 1.15911
      vertex -6 38.3106 1.15911
      vertex -6 65.7916 1.18177
    endloop
  endfacet
  facet normal -1 0 0
    outer loop
      vertex -6 38.2084 1.18177
      vertex -6 65.7916 1.18177
      vertex -6 38.3106 1.15911
    endloop
  endfacet
  facet normal -1 0 0
    outer loop
      vertex -6 38.1046 1.19543
      vertex -6 65.7916 1.18177
      vertex -6 38.2084 1.18177
    endloop
  endfacet
  facet normal -1 0 0
    outer loop
      vertex -6 65.8954 1.19543
      vertex -6 38.1046 1.19543
      vertex -6 110 9
    endloop
  endfacet
  facet normal -1 0 0
    outer loop
      vertex -6 38 1.2
      vertex -6 110 9
      vertex -6 38.1046 1.19543
    endloop
  endfacet
  facet normal -1 0 0
    outer loop
      vertex -6 37.8954 1.19543
      vertex -6 110 9
      vertex -6 38 1.2
    endloop
  endfacet
  facet normal -1 -0 0
    outer loop
      vertex -6 36.8046 -0.104588
      vertex -6 -98 -0.150001
      vertex -6 36.8 0
    endloop
  endfacet
  facet normal -1 -0 0
    outer loop
      vertex -6 36.8 0
      vertex -6 -98 -0.150001
      vertex -6 36.8046 0.104587
    endloop
  endfacet
  facet normal -1 -0 0
    outer loop
      vertex -6 36.8046 0.104587
      vertex -6 -98 -0.150001
      vertex -6 36.8182 0.208377
    endloop
  endfacet
  facet normal -1 -0 0
    outer loop
      vertex -6 36.8182 0.208377
      vertex -6 -98 -0.150001
      vertex -6 36.8409 0.310582
    endloop
  endfacet
  facet normal -1 -0 0
    outer loop
      vertex -6 36.8409 0.310582
      vertex -6 -98 -0.150001
      vertex -6 36.8724 0.410423
    endloop
  endfacet
  facet normal -1 -0 0
    outer loop
      vertex -6 36.8724 0.410423
      vertex -6 -98 -0.150001
      vertex -6 36.9124 0.507141
    endloop
  endfacet
  facet normal -1 -0 0
    outer loop
      vertex -6 36.9124 0.507141
      vertex -6 -98 -0.150001
      vertex -6 36.9608 0.599999
    endloop
  endfacet
  facet normal -1 -0 0
    outer loop
      vertex -6 36.9608 0.599999
      vertex -6 -98 -0.150001
      vertex -6 37.017 0.688292
    endloop
  endfacet
  facet normal -1 -0 0
    outer loop
      vertex -6 37.017 0.688292
      vertex -6 -98 -0.150001
      vertex -6 37.0807 0.771344
    endloop
  endfacet
  facet normal -1 -0 0
    outer loop
      vertex -6 37.0807 0.771344
      vertex -6 -98 -0.150001
      vertex -6 37.1515 0.848528
    endloop
  endfacet
  facet normal -1 0 0
    outer loop
      vertex -6 -105.081 7.27134
      vertex -6 37.1515 0.848528
      vertex -6 -98 -0.150001
    endloop
  endfacet
  facet normal -1 0 0
    outer loop
      vertex -6 37.1515 0.848528
      vertex -6 -105.081 7.27134
      vertex -6 37.2287 0.919252
    endloop
  endfacet
  facet normal -1 0 0
    outer loop
      vertex -6 -105.151 7.34853
      vertex -6 37.2287 0.919252
      vertex -6 -105.081 7.27134
    endloop
  endfacet
  facet normal -1 0 0
    outer loop
      vertex -6 37.2287 0.919252
      vertex -6 -105.151 7.34853
      vertex -6 37.3117 0.982982
    endloop
  endfacet
  facet normal -1 0 0
    outer loop
      vertex -6 -105.229 7.41925
      vertex -6 37.3117 0.982982
      vertex -6 -105.151 7.34853
    endloop
  endfacet
  facet normal -1 0 0
    outer loop
      vertex -6 37.3117 0.982982
      vertex -6 -105.229 7.41925
      vertex -6 37.4 1.03923
    endloop
  endfacet
  facet normal -1 0 0
    outer loop
      vertex -6 -105.312 7.48298
      vertex -6 37.4 1.03923
      vertex -6 -105.229 7.41925
    endloop
  endfacet
  facet normal -1 0 0
    outer loop
      vertex -6 37.4 1.03923
      vertex -6 -105.312 7.48298
      vertex -6 37.4929 1.08757
    endloop
  endfacet
  facet normal -1 0 0
    outer loop
      vertex -6 -105.4 7.53923
      vertex -6 37.4929 1.08757
      vertex -6 -105.312 7.48298
    endloop
  endfacet
  facet normal -1 0 0
    outer loop
      vertex -6 -104.805 6.60459
      vertex -6 -98 -0.150001
      vertex -6 -104.8 6.5
    endloop
  endfacet
  facet normal -1 0 0
    outer loop
      vertex -6 -104.818 6.70838
      vertex -6 -98 -0.150001
      vertex -6 -104.805 6.60459
    endloop
  endfacet
  facet normal -1 0 0
    outer loop
      vertex -6 -104.841 6.81058
      vertex -6 -98 -0.150001
      vertex -6 -104.818 6.70838
    endloop
  endfacet
  facet normal -1 0 0
    outer loop
      vertex -6 -104.872 6.91042
      vertex -6 -98 -0.150001
      vertex -6 -104.841 6.81058
    endloop
  endfacet
  facet normal -1 0 0
    outer loop
      vertex -6 -104.912 7.00714
      vertex -6 -98 -0.150001
      vertex -6 -104.872 6.91042
    endloop
  endfacet
  facet normal -1 0 0
    outer loop
      vertex -6 -104.961 7.1
      vertex -6 -98 -0.150001
      vertex -6 -104.912 7.00714
    endloop
  endfacet
  facet normal -1 0 0
    outer loop
      vertex -6 -105.017 7.18829
      vertex -6 -98 -0.150001
      vertex -6 -104.961 7.1
    endloop
  endfacet
  facet normal -1 0 0
    outer loop
      vertex -6 -105.081 7.27134
      vertex -6 -98 -0.150001
      vertex -6 -105.017 7.18829
    endloop
  endfacet
  facet normal -1 0 0
    outer loop
      vertex -6 37.4929 1.08757
      vertex -6 -105.4 7.53923
      vertex -6 37.5896 1.12763
    endloop
  endfacet
  facet normal -1 0 0
    outer loop
      vertex -6 -105.493 7.58757
      vertex -6 37.5896 1.12763
      vertex -6 -105.4 7.53923
    endloop
  endfacet
  facet normal -1 0 0
    outer loop
      vertex -6 37.5896 1.12763
      vertex -6 -105.493 7.58757
      vertex -6 37.6894 1.15911
    endloop
  endfacet
  facet normal -1 0 0
    outer loop
      vertex -6 -105.59 7.62763
      vertex -6 37.6894 1.15911
      vertex -6 -105.493 7.58757
    endloop
  endfacet
  facet normal -1 0 0
    outer loop
      vertex -6 37.6894 1.15911
      vertex -6 -105.59 7.62763
      vertex -6 37.7916 1.18177
    endloop
  endfacet
  facet normal -1 0 0
    outer loop
      vertex -6 -105.689 7.65911
      vertex -6 37.7916 1.18177
      vertex -6 -105.59 7.62763
    endloop
  endfacet
  facet normal -1 0 0
    outer loop
      vertex -6 -110 9
      vertex -6 37.7916 1.18177
      vertex -6 -105.689 7.65911
    endloop
  endfacet
  facet normal -1 0 0
    outer loop
      vertex -6 37.7916 1.18177
      vertex -6 -110 9
      vertex -6 37.8954 1.19543
    endloop
  endfacet
  facet normal -1 0 0
    outer loop
      vertex -6 -110 9
      vertex -6 -105.689 7.65911
      vertex -6 -105.792 7.68177
    endloop
  endfacet
  facet normal -1 0 0
    outer loop
      vertex -6 -110 9
      vertex -6 -105.792 7.68177
      vertex -6 -105.895 7.69543
    endloop
  endfacet
  facet normal -1 0 0
    outer loop
      vertex -6 -110 9
      vertex -6 -105.895 7.69543
      vertex -6 -106 7.7
    endloop
  endfacet
  facet normal -1 0 0
    outer loop
      vertex -6 -107.195 6.39541
      vertex -6 -110 9
      vertex -6 -107.2 6.5
    endloop
  endfacet
  facet normal -1 0 0
    outer loop
      vertex -6 -107.2 6.5
      vertex -6 -110 9
      vertex -6 -107.195 6.60459
    endloop
  endfacet
  facet normal -1 0 0
    outer loop
      vertex -6 -107.195 6.60459
      vertex -6 -110 9
      vertex -6 -107.182 6.70838
    endloop
  endfacet
  facet normal -1 0 0
    outer loop
      vertex -6 -107.182 6.70838
      vertex -6 -110 9
      vertex -6 -107.159 6.81058
    endloop
  endfacet
  facet normal -1 0 0
    outer loop
      vertex -6 37.8954 1.19543
      vertex -6 -110 9
      vertex -6 110 9
    endloop
  endfacet
  facet normal -1 0 0
    outer loop
      vertex -6 -106.105 7.69543
      vertex -6 -110 9
      vertex -6 -106 7.7
    endloop
  endfacet
  facet normal -1 0 0
    outer loop
      vertex -6 -106.208 7.68177
      vertex -6 -110 9
      vertex -6 -106.105 7.69543
    endloop
  endfacet
  facet normal -1 0 0
    outer loop
      vertex -6 -106.311 7.65911
      vertex -6 -110 9
      vertex -6 -106.208 7.68177
    endloop
  endfacet
  facet normal -1 0 0
    outer loop
      vertex -6 -106.41 7.62763
      vertex -6 -110 9
      vertex -6 -106.311 7.65911
    endloop
  endfacet
  facet normal -1 0 0
    outer loop
      vertex -6 -106.507 7.58757
      vertex -6 -110 9
      vertex -6 -106.41 7.62763
    endloop
  endfacet
  facet normal -1 0 0
    outer loop
      vertex -6 -106.6 7.53923
      vertex -6 -110 9
      vertex -6 -106.507 7.58757
    endloop
  endfacet
  facet normal -1 0 0
    outer loop
      vertex -6 -106.688 7.48298
      vertex -6 -110 9
      vertex -6 -106.6 7.53923
    endloop
  endfacet
  facet normal -1 0 0
    outer loop
      vertex -6 -106.771 7.41925
      vertex -6 -110 9
      vertex -6 -106.688 7.48298
    endloop
  endfacet
  facet normal -1 0 0
    outer loop
      vertex -6 -106.849 7.34853
      vertex -6 -110 9
      vertex -6 -106.771 7.41925
    endloop
  endfacet
  facet normal -1 0 0
    outer loop
      vertex -6 -106.919 7.27134
      vertex -6 -110 9
      vertex -6 -106.849 7.34853
    endloop
  endfacet
  facet normal -1 0 0
    outer loop
      vertex -6 -106.983 7.18829
      vertex -6 -110 9
      vertex -6 -106.919 7.27134
    endloop
  endfacet
  facet normal -1 0 0
    outer loop
      vertex -6 -107.039 7.1
      vertex -6 -110 9
      vertex -6 -106.983 7.18829
    endloop
  endfacet
  facet normal -1 0 0
    outer loop
      vertex -6 -107.088 7.00714
      vertex -6 -110 9
      vertex -6 -107.039 7.1
    endloop
  endfacet
  facet normal -1 0 0
    outer loop
      vertex -6 -107.128 6.91042
      vertex -6 -110 9
      vertex -6 -107.088 7.00714
    endloop
  endfacet
  facet normal -1 0 0
    outer loop
      vertex -6 -107.159 6.81058
      vertex -6 -110 9
      vertex -6 -107.128 6.91042
    endloop
  endfacet
  facet normal -0 0 1
    outer loop
      vertex 1.69353 11.8518 9
      vertex 1.7 -12 9
      vertex 1.7 12 9
    endloop
  endfacet
  facet normal 0 0 1
    outer loop
      vertex 1.69353 11.8518 9
      vertex 1.69353 -11.8518 9
      vertex 1.7 -12 9
    endloop
  endfacet
  facet normal -0 0 1
    outer loop
      vertex 1.67417 11.7048 9
      vertex 1.69353 -11.8518 9
      vertex 1.69353 11.8518 9
    endloop
  endfacet
  facet normal 0 0 1
    outer loop
      vertex 1.67417 11.7048 9
      vertex 1.67417 -11.7048 9
      vertex 1.69353 -11.8518 9
    endloop
  endfacet
  facet normal -0 0 1
    outer loop
      vertex 1.64207 11.56 9
      vertex 1.67417 -11.7048 9
      vertex 1.67417 11.7048 9
    endloop
  endfacet
  facet normal 0 0 1
    outer loop
      vertex 1.64207 11.56 9
      vertex 1.64207 -11.56 9
      vertex 1.67417 -11.7048 9
    endloop
  endfacet
  facet normal -0 0 1
    outer loop
      vertex 1.59748 11.4186 9
      vertex 1.64207 -11.56 9
      vertex 1.64207 11.56 9
    endloop
  endfacet
  facet normal 0 0 1
    outer loop
      vertex 1.59748 11.4186 9
      vertex 1.59748 -11.4186 9
      vertex 1.64207 -11.56 9
    endloop
  endfacet
  facet normal -0 0 1
    outer loop
      vertex 1.54072 11.2815 9
      vertex 1.59748 -11.4186 9
      vertex 1.59748 11.4186 9
    endloop
  endfacet
  facet normal 0 0 1
    outer loop
      vertex 1.54072 11.2815 9
      vertex 1.54072 -11.2815 9
      vertex 1.59748 -11.4186 9
    endloop
  endfacet
  facet normal -0 0 1
    outer loop
      vertex 1.47224 11.15 9
      vertex 1.54072 -11.2815 9
      vertex 1.54072 11.2815 9
    endloop
  endfacet
  facet normal 0 0 1
    outer loop
      vertex 1.47224 11.15 9
      vertex 1.47224 -11.15 9
      vertex 1.54072 -11.2815 9
    endloop
  endfacet
  facet normal -0 0 1
    outer loop
      vertex 1.39256 11.0249 9
      vertex 1.47224 -11.15 9
      vertex 1.47224 11.15 9
    endloop
  endfacet
  facet normal 0 0 1
    outer loop
      vertex 1.39256 11.0249 9
      vertex 1.39256 -11.0249 9
      vertex 1.47224 -11.15 9
    endloop
  endfacet
  facet normal -0 0 1
    outer loop
      vertex 1.30227 10.9073 9
      vertex 1.39256 -11.0249 9
      vertex 1.39256 11.0249 9
    endloop
  endfacet
  facet normal 0 0 1
    outer loop
      vertex 1.30227 10.9073 9
      vertex 1.30227 -10.9073 9
      vertex 1.39256 -11.0249 9
    endloop
  endfacet
  facet normal -0 0 1
    outer loop
      vertex 1.20208 10.7979 9
      vertex 1.30227 -10.9073 9
      vertex 1.30227 10.9073 9
    endloop
  endfacet
  facet normal 0 0 1
    outer loop
      vertex 1.20208 10.7979 9
      vertex 1.20208 -10.7979 9
      vertex 1.30227 -10.9073 9
    endloop
  endfacet
  facet normal -0 0 1
    outer loop
      vertex 1.09274 10.6977 9
      vertex 1.20208 -10.7979 9
      vertex 1.20208 10.7979 9
    endloop
  endfacet
  facet normal 0 0 1
    outer loop
      vertex 1.09274 10.6977 9
      vertex 1.09274 -10.6977 9
      vertex 1.20208 -10.7979 9
    endloop
  endfacet
  facet normal -0 0 1
    outer loop
      vertex 0.97508 10.6074 9
      vertex 1.09274 -10.6977 9
      vertex 1.09274 10.6977 9
    endloop
  endfacet
  facet normal 0 0 1
    outer loop
      vertex 0.97508 10.6074 9
      vertex 0.97508 -10.6074 9
      vertex 1.09274 -10.6977 9
    endloop
  endfacet
  facet normal -0 0 1
    outer loop
      vertex 0.85 10.5278 9
      vertex 0.97508 -10.6074 9
      vertex 0.97508 10.6074 9
    endloop
  endfacet
  facet normal 0 0 1
    outer loop
      vertex 0.85 10.5278 9
      vertex 0.85 -10.5278 9
      vertex 0.97508 -10.6074 9
    endloop
  endfacet
  facet normal -0 0 1
    outer loop
      vertex 0.718451 10.4593 9
      vertex 0.85 -10.5278 9
      vertex 0.85 10.5278 9
    endloop
  endfacet
  facet normal 0 0 1
    outer loop
      vertex 0.718451 10.4593 9
      vertex 0.718451 -10.4593 9
      vertex 0.85 -10.5278 9
    endloop
  endfacet
  facet normal -0 0 1
    outer loop
      vertex 0.581433 10.4025 9
      vertex 0.718451 -10.4593 9
      vertex 0.718451 10.4593 9
    endloop
  endfacet
  facet normal 0 0 1
    outer loop
      vertex 0.581433 10.4025 9
      vertex 0.581433 -10.4025 9
      vertex 0.718451 -10.4593 9
    endloop
  endfacet
  facet normal -0 0 1
    outer loop
      vertex 0.439992 10.3579 9
      vertex 0.581433 -10.4025 9
      vertex 0.581433 10.4025 9
    endloop
  endfacet
  facet normal 0 0 1
    outer loop
      vertex 0.439992 10.3579 9
      vertex 0.439992 -10.3579 9
      vertex 0.581433 -10.4025 9
    endloop
  endfacet
  facet normal -0 0 1
    outer loop
      vertex 0.295201 10.3258 9
      vertex 0.439992 -10.3579 9
      vertex 0.439992 10.3579 9
    endloop
  endfacet
  facet normal 0 0 1
    outer loop
      vertex 0.295201 10.3258 9
      vertex 0.295201 -10.3258 9
      vertex 0.439992 -10.3579 9
    endloop
  endfacet
  facet normal -0 0 1
    outer loop
      vertex 0.148164 10.3065 9
      vertex 0.295201 -10.3258 9
      vertex 0.295201 10.3258 9
    endloop
  endfacet
  facet normal 0 0 1
    outer loop
      vertex 0.148164 10.3065 9
      vertex 0.148164 -10.3065 9
      vertex 0.295201 -10.3258 9
    endloop
  endfacet
  facet normal -0 0 1
    outer loop
      vertex -7.62939e-07 10.3 9
      vertex 0.148164 -10.3065 9
      vertex 0.148164 10.3065 9
    endloop
  endfacet
  facet normal 0 0 1
    outer loop
      vertex -7.62939e-07 10.3 9
      vertex -7.62939e-07 -10.3 9
      vertex 0.148164 -10.3065 9
    endloop
  endfacet
  facet normal 0 0 1
    outer loop
      vertex -0.148166 10.3065 9
      vertex -7.62939e-07 -10.3 9
      vertex -7.62939e-07 10.3 9
    endloop
  endfacet
  facet normal 0 0 1
    outer loop
      vertex -0.148166 10.3065 9
      vertex -0.148166 -10.3065 9
      vertex -7.62939e-07 -10.3 9
    endloop
  endfacet
  facet normal 0 0 1
    outer loop
      vertex -0.295202 10.3258 9
      vertex -0.148166 -10.3065 9
      vertex -0.148166 10.3065 9
    endloop
  endfacet
  facet normal 0 0 1
    outer loop
      vertex -0.295202 10.3258 9
      vertex -0.295202 -10.3258 9
      vertex -0.148166 -10.3065 9
    endloop
  endfacet
  facet normal 0 0 1
    outer loop
      vertex -0.439993 10.3579 9
      vertex -0.295202 -10.3258 9
      vertex -0.295202 10.3258 9
    endloop
  endfacet
  facet normal 0 0 1
    outer loop
      vertex -0.439993 10.3579 9
      vertex -0.439993 -10.3579 9
      vertex -0.295202 -10.3258 9
    endloop
  endfacet
  facet normal 0 0 1
    outer loop
      vertex -0.581435 10.4025 9
      vertex -0.439993 -10.3579 9
      vertex -0.439993 10.3579 9
    endloop
  endfacet
  facet normal 0 0 1
    outer loop
      vertex -0.581435 10.4025 9
      vertex -0.581435 -10.4025 9
      vertex -0.439993 -10.3579 9
    endloop
  endfacet
  facet normal 0 0 1
    outer loop
      vertex -0.718451 10.4593 9
      vertex -0.581435 -10.4025 9
      vertex -0.581435 10.4025 9
    endloop
  endfacet
  facet normal 0 0 1
    outer loop
      vertex -0.718451 10.4593 9
      vertex -0.718451 -10.4593 9
      vertex -0.581435 -10.4025 9
    endloop
  endfacet
  facet normal 0 0 1
    outer loop
      vertex -0.85 10.5278 9
      vertex -0.718451 -10.4593 9
      vertex -0.718451 10.4593 9
    endloop
  endfacet
  facet normal 0 0 1
    outer loop
      vertex -0.85 10.5278 9
      vertex -0.85 -10.5278 9
      vertex -0.718451 -10.4593 9
    endloop
  endfacet
  facet normal 0 0 1
    outer loop
      vertex -0.97508 10.6074 9
      vertex -0.85 -10.5278 9
      vertex -0.85 10.5278 9
    endloop
  endfacet
  facet normal 0 0 1
    outer loop
      vertex -0.97508 10.6074 9
      vertex -0.97508 -10.6074 9
      vertex -0.85 -10.5278 9
    endloop
  endfacet
  facet normal 0 0 1
    outer loop
      vertex -1.09274 10.6977 9
      vertex -0.97508 -10.6074 9
      vertex -0.97508 10.6074 9
    endloop
  endfacet
  facet normal 0 0 1
    outer loop
      vertex -1.09274 10.6977 9
      vertex -1.09274 -10.6977 9
      vertex -0.97508 -10.6074 9
    endloop
  endfacet
  facet normal 0 0 1
    outer loop
      vertex -1.20208 10.7979 9
      vertex -1.09274 -10.6977 9
      vertex -1.09274 10.6977 9
    endloop
  endfacet
  facet normal 0 0 1
    outer loop
      vertex -1.20208 10.7979 9
      vertex -1.20208 -10.7979 9
      vertex -1.09274 -10.6977 9
    endloop
  endfacet
  facet normal 0 0 1
    outer loop
      vertex -1.30228 10.9073 9
      vertex -1.20208 -10.7979 9
      vertex -1.20208 10.7979 9
    endloop
  endfacet
  facet normal 0 0 1
    outer loop
      vertex -1.30228 10.9073 9
      vertex -1.30228 -10.9073 9
      vertex -1.20208 -10.7979 9
    endloop
  endfacet
  facet normal 0 0 1
    outer loop
      vertex -1.39256 11.0249 9
      vertex -1.30228 -10.9073 9
      vertex -1.30228 10.9073 9
    endloop
  endfacet
  facet normal 0 0 1
    outer loop
      vertex -1.39256 11.0249 9
      vertex -1.39256 -11.0249 9
      vertex -1.30228 -10.9073 9
    endloop
  endfacet
  facet normal 0 0 1
    outer loop
      vertex -1.47224 11.15 9
      vertex -1.39256 -11.0249 9
      vertex -1.39256 11.0249 9
    endloop
  endfacet
  facet normal 0 0 1
    outer loop
      vertex -1.47224 11.15 9
      vertex -1.47224 -11.15 9
      vertex -1.39256 -11.0249 9
    endloop
  endfacet
  facet normal 0 0 1
    outer loop
      vertex -1.54072 11.2815 9
      vertex -1.47224 -11.15 9
      vertex -1.47224 11.15 9
    endloop
  endfacet
  facet normal 0 0 1
    outer loop
      vertex -1.54072 11.2815 9
      vertex -1.54072 -11.2815 9
      vertex -1.47224 -11.15 9
    endloop
  endfacet
  facet normal 0 0 1
    outer loop
      vertex -1.59748 11.4186 9
      vertex -1.54072 -11.2815 9
      vertex -1.54072 11.2815 9
    endloop
  endfacet
  facet normal 0 0 1
    outer loop
      vertex -1.59748 11.4186 9
      vertex -1.59748 -11.4186 9
      vertex -1.54072 -11.2815 9
    endloop
  endfacet
  facet normal 0 0 1
    outer loop
      vertex -1.64207 11.56 9
      vertex -1.59748 -11.4186 9
      vertex -1.59748 11.4186 9
    endloop
  endfacet
  facet normal 0 0 1
    outer loop
      vertex -1.64207 11.56 9
      vertex -1.64207 -11.56 9
      vertex -1.59748 -11.4186 9
    endloop
  endfacet
  facet normal 0 0 1
    outer loop
      vertex -1.67417 11.7048 9
      vertex -1.64207 -11.56 9
      vertex -1.64207 11.56 9
    endloop
  endfacet
  facet normal 0 0 1
    outer loop
      vertex -1.67417 11.7048 9
      vertex -1.67417 -11.7048 9
      vertex -1.64207 -11.56 9
    endloop
  endfacet
  facet normal 0 0 1
    outer loop
      vertex -1.69353 11.8518 9
      vertex -1.67417 -11.7048 9
      vertex -1.67417 11.7048 9
    endloop
  endfacet
  facet normal 0 0 1
    outer loop
      vertex -1.69353 11.8518 9
      vertex -1.69353 -11.8518 9
      vertex -1.67417 -11.7048 9
    endloop
  endfacet
  facet normal 0 0 1
    outer loop
      vertex -1.7 12 9
      vertex -1.69353 -11.8518 9
      vertex -1.69353 11.8518 9
    endloop
  endfacet
  facet normal 0 0 1
    outer loop
      vertex -1.69353 -11.8518 9
      vertex -1.7 12 9
      vertex -1.7 -12 9
    endloop
  endfacet
  facet normal 0 0 1
    outer loop
      vertex 6 110 9
      vertex 1.7 12 9
      vertex 6 -110 9
    endloop
  endfacet
  facet normal 0 0 1
    outer loop
      vertex 6 110 9
      vertex 1.69353 12.1482 9
      vertex 1.7 12 9
    endloop
  endfacet
  facet normal 0 0 1
    outer loop
      vertex 6 110 9
      vertex 1.67417 12.2952 9
      vertex 1.69353 12.1482 9
    endloop
  endfacet
  facet normal 0 0 1
    outer loop
      vertex 6 110 9
      vertex 1.64207 12.44 9
      vertex 1.67417 12.2952 9
    endloop
  endfacet
  facet normal 0 0 1
    outer loop
      vertex 6 110 9
      vertex 1.59748 12.5814 9
      vertex 1.64207 12.44 9
    endloop
  endfacet
  facet normal 0 0 1
    outer loop
      vertex 6 110 9
      vertex 1.54072 12.7185 9
      vertex 1.59748 12.5814 9
    endloop
  endfacet
  facet normal 0 0 1
    outer loop
      vertex 6 110 9
      vertex 1.47224 12.85 9
      vertex 1.54072 12.7185 9
    endloop
  endfacet
  facet normal 0 0 1
    outer loop
      vertex 6 110 9
      vertex 1.39256 12.9751 9
      vertex 1.47224 12.85 9
    endloop
  endfacet
  facet normal 0 0 1
    outer loop
      vertex 6 110 9
      vertex 1.30227 13.0927 9
      vertex 1.39256 12.9751 9
    endloop
  endfacet
  facet normal 0 0 1
    outer loop
      vertex 6 110 9
      vertex 1.20208 13.2021 9
      vertex 1.30227 13.0927 9
    endloop
  endfacet
  facet normal 0 0 1
    outer loop
      vertex 6 110 9
      vertex 1.09274 13.3023 9
      vertex 1.20208 13.2021 9
    endloop
  endfacet
  facet normal 0 0 1
    outer loop
      vertex 6 110 9
      vertex 0.97508 13.3926 9
      vertex 1.09274 13.3023 9
    endloop
  endfacet
  facet normal 0 0 1
    outer loop
      vertex 6 110 9
      vertex 0.85 13.4722 9
      vertex 0.97508 13.3926 9
    endloop
  endfacet
  facet normal 0 0 1
    outer loop
      vertex 6 110 9
      vertex 0.718451 13.5407 9
      vertex 0.85 13.4722 9
    endloop
  endfacet
  facet normal 0 0 1
    outer loop
      vertex 6 110 9
      vertex 0.581433 13.5975 9
      vertex 0.718451 13.5407 9
    endloop
  endfacet
  facet normal 0 0 1
    outer loop
      vertex 6 110 9
      vertex 0.439992 13.6421 9
      vertex 0.581433 13.5975 9
    endloop
  endfacet
  facet normal 0 0 1
    outer loop
      vertex 6 110 9
      vertex 0.295201 13.6742 9
      vertex 0.439992 13.6421 9
    endloop
  endfacet
  facet normal 0 0 1
    outer loop
      vertex 6 110 9
      vertex 0.148164 13.6935 9
      vertex 0.295201 13.6742 9
    endloop
  endfacet
  facet normal 0 0 1
    outer loop
      vertex 6 110 9
      vertex -7.62939e-07 13.7 9
      vertex 0.148164 13.6935 9
    endloop
  endfacet
  facet normal -0 0 1
    outer loop
      vertex -6 110 9
      vertex -7.62939e-07 13.7 9
      vertex 6 110 9
    endloop
  endfacet
  facet normal 0 0 1
    outer loop
      vertex -7.62939e-07 13.7 9
      vertex -6 110 9
      vertex -0.148166 13.6935 9
    endloop
  endfacet
  facet normal 0 0 1
    outer loop
      vertex -0.148166 13.6935 9
      vertex -6 110 9
      vertex -0.295202 13.6742 9
    endloop
  endfacet
  facet normal 0 0 1
    outer loop
      vertex -0.295202 13.6742 9
      vertex -6 110 9
      vertex -0.439993 13.6421 9
    endloop
  endfacet
  facet normal 0 0 1
    outer loop
      vertex -0.439993 13.6421 9
      vertex -6 110 9
      vertex -0.581435 13.5975 9
    endloop
  endfacet
  facet normal 0 0 1
    outer loop
      vertex -0.581435 13.5975 9
      vertex -6 110 9
      vertex -0.718451 13.5407 9
    endloop
  endfacet
  facet normal 0 0 1
    outer loop
      vertex -0.718451 13.5407 9
      vertex -6 110 9
      vertex -0.85 13.4722 9
    endloop
  endfacet
  facet normal 0 0 1
    outer loop
      vertex -0.85 13.4722 9
      vertex -6 110 9
      vertex -0.97508 13.3926 9
    endloop
  endfacet
  facet normal 0 0 1
    outer loop
      vertex -0.97508 13.3926 9
      vertex -6 110 9
      vertex -1.09274 13.3023 9
    endloop
  endfacet
  facet normal 0 0 1
    outer loop
      vertex -1.09274 13.3023 9
      vertex -6 110 9
      vertex -1.20208 13.2021 9
    endloop
  endfacet
  facet normal 0 0 1
    outer loop
      vertex -1.20208 13.2021 9
      vertex -6 110 9
      vertex -1.30228 13.0927 9
    endloop
  endfacet
  facet normal 0 0 1
    outer loop
      vertex -1.30228 13.0927 9
      vertex -6 110 9
      vertex -1.39256 12.9751 9
    endloop
  endfacet
  facet normal 0 0 1
    outer loop
      vertex -1.39256 12.9751 9
      vertex -6 110 9
      vertex -1.47224 12.85 9
    endloop
  endfacet
  facet normal 0 0 1
    outer loop
      vertex -1.47224 12.85 9
      vertex -6 110 9
      vertex -1.54072 12.7185 9
    endloop
  endfacet
  facet normal 0 0 1
    outer loop
      vertex -1.54072 12.7185 9
      vertex -6 110 9
      vertex -1.59748 12.5814 9
    endloop
  endfacet
  facet normal 0 0 1
    outer loop
      vertex -1.59748 12.5814 9
      vertex -6 110 9
      vertex -1.64207 12.44 9
    endloop
  endfacet
  facet normal 0 0 1
    outer loop
      vertex -1.64207 12.44 9
      vertex -6 110 9
      vertex -1.67417 12.2952 9
    endloop
  endfacet
  facet normal 0 0 1
    outer loop
      vertex -1.7 12 9
      vertex -6 110 9
      vertex -1.7 -12 9
    endloop
  endfacet
  facet normal 0 0 1
    outer loop
      vertex -1.69353 12.1482 9
      vertex -6 110 9
      vertex -1.7 12 9
    endloop
  endfacet
  facet normal 0 0 1
    outer loop
      vertex -1.67417 12.2952 9
      vertex -6 110 9
      vertex -1.69353 12.1482 9
    endloop
  endfacet
  facet normal -0 0 1
    outer loop
      vertex 1.7 -12 9
      vertex 6 -110 9
      vertex 1.7 12 9
    endloop
  endfacet
  facet normal -0 0 1
    outer loop
      vertex 1.69353 -12.1482 9
      vertex 6 -110 9
      vertex 1.7 -12 9
    endloop
  endfacet
  facet normal -0 0 1
    outer loop
      vertex 1.67417 -12.2952 9
      vertex 6 -110 9
      vertex 1.69353 -12.1482 9
    endloop
  endfacet
  facet normal -0 0 1
    outer loop
      vertex 1.64207 -12.44 9
      vertex 6 -110 9
      vertex 1.67417 -12.2952 9
    endloop
  endfacet
  facet normal -0 0 1
    outer loop
      vertex 1.59748 -12.5814 9
      vertex 6 -110 9
      vertex 1.64207 -12.44 9
    endloop
  endfacet
  facet normal -0 0 1
    outer loop
      vertex 1.54072 -12.7185 9
      vertex 6 -110 9
      vertex 1.59748 -12.5814 9
    endloop
  endfacet
  facet normal -0 0 1
    outer loop
      vertex 1.47224 -12.85 9
      vertex 6 -110 9
      vertex 1.54072 -12.7185 9
    endloop
  endfacet
  facet normal -0 0 1
    outer loop
      vertex 1.39256 -12.9751 9
      vertex 6 -110 9
      vertex 1.47224 -12.85 9
    endloop
  endfacet
  facet normal -0 0 1
    outer loop
      vertex 1.30227 -13.0927 9
      vertex 6 -110 9
      vertex 1.39256 -12.9751 9
    endloop
  endfacet
  facet normal -0 0 1
    outer loop
      vertex 1.20208 -13.2021 9
      vertex 6 -110 9
      vertex 1.30227 -13.0927 9
    endloop
  endfacet
  facet normal -0 0 1
    outer loop
      vertex 1.09274 -13.3023 9
      vertex 6 -110 9
      vertex 1.20208 -13.2021 9
    endloop
  endfacet
  facet normal -0 0 1
    outer loop
      vertex 0.97508 -13.3926 9
      vertex 6 -110 9
      vertex 1.09274 -13.3023 9
    endloop
  endfacet
  facet normal -0 0 1
    outer loop
      vertex 0.85 -13.4722 9
      vertex 6 -110 9
      vertex 0.97508 -13.3926 9
    endloop
  endfacet
  facet normal -0 0 1
    outer loop
      vertex 0.718451 -13.5407 9
      vertex 6 -110 9
      vertex 0.85 -13.4722 9
    endloop
  endfacet
  facet normal -0 0 1
    outer loop
      vertex 0.581433 -13.5975 9
      vertex 6 -110 9
      vertex 0.718451 -13.5407 9
    endloop
  endfacet
  facet normal -0 0 1
    outer loop
      vertex 0.439992 -13.6421 9
      vertex 6 -110 9
      vertex 0.581433 -13.5975 9
    endloop
  endfacet
  facet normal -0 0 1
    outer loop
      vertex 0.295201 -13.6742 9
      vertex 6 -110 9
      vertex 0.439992 -13.6421 9
    endloop
  endfacet
  facet normal -0 0 1
    outer loop
      vertex 0.148164 -13.6935 9
      vertex 6 -110 9
      vertex 0.295201 -13.6742 9
    endloop
  endfacet
  facet normal -0 0 1
    outer loop
      vertex -7.62939e-07 -13.7 9
      vertex 6 -110 9
      vertex 0.148164 -13.6935 9
    endloop
  endfacet
  facet normal 0 0 1
    outer loop
      vertex -6 -110 9
      vertex -7.62939e-07 -13.7 9
      vertex -0.148166 -13.6935 9
    endloop
  endfacet
  facet normal 0 0 1
    outer loop
      vertex -6 -110 9
      vertex -0.148166 -13.6935 9
      vertex -0.295202 -13.6742 9
    endloop
  endfacet
  facet normal 0 0 1
    outer loop
      vertex -6 -110 9
      vertex -0.295202 -13.6742 9
      vertex -0.439993 -13.6421 9
    endloop
  endfacet
  facet normal 0 0 1
    outer loop
      vertex -6 -110 9
      vertex -0.439993 -13.6421 9
      vertex -0.581435 -13.5975 9
    endloop
  endfacet
  facet normal 0 0 1
    outer loop
      vertex -6 -110 9
      vertex -0.581435 -13.5975 9
      vertex -0.718451 -13.5407 9
    endloop
  endfacet
  facet normal 0 0 1
    outer loop
      vertex -6 -110 9
      vertex -0.718451 -13.5407 9
      vertex -0.85 -13.4722 9
    endloop
  endfacet
  facet normal 0 0 1
    outer loop
      vertex -6 -110 9
      vertex -0.85 -13.4722 9
      vertex -0.97508 -13.3926 9
    endloop
  endfacet
  facet normal 0 0 1
    outer loop
      vertex -6 -110 9
      vertex -0.97508 -13.3926 9
      vertex -1.09274 -13.3023 9
    endloop
  endfacet
  facet normal 0 0 1
    outer loop
      vertex -6 -110 9
      vertex -1.09274 -13.3023 9
      vertex -1.20208 -13.2021 9
    endloop
  endfacet
  facet normal 0 0 1
    outer loop
      vertex -6 -110 9
      vertex -1.20208 -13.2021 9
      vertex -1.30228 -13.0927 9
    endloop
  endfacet
  facet normal 0 0 1
    outer loop
      vertex -6 -110 9
      vertex -1.30228 -13.0927 9
      vertex -1.39256 -12.9751 9
    endloop
  endfacet
  facet normal 0 0 1
    outer loop
      vertex -6 -110 9
      vertex -1.39256 -12.9751 9
      vertex -1.47224 -12.85 9
    endloop
  endfacet
  facet normal 0 0 1
    outer loop
      vertex -6 -110 9
      vertex -1.47224 -12.85 9
      vertex -1.54072 -12.7185 9
    endloop
  endfacet
  facet normal 0 0 1
    outer loop
      vertex -6 -110 9
      vertex -1.54072 -12.7185 9
      vertex -1.59748 -12.5814 9
    endloop
  endfacet
  facet normal 0 0 1
    outer loop
      vertex -6 -110 9
      vertex -1.59748 -12.5814 9
      vertex -1.64207 -12.44 9
    endloop
  endfacet
  facet normal 0 0 1
    outer loop
      vertex -6 -110 9
      vertex -1.64207 -12.44 9
      vertex -1.67417 -12.2952 9
    endloop
  endfacet
  facet normal 0 0 1
    outer loop
      vertex -6 -110 9
      vertex -1.67417 -12.2952 9
      vertex -1.69353 -12.1482 9
    endloop
  endfacet
  facet normal 0 0 1
    outer loop
      vertex -7.62939e-07 -13.7 9
      vertex -6 -110 9
      vertex 6 -110 9
    endloop
  endfacet
  facet normal 0 0 1
    outer loop
      vertex -1.7 -12 9
      vertex -6 -110 9
      vertex -1.69353 -12.1482 9
    endloop
  endfacet
  facet normal 0 0 1
    outer loop
      vertex -6 -110 9
      vertex -1.7 -12 9
      vertex -6 110 9
    endloop
  endfacet
  facet normal 1 0 0
    outer loop
      vertex 6 -104.805 -6.39541
      vertex 6 36.8 0
      vertex 6 -104.805 6.39541
    endloop
  endfacet
  facet normal 1 0 0
    outer loop
      vertex 6 36.8 0
      vertex 6 -104.805 -6.39541
      vertex 6 -104.8 -6.5
    endloop
  endfacet
  facet normal 1 -0 0
    outer loop
      vertex 6 -104.818 6.29162
      vertex 6 -104.805 -6.39541
      vertex 6 -104.805 6.39541
    endloop
  endfacet
  facet normal 1 0 0
    outer loop
      vertex 6 -104.818 6.29162
      vertex 6 -104.818 -6.29162
      vertex 6 -104.805 -6.39541
    endloop
  endfacet
  facet normal 1 -0 0
    outer loop
      vertex 6 -104.841 6.18942
      vertex 6 -104.818 -6.29162
      vertex 6 -104.818 6.29162
    endloop
  endfacet
  facet normal 1 0 0
    outer loop
      vertex 6 -104.841 6.18942
      vertex 6 -104.841 -6.18942
      vertex 6 -104.818 -6.29162
    endloop
  endfacet
  facet normal 1 -0 0
    outer loop
      vertex 6 -104.872 6.08958
      vertex 6 -104.841 -6.18942
      vertex 6 -104.841 6.18942
    endloop
  endfacet
  facet normal 1 0 0
    outer loop
      vertex 6 -104.872 6.08958
      vertex 6 -104.872 -6.08958
      vertex 6 -104.841 -6.18942
    endloop
  endfacet
  facet normal 1 -0 0
    outer loop
      vertex 6 -104.912 5.99286
      vertex 6 -104.872 -6.08958
      vertex 6 -104.872 6.08958
    endloop
  endfacet
  facet normal 1 0 0
    outer loop
      vertex 6 -104.912 5.99286
      vertex 6 -104.912 -5.99286
      vertex 6 -104.872 -6.08958
    endloop
  endfacet
  facet normal 1 -0 0
    outer loop
      vertex 6 -104.961 5.9
      vertex 6 -104.912 -5.99286
      vertex 6 -104.912 5.99286
    endloop
  endfacet
  facet normal 1 0 0
    outer loop
      vertex 6 -104.961 5.9
      vertex 6 -104.961 -5.9
      vertex 6 -104.912 -5.99286
    endloop
  endfacet
  facet normal 1 -0 0
    outer loop
      vertex 6 -105.017 5.81171
      vertex 6 -104.961 -5.9
      vertex 6 -104.961 5.9
    endloop
  endfacet
  facet normal 1 0 0
    outer loop
      vertex 6 -105.017 5.81171
      vertex 6 -105.017 -5.81171
      vertex 6 -104.961 -5.9
    endloop
  endfacet
  facet normal 1 -0 0
    outer loop
      vertex 6 -105.081 5.72865
      vertex 6 -105.017 -5.81171
      vertex 6 -105.017 5.81171
    endloop
  endfacet
  facet normal 1 0 0
    outer loop
      vertex 6 -105.081 5.72865
      vertex 6 -105.081 -5.72866
      vertex 6 -105.017 -5.81171
    endloop
  endfacet
  facet normal 1 -0 0
    outer loop
      vertex 6 -105.151 5.65147
      vertex 6 -105.081 -5.72866
      vertex 6 -105.081 5.72865
    endloop
  endfacet
  facet normal 1 0 0
    outer loop
      vertex 6 -105.151 5.65147
      vertex 6 -105.151 -5.65147
      vertex 6 -105.081 -5.72866
    endloop
  endfacet
  facet normal 1 -0 0
    outer loop
      vertex 6 -105.229 5.58075
      vertex 6 -105.151 -5.65147
      vertex 6 -105.151 5.65147
    endloop
  endfacet
  facet normal 1 0 0
    outer loop
      vertex 6 -105.229 5.58075
      vertex 6 -105.229 -5.58075
      vertex 6 -105.151 -5.65147
    endloop
  endfacet
  facet normal 1 -0 0
    outer loop
      vertex 6 -105.312 5.51702
      vertex 6 -105.229 -5.58075
      vertex 6 -105.229 5.58075
    endloop
  endfacet
  facet normal 1 0 0
    outer loop
      vertex 6 -105.312 5.51702
      vertex 6 -105.312 -5.51702
      vertex 6 -105.229 -5.58075
    endloop
  endfacet
  facet normal 1 -0 0
    outer loop
      vertex 6 -105.4 5.46077
      vertex 6 -105.312 -5.51702
      vertex 6 -105.312 5.51702
    endloop
  endfacet
  facet normal 1 0 0
    outer loop
      vertex 6 -105.4 5.46077
      vertex 6 -105.4 -5.46077
      vertex 6 -105.312 -5.51702
    endloop
  endfacet
  facet normal 1 -0 0
    outer loop
      vertex 6 -105.493 5.41243
      vertex 6 -105.4 -5.46077
      vertex 6 -105.4 5.46077
    endloop
  endfacet
  facet normal 1 0 0
    outer loop
      vertex 6 -105.493 5.41243
      vertex 6 -105.493 -5.41243
      vertex 6 -105.4 -5.46077
    endloop
  endfacet
  facet normal 1 -0 0
    outer loop
      vertex 6 -105.59 5.37237
      vertex 6 -105.493 -5.41243
      vertex 6 -105.493 5.41243
    endloop
  endfacet
  facet normal 1 0 0
    outer loop
      vertex 6 -105.59 5.37237
      vertex 6 -105.59 -5.37237
      vertex 6 -105.493 -5.41243
    endloop
  endfacet
  facet normal 1 -0 0
    outer loop
      vertex 6 -105.689 5.34089
      vertex 6 -105.59 -5.37237
      vertex 6 -105.59 5.37237
    endloop
  endfacet
  facet normal 1 0 0
    outer loop
      vertex 6 -105.689 5.34089
      vertex 6 -105.689 -5.34089
      vertex 6 -105.59 -5.37237
    endloop
  endfacet
  facet normal 1 -0 0
    outer loop
      vertex 6 -105.792 5.31823
      vertex 6 -105.689 -5.34089
      vertex 6 -105.689 5.34089
    endloop
  endfacet
  facet normal 1 0 0
    outer loop
      vertex 6 -105.792 5.31823
      vertex 6 -105.792 -5.31823
      vertex 6 -105.689 -5.34089
    endloop
  endfacet
  facet normal 1 -0 0
    outer loop
      vertex 6 -105.895 5.30457
      vertex 6 -105.792 -5.31823
      vertex 6 -105.792 5.31823
    endloop
  endfacet
  facet normal 1 0 0
    outer loop
      vertex 6 -105.895 5.30457
      vertex 6 -105.895 -5.30457
      vertex 6 -105.792 -5.31823
    endloop
  endfacet
  facet normal 1 -0 0
    outer loop
      vertex 6 -106 5.3
      vertex 6 -105.895 -5.30457
      vertex 6 -105.895 5.30457
    endloop
  endfacet
  facet normal 1 0 0
    outer loop
      vertex 6 -106 5.3
      vertex 6 -106 -5.3
      vertex 6 -105.895 -5.30457
    endloop
  endfacet
  facet normal 1 0 0
    outer loop
      vertex 6 -106.105 5.30457
      vertex 6 -106 -5.3
      vertex 6 -106 5.3
    endloop
  endfacet
  facet normal 1 0 0
    outer loop
      vertex 6 -106.105 5.30457
      vertex 6 -106.105 -5.30457
      vertex 6 -106 -5.3
    endloop
  endfacet
  facet normal 1 0 0
    outer loop
      vertex 6 -106.208 5.31823
      vertex 6 -106.105 -5.30457
      vertex 6 -106.105 5.30457
    endloop
  endfacet
  facet normal 1 0 0
    outer loop
      vertex 6 -106.208 5.31823
      vertex 6 -106.208 -5.31823
      vertex 6 -106.105 -5.30457
    endloop
  endfacet
  facet normal 1 0 0
    outer loop
      vertex 6 -106.311 5.34089
      vertex 6 -106.208 -5.31823
      vertex 6 -106.208 5.31823
    endloop
  endfacet
  facet normal 1 0 0
    outer loop
      vertex 6 -106.311 5.34089
      vertex 6 -106.311 -5.34089
      vertex 6 -106.208 -5.31823
    endloop
  endfacet
  facet normal 1 0 0
    outer loop
      vertex 6 -106.41 5.37237
      vertex 6 -106.311 -5.34089
      vertex 6 -106.311 5.34089
    endloop
  endfacet
  facet normal 1 0 0
    outer loop
      vertex 6 -106.41 5.37237
      vertex 6 -106.41 -5.37237
      vertex 6 -106.311 -5.34089
    endloop
  endfacet
  facet normal 1 0 0
    outer loop
      vertex 6 -106.507 5.41243
      vertex 6 -106.41 -5.37237
      vertex 6 -106.41 5.37237
    endloop
  endfacet
  facet normal 1 0 0
    outer loop
      vertex 6 -106.507 5.41243
      vertex 6 -106.507 -5.41243
      vertex 6 -106.41 -5.37237
    endloop
  endfacet
  facet normal 1 0 0
    outer loop
      vertex 6 -106.6 5.46077
      vertex 6 -106.507 -5.41243
      vertex 6 -106.507 5.41243
    endloop
  endfacet
  facet normal 1 0 0
    outer loop
      vertex 6 -106.6 5.46077
      vertex 6 -106.6 -5.46077
      vertex 6 -106.507 -5.41243
    endloop
  endfacet
  facet normal 1 0 0
    outer loop
      vertex 6 -106.688 5.51702
      vertex 6 -106.6 -5.46077
      vertex 6 -106.6 5.46077
    endloop
  endfacet
  facet normal 1 0 0
    outer loop
      vertex 6 -106.688 5.51702
      vertex 6 -106.688 -5.51702
      vertex 6 -106.6 -5.46077
    endloop
  endfacet
  facet normal 1 0 0
    outer loop
      vertex 6 -106.771 5.58075
      vertex 6 -106.688 -5.51702
      vertex 6 -106.688 5.51702
    endloop
  endfacet
  facet normal 1 0 0
    outer loop
      vertex 6 -106.771 5.58075
      vertex 6 -106.771 -5.58075
      vertex 6 -106.688 -5.51702
    endloop
  endfacet
  facet normal 1 0 0
    outer loop
      vertex 6 -106.849 5.65147
      vertex 6 -106.771 -5.58075
      vertex 6 -106.771 5.58075
    endloop
  endfacet
  facet normal 1 0 0
    outer loop
      vertex 6 -106.849 5.65147
      vertex 6 -106.849 -5.65147
      vertex 6 -106.771 -5.58075
    endloop
  endfacet
  facet normal 1 0 0
    outer loop
      vertex 6 -106.919 5.72865
      vertex 6 -106.849 -5.65147
      vertex 6 -106.849 5.65147
    endloop
  endfacet
  facet normal 1 0 0
    outer loop
      vertex 6 -106.919 5.72865
      vertex 6 -106.919 -5.72866
      vertex 6 -106.849 -5.65147
    endloop
  endfacet
  facet normal 1 0 0
    outer loop
      vertex 6 -106.983 5.81171
      vertex 6 -106.919 -5.72866
      vertex 6 -106.919 5.72865
    endloop
  endfacet
  facet normal 1 0 0
    outer loop
      vertex 6 -106.983 5.81171
      vertex 6 -106.983 -5.81171
      vertex 6 -106.919 -5.72866
    endloop
  endfacet
  facet normal 1 0 0
    outer loop
      vertex 6 -107.039 5.9
      vertex 6 -106.983 -5.81171
      vertex 6 -106.983 5.81171
    endloop
  endfacet
  facet normal 1 0 0
    outer loop
      vertex 6 -107.039 5.9
      vertex 6 -107.039 -5.9
      vertex 6 -106.983 -5.81171
    endloop
  endfacet
  facet normal 1 0 0
    outer loop
      vertex 6 -110 9
      vertex 6 -107.039 5.9
      vertex 6 -107.088 5.99286
    endloop
  endfacet
  facet normal 1 0 0
    outer loop
      vertex 6 -107.039 5.9
      vertex 6 -110 9
      vertex 6 -107.039 -5.9
    endloop
  endfacet
  facet normal 1 0 0
    outer loop
      vertex 6 -110 9
      vertex 6 -107.088 5.99286
      vertex 6 -107.128 6.08958
    endloop
  endfacet
  facet normal 1 0 0
    outer loop
      vertex 6 -110 -9
      vertex 6 -107.039 -5.9
      vertex 6 -110 9
    endloop
  endfacet
  facet normal 1 0 0
    outer loop
      vertex 6 -110 9
      vertex 6 -107.128 6.08958
      vertex 6 -107.159 6.18942
    endloop
  endfacet
  facet normal 1 0 0
    outer loop
      vertex 6 -107.039 -5.9
      vertex 6 -110 -9
      vertex 6 -107.088 -5.99286
    endloop
  endfacet
  facet normal 1 0 0
    outer loop
      vertex 6 -110 9
      vertex 6 -107.159 6.18942
      vertex 6 -107.182 6.29162
    endloop
  endfacet
  facet normal 1 0 0
    outer loop
      vertex 6 -107.088 -5.99286
      vertex 6 -110 -9
      vertex 6 -107.128 -6.08958
    endloop
  endfacet
  facet normal 1 0 0
    outer loop
      vertex 6 -110 9
      vertex 6 -107.182 6.29162
      vertex 6 -107.195 6.39541
    endloop
  endfacet
  facet normal 1 0 0
    outer loop
      vertex 6 -107.128 -6.08958
      vertex 6 -110 -9
      vertex 6 -107.159 -6.18942
    endloop
  endfacet
  facet normal 1 0 0
    outer loop
      vertex 6 -110 9
      vertex 6 -107.195 6.39541
      vertex 6 -107.2 6.5
    endloop
  endfacet
  facet normal 1 0 0
    outer loop
      vertex 6 -107.159 -6.18942
      vertex 6 -110 -9
      vertex 6 -107.182 -6.29162
    endloop
  endfacet
  facet normal 1 0 0
    outer loop
      vertex 6 107.159 6.18942
      vertex 6 110 9
      vertex 6 107.182 6.29162
    endloop
  endfacet
  facet normal 1 0 0
    outer loop
      vertex 6 110 -9
      vertex 6 107.195 -6.39541
      vertex 6 107.2 -6.5
    endloop
  endfacet
  facet normal 1 0 0
    outer loop
      vertex 6 107.128 6.08958
      vertex 6 110 9
      vertex 6 107.159 6.18942
    endloop
  endfacet
  facet normal 1 0 0
    outer loop
      vertex 6 110 -9
      vertex 6 107.182 -6.29162
      vertex 6 107.195 -6.39541
    endloop
  endfacet
  facet normal 1 0 0
    outer loop
      vertex 6 107.088 5.99286
      vertex 6 110 9
      vertex 6 107.128 6.08958
    endloop
  endfacet
  facet normal 1 0 0
    outer loop
      vertex 6 110 -9
      vertex 6 107.159 -6.18942
      vertex 6 107.182 -6.29162
    endloop
  endfacet
  facet normal 1 0 0
    outer loop
      vertex 6 107.039 5.9
      vertex 6 110 9
      vertex 6 107.088 5.99286
    endloop
  endfacet
  facet normal 1 0 0
    outer loop
      vertex 6 110 -9
      vertex 6 107.128 -6.08958
      vertex 6 107.159 -6.18942
    endloop
  endfacet
  facet normal 1 0 0
    outer loop
      vertex 6 110 9
      vertex 6 107.039 5.9
      vertex 6 110 -9
    endloop
  endfacet
  facet normal 1 0 0
    outer loop
      vertex 6 110 -9
      vertex 6 107.088 -5.99286
      vertex 6 107.128 -6.08958
    endloop
  endfacet
  facet normal 1 -0 0
    outer loop
      vertex 6 107.039 -5.9
      vertex 6 110 -9
      vertex 6 107.039 5.9
    endloop
  endfacet
  facet normal 1 0 0
    outer loop
      vertex 6 110 -9
      vertex 6 107.039 -5.9
      vertex 6 107.088 -5.99286
    endloop
  endfacet
  facet normal 1 -0 0
    outer loop
      vertex 6 106.983 5.81171
      vertex 6 107.039 -5.9
      vertex 6 107.039 5.9
    endloop
  endfacet
  facet normal 1 0 0
    outer loop
      vertex 6 106.983 5.81171
      vertex 6 106.983 -5.81171
      vertex 6 107.039 -5.9
    endloop
  endfacet
  facet normal 1 -0 0
    outer loop
      vertex 6 106.919 5.72865
      vertex 6 106.983 -5.81171
      vertex 6 106.983 5.81171
    endloop
  endfacet
  facet normal 1 0 0
    outer loop
      vertex 6 106.919 5.72865
      vertex 6 106.919 -5.72866
      vertex 6 106.983 -5.81171
    endloop
  endfacet
  facet normal 1 -0 0
    outer loop
      vertex 6 106.849 5.65147
      vertex 6 106.919 -5.72866
      vertex 6 106.919 5.72865
    endloop
  endfacet
  facet normal 1 0 0
    outer loop
      vertex 6 106.849 5.65147
      vertex 6 106.849 -5.65147
      vertex 6 106.919 -5.72866
    endloop
  endfacet
  facet normal 1 -0 0
    outer loop
      vertex 6 106.771 5.58075
      vertex 6 106.849 -5.65147
      vertex 6 106.849 5.65147
    endloop
  endfacet
  facet normal 1 0 0
    outer loop
      vertex 6 106.771 5.58075
      vertex 6 106.771 -5.58075
      vertex 6 106.849 -5.65147
    endloop
  endfacet
  facet normal 1 -0 0
    outer loop
      vertex 6 106.688 5.51702
      vertex 6 106.771 -5.58075
      vertex 6 106.771 5.58075
    endloop
  endfacet
  facet normal 1 0 0
    outer loop
      vertex 6 106.688 5.51702
      vertex 6 106.688 -5.51702
      vertex 6 106.771 -5.58075
    endloop
  endfacet
  facet normal 1 -0 0
    outer loop
      vertex 6 106.6 5.46077
      vertex 6 106.688 -5.51702
      vertex 6 106.688 5.51702
    endloop
  endfacet
  facet normal 1 0 0
    outer loop
      vertex 6 106.6 5.46077
      vertex 6 106.6 -5.46077
      vertex 6 106.688 -5.51702
    endloop
  endfacet
  facet normal 1 -0 0
    outer loop
      vertex 6 106.507 5.41243
      vertex 6 106.6 -5.46077
      vertex 6 106.6 5.46077
    endloop
  endfacet
  facet normal 1 0 0
    outer loop
      vertex 6 106.507 5.41243
      vertex 6 106.507 -5.41243
      vertex 6 106.6 -5.46077
    endloop
  endfacet
  facet normal 1 -0 0
    outer loop
      vertex 6 106.41 5.37237
      vertex 6 106.507 -5.41243
      vertex 6 106.507 5.41243
    endloop
  endfacet
  facet normal 1 0 0
    outer loop
      vertex 6 106.41 5.37237
      vertex 6 106.41 -5.37237
      vertex 6 106.507 -5.41243
    endloop
  endfacet
  facet normal 1 -0 0
    outer loop
      vertex 6 106.311 5.34089
      vertex 6 106.41 -5.37237
      vertex 6 106.41 5.37237
    endloop
  endfacet
  facet normal 1 0 0
    outer loop
      vertex 6 106.311 5.34089
      vertex 6 106.311 -5.34089
      vertex 6 106.41 -5.37237
    endloop
  endfacet
  facet normal 1 -0 0
    outer loop
      vertex 6 106.208 5.31823
      vertex 6 106.311 -5.34089
      vertex 6 106.311 5.34089
    endloop
  endfacet
  facet normal 1 0 0
    outer loop
      vertex 6 106.208 5.31823
      vertex 6 106.208 -5.31823
      vertex 6 106.311 -5.34089
    endloop
  endfacet
  facet normal 1 -0 0
    outer loop
      vertex 6 106.105 5.30457
      vertex 6 106.208 -5.31823
      vertex 6 106.208 5.31823
    endloop
  endfacet
  facet normal 1 0 0
    outer loop
      vertex 6 106.105 5.30457
      vertex 6 106.105 -5.30457
      vertex 6 106.208 -5.31823
    endloop
  endfacet
  facet normal 1 -0 0
    outer loop
      vertex 6 106 5.3
      vertex 6 106.105 -5.30457
      vertex 6 106.105 5.30457
    endloop
  endfacet
  facet normal 1 0 0
    outer loop
      vertex 6 106 5.3
      vertex 6 106 -5.3
      vertex 6 106.105 -5.30457
    endloop
  endfacet
  facet normal 1 0 0
    outer loop
      vertex 6 105.895 5.30457
      vertex 6 106 -5.3
      vertex 6 106 5.3
    endloop
  endfacet
  facet normal 1 0 0
    outer loop
      vertex 6 105.895 5.30457
      vertex 6 105.895 -5.30457
      vertex 6 106 -5.3
    endloop
  endfacet
  facet normal 1 0 0
    outer loop
      vertex 6 105.792 5.31823
      vertex 6 105.895 -5.30457
      vertex 6 105.895 5.30457
    endloop
  endfacet
  facet normal 1 0 0
    outer loop
      vertex 6 105.792 5.31823
      vertex 6 105.792 -5.31823
      vertex 6 105.895 -5.30457
    endloop
  endfacet
  facet normal 1 0 0
    outer loop
      vertex 6 105.689 5.34089
      vertex 6 105.792 -5.31823
      vertex 6 105.792 5.31823
    endloop
  endfacet
  facet normal 1 0 0
    outer loop
      vertex 6 105.689 5.34089
      vertex 6 105.689 -5.34089
      vertex 6 105.792 -5.31823
    endloop
  endfacet
  facet normal 1 0 0
    outer loop
      vertex 6 105.59 5.37237
      vertex 6 105.689 -5.34089
      vertex 6 105.689 5.34089
    endloop
  endfacet
  facet normal 1 0 0
    outer loop
      vertex 6 105.59 5.37237
      vertex 6 105.59 -5.37237
      vertex 6 105.689 -5.34089
    endloop
  endfacet
  facet normal 1 0 0
    outer loop
      vertex 6 105.493 5.41243
      vertex 6 105.59 -5.37237
      vertex 6 105.59 5.37237
    endloop
  endfacet
  facet normal 1 0 0
    outer loop
      vertex 6 105.493 5.41243
      vertex 6 105.493 -5.41243
      vertex 6 105.59 -5.37237
    endloop
  endfacet
  facet normal 1 0 0
    outer loop
      vertex 6 105.4 5.46077
      vertex 6 105.493 -5.41243
      vertex 6 105.493 5.41243
    endloop
  endfacet
  facet normal 1 0 0
    outer loop
      vertex 6 105.4 5.46077
      vertex 6 105.4 -5.46077
      vertex 6 105.493 -5.41243
    endloop
  endfacet
  facet normal 1 0 0
    outer loop
      vertex 6 105.312 5.51702
      vertex 6 105.4 -5.46077
      vertex 6 105.4 5.46077
    endloop
  endfacet
  facet normal 1 0 0
    outer loop
      vertex 6 105.312 5.51702
      vertex 6 105.312 -5.51702
      vertex 6 105.4 -5.46077
    endloop
  endfacet
  facet normal 1 0 0
    outer loop
      vertex 6 105.229 5.58075
      vertex 6 105.312 -5.51702
      vertex 6 105.312 5.51702
    endloop
  endfacet
  facet normal 1 0 0
    outer loop
      vertex 6 105.229 5.58075
      vertex 6 105.229 -5.58075
      vertex 6 105.312 -5.51702
    endloop
  endfacet
  facet normal 1 0 0
    outer loop
      vertex 6 105.151 5.65147
      vertex 6 105.229 -5.58075
      vertex 6 105.229 5.58075
    endloop
  endfacet
  facet normal 1 0 0
    outer loop
      vertex 6 105.151 5.65147
      vertex 6 105.151 -5.65147
      vertex 6 105.229 -5.58075
    endloop
  endfacet
  facet normal 1 0 0
    outer loop
      vertex 6 105.081 5.72865
      vertex 6 105.151 -5.65147
      vertex 6 105.151 5.65147
    endloop
  endfacet
  facet normal 1 0 0
    outer loop
      vertex 6 105.081 5.72865
      vertex 6 105.081 -5.72866
      vertex 6 105.151 -5.65147
    endloop
  endfacet
  facet normal 1 0 0
    outer loop
      vertex 6 105.017 5.81171
      vertex 6 105.081 -5.72866
      vertex 6 105.081 5.72865
    endloop
  endfacet
  facet normal 1 0 0
    outer loop
      vertex 6 105.017 5.81171
      vertex 6 105.017 -5.81171
      vertex 6 105.081 -5.72866
    endloop
  endfacet
  facet normal 1 0 0
    outer loop
      vertex 6 104.961 5.9
      vertex 6 105.017 -5.81171
      vertex 6 105.017 5.81171
    endloop
  endfacet
  facet normal 1 0 0
    outer loop
      vertex 6 104.961 5.9
      vertex 6 104.961 -5.9
      vertex 6 105.017 -5.81171
    endloop
  endfacet
  facet normal 1 0 0
    outer loop
      vertex 6 104.912 5.99286
      vertex 6 104.961 -5.9
      vertex 6 104.961 5.9
    endloop
  endfacet
  facet normal 1 0 0
    outer loop
      vertex 6 104.912 5.99286
      vertex 6 104.912 -5.99286
      vertex 6 104.961 -5.9
    endloop
  endfacet
  facet normal 1 0 0
    outer loop
      vertex 6 104.872 6.08958
      vertex 6 104.912 -5.99286
      vertex 6 104.912 5.99286
    endloop
  endfacet
  facet normal 1 0 0
    outer loop
      vertex 6 104.872 6.08958
      vertex 6 104.872 -6.08958
      vertex 6 104.912 -5.99286
    endloop
  endfacet
  facet normal 1 0 0
    outer loop
      vertex 6 67.2 0
      vertex 6 104.872 6.08958
      vertex 6 104.841 6.18942
    endloop
  endfacet
  facet normal 1 0 0
    outer loop
      vertex 6 104.872 6.08958
      vertex 6 67.2 0
      vertex 6 104.872 -6.08958
    endloop
  endfacet
  facet normal 1 0 0
    outer loop
      vertex 6 67.1954 0.104587
      vertex 6 104.841 6.18942
      vertex 6 104.818 6.29162
    endloop
  endfacet
  facet normal 1 0 0
    outer loop
      vertex 6 104.872 -6.08958
      vertex 6 67.2 0
      vertex 6 104.841 -6.18942
    endloop
  endfacet
  facet normal 1 0 0
    outer loop
      vertex 6 67.1818 0.208377
      vertex 6 104.818 6.29162
      vertex 6 104.805 6.39541
    endloop
  endfacet
  facet normal 1 -0 0
    outer loop
      vertex 6 67.1954 -0.104588
      vertex 6 104.841 -6.18942
      vertex 6 67.2 0
    endloop
  endfacet
  facet normal 1 0 0
    outer loop
      vertex 6 67.1591 0.310582
      vertex 6 104.805 6.39541
      vertex 6 104.8 6.5
    endloop
  endfacet
  facet normal 1 0 0
    outer loop
      vertex 6 104.841 -6.18942
      vertex 6 67.1954 -0.104588
      vertex 6 104.818 -6.29162
    endloop
  endfacet
  facet normal 1 0 0
    outer loop
      vertex 6 107.195 6.39541
      vertex 6 110 9
      vertex 6 107.2 6.5
    endloop
  endfacet
  facet normal 1 0 0
    outer loop
      vertex 6 110 9
      vertex 6 107.195 6.60459
      vertex 6 107.2 6.5
    endloop
  endfacet
  facet normal 1 0 0
    outer loop
      vertex 6 110 9
      vertex 6 107.182 6.70838
      vertex 6 107.195 6.60459
    endloop
  endfacet
  facet normal 1 0 0
    outer loop
      vertex 6 110 9
      vertex 6 107.159 6.81058
      vertex 6 107.182 6.70838
    endloop
  endfacet
  facet normal 1 0 0
    outer loop
      vertex 6 110 9
      vertex 6 107.128 6.91042
      vertex 6 107.159 6.81058
    endloop
  endfacet
  facet normal 1 0 0
    outer loop
      vertex 6 110 9
      vertex 6 107.088 7.00714
      vertex 6 107.128 6.91042
    endloop
  endfacet
  facet normal 1 0 0
    outer loop
      vertex 6 110 9
      vertex 6 107.039 7.1
      vertex 6 107.088 7.00714
    endloop
  endfacet
  facet normal 1 0 0
    outer loop
      vertex 6 110 9
      vertex 6 106.983 7.18829
      vertex 6 107.039 7.1
    endloop
  endfacet
  facet normal 1 0 0
    outer loop
      vertex 6 110 9
      vertex 6 106.919 7.27134
      vertex 6 106.983 7.18829
    endloop
  endfacet
  facet normal 1 0 0
    outer loop
      vertex 6 110 9
      vertex 6 106.849 7.34853
      vertex 6 106.919 7.27134
    endloop
  endfacet
  facet normal 1 0 0
    outer loop
      vertex 6 110 9
      vertex 6 106.771 7.41925
      vertex 6 106.849 7.34853
    endloop
  endfacet
  facet normal 1 0 0
    outer loop
      vertex 6 110 9
      vertex 6 106.688 7.48298
      vertex 6 106.771 7.41925
    endloop
  endfacet
  facet normal 1 0 0
    outer loop
      vertex 6 110 9
      vertex 6 106.6 7.53923
      vertex 6 106.688 7.48298
    endloop
  endfacet
  facet normal 1 0 0
    outer loop
      vertex 6 110 9
      vertex 6 106.507 7.58757
      vertex 6 106.6 7.53923
    endloop
  endfacet
  facet normal 1 0 0
    outer loop
      vertex 6 110 9
      vertex 6 106.41 7.62763
      vertex 6 106.507 7.58757
    endloop
  endfacet
  facet normal 1 0 0
    outer loop
      vertex 6 110 9
      vertex 6 106.311 7.65911
      vertex 6 106.41 7.62763
    endloop
  endfacet
  facet normal 1 0 0
    outer loop
      vertex 6 110 9
      vertex 6 106.208 7.68177
      vertex 6 106.311 7.65911
    endloop
  endfacet
  facet normal 1 0 0
    outer loop
      vertex 6 110 9
      vertex 6 106.105 7.69543
      vertex 6 106.208 7.68177
    endloop
  endfacet
  facet normal 1 0 0
    outer loop
      vertex 6 110 9
      vertex 6 106 7.7
      vertex 6 106.105 7.69543
    endloop
  endfacet
  facet normal 1 0 0
    outer loop
      vertex 6 110 9
      vertex 6 105.895 7.69543
      vertex 6 106 7.7
    endloop
  endfacet
  facet normal 1 0 0
    outer loop
      vertex 6 110 9
      vertex 6 105.792 7.68177
      vertex 6 105.895 7.69543
    endloop
  endfacet
  facet normal 1 0 0
    outer loop
      vertex 6 110 9
      vertex 6 105.689 7.65911
      vertex 6 105.792 7.68177
    endloop
  endfacet
  facet normal 1 -0 0
    outer loop
      vertex 6 67.1818 -0.208378
      vertex 6 104.818 -6.29162
      vertex 6 67.1954 -0.104588
    endloop
  endfacet
  facet normal 1 0 0
    outer loop
      vertex 6 67.1276 0.410423
      vertex 6 104.8 6.5
      vertex 6 104.805 6.60459
    endloop
  endfacet
  facet normal 1 0 0
    outer loop
      vertex 6 67.0876 0.507141
      vertex 6 104.805 6.60459
      vertex 6 104.818 6.70838
    endloop
  endfacet
  facet normal 1 0 0
    outer loop
      vertex 6 67.0392 0.599999
      vertex 6 104.818 6.70838
      vertex 6 104.841 6.81058
    endloop
  endfacet
  facet normal 1 0 0
    outer loop
      vertex 6 66.983 0.688292
      vertex 6 104.841 6.81058
      vertex 6 104.872 6.91042
    endloop
  endfacet
  facet normal 1 0 0
    outer loop
      vertex 6 66.9193 0.771344
      vertex 6 104.872 6.91042
      vertex 6 104.912 7.00714
    endloop
  endfacet
  facet normal 1 0 0
    outer loop
      vertex 6 66.8485 0.848528
      vertex 6 104.912 7.00714
      vertex 6 104.961 7.1
    endloop
  endfacet
  facet normal 1 0 0
    outer loop
      vertex 6 66.7713 0.919252
      vertex 6 104.961 7.1
      vertex 6 105.017 7.18829
    endloop
  endfacet
  facet normal 1 0 0
    outer loop
      vertex 6 66.6883 0.982982
      vertex 6 105.017 7.18829
      vertex 6 105.081 7.27134
    endloop
  endfacet
  facet normal 1 0 0
    outer loop
      vertex 6 66.6 1.03923
      vertex 6 105.081 7.27134
      vertex 6 105.151 7.34853
    endloop
  endfacet
  facet normal 1 0 0
    outer loop
      vertex 6 66.5071 1.08757
      vertex 6 105.151 7.34853
      vertex 6 105.229 7.41925
    endloop
  endfacet
  facet normal 1 0 0
    outer loop
      vertex 6 66.4104 1.12763
      vertex 6 105.229 7.41925
      vertex 6 105.312 7.48298
    endloop
  endfacet
  facet normal 1 0 0
    outer loop
      vertex 6 66.3106 1.15911
      vertex 6 105.312 7.48298
      vertex 6 105.4 7.53923
    endloop
  endfacet
  facet normal 1 0 0
    outer loop
      vertex 6 66.2084 1.18177
      vertex 6 105.4 7.53923
      vertex 6 105.493 7.58757
    endloop
  endfacet
  facet normal 1 0 0
    outer loop
      vertex 6 66.1046 1.19543
      vertex 6 105.493 7.58757
      vertex 6 105.59 7.62763
    endloop
  endfacet
  facet normal 1 0 0
    outer loop
      vertex 6 66 1.2
      vertex 6 105.59 7.62763
      vertex 6 105.689 7.65911
    endloop
  endfacet
  facet normal 1 0 0
    outer loop
      vertex 6 66 1.2
      vertex 6 105.689 7.65911
      vertex 6 110 9
    endloop
  endfacet
  facet normal 1 0 0
    outer loop
      vertex 6 104.841 6.18942
      vertex 6 67.1954 0.104587
      vertex 6 67.2 0
    endloop
  endfacet
  facet normal 1 0 0
    outer loop
      vertex 6 104.818 6.29162
      vertex 6 67.1818 0.208377
      vertex 6 67.1954 0.104587
    endloop
  endfacet
  facet normal 1 0 0
    outer loop
      vertex 6 104.805 6.39541
      vertex 6 67.1591 0.310582
      vertex 6 67.1818 0.208377
    endloop
  endfacet
  facet normal 1 0 0
    outer loop
      vertex 6 104.8 6.5
      vertex 6 67.1276 0.410423
      vertex 6 67.1591 0.310582
    endloop
  endfacet
  facet normal 1 0 0
    outer loop
      vertex 6 104.805 6.60459
      vertex 6 67.0876 0.507141
      vertex 6 67.1276 0.410423
    endloop
  endfacet
  facet normal 1 0 0
    outer loop
      vertex 6 104.818 6.70838
      vertex 6 67.0392 0.599999
      vertex 6 67.0876 0.507141
    endloop
  endfacet
  facet normal 1 0 0
    outer loop
      vertex 6 104.841 6.81058
      vertex 6 66.983 0.688292
      vertex 6 67.0392 0.599999
    endloop
  endfacet
  facet normal 1 0 0
    outer loop
      vertex 6 104.872 6.91042
      vertex 6 66.9193 0.771344
      vertex 6 66.983 0.688292
    endloop
  endfacet
  facet normal 1 0 0
    outer loop
      vertex 6 104.912 7.00714
      vertex 6 66.8485 0.848528
      vertex 6 66.9193 0.771344
    endloop
  endfacet
  facet normal 1 0 0
    outer loop
      vertex 6 104.961 7.1
      vertex 6 66.7713 0.919252
      vertex 6 66.8485 0.848528
    endloop
  endfacet
  facet normal 1 0 0
    outer loop
      vertex 6 105.017 7.18829
      vertex 6 66.6883 0.982982
      vertex 6 66.7713 0.919252
    endloop
  endfacet
  facet normal 1 0 0
    outer loop
      vertex 6 105.081 7.27134
      vertex 6 66.6 1.03923
      vertex 6 66.6883 0.982982
    endloop
  endfacet
  facet normal 1 0 0
    outer loop
      vertex 6 105.151 7.34853
      vertex 6 66.5071 1.08757
      vertex 6 66.6 1.03923
    endloop
  endfacet
  facet normal 1 0 0
    outer loop
      vertex 6 105.229 7.41925
      vertex 6 66.4104 1.12763
      vertex 6 66.5071 1.08757
    endloop
  endfacet
  facet normal 1 0 0
    outer loop
      vertex 6 105.312 7.48298
      vertex 6 66.3106 1.15911
      vertex 6 66.4104 1.12763
    endloop
  endfacet
  facet normal 1 0 0
    outer loop
      vertex 6 105.4 7.53923
      vertex 6 66.2084 1.18177
      vertex 6 66.3106 1.15911
    endloop
  endfacet
  facet normal 1 0 0
    outer loop
      vertex 6 105.493 7.58757
      vertex 6 66.1046 1.19543
      vertex 6 66.2084 1.18177
    endloop
  endfacet
  facet normal 1 0 0
    outer loop
      vertex 6 105.59 7.62763
      vertex 6 66 1.2
      vertex 6 66.1046 1.19543
    endloop
  endfacet
  facet normal 1 0 0
    outer loop
      vertex 6 110 9
      vertex 6 65.8954 1.19543
      vertex 6 66 1.2
    endloop
  endfacet
  facet normal 1 0 0
    outer loop
      vertex 6 38.1046 1.19543
      vertex 6 65.8954 1.19543
      vertex 6 110 9
    endloop
  endfacet
  facet normal 1 0 0
    outer loop
      vertex 6 64.8046 0.104587
      vertex 6 39.2 0
      vertex 6 64.8 0
    endloop
  endfacet
  facet normal 1 0 0
    outer loop
      vertex 6 39.1954 0.104587
      vertex 6 64.8046 0.104587
      vertex 6 64.8182 0.208377
    endloop
  endfacet
  facet normal 1 0 0
    outer loop
      vertex 6 39.1818 0.208377
      vertex 6 64.8182 0.208377
      vertex 6 64.8409 0.310582
    endloop
  endfacet
  facet normal 1 0 0
    outer loop
      vertex 6 39.1591 0.310582
      vertex 6 64.8409 0.310582
      vertex 6 64.8724 0.410423
    endloop
  endfacet
  facet normal 1 0 0
    outer loop
      vertex 6 39.1276 0.410423
      vertex 6 64.8724 0.410423
      vertex 6 64.9124 0.507141
    endloop
  endfacet
  facet normal 1 0 0
    outer loop
      vertex 6 39.0876 0.507141
      vertex 6 64.9124 0.507141
      vertex 6 64.9608 0.599999
    endloop
  endfacet
  facet normal 1 0 0
    outer loop
      vertex 6 39.0392 0.599999
      vertex 6 64.9608 0.599999
      vertex 6 65.017 0.688292
    endloop
  endfacet
  facet normal 1 0 0
    outer loop
      vertex 6 38.983 0.688292
      vertex 6 65.017 0.688292
      vertex 6 65.0807 0.771344
    endloop
  endfacet
  facet normal 1 0 0
    outer loop
      vertex 6 38.9193 0.771344
      vertex 6 65.0807 0.771344
      vertex 6 65.1515 0.848528
    endloop
  endfacet
  facet normal 1 0 0
    outer loop
      vertex 6 38.8485 0.848528
      vertex 6 65.1515 0.848528
      vertex 6 65.2287 0.919252
    endloop
  endfacet
  facet normal 1 0 0
    outer loop
      vertex 6 38.7713 0.919252
      vertex 6 65.2287 0.919252
      vertex 6 65.3117 0.982982
    endloop
  endfacet
  facet normal 1 0 0
    outer loop
      vertex 6 38.6883 0.982982
      vertex 6 65.3117 0.982982
      vertex 6 65.4 1.03923
    endloop
  endfacet
  facet normal 1 0 0
    outer loop
      vertex 6 38.6 1.03923
      vertex 6 65.4 1.03923
      vertex 6 65.4929 1.08757
    endloop
  endfacet
  facet normal 1 0 0
    outer loop
      vertex 6 38.5071 1.08757
      vertex 6 65.4929 1.08757
      vertex 6 65.5896 1.12763
    endloop
  endfacet
  facet normal 1 0 0
    outer loop
      vertex 6 38.4104 1.12763
      vertex 6 65.5896 1.12763
      vertex 6 65.6894 1.15911
    endloop
  endfacet
  facet normal 1 0 0
    outer loop
      vertex 6 38.3106 1.15911
      vertex 6 65.6894 1.15911
      vertex 6 65.7916 1.18177
    endloop
  endfacet
  facet normal 1 0 0
    outer loop
      vertex 6 65.8954 1.19543
      vertex 6 38.1046 1.19543
      vertex 6 65.7916 1.18177
    endloop
  endfacet
  facet normal 1 0 0
    outer loop
      vertex 6 64.8046 0.104587
      vertex 6 39.1954 0.104587
      vertex 6 39.2 0
    endloop
  endfacet
  facet normal 1 0 0
    outer loop
      vertex 6 64.8182 0.208377
      vertex 6 39.1818 0.208377
      vertex 6 39.1954 0.104587
    endloop
  endfacet
  facet normal 1 0 0
    outer loop
      vertex 6 64.8409 0.310582
      vertex 6 39.1591 0.310582
      vertex 6 39.1818 0.208377
    endloop
  endfacet
  facet normal 1 0 0
    outer loop
      vertex 6 64.8724 0.410423
      vertex 6 39.1276 0.410423
      vertex 6 39.1591 0.310582
    endloop
  endfacet
  facet normal 1 0 0
    outer loop
      vertex 6 64.9124 0.507141
      vertex 6 39.0876 0.507141
      vertex 6 39.1276 0.410423
    endloop
  endfacet
  facet normal 1 0 0
    outer loop
      vertex 6 64.9608 0.599999
      vertex 6 39.0392 0.599999
      vertex 6 39.0876 0.507141
    endloop
  endfacet
  facet normal 1 0 0
    outer loop
      vertex 6 65.017 0.688292
      vertex 6 38.983 0.688292
      vertex 6 39.0392 0.599999
    endloop
  endfacet
  facet normal 1 0 0
    outer loop
      vertex 6 65.0807 0.771344
      vertex 6 38.9193 0.771344
      vertex 6 38.983 0.688292
    endloop
  endfacet
  facet normal 1 0 0
    outer loop
      vertex 6 65.1515 0.848528
      vertex 6 38.8485 0.848528
      vertex 6 38.9193 0.771344
    endloop
  endfacet
  facet normal 1 0 0
    outer loop
      vertex 6 65.2287 0.919252
      vertex 6 38.7713 0.919252
      vertex 6 38.8485 0.848528
    endloop
  endfacet
  facet normal 1 0 0
    outer loop
      vertex 6 65.3117 0.982982
      vertex 6 38.6883 0.982982
      vertex 6 38.7713 0.919252
    endloop
  endfacet
  facet normal 1 0 0
    outer loop
      vertex 6 65.4 1.03923
      vertex 6 38.6 1.03923
      vertex 6 38.6883 0.982982
    endloop
  endfacet
  facet normal 1 0 0
    outer loop
      vertex 6 65.4929 1.08757
      vertex 6 38.5071 1.08757
      vertex 6 38.6 1.03923
    endloop
  endfacet
  facet normal 1 0 0
    outer loop
      vertex 6 65.5896 1.12763
      vertex 6 38.4104 1.12763
      vertex 6 38.5071 1.08757
    endloop
  endfacet
  facet normal 1 0 0
    outer loop
      vertex 6 65.6894 1.15911
      vertex 6 38.3106 1.15911
      vertex 6 38.4104 1.12763
    endloop
  endfacet
  facet normal 1 0 0
    outer loop
      vertex 6 65.7916 1.18177
      vertex 6 38.2084 1.18177
      vertex 6 38.3106 1.15911
    endloop
  endfacet
  facet normal 1 0 0
    outer loop
      vertex 6 65.7916 1.18177
      vertex 6 38.1046 1.19543
      vertex 6 38.2084 1.18177
    endloop
  endfacet
  facet normal 1 0 0
    outer loop
      vertex 6 110 9
      vertex 6 38 1.2
      vertex 6 38.1046 1.19543
    endloop
  endfacet
  facet normal 1 0 0
    outer loop
      vertex 6 110 9
      vertex 6 37.8954 1.19543
      vertex 6 38 1.2
    endloop
  endfacet
  facet normal 1 0 0
    outer loop
      vertex 6 36.8046 0.104587
      vertex 6 -104.8 6.5
      vertex 6 36.8 0
    endloop
  endfacet
  facet normal 1 0 0
    outer loop
      vertex 6 36.8182 0.208377
      vertex 6 -104.8 6.5
      vertex 6 36.8046 0.104587
    endloop
  endfacet
  facet normal 1 0 0
    outer loop
      vertex 6 -104.805 6.60459
      vertex 6 36.8182 0.208377
      vertex 6 36.8409 0.310582
    endloop
  endfacet
  facet normal 1 0 0
    outer loop
      vertex 6 -104.818 6.70838
      vertex 6 36.8409 0.310582
      vertex 6 36.8724 0.410423
    endloop
  endfacet
  facet normal 1 0 0
    outer loop
      vertex 6 -104.841 6.81058
      vertex 6 36.8724 0.410423
      vertex 6 36.9124 0.507141
    endloop
  endfacet
  facet normal 1 0 0
    outer loop
      vertex 6 -104.872 6.91042
      vertex 6 36.9124 0.507141
      vertex 6 36.9608 0.599999
    endloop
  endfacet
  facet normal 1 0 0
    outer loop
      vertex 6 -104.912 7.00714
      vertex 6 36.9608 0.599999
      vertex 6 37.017 0.688292
    endloop
  endfacet
  facet normal 1 0 0
    outer loop
      vertex 6 -104.961 7.1
      vertex 6 37.017 0.688292
      vertex 6 37.0807 0.771344
    endloop
  endfacet
  facet normal 1 0 0
    outer loop
      vertex 6 -105.017 7.18829
      vertex 6 37.0807 0.771344
      vertex 6 37.1515 0.848528
    endloop
  endfacet
  facet normal 1 0 0
    outer loop
      vertex 6 -105.081 7.27134
      vertex 6 37.1515 0.848528
      vertex 6 37.2287 0.919252
    endloop
  endfacet
  facet normal 1 0 0
    outer loop
      vertex 6 -105.151 7.34853
      vertex 6 37.2287 0.919252
      vertex 6 37.3117 0.982982
    endloop
  endfacet
  facet normal 1 0 0
    outer loop
      vertex 6 -105.229 7.41925
      vertex 6 37.3117 0.982982
      vertex 6 37.4 1.03923
    endloop
  endfacet
  facet normal 1 0 0
    outer loop
      vertex 6 -105.312 7.48298
      vertex 6 37.4 1.03923
      vertex 6 37.4929 1.08757
    endloop
  endfacet
  facet normal 1 0 0
    outer loop
      vertex 6 -105.4 7.53923
      vertex 6 37.4929 1.08757
      vertex 6 37.5896 1.12763
    endloop
  endfacet
  facet normal 1 0 0
    outer loop
      vertex 6 -105.493 7.58757
      vertex 6 37.5896 1.12763
      vertex 6 37.6894 1.15911
    endloop
  endfacet
  facet normal 1 0 0
    outer loop
      vertex 6 -105.59 7.62763
      vertex 6 37.6894 1.15911
      vertex 6 37.7916 1.18177
    endloop
  endfacet
  facet normal 1 0 0
    outer loop
      vertex 6 -110 9
      vertex 6 37.7916 1.18177
      vertex 6 37.8954 1.19543
    endloop
  endfacet
  facet normal 1 -0 0
    outer loop
      vertex 6 -110 9
      vertex 6 37.8954 1.19543
      vertex 6 110 9
    endloop
  endfacet
  facet normal 1 0 0
    outer loop
      vertex 6 36.8182 0.208377
      vertex 6 -104.805 6.60459
      vertex 6 -104.8 6.5
    endloop
  endfacet
  facet normal 1 0 0
    outer loop
      vertex 6 36.8409 0.310582
      vertex 6 -104.818 6.70838
      vertex 6 -104.805 6.60459
    endloop
  endfacet
  facet normal 1 0 0
    outer loop
      vertex 6 36.8724 0.410423
      vertex 6 -104.841 6.81058
      vertex 6 -104.818 6.70838
    endloop
  endfacet
  facet normal 1 0 0
    outer loop
      vertex 6 36.9124 0.507141
      vertex 6 -104.872 6.91042
      vertex 6 -104.841 6.81058
    endloop
  endfacet
  facet normal 1 0 0
    outer loop
      vertex 6 36.9608 0.599999
      vertex 6 -104.912 7.00714
      vertex 6 -104.872 6.91042
    endloop
  endfacet
  facet normal 1 0 0
    outer loop
      vertex 6 37.017 0.688292
      vertex 6 -104.961 7.1
      vertex 6 -104.912 7.00714
    endloop
  endfacet
  facet normal 1 0 0
    outer loop
      vertex 6 37.0807 0.771344
      vertex 6 -105.017 7.18829
      vertex 6 -104.961 7.1
    endloop
  endfacet
  facet normal 1 0 0
    outer loop
      vertex 6 37.1515 0.848528
      vertex 6 -105.081 7.27134
      vertex 6 -105.017 7.18829
    endloop
  endfacet
  facet normal 1 0 0
    outer loop
      vertex 6 37.2287 0.919252
      vertex 6 -105.151 7.34853
      vertex 6 -105.081 7.27134
    endloop
  endfacet
  facet normal 1 0 0
    outer loop
      vertex 6 37.3117 0.982982
      vertex 6 -105.229 7.41925
      vertex 6 -105.151 7.34853
    endloop
  endfacet
  facet normal 1 0 0
    outer loop
      vertex 6 37.4 1.03923
      vertex 6 -105.312 7.48298
      vertex 6 -105.229 7.41925
    endloop
  endfacet
  facet normal 1 0 0
    outer loop
      vertex 6 37.4929 1.08757
      vertex 6 -105.4 7.53923
      vertex 6 -105.312 7.48298
    endloop
  endfacet
  facet normal 1 0 0
    outer loop
      vertex 6 37.5896 1.12763
      vertex 6 -105.493 7.58757
      vertex 6 -105.4 7.53923
    endloop
  endfacet
  facet normal 1 0 0
    outer loop
      vertex 6 37.6894 1.15911
      vertex 6 -105.59 7.62763
      vertex 6 -105.493 7.58757
    endloop
  endfacet
  facet normal 1 0 0
    outer loop
      vertex 6 37.7916 1.18177
      vertex 6 -105.689 7.65911
      vertex 6 -105.59 7.62763
    endloop
  endfacet
  facet normal 1 0 0
    outer loop
      vertex 6 37.7916 1.18177
      vertex 6 -110 9
      vertex 6 -105.689 7.65911
    endloop
  endfacet
  facet normal 1 0 0
    outer loop
      vertex 6 -105.689 7.65911
      vertex 6 -110 9
      vertex 6 -105.792 7.68177
    endloop
  endfacet
  facet normal 1 0 0
    outer loop
      vertex 6 -105.792 7.68177
      vertex 6 -110 9
      vertex 6 -105.895 7.69543
    endloop
  endfacet
  facet normal 1 0 0
    outer loop
      vertex 6 -107.182 -6.29162
      vertex 6 -110 -9
      vertex 6 -107.195 -6.39541
    endloop
  endfacet
  facet normal 1 0 0
    outer loop
      vertex 6 -107.195 6.60459
      vertex 6 -110 9
      vertex 6 -107.2 6.5
    endloop
  endfacet
  facet normal 1 0 0
    outer loop
      vertex 6 -107.182 6.70838
      vertex 6 -110 9
      vertex 6 -107.195 6.60459
    endloop
  endfacet
  facet normal 1 0 0
    outer loop
      vertex 6 -107.159 6.81058
      vertex 6 -110 9
      vertex 6 -107.182 6.70838
    endloop
  endfacet
  facet normal 1 0 0
    outer loop
      vertex 6 -107.128 6.91042
      vertex 6 -110 9
      vertex 6 -107.159 6.81058
    endloop
  endfacet
  facet normal 1 0 0
    outer loop
      vertex 6 -107.088 7.00714
      vertex 6 -110 9
      vertex 6 -107.128 6.91042
    endloop
  endfacet
  facet normal 1 0 0
    outer loop
      vertex 6 -107.039 7.1
      vertex 6 -110 9
      vertex 6 -107.088 7.00714
    endloop
  endfacet
  facet normal 1 0 0
    outer loop
      vertex 6 -106.983 7.18829
      vertex 6 -110 9
      vertex 6 -107.039 7.1
    endloop
  endfacet
  facet normal 1 0 0
    outer loop
      vertex 6 -106.919 7.27134
      vertex 6 -110 9
      vertex 6 -106.983 7.18829
    endloop
  endfacet
  facet normal 1 0 0
    outer loop
      vertex 6 -106.849 7.34853
      vertex 6 -110 9
      vertex 6 -106.919 7.27134
    endloop
  endfacet
  facet normal 1 0 0
    outer loop
      vertex 6 -106.771 7.41925
      vertex 6 -110 9
      vertex 6 -106.849 7.34853
    endloop
  endfacet
  facet normal 1 0 0
    outer loop
      vertex 6 -106.688 7.48298
      vertex 6 -110 9
      vertex 6 -106.771 7.41925
    endloop
  endfacet
  facet normal 1 0 0
    outer loop
      vertex 6 -106.6 7.53923
      vertex 6 -110 9
      vertex 6 -106.688 7.48298
    endloop
  endfacet
  facet normal 1 0 0
    outer loop
      vertex 6 -106.507 7.58757
      vertex 6 -110 9
      vertex 6 -106.6 7.53923
    endloop
  endfacet
  facet normal 1 0 0
    outer loop
      vertex 6 -106.41 7.62763
      vertex 6 -110 9
      vertex 6 -106.507 7.58757
    endloop
  endfacet
  facet normal 1 0 0
    outer loop
      vertex 6 -106.311 7.65911
      vertex 6 -110 9
      vertex 6 -106.41 7.62763
    endloop
  endfacet
  facet normal 1 0 0
    outer loop
      vertex 6 -106.208 7.68177
      vertex 6 -110 9
      vertex 6 -106.311 7.65911
    endloop
  endfacet
  facet normal 1 0 0
    outer loop
      vertex 6 -106.105 7.69543
      vertex 6 -110 9
      vertex 6 -106.208 7.68177
    endloop
  endfacet
  facet normal 1 0 0
    outer loop
      vertex 6 -106 7.7
      vertex 6 -110 9
      vertex 6 -106.105 7.69543
    endloop
  endfacet
  facet normal 1 0 0
    outer loop
      vertex 6 -105.895 7.69543
      vertex 6 -110 9
      vertex 6 -106 7.7
    endloop
  endfacet
  facet normal 1 0 0
    outer loop
      vertex 6 107.182 6.29162
      vertex 6 110 9
      vertex 6 107.195 6.39541
    endloop
  endfacet
  facet normal 1 -0 0
    outer loop
      vertex 6 107.195 -6.60459
      vertex 6 110 -9
      vertex 6 107.2 -6.5
    endloop
  endfacet
  facet normal 1 -0 0
    outer loop
      vertex 6 107.182 -6.70838
      vertex 6 110 -9
      vertex 6 107.195 -6.60459
    endloop
  endfacet
  facet normal 1 -0 0
    outer loop
      vertex 6 107.159 -6.81058
      vertex 6 110 -9
      vertex 6 107.182 -6.70838
    endloop
  endfacet
  facet normal 1 -0 0
    outer loop
      vertex 6 107.128 -6.91042
      vertex 6 110 -9
      vertex 6 107.159 -6.81058
    endloop
  endfacet
  facet normal 1 -0 0
    outer loop
      vertex 6 107.088 -7.00714
      vertex 6 110 -9
      vertex 6 107.128 -6.91042
    endloop
  endfacet
  facet normal 1 -0 0
    outer loop
      vertex 6 107.039 -7.1
      vertex 6 110 -9
      vertex 6 107.088 -7.00714
    endloop
  endfacet
  facet normal 1 -0 0
    outer loop
      vertex 6 106.983 -7.18829
      vertex 6 110 -9
      vertex 6 107.039 -7.1
    endloop
  endfacet
  facet normal 1 -0 0
    outer loop
      vertex 6 106.919 -7.27135
      vertex 6 110 -9
      vertex 6 106.983 -7.18829
    endloop
  endfacet
  facet normal 1 -0 0
    outer loop
      vertex 6 106.849 -7.34853
      vertex 6 110 -9
      vertex 6 106.919 -7.27135
    endloop
  endfacet
  facet normal 1 -0 0
    outer loop
      vertex 6 106.771 -7.41925
      vertex 6 110 -9
      vertex 6 106.849 -7.34853
    endloop
  endfacet
  facet normal 1 -0 0
    outer loop
      vertex 6 106.688 -7.48298
      vertex 6 110 -9
      vertex 6 106.771 -7.41925
    endloop
  endfacet
  facet normal 1 -0 0
    outer loop
      vertex 6 106.6 -7.53923
      vertex 6 110 -9
      vertex 6 106.688 -7.48298
    endloop
  endfacet
  facet normal 1 -0 0
    outer loop
      vertex 6 106.507 -7.58757
      vertex 6 110 -9
      vertex 6 106.6 -7.53923
    endloop
  endfacet
  facet normal 1 -0 0
    outer loop
      vertex 6 106.41 -7.62763
      vertex 6 110 -9
      vertex 6 106.507 -7.58757
    endloop
  endfacet
  facet normal 1 -0 0
    outer loop
      vertex 6 106.311 -7.65911
      vertex 6 110 -9
      vertex 6 106.41 -7.62763
    endloop
  endfacet
  facet normal 1 -0 0
    outer loop
      vertex 6 106.208 -7.68177
      vertex 6 110 -9
      vertex 6 106.311 -7.65911
    endloop
  endfacet
  facet normal 1 -0 0
    outer loop
      vertex 6 106.105 -7.69543
      vertex 6 110 -9
      vertex 6 106.208 -7.68177
    endloop
  endfacet
  facet normal 1 -0 0
    outer loop
      vertex 6 106 -7.7
      vertex 6 110 -9
      vertex 6 106.105 -7.69543
    endloop
  endfacet
  facet normal 1 0 0
    outer loop
      vertex 6 105.895 -7.69543
      vertex 6 110 -9
      vertex 6 106 -7.7
    endloop
  endfacet
  facet normal 1 0 0
    outer loop
      vertex 6 105.792 -7.68177
      vertex 6 110 -9
      vertex 6 105.895 -7.69543
    endloop
  endfacet
  facet normal 1 0 0
    outer loop
      vertex 6 105.689 -7.65911
      vertex 6 110 -9
      vertex 6 105.792 -7.68177
    endloop
  endfacet
  facet normal 1 0 0
    outer loop
      vertex 6 104.818 -6.29162
      vertex 6 67.1818 -0.208378
      vertex 6 104.805 -6.39541
    endloop
  endfacet
  facet normal 1 -0 0
    outer loop
      vertex 6 67.1591 -0.310583
      vertex 6 104.805 -6.39541
      vertex 6 67.1818 -0.208378
    endloop
  endfacet
  facet normal 1 0 0
    outer loop
      vertex 6 104.805 -6.39541
      vertex 6 67.1591 -0.310583
      vertex 6 104.8 -6.5
    endloop
  endfacet
  facet normal 1 -0 0
    outer loop
      vertex 6 67.1276 -0.410424
      vertex 6 104.8 -6.5
      vertex 6 67.1591 -0.310583
    endloop
  endfacet
  facet normal 1 0 0
    outer loop
      vertex 6 104.8 -6.5
      vertex 6 67.1276 -0.410424
      vertex 6 104.805 -6.60459
    endloop
  endfacet
  facet normal 1 -0 0
    outer loop
      vertex 6 67.0876 -0.507142
      vertex 6 104.805 -6.60459
      vertex 6 67.1276 -0.410424
    endloop
  endfacet
  facet normal 1 0 0
    outer loop
      vertex 6 104.805 -6.60459
      vertex 6 67.0876 -0.507142
      vertex 6 104.818 -6.70838
    endloop
  endfacet
  facet normal 1 -0 0
    outer loop
      vertex 6 67.0392 -0.6
      vertex 6 104.818 -6.70838
      vertex 6 67.0876 -0.507142
    endloop
  endfacet
  facet normal 1 0 0
    outer loop
      vertex 6 104.818 -6.70838
      vertex 6 67.0392 -0.6
      vertex 6 104.841 -6.81058
    endloop
  endfacet
  facet normal 1 -0 0
    outer loop
      vertex 6 66.983 -0.688293
      vertex 6 104.841 -6.81058
      vertex 6 67.0392 -0.6
    endloop
  endfacet
  facet normal 1 0 0
    outer loop
      vertex 6 104.841 -6.81058
      vertex 6 66.983 -0.688293
      vertex 6 104.872 -6.91042
    endloop
  endfacet
  facet normal 1 -0 0
    outer loop
      vertex 6 66.9193 -0.771345
      vertex 6 104.872 -6.91042
      vertex 6 66.983 -0.688293
    endloop
  endfacet
  facet normal 1 0 0
    outer loop
      vertex 6 104.872 -6.91042
      vertex 6 66.9193 -0.771345
      vertex 6 104.912 -7.00714
    endloop
  endfacet
  facet normal 1 -0 0
    outer loop
      vertex 6 66.8485 -0.848529
      vertex 6 104.912 -7.00714
      vertex 6 66.9193 -0.771345
    endloop
  endfacet
  facet normal 1 0 0
    outer loop
      vertex 6 104.912 -7.00714
      vertex 6 66.8485 -0.848529
      vertex 6 104.961 -7.1
    endloop
  endfacet
  facet normal 1 -0 0
    outer loop
      vertex 6 66.7713 -0.919253
      vertex 6 104.961 -7.1
      vertex 6 66.8485 -0.848529
    endloop
  endfacet
  facet normal 1 0 0
    outer loop
      vertex 6 104.961 -7.1
      vertex 6 66.7713 -0.919253
      vertex 6 105.017 -7.18829
    endloop
  endfacet
  facet normal 1 -0 0
    outer loop
      vertex 6 66.6883 -0.982983
      vertex 6 105.017 -7.18829
      vertex 6 66.7713 -0.919253
    endloop
  endfacet
  facet normal 1 0 0
    outer loop
      vertex 6 105.017 -7.18829
      vertex 6 66.6883 -0.982983
      vertex 6 105.081 -7.27135
    endloop
  endfacet
  facet normal 1 -0 0
    outer loop
      vertex 6 66.6 -1.03923
      vertex 6 105.081 -7.27135
      vertex 6 66.6883 -0.982983
    endloop
  endfacet
  facet normal 1 0 0
    outer loop
      vertex 6 105.081 -7.27135
      vertex 6 66.6 -1.03923
      vertex 6 105.151 -7.34853
    endloop
  endfacet
  facet normal 1 -0 0
    outer loop
      vertex 6 66.5071 -1.08757
      vertex 6 105.151 -7.34853
      vertex 6 66.6 -1.03923
    endloop
  endfacet
  facet normal 1 0 0
    outer loop
      vertex 6 105.151 -7.34853
      vertex 6 66.5071 -1.08757
      vertex 6 105.229 -7.41925
    endloop
  endfacet
  facet normal 1 -0 0
    outer loop
      vertex 6 66.4104 -1.12763
      vertex 6 105.229 -7.41925
      vertex 6 66.5071 -1.08757
    endloop
  endfacet
  facet normal 1 0 0
    outer loop
      vertex 6 105.229 -7.41925
      vertex 6 66.4104 -1.12763
      vertex 6 105.312 -7.48298
    endloop
  endfacet
  facet normal 1 -0 0
    outer loop
      vertex 6 66.3106 -1.15911
      vertex 6 105.312 -7.48298
      vertex 6 66.4104 -1.12763
    endloop
  endfacet
  facet normal 1 0 0
    outer loop
      vertex 6 105.312 -7.48298
      vertex 6 66.3106 -1.15911
      vertex 6 105.4 -7.53923
    endloop
  endfacet
  facet normal 1 -0 0
    outer loop
      vertex 6 66.2084 -1.18177
      vertex 6 105.4 -7.53923
      vertex 6 66.3106 -1.15911
    endloop
  endfacet
  facet normal 1 0 0
    outer loop
      vertex 6 105.4 -7.53923
      vertex 6 66.2084 -1.18177
      vertex 6 105.493 -7.58757
    endloop
  endfacet
  facet normal 1 -0 0
    outer loop
      vertex 6 66.1046 -1.19543
      vertex 6 105.493 -7.58757
      vertex 6 66.2084 -1.18177
    endloop
  endfacet
  facet normal 1 0 0
    outer loop
      vertex 6 105.493 -7.58757
      vertex 6 66.1046 -1.19543
      vertex 6 105.59 -7.62763
    endloop
  endfacet
  facet normal 1 -0 0
    outer loop
      vertex 6 66 -1.2
      vertex 6 105.59 -7.62763
      vertex 6 66.1046 -1.19543
    endloop
  endfacet
  facet normal 1 0 0
    outer loop
      vertex 6 105.59 -7.62763
      vertex 6 66 -1.2
      vertex 6 105.689 -7.65911
    endloop
  endfacet
  facet normal 1 0 0
    outer loop
      vertex 6 105.689 -7.65911
      vertex 6 66 -1.2
      vertex 6 110 -9
    endloop
  endfacet
  facet normal 1 0 0
    outer loop
      vertex 6 65.8954 -1.19543
      vertex 6 110 -9
      vertex 6 66 -1.2
    endloop
  endfacet
  facet normal 1 0 0
    outer loop
      vertex 6 38.1046 -1.19543
      vertex 6 65.8954 -1.19543
      vertex 6 65.7916 -1.18177
    endloop
  endfacet
  facet normal 1 -0 0
    outer loop
      vertex 6 39.2 0
      vertex 6 64.8046 -0.104588
      vertex 6 64.8 0
    endloop
  endfacet
  facet normal 1 0 0
    outer loop
      vertex 6 39.1954 -0.104588
      vertex 6 64.8046 -0.104588
      vertex 6 39.2 0
    endloop
  endfacet
  facet normal 1 0 0
    outer loop
      vertex 6 64.8046 -0.104588
      vertex 6 39.1954 -0.104588
      vertex 6 64.8182 -0.208378
    endloop
  endfacet
  facet normal 1 0 0
    outer loop
      vertex 6 39.1818 -0.208378
      vertex 6 64.8182 -0.208378
      vertex 6 39.1954 -0.104588
    endloop
  endfacet
  facet normal 1 0 0
    outer loop
      vertex 6 64.8182 -0.208378
      vertex 6 39.1818 -0.208378
      vertex 6 64.8409 -0.310583
    endloop
  endfacet
  facet normal 1 0 0
    outer loop
      vertex 6 39.1591 -0.310583
      vertex 6 64.8409 -0.310583
      vertex 6 39.1818 -0.208378
    endloop
  endfacet
  facet normal 1 0 0
    outer loop
      vertex 6 64.8409 -0.310583
      vertex 6 39.1591 -0.310583
      vertex 6 64.8724 -0.410424
    endloop
  endfacet
  facet normal 1 0 0
    outer loop
      vertex 6 39.1276 -0.410424
      vertex 6 64.8724 -0.410424
      vertex 6 39.1591 -0.310583
    endloop
  endfacet
  facet normal 1 0 0
    outer loop
      vertex 6 64.8724 -0.410424
      vertex 6 39.1276 -0.410424
      vertex 6 64.9124 -0.507142
    endloop
  endfacet
  facet normal 1 0 0
    outer loop
      vertex 6 39.0876 -0.507142
      vertex 6 64.9124 -0.507142
      vertex 6 39.1276 -0.410424
    endloop
  endfacet
  facet normal 1 0 0
    outer loop
      vertex 6 64.9124 -0.507142
      vertex 6 39.0876 -0.507142
      vertex 6 64.9608 -0.6
    endloop
  endfacet
  facet normal 1 0 0
    outer loop
      vertex 6 39.0392 -0.6
      vertex 6 64.9608 -0.6
      vertex 6 39.0876 -0.507142
    endloop
  endfacet
  facet normal 1 0 0
    outer loop
      vertex 6 64.9608 -0.6
      vertex 6 39.0392 -0.6
      vertex 6 65.017 -0.688293
    endloop
  endfacet
  facet normal 1 0 0
    outer loop
      vertex 6 38.983 -0.688293
      vertex 6 65.017 -0.688293
      vertex 6 39.0392 -0.6
    endloop
  endfacet
  facet normal 1 0 0
    outer loop
      vertex 6 65.017 -0.688293
      vertex 6 38.983 -0.688293
      vertex 6 65.0807 -0.771345
    endloop
  endfacet
  facet normal 1 0 0
    outer loop
      vertex 6 38.9193 -0.771345
      vertex 6 65.0807 -0.771345
      vertex 6 38.983 -0.688293
    endloop
  endfacet
  facet normal 1 0 0
    outer loop
      vertex 6 65.0807 -0.771345
      vertex 6 38.9193 -0.771345
      vertex 6 65.1515 -0.848529
    endloop
  endfacet
  facet normal 1 0 0
    outer loop
      vertex 6 38.8485 -0.848529
      vertex 6 65.1515 -0.848529
      vertex 6 38.9193 -0.771345
    endloop
  endfacet
  facet normal 1 0 0
    outer loop
      vertex 6 65.1515 -0.848529
      vertex 6 38.8485 -0.848529
      vertex 6 65.2287 -0.919253
    endloop
  endfacet
  facet normal 1 0 0
    outer loop
      vertex 6 38.7713 -0.919253
      vertex 6 65.2287 -0.919253
      vertex 6 38.8485 -0.848529
    endloop
  endfacet
  facet normal 1 0 0
    outer loop
      vertex 6 65.2287 -0.919253
      vertex 6 38.7713 -0.919253
      vertex 6 65.3117 -0.982983
    endloop
  endfacet
  facet normal 1 0 0
    outer loop
      vertex 6 38.6883 -0.982983
      vertex 6 65.3117 -0.982983
      vertex 6 38.7713 -0.919253
    endloop
  endfacet
  facet normal 1 0 0
    outer loop
      vertex 6 65.3117 -0.982983
      vertex 6 38.6883 -0.982983
      vertex 6 65.4 -1.03923
    endloop
  endfacet
  facet normal 1 0 0
    outer loop
      vertex 6 38.6 -1.03923
      vertex 6 65.4 -1.03923
      vertex 6 38.6883 -0.982983
    endloop
  endfacet
  facet normal 1 0 0
    outer loop
      vertex 6 65.4 -1.03923
      vertex 6 38.6 -1.03923
      vertex 6 65.4929 -1.08757
    endloop
  endfacet
  facet normal 1 0 0
    outer loop
      vertex 6 38.5071 -1.08757
      vertex 6 65.4929 -1.08757
      vertex 6 38.6 -1.03923
    endloop
  endfacet
  facet normal 1 0 0
    outer loop
      vertex 6 65.4929 -1.08757
      vertex 6 38.5071 -1.08757
      vertex 6 65.5896 -1.12763
    endloop
  endfacet
  facet normal 1 0 0
    outer loop
      vertex 6 38.4104 -1.12763
      vertex 6 65.5896 -1.12763
      vertex 6 38.5071 -1.08757
    endloop
  endfacet
  facet normal 1 0 0
    outer loop
      vertex 6 65.5896 -1.12763
      vertex 6 38.4104 -1.12763
      vertex 6 65.6894 -1.15911
    endloop
  endfacet
  facet normal 1 0 0
    outer loop
      vertex 6 38.3106 -1.15911
      vertex 6 65.6894 -1.15911
      vertex 6 38.4104 -1.12763
    endloop
  endfacet
  facet normal 1 0 0
    outer loop
      vertex 6 65.6894 -1.15911
      vertex 6 38.3106 -1.15911
      vertex 6 65.7916 -1.18177
    endloop
  endfacet
  facet normal 1 0 0
    outer loop
      vertex 6 38.2084 -1.18177
      vertex 6 65.7916 -1.18177
      vertex 6 38.3106 -1.15911
    endloop
  endfacet
  facet normal 1 0 0
    outer loop
      vertex 6 38.1046 -1.19543
      vertex 6 65.7916 -1.18177
      vertex 6 38.2084 -1.18177
    endloop
  endfacet
  facet normal 1 0 0
    outer loop
      vertex 6 65.8954 -1.19543
      vertex 6 38.1046 -1.19543
      vertex 6 110 -9
    endloop
  endfacet
  facet normal 1 -0 0
    outer loop
      vertex 6 38 -1.2
      vertex 6 110 -9
      vertex 6 38.1046 -1.19543
    endloop
  endfacet
  facet normal 1 0 0
    outer loop
      vertex 6 37.8954 -1.19543
      vertex 6 110 -9
      vertex 6 38 -1.2
    endloop
  endfacet
  facet normal 1 -0 0
    outer loop
      vertex 6 -104.805 6.39541
      vertex 6 36.8 0
      vertex 6 -104.8 6.5
    endloop
  endfacet
  facet normal 1 0 0
    outer loop
      vertex 6 36.8 0
      vertex 6 -104.8 -6.5
      vertex 6 36.8046 -0.104588
    endloop
  endfacet
  facet normal 1 0 0
    outer loop
      vertex 6 36.8046 -0.104588
      vertex 6 -104.8 -6.5
      vertex 6 36.8182 -0.208378
    endloop
  endfacet
  facet normal 1 0 0
    outer loop
      vertex 6 -104.805 -6.60459
      vertex 6 36.8182 -0.208378
      vertex 6 -104.8 -6.5
    endloop
  endfacet
  facet normal 1 0 0
    outer loop
      vertex 6 36.8182 -0.208378
      vertex 6 -104.805 -6.60459
      vertex 6 36.8409 -0.310583
    endloop
  endfacet
  facet normal 1 0 0
    outer loop
      vertex 6 -104.818 -6.70838
      vertex 6 36.8409 -0.310583
      vertex 6 -104.805 -6.60459
    endloop
  endfacet
  facet normal 1 0 0
    outer loop
      vertex 6 36.8409 -0.310583
      vertex 6 -104.818 -6.70838
      vertex 6 36.8724 -0.410424
    endloop
  endfacet
  facet normal 1 0 0
    outer loop
      vertex 6 -104.841 -6.81058
      vertex 6 36.8724 -0.410424
      vertex 6 -104.818 -6.70838
    endloop
  endfacet
  facet normal 1 0 0
    outer loop
      vertex 6 36.8724 -0.410424
      vertex 6 -104.841 -6.81058
      vertex 6 36.9124 -0.507142
    endloop
  endfacet
  facet normal 1 0 0
    outer loop
      vertex 6 -104.872 -6.91042
      vertex 6 36.9124 -0.507142
      vertex 6 -104.841 -6.81058
    endloop
  endfacet
  facet normal 1 0 0
    outer loop
      vertex 6 36.9124 -0.507142
      vertex 6 -104.872 -6.91042
      vertex 6 36.9608 -0.6
    endloop
  endfacet
  facet normal 1 0 0
    outer loop
      vertex 6 -104.912 -7.00714
      vertex 6 36.9608 -0.6
      vertex 6 -104.872 -6.91042
    endloop
  endfacet
  facet normal 1 0 0
    outer loop
      vertex 6 36.9608 -0.6
      vertex 6 -104.912 -7.00714
      vertex 6 37.017 -0.688293
    endloop
  endfacet
  facet normal 1 0 0
    outer loop
      vertex 6 -104.961 -7.1
      vertex 6 37.017 -0.688293
      vertex 6 -104.912 -7.00714
    endloop
  endfacet
  facet normal 1 0 0
    outer loop
      vertex 6 37.017 -0.688293
      vertex 6 -104.961 -7.1
      vertex 6 37.0807 -0.771345
    endloop
  endfacet
  facet normal 1 0 0
    outer loop
      vertex 6 -105.017 -7.18829
      vertex 6 37.0807 -0.771345
      vertex 6 -104.961 -7.1
    endloop
  endfacet
  facet normal 1 0 0
    outer loop
      vertex 6 37.0807 -0.771345
      vertex 6 -105.017 -7.18829
      vertex 6 37.1515 -0.848529
    endloop
  endfacet
  facet normal 1 0 0
    outer loop
      vertex 6 -105.081 -7.27135
      vertex 6 37.1515 -0.848529
      vertex 6 -105.017 -7.18829
    endloop
  endfacet
  facet normal 1 0 0
    outer loop
      vertex 6 37.1515 -0.848529
      vertex 6 -105.081 -7.27135
      vertex 6 37.2287 -0.919253
    endloop
  endfacet
  facet normal 1 0 0
    outer loop
      vertex 6 -105.151 -7.34853
      vertex 6 37.2287 -0.919253
      vertex 6 -105.081 -7.27135
    endloop
  endfacet
  facet normal 1 0 0
    outer loop
      vertex 6 37.2287 -0.919253
      vertex 6 -105.151 -7.34853
      vertex 6 37.3117 -0.982983
    endloop
  endfacet
  facet normal 1 0 0
    outer loop
      vertex 6 -105.229 -7.41925
      vertex 6 37.3117 -0.982983
      vertex 6 -105.151 -7.34853
    endloop
  endfacet
  facet normal 1 0 0
    outer loop
      vertex 6 37.3117 -0.982983
      vertex 6 -105.229 -7.41925
      vertex 6 37.4 -1.03923
    endloop
  endfacet
  facet normal 1 0 0
    outer loop
      vertex 6 -105.312 -7.48298
      vertex 6 37.4 -1.03923
      vertex 6 -105.229 -7.41925
    endloop
  endfacet
  facet normal 1 0 0
    outer loop
      vertex 6 37.4 -1.03923
      vertex 6 -105.312 -7.48298
      vertex 6 37.4929 -1.08757
    endloop
  endfacet
  facet normal 1 0 0
    outer loop
      vertex 6 -105.4 -7.53923
      vertex 6 37.4929 -1.08757
      vertex 6 -105.312 -7.48298
    endloop
  endfacet
  facet normal 1 0 0
    outer loop
      vertex 6 37.4929 -1.08757
      vertex 6 -105.4 -7.53923
      vertex 6 37.5896 -1.12763
    endloop
  endfacet
  facet normal 1 0 0
    outer loop
      vertex 6 -105.493 -7.58757
      vertex 6 37.5896 -1.12763
      vertex 6 -105.4 -7.53923
    endloop
  endfacet
  facet normal 1 0 0
    outer loop
      vertex 6 37.5896 -1.12763
      vertex 6 -105.493 -7.58757
      vertex 6 37.6894 -1.15911
    endloop
  endfacet
  facet normal 1 0 0
    outer loop
      vertex 6 -105.59 -7.62763
      vertex 6 37.6894 -1.15911
      vertex 6 -105.493 -7.58757
    endloop
  endfacet
  facet normal 1 0 0
    outer loop
      vertex 6 37.6894 -1.15911
      vertex 6 -105.59 -7.62763
      vertex 6 37.7916 -1.18177
    endloop
  endfacet
  facet normal 1 0 0
    outer loop
      vertex 6 -105.689 -7.65911
      vertex 6 37.7916 -1.18177
      vertex 6 -105.59 -7.62763
    endloop
  endfacet
  facet normal 1 0 0
    outer loop
      vertex 6 -110 -9
      vertex 6 37.7916 -1.18177
      vertex 6 -105.689 -7.65911
    endloop
  endfacet
  facet normal 1 0 0
    outer loop
      vertex 6 37.7916 -1.18177
      vertex 6 -110 -9
      vertex 6 37.8954 -1.19543
    endloop
  endfacet
  facet normal 1 0 0
    outer loop
      vertex 6 -110 -9
      vertex 6 -105.689 -7.65911
      vertex 6 -105.792 -7.68177
    endloop
  endfacet
  facet normal 1 0 0
    outer loop
      vertex 6 -110 -9
      vertex 6 -105.792 -7.68177
      vertex 6 -105.895 -7.69543
    endloop
  endfacet
  facet normal 1 0 0
    outer loop
      vertex 6 -110 -9
      vertex 6 -105.895 -7.69543
      vertex 6 -106 -7.7
    endloop
  endfacet
  facet normal 1 0 0
    outer loop
      vertex 6 -107.195 -6.39541
      vertex 6 -110 -9
      vertex 6 -107.2 -6.5
    endloop
  endfacet
  facet normal 1 0 0
    outer loop
      vertex 6 -107.2 -6.5
      vertex 6 -110 -9
      vertex 6 -107.195 -6.60459
    endloop
  endfacet
  facet normal 1 0 0
    outer loop
      vertex 6 37.8954 -1.19543
      vertex 6 -110 -9
      vertex 6 110 -9
    endloop
  endfacet
  facet normal 1 0 0
    outer loop
      vertex 6 -106.105 -7.69543
      vertex 6 -110 -9
      vertex 6 -106 -7.7
    endloop
  endfacet
  facet normal 1 0 0
    outer loop
      vertex 6 -106.208 -7.68177
      vertex 6 -110 -9
      vertex 6 -106.105 -7.69543
    endloop
  endfacet
  facet normal 1 0 0
    outer loop
      vertex 6 -106.311 -7.65911
      vertex 6 -110 -9
      vertex 6 -106.208 -7.68177
    endloop
  endfacet
  facet normal 1 0 0
    outer loop
      vertex 6 -106.41 -7.62763
      vertex 6 -110 -9
      vertex 6 -106.311 -7.65911
    endloop
  endfacet
  facet normal 1 0 0
    outer loop
      vertex 6 -106.507 -7.58757
      vertex 6 -110 -9
      vertex 6 -106.41 -7.62763
    endloop
  endfacet
  facet normal 1 0 0
    outer loop
      vertex 6 -106.6 -7.53923
      vertex 6 -110 -9
      vertex 6 -106.507 -7.58757
    endloop
  endfacet
  facet normal 1 0 0
    outer loop
      vertex 6 -106.688 -7.48298
      vertex 6 -110 -9
      vertex 6 -106.6 -7.53923
    endloop
  endfacet
  facet normal 1 0 0
    outer loop
      vertex 6 -106.771 -7.41925
      vertex 6 -110 -9
      vertex 6 -106.688 -7.48298
    endloop
  endfacet
  facet normal 1 0 0
    outer loop
      vertex 6 -106.849 -7.34853
      vertex 6 -110 -9
      vertex 6 -106.771 -7.41925
    endloop
  endfacet
  facet normal 1 0 0
    outer loop
      vertex 6 -106.919 -7.27135
      vertex 6 -110 -9
      vertex 6 -106.849 -7.34853
    endloop
  endfacet
  facet normal 1 0 0
    outer loop
      vertex 6 -106.983 -7.18829
      vertex 6 -110 -9
      vertex 6 -106.919 -7.27135
    endloop
  endfacet
  facet normal 1 0 0
    outer loop
      vertex 6 -107.039 -7.1
      vertex 6 -110 -9
      vertex 6 -106.983 -7.18829
    endloop
  endfacet
  facet normal 1 0 0
    outer loop
      vertex 6 -107.088 -7.00714
      vertex 6 -110 -9
      vertex 6 -107.039 -7.1
    endloop
  endfacet
  facet normal 1 0 0
    outer loop
      vertex 6 -107.128 -6.91042
      vertex 6 -110 -9
      vertex 6 -107.088 -7.00714
    endloop
  endfacet
  facet normal 1 0 0
    outer loop
      vertex 6 -107.159 -6.81058
      vertex 6 -110 -9
      vertex 6 -107.128 -6.91042
    endloop
  endfacet
  facet normal 1 0 0
    outer loop
      vertex 6 -107.182 -6.70838
      vertex 6 -110 -9
      vertex 6 -107.159 -6.81058
    endloop
  endfacet
  facet normal 1 0 0
    outer loop
      vertex 6 -107.195 -6.60459
      vertex 6 -110 -9
      vertex 6 -107.182 -6.70838
    endloop
  endfacet
  facet normal -0.674685 -0.738106 0
    outer loop
      vertex -13.2073 -102.698 -3
      vertex -13.0979 -102.798 -0.150001
      vertex -13.2073 -102.698 -0.150001
    endloop
  endfacet
  facet normal -0.674685 -0.738106 -0
    outer loop
      vertex -13.0979 -102.798 -0.150001
      vertex -13.2073 -102.698 -3
      vertex -13.0979 -102.798 -3
    endloop
  endfacet
  facet normal -0.999037 0.0438766 0
    outer loop
      vertex -12.6065 -104.148 -3
      vertex -12.6 -104 -0.150001
      vertex -12.6 -104 -3
    endloop
  endfacet
  facet normal -0.999037 0.0438766 0
    outer loop
      vertex -12.6 -104 -0.150001
      vertex -12.6065 -104.148 -3
      vertex -12.6065 -104.148 -0.150001
    endloop
  endfacet
  facet normal -0.611983 -0.790871 0
    outer loop
      vertex -13.3249 -102.607 -3
      vertex -13.2073 -102.698 -0.150001
      vertex -13.3249 -102.607 -0.150001
    endloop
  endfacet
  facet normal -0.611983 -0.790871 -0
    outer loop
      vertex -13.2073 -102.698 -0.150001
      vertex -13.3249 -102.607 -3
      vertex -13.2073 -102.698 -3
    endloop
  endfacet
  facet normal 0.378133 -0.925751 0
    outer loop
      vertex -15.0185 -102.459 -3
      vertex -14.8814 -102.403 -0.150001
      vertex -15.0185 -102.459 -0.150001
    endloop
  endfacet
  facet normal 0.378133 -0.925751 0
    outer loop
      vertex -14.8814 -102.403 -0.150001
      vertex -15.0185 -102.459 -3
      vertex -14.8814 -102.403 -3
    endloop
  endfacet
  facet normal 0.887602 -0.460612 0
    outer loop
      vertex -15.8407 -103.282 -0.150001
      vertex -15.7722 -103.15 -3
      vertex -15.7722 -103.15 -0.150001
    endloop
  endfacet
  facet normal 0.887602 -0.460612 0
    outer loop
      vertex -15.7722 -103.15 -3
      vertex -15.8407 -103.282 -0.150001
      vertex -15.8407 -103.282 -3
    endloop
  endfacet
  facet normal 0.887602 0.460612 0
    outer loop
      vertex -15.7722 -104.85 -0.150001
      vertex -15.8407 -104.718 -3
      vertex -15.8407 -104.718 -0.150001
    endloop
  endfacet
  facet normal 0.887602 0.460612 0
    outer loop
      vertex -15.8407 -104.718 -3
      vertex -15.7722 -104.85 -0.150001
      vertex -15.7722 -104.85 -3
    endloop
  endfacet
  facet normal -0.976361 -0.216146 0
    outer loop
      vertex -12.6258 -103.705 -3
      vertex -12.6579 -103.56 -0.150001
      vertex -12.6579 -103.56 -3
    endloop
  endfacet
  facet normal -0.976361 -0.216146 0
    outer loop
      vertex -12.6579 -103.56 -0.150001
      vertex -12.6258 -103.705 -3
      vertex -12.6258 -103.705 -0.150001
    endloop
  endfacet
  facet normal -0.953439 -0.301584 0
    outer loop
      vertex -12.6579 -103.56 -3
      vertex -12.7025 -103.419 -0.150001
      vertex -12.7025 -103.419 -3
    endloop
  endfacet
  facet normal -0.953439 -0.301584 0
    outer loop
      vertex -12.7025 -103.419 -0.150001
      vertex -12.6579 -103.56 -3
      vertex -12.6579 -103.56 -0.150001
    endloop
  endfacet
  facet normal -0.794148 -0.607725 0
    outer loop
      vertex -12.9074 -103.025 -3
      vertex -12.9977 -102.907 -0.150001
      vertex -12.9977 -102.907 -3
    endloop
  endfacet
  facet normal -0.794148 -0.607725 0
    outer loop
      vertex -12.9977 -102.907 -0.150001
      vertex -12.9074 -103.025 -3
      vertex -12.9074 -103.025 -0.150001
    endloop
  endfacet
  facet normal -0.533942 -0.845521 0
    outer loop
      vertex -13.45 -102.528 -3
      vertex -13.3249 -102.607 -0.150001
      vertex -13.45 -102.528 -0.150001
    endloop
  endfacet
  facet normal -0.533942 -0.845521 -0
    outer loop
      vertex -13.3249 -102.607 -0.150001
      vertex -13.45 -102.528 -3
      vertex -13.3249 -102.607 -3
    endloop
  endfacet
  facet normal 0.611983 -0.790871 0
    outer loop
      vertex -15.3927 -102.698 -3
      vertex -15.2751 -102.607 -0.150001
      vertex -15.3927 -102.698 -0.150001
    endloop
  endfacet
  facet normal 0.611983 -0.790871 0
    outer loop
      vertex -15.2751 -102.607 -0.150001
      vertex -15.3927 -102.698 -3
      vertex -15.2751 -102.607 -3
    endloop
  endfacet
  facet normal -0.794148 0.607725 0
    outer loop
      vertex -12.9977 -105.093 -3
      vertex -12.9074 -104.975 -0.150001
      vertex -12.9074 -104.975 -3
    endloop
  endfacet
  facet normal -0.794148 0.607725 0
    outer loop
      vertex -12.9074 -104.975 -0.150001
      vertex -12.9977 -105.093 -3
      vertex -12.9977 -105.093 -0.150001
    endloop
  endfacet
  facet normal -0.303259 0.952908 0
    outer loop
      vertex -13.7186 -105.597 -3
      vertex -13.86 -105.642 -0.150001
      vertex -13.7186 -105.597 -0.150001
    endloop
  endfacet
  facet normal -0.303259 0.952908 0
    outer loop
      vertex -13.86 -105.642 -0.150001
      vertex -13.7186 -105.597 -3
      vertex -13.86 -105.642 -3
    endloop
  endfacet
  facet normal -0.7362 0.676764 0
    outer loop
      vertex -13.0979 -105.202 -3
      vertex -12.9977 -105.093 -0.150001
      vertex -12.9977 -105.093 -3
    endloop
  endfacet
  facet normal -0.7362 0.676764 0
    outer loop
      vertex -12.9977 -105.093 -0.150001
      vertex -13.0979 -105.202 -3
      vertex -13.0979 -105.202 -0.150001
    endloop
  endfacet
  facet normal 0.134812 0.990871 -0
    outer loop
      vertex -14.4482 -105.694 -3
      vertex -14.5952 -105.674 -0.150001
      vertex -14.4482 -105.694 -0.150001
    endloop
  endfacet
  facet normal 0.134812 0.990871 0
    outer loop
      vertex -14.5952 -105.674 -0.150001
      vertex -14.4482 -105.694 -3
      vertex -14.5952 -105.674 -3
    endloop
  endfacet
  facet normal 0.533942 0.845521 -0
    outer loop
      vertex -15.15 -105.472 -3
      vertex -15.2751 -105.393 -0.150001
      vertex -15.15 -105.472 -0.150001
    endloop
  endfacet
  facet normal 0.533942 0.845521 0
    outer loop
      vertex -15.2751 -105.393 -0.150001
      vertex -15.15 -105.472 -3
      vertex -15.2751 -105.393 -3
    endloop
  endfacet
  facet normal 0.611983 0.790871 -0
    outer loop
      vertex -15.2751 -105.393 -3
      vertex -15.3927 -105.302 -0.150001
      vertex -15.2751 -105.393 -0.150001
    endloop
  endfacet
  facet normal 0.611983 0.790871 0
    outer loop
      vertex -15.3927 -105.302 -0.150001
      vertex -15.2751 -105.393 -3
      vertex -15.3927 -105.302 -3
    endloop
  endfacet
  facet normal -0.991491 -0.130175 0
    outer loop
      vertex -12.6065 -103.852 -3
      vertex -12.6258 -103.705 -0.150001
      vertex -12.6258 -103.705 -3
    endloop
  endfacet
  facet normal -0.991491 -0.130175 0
    outer loop
      vertex -12.6258 -103.705 -0.150001
      vertex -12.6065 -103.852 -3
      vertex -12.6065 -103.852 -0.150001
    endloop
  endfacet
  facet normal -0.923754 -0.382987 0
    outer loop
      vertex -12.7025 -103.419 -3
      vertex -12.7593 -103.282 -0.150001
      vertex -12.7593 -103.282 -3
    endloop
  endfacet
  facet normal -0.923754 -0.382987 0
    outer loop
      vertex -12.7593 -103.282 -0.150001
      vertex -12.7025 -103.419 -3
      vertex -12.7025 -103.419 -0.150001
    endloop
  endfacet
  facet normal -0.887602 -0.460612 0
    outer loop
      vertex -12.7593 -103.282 -3
      vertex -12.8278 -103.15 -0.150001
      vertex -12.8278 -103.15 -3
    endloop
  endfacet
  facet normal -0.887602 -0.460612 0
    outer loop
      vertex -12.8278 -103.15 -0.150001
      vertex -12.7593 -103.282 -3
      vertex -12.7593 -103.282 -0.150001
    endloop
  endfacet
  facet normal -0.843495 -0.537137 0
    outer loop
      vertex -12.8278 -103.15 -3
      vertex -12.9074 -103.025 -0.150001
      vertex -12.9074 -103.025 -3
    endloop
  endfacet
  facet normal -0.843495 -0.537137 0
    outer loop
      vertex -12.9074 -103.025 -0.150001
      vertex -12.8278 -103.15 -3
      vertex -12.8278 -103.15 -0.150001
    endloop
  endfacet
  facet normal -0.7362 -0.676764 0
    outer loop
      vertex -12.9977 -102.907 -3
      vertex -13.0979 -102.798 -0.150001
      vertex -13.0979 -102.798 -3
    endloop
  endfacet
  facet normal -0.7362 -0.676764 0
    outer loop
      vertex -13.0979 -102.798 -0.150001
      vertex -12.9977 -102.907 -3
      vertex -12.9977 -102.907 -0.150001
    endloop
  endfacet
  facet normal -0.464636 -0.885502 0
    outer loop
      vertex -13.5815 -102.459 -3
      vertex -13.45 -102.528 -0.150001
      vertex -13.5815 -102.459 -0.150001
    endloop
  endfacet
  facet normal -0.464636 -0.885502 -0
    outer loop
      vertex -13.45 -102.528 -0.150001
      vertex -13.5815 -102.459 -3
      vertex -13.45 -102.528 -3
    endloop
  endfacet
  facet normal -0.378133 -0.925751 0
    outer loop
      vertex -13.7186 -102.403 -3
      vertex -13.5815 -102.459 -0.150001
      vertex -13.7186 -102.403 -0.150001
    endloop
  endfacet
  facet normal -0.378133 -0.925751 -0
    outer loop
      vertex -13.5815 -102.459 -0.150001
      vertex -13.7186 -102.403 -3
      vertex -13.5815 -102.459 -3
    endloop
  endfacet
  facet normal -0.303259 -0.952908 0
    outer loop
      vertex -13.86 -102.358 -3
      vertex -13.7186 -102.403 -0.150001
      vertex -13.86 -102.358 -0.150001
    endloop
  endfacet
  facet normal -0.303259 -0.952908 -0
    outer loop
      vertex -13.7186 -102.403 -0.150001
      vertex -13.86 -102.358 -3
      vertex -13.7186 -102.403 -3
    endloop
  endfacet
  facet normal -0.215788 -0.97644 0
    outer loop
      vertex -14.0048 -102.326 -3
      vertex -13.86 -102.358 -0.150001
      vertex -14.0048 -102.326 -0.150001
    endloop
  endfacet
  facet normal -0.215788 -0.97644 -0
    outer loop
      vertex -13.86 -102.358 -0.150001
      vertex -14.0048 -102.326 -3
      vertex -13.86 -102.358 -3
    endloop
  endfacet
  facet normal 0.923754 -0.382987 0
    outer loop
      vertex -15.8975 -103.419 -0.150001
      vertex -15.8407 -103.282 -3
      vertex -15.8407 -103.282 -0.150001
    endloop
  endfacet
  facet normal 0.923754 -0.382987 0
    outer loop
      vertex -15.8407 -103.282 -3
      vertex -15.8975 -103.419 -0.150001
      vertex -15.8975 -103.419 -3
    endloop
  endfacet
  facet normal 0.953439 -0.301584 0
    outer loop
      vertex -15.9421 -103.56 -0.150001
      vertex -15.8975 -103.419 -3
      vertex -15.8975 -103.419 -0.150001
    endloop
  endfacet
  facet normal 0.953439 -0.301584 0
    outer loop
      vertex -15.8975 -103.419 -3
      vertex -15.9421 -103.56 -0.150001
      vertex -15.9421 -103.56 -3
    endloop
  endfacet
  facet normal 0.976361 -0.216146 0
    outer loop
      vertex -15.9742 -103.705 -0.150001
      vertex -15.9421 -103.56 -3
      vertex -15.9421 -103.56 -0.150001
    endloop
  endfacet
  facet normal 0.976361 -0.216146 0
    outer loop
      vertex -15.9421 -103.56 -3
      vertex -15.9742 -103.705 -0.150001
      vertex -15.9742 -103.705 -3
    endloop
  endfacet
  facet normal 0.7362 -0.676764 0
    outer loop
      vertex -15.6023 -102.907 -0.150001
      vertex -15.5021 -102.798 -3
      vertex -15.5021 -102.798 -0.150001
    endloop
  endfacet
  facet normal 0.7362 -0.676764 0
    outer loop
      vertex -15.5021 -102.798 -3
      vertex -15.6023 -102.907 -0.150001
      vertex -15.6023 -102.907 -3
    endloop
  endfacet
  facet normal 0.794148 -0.607725 0
    outer loop
      vertex -15.6926 -103.025 -0.150001
      vertex -15.6023 -102.907 -3
      vertex -15.6023 -102.907 -0.150001
    endloop
  endfacet
  facet normal 0.794148 -0.607725 0
    outer loop
      vertex -15.6023 -102.907 -3
      vertex -15.6926 -103.025 -0.150001
      vertex -15.6926 -103.025 -3
    endloop
  endfacet
  facet normal 0.134812 -0.990871 0
    outer loop
      vertex -14.5952 -102.326 -3
      vertex -14.4482 -102.306 -0.150001
      vertex -14.5952 -102.326 -0.150001
    endloop
  endfacet
  facet normal 0.134812 -0.990871 0
    outer loop
      vertex -14.4482 -102.306 -0.150001
      vertex -14.5952 -102.326 -3
      vertex -14.4482 -102.306 -3
    endloop
  endfacet
  facet normal 0.215788 -0.97644 0
    outer loop
      vertex -14.74 -102.358 -3
      vertex -14.5952 -102.326 -0.150001
      vertex -14.74 -102.358 -0.150001
    endloop
  endfacet
  facet normal 0.215788 -0.97644 0
    outer loop
      vertex -14.5952 -102.326 -0.150001
      vertex -14.74 -102.358 -3
      vertex -14.5952 -102.326 -3
    endloop
  endfacet
  facet normal 0.464636 -0.885502 0
    outer loop
      vertex -15.15 -102.528 -3
      vertex -15.0185 -102.459 -0.150001
      vertex -15.15 -102.528 -0.150001
    endloop
  endfacet
  facet normal 0.464636 -0.885502 0
    outer loop
      vertex -15.0185 -102.459 -0.150001
      vertex -15.15 -102.528 -3
      vertex -15.0185 -102.459 -3
    endloop
  endfacet
  facet normal 0.533942 -0.845521 0
    outer loop
      vertex -15.2751 -102.607 -3
      vertex -15.15 -102.528 -0.150001
      vertex -15.2751 -102.607 -0.150001
    endloop
  endfacet
  facet normal 0.533942 -0.845521 0
    outer loop
      vertex -15.15 -102.528 -0.150001
      vertex -15.2751 -102.607 -3
      vertex -15.15 -102.528 -3
    endloop
  endfacet
  facet normal 0.674685 -0.738106 0
    outer loop
      vertex -15.5021 -102.798 -3
      vertex -15.3927 -102.698 -0.150001
      vertex -15.5021 -102.798 -0.150001
    endloop
  endfacet
  facet normal 0.674685 -0.738106 0
    outer loop
      vertex -15.3927 -102.698 -0.150001
      vertex -15.5021 -102.798 -3
      vertex -15.3927 -102.698 -3
    endloop
  endfacet
  facet normal -0.999037 -0.0438766 0
    outer loop
      vertex -12.6 -104 -3
      vertex -12.6065 -103.852 -0.150001
      vertex -12.6065 -103.852 -3
    endloop
  endfacet
  facet normal -0.999037 -0.0438766 0
    outer loop
      vertex -12.6065 -103.852 -0.150001
      vertex -12.6 -104 -3
      vertex -12.6 -104 -0.150001
    endloop
  endfacet
  facet normal -0.215788 0.97644 0
    outer loop
      vertex -13.86 -105.642 -3
      vertex -14.0048 -105.674 -0.150001
      vertex -13.86 -105.642 -0.150001
    endloop
  endfacet
  facet normal -0.215788 0.97644 0
    outer loop
      vertex -14.0048 -105.674 -0.150001
      vertex -13.86 -105.642 -3
      vertex -14.0048 -105.674 -3
    endloop
  endfacet
  facet normal -0.464636 0.885502 0
    outer loop
      vertex -13.45 -105.472 -3
      vertex -13.5815 -105.541 -0.150001
      vertex -13.45 -105.472 -0.150001
    endloop
  endfacet
  facet normal -0.464636 0.885502 0
    outer loop
      vertex -13.5815 -105.541 -0.150001
      vertex -13.45 -105.472 -3
      vertex -13.5815 -105.541 -3
    endloop
  endfacet
  facet normal 0.303259 0.952908 -0
    outer loop
      vertex -14.74 -105.642 -3
      vertex -14.8814 -105.597 -0.150001
      vertex -14.74 -105.642 -0.150001
    endloop
  endfacet
  facet normal 0.303259 0.952908 0
    outer loop
      vertex -14.8814 -105.597 -0.150001
      vertex -14.74 -105.642 -3
      vertex -14.8814 -105.597 -3
    endloop
  endfacet
  facet normal 0.378133 0.925751 -0
    outer loop
      vertex -14.8814 -105.597 -3
      vertex -15.0185 -105.541 -0.150001
      vertex -14.8814 -105.597 -0.150001
    endloop
  endfacet
  facet normal 0.378133 0.925751 0
    outer loop
      vertex -15.0185 -105.541 -0.150001
      vertex -14.8814 -105.597 -3
      vertex -15.0185 -105.541 -3
    endloop
  endfacet
  facet normal 0.215788 0.97644 -0
    outer loop
      vertex -14.5952 -105.674 -3
      vertex -14.74 -105.642 -0.150001
      vertex -14.5952 -105.674 -0.150001
    endloop
  endfacet
  facet normal 0.215788 0.97644 0
    outer loop
      vertex -14.74 -105.642 -0.150001
      vertex -14.5952 -105.674 -3
      vertex -14.74 -105.642 -3
    endloop
  endfacet
  facet normal 0.464636 0.885502 -0
    outer loop
      vertex -15.0185 -105.541 -3
      vertex -15.15 -105.472 -0.150001
      vertex -15.0185 -105.541 -0.150001
    endloop
  endfacet
  facet normal 0.464636 0.885502 0
    outer loop
      vertex -15.15 -105.472 -0.150001
      vertex -15.0185 -105.541 -3
      vertex -15.15 -105.472 -3
    endloop
  endfacet
  facet normal 0.674685 0.738106 -0
    outer loop
      vertex -15.3927 -105.302 -3
      vertex -15.5021 -105.202 -0.150001
      vertex -15.3927 -105.302 -0.150001
    endloop
  endfacet
  facet normal 0.674685 0.738106 0
    outer loop
      vertex -15.5021 -105.202 -0.150001
      vertex -15.3927 -105.302 -3
      vertex -15.5021 -105.202 -3
    endloop
  endfacet
  facet normal 0.953439 0.301584 0
    outer loop
      vertex -15.8975 -104.581 -0.150001
      vertex -15.9421 -104.44 -3
      vertex -15.9421 -104.44 -0.150001
    endloop
  endfacet
  facet normal 0.953439 0.301584 0
    outer loop
      vertex -15.9421 -104.44 -3
      vertex -15.8975 -104.581 -0.150001
      vertex -15.8975 -104.581 -3
    endloop
  endfacet
  facet normal 0.991491 0.130175 0
    outer loop
      vertex -15.9742 -104.295 -0.150001
      vertex -15.9935 -104.148 -3
      vertex -15.9935 -104.148 -0.150001
    endloop
  endfacet
  facet normal 0.991491 0.130175 0
    outer loop
      vertex -15.9935 -104.148 -3
      vertex -15.9742 -104.295 -0.150001
      vertex -15.9742 -104.295 -3
    endloop
  endfacet
  facet normal 0.7362 0.676764 0
    outer loop
      vertex -15.5021 -105.202 -0.150001
      vertex -15.6023 -105.093 -3
      vertex -15.6023 -105.093 -0.150001
    endloop
  endfacet
  facet normal 0.7362 0.676764 0
    outer loop
      vertex -15.6023 -105.093 -3
      vertex -15.5021 -105.202 -0.150001
      vertex -15.5021 -105.202 -3
    endloop
  endfacet
  facet normal 0.794148 0.607725 0
    outer loop
      vertex -15.6023 -105.093 -0.150001
      vertex -15.6926 -104.975 -3
      vertex -15.6926 -104.975 -0.150001
    endloop
  endfacet
  facet normal 0.794148 0.607725 0
    outer loop
      vertex -15.6926 -104.975 -3
      vertex -15.6023 -105.093 -0.150001
      vertex -15.6023 -105.093 -3
    endloop
  endfacet
  facet normal -0.0404527 -0.999181 0
    outer loop
      vertex -14.3 -102.3 -3
      vertex -14.1518 -102.306 -0.150001
      vertex -14.3 -102.3 -0.150001
    endloop
  endfacet
  facet normal -0.0404527 -0.999181 -0
    outer loop
      vertex -14.1518 -102.306 -0.150001
      vertex -14.3 -102.3 -3
      vertex -14.1518 -102.306 -3
    endloop
  endfacet
  facet normal 0.999037 -0.0438766 0
    outer loop
      vertex -16 -104 -0.150001
      vertex -15.9935 -103.852 -3
      vertex -15.9935 -103.852 -0.150001
    endloop
  endfacet
  facet normal 0.999037 -0.0438766 0
    outer loop
      vertex -15.9935 -103.852 -3
      vertex -16 -104 -0.150001
      vertex -16 -104 -3
    endloop
  endfacet
  facet normal 0.843495 -0.537137 0
    outer loop
      vertex -15.7722 -103.15 -0.150001
      vertex -15.6926 -103.025 -3
      vertex -15.6926 -103.025 -0.150001
    endloop
  endfacet
  facet normal 0.843495 -0.537137 0
    outer loop
      vertex -15.6926 -103.025 -3
      vertex -15.7722 -103.15 -0.150001
      vertex -15.7722 -103.15 -3
    endloop
  endfacet
  facet normal 0.303259 -0.952908 0
    outer loop
      vertex -14.8814 -102.403 -3
      vertex -14.74 -102.358 -0.150001
      vertex -14.8814 -102.403 -0.150001
    endloop
  endfacet
  facet normal 0.303259 -0.952908 0
    outer loop
      vertex -14.74 -102.358 -0.150001
      vertex -14.8814 -102.403 -3
      vertex -14.74 -102.358 -3
    endloop
  endfacet
  facet normal 0.0404527 -0.999181 0
    outer loop
      vertex -14.4482 -102.306 -3
      vertex -14.3 -102.3 -0.150001
      vertex -14.4482 -102.306 -0.150001
    endloop
  endfacet
  facet normal 0.0404527 -0.999181 0
    outer loop
      vertex -14.3 -102.3 -0.150001
      vertex -14.4482 -102.306 -3
      vertex -14.3 -102.3 -3
    endloop
  endfacet
  facet normal -0.991491 0.130175 0
    outer loop
      vertex -12.6258 -104.295 -3
      vertex -12.6065 -104.148 -0.150001
      vertex -12.6065 -104.148 -3
    endloop
  endfacet
  facet normal -0.991491 0.130175 0
    outer loop
      vertex -12.6065 -104.148 -0.150001
      vertex -12.6258 -104.295 -3
      vertex -12.6258 -104.295 -0.150001
    endloop
  endfacet
  facet normal -0.976361 0.216146 0
    outer loop
      vertex -12.6579 -104.44 -3
      vertex -12.6258 -104.295 -0.150001
      vertex -12.6258 -104.295 -3
    endloop
  endfacet
  facet normal -0.976361 0.216146 0
    outer loop
      vertex -12.6258 -104.295 -0.150001
      vertex -12.6579 -104.44 -3
      vertex -12.6579 -104.44 -0.150001
    endloop
  endfacet
  facet normal -0.0404527 0.999181 0
    outer loop
      vertex -14.1518 -105.694 -3
      vertex -14.3 -105.7 -0.150001
      vertex -14.1518 -105.694 -0.150001
    endloop
  endfacet
  facet normal -0.0404527 0.999181 0
    outer loop
      vertex -14.3 -105.7 -0.150001
      vertex -14.1518 -105.694 -3
      vertex -14.3 -105.7 -3
    endloop
  endfacet
  facet normal -0.953439 0.301584 0
    outer loop
      vertex -12.7025 -104.581 -3
      vertex -12.6579 -104.44 -0.150001
      vertex -12.6579 -104.44 -3
    endloop
  endfacet
  facet normal -0.953439 0.301584 0
    outer loop
      vertex -12.6579 -104.44 -0.150001
      vertex -12.7025 -104.581 -3
      vertex -12.7025 -104.581 -0.150001
    endloop
  endfacet
  facet normal -0.843495 0.537137 0
    outer loop
      vertex -12.9074 -104.975 -3
      vertex -12.8278 -104.85 -0.150001
      vertex -12.8278 -104.85 -3
    endloop
  endfacet
  facet normal -0.843495 0.537137 0
    outer loop
      vertex -12.8278 -104.85 -0.150001
      vertex -12.9074 -104.975 -3
      vertex -12.9074 -104.975 -0.150001
    endloop
  endfacet
  facet normal -0.134812 0.990871 0
    outer loop
      vertex -14.0048 -105.674 -3
      vertex -14.1518 -105.694 -0.150001
      vertex -14.0048 -105.674 -0.150001
    endloop
  endfacet
  facet normal -0.134812 0.990871 0
    outer loop
      vertex -14.1518 -105.694 -0.150001
      vertex -14.0048 -105.674 -3
      vertex -14.1518 -105.694 -3
    endloop
  endfacet
  facet normal -0.378133 0.925751 0
    outer loop
      vertex -13.5815 -105.541 -3
      vertex -13.7186 -105.597 -0.150001
      vertex -13.5815 -105.541 -0.150001
    endloop
  endfacet
  facet normal -0.378133 0.925751 0
    outer loop
      vertex -13.7186 -105.597 -0.150001
      vertex -13.5815 -105.541 -3
      vertex -13.7186 -105.597 -3
    endloop
  endfacet
  facet normal -0.611983 0.790871 0
    outer loop
      vertex -13.2073 -105.302 -3
      vertex -13.3249 -105.393 -0.150001
      vertex -13.2073 -105.302 -0.150001
    endloop
  endfacet
  facet normal -0.611983 0.790871 0
    outer loop
      vertex -13.3249 -105.393 -0.150001
      vertex -13.2073 -105.302 -3
      vertex -13.3249 -105.393 -3
    endloop
  endfacet
  facet normal -0.533942 0.845521 0
    outer loop
      vertex -13.3249 -105.393 -3
      vertex -13.45 -105.472 -0.150001
      vertex -13.3249 -105.393 -0.150001
    endloop
  endfacet
  facet normal -0.533942 0.845521 0
    outer loop
      vertex -13.45 -105.472 -0.150001
      vertex -13.3249 -105.393 -3
      vertex -13.45 -105.472 -3
    endloop
  endfacet
  facet normal 0.0404527 0.999181 -0
    outer loop
      vertex -14.3 -105.7 -3
      vertex -14.4482 -105.694 -0.150001
      vertex -14.3 -105.7 -0.150001
    endloop
  endfacet
  facet normal 0.0404527 0.999181 0
    outer loop
      vertex -14.4482 -105.694 -0.150001
      vertex -14.3 -105.7 -3
      vertex -14.4482 -105.694 -3
    endloop
  endfacet
  facet normal 0.976361 0.216146 0
    outer loop
      vertex -15.9421 -104.44 -0.150001
      vertex -15.9742 -104.295 -3
      vertex -15.9742 -104.295 -0.150001
    endloop
  endfacet
  facet normal 0.976361 0.216146 0
    outer loop
      vertex -15.9742 -104.295 -3
      vertex -15.9421 -104.44 -0.150001
      vertex -15.9421 -104.44 -3
    endloop
  endfacet
  facet normal 0.999037 0.0438766 0
    outer loop
      vertex -15.9935 -104.148 -0.150001
      vertex -16 -104 -3
      vertex -16 -104 -0.150001
    endloop
  endfacet
  facet normal 0.999037 0.0438766 0
    outer loop
      vertex -16 -104 -3
      vertex -15.9935 -104.148 -0.150001
      vertex -15.9935 -104.148 -3
    endloop
  endfacet
  facet normal 0.923754 0.382987 0
    outer loop
      vertex -15.8407 -104.718 -0.150001
      vertex -15.8975 -104.581 -3
      vertex -15.8975 -104.581 -0.150001
    endloop
  endfacet
  facet normal 0.923754 0.382987 0
    outer loop
      vertex -15.8975 -104.581 -3
      vertex -15.8407 -104.718 -0.150001
      vertex -15.8407 -104.718 -3
    endloop
  endfacet
  facet normal 0.843495 0.537137 0
    outer loop
      vertex -15.6926 -104.975 -0.150001
      vertex -15.7722 -104.85 -3
      vertex -15.7722 -104.85 -0.150001
    endloop
  endfacet
  facet normal 0.843495 0.537137 0
    outer loop
      vertex -15.7722 -104.85 -3
      vertex -15.6926 -104.975 -0.150001
      vertex -15.6926 -104.975 -3
    endloop
  endfacet
  facet normal -0.134812 -0.990871 0
    outer loop
      vertex -14.1518 -102.306 -3
      vertex -14.0048 -102.326 -0.150001
      vertex -14.1518 -102.306 -0.150001
    endloop
  endfacet
  facet normal -0.134812 -0.990871 -0
    outer loop
      vertex -14.0048 -102.326 -0.150001
      vertex -14.1518 -102.306 -3
      vertex -14.0048 -102.326 -3
    endloop
  endfacet
  facet normal 0.991491 -0.130175 0
    outer loop
      vertex -15.9935 -103.852 -0.150001
      vertex -15.9742 -103.705 -3
      vertex -15.9742 -103.705 -0.150001
    endloop
  endfacet
  facet normal 0.991491 -0.130175 0
    outer loop
      vertex -15.9742 -103.705 -3
      vertex -15.9935 -103.852 -0.150001
      vertex -15.9935 -103.852 -3
    endloop
  endfacet
  facet normal -0.923754 0.382987 0
    outer loop
      vertex -12.7593 -104.718 -3
      vertex -12.7025 -104.581 -0.150001
      vertex -12.7025 -104.581 -3
    endloop
  endfacet
  facet normal -0.923754 0.382987 0
    outer loop
      vertex -12.7025 -104.581 -0.150001
      vertex -12.7593 -104.718 -3
      vertex -12.7593 -104.718 -0.150001
    endloop
  endfacet
  facet normal -0.674685 0.738106 0
    outer loop
      vertex -13.0979 -105.202 -3
      vertex -13.2073 -105.302 -0.150001
      vertex -13.0979 -105.202 -0.150001
    endloop
  endfacet
  facet normal -0.674685 0.738106 0
    outer loop
      vertex -13.2073 -105.302 -0.150001
      vertex -13.0979 -105.202 -3
      vertex -13.2073 -105.302 -3
    endloop
  endfacet
  facet normal -0.887602 0.460612 0
    outer loop
      vertex -12.8278 -104.85 -3
      vertex -12.7593 -104.718 -0.150001
      vertex -12.7593 -104.718 -3
    endloop
  endfacet
  facet normal -0.887602 0.460612 0
    outer loop
      vertex -12.7593 -104.718 -0.150001
      vertex -12.8278 -104.85 -3
      vertex -12.8278 -104.85 -0.150001
    endloop
  endfacet
  facet normal -0.999047 -0.0436366 0
    outer loop
      vertex -12.3 -104 -7.8
      vertex -12.3076 -103.826 -3
      vertex -12.3076 -103.826 -7.8
    endloop
  endfacet
  facet normal -0.999047 -0.0436366 0
    outer loop
      vertex -12.3076 -103.826 -3
      vertex -12.3 -104 -7.8
      vertex -12.3 -104 -3
    endloop
  endfacet
  facet normal -0.676088 -0.736821 0
    outer loop
      vertex -13.0144 -102.468 -7.8
      vertex -12.8858 -102.586 -3
      vertex -13.0144 -102.468 -3
    endloop
  endfacet
  facet normal -0.676088 -0.736821 -0
    outer loop
      vertex -12.8858 -102.586 -3
      vertex -13.0144 -102.468 -7.8
      vertex -12.8858 -102.586 -7.8
    endloop
  endfacet
  facet normal 0.73553 -0.677492 0
    outer loop
      vertex -15.8321 -102.714 -3
      vertex -15.7142 -102.586 -7.8
      vertex -15.7142 -102.586 -3
    endloop
  endfacet
  facet normal 0.73553 -0.677492 0
    outer loop
      vertex -15.7142 -102.586 -7.8
      vertex -15.8321 -102.714 -3
      vertex -15.8321 -102.714 -7.8
    endloop
  endfacet
  facet normal 0.378901 -0.925437 0
    outer loop
      vertex -15.1452 -102.187 -7.8
      vertex -14.984 -102.121 -3
      vertex -15.1452 -102.187 -3
    endloop
  endfacet
  facet normal 0.378901 -0.925437 0
    outer loop
      vertex -14.984 -102.121 -3
      vertex -15.1452 -102.187 -7.8
      vertex -14.984 -102.121 -7.8
    endloop
  endfacet
  facet normal -0.923653 -0.38323 0
    outer loop
      vertex -12.4206 -103.316 -7.8
      vertex -12.4874 -103.155 -3
      vertex -12.4874 -103.155 -7.8
    endloop
  endfacet
  facet normal -0.923653 -0.38323 0
    outer loop
      vertex -12.4874 -103.155 -3
      vertex -12.4206 -103.316 -7.8
      vertex -12.4206 -103.316 -3
    endloop
  endfacet
  facet normal -0.378901 -0.925437 0
    outer loop
      vertex -13.616 -102.121 -7.8
      vertex -13.4548 -102.187 -3
      vertex -13.616 -102.121 -3
    endloop
  endfacet
  facet normal -0.378901 -0.925437 -0
    outer loop
      vertex -13.4548 -102.187 -3
      vertex -13.616 -102.121 -7.8
      vertex -13.4548 -102.187 -7.8
    endloop
  endfacet
  facet normal -0.0458496 -0.998948 0
    outer loop
      vertex -14.3 -102 -7.8
      vertex -14.1257 -102.008 -3
      vertex -14.3 -102 -3
    endloop
  endfacet
  facet normal -0.0458496 -0.998948 -0
    outer loop
      vertex -14.1257 -102.008 -3
      vertex -14.3 -102 -7.8
      vertex -14.1257 -102.008 -7.8
    endloop
  endfacet
  facet normal 0.887451 -0.460902 0
    outer loop
      vertex -16.1126 -103.155 -3
      vertex -16.0321 -103 -7.8
      vertex -16.0321 -103 -3
    endloop
  endfacet
  facet normal 0.887451 -0.460902 0
    outer loop
      vertex -16.0321 -103 -7.8
      vertex -16.1126 -103.155 -3
      vertex -16.1126 -103.155 -7.8
    endloop
  endfacet
  facet normal 0.843 -0.537914 0
    outer loop
      vertex -16.0321 -103 -3
      vertex -15.9383 -102.853 -7.8
      vertex -15.9383 -102.853 -3
    endloop
  endfacet
  facet normal 0.843 -0.537914 0
    outer loop
      vertex -15.9383 -102.853 -7.8
      vertex -16.0321 -103 -3
      vertex -16.0321 -103 -7.8
    endloop
  endfacet
  facet normal 0.999047 -0.0436366 0
    outer loop
      vertex -16.3 -104 -3
      vertex -16.2924 -103.826 -7.8
      vertex -16.2924 -103.826 -3
    endloop
  endfacet
  facet normal 0.999047 -0.0436366 0
    outer loop
      vertex -16.2924 -103.826 -7.8
      vertex -16.3 -104 -3
      vertex -16.3 -104 -7.8
    endloop
  endfacet
  facet normal -0.976548 -0.215298 0
    outer loop
      vertex -12.3304 -103.653 -7.8
      vertex -12.3681 -103.482 -3
      vertex -12.3681 -103.482 -7.8
    endloop
  endfacet
  facet normal -0.976548 -0.215298 0
    outer loop
      vertex -12.3681 -103.482 -3
      vertex -12.3304 -103.653 -7.8
      vertex -12.3304 -103.653 -3
    endloop
  endfacet
  facet normal -0.991427 -0.130662 0
    outer loop
      vertex -12.3076 -103.826 -7.8
      vertex -12.3304 -103.653 -3
      vertex -12.3304 -103.653 -7.8
    endloop
  endfacet
  facet normal -0.991427 -0.130662 0
    outer loop
      vertex -12.3304 -103.653 -3
      vertex -12.3076 -103.826 -7.8
      vertex -12.3076 -103.826 -3
    endloop
  endfacet
  facet normal -0.953452 -0.301544 0
    outer loop
      vertex -12.3681 -103.482 -7.8
      vertex -12.4206 -103.316 -3
      vertex -12.4206 -103.316 -7.8
    endloop
  endfacet
  facet normal -0.953452 -0.301544 0
    outer loop
      vertex -12.4206 -103.316 -3
      vertex -12.3681 -103.482 -7.8
      vertex -12.3681 -103.482 -3
    endloop
  endfacet
  facet normal -0.794617 -0.607111 0
    outer loop
      vertex -12.6617 -102.853 -7.8
      vertex -12.7679 -102.714 -3
      vertex -12.7679 -102.714 -7.8
    endloop
  endfacet
  facet normal -0.794617 -0.607111 0
    outer loop
      vertex -12.7679 -102.714 -3
      vertex -12.6617 -102.853 -7.8
      vertex -12.6617 -102.853 -3
    endloop
  endfacet
  facet normal -0.73553 -0.677492 0
    outer loop
      vertex -12.7679 -102.714 -7.8
      vertex -12.8858 -102.586 -3
      vertex -12.8858 -102.586 -7.8
    endloop
  endfacet
  facet normal -0.73553 -0.677492 0
    outer loop
      vertex -12.8858 -102.586 -3
      vertex -12.7679 -102.714 -7.8
      vertex -12.7679 -102.714 -3
    endloop
  endfacet
  facet normal -0.84326 -0.537506 0
    outer loop
      vertex -12.568 -103 -7.8
      vertex -12.6617 -102.853 -3
      vertex -12.6617 -102.853 -7.8
    endloop
  endfacet
  facet normal -0.84326 -0.537506 0
    outer loop
      vertex -12.6617 -102.853 -3
      vertex -12.568 -103 -7.8
      vertex -12.568 -103 -3
    endloop
  endfacet
  facet normal -0.21778 -0.975998 0
    outer loop
      vertex -13.9527 -102.03 -7.8
      vertex -13.7824 -102.068 -3
      vertex -13.9527 -102.03 -3
    endloop
  endfacet
  facet normal -0.21778 -0.975998 -0
    outer loop
      vertex -13.7824 -102.068 -3
      vertex -13.9527 -102.03 -7.8
      vertex -13.7824 -102.068 -7.8
    endloop
  endfacet
  facet normal -0.608046 -0.793902 0
    outer loop
      vertex -13.1528 -102.362 -7.8
      vertex -13.0144 -102.468 -3
      vertex -13.1528 -102.362 -3
    endloop
  endfacet
  facet normal -0.608046 -0.793902 -0
    outer loop
      vertex -13.0144 -102.468 -3
      vertex -13.1528 -102.362 -7.8
      vertex -13.0144 -102.468 -7.8
    endloop
  endfacet
  facet normal -0.538209 -0.842812 0
    outer loop
      vertex -13.3 -102.268 -7.8
      vertex -13.1528 -102.362 -3
      vertex -13.3 -102.268 -3
    endloop
  endfacet
  facet normal -0.538209 -0.842812 -0
    outer loop
      vertex -13.1528 -102.362 -3
      vertex -13.3 -102.268 -7.8
      vertex -13.1528 -102.362 -7.8
    endloop
  endfacet
  facet normal 0.923653 -0.38323 0
    outer loop
      vertex -16.1794 -103.316 -3
      vertex -16.1126 -103.155 -7.8
      vertex -16.1126 -103.155 -3
    endloop
  endfacet
  facet normal 0.923653 -0.38323 0
    outer loop
      vertex -16.1126 -103.155 -7.8
      vertex -16.1794 -103.316 -3
      vertex -16.1794 -103.316 -7.8
    endloop
  endfacet
  facet normal 0.976548 -0.215298 0
    outer loop
      vertex -16.2696 -103.653 -3
      vertex -16.2319 -103.482 -7.8
      vertex -16.2319 -103.482 -3
    endloop
  endfacet
  facet normal 0.976548 -0.215298 0
    outer loop
      vertex -16.2319 -103.482 -7.8
      vertex -16.2696 -103.653 -3
      vertex -16.2696 -103.653 -7.8
    endloop
  endfacet
  facet normal 0.608046 -0.793902 0
    outer loop
      vertex -15.5856 -102.468 -7.8
      vertex -15.4472 -102.362 -3
      vertex -15.5856 -102.468 -3
    endloop
  endfacet
  facet normal 0.608046 -0.793902 0
    outer loop
      vertex -15.4472 -102.362 -3
      vertex -15.5856 -102.468 -7.8
      vertex -15.4472 -102.362 -7.8
    endloop
  endfacet
  facet normal 0.126152 -0.992011 0
    outer loop
      vertex -14.6473 -102.03 -7.8
      vertex -14.4743 -102.008 -3
      vertex -14.6473 -102.03 -3
    endloop
  endfacet
  facet normal 0.126152 -0.992011 0
    outer loop
      vertex -14.4743 -102.008 -3
      vertex -14.6473 -102.03 -7.8
      vertex -14.4743 -102.008 -7.8
    endloop
  endfacet
  facet normal 0.303487 -0.952835 0
    outer loop
      vertex -14.984 -102.121 -7.8
      vertex -14.8176 -102.068 -3
      vertex -14.984 -102.121 -3
    endloop
  endfacet
  facet normal 0.303487 -0.952835 0
    outer loop
      vertex -14.8176 -102.068 -3
      vertex -14.984 -102.121 -7.8
      vertex -14.8176 -102.068 -7.8
    endloop
  endfacet
  facet normal 0.21778 -0.975998 0
    outer loop
      vertex -14.8176 -102.068 -7.8
      vertex -14.6473 -102.03 -3
      vertex -14.8176 -102.068 -3
    endloop
  endfacet
  facet normal 0.21778 -0.975998 0
    outer loop
      vertex -14.6473 -102.03 -3
      vertex -14.8176 -102.068 -7.8
      vertex -14.6473 -102.03 -7.8
    endloop
  endfacet
  facet normal -0.953452 0.301544 0
    outer loop
      vertex -12.4206 -104.684 -7.8
      vertex -12.3681 -104.518 -3
      vertex -12.3681 -104.518 -7.8
    endloop
  endfacet
  facet normal -0.953452 0.301544 0
    outer loop
      vertex -12.3681 -104.518 -3
      vertex -12.4206 -104.684 -7.8
      vertex -12.4206 -104.684 -3
    endloop
  endfacet
  facet normal -0.999047 0.0436366 0
    outer loop
      vertex -12.3076 -104.174 -7.8
      vertex -12.3 -104 -3
      vertex -12.3 -104 -7.8
    endloop
  endfacet
  facet normal -0.999047 0.0436366 0
    outer loop
      vertex -12.3 -104 -3
      vertex -12.3076 -104.174 -7.8
      vertex -12.3076 -104.174 -3
    endloop
  endfacet
  facet normal -0.794617 0.607111 0
    outer loop
      vertex -12.7679 -105.286 -7.8
      vertex -12.6617 -105.147 -3
      vertex -12.6617 -105.147 -7.8
    endloop
  endfacet
  facet normal -0.794617 0.607111 0
    outer loop
      vertex -12.6617 -105.147 -3
      vertex -12.7679 -105.286 -7.8
      vertex -12.7679 -105.286 -3
    endloop
  endfacet
  facet normal 0.953452 0.301544 0
    outer loop
      vertex -16.1794 -104.684 -3
      vertex -16.2319 -104.518 -7.8
      vertex -16.2319 -104.518 -3
    endloop
  endfacet
  facet normal 0.953452 0.301544 0
    outer loop
      vertex -16.2319 -104.518 -7.8
      vertex -16.1794 -104.684 -3
      vertex -16.1794 -104.684 -7.8
    endloop
  endfacet
  facet normal -0.378901 0.925437 0
    outer loop
      vertex -13.4548 -105.813 -7.8
      vertex -13.616 -105.879 -3
      vertex -13.4548 -105.813 -3
    endloop
  endfacet
  facet normal -0.378901 0.925437 0
    outer loop
      vertex -13.616 -105.879 -3
      vertex -13.4548 -105.813 -7.8
      vertex -13.616 -105.879 -7.8
    endloop
  endfacet
  facet normal -0.21778 0.975998 0
    outer loop
      vertex -13.7824 -105.932 -7.8
      vertex -13.9527 -105.97 -3
      vertex -13.7824 -105.932 -3
    endloop
  endfacet
  facet normal -0.21778 0.975998 0
    outer loop
      vertex -13.9527 -105.97 -3
      vertex -13.7824 -105.932 -7.8
      vertex -13.9527 -105.97 -7.8
    endloop
  endfacet
  facet normal -0.887217 -0.461353 0
    outer loop
      vertex -12.4874 -103.155 -7.8
      vertex -12.568 -103 -3
      vertex -12.568 -103 -7.8
    endloop
  endfacet
  facet normal -0.887217 -0.461353 0
    outer loop
      vertex -12.568 -103 -3
      vertex -12.4874 -103.155 -7.8
      vertex -12.4874 -103.155 -3
    endloop
  endfacet
  facet normal 0.0458496 -0.998948 0
    outer loop
      vertex -14.4743 -102.008 -7.8
      vertex -14.3 -102 -3
      vertex -14.4743 -102.008 -3
    endloop
  endfacet
  facet normal 0.0458496 -0.998948 0
    outer loop
      vertex -14.3 -102 -3
      vertex -14.4743 -102.008 -7.8
      vertex -14.3 -102 -7.8
    endloop
  endfacet
  facet normal -0.126152 -0.992011 0
    outer loop
      vertex -14.1257 -102.008 -7.8
      vertex -13.9527 -102.03 -3
      vertex -14.1257 -102.008 -3
    endloop
  endfacet
  facet normal -0.126152 -0.992011 -0
    outer loop
      vertex -13.9527 -102.03 -3
      vertex -14.1257 -102.008 -7.8
      vertex -13.9527 -102.03 -7.8
    endloop
  endfacet
  facet normal -0.303487 -0.952835 0
    outer loop
      vertex -13.7824 -102.068 -7.8
      vertex -13.616 -102.121 -3
      vertex -13.7824 -102.068 -3
    endloop
  endfacet
  facet normal -0.303487 -0.952835 -0
    outer loop
      vertex -13.616 -102.121 -3
      vertex -13.7824 -102.068 -7.8
      vertex -13.616 -102.121 -7.8
    endloop
  endfacet
  facet normal -0.463622 -0.886033 0
    outer loop
      vertex -13.4548 -102.187 -7.8
      vertex -13.3 -102.268 -3
      vertex -13.4548 -102.187 -3
    endloop
  endfacet
  facet normal -0.463622 -0.886033 -0
    outer loop
      vertex -13.3 -102.268 -3
      vertex -13.4548 -102.187 -7.8
      vertex -13.3 -102.268 -7.8
    endloop
  endfacet
  facet normal 0.999047 0.0436366 0
    outer loop
      vertex -16.2924 -104.174 -3
      vertex -16.3 -104 -7.8
      vertex -16.3 -104 -3
    endloop
  endfacet
  facet normal 0.999047 0.0436366 0
    outer loop
      vertex -16.3 -104 -7.8
      vertex -16.2924 -104.174 -3
      vertex -16.2924 -104.174 -7.8
    endloop
  endfacet
  facet normal 0.794617 -0.607111 0
    outer loop
      vertex -15.9383 -102.853 -3
      vertex -15.8321 -102.714 -7.8
      vertex -15.8321 -102.714 -3
    endloop
  endfacet
  facet normal 0.794617 -0.607111 0
    outer loop
      vertex -15.8321 -102.714 -7.8
      vertex -15.9383 -102.853 -3
      vertex -15.9383 -102.853 -7.8
    endloop
  endfacet
  facet normal 0.991427 -0.130662 0
    outer loop
      vertex -16.2924 -103.826 -3
      vertex -16.2696 -103.653 -7.8
      vertex -16.2696 -103.653 -3
    endloop
  endfacet
  facet normal 0.991427 -0.130662 0
    outer loop
      vertex -16.2696 -103.653 -7.8
      vertex -16.2924 -103.826 -3
      vertex -16.2924 -103.826 -7.8
    endloop
  endfacet
  facet normal 0.953452 -0.301544 0
    outer loop
      vertex -16.2319 -103.482 -3
      vertex -16.1794 -103.316 -7.8
      vertex -16.1794 -103.316 -3
    endloop
  endfacet
  facet normal 0.953452 -0.301544 0
    outer loop
      vertex -16.1794 -103.316 -7.8
      vertex -16.2319 -103.482 -3
      vertex -16.2319 -103.482 -7.8
    endloop
  endfacet
  facet normal 0.676088 -0.736821 0
    outer loop
      vertex -15.7142 -102.586 -7.8
      vertex -15.5856 -102.468 -3
      vertex -15.7142 -102.586 -3
    endloop
  endfacet
  facet normal 0.676088 -0.736821 0
    outer loop
      vertex -15.5856 -102.468 -3
      vertex -15.7142 -102.586 -7.8
      vertex -15.5856 -102.468 -7.8
    endloop
  endfacet
  facet normal 0.538209 -0.842812 0
    outer loop
      vertex -15.4472 -102.362 -7.8
      vertex -15.3 -102.268 -3
      vertex -15.4472 -102.362 -3
    endloop
  endfacet
  facet normal 0.538209 -0.842812 0
    outer loop
      vertex -15.3 -102.268 -3
      vertex -15.4472 -102.362 -7.8
      vertex -15.3 -102.268 -7.8
    endloop
  endfacet
  facet normal -0.991427 0.130662 0
    outer loop
      vertex -12.3304 -104.347 -7.8
      vertex -12.3076 -104.174 -3
      vertex -12.3076 -104.174 -7.8
    endloop
  endfacet
  facet normal -0.991427 0.130662 0
    outer loop
      vertex -12.3076 -104.174 -3
      vertex -12.3304 -104.347 -7.8
      vertex -12.3304 -104.347 -3
    endloop
  endfacet
  facet normal -0.887217 0.461353 0
    outer loop
      vertex -12.568 -105 -7.8
      vertex -12.4874 -104.845 -3
      vertex -12.4874 -104.845 -7.8
    endloop
  endfacet
  facet normal -0.887217 0.461353 0
    outer loop
      vertex -12.4874 -104.845 -3
      vertex -12.568 -105 -7.8
      vertex -12.568 -105 -3
    endloop
  endfacet
  facet normal -0.923653 0.38323 0
    outer loop
      vertex -12.4874 -104.845 -7.8
      vertex -12.4206 -104.684 -3
      vertex -12.4206 -104.684 -7.8
    endloop
  endfacet
  facet normal -0.923653 0.38323 0
    outer loop
      vertex -12.4206 -104.684 -3
      vertex -12.4874 -104.845 -7.8
      vertex -12.4874 -104.845 -3
    endloop
  endfacet
  facet normal 0.73553 0.677492 0
    outer loop
      vertex -15.7142 -105.414 -3
      vertex -15.8321 -105.286 -7.8
      vertex -15.8321 -105.286 -3
    endloop
  endfacet
  facet normal 0.73553 0.677492 0
    outer loop
      vertex -15.8321 -105.286 -7.8
      vertex -15.7142 -105.414 -3
      vertex -15.7142 -105.414 -7.8
    endloop
  endfacet
  facet normal 0.991427 0.130662 0
    outer loop
      vertex -16.2696 -104.347 -3
      vertex -16.2924 -104.174 -7.8
      vertex -16.2924 -104.174 -3
    endloop
  endfacet
  facet normal 0.991427 0.130662 0
    outer loop
      vertex -16.2924 -104.174 -7.8
      vertex -16.2696 -104.347 -3
      vertex -16.2696 -104.347 -7.8
    endloop
  endfacet
  facet normal -0.126152 0.992011 0
    outer loop
      vertex -13.9527 -105.97 -7.8
      vertex -14.1257 -105.992 -3
      vertex -13.9527 -105.97 -3
    endloop
  endfacet
  facet normal -0.126152 0.992011 0
    outer loop
      vertex -14.1257 -105.992 -3
      vertex -13.9527 -105.97 -7.8
      vertex -14.1257 -105.992 -7.8
    endloop
  endfacet
  facet normal -0.303487 0.952835 0
    outer loop
      vertex -13.616 -105.879 -7.8
      vertex -13.7824 -105.932 -3
      vertex -13.616 -105.879 -3
    endloop
  endfacet
  facet normal -0.303487 0.952835 0
    outer loop
      vertex -13.7824 -105.932 -3
      vertex -13.616 -105.879 -7.8
      vertex -13.7824 -105.932 -7.8
    endloop
  endfacet
  facet normal 0 0 -1
    outer loop
      vertex -12.6 -104 -3
      vertex -12.3 -104 -3
      vertex -12.3076 -104.174 -3
    endloop
  endfacet
  facet normal 0 0 -1
    outer loop
      vertex -12.6065 -104.148 -3
      vertex -12.3076 -104.174 -3
      vertex -12.3304 -104.347 -3
    endloop
  endfacet
  facet normal 0 0 -1
    outer loop
      vertex -12.3 -104 -3
      vertex -12.6 -104 -3
      vertex -12.3076 -103.826 -3
    endloop
  endfacet
  facet normal 0 0 -1
    outer loop
      vertex -12.6258 -104.295 -3
      vertex -12.3304 -104.347 -3
      vertex -12.3681 -104.518 -3
    endloop
  endfacet
  facet normal 0 0 -1
    outer loop
      vertex -12.6065 -103.852 -3
      vertex -12.3076 -103.826 -3
      vertex -12.6 -104 -3
    endloop
  endfacet
  facet normal 0 0 -1
    outer loop
      vertex -12.6579 -104.44 -3
      vertex -12.3681 -104.518 -3
      vertex -12.4206 -104.684 -3
    endloop
  endfacet
  facet normal -0 0 -1
    outer loop
      vertex -12.3076 -103.826 -3
      vertex -12.6065 -103.852 -3
      vertex -12.3304 -103.653 -3
    endloop
  endfacet
  facet normal 0 0 -1
    outer loop
      vertex -12.7025 -104.581 -3
      vertex -12.4206 -104.684 -3
      vertex -12.4874 -104.845 -3
    endloop
  endfacet
  facet normal 0 0 -1
    outer loop
      vertex -12.6258 -103.705 -3
      vertex -12.3304 -103.653 -3
      vertex -12.6065 -103.852 -3
    endloop
  endfacet
  facet normal 0 0 -1
    outer loop
      vertex -12.7593 -104.718 -3
      vertex -12.4874 -104.845 -3
      vertex -12.568 -105 -3
    endloop
  endfacet
  facet normal -0 0 -1
    outer loop
      vertex -12.3304 -103.653 -3
      vertex -12.6258 -103.705 -3
      vertex -12.3681 -103.482 -3
    endloop
  endfacet
  facet normal 0 0 -1
    outer loop
      vertex -12.6579 -103.56 -3
      vertex -12.3681 -103.482 -3
      vertex -12.6258 -103.705 -3
    endloop
  endfacet
  facet normal 0 0 -1
    outer loop
      vertex -12.3076 -104.174 -3
      vertex -12.6065 -104.148 -3
      vertex -12.6 -104 -3
    endloop
  endfacet
  facet normal 0 0 -1
    outer loop
      vertex -12.3304 -104.347 -3
      vertex -12.6258 -104.295 -3
      vertex -12.6065 -104.148 -3
    endloop
  endfacet
  facet normal 0 0 -1
    outer loop
      vertex -12.3681 -104.518 -3
      vertex -12.6579 -104.44 -3
      vertex -12.6258 -104.295 -3
    endloop
  endfacet
  facet normal 0 0 -1
    outer loop
      vertex -12.8278 -104.85 -3
      vertex -12.568 -105 -3
      vertex -12.6617 -105.147 -3
    endloop
  endfacet
  facet normal 0 0 -1
    outer loop
      vertex -12.4206 -104.684 -3
      vertex -12.7025 -104.581 -3
      vertex -12.6579 -104.44 -3
    endloop
  endfacet
  facet normal 0 0 -1
    outer loop
      vertex -12.4874 -104.845 -3
      vertex -12.7593 -104.718 -3
      vertex -12.7025 -104.581 -3
    endloop
  endfacet
  facet normal 0 0 -1
    outer loop
      vertex -12.9074 -104.975 -3
      vertex -12.6617 -105.147 -3
      vertex -12.7679 -105.286 -3
    endloop
  endfacet
  facet normal 0 0 -1
    outer loop
      vertex -12.568 -105 -3
      vertex -12.8278 -104.85 -3
      vertex -12.7593 -104.718 -3
    endloop
  endfacet
  facet normal 0 0 -1
    outer loop
      vertex -12.9977 -105.093 -3
      vertex -12.7679 -105.286 -3
      vertex -12.8858 -105.414 -3
    endloop
  endfacet
  facet normal 0 0 -1
    outer loop
      vertex -12.6617 -105.147 -3
      vertex -12.9074 -104.975 -3
      vertex -12.8278 -104.85 -3
    endloop
  endfacet
  facet normal 0 0 -1
    outer loop
      vertex -12.7679 -105.286 -3
      vertex -12.9977 -105.093 -3
      vertex -12.9074 -104.975 -3
    endloop
  endfacet
  facet normal 0 0 -1
    outer loop
      vertex -13.0979 -105.202 -3
      vertex -12.8858 -105.414 -3
      vertex -13.0144 -105.532 -3
    endloop
  endfacet
  facet normal 0 0 -1
    outer loop
      vertex -12.8858 -105.414 -3
      vertex -13.0979 -105.202 -3
      vertex -12.9977 -105.093 -3
    endloop
  endfacet
  facet normal 0 0 -1
    outer loop
      vertex -13.2073 -105.302 -3
      vertex -13.0144 -105.532 -3
      vertex -13.1528 -105.638 -3
    endloop
  endfacet
  facet normal 0 0 -1
    outer loop
      vertex -13.0144 -105.532 -3
      vertex -13.2073 -105.302 -3
      vertex -13.0979 -105.202 -3
    endloop
  endfacet
  facet normal 0 0 -1
    outer loop
      vertex -13.3249 -105.393 -3
      vertex -13.1528 -105.638 -3
      vertex -13.3 -105.732 -3
    endloop
  endfacet
  facet normal 0 0 -1
    outer loop
      vertex -13.1528 -105.638 -3
      vertex -13.3249 -105.393 -3
      vertex -13.2073 -105.302 -3
    endloop
  endfacet
  facet normal 0 0 -1
    outer loop
      vertex -13.3 -105.732 -3
      vertex -13.45 -105.472 -3
      vertex -13.3249 -105.393 -3
    endloop
  endfacet
  facet normal 0 0 -1
    outer loop
      vertex -13.4548 -105.813 -3
      vertex -13.45 -105.472 -3
      vertex -13.3 -105.732 -3
    endloop
  endfacet
  facet normal 0 0 -1
    outer loop
      vertex -13.4548 -105.813 -3
      vertex -13.5815 -105.541 -3
      vertex -13.45 -105.472 -3
    endloop
  endfacet
  facet normal 0 0 -1
    outer loop
      vertex -13.616 -105.879 -3
      vertex -13.5815 -105.541 -3
      vertex -13.4548 -105.813 -3
    endloop
  endfacet
  facet normal 0 0 -1
    outer loop
      vertex -13.616 -105.879 -3
      vertex -13.7186 -105.597 -3
      vertex -13.5815 -105.541 -3
    endloop
  endfacet
  facet normal 0 0 -1
    outer loop
      vertex -13.7824 -105.932 -3
      vertex -13.7186 -105.597 -3
      vertex -13.616 -105.879 -3
    endloop
  endfacet
  facet normal 0 0 -1
    outer loop
      vertex -13.7824 -105.932 -3
      vertex -13.86 -105.642 -3
      vertex -13.7186 -105.597 -3
    endloop
  endfacet
  facet normal 0 0 -1
    outer loop
      vertex -13.9527 -105.97 -3
      vertex -13.86 -105.642 -3
      vertex -13.7824 -105.932 -3
    endloop
  endfacet
  facet normal 0 0 -1
    outer loop
      vertex -13.9527 -105.97 -3
      vertex -14.0048 -105.674 -3
      vertex -13.86 -105.642 -3
    endloop
  endfacet
  facet normal 0 0 -1
    outer loop
      vertex -14.1257 -105.992 -3
      vertex -14.0048 -105.674 -3
      vertex -13.9527 -105.97 -3
    endloop
  endfacet
  facet normal 0 0 -1
    outer loop
      vertex -14.1257 -105.992 -3
      vertex -14.1518 -105.694 -3
      vertex -14.0048 -105.674 -3
    endloop
  endfacet
  facet normal 0 0 -1
    outer loop
      vertex -14.3 -106 -3
      vertex -14.1518 -105.694 -3
      vertex -14.1257 -105.992 -3
    endloop
  endfacet
  facet normal 0 0 -1
    outer loop
      vertex -14.3 -106 -3
      vertex -14.3 -105.7 -3
      vertex -14.1518 -105.694 -3
    endloop
  endfacet
  facet normal 0 0 -1
    outer loop
      vertex -14.3 -106 -3
      vertex -14.4482 -105.694 -3
      vertex -14.3 -105.7 -3
    endloop
  endfacet
  facet normal 0 0 -1
    outer loop
      vertex -14.4743 -105.992 -3
      vertex -14.4482 -105.694 -3
      vertex -14.3 -106 -3
    endloop
  endfacet
  facet normal 0 0 -1
    outer loop
      vertex -14.4743 -105.992 -3
      vertex -14.5952 -105.674 -3
      vertex -14.4482 -105.694 -3
    endloop
  endfacet
  facet normal 0 0 -1
    outer loop
      vertex -14.6473 -105.97 -3
      vertex -14.5952 -105.674 -3
      vertex -14.4743 -105.992 -3
    endloop
  endfacet
  facet normal 0 0 -1
    outer loop
      vertex -14.6473 -105.97 -3
      vertex -14.74 -105.642 -3
      vertex -14.5952 -105.674 -3
    endloop
  endfacet
  facet normal 0 0 -1
    outer loop
      vertex -14.8176 -105.932 -3
      vertex -14.74 -105.642 -3
      vertex -14.6473 -105.97 -3
    endloop
  endfacet
  facet normal 0 0 -1
    outer loop
      vertex -14.8176 -105.932 -3
      vertex -14.8814 -105.597 -3
      vertex -14.74 -105.642 -3
    endloop
  endfacet
  facet normal 0 0 -1
    outer loop
      vertex -14.984 -105.879 -3
      vertex -14.8814 -105.597 -3
      vertex -14.8176 -105.932 -3
    endloop
  endfacet
  facet normal 0 0 -1
    outer loop
      vertex -14.984 -105.879 -3
      vertex -15.0185 -105.541 -3
      vertex -14.8814 -105.597 -3
    endloop
  endfacet
  facet normal 0 0 -1
    outer loop
      vertex -15.1452 -105.813 -3
      vertex -15.0185 -105.541 -3
      vertex -14.984 -105.879 -3
    endloop
  endfacet
  facet normal 0 0 -1
    outer loop
      vertex -15.1452 -105.813 -3
      vertex -15.15 -105.472 -3
      vertex -15.0185 -105.541 -3
    endloop
  endfacet
  facet normal 0 0 -1
    outer loop
      vertex -15.3 -105.732 -3
      vertex -15.15 -105.472 -3
      vertex -15.1452 -105.813 -3
    endloop
  endfacet
  facet normal -0 0 -1
    outer loop
      vertex -15.15 -105.472 -3
      vertex -15.3 -105.732 -3
      vertex -15.2751 -105.393 -3
    endloop
  endfacet
  facet normal 0 0 -1
    outer loop
      vertex -15.4472 -105.638 -3
      vertex -15.2751 -105.393 -3
      vertex -15.3 -105.732 -3
    endloop
  endfacet
  facet normal -0 0 -1
    outer loop
      vertex -15.2751 -105.393 -3
      vertex -15.4472 -105.638 -3
      vertex -15.3927 -105.302 -3
    endloop
  endfacet
  facet normal 0 0 -1
    outer loop
      vertex -15.5856 -105.532 -3
      vertex -15.3927 -105.302 -3
      vertex -15.4472 -105.638 -3
    endloop
  endfacet
  facet normal -0 0 -1
    outer loop
      vertex -15.3927 -105.302 -3
      vertex -15.5856 -105.532 -3
      vertex -15.5021 -105.202 -3
    endloop
  endfacet
  facet normal 0 0 -1
    outer loop
      vertex -15.7142 -105.414 -3
      vertex -15.5021 -105.202 -3
      vertex -15.5856 -105.532 -3
    endloop
  endfacet
  facet normal -0 0 -1
    outer loop
      vertex -15.5021 -105.202 -3
      vertex -15.7142 -105.414 -3
      vertex -15.6023 -105.093 -3
    endloop
  endfacet
  facet normal 0 0 -1
    outer loop
      vertex -15.8321 -105.286 -3
      vertex -15.6023 -105.093 -3
      vertex -15.7142 -105.414 -3
    endloop
  endfacet
  facet normal -0 0 -1
    outer loop
      vertex -15.6023 -105.093 -3
      vertex -15.8321 -105.286 -3
      vertex -15.6926 -104.975 -3
    endloop
  endfacet
  facet normal 0 0 -1
    outer loop
      vertex -15.9383 -105.147 -3
      vertex -15.6926 -104.975 -3
      vertex -15.8321 -105.286 -3
    endloop
  endfacet
  facet normal -0 0 -1
    outer loop
      vertex -15.6926 -104.975 -3
      vertex -15.9383 -105.147 -3
      vertex -15.7722 -104.85 -3
    endloop
  endfacet
  facet normal 0 0 -1
    outer loop
      vertex -16.0321 -105 -3
      vertex -15.7722 -104.85 -3
      vertex -15.9383 -105.147 -3
    endloop
  endfacet
  facet normal -0 0 -1
    outer loop
      vertex -15.7722 -104.85 -3
      vertex -16.0321 -105 -3
      vertex -15.8407 -104.718 -3
    endloop
  endfacet
  facet normal 0 0 -1
    outer loop
      vertex -16.1126 -104.845 -3
      vertex -15.8407 -104.718 -3
      vertex -16.0321 -105 -3
    endloop
  endfacet
  facet normal -0 0 -1
    outer loop
      vertex -15.8407 -104.718 -3
      vertex -16.1126 -104.845 -3
      vertex -15.8975 -104.581 -3
    endloop
  endfacet
  facet normal 0 0 -1
    outer loop
      vertex -16.1794 -104.684 -3
      vertex -15.8975 -104.581 -3
      vertex -16.1126 -104.845 -3
    endloop
  endfacet
  facet normal 0 0 -1
    outer loop
      vertex -16.2319 -104.518 -3
      vertex -15.9421 -104.44 -3
      vertex -16.1794 -104.684 -3
    endloop
  endfacet
  facet normal -0 0 -1
    outer loop
      vertex -15.8975 -104.581 -3
      vertex -16.1794 -104.684 -3
      vertex -15.9421 -104.44 -3
    endloop
  endfacet
  facet normal -0 0 -1
    outer loop
      vertex -12.3681 -103.482 -3
      vertex -12.6579 -103.56 -3
      vertex -12.4206 -103.316 -3
    endloop
  endfacet
  facet normal 0 0 -1
    outer loop
      vertex -12.7025 -103.419 -3
      vertex -12.4206 -103.316 -3
      vertex -12.6579 -103.56 -3
    endloop
  endfacet
  facet normal -0 0 -1
    outer loop
      vertex -12.4206 -103.316 -3
      vertex -12.7025 -103.419 -3
      vertex -12.4874 -103.155 -3
    endloop
  endfacet
  facet normal 0 0 -1
    outer loop
      vertex -12.7593 -103.282 -3
      vertex -12.4874 -103.155 -3
      vertex -12.7025 -103.419 -3
    endloop
  endfacet
  facet normal -0 0 -1
    outer loop
      vertex -12.4874 -103.155 -3
      vertex -12.7593 -103.282 -3
      vertex -12.568 -103 -3
    endloop
  endfacet
  facet normal 0 0 -1
    outer loop
      vertex -12.8278 -103.15 -3
      vertex -12.568 -103 -3
      vertex -12.7593 -103.282 -3
    endloop
  endfacet
  facet normal -0 0 -1
    outer loop
      vertex -12.568 -103 -3
      vertex -12.8278 -103.15 -3
      vertex -12.6617 -102.853 -3
    endloop
  endfacet
  facet normal 0 0 -1
    outer loop
      vertex -12.9074 -103.025 -3
      vertex -12.6617 -102.853 -3
      vertex -12.8278 -103.15 -3
    endloop
  endfacet
  facet normal -0 0 -1
    outer loop
      vertex -12.6617 -102.853 -3
      vertex -12.9074 -103.025 -3
      vertex -12.7679 -102.714 -3
    endloop
  endfacet
  facet normal 0 0 -1
    outer loop
      vertex -12.9977 -102.907 -3
      vertex -12.7679 -102.714 -3
      vertex -12.9074 -103.025 -3
    endloop
  endfacet
  facet normal -0 0 -1
    outer loop
      vertex -12.7679 -102.714 -3
      vertex -12.9977 -102.907 -3
      vertex -12.8858 -102.586 -3
    endloop
  endfacet
  facet normal 0 0 -1
    outer loop
      vertex -13.0979 -102.798 -3
      vertex -12.8858 -102.586 -3
      vertex -12.9977 -102.907 -3
    endloop
  endfacet
  facet normal -0 0 -1
    outer loop
      vertex -12.8858 -102.586 -3
      vertex -13.0979 -102.798 -3
      vertex -13.0144 -102.468 -3
    endloop
  endfacet
  facet normal 0 0 -1
    outer loop
      vertex -13.2073 -102.698 -3
      vertex -13.0144 -102.468 -3
      vertex -13.0979 -102.798 -3
    endloop
  endfacet
  facet normal -0 0 -1
    outer loop
      vertex -13.0144 -102.468 -3
      vertex -13.2073 -102.698 -3
      vertex -13.1528 -102.362 -3
    endloop
  endfacet
  facet normal 0 0 -1
    outer loop
      vertex -13.3249 -102.607 -3
      vertex -13.1528 -102.362 -3
      vertex -13.2073 -102.698 -3
    endloop
  endfacet
  facet normal -0 0 -1
    outer loop
      vertex -13.1528 -102.362 -3
      vertex -13.3249 -102.607 -3
      vertex -13.3 -102.268 -3
    endloop
  endfacet
  facet normal 0 0 -1
    outer loop
      vertex -13.45 -102.528 -3
      vertex -13.3 -102.268 -3
      vertex -13.3249 -102.607 -3
    endloop
  endfacet
  facet normal 0 0 -1
    outer loop
      vertex -13.45 -102.528 -3
      vertex -13.4548 -102.187 -3
      vertex -13.3 -102.268 -3
    endloop
  endfacet
  facet normal 0 0 -1
    outer loop
      vertex -13.5815 -102.459 -3
      vertex -13.4548 -102.187 -3
      vertex -13.45 -102.528 -3
    endloop
  endfacet
  facet normal 0 0 -1
    outer loop
      vertex -13.5815 -102.459 -3
      vertex -13.616 -102.121 -3
      vertex -13.4548 -102.187 -3
    endloop
  endfacet
  facet normal 0 0 -1
    outer loop
      vertex -13.7186 -102.403 -3
      vertex -13.616 -102.121 -3
      vertex -13.5815 -102.459 -3
    endloop
  endfacet
  facet normal 0 0 -1
    outer loop
      vertex -13.7186 -102.403 -3
      vertex -13.7824 -102.068 -3
      vertex -13.616 -102.121 -3
    endloop
  endfacet
  facet normal 0 0 -1
    outer loop
      vertex -13.86 -102.358 -3
      vertex -13.7824 -102.068 -3
      vertex -13.7186 -102.403 -3
    endloop
  endfacet
  facet normal 0 0 -1
    outer loop
      vertex -13.86 -102.358 -3
      vertex -13.9527 -102.03 -3
      vertex -13.7824 -102.068 -3
    endloop
  endfacet
  facet normal 0 0 -1
    outer loop
      vertex -14.0048 -102.326 -3
      vertex -13.9527 -102.03 -3
      vertex -13.86 -102.358 -3
    endloop
  endfacet
  facet normal 0 0 -1
    outer loop
      vertex -14.0048 -102.326 -3
      vertex -14.1257 -102.008 -3
      vertex -13.9527 -102.03 -3
    endloop
  endfacet
  facet normal 0 0 -1
    outer loop
      vertex -14.1518 -102.306 -3
      vertex -14.1257 -102.008 -3
      vertex -14.0048 -102.326 -3
    endloop
  endfacet
  facet normal 0 0 -1
    outer loop
      vertex -14.3 -102.3 -3
      vertex -14.1257 -102.008 -3
      vertex -14.1518 -102.306 -3
    endloop
  endfacet
  facet normal 0 0 -1
    outer loop
      vertex -14.3 -102.3 -3
      vertex -14.3 -102 -3
      vertex -14.1257 -102.008 -3
    endloop
  endfacet
  facet normal 0 0 -1
    outer loop
      vertex -14.4482 -102.306 -3
      vertex -14.3 -102 -3
      vertex -14.3 -102.3 -3
    endloop
  endfacet
  facet normal 0 0 -1
    outer loop
      vertex -14.4482 -102.306 -3
      vertex -14.4743 -102.008 -3
      vertex -14.3 -102 -3
    endloop
  endfacet
  facet normal 0 0 -1
    outer loop
      vertex -14.5952 -102.326 -3
      vertex -14.4743 -102.008 -3
      vertex -14.4482 -102.306 -3
    endloop
  endfacet
  facet normal 0 0 -1
    outer loop
      vertex -14.5952 -102.326 -3
      vertex -14.6473 -102.03 -3
      vertex -14.4743 -102.008 -3
    endloop
  endfacet
  facet normal 0 0 -1
    outer loop
      vertex -14.74 -102.358 -3
      vertex -14.6473 -102.03 -3
      vertex -14.5952 -102.326 -3
    endloop
  endfacet
  facet normal 0 0 -1
    outer loop
      vertex -14.74 -102.358 -3
      vertex -14.8176 -102.068 -3
      vertex -14.6473 -102.03 -3
    endloop
  endfacet
  facet normal 0 0 -1
    outer loop
      vertex -14.8814 -102.403 -3
      vertex -14.8176 -102.068 -3
      vertex -14.74 -102.358 -3
    endloop
  endfacet
  facet normal 0 0 -1
    outer loop
      vertex -14.8814 -102.403 -3
      vertex -14.984 -102.121 -3
      vertex -14.8176 -102.068 -3
    endloop
  endfacet
  facet normal 0 0 -1
    outer loop
      vertex -15.0185 -102.459 -3
      vertex -14.984 -102.121 -3
      vertex -14.8814 -102.403 -3
    endloop
  endfacet
  facet normal 0 0 -1
    outer loop
      vertex -15.0185 -102.459 -3
      vertex -15.1452 -102.187 -3
      vertex -14.984 -102.121 -3
    endloop
  endfacet
  facet normal 0 0 -1
    outer loop
      vertex -15.15 -102.528 -3
      vertex -15.1452 -102.187 -3
      vertex -15.0185 -102.459 -3
    endloop
  endfacet
  facet normal 0 0 -1
    outer loop
      vertex -15.3 -102.268 -3
      vertex -15.15 -102.528 -3
      vertex -15.2751 -102.607 -3
    endloop
  endfacet
  facet normal 0 0 -1
    outer loop
      vertex -15.15 -102.528 -3
      vertex -15.3 -102.268 -3
      vertex -15.1452 -102.187 -3
    endloop
  endfacet
  facet normal 0 0 -1
    outer loop
      vertex -15.4472 -102.362 -3
      vertex -15.2751 -102.607 -3
      vertex -15.3927 -102.698 -3
    endloop
  endfacet
  facet normal 0 0 -1
    outer loop
      vertex -15.2751 -102.607 -3
      vertex -15.4472 -102.362 -3
      vertex -15.3 -102.268 -3
    endloop
  endfacet
  facet normal 0 0 -1
    outer loop
      vertex -15.5856 -102.468 -3
      vertex -15.3927 -102.698 -3
      vertex -15.5021 -102.798 -3
    endloop
  endfacet
  facet normal 0 0 -1
    outer loop
      vertex -15.3927 -102.698 -3
      vertex -15.5856 -102.468 -3
      vertex -15.4472 -102.362 -3
    endloop
  endfacet
  facet normal 0 0 -1
    outer loop
      vertex -15.7142 -102.586 -3
      vertex -15.5021 -102.798 -3
      vertex -15.6023 -102.907 -3
    endloop
  endfacet
  facet normal 0 0 -1
    outer loop
      vertex -15.8321 -102.714 -3
      vertex -15.6023 -102.907 -3
      vertex -15.6926 -103.025 -3
    endloop
  endfacet
  facet normal 0 0 -1
    outer loop
      vertex -15.5021 -102.798 -3
      vertex -15.7142 -102.586 -3
      vertex -15.5856 -102.468 -3
    endloop
  endfacet
  facet normal 0 0 -1
    outer loop
      vertex -15.9383 -102.853 -3
      vertex -15.6926 -103.025 -3
      vertex -15.7722 -103.15 -3
    endloop
  endfacet
  facet normal 0 0 -1
    outer loop
      vertex -15.6023 -102.907 -3
      vertex -15.8321 -102.714 -3
      vertex -15.7142 -102.586 -3
    endloop
  endfacet
  facet normal 0 0 -1
    outer loop
      vertex -16.0321 -103 -3
      vertex -15.7722 -103.15 -3
      vertex -15.8407 -103.282 -3
    endloop
  endfacet
  facet normal 0 0 -1
    outer loop
      vertex -16.1126 -103.155 -3
      vertex -15.8407 -103.282 -3
      vertex -15.8975 -103.419 -3
    endloop
  endfacet
  facet normal 0 0 -1
    outer loop
      vertex -15.6926 -103.025 -3
      vertex -15.9383 -102.853 -3
      vertex -15.8321 -102.714 -3
    endloop
  endfacet
  facet normal 0 0 -1
    outer loop
      vertex -16.1794 -103.316 -3
      vertex -15.8975 -103.419 -3
      vertex -15.9421 -103.56 -3
    endloop
  endfacet
  facet normal 0 0 -1
    outer loop
      vertex -16.2319 -103.482 -3
      vertex -15.9421 -103.56 -3
      vertex -15.9742 -103.705 -3
    endloop
  endfacet
  facet normal 0 0 -1
    outer loop
      vertex -16.2696 -103.653 -3
      vertex -15.9742 -103.705 -3
      vertex -15.9935 -103.852 -3
    endloop
  endfacet
  facet normal 0 0 -1
    outer loop
      vertex -15.7722 -103.15 -3
      vertex -16.0321 -103 -3
      vertex -15.9383 -102.853 -3
    endloop
  endfacet
  facet normal 0 0 -1
    outer loop
      vertex -16.2924 -103.826 -3
      vertex -15.9935 -103.852 -3
      vertex -16 -104 -3
    endloop
  endfacet
  facet normal -0 0 -1
    outer loop
      vertex -15.9421 -104.44 -3
      vertex -16.2319 -104.518 -3
      vertex -15.9742 -104.295 -3
    endloop
  endfacet
  facet normal 0 0 -1
    outer loop
      vertex -16.2696 -104.347 -3
      vertex -15.9742 -104.295 -3
      vertex -16.2319 -104.518 -3
    endloop
  endfacet
  facet normal 0 0 -1
    outer loop
      vertex -15.8407 -103.282 -3
      vertex -16.1126 -103.155 -3
      vertex -16.0321 -103 -3
    endloop
  endfacet
  facet normal -0 0 -1
    outer loop
      vertex -15.9742 -104.295 -3
      vertex -16.2696 -104.347 -3
      vertex -15.9935 -104.148 -3
    endloop
  endfacet
  facet normal 0 0 -1
    outer loop
      vertex -15.8975 -103.419 -3
      vertex -16.1794 -103.316 -3
      vertex -16.1126 -103.155 -3
    endloop
  endfacet
  facet normal 0 0 -1
    outer loop
      vertex -16.2924 -104.174 -3
      vertex -15.9935 -104.148 -3
      vertex -16.2696 -104.347 -3
    endloop
  endfacet
  facet normal 0 0 -1
    outer loop
      vertex -15.9421 -103.56 -3
      vertex -16.2319 -103.482 -3
      vertex -16.1794 -103.316 -3
    endloop
  endfacet
  facet normal -0 0 -1
    outer loop
      vertex -15.9935 -104.148 -3
      vertex -16.2924 -104.174 -3
      vertex -16 -104 -3
    endloop
  endfacet
  facet normal 0 0 -1
    outer loop
      vertex -15.9742 -103.705 -3
      vertex -16.2696 -103.653 -3
      vertex -16.2319 -103.482 -3
    endloop
  endfacet
  facet normal 0 0 -1
    outer loop
      vertex -16.3 -104 -3
      vertex -16 -104 -3
      vertex -16.2924 -104.174 -3
    endloop
  endfacet
  facet normal 0 0 -1
    outer loop
      vertex -15.9935 -103.852 -3
      vertex -16.2924 -103.826 -3
      vertex -16.2696 -103.653 -3
    endloop
  endfacet
  facet normal 0 0 -1
    outer loop
      vertex -16 -104 -3
      vertex -16.3 -104 -3
      vertex -16.2924 -103.826 -3
    endloop
  endfacet
  facet normal 0.463622 -0.886033 0
    outer loop
      vertex -15.3 -102.268 -7.8
      vertex -15.1452 -102.187 -3
      vertex -15.3 -102.268 -3
    endloop
  endfacet
  facet normal 0.463622 -0.886033 0
    outer loop
      vertex -15.1452 -102.187 -3
      vertex -15.3 -102.268 -7.8
      vertex -15.1452 -102.187 -7.8
    endloop
  endfacet
  facet normal -0.976548 0.215298 0
    outer loop
      vertex -12.3681 -104.518 -7.8
      vertex -12.3304 -104.347 -3
      vertex -12.3304 -104.347 -7.8
    endloop
  endfacet
  facet normal -0.976548 0.215298 0
    outer loop
      vertex -12.3304 -104.347 -3
      vertex -12.3681 -104.518 -7.8
      vertex -12.3681 -104.518 -3
    endloop
  endfacet
  facet normal -0.463622 0.886033 0
    outer loop
      vertex -13.3 -105.732 -7.8
      vertex -13.4548 -105.813 -3
      vertex -13.3 -105.732 -3
    endloop
  endfacet
  facet normal -0.463622 0.886033 0
    outer loop
      vertex -13.4548 -105.813 -3
      vertex -13.3 -105.732 -7.8
      vertex -13.4548 -105.813 -7.8
    endloop
  endfacet
  facet normal -0.538209 0.842812 0
    outer loop
      vertex -13.1528 -105.638 -7.8
      vertex -13.3 -105.732 -3
      vertex -13.1528 -105.638 -3
    endloop
  endfacet
  facet normal -0.538209 0.842812 0
    outer loop
      vertex -13.3 -105.732 -3
      vertex -13.1528 -105.638 -7.8
      vertex -13.3 -105.732 -7.8
    endloop
  endfacet
  facet normal -0.84326 0.537506 0
    outer loop
      vertex -12.6617 -105.147 -7.8
      vertex -12.568 -105 -3
      vertex -12.568 -105 -7.8
    endloop
  endfacet
  facet normal -0.84326 0.537506 0
    outer loop
      vertex -12.568 -105 -3
      vertex -12.6617 -105.147 -7.8
      vertex -12.6617 -105.147 -3
    endloop
  endfacet
  facet normal -0.0458496 0.998948 0
    outer loop
      vertex -14.1257 -105.992 -7.8
      vertex -14.3 -106 -3
      vertex -14.1257 -105.992 -3
    endloop
  endfacet
  facet normal -0.0458496 0.998948 0
    outer loop
      vertex -14.3 -106 -3
      vertex -14.1257 -105.992 -7.8
      vertex -14.3 -106 -7.8
    endloop
  endfacet
  facet normal 0.303487 0.952835 -0
    outer loop
      vertex -14.8176 -105.932 -7.8
      vertex -14.984 -105.879 -3
      vertex -14.8176 -105.932 -3
    endloop
  endfacet
  facet normal 0.303487 0.952835 0
    outer loop
      vertex -14.984 -105.879 -3
      vertex -14.8176 -105.932 -7.8
      vertex -14.984 -105.879 -7.8
    endloop
  endfacet
  facet normal 0.676088 0.736821 -0
    outer loop
      vertex -15.5856 -105.532 -7.8
      vertex -15.7142 -105.414 -3
      vertex -15.5856 -105.532 -3
    endloop
  endfacet
  facet normal 0.676088 0.736821 0
    outer loop
      vertex -15.7142 -105.414 -3
      vertex -15.5856 -105.532 -7.8
      vertex -15.7142 -105.414 -7.8
    endloop
  endfacet
  facet normal 0.794617 0.607111 0
    outer loop
      vertex -15.8321 -105.286 -3
      vertex -15.9383 -105.147 -7.8
      vertex -15.9383 -105.147 -3
    endloop
  endfacet
  facet normal 0.794617 0.607111 0
    outer loop
      vertex -15.9383 -105.147 -7.8
      vertex -15.8321 -105.286 -3
      vertex -15.8321 -105.286 -7.8
    endloop
  endfacet
  facet normal 0.976548 0.215298 0
    outer loop
      vertex -16.2319 -104.518 -3
      vertex -16.2696 -104.347 -7.8
      vertex -16.2696 -104.347 -3
    endloop
  endfacet
  facet normal 0.976548 0.215298 0
    outer loop
      vertex -16.2696 -104.347 -7.8
      vertex -16.2319 -104.518 -3
      vertex -16.2319 -104.518 -7.8
    endloop
  endfacet
  facet normal 0.923653 0.38323 0
    outer loop
      vertex -16.1126 -104.845 -3
      vertex -16.1794 -104.684 -7.8
      vertex -16.1794 -104.684 -3
    endloop
  endfacet
  facet normal 0.923653 0.38323 0
    outer loop
      vertex -16.1794 -104.684 -7.8
      vertex -16.1126 -104.845 -3
      vertex -16.1126 -104.845 -7.8
    endloop
  endfacet
  facet normal -0.73553 0.677492 0
    outer loop
      vertex -12.8858 -105.414 -7.8
      vertex -12.7679 -105.286 -3
      vertex -12.7679 -105.286 -7.8
    endloop
  endfacet
  facet normal -0.73553 0.677492 0
    outer loop
      vertex -12.7679 -105.286 -3
      vertex -12.8858 -105.414 -7.8
      vertex -12.8858 -105.414 -3
    endloop
  endfacet
  facet normal -0.676088 0.736821 0
    outer loop
      vertex -12.8858 -105.414 -7.8
      vertex -13.0144 -105.532 -3
      vertex -12.8858 -105.414 -3
    endloop
  endfacet
  facet normal -0.676088 0.736821 0
    outer loop
      vertex -13.0144 -105.532 -3
      vertex -12.8858 -105.414 -7.8
      vertex -13.0144 -105.532 -7.8
    endloop
  endfacet
  facet normal 0.126152 0.992011 -0
    outer loop
      vertex -14.4743 -105.992 -7.8
      vertex -14.6473 -105.97 -3
      vertex -14.4743 -105.992 -3
    endloop
  endfacet
  facet normal 0.126152 0.992011 0
    outer loop
      vertex -14.6473 -105.97 -3
      vertex -14.4743 -105.992 -7.8
      vertex -14.6473 -105.97 -7.8
    endloop
  endfacet
  facet normal 0.608046 0.793902 -0
    outer loop
      vertex -15.4472 -105.638 -7.8
      vertex -15.5856 -105.532 -3
      vertex -15.4472 -105.638 -3
    endloop
  endfacet
  facet normal 0.608046 0.793902 0
    outer loop
      vertex -15.5856 -105.532 -3
      vertex -15.4472 -105.638 -7.8
      vertex -15.5856 -105.532 -7.8
    endloop
  endfacet
  facet normal 0.21778 0.975998 -0
    outer loop
      vertex -14.6473 -105.97 -7.8
      vertex -14.8176 -105.932 -3
      vertex -14.6473 -105.97 -3
    endloop
  endfacet
  facet normal 0.21778 0.975998 0
    outer loop
      vertex -14.8176 -105.932 -3
      vertex -14.6473 -105.97 -7.8
      vertex -14.8176 -105.932 -7.8
    endloop
  endfacet
  facet normal 0.887451 0.460902 0
    outer loop
      vertex -16.0321 -105 -3
      vertex -16.1126 -104.845 -7.8
      vertex -16.1126 -104.845 -3
    endloop
  endfacet
  facet normal 0.887451 0.460902 0
    outer loop
      vertex -16.1126 -104.845 -7.8
      vertex -16.0321 -105 -3
      vertex -16.0321 -105 -7.8
    endloop
  endfacet
  facet normal -0.608046 0.793902 0
    outer loop
      vertex -13.0144 -105.532 -7.8
      vertex -13.1528 -105.638 -3
      vertex -13.0144 -105.532 -3
    endloop
  endfacet
  facet normal -0.608046 0.793902 0
    outer loop
      vertex -13.1528 -105.638 -3
      vertex -13.0144 -105.532 -7.8
      vertex -13.1528 -105.638 -7.8
    endloop
  endfacet
  facet normal 0.0458496 0.998948 -0
    outer loop
      vertex -14.3 -106 -7.8
      vertex -14.4743 -105.992 -3
      vertex -14.3 -106 -3
    endloop
  endfacet
  facet normal 0.0458496 0.998948 0
    outer loop
      vertex -14.4743 -105.992 -3
      vertex -14.3 -106 -7.8
      vertex -14.4743 -105.992 -7.8
    endloop
  endfacet
  facet normal 0.538209 0.842812 -0
    outer loop
      vertex -15.3 -105.732 -7.8
      vertex -15.4472 -105.638 -3
      vertex -15.3 -105.732 -3
    endloop
  endfacet
  facet normal 0.538209 0.842812 0
    outer loop
      vertex -15.4472 -105.638 -3
      vertex -15.3 -105.732 -7.8
      vertex -15.4472 -105.638 -7.8
    endloop
  endfacet
  facet normal 0.843 0.537914 0
    outer loop
      vertex -15.9383 -105.147 -3
      vertex -16.0321 -105 -7.8
      vertex -16.0321 -105 -3
    endloop
  endfacet
  facet normal 0.843 0.537914 0
    outer loop
      vertex -16.0321 -105 -7.8
      vertex -15.9383 -105.147 -3
      vertex -15.9383 -105.147 -7.8
    endloop
  endfacet
  facet normal 0.378901 0.925437 -0
    outer loop
      vertex -14.984 -105.879 -7.8
      vertex -15.1452 -105.813 -3
      vertex -14.984 -105.879 -3
    endloop
  endfacet
  facet normal 0.378901 0.925437 0
    outer loop
      vertex -15.1452 -105.813 -3
      vertex -14.984 -105.879 -7.8
      vertex -15.1452 -105.813 -7.8
    endloop
  endfacet
  facet normal 0.463622 0.886033 -0
    outer loop
      vertex -15.1452 -105.813 -7.8
      vertex -15.3 -105.732 -3
      vertex -15.1452 -105.813 -3
    endloop
  endfacet
  facet normal 0.463622 0.886033 0
    outer loop
      vertex -15.3 -105.732 -3
      vertex -15.1452 -105.813 -7.8
      vertex -15.3 -105.732 -7.8
    endloop
  endfacet
  facet normal -0.96065 -0.0423974 -0.274506
    outer loop
      vertex -11.965 -103.821 -9
      vertex -11.9571 -104 -9
      vertex -12.3 -104 -7.8
    endloop
  endfacet
  facet normal 0.96065 0.0423974 -0.274506
    outer loop
      vertex -16.3 -104 -7.8
      vertex -16.635 -104.179 -9
      vertex -16.6429 -104 -9
    endloop
  endfacet
  facet normal -0.917752 -0.286798 -0.274733
    outer loop
      vertex -12.037 -103.394 -9
      vertex -12.4206 -103.316 -7.8
      vertex -12.0445 -103.37 -9
    endloop
  endfacet
  facet normal -0.916895 -0.289982 -0.274252
    outer loop
      vertex -12.4206 -103.316 -7.8
      vertex -12.037 -103.394 -9
      vertex -12.3681 -103.482 -7.8
    endloop
  endfacet
  facet normal -0.852875 -0.444139 -0.27449
    outer loop
      vertex -12.2595 -102.851 -9
      vertex -12.1767 -103.01 -9
      vertex -12.4874 -103.155 -7.8
    endloop
  endfacet
  facet normal -0.369403 -0.887637 -0.275031
    outer loop
      vertex -13.4987 -101.798 -9
      vertex -13.3329 -101.867 -9
      vertex -13.616 -102.121 -7.8
    endloop
  endfacet
  facet normal 0.383451 -0.881938 -0.274136
    outer loop
      vertex -15.2671 -101.867 -9
      vertex -15.1452 -102.187 -7.8
      vertex -15.2901 -101.877 -9
    endloop
  endfacet
  facet normal 0.364365 -0.889934 -0.274329
    outer loop
      vertex -15.1452 -102.187 -7.8
      vertex -15.2671 -101.867 -9
      vertex -14.984 -102.121 -7.8
    endloop
  endfacet
  facet normal -0.888524 0.36772 -0.274421
    outer loop
      vertex -12.0984 -104.801 -9
      vertex -12.1671 -104.967 -9
      vertex -12.4206 -104.684 -7.8
    endloop
  endfacet
  facet normal -0.383451 0.881938 -0.274136
    outer loop
      vertex -13.3329 -106.133 -9
      vertex -13.4548 -105.813 -7.8
      vertex -13.3099 -106.123 -9
    endloop
  endfacet
  facet normal -0.364365 0.889934 -0.274329
    outer loop
      vertex -13.4548 -105.813 -7.8
      vertex -13.3329 -106.133 -9
      vertex -13.616 -105.879 -7.8
    endloop
  endfacet
  facet normal 0.584443 -0.763529 -0.274683
    outer loop
      vertex -15.6636 -102.096 -9
      vertex -15.5856 -102.468 -7.8
      vertex -15.806 -102.205 -9
    endloop
  endfacet
  facet normal 0.93903 -0.207026 -0.274525
    outer loop
      vertex -16.2696 -103.653 -7.8
      vertex -16.6019 -103.569 -9
      vertex -16.2319 -103.482 -7.8
    endloop
  endfacet
  facet normal 0.938118 -0.211077 -0.274556
    outer loop
      vertex -16.6019 -103.569 -9
      vertex -16.2696 -103.653 -7.8
      vertex -16.6073 -103.593 -9
    endloop
  endfacet
  facet normal 0.707288 0.651479 -0.274443
    outer loop
      vertex -15.7142 -105.414 -7.8
      vertex -15.9735 -105.638 -9
      vertex -15.8321 -105.286 -7.8
    endloop
  endfacet
  facet normal 0.720358 0.636949 -0.274555
    outer loop
      vertex -15.9735 -105.638 -9
      vertex -15.7142 -105.414 -7.8
      vertex -15.9567 -105.657 -9
    endloop
  endfacet
  facet normal 0.810669 -0.517284 -0.274286
    outer loop
      vertex -15.9383 -102.853 -7.8
      vertex -16.329 -102.829 -9
      vertex -16.3156 -102.808 -9
    endloop
  endfacet
  facet normal 0.810669 -0.517284 -0.274286
    outer loop
      vertex -16.329 -102.829 -9
      vertex -15.9383 -102.853 -7.8
      vertex -16.0321 -103 -7.8
    endloop
  endfacet
  facet normal -0.0440854 -0.96051 -0.27473
    outer loop
      vertex -14.1207 -101.665 -9
      vertex -14.1257 -102.008 -7.8
      vertex -14.3 -102 -7.8
    endloop
  endfacet
  facet normal -0.0385837 -0.960735 -0.274771
    outer loop
      vertex -14.1257 -102.008 -7.8
      vertex -14.1207 -101.665 -9
      vertex -14.0958 -101.666 -9
    endloop
  endfacet
  facet normal -0.518972 -0.80949 -0.27458
    outer loop
      vertex -13.1075 -101.984 -9
      vertex -12.9562 -102.081 -9
      vertex -13.1528 -102.362 -7.8
    endloop
  endfacet
  facet normal 0.444608 -0.852791 -0.273991
    outer loop
      vertex -15.2901 -101.877 -9
      vertex -15.1452 -102.187 -7.8
      vertex -15.4493 -101.96 -9
    endloop
  endfacet
  facet normal 0.0385837 -0.960735 -0.274771
    outer loop
      vertex -14.4793 -101.665 -9
      vertex -14.4743 -102.008 -7.8
      vertex -14.5042 -101.666 -9
    endloop
  endfacet
  facet normal 0.0440854 -0.96051 -0.27473
    outer loop
      vertex -14.4743 -102.008 -7.8
      vertex -14.4793 -101.665 -9
      vertex -14.3 -102 -7.8
    endloop
  endfacet
  facet normal -0.708355 -0.650399 -0.274252
    outer loop
      vertex -12.6265 -102.362 -9
      vertex -12.5053 -102.494 -9
      vertex -12.7679 -102.714 -7.8
    endloop
  endfacet
  facet normal -0.289208 0.916895 -0.275068
    outer loop
      vertex -13.616 -105.879 -7.8
      vertex -13.4987 -106.202 -9
      vertex -13.6699 -106.256 -9
    endloop
  endfacet
  facet normal -0.917125 0.289082 -0.274433
    outer loop
      vertex -12.0445 -104.63 -9
      vertex -12.0984 -104.801 -9
      vertex -12.4206 -104.684 -7.8
    endloop
  endfacet
  facet normal -0.96065 0.0423974 -0.274506
    outer loop
      vertex -11.9571 -104 -9
      vertex -11.965 -104.179 -9
      vertex -12.3 -104 -7.8
    endloop
  endfacet
  facet normal -0.812015 0.514989 -0.274623
    outer loop
      vertex -12.2844 -105.192 -9
      vertex -12.3808 -105.344 -9
      vertex -12.6617 -105.147 -7.8
    endloop
  endfacet
  facet normal -0.938728 0.208666 -0.274313
    outer loop
      vertex -11.9981 -104.431 -9
      vertex -12.037 -104.606 -9
      vertex -12.3681 -104.518 -7.8
    endloop
  endfacet
  facet normal 0.720358 -0.636949 -0.274555
    outer loop
      vertex -15.7142 -102.586 -7.8
      vertex -15.9735 -102.362 -9
      vertex -15.9567 -102.343 -9
    endloop
  endfacet
  facet normal 0.707288 -0.651479 -0.274443
    outer loop
      vertex -15.9735 -102.362 -9
      vertex -15.7142 -102.586 -7.8
      vertex -15.8321 -102.714 -7.8
    endloop
  endfacet
  facet normal 0.630982 -0.725629 -0.274451
    outer loop
      vertex -15.9383 -102.327 -9
      vertex -15.7142 -102.586 -7.8
      vertex -15.9567 -102.343 -9
    endloop
  endfacet
  facet normal 0.650147 -0.70855 -0.274344
    outer loop
      vertex -15.7142 -102.586 -7.8
      vertex -15.9383 -102.327 -9
      vertex -15.5856 -102.468 -7.8
    endloop
  endfacet
  facet normal 0.96065 -0.0423974 -0.274506
    outer loop
      vertex -16.635 -103.821 -9
      vertex -16.3 -104 -7.8
      vertex -16.6429 -104 -9
    endloop
  endfacet
  facet normal 0.960685 0.041961 -0.27445
    outer loop
      vertex -16.2924 -104.174 -7.8
      vertex -16.635 -104.179 -9
      vertex -16.3 -104 -7.8
    endloop
  endfacet
  facet normal 0.960672 0.0422696 -0.274448
    outer loop
      vertex -16.635 -104.179 -9
      vertex -16.2924 -104.174 -7.8
      vertex -16.6339 -104.204 -9
    endloop
  endfacet
  facet normal 0.916895 0.289982 -0.274252
    outer loop
      vertex -16.1794 -104.684 -7.8
      vertex -16.563 -104.606 -9
      vertex -16.2319 -104.518 -7.8
    endloop
  endfacet
  facet normal 0.917752 0.286798 -0.274733
    outer loop
      vertex -16.563 -104.606 -9
      vertex -16.1794 -104.684 -7.8
      vertex -16.5555 -104.63 -9
    endloop
  endfacet
  facet normal 0.887387 -0.370387 -0.274514
    outer loop
      vertex -16.1126 -103.155 -7.8
      vertex -16.4329 -103.033 -9
      vertex -16.4233 -103.01 -9
    endloop
  endfacet
  facet normal 0.888165 -0.368506 -0.274531
    outer loop
      vertex -16.4329 -103.033 -9
      vertex -16.1126 -103.155 -7.8
      vertex -16.1794 -103.316 -7.8
    endloop
  endfacet
  facet normal 0.765456 -0.581747 -0.275041
    outer loop
      vertex -15.8321 -102.714 -7.8
      vertex -16.2192 -102.656 -9
      vertex -16.204 -102.636 -9
    endloop
  endfacet
  facet normal 0.764052 -0.583758 -0.274685
    outer loop
      vertex -16.2192 -102.656 -9
      vertex -15.8321 -102.714 -7.8
      vertex -15.9383 -102.853 -7.8
    endloop
  endfacet
  facet normal 0.812015 -0.514989 -0.274623
    outer loop
      vertex -16.2192 -102.656 -9
      vertex -15.9383 -102.853 -7.8
      vertex -16.3156 -102.808 -9
    endloop
  endfacet
  facet normal 0.193055 0.942111 -0.274148
    outer loop
      vertex -14.7312 -106.302 -9
      vertex -14.6473 -105.97 -7.8
      vertex -14.7068 -106.307 -9
    endloop
  endfacet
  facet normal 0.209426 0.93856 -0.274311
    outer loop
      vertex -14.6473 -105.97 -7.8
      vertex -14.7312 -106.302 -9
      vertex -14.8176 -105.932 -7.8
    endloop
  endfacet
  facet normal -0.289208 -0.916895 -0.275068
    outer loop
      vertex -13.4987 -101.798 -9
      vertex -13.616 -102.121 -7.8
      vertex -13.6699 -101.744 -9
    endloop
  endfacet
  facet normal -0.444608 -0.852791 -0.273991
    outer loop
      vertex -13.3099 -101.877 -9
      vertex -13.1507 -101.96 -9
      vertex -13.4548 -102.187 -7.8
    endloop
  endfacet
  facet normal -0.364365 -0.889934 -0.274329
    outer loop
      vertex -13.3329 -101.867 -9
      vertex -13.4548 -102.187 -7.8
      vertex -13.616 -102.121 -7.8
    endloop
  endfacet
  facet normal -0.383451 -0.881938 -0.274136
    outer loop
      vertex -13.4548 -102.187 -7.8
      vertex -13.3329 -101.867 -9
      vertex -13.3099 -101.877 -9
    endloop
  endfacet
  facet normal 0.651842 -0.706875 -0.274645
    outer loop
      vertex -15.806 -102.205 -9
      vertex -15.5856 -102.468 -7.8
      vertex -15.9383 -102.327 -9
    endloop
  endfacet
  facet normal 0.428504 -0.860904 -0.274278
    outer loop
      vertex -15.4493 -101.96 -9
      vertex -15.3 -102.268 -7.8
      vertex -15.4714 -101.971 -9
    endloop
  endfacet
  facet normal 0.445856 -0.852081 -0.274173
    outer loop
      vertex -15.3 -102.268 -7.8
      vertex -15.4493 -101.96 -9
      vertex -15.1452 -102.187 -7.8
    endloop
  endfacet
  facet normal 0.504061 -0.81813 -0.276739
    outer loop
      vertex -15.4714 -101.971 -9
      vertex -15.4472 -102.362 -7.8
      vertex -15.4925 -101.984 -9
    endloop
  endfacet
  facet normal 0.517534 -0.810436 -0.274504
    outer loop
      vertex -15.4472 -102.362 -7.8
      vertex -15.4714 -101.971 -9
      vertex -15.3 -102.268 -7.8
    endloop
  endfacet
  facet normal 0.518972 -0.80949 -0.27458
    outer loop
      vertex -15.4925 -101.984 -9
      vertex -15.4472 -102.362 -7.8
      vertex -15.6438 -102.081 -9
    endloop
  endfacet
  facet normal 0.272156 -0.921443 -0.277262
    outer loop
      vertex -14.9064 -101.737 -9
      vertex -14.984 -102.121 -7.8
      vertex -14.9301 -101.744 -9
    endloop
  endfacet
  facet normal 0.291844 -0.916279 -0.274337
    outer loop
      vertex -14.984 -102.121 -7.8
      vertex -14.9064 -101.737 -9
      vertex -14.8176 -102.068 -7.8
    endloop
  endfacet
  facet normal 0.208946 -0.938649 -0.274373
    outer loop
      vertex -14.7312 -101.698 -9
      vertex -14.8176 -102.068 -7.8
      vertex -14.9064 -101.737 -9
    endloop
  endfacet
  facet normal -0.762043 -0.586559 -0.274296
    outer loop
      vertex -12.5053 -102.494 -9
      vertex -12.396 -102.636 -9
      vertex -12.7679 -102.714 -7.8
    endloop
  endfacet
  facet normal -0.718481 -0.63907 -0.274545
    outer loop
      vertex -12.6265 -102.362 -9
      vertex -12.8858 -102.586 -7.8
      vertex -12.6434 -102.343 -9
    endloop
  endfacet
  facet normal -0.707288 -0.651479 -0.274443
    outer loop
      vertex -12.8858 -102.586 -7.8
      vertex -12.6265 -102.362 -9
      vertex -12.7679 -102.714 -7.8
    endloop
  endfacet
  facet normal -0.651842 -0.706875 -0.274645
    outer loop
      vertex -12.794 -102.205 -9
      vertex -12.6617 -102.327 -9
      vertex -13.0144 -102.468 -7.8
    endloop
  endfacet
  facet normal -0.938728 -0.208666 -0.274313
    outer loop
      vertex -12.037 -103.394 -9
      vertex -11.9981 -103.569 -9
      vertex -12.3681 -103.482 -7.8
    endloop
  endfacet
  facet normal -0.887387 -0.370387 -0.274514
    outer loop
      vertex -12.1671 -103.033 -9
      vertex -12.4874 -103.155 -7.8
      vertex -12.1767 -103.01 -9
    endloop
  endfacet
  facet normal -0.888165 -0.368506 -0.274531
    outer loop
      vertex -12.4874 -103.155 -7.8
      vertex -12.1671 -103.033 -9
      vertex -12.4206 -103.316 -7.8
    endloop
  endfacet
  facet normal -0.810669 -0.517284 -0.274286
    outer loop
      vertex -12.271 -102.829 -9
      vertex -12.6617 -102.853 -7.8
      vertex -12.2844 -102.808 -9
    endloop
  endfacet
  facet normal -0.810903 -0.516882 -0.274354
    outer loop
      vertex -12.6617 -102.853 -7.8
      vertex -12.271 -102.829 -9
      vertex -12.568 -103 -7.8
    endloop
  endfacet
  facet normal -0.369403 0.887637 -0.275031
    outer loop
      vertex -13.3329 -106.133 -9
      vertex -13.4987 -106.202 -9
      vertex -13.616 -105.879 -7.8
    endloop
  endfacet
  facet normal -0.852875 0.444139 -0.27449
    outer loop
      vertex -12.1767 -104.99 -9
      vertex -12.2595 -105.149 -9
      vertex -12.4874 -104.845 -7.8
    endloop
  endfacet
  facet normal -0.444608 0.852791 -0.273991
    outer loop
      vertex -13.1507 -106.04 -9
      vertex -13.3099 -106.123 -9
      vertex -13.4548 -105.813 -7.8
    endloop
  endfacet
  facet normal -0.651842 0.706875 -0.274645
    outer loop
      vertex -12.6617 -105.673 -9
      vertex -12.794 -105.795 -9
      vertex -13.0144 -105.532 -7.8
    endloop
  endfacet
  facet normal -0.960685 0.041961 -0.27445
    outer loop
      vertex -11.965 -104.179 -9
      vertex -12.3076 -104.174 -7.8
      vertex -12.3 -104 -7.8
    endloop
  endfacet
  facet normal -0.960672 0.0422696 -0.274448
    outer loop
      vertex -12.3076 -104.174 -7.8
      vertex -11.965 -104.179 -9
      vertex -11.9661 -104.204 -9
    endloop
  endfacet
  facet normal 0.953367 -0.12533 -0.27456
    outer loop
      vertex -16.6073 -103.593 -9
      vertex -16.2696 -103.653 -7.8
      vertex -16.6307 -103.771 -9
    endloop
  endfacet
  facet normal 0.938118 0.211077 -0.274556
    outer loop
      vertex -16.2696 -104.347 -7.8
      vertex -16.6019 -104.431 -9
      vertex -16.6073 -104.407 -9
    endloop
  endfacet
  facet normal 0.93903 0.207026 -0.274525
    outer loop
      vertex -16.6019 -104.431 -9
      vertex -16.2696 -104.347 -7.8
      vertex -16.2319 -104.518 -7.8
    endloop
  endfacet
  facet normal 0.938728 0.208666 -0.274313
    outer loop
      vertex -16.2319 -104.518 -7.8
      vertex -16.563 -104.606 -9
      vertex -16.6019 -104.431 -9
    endloop
  endfacet
  facet normal 0.852225 -0.445481 -0.274336
    outer loop
      vertex -16.0321 -103 -7.8
      vertex -16.3405 -102.851 -9
      vertex -16.329 -102.829 -9
    endloop
  endfacet
  facet normal 0.853398 -0.443216 -0.274356
    outer loop
      vertex -16.3405 -102.851 -9
      vertex -16.0321 -103 -7.8
      vertex -16.1126 -103.155 -7.8
    endloop
  endfacet
  facet normal 0.852875 -0.444139 -0.27449
    outer loop
      vertex -16.3405 -102.851 -9
      vertex -16.1126 -103.155 -7.8
      vertex -16.4233 -103.01 -9
    endloop
  endfacet
  facet normal 0.708355 -0.650399 -0.274252
    outer loop
      vertex -15.9735 -102.362 -9
      vertex -15.8321 -102.714 -7.8
      vertex -16.0947 -102.494 -9
    endloop
  endfacet
  facet normal 0.762043 -0.586559 -0.274296
    outer loop
      vertex -16.0947 -102.494 -9
      vertex -15.8321 -102.714 -7.8
      vertex -16.204 -102.636 -9
    endloop
  endfacet
  facet normal 0.517534 0.810436 -0.274504
    outer loop
      vertex -15.4714 -106.029 -9
      vertex -15.4472 -105.638 -7.8
      vertex -15.3 -105.732 -7.8
    endloop
  endfacet
  facet normal 0.504061 0.81813 -0.276739
    outer loop
      vertex -15.4472 -105.638 -7.8
      vertex -15.4714 -106.029 -9
      vertex -15.4925 -106.016 -9
    endloop
  endfacet
  facet normal 0.444608 0.852791 -0.273991
    outer loop
      vertex -15.1452 -105.813 -7.8
      vertex -15.2901 -106.123 -9
      vertex -15.4493 -106.04 -9
    endloop
  endfacet
  facet normal 0.0428605 0.96061 -0.274574
    outer loop
      vertex -14.3 -106 -7.8
      vertex -14.3 -106.343 -9
      vertex -14.4793 -106.335 -9
    endloop
  endfacet
  facet normal 0.58468 0.763394 -0.274552
    outer loop
      vertex -15.6438 -105.919 -9
      vertex -15.5856 -105.532 -7.8
      vertex -15.4472 -105.638 -7.8
    endloop
  endfacet
  facet normal 0.580526 0.766295 -0.275285
    outer loop
      vertex -15.5856 -105.532 -7.8
      vertex -15.6438 -105.919 -9
      vertex -15.6636 -105.904 -9
    endloop
  endfacet
  facet normal -0.193055 -0.942111 -0.274148
    outer loop
      vertex -13.8688 -101.698 -9
      vertex -13.9527 -102.03 -7.8
      vertex -13.8932 -101.693 -9
    endloop
  endfacet
  facet normal -0.209426 -0.93856 -0.274311
    outer loop
      vertex -13.9527 -102.03 -7.8
      vertex -13.8688 -101.698 -9
      vertex -13.7824 -102.068 -7.8
    endloop
  endfacet
  facet normal -0.128578 -0.953086 -0.274034
    outer loop
      vertex -13.8932 -101.693 -9
      vertex -13.9527 -102.03 -7.8
      vertex -14.0711 -101.669 -9
    endloop
  endfacet
  facet normal 0.0428605 -0.96061 -0.274574
    outer loop
      vertex -14.3 -101.657 -9
      vertex -14.3 -102 -7.8
      vertex -14.4793 -101.665 -9
    endloop
  endfacet
  facet normal -0.0428605 -0.96061 -0.274574
    outer loop
      vertex -14.3 -101.657 -9
      vertex -14.1207 -101.665 -9
      vertex -14.3 -102 -7.8
    endloop
  endfacet
  facet normal 0.121289 -0.953775 -0.27496
    outer loop
      vertex -14.5289 -101.669 -9
      vertex -14.4743 -102.008 -7.8
      vertex -14.6473 -102.03 -7.8
    endloop
  endfacet
  facet normal 0.115926 -0.954456 -0.274908
    outer loop
      vertex -14.4743 -102.008 -7.8
      vertex -14.5289 -101.669 -9
      vertex -14.5042 -101.666 -9
    endloop
  endfacet
  facet normal -0.445856 -0.852081 -0.274173
    outer loop
      vertex -13.1507 -101.96 -9
      vertex -13.3 -102.268 -7.8
      vertex -13.4548 -102.187 -7.8
    endloop
  endfacet
  facet normal -0.428504 -0.860904 -0.274278
    outer loop
      vertex -13.3 -102.268 -7.8
      vertex -13.1507 -101.96 -9
      vertex -13.1286 -101.971 -9
    endloop
  endfacet
  facet normal -0.584443 -0.763529 -0.274683
    outer loop
      vertex -12.9364 -102.096 -9
      vertex -12.794 -102.205 -9
      vertex -13.0144 -102.468 -7.8
    endloop
  endfacet
  facet normal 0.580526 -0.766295 -0.275285
    outer loop
      vertex -15.6438 -102.081 -9
      vertex -15.5856 -102.468 -7.8
      vertex -15.6636 -102.096 -9
    endloop
  endfacet
  facet normal 0.58468 -0.763394 -0.274552
    outer loop
      vertex -15.5856 -102.468 -7.8
      vertex -15.6438 -102.081 -9
      vertex -15.4472 -102.362 -7.8
    endloop
  endfacet
  facet normal 0.289208 -0.916895 -0.275068
    outer loop
      vertex -14.9301 -101.744 -9
      vertex -14.984 -102.121 -7.8
      vertex -15.1013 -101.798 -9
    endloop
  endfacet
  facet normal 0.369403 -0.887637 -0.275031
    outer loop
      vertex -15.1013 -101.798 -9
      vertex -14.984 -102.121 -7.8
      vertex -15.2671 -101.867 -9
    endloop
  endfacet
  facet normal -0.58468 -0.763394 -0.274552
    outer loop
      vertex -12.9562 -102.081 -9
      vertex -13.0144 -102.468 -7.8
      vertex -13.1528 -102.362 -7.8
    endloop
  endfacet
  facet normal -0.580526 -0.766295 -0.275285
    outer loop
      vertex -13.0144 -102.468 -7.8
      vertex -12.9562 -102.081 -9
      vertex -12.9364 -102.096 -9
    endloop
  endfacet
  facet normal -0.938118 -0.211077 -0.274556
    outer loop
      vertex -12.3304 -103.653 -7.8
      vertex -11.9981 -103.569 -9
      vertex -11.9927 -103.593 -9
    endloop
  endfacet
  facet normal -0.93903 -0.207026 -0.274525
    outer loop
      vertex -11.9981 -103.569 -9
      vertex -12.3304 -103.653 -7.8
      vertex -12.3681 -103.482 -7.8
    endloop
  endfacet
  facet normal -0.960672 -0.0422696 -0.274448
    outer loop
      vertex -11.965 -103.821 -9
      vertex -12.3076 -103.826 -7.8
      vertex -11.9661 -103.796 -9
    endloop
  endfacet
  facet normal -0.960685 -0.041961 -0.27445
    outer loop
      vertex -12.3076 -103.826 -7.8
      vertex -11.965 -103.821 -9
      vertex -12.3 -104 -7.8
    endloop
  endfacet
  facet normal -0.953808 -0.122087 -0.27449
    outer loop
      vertex -12.3076 -103.826 -7.8
      vertex -11.9693 -103.771 -9
      vertex -11.9661 -103.796 -9
    endloop
  endfacet
  facet normal -0.953338 -0.125642 -0.27452
    outer loop
      vertex -11.9693 -103.771 -9
      vertex -12.3076 -103.826 -7.8
      vertex -12.3304 -103.653 -7.8
    endloop
  endfacet
  facet normal -0.953367 -0.12533 -0.27456
    outer loop
      vertex -11.9927 -103.593 -9
      vertex -11.9693 -103.771 -9
      vertex -12.3304 -103.653 -7.8
    endloop
  endfacet
  facet normal -0.888524 -0.36772 -0.274421
    outer loop
      vertex -12.1671 -103.033 -9
      vertex -12.0984 -103.199 -9
      vertex -12.4206 -103.316 -7.8
    endloop
  endfacet
  facet normal -0.917125 -0.289082 -0.274433
    outer loop
      vertex -12.0984 -103.199 -9
      vertex -12.0445 -103.37 -9
      vertex -12.4206 -103.316 -7.8
    endloop
  endfacet
  facet normal -0.852208 -0.445472 -0.274401
    outer loop
      vertex -12.2595 -102.851 -9
      vertex -12.568 -103 -7.8
      vertex -12.271 -102.829 -9
    endloop
  endfacet
  facet normal -0.853157 -0.443642 -0.274418
    outer loop
      vertex -12.568 -103 -7.8
      vertex -12.2595 -102.851 -9
      vertex -12.4874 -103.155 -7.8
    endloop
  endfacet
  facet normal -0.812015 -0.514989 -0.274623
    outer loop
      vertex -12.3808 -102.656 -9
      vertex -12.2844 -102.808 -9
      vertex -12.6617 -102.853 -7.8
    endloop
  endfacet
  facet normal -0.765456 -0.581747 -0.275041
    outer loop
      vertex -12.3808 -102.656 -9
      vertex -12.7679 -102.714 -7.8
      vertex -12.396 -102.636 -9
    endloop
  endfacet
  facet normal -0.764052 -0.583758 -0.274685
    outer loop
      vertex -12.7679 -102.714 -7.8
      vertex -12.3808 -102.656 -9
      vertex -12.6617 -102.853 -7.8
    endloop
  endfacet
  facet normal -0.0428605 0.96061 -0.274574
    outer loop
      vertex -14.3 -106 -7.8
      vertex -14.1207 -106.335 -9
      vertex -14.3 -106.343 -9
    endloop
  endfacet
  facet normal -0.121289 0.953775 -0.27496
    outer loop
      vertex -14.0711 -106.331 -9
      vertex -14.1257 -105.992 -7.8
      vertex -13.9527 -105.97 -7.8
    endloop
  endfacet
  facet normal -0.115926 0.954456 -0.274908
    outer loop
      vertex -14.1257 -105.992 -7.8
      vertex -14.0711 -106.331 -9
      vertex -14.0958 -106.334 -9
    endloop
  endfacet
  facet normal -0.128578 0.953086 -0.274034
    outer loop
      vertex -13.9527 -105.97 -7.8
      vertex -13.8932 -106.307 -9
      vertex -14.0711 -106.331 -9
    endloop
  endfacet
  facet normal -0.888165 0.368506 -0.274531
    outer loop
      vertex -12.1671 -104.967 -9
      vertex -12.4874 -104.845 -7.8
      vertex -12.4206 -104.684 -7.8
    endloop
  endfacet
  facet normal -0.887387 0.370387 -0.274514
    outer loop
      vertex -12.4874 -104.845 -7.8
      vertex -12.1671 -104.967 -9
      vertex -12.1767 -104.99 -9
    endloop
  endfacet
  facet normal -0.580526 0.766295 -0.275285
    outer loop
      vertex -12.9562 -105.919 -9
      vertex -13.0144 -105.532 -7.8
      vertex -12.9364 -105.904 -9
    endloop
  endfacet
  facet normal -0.58468 0.763394 -0.274552
    outer loop
      vertex -13.0144 -105.532 -7.8
      vertex -12.9562 -105.919 -9
      vertex -13.1528 -105.638 -7.8
    endloop
  endfacet
  facet normal -0.762043 0.586559 -0.274296
    outer loop
      vertex -12.396 -105.364 -9
      vertex -12.5053 -105.506 -9
      vertex -12.7679 -105.286 -7.8
    endloop
  endfacet
  facet normal -0.518972 0.80949 -0.27458
    outer loop
      vertex -12.9562 -105.919 -9
      vertex -13.1075 -106.016 -9
      vertex -13.1528 -105.638 -7.8
    endloop
  endfacet
  facet normal -0.584443 0.763529 -0.274683
    outer loop
      vertex -12.794 -105.795 -9
      vertex -12.9364 -105.904 -9
      vertex -13.0144 -105.532 -7.8
    endloop
  endfacet
  facet normal 0.953338 -0.125642 -0.27452
    outer loop
      vertex -16.2924 -103.826 -7.8
      vertex -16.6307 -103.771 -9
      vertex -16.2696 -103.653 -7.8
    endloop
  endfacet
  facet normal 0.953808 -0.122087 -0.27449
    outer loop
      vertex -16.6307 -103.771 -9
      vertex -16.2924 -103.826 -7.8
      vertex -16.6339 -103.796 -9
    endloop
  endfacet
  facet normal 0.960672 -0.0422696 -0.274448
    outer loop
      vertex -16.2924 -103.826 -7.8
      vertex -16.635 -103.821 -9
      vertex -16.6339 -103.796 -9
    endloop
  endfacet
  facet normal 0.960685 -0.041961 -0.27445
    outer loop
      vertex -16.635 -103.821 -9
      vertex -16.2924 -103.826 -7.8
      vertex -16.3 -104 -7.8
    endloop
  endfacet
  facet normal 0.764052 0.583758 -0.274685
    outer loop
      vertex -15.8321 -105.286 -7.8
      vertex -16.2192 -105.344 -9
      vertex -15.9383 -105.147 -7.8
    endloop
  endfacet
  facet normal 0.765456 0.581747 -0.275041
    outer loop
      vertex -16.2192 -105.344 -9
      vertex -15.8321 -105.286 -7.8
      vertex -16.204 -105.364 -9
    endloop
  endfacet
  facet normal 0.852875 0.444139 -0.27449
    outer loop
      vertex -16.1126 -104.845 -7.8
      vertex -16.3405 -105.149 -9
      vertex -16.4233 -104.99 -9
    endloop
  endfacet
  facet normal 0.888165 0.368506 -0.274531
    outer loop
      vertex -16.1126 -104.845 -7.8
      vertex -16.4329 -104.967 -9
      vertex -16.1794 -104.684 -7.8
    endloop
  endfacet
  facet normal 0.887387 0.370387 -0.274514
    outer loop
      vertex -16.4329 -104.967 -9
      vertex -16.1126 -104.845 -7.8
      vertex -16.4233 -104.99 -9
    endloop
  endfacet
  facet normal 0.917752 -0.286798 -0.274733
    outer loop
      vertex -16.1794 -103.316 -7.8
      vertex -16.563 -103.394 -9
      vertex -16.5555 -103.37 -9
    endloop
  endfacet
  facet normal 0.916895 -0.289982 -0.274252
    outer loop
      vertex -16.563 -103.394 -9
      vertex -16.1794 -103.316 -7.8
      vertex -16.2319 -103.482 -7.8
    endloop
  endfacet
  facet normal 0.938728 -0.208666 -0.274313
    outer loop
      vertex -16.563 -103.394 -9
      vertex -16.2319 -103.482 -7.8
      vertex -16.6019 -103.569 -9
    endloop
  endfacet
  facet normal 0.917125 -0.289082 -0.274433
    outer loop
      vertex -16.5016 -103.199 -9
      vertex -16.1794 -103.316 -7.8
      vertex -16.5555 -103.37 -9
    endloop
  endfacet
  facet normal 0.888524 -0.36772 -0.274421
    outer loop
      vertex -16.4329 -103.033 -9
      vertex -16.1794 -103.316 -7.8
      vertex -16.5016 -103.199 -9
    endloop
  endfacet
  facet normal 0.445856 0.852081 -0.274173
    outer loop
      vertex -15.4493 -106.04 -9
      vertex -15.3 -105.732 -7.8
      vertex -15.1452 -105.813 -7.8
    endloop
  endfacet
  facet normal 0.428504 0.860904 -0.274278
    outer loop
      vertex -15.3 -105.732 -7.8
      vertex -15.4493 -106.04 -9
      vertex -15.4714 -106.029 -9
    endloop
  endfacet
  facet normal 0.651842 0.706875 -0.274645
    outer loop
      vertex -15.5856 -105.532 -7.8
      vertex -15.806 -105.795 -9
      vertex -15.9383 -105.673 -9
    endloop
  endfacet
  facet normal 0.584443 0.763529 -0.274683
    outer loop
      vertex -15.5856 -105.532 -7.8
      vertex -15.6636 -105.904 -9
      vertex -15.806 -105.795 -9
    endloop
  endfacet
  facet normal 0.518972 0.80949 -0.27458
    outer loop
      vertex -15.4472 -105.638 -7.8
      vertex -15.4925 -106.016 -9
      vertex -15.6438 -105.919 -9
    endloop
  endfacet
  facet normal 0.208946 0.938649 -0.274373
    outer loop
      vertex -14.8176 -105.932 -7.8
      vertex -14.7312 -106.302 -9
      vertex -14.9064 -106.263 -9
    endloop
  endfacet
  facet normal 0.291844 0.916279 -0.274337
    outer loop
      vertex -14.9064 -106.263 -9
      vertex -14.984 -105.879 -7.8
      vertex -14.8176 -105.932 -7.8
    endloop
  endfacet
  facet normal 0.272156 0.921443 -0.277262
    outer loop
      vertex -14.984 -105.879 -7.8
      vertex -14.9064 -106.263 -9
      vertex -14.9301 -106.256 -9
    endloop
  endfacet
  facet normal -0.115926 -0.954456 -0.274908
    outer loop
      vertex -14.0711 -101.669 -9
      vertex -14.1257 -102.008 -7.8
      vertex -14.0958 -101.666 -9
    endloop
  endfacet
  facet normal -0.121289 -0.953775 -0.27496
    outer loop
      vertex -14.1257 -102.008 -7.8
      vertex -14.0711 -101.669 -9
      vertex -13.9527 -102.03 -7.8
    endloop
  endfacet
  facet normal -0.291844 -0.916279 -0.274337
    outer loop
      vertex -13.6936 -101.737 -9
      vertex -13.616 -102.121 -7.8
      vertex -13.7824 -102.068 -7.8
    endloop
  endfacet
  facet normal -0.272156 -0.921443 -0.277262
    outer loop
      vertex -13.616 -102.121 -7.8
      vertex -13.6936 -101.737 -9
      vertex -13.6699 -101.744 -9
    endloop
  endfacet
  facet normal -0.208946 -0.938649 -0.274373
    outer loop
      vertex -13.6936 -101.737 -9
      vertex -13.7824 -102.068 -7.8
      vertex -13.8688 -101.698 -9
    endloop
  endfacet
  facet normal 0.128578 -0.953086 -0.274034
    outer loop
      vertex -14.5289 -101.669 -9
      vertex -14.6473 -102.03 -7.8
      vertex -14.7068 -101.693 -9
    endloop
  endfacet
  facet normal 0.209426 -0.93856 -0.274311
    outer loop
      vertex -14.7312 -101.698 -9
      vertex -14.6473 -102.03 -7.8
      vertex -14.8176 -102.068 -7.8
    endloop
  endfacet
  facet normal 0.193055 -0.942111 -0.274148
    outer loop
      vertex -14.6473 -102.03 -7.8
      vertex -14.7312 -101.698 -9
      vertex -14.7068 -101.693 -9
    endloop
  endfacet
  facet normal -0.517534 -0.810436 -0.274504
    outer loop
      vertex -13.1286 -101.971 -9
      vertex -13.1528 -102.362 -7.8
      vertex -13.3 -102.268 -7.8
    endloop
  endfacet
  facet normal -0.504061 -0.81813 -0.276739
    outer loop
      vertex -13.1528 -102.362 -7.8
      vertex -13.1286 -101.971 -9
      vertex -13.1075 -101.984 -9
    endloop
  endfacet
  facet normal -0.650147 -0.70855 -0.274344
    outer loop
      vertex -12.6617 -102.327 -9
      vertex -12.8858 -102.586 -7.8
      vertex -13.0144 -102.468 -7.8
    endloop
  endfacet
  facet normal -0.632939 -0.723924 -0.274448
    outer loop
      vertex -12.8858 -102.586 -7.8
      vertex -12.6617 -102.327 -9
      vertex -12.6434 -102.343 -9
    endloop
  endfacet
  facet normal -0.209426 0.93856 -0.274311
    outer loop
      vertex -13.8688 -106.302 -9
      vertex -13.9527 -105.97 -7.8
      vertex -13.7824 -105.932 -7.8
    endloop
  endfacet
  facet normal -0.193055 0.942111 -0.274148
    outer loop
      vertex -13.9527 -105.97 -7.8
      vertex -13.8688 -106.302 -9
      vertex -13.8932 -106.307 -9
    endloop
  endfacet
  facet normal -0.917752 0.286798 -0.274733
    outer loop
      vertex -12.4206 -104.684 -7.8
      vertex -12.037 -104.606 -9
      vertex -12.0445 -104.63 -9
    endloop
  endfacet
  facet normal -0.916895 0.289982 -0.274252
    outer loop
      vertex -12.037 -104.606 -9
      vertex -12.4206 -104.684 -7.8
      vertex -12.3681 -104.518 -7.8
    endloop
  endfacet
  facet normal -0.707288 0.651479 -0.274443
    outer loop
      vertex -12.6265 -105.638 -9
      vertex -12.8858 -105.414 -7.8
      vertex -12.7679 -105.286 -7.8
    endloop
  endfacet
  facet normal -0.718481 0.63907 -0.274545
    outer loop
      vertex -12.8858 -105.414 -7.8
      vertex -12.6265 -105.638 -9
      vertex -12.6434 -105.657 -9
    endloop
  endfacet
  facet normal -0.708355 0.650399 -0.274252
    outer loop
      vertex -12.5053 -105.506 -9
      vertex -12.6265 -105.638 -9
      vertex -12.7679 -105.286 -7.8
    endloop
  endfacet
  facet normal -0.764052 0.583758 -0.274685
    outer loop
      vertex -12.3808 -105.344 -9
      vertex -12.7679 -105.286 -7.8
      vertex -12.6617 -105.147 -7.8
    endloop
  endfacet
  facet normal -0.765456 0.581747 -0.275041
    outer loop
      vertex -12.7679 -105.286 -7.8
      vertex -12.3808 -105.344 -9
      vertex -12.396 -105.364 -9
    endloop
  endfacet
  facet normal -0.428504 0.860904 -0.274278
    outer loop
      vertex -13.1507 -106.04 -9
      vertex -13.3 -105.732 -7.8
      vertex -13.1286 -106.029 -9
    endloop
  endfacet
  facet normal -0.445856 0.852081 -0.274173
    outer loop
      vertex -13.3 -105.732 -7.8
      vertex -13.1507 -106.04 -9
      vertex -13.4548 -105.813 -7.8
    endloop
  endfacet
  facet normal -0.504061 0.81813 -0.276739
    outer loop
      vertex -13.1286 -106.029 -9
      vertex -13.1528 -105.638 -7.8
      vertex -13.1075 -106.016 -9
    endloop
  endfacet
  facet normal -0.517534 0.810436 -0.274504
    outer loop
      vertex -13.1528 -105.638 -7.8
      vertex -13.1286 -106.029 -9
      vertex -13.3 -105.732 -7.8
    endloop
  endfacet
  facet normal 0.953808 0.122087 -0.27449
    outer loop
      vertex -16.2924 -104.174 -7.8
      vertex -16.6307 -104.229 -9
      vertex -16.6339 -104.204 -9
    endloop
  endfacet
  facet normal 0.953338 0.125642 -0.27452
    outer loop
      vertex -16.6307 -104.229 -9
      vertex -16.2924 -104.174 -7.8
      vertex -16.2696 -104.347 -7.8
    endloop
  endfacet
  facet normal 0.953367 0.12533 -0.27456
    outer loop
      vertex -16.2696 -104.347 -7.8
      vertex -16.6073 -104.407 -9
      vertex -16.6307 -104.229 -9
    endloop
  endfacet
  facet normal 0.762043 0.586559 -0.274296
    outer loop
      vertex -15.8321 -105.286 -7.8
      vertex -16.0947 -105.506 -9
      vertex -16.204 -105.364 -9
    endloop
  endfacet
  facet normal 0.708355 0.650399 -0.274252
    outer loop
      vertex -15.8321 -105.286 -7.8
      vertex -15.9735 -105.638 -9
      vertex -16.0947 -105.506 -9
    endloop
  endfacet
  facet normal 0.917125 0.289082 -0.274433
    outer loop
      vertex -16.1794 -104.684 -7.8
      vertex -16.5016 -104.801 -9
      vertex -16.5555 -104.63 -9
    endloop
  endfacet
  facet normal 0.812015 0.514989 -0.274623
    outer loop
      vertex -15.9383 -105.147 -7.8
      vertex -16.2192 -105.344 -9
      vertex -16.3156 -105.192 -9
    endloop
  endfacet
  facet normal 0.810669 0.517284 -0.274286
    outer loop
      vertex -15.9383 -105.147 -7.8
      vertex -16.329 -105.171 -9
      vertex -16.0321 -105 -7.8
    endloop
  endfacet
  facet normal 0.810669 0.517284 -0.274286
    outer loop
      vertex -16.329 -105.171 -9
      vertex -15.9383 -105.147 -7.8
      vertex -16.3156 -105.192 -9
    endloop
  endfacet
  facet normal 0.853398 0.443216 -0.274356
    outer loop
      vertex -16.0321 -105 -7.8
      vertex -16.3405 -105.149 -9
      vertex -16.1126 -104.845 -7.8
    endloop
  endfacet
  facet normal 0.852225 0.445481 -0.274336
    outer loop
      vertex -16.3405 -105.149 -9
      vertex -16.0321 -105 -7.8
      vertex -16.329 -105.171 -9
    endloop
  endfacet
  facet normal 0.364365 0.889934 -0.274329
    outer loop
      vertex -15.2671 -106.133 -9
      vertex -15.1452 -105.813 -7.8
      vertex -14.984 -105.879 -7.8
    endloop
  endfacet
  facet normal 0.383451 0.881938 -0.274136
    outer loop
      vertex -15.1452 -105.813 -7.8
      vertex -15.2671 -106.133 -9
      vertex -15.2901 -106.123 -9
    endloop
  endfacet
  facet normal 0.650147 0.70855 -0.274344
    outer loop
      vertex -15.9383 -105.673 -9
      vertex -15.7142 -105.414 -7.8
      vertex -15.5856 -105.532 -7.8
    endloop
  endfacet
  facet normal 0.630982 0.725629 -0.274451
    outer loop
      vertex -15.7142 -105.414 -7.8
      vertex -15.9383 -105.673 -9
      vertex -15.9567 -105.657 -9
    endloop
  endfacet
  facet normal 0.128578 0.953086 -0.274034
    outer loop
      vertex -14.6473 -105.97 -7.8
      vertex -14.5289 -106.331 -9
      vertex -14.7068 -106.307 -9
    endloop
  endfacet
  facet normal -0.0385837 0.960735 -0.274771
    outer loop
      vertex -14.1207 -106.335 -9
      vertex -14.1257 -105.992 -7.8
      vertex -14.0958 -106.334 -9
    endloop
  endfacet
  facet normal -0.0440854 0.96051 -0.27473
    outer loop
      vertex -14.1257 -105.992 -7.8
      vertex -14.1207 -106.335 -9
      vertex -14.3 -106 -7.8
    endloop
  endfacet
  facet normal -0.208946 0.938649 -0.274373
    outer loop
      vertex -13.7824 -105.932 -7.8
      vertex -13.6936 -106.263 -9
      vertex -13.8688 -106.302 -9
    endloop
  endfacet
  facet normal -0.272156 0.921443 -0.277262
    outer loop
      vertex -13.6936 -106.263 -9
      vertex -13.616 -105.879 -7.8
      vertex -13.6699 -106.256 -9
    endloop
  endfacet
  facet normal -0.291844 0.916279 -0.274337
    outer loop
      vertex -13.616 -105.879 -7.8
      vertex -13.6936 -106.263 -9
      vertex -13.7824 -105.932 -7.8
    endloop
  endfacet
  facet normal -0.938118 0.211077 -0.274556
    outer loop
      vertex -11.9981 -104.431 -9
      vertex -12.3304 -104.347 -7.8
      vertex -11.9927 -104.407 -9
    endloop
  endfacet
  facet normal -0.93903 0.207026 -0.274525
    outer loop
      vertex -12.3304 -104.347 -7.8
      vertex -11.9981 -104.431 -9
      vertex -12.3681 -104.518 -7.8
    endloop
  endfacet
  facet normal -0.953367 0.12533 -0.27456
    outer loop
      vertex -11.9693 -104.229 -9
      vertex -11.9927 -104.407 -9
      vertex -12.3304 -104.347 -7.8
    endloop
  endfacet
  facet normal -0.632939 0.723924 -0.274448
    outer loop
      vertex -12.6617 -105.673 -9
      vertex -12.8858 -105.414 -7.8
      vertex -12.6434 -105.657 -9
    endloop
  endfacet
  facet normal -0.650147 0.70855 -0.274344
    outer loop
      vertex -12.8858 -105.414 -7.8
      vertex -12.6617 -105.673 -9
      vertex -13.0144 -105.532 -7.8
    endloop
  endfacet
  facet normal -0.810903 0.516882 -0.274354
    outer loop
      vertex -12.271 -105.171 -9
      vertex -12.6617 -105.147 -7.8
      vertex -12.568 -105 -7.8
    endloop
  endfacet
  facet normal -0.810669 0.517284 -0.274286
    outer loop
      vertex -12.6617 -105.147 -7.8
      vertex -12.271 -105.171 -9
      vertex -12.2844 -105.192 -9
    endloop
  endfacet
  facet normal -0.853157 0.443642 -0.274418
    outer loop
      vertex -12.2595 -105.149 -9
      vertex -12.568 -105 -7.8
      vertex -12.4874 -104.845 -7.8
    endloop
  endfacet
  facet normal -0.852208 0.445472 -0.274401
    outer loop
      vertex -12.568 -105 -7.8
      vertex -12.2595 -105.149 -9
      vertex -12.271 -105.171 -9
    endloop
  endfacet
  facet normal 0.888524 0.36772 -0.274421
    outer loop
      vertex -16.1794 -104.684 -7.8
      vertex -16.4329 -104.967 -9
      vertex -16.5016 -104.801 -9
    endloop
  endfacet
  facet normal 0.289208 0.916895 -0.275068
    outer loop
      vertex -14.984 -105.879 -7.8
      vertex -14.9301 -106.256 -9
      vertex -15.1013 -106.202 -9
    endloop
  endfacet
  facet normal 0.369403 0.887637 -0.275031
    outer loop
      vertex -14.984 -105.879 -7.8
      vertex -15.1013 -106.202 -9
      vertex -15.2671 -106.133 -9
    endloop
  endfacet
  facet normal 0.115926 0.954456 -0.274908
    outer loop
      vertex -14.5289 -106.331 -9
      vertex -14.4743 -105.992 -7.8
      vertex -14.5042 -106.334 -9
    endloop
  endfacet
  facet normal 0.121289 0.953775 -0.27496
    outer loop
      vertex -14.4743 -105.992 -7.8
      vertex -14.5289 -106.331 -9
      vertex -14.6473 -105.97 -7.8
    endloop
  endfacet
  facet normal 0.0440854 0.96051 -0.27473
    outer loop
      vertex -14.4793 -106.335 -9
      vertex -14.4743 -105.992 -7.8
      vertex -14.3 -106 -7.8
    endloop
  endfacet
  facet normal 0.0385837 0.960735 -0.274771
    outer loop
      vertex -14.4743 -105.992 -7.8
      vertex -14.4793 -106.335 -9
      vertex -14.5042 -106.334 -9
    endloop
  endfacet
  facet normal -0.953808 0.122087 -0.27449
    outer loop
      vertex -11.9693 -104.229 -9
      vertex -12.3076 -104.174 -7.8
      vertex -11.9661 -104.204 -9
    endloop
  endfacet
  facet normal -0.953338 0.125642 -0.27452
    outer loop
      vertex -12.3076 -104.174 -7.8
      vertex -11.9693 -104.229 -9
      vertex -12.3304 -104.347 -7.8
    endloop
  endfacet
  facet normal -0.887602 -0.460612 0
    outer loop
      vertex -12.7593 104.718 -3
      vertex -12.8278 104.85 -0.150001
      vertex -12.8278 104.85 -3
    endloop
  endfacet
  facet normal -0.887602 -0.460612 0
    outer loop
      vertex -12.8278 104.85 -0.150001
      vertex -12.7593 104.718 -3
      vertex -12.7593 104.718 -0.150001
    endloop
  endfacet
  facet normal -0.303259 -0.952908 0
    outer loop
      vertex -13.86 105.642 -3
      vertex -13.7186 105.597 -0.150001
      vertex -13.86 105.642 -0.150001
    endloop
  endfacet
  facet normal -0.303259 -0.952908 -0
    outer loop
      vertex -13.7186 105.597 -0.150001
      vertex -13.86 105.642 -3
      vertex -13.7186 105.597 -3
    endloop
  endfacet
  facet normal 0.378133 -0.925751 0
    outer loop
      vertex -15.0185 105.541 -3
      vertex -14.8814 105.597 -0.150001
      vertex -15.0185 105.541 -0.150001
    endloop
  endfacet
  facet normal 0.378133 -0.925751 0
    outer loop
      vertex -14.8814 105.597 -0.150001
      vertex -15.0185 105.541 -3
      vertex -14.8814 105.597 -3
    endloop
  endfacet
  facet normal 0.953439 -0.301584 0
    outer loop
      vertex -15.9421 104.44 -0.150001
      vertex -15.8975 104.581 -3
      vertex -15.8975 104.581 -0.150001
    endloop
  endfacet
  facet normal 0.953439 -0.301584 0
    outer loop
      vertex -15.8975 104.581 -3
      vertex -15.9421 104.44 -0.150001
      vertex -15.9421 104.44 -3
    endloop
  endfacet
  facet normal -0.999037 0.0438766 0
    outer loop
      vertex -12.6065 103.852 -3
      vertex -12.6 104 -0.150001
      vertex -12.6 104 -3
    endloop
  endfacet
  facet normal -0.999037 0.0438766 0
    outer loop
      vertex -12.6 104 -0.150001
      vertex -12.6065 103.852 -3
      vertex -12.6065 103.852 -0.150001
    endloop
  endfacet
  facet normal -0.378133 0.925751 0
    outer loop
      vertex -13.5815 102.459 -3
      vertex -13.7186 102.403 -0.150001
      vertex -13.5815 102.459 -0.150001
    endloop
  endfacet
  facet normal -0.378133 0.925751 0
    outer loop
      vertex -13.7186 102.403 -0.150001
      vertex -13.5815 102.459 -3
      vertex -13.7186 102.403 -3
    endloop
  endfacet
  facet normal 0.999037 0.0438766 0
    outer loop
      vertex -15.9935 103.852 -0.150001
      vertex -16 104 -3
      vertex -16 104 -0.150001
    endloop
  endfacet
  facet normal 0.999037 0.0438766 0
    outer loop
      vertex -16 104 -3
      vertex -15.9935 103.852 -0.150001
      vertex -15.9935 103.852 -3
    endloop
  endfacet
  facet normal 0.611983 -0.790871 0
    outer loop
      vertex -15.3927 105.302 -3
      vertex -15.2751 105.393 -0.150001
      vertex -15.3927 105.302 -0.150001
    endloop
  endfacet
  facet normal 0.611983 -0.790871 0
    outer loop
      vertex -15.2751 105.393 -0.150001
      vertex -15.3927 105.302 -3
      vertex -15.2751 105.393 -3
    endloop
  endfacet
  facet normal -0.991491 -0.130175 0
    outer loop
      vertex -12.6065 104.148 -3
      vertex -12.6258 104.295 -0.150001
      vertex -12.6258 104.295 -3
    endloop
  endfacet
  facet normal -0.991491 -0.130175 0
    outer loop
      vertex -12.6258 104.295 -0.150001
      vertex -12.6065 104.148 -3
      vertex -12.6065 104.148 -0.150001
    endloop
  endfacet
  facet normal -0.843495 -0.537137 0
    outer loop
      vertex -12.8278 104.85 -3
      vertex -12.9074 104.975 -0.150001
      vertex -12.9074 104.975 -3
    endloop
  endfacet
  facet normal -0.843495 -0.537137 0
    outer loop
      vertex -12.9074 104.975 -0.150001
      vertex -12.8278 104.85 -3
      vertex -12.8278 104.85 -0.150001
    endloop
  endfacet
  facet normal -0.674685 -0.738106 0
    outer loop
      vertex -13.2073 105.302 -3
      vertex -13.0979 105.202 -0.150001
      vertex -13.2073 105.302 -0.150001
    endloop
  endfacet
  facet normal -0.674685 -0.738106 -0
    outer loop
      vertex -13.0979 105.202 -0.150001
      vertex -13.2073 105.302 -3
      vertex -13.0979 105.202 -3
    endloop
  endfacet
  facet normal -0.7362 -0.676764 0
    outer loop
      vertex -12.9977 105.093 -3
      vertex -13.0979 105.202 -0.150001
      vertex -13.0979 105.202 -3
    endloop
  endfacet
  facet normal -0.7362 -0.676764 0
    outer loop
      vertex -13.0979 105.202 -0.150001
      vertex -12.9977 105.093 -3
      vertex -12.9977 105.093 -0.150001
    endloop
  endfacet
  facet normal 0.0404527 -0.999181 0
    outer loop
      vertex -14.4482 105.694 -3
      vertex -14.3 105.7 -0.150001
      vertex -14.4482 105.694 -0.150001
    endloop
  endfacet
  facet normal 0.0404527 -0.999181 0
    outer loop
      vertex -14.3 105.7 -0.150001
      vertex -14.4482 105.694 -3
      vertex -14.3 105.7 -3
    endloop
  endfacet
  facet normal -0.134812 -0.990871 0
    outer loop
      vertex -14.1518 105.694 -3
      vertex -14.0048 105.674 -0.150001
      vertex -14.1518 105.694 -0.150001
    endloop
  endfacet
  facet normal -0.134812 -0.990871 -0
    outer loop
      vertex -14.0048 105.674 -0.150001
      vertex -14.1518 105.694 -3
      vertex -14.0048 105.674 -3
    endloop
  endfacet
  facet normal -0.611983 -0.790871 0
    outer loop
      vertex -13.3249 105.393 -3
      vertex -13.2073 105.302 -0.150001
      vertex -13.3249 105.393 -0.150001
    endloop
  endfacet
  facet normal -0.611983 -0.790871 -0
    outer loop
      vertex -13.2073 105.302 -0.150001
      vertex -13.3249 105.393 -3
      vertex -13.2073 105.302 -3
    endloop
  endfacet
  facet normal -0.378133 -0.925751 0
    outer loop
      vertex -13.7186 105.597 -3
      vertex -13.5815 105.541 -0.150001
      vertex -13.7186 105.597 -0.150001
    endloop
  endfacet
  facet normal -0.378133 -0.925751 -0
    outer loop
      vertex -13.5815 105.541 -0.150001
      vertex -13.7186 105.597 -3
      vertex -13.5815 105.541 -3
    endloop
  endfacet
  facet normal 0.991491 -0.130175 0
    outer loop
      vertex -15.9935 104.148 -0.150001
      vertex -15.9742 104.295 -3
      vertex -15.9742 104.295 -0.150001
    endloop
  endfacet
  facet normal 0.991491 -0.130175 0
    outer loop
      vertex -15.9742 104.295 -3
      vertex -15.9935 104.148 -0.150001
      vertex -15.9935 104.148 -3
    endloop
  endfacet
  facet normal 0.794148 -0.607725 0
    outer loop
      vertex -15.6926 104.975 -0.150001
      vertex -15.6023 105.093 -3
      vertex -15.6023 105.093 -0.150001
    endloop
  endfacet
  facet normal 0.794148 -0.607725 0
    outer loop
      vertex -15.6023 105.093 -3
      vertex -15.6926 104.975 -0.150001
      vertex -15.6926 104.975 -3
    endloop
  endfacet
  facet normal 0.134812 -0.990871 0
    outer loop
      vertex -14.5952 105.674 -3
      vertex -14.4482 105.694 -0.150001
      vertex -14.5952 105.674 -0.150001
    endloop
  endfacet
  facet normal 0.134812 -0.990871 0
    outer loop
      vertex -14.4482 105.694 -0.150001
      vertex -14.5952 105.674 -3
      vertex -14.4482 105.694 -3
    endloop
  endfacet
  facet normal 0.303259 -0.952908 0
    outer loop
      vertex -14.8814 105.597 -3
      vertex -14.74 105.642 -0.150001
      vertex -14.8814 105.597 -0.150001
    endloop
  endfacet
  facet normal 0.303259 -0.952908 0
    outer loop
      vertex -14.74 105.642 -0.150001
      vertex -14.8814 105.597 -3
      vertex -14.74 105.642 -3
    endloop
  endfacet
  facet normal 0.215788 -0.97644 0
    outer loop
      vertex -14.74 105.642 -3
      vertex -14.5952 105.674 -0.150001
      vertex -14.74 105.642 -0.150001
    endloop
  endfacet
  facet normal 0.215788 -0.97644 0
    outer loop
      vertex -14.5952 105.674 -0.150001
      vertex -14.74 105.642 -3
      vertex -14.5952 105.674 -3
    endloop
  endfacet
  facet normal 0.464636 -0.885502 0
    outer loop
      vertex -15.15 105.472 -3
      vertex -15.0185 105.541 -0.150001
      vertex -15.15 105.472 -0.150001
    endloop
  endfacet
  facet normal 0.464636 -0.885502 0
    outer loop
      vertex -15.0185 105.541 -0.150001
      vertex -15.15 105.472 -3
      vertex -15.0185 105.541 -3
    endloop
  endfacet
  facet normal 0.533942 -0.845521 0
    outer loop
      vertex -15.2751 105.393 -3
      vertex -15.15 105.472 -0.150001
      vertex -15.2751 105.393 -0.150001
    endloop
  endfacet
  facet normal 0.533942 -0.845521 0
    outer loop
      vertex -15.15 105.472 -0.150001
      vertex -15.2751 105.393 -3
      vertex -15.15 105.472 -3
    endloop
  endfacet
  facet normal 0.7362 -0.676764 0
    outer loop
      vertex -15.6023 105.093 -0.150001
      vertex -15.5021 105.202 -3
      vertex -15.5021 105.202 -0.150001
    endloop
  endfacet
  facet normal 0.7362 -0.676764 0
    outer loop
      vertex -15.5021 105.202 -3
      vertex -15.6023 105.093 -0.150001
      vertex -15.6023 105.093 -3
    endloop
  endfacet
  facet normal -0.999037 -0.0438766 0
    outer loop
      vertex -12.6 104 -3
      vertex -12.6065 104.148 -0.150001
      vertex -12.6065 104.148 -3
    endloop
  endfacet
  facet normal -0.999037 -0.0438766 0
    outer loop
      vertex -12.6065 104.148 -0.150001
      vertex -12.6 104 -3
      vertex -12.6 104 -0.150001
    endloop
  endfacet
  facet normal 0.953439 0.301584 0
    outer loop
      vertex -15.8975 103.419 -0.150001
      vertex -15.9421 103.56 -3
      vertex -15.9421 103.56 -0.150001
    endloop
  endfacet
  facet normal 0.953439 0.301584 0
    outer loop
      vertex -15.9421 103.56 -3
      vertex -15.8975 103.419 -0.150001
      vertex -15.8975 103.419 -3
    endloop
  endfacet
  facet normal -0.923754 -0.382987 0
    outer loop
      vertex -12.7025 104.581 -3
      vertex -12.7593 104.718 -0.150001
      vertex -12.7593 104.718 -3
    endloop
  endfacet
  facet normal -0.923754 -0.382987 0
    outer loop
      vertex -12.7593 104.718 -0.150001
      vertex -12.7025 104.581 -3
      vertex -12.7025 104.581 -0.150001
    endloop
  endfacet
  facet normal -0.953439 -0.301584 0
    outer loop
      vertex -12.6579 104.44 -3
      vertex -12.7025 104.581 -0.150001
      vertex -12.7025 104.581 -3
    endloop
  endfacet
  facet normal -0.953439 -0.301584 0
    outer loop
      vertex -12.7025 104.581 -0.150001
      vertex -12.6579 104.44 -3
      vertex -12.6579 104.44 -0.150001
    endloop
  endfacet
  facet normal -0.976361 -0.216146 0
    outer loop
      vertex -12.6258 104.295 -3
      vertex -12.6579 104.44 -0.150001
      vertex -12.6579 104.44 -3
    endloop
  endfacet
  facet normal -0.976361 -0.216146 0
    outer loop
      vertex -12.6579 104.44 -0.150001
      vertex -12.6258 104.295 -3
      vertex -12.6258 104.295 -0.150001
    endloop
  endfacet
  facet normal -0.794148 -0.607725 0
    outer loop
      vertex -12.9074 104.975 -3
      vertex -12.9977 105.093 -0.150001
      vertex -12.9977 105.093 -3
    endloop
  endfacet
  facet normal -0.794148 -0.607725 0
    outer loop
      vertex -12.9977 105.093 -0.150001
      vertex -12.9074 104.975 -3
      vertex -12.9074 104.975 -0.150001
    endloop
  endfacet
  facet normal -0.0404527 -0.999181 0
    outer loop
      vertex -14.3 105.7 -3
      vertex -14.1518 105.694 -0.150001
      vertex -14.3 105.7 -0.150001
    endloop
  endfacet
  facet normal -0.0404527 -0.999181 -0
    outer loop
      vertex -14.1518 105.694 -0.150001
      vertex -14.3 105.7 -3
      vertex -14.1518 105.694 -3
    endloop
  endfacet
  facet normal -0.215788 -0.97644 0
    outer loop
      vertex -14.0048 105.674 -3
      vertex -13.86 105.642 -0.150001
      vertex -14.0048 105.674 -0.150001
    endloop
  endfacet
  facet normal -0.215788 -0.97644 -0
    outer loop
      vertex -13.86 105.642 -0.150001
      vertex -14.0048 105.674 -3
      vertex -13.86 105.642 -3
    endloop
  endfacet
  facet normal -0.533942 -0.845521 0
    outer loop
      vertex -13.45 105.472 -3
      vertex -13.3249 105.393 -0.150001
      vertex -13.45 105.472 -0.150001
    endloop
  endfacet
  facet normal -0.533942 -0.845521 -0
    outer loop
      vertex -13.3249 105.393 -0.150001
      vertex -13.45 105.472 -3
      vertex -13.3249 105.393 -3
    endloop
  endfacet
  facet normal -0.464636 -0.885502 0
    outer loop
      vertex -13.5815 105.541 -3
      vertex -13.45 105.472 -0.150001
      vertex -13.5815 105.541 -0.150001
    endloop
  endfacet
  facet normal -0.464636 -0.885502 -0
    outer loop
      vertex -13.45 105.472 -0.150001
      vertex -13.5815 105.541 -3
      vertex -13.45 105.472 -3
    endloop
  endfacet
  facet normal 0.999037 -0.0438766 0
    outer loop
      vertex -16 104 -0.150001
      vertex -15.9935 104.148 -3
      vertex -15.9935 104.148 -0.150001
    endloop
  endfacet
  facet normal 0.999037 -0.0438766 0
    outer loop
      vertex -15.9935 104.148 -3
      vertex -16 104 -0.150001
      vertex -16 104 -3
    endloop
  endfacet
  facet normal 0.976361 -0.216146 0
    outer loop
      vertex -15.9742 104.295 -0.150001
      vertex -15.9421 104.44 -3
      vertex -15.9421 104.44 -0.150001
    endloop
  endfacet
  facet normal 0.976361 -0.216146 0
    outer loop
      vertex -15.9421 104.44 -3
      vertex -15.9742 104.295 -0.150001
      vertex -15.9742 104.295 -3
    endloop
  endfacet
  facet normal 0.923754 -0.382987 0
    outer loop
      vertex -15.8975 104.581 -0.150001
      vertex -15.8407 104.718 -3
      vertex -15.8407 104.718 -0.150001
    endloop
  endfacet
  facet normal 0.923754 -0.382987 0
    outer loop
      vertex -15.8407 104.718 -3
      vertex -15.8975 104.581 -0.150001
      vertex -15.8975 104.581 -3
    endloop
  endfacet
  facet normal 0.843495 -0.537137 0
    outer loop
      vertex -15.7722 104.85 -0.150001
      vertex -15.6926 104.975 -3
      vertex -15.6926 104.975 -0.150001
    endloop
  endfacet
  facet normal 0.843495 -0.537137 0
    outer loop
      vertex -15.6926 104.975 -3
      vertex -15.7722 104.85 -0.150001
      vertex -15.7722 104.85 -3
    endloop
  endfacet
  facet normal 0.887602 -0.460612 0
    outer loop
      vertex -15.8407 104.718 -0.150001
      vertex -15.7722 104.85 -3
      vertex -15.7722 104.85 -0.150001
    endloop
  endfacet
  facet normal 0.887602 -0.460612 0
    outer loop
      vertex -15.7722 104.85 -3
      vertex -15.8407 104.718 -0.150001
      vertex -15.8407 104.718 -3
    endloop
  endfacet
  facet normal 0.674685 -0.738106 0
    outer loop
      vertex -15.5021 105.202 -3
      vertex -15.3927 105.302 -0.150001
      vertex -15.5021 105.202 -0.150001
    endloop
  endfacet
  facet normal 0.674685 -0.738106 0
    outer loop
      vertex -15.3927 105.302 -0.150001
      vertex -15.5021 105.202 -3
      vertex -15.3927 105.302 -3
    endloop
  endfacet
  facet normal -0.976361 0.216146 0
    outer loop
      vertex -12.6579 103.56 -3
      vertex -12.6258 103.705 -0.150001
      vertex -12.6258 103.705 -3
    endloop
  endfacet
  facet normal -0.976361 0.216146 0
    outer loop
      vertex -12.6258 103.705 -0.150001
      vertex -12.6579 103.56 -3
      vertex -12.6579 103.56 -0.150001
    endloop
  endfacet
  facet normal -0.923754 0.382987 0
    outer loop
      vertex -12.7593 103.282 -3
      vertex -12.7025 103.419 -0.150001
      vertex -12.7025 103.419 -3
    endloop
  endfacet
  facet normal -0.923754 0.382987 0
    outer loop
      vertex -12.7025 103.419 -0.150001
      vertex -12.7593 103.282 -3
      vertex -12.7593 103.282 -0.150001
    endloop
  endfacet
  facet normal 0.0404527 0.999181 -0
    outer loop
      vertex -14.3 102.3 -3
      vertex -14.4482 102.306 -0.150001
      vertex -14.3 102.3 -0.150001
    endloop
  endfacet
  facet normal 0.0404527 0.999181 0
    outer loop
      vertex -14.4482 102.306 -0.150001
      vertex -14.3 102.3 -3
      vertex -14.4482 102.306 -3
    endloop
  endfacet
  facet normal 0.991491 0.130175 0
    outer loop
      vertex -15.9742 103.705 -0.150001
      vertex -15.9935 103.852 -3
      vertex -15.9935 103.852 -0.150001
    endloop
  endfacet
  facet normal 0.991491 0.130175 0
    outer loop
      vertex -15.9935 103.852 -3
      vertex -15.9742 103.705 -0.150001
      vertex -15.9742 103.705 -3
    endloop
  endfacet
  facet normal 0.923754 0.382987 0
    outer loop
      vertex -15.8407 103.282 -0.150001
      vertex -15.8975 103.419 -3
      vertex -15.8975 103.419 -0.150001
    endloop
  endfacet
  facet normal 0.923754 0.382987 0
    outer loop
      vertex -15.8975 103.419 -3
      vertex -15.8407 103.282 -0.150001
      vertex -15.8407 103.282 -3
    endloop
  endfacet
  facet normal -0.134812 0.990871 0
    outer loop
      vertex -14.0048 102.326 -3
      vertex -14.1518 102.306 -0.150001
      vertex -14.0048 102.326 -0.150001
    endloop
  endfacet
  facet normal -0.134812 0.990871 0
    outer loop
      vertex -14.1518 102.306 -0.150001
      vertex -14.0048 102.326 -3
      vertex -14.1518 102.306 -3
    endloop
  endfacet
  facet normal -0.303259 0.952908 0
    outer loop
      vertex -13.7186 102.403 -3
      vertex -13.86 102.358 -0.150001
      vertex -13.7186 102.403 -0.150001
    endloop
  endfacet
  facet normal -0.303259 0.952908 0
    outer loop
      vertex -13.86 102.358 -0.150001
      vertex -13.7186 102.403 -3
      vertex -13.86 102.358 -3
    endloop
  endfacet
  facet normal -0.215788 0.97644 0
    outer loop
      vertex -13.86 102.358 -3
      vertex -14.0048 102.326 -0.150001
      vertex -13.86 102.358 -0.150001
    endloop
  endfacet
  facet normal -0.215788 0.97644 0
    outer loop
      vertex -14.0048 102.326 -0.150001
      vertex -13.86 102.358 -3
      vertex -14.0048 102.326 -3
    endloop
  endfacet
  facet normal -0.991491 0.130175 0
    outer loop
      vertex -12.6258 103.705 -3
      vertex -12.6065 103.852 -0.150001
      vertex -12.6065 103.852 -3
    endloop
  endfacet
  facet normal -0.991491 0.130175 0
    outer loop
      vertex -12.6065 103.852 -0.150001
      vertex -12.6258 103.705 -3
      vertex -12.6258 103.705 -0.150001
    endloop
  endfacet
  facet normal -0.464636 0.885502 0
    outer loop
      vertex -13.45 102.528 -3
      vertex -13.5815 102.459 -0.150001
      vertex -13.45 102.528 -0.150001
    endloop
  endfacet
  facet normal -0.464636 0.885502 0
    outer loop
      vertex -13.5815 102.459 -0.150001
      vertex -13.45 102.528 -3
      vertex -13.5815 102.459 -3
    endloop
  endfacet
  facet normal -0.611983 0.790871 0
    outer loop
      vertex -13.2073 102.698 -3
      vertex -13.3249 102.607 -0.150001
      vertex -13.2073 102.698 -0.150001
    endloop
  endfacet
  facet normal -0.611983 0.790871 0
    outer loop
      vertex -13.3249 102.607 -0.150001
      vertex -13.2073 102.698 -3
      vertex -13.3249 102.607 -3
    endloop
  endfacet
  facet normal -0.794148 0.607725 0
    outer loop
      vertex -12.9977 102.907 -3
      vertex -12.9074 103.025 -0.150001
      vertex -12.9074 103.025 -3
    endloop
  endfacet
  facet normal -0.794148 0.607725 0
    outer loop
      vertex -12.9074 103.025 -0.150001
      vertex -12.9977 102.907 -3
      vertex -12.9977 102.907 -0.150001
    endloop
  endfacet
  facet normal -0.843495 0.537137 0
    outer loop
      vertex -12.9074 103.025 -3
      vertex -12.8278 103.15 -0.150001
      vertex -12.8278 103.15 -3
    endloop
  endfacet
  facet normal -0.843495 0.537137 0
    outer loop
      vertex -12.8278 103.15 -0.150001
      vertex -12.9074 103.025 -3
      vertex -12.9074 103.025 -0.150001
    endloop
  endfacet
  facet normal -0.887602 0.460612 0
    outer loop
      vertex -12.8278 103.15 -3
      vertex -12.7593 103.282 -0.150001
      vertex -12.7593 103.282 -3
    endloop
  endfacet
  facet normal -0.887602 0.460612 0
    outer loop
      vertex -12.7593 103.282 -0.150001
      vertex -12.8278 103.15 -3
      vertex -12.8278 103.15 -0.150001
    endloop
  endfacet
  facet normal -0.953439 0.301584 0
    outer loop
      vertex -12.7025 103.419 -3
      vertex -12.6579 103.56 -0.150001
      vertex -12.6579 103.56 -3
    endloop
  endfacet
  facet normal -0.953439 0.301584 0
    outer loop
      vertex -12.6579 103.56 -0.150001
      vertex -12.7025 103.419 -3
      vertex -12.7025 103.419 -0.150001
    endloop
  endfacet
  facet normal -0.0404527 0.999181 0
    outer loop
      vertex -14.1518 102.306 -3
      vertex -14.3 102.3 -0.150001
      vertex -14.1518 102.306 -0.150001
    endloop
  endfacet
  facet normal -0.0404527 0.999181 0
    outer loop
      vertex -14.3 102.3 -0.150001
      vertex -14.1518 102.306 -3
      vertex -14.3 102.3 -3
    endloop
  endfacet
  facet normal 0.976361 0.216146 0
    outer loop
      vertex -15.9421 103.56 -0.150001
      vertex -15.9742 103.705 -3
      vertex -15.9742 103.705 -0.150001
    endloop
  endfacet
  facet normal 0.976361 0.216146 0
    outer loop
      vertex -15.9742 103.705 -3
      vertex -15.9421 103.56 -0.150001
      vertex -15.9421 103.56 -3
    endloop
  endfacet
  facet normal 0.674685 0.738106 -0
    outer loop
      vertex -15.3927 102.698 -3
      vertex -15.5021 102.798 -0.150001
      vertex -15.3927 102.698 -0.150001
    endloop
  endfacet
  facet normal 0.674685 0.738106 0
    outer loop
      vertex -15.5021 102.798 -0.150001
      vertex -15.3927 102.698 -3
      vertex -15.5021 102.798 -3
    endloop
  endfacet
  facet normal 0.887602 0.460612 0
    outer loop
      vertex -15.7722 103.15 -0.150001
      vertex -15.8407 103.282 -3
      vertex -15.8407 103.282 -0.150001
    endloop
  endfacet
  facet normal 0.887602 0.460612 0
    outer loop
      vertex -15.8407 103.282 -3
      vertex -15.7722 103.15 -0.150001
      vertex -15.7722 103.15 -3
    endloop
  endfacet
  facet normal -0.533942 0.845521 0
    outer loop
      vertex -13.3249 102.607 -3
      vertex -13.45 102.528 -0.150001
      vertex -13.3249 102.607 -0.150001
    endloop
  endfacet
  facet normal -0.533942 0.845521 0
    outer loop
      vertex -13.45 102.528 -0.150001
      vertex -13.3249 102.607 -3
      vertex -13.45 102.528 -3
    endloop
  endfacet
  facet normal 0.215788 0.97644 -0
    outer loop
      vertex -14.5952 102.326 -3
      vertex -14.74 102.358 -0.150001
      vertex -14.5952 102.326 -0.150001
    endloop
  endfacet
  facet normal 0.215788 0.97644 0
    outer loop
      vertex -14.74 102.358 -0.150001
      vertex -14.5952 102.326 -3
      vertex -14.74 102.358 -3
    endloop
  endfacet
  facet normal 0.378133 0.925751 -0
    outer loop
      vertex -14.8814 102.403 -3
      vertex -15.0185 102.459 -0.150001
      vertex -14.8814 102.403 -0.150001
    endloop
  endfacet
  facet normal 0.378133 0.925751 0
    outer loop
      vertex -15.0185 102.459 -0.150001
      vertex -14.8814 102.403 -3
      vertex -15.0185 102.459 -3
    endloop
  endfacet
  facet normal 0.303259 0.952908 -0
    outer loop
      vertex -14.74 102.358 -3
      vertex -14.8814 102.403 -0.150001
      vertex -14.74 102.358 -0.150001
    endloop
  endfacet
  facet normal 0.303259 0.952908 0
    outer loop
      vertex -14.8814 102.403 -0.150001
      vertex -14.74 102.358 -3
      vertex -14.8814 102.403 -3
    endloop
  endfacet
  facet normal 0.611983 0.790871 -0
    outer loop
      vertex -15.2751 102.607 -3
      vertex -15.3927 102.698 -0.150001
      vertex -15.2751 102.607 -0.150001
    endloop
  endfacet
  facet normal 0.611983 0.790871 0
    outer loop
      vertex -15.3927 102.698 -0.150001
      vertex -15.2751 102.607 -3
      vertex -15.3927 102.698 -3
    endloop
  endfacet
  facet normal 0.464636 0.885502 -0
    outer loop
      vertex -15.0185 102.459 -3
      vertex -15.15 102.528 -0.150001
      vertex -15.0185 102.459 -0.150001
    endloop
  endfacet
  facet normal 0.464636 0.885502 0
    outer loop
      vertex -15.15 102.528 -0.150001
      vertex -15.0185 102.459 -3
      vertex -15.15 102.528 -3
    endloop
  endfacet
  facet normal 0.794148 0.607725 0
    outer loop
      vertex -15.6023 102.907 -0.150001
      vertex -15.6926 103.025 -3
      vertex -15.6926 103.025 -0.150001
    endloop
  endfacet
  facet normal 0.794148 0.607725 0
    outer loop
      vertex -15.6926 103.025 -3
      vertex -15.6023 102.907 -0.150001
      vertex -15.6023 102.907 -3
    endloop
  endfacet
  facet normal 0.843495 0.537137 0
    outer loop
      vertex -15.6926 103.025 -0.150001
      vertex -15.7722 103.15 -3
      vertex -15.7722 103.15 -0.150001
    endloop
  endfacet
  facet normal 0.843495 0.537137 0
    outer loop
      vertex -15.7722 103.15 -3
      vertex -15.6926 103.025 -0.150001
      vertex -15.6926 103.025 -3
    endloop
  endfacet
  facet normal -0.674685 0.738106 0
    outer loop
      vertex -13.0979 102.798 -3
      vertex -13.2073 102.698 -0.150001
      vertex -13.0979 102.798 -0.150001
    endloop
  endfacet
  facet normal -0.674685 0.738106 0
    outer loop
      vertex -13.2073 102.698 -0.150001
      vertex -13.0979 102.798 -3
      vertex -13.2073 102.698 -3
    endloop
  endfacet
  facet normal -0.7362 0.676764 0
    outer loop
      vertex -13.0979 102.798 -3
      vertex -12.9977 102.907 -0.150001
      vertex -12.9977 102.907 -3
    endloop
  endfacet
  facet normal -0.7362 0.676764 0
    outer loop
      vertex -12.9977 102.907 -0.150001
      vertex -13.0979 102.798 -3
      vertex -13.0979 102.798 -0.150001
    endloop
  endfacet
  facet normal 0.134812 0.990871 -0
    outer loop
      vertex -14.4482 102.306 -3
      vertex -14.5952 102.326 -0.150001
      vertex -14.4482 102.306 -0.150001
    endloop
  endfacet
  facet normal 0.134812 0.990871 0
    outer loop
      vertex -14.5952 102.326 -0.150001
      vertex -14.4482 102.306 -3
      vertex -14.5952 102.326 -3
    endloop
  endfacet
  facet normal 0.533942 0.845521 -0
    outer loop
      vertex -15.15 102.528 -3
      vertex -15.2751 102.607 -0.150001
      vertex -15.15 102.528 -0.150001
    endloop
  endfacet
  facet normal 0.533942 0.845521 0
    outer loop
      vertex -15.2751 102.607 -0.150001
      vertex -15.15 102.528 -3
      vertex -15.2751 102.607 -3
    endloop
  endfacet
  facet normal 0.7362 0.676764 0
    outer loop
      vertex -15.5021 102.798 -0.150001
      vertex -15.6023 102.907 -3
      vertex -15.6023 102.907 -0.150001
    endloop
  endfacet
  facet normal 0.7362 0.676764 0
    outer loop
      vertex -15.6023 102.907 -3
      vertex -15.5021 102.798 -0.150001
      vertex -15.5021 102.798 -3
    endloop
  endfacet
  facet normal -0.608046 -0.793902 0
    outer loop
      vertex -13.1528 105.638 -7.8
      vertex -13.0144 105.532 -3
      vertex -13.1528 105.638 -3
    endloop
  endfacet
  facet normal -0.608046 -0.793902 -0
    outer loop
      vertex -13.0144 105.532 -3
      vertex -13.1528 105.638 -7.8
      vertex -13.0144 105.532 -7.8
    endloop
  endfacet
  facet normal 0.303487 0.952835 -0
    outer loop
      vertex -14.8176 102.068 -7.8
      vertex -14.984 102.121 -3
      vertex -14.8176 102.068 -3
    endloop
  endfacet
  facet normal 0.303487 0.952835 0
    outer loop
      vertex -14.984 102.121 -3
      vertex -14.8176 102.068 -7.8
      vertex -14.984 102.121 -7.8
    endloop
  endfacet
  facet normal -0.538209 -0.842812 0
    outer loop
      vertex -13.3 105.732 -7.8
      vertex -13.1528 105.638 -3
      vertex -13.3 105.732 -3
    endloop
  endfacet
  facet normal -0.538209 -0.842812 -0
    outer loop
      vertex -13.1528 105.638 -3
      vertex -13.3 105.732 -7.8
      vertex -13.1528 105.638 -7.8
    endloop
  endfacet
  facet normal 0.378901 -0.925437 0
    outer loop
      vertex -15.1452 105.813 -7.8
      vertex -14.984 105.879 -3
      vertex -15.1452 105.813 -3
    endloop
  endfacet
  facet normal 0.378901 -0.925437 0
    outer loop
      vertex -14.984 105.879 -3
      vertex -15.1452 105.813 -7.8
      vertex -14.984 105.879 -7.8
    endloop
  endfacet
  facet normal 0.923653 -0.38323 0
    outer loop
      vertex -16.1794 104.684 -3
      vertex -16.1126 104.845 -7.8
      vertex -16.1126 104.845 -3
    endloop
  endfacet
  facet normal 0.923653 -0.38323 0
    outer loop
      vertex -16.1126 104.845 -7.8
      vertex -16.1794 104.684 -3
      vertex -16.1794 104.684 -7.8
    endloop
  endfacet
  facet normal -0.976548 -0.215298 0
    outer loop
      vertex -12.3304 104.347 -7.8
      vertex -12.3681 104.518 -3
      vertex -12.3681 104.518 -7.8
    endloop
  endfacet
  facet normal -0.976548 -0.215298 0
    outer loop
      vertex -12.3681 104.518 -3
      vertex -12.3304 104.347 -7.8
      vertex -12.3304 104.347 -3
    endloop
  endfacet
  facet normal -0.953452 -0.301544 0
    outer loop
      vertex -12.3681 104.518 -7.8
      vertex -12.4206 104.684 -3
      vertex -12.4206 104.684 -7.8
    endloop
  endfacet
  facet normal -0.953452 -0.301544 0
    outer loop
      vertex -12.4206 104.684 -3
      vertex -12.3681 104.518 -7.8
      vertex -12.3681 104.518 -3
    endloop
  endfacet
  facet normal -0.73553 -0.677492 0
    outer loop
      vertex -12.7679 105.286 -7.8
      vertex -12.8858 105.414 -3
      vertex -12.8858 105.414 -7.8
    endloop
  endfacet
  facet normal -0.73553 -0.677492 0
    outer loop
      vertex -12.8858 105.414 -3
      vertex -12.7679 105.286 -7.8
      vertex -12.7679 105.286 -3
    endloop
  endfacet
  facet normal -0.463622 -0.886033 0
    outer loop
      vertex -13.4548 105.813 -7.8
      vertex -13.3 105.732 -3
      vertex -13.4548 105.813 -3
    endloop
  endfacet
  facet normal -0.463622 -0.886033 -0
    outer loop
      vertex -13.3 105.732 -3
      vertex -13.4548 105.813 -7.8
      vertex -13.3 105.732 -7.8
    endloop
  endfacet
  facet normal 0.999047 0.0436366 0
    outer loop
      vertex -16.2924 103.826 -3
      vertex -16.3 104 -7.8
      vertex -16.3 104 -3
    endloop
  endfacet
  facet normal 0.999047 0.0436366 0
    outer loop
      vertex -16.3 104 -7.8
      vertex -16.2924 103.826 -3
      vertex -16.2924 103.826 -7.8
    endloop
  endfacet
  facet normal 0.676088 -0.736821 0
    outer loop
      vertex -15.7142 105.414 -7.8
      vertex -15.5856 105.532 -3
      vertex -15.7142 105.414 -3
    endloop
  endfacet
  facet normal 0.676088 -0.736821 0
    outer loop
      vertex -15.5856 105.532 -3
      vertex -15.7142 105.414 -7.8
      vertex -15.5856 105.532 -7.8
    endloop
  endfacet
  facet normal -0.999047 0.0436366 0
    outer loop
      vertex -12.3076 103.826 -7.8
      vertex -12.3 104 -3
      vertex -12.3 104 -7.8
    endloop
  endfacet
  facet normal -0.999047 0.0436366 0
    outer loop
      vertex -12.3 104 -3
      vertex -12.3076 103.826 -7.8
      vertex -12.3076 103.826 -3
    endloop
  endfacet
  facet normal -0.923653 0.38323 0
    outer loop
      vertex -12.4874 103.155 -7.8
      vertex -12.4206 103.316 -3
      vertex -12.4206 103.316 -7.8
    endloop
  endfacet
  facet normal -0.923653 0.38323 0
    outer loop
      vertex -12.4206 103.316 -3
      vertex -12.4874 103.155 -7.8
      vertex -12.4874 103.155 -3
    endloop
  endfacet
  facet normal -0.303487 0.952835 0
    outer loop
      vertex -13.616 102.121 -7.8
      vertex -13.7824 102.068 -3
      vertex -13.616 102.121 -3
    endloop
  endfacet
  facet normal -0.303487 0.952835 0
    outer loop
      vertex -13.7824 102.068 -3
      vertex -13.616 102.121 -7.8
      vertex -13.7824 102.068 -7.8
    endloop
  endfacet
  facet normal -0.73553 0.677492 0
    outer loop
      vertex -12.8858 102.586 -7.8
      vertex -12.7679 102.714 -3
      vertex -12.7679 102.714 -7.8
    endloop
  endfacet
  facet normal -0.73553 0.677492 0
    outer loop
      vertex -12.7679 102.714 -3
      vertex -12.8858 102.586 -7.8
      vertex -12.8858 102.586 -3
    endloop
  endfacet
  facet normal 0.953452 0.301544 0
    outer loop
      vertex -16.1794 103.316 -3
      vertex -16.2319 103.482 -7.8
      vertex -16.2319 103.482 -3
    endloop
  endfacet
  facet normal 0.953452 0.301544 0
    outer loop
      vertex -16.2319 103.482 -7.8
      vertex -16.1794 103.316 -3
      vertex -16.1794 103.316 -7.8
    endloop
  endfacet
  facet normal -0.991427 -0.130662 0
    outer loop
      vertex -12.3076 104.174 -7.8
      vertex -12.3304 104.347 -3
      vertex -12.3304 104.347 -7.8
    endloop
  endfacet
  facet normal -0.991427 -0.130662 0
    outer loop
      vertex -12.3304 104.347 -3
      vertex -12.3076 104.174 -7.8
      vertex -12.3076 104.174 -3
    endloop
  endfacet
  facet normal -0.923653 -0.38323 0
    outer loop
      vertex -12.4206 104.684 -7.8
      vertex -12.4874 104.845 -3
      vertex -12.4874 104.845 -7.8
    endloop
  endfacet
  facet normal -0.923653 -0.38323 0
    outer loop
      vertex -12.4874 104.845 -3
      vertex -12.4206 104.684 -7.8
      vertex -12.4206 104.684 -3
    endloop
  endfacet
  facet normal -0.794617 -0.607111 0
    outer loop
      vertex -12.6617 105.147 -7.8
      vertex -12.7679 105.286 -3
      vertex -12.7679 105.286 -7.8
    endloop
  endfacet
  facet normal -0.794617 -0.607111 0
    outer loop
      vertex -12.7679 105.286 -3
      vertex -12.6617 105.147 -7.8
      vertex -12.6617 105.147 -3
    endloop
  endfacet
  facet normal -0.676088 -0.736821 0
    outer loop
      vertex -13.0144 105.532 -7.8
      vertex -12.8858 105.414 -3
      vertex -13.0144 105.532 -3
    endloop
  endfacet
  facet normal -0.676088 -0.736821 -0
    outer loop
      vertex -12.8858 105.414 -3
      vertex -13.0144 105.532 -7.8
      vertex -12.8858 105.414 -7.8
    endloop
  endfacet
  facet normal 0.0458496 -0.998948 0
    outer loop
      vertex -14.4743 105.992 -7.8
      vertex -14.3 106 -3
      vertex -14.4743 105.992 -3
    endloop
  endfacet
  facet normal 0.0458496 -0.998948 0
    outer loop
      vertex -14.3 106 -3
      vertex -14.4743 105.992 -7.8
      vertex -14.3 106 -7.8
    endloop
  endfacet
  facet normal -0.378901 -0.925437 0
    outer loop
      vertex -13.616 105.879 -7.8
      vertex -13.4548 105.813 -3
      vertex -13.616 105.879 -3
    endloop
  endfacet
  facet normal -0.378901 -0.925437 -0
    outer loop
      vertex -13.4548 105.813 -3
      vertex -13.616 105.879 -7.8
      vertex -13.4548 105.813 -7.8
    endloop
  endfacet
  facet normal -0.21778 -0.975998 0
    outer loop
      vertex -13.9527 105.97 -7.8
      vertex -13.7824 105.932 -3
      vertex -13.9527 105.97 -3
    endloop
  endfacet
  facet normal -0.21778 -0.975998 -0
    outer loop
      vertex -13.7824 105.932 -3
      vertex -13.9527 105.97 -7.8
      vertex -13.7824 105.932 -7.8
    endloop
  endfacet
  facet normal 0.953452 -0.301544 0
    outer loop
      vertex -16.2319 104.518 -3
      vertex -16.1794 104.684 -7.8
      vertex -16.1794 104.684 -3
    endloop
  endfacet
  facet normal 0.953452 -0.301544 0
    outer loop
      vertex -16.1794 104.684 -7.8
      vertex -16.2319 104.518 -3
      vertex -16.2319 104.518 -7.8
    endloop
  endfacet
  facet normal 0.976548 -0.215298 0
    outer loop
      vertex -16.2696 104.347 -3
      vertex -16.2319 104.518 -7.8
      vertex -16.2319 104.518 -3
    endloop
  endfacet
  facet normal 0.976548 -0.215298 0
    outer loop
      vertex -16.2319 104.518 -7.8
      vertex -16.2696 104.347 -3
      vertex -16.2696 104.347 -7.8
    endloop
  endfacet
  facet normal 0.991427 -0.130662 0
    outer loop
      vertex -16.2924 104.174 -3
      vertex -16.2696 104.347 -7.8
      vertex -16.2696 104.347 -3
    endloop
  endfacet
  facet normal 0.991427 -0.130662 0
    outer loop
      vertex -16.2696 104.347 -7.8
      vertex -16.2924 104.174 -3
      vertex -16.2924 104.174 -7.8
    endloop
  endfacet
  facet normal 0.794617 -0.607111 0
    outer loop
      vertex -15.9383 105.147 -3
      vertex -15.8321 105.286 -7.8
      vertex -15.8321 105.286 -3
    endloop
  endfacet
  facet normal 0.794617 -0.607111 0
    outer loop
      vertex -15.8321 105.286 -7.8
      vertex -15.9383 105.147 -3
      vertex -15.9383 105.147 -7.8
    endloop
  endfacet
  facet normal 0.843 -0.537914 0
    outer loop
      vertex -16.0321 105 -3
      vertex -15.9383 105.147 -7.8
      vertex -15.9383 105.147 -3
    endloop
  endfacet
  facet normal 0.843 -0.537914 0
    outer loop
      vertex -15.9383 105.147 -7.8
      vertex -16.0321 105 -3
      vertex -16.0321 105 -7.8
    endloop
  endfacet
  facet normal 0.126152 -0.992011 0
    outer loop
      vertex -14.6473 105.97 -7.8
      vertex -14.4743 105.992 -3
      vertex -14.6473 105.97 -3
    endloop
  endfacet
  facet normal 0.126152 -0.992011 0
    outer loop
      vertex -14.4743 105.992 -3
      vertex -14.6473 105.97 -7.8
      vertex -14.4743 105.992 -7.8
    endloop
  endfacet
  facet normal 0.21778 -0.975998 0
    outer loop
      vertex -14.8176 105.932 -7.8
      vertex -14.6473 105.97 -3
      vertex -14.8176 105.932 -3
    endloop
  endfacet
  facet normal 0.21778 -0.975998 0
    outer loop
      vertex -14.6473 105.97 -3
      vertex -14.8176 105.932 -7.8
      vertex -14.6473 105.97 -7.8
    endloop
  endfacet
  facet normal 0.608046 -0.793902 0
    outer loop
      vertex -15.5856 105.532 -7.8
      vertex -15.4472 105.638 -3
      vertex -15.5856 105.532 -3
    endloop
  endfacet
  facet normal 0.608046 -0.793902 0
    outer loop
      vertex -15.4472 105.638 -3
      vertex -15.5856 105.532 -7.8
      vertex -15.4472 105.638 -7.8
    endloop
  endfacet
  facet normal 0.73553 -0.677492 0
    outer loop
      vertex -15.8321 105.286 -3
      vertex -15.7142 105.414 -7.8
      vertex -15.7142 105.414 -3
    endloop
  endfacet
  facet normal 0.73553 -0.677492 0
    outer loop
      vertex -15.7142 105.414 -7.8
      vertex -15.8321 105.286 -3
      vertex -15.8321 105.286 -7.8
    endloop
  endfacet
  facet normal -0.999047 -0.0436366 0
    outer loop
      vertex -12.3 104 -7.8
      vertex -12.3076 104.174 -3
      vertex -12.3076 104.174 -7.8
    endloop
  endfacet
  facet normal -0.999047 -0.0436366 0
    outer loop
      vertex -12.3076 104.174 -3
      vertex -12.3 104 -7.8
      vertex -12.3 104 -3
    endloop
  endfacet
  facet normal -0.126152 0.992011 0
    outer loop
      vertex -13.9527 102.03 -7.8
      vertex -14.1257 102.008 -3
      vertex -13.9527 102.03 -3
    endloop
  endfacet
  facet normal -0.126152 0.992011 0
    outer loop
      vertex -14.1257 102.008 -3
      vertex -13.9527 102.03 -7.8
      vertex -14.1257 102.008 -7.8
    endloop
  endfacet
  facet normal -0.953452 0.301544 0
    outer loop
      vertex -12.4206 103.316 -7.8
      vertex -12.3681 103.482 -3
      vertex -12.3681 103.482 -7.8
    endloop
  endfacet
  facet normal -0.953452 0.301544 0
    outer loop
      vertex -12.3681 103.482 -3
      vertex -12.4206 103.316 -7.8
      vertex -12.4206 103.316 -3
    endloop
  endfacet
  facet normal -0.21778 0.975998 0
    outer loop
      vertex -13.7824 102.068 -7.8
      vertex -13.9527 102.03 -3
      vertex -13.7824 102.068 -3
    endloop
  endfacet
  facet normal -0.21778 0.975998 0
    outer loop
      vertex -13.9527 102.03 -3
      vertex -13.7824 102.068 -7.8
      vertex -13.9527 102.03 -7.8
    endloop
  endfacet
  facet normal -0.676088 0.736821 0
    outer loop
      vertex -12.8858 102.586 -7.8
      vertex -13.0144 102.468 -3
      vertex -12.8858 102.586 -3
    endloop
  endfacet
  facet normal -0.676088 0.736821 0
    outer loop
      vertex -13.0144 102.468 -3
      vertex -12.8858 102.586 -7.8
      vertex -13.0144 102.468 -7.8
    endloop
  endfacet
  facet normal -0.794617 0.607111 0
    outer loop
      vertex -12.7679 102.714 -7.8
      vertex -12.6617 102.853 -3
      vertex -12.6617 102.853 -7.8
    endloop
  endfacet
  facet normal -0.794617 0.607111 0
    outer loop
      vertex -12.6617 102.853 -3
      vertex -12.7679 102.714 -7.8
      vertex -12.7679 102.714 -3
    endloop
  endfacet
  facet normal -0.887217 0.461353 0
    outer loop
      vertex -12.568 103 -7.8
      vertex -12.4874 103.155 -3
      vertex -12.4874 103.155 -7.8
    endloop
  endfacet
  facet normal -0.887217 0.461353 0
    outer loop
      vertex -12.4874 103.155 -3
      vertex -12.568 103 -7.8
      vertex -12.568 103 -3
    endloop
  endfacet
  facet normal 0.126152 0.992011 -0
    outer loop
      vertex -14.4743 102.008 -7.8
      vertex -14.6473 102.03 -3
      vertex -14.4743 102.008 -3
    endloop
  endfacet
  facet normal 0.126152 0.992011 0
    outer loop
      vertex -14.6473 102.03 -3
      vertex -14.4743 102.008 -7.8
      vertex -14.6473 102.03 -7.8
    endloop
  endfacet
  facet normal -0.0458496 0.998948 0
    outer loop
      vertex -14.1257 102.008 -7.8
      vertex -14.3 102 -3
      vertex -14.1257 102.008 -3
    endloop
  endfacet
  facet normal -0.0458496 0.998948 0
    outer loop
      vertex -14.3 102 -3
      vertex -14.1257 102.008 -7.8
      vertex -14.3 102 -7.8
    endloop
  endfacet
  facet normal 0.463622 0.886033 -0
    outer loop
      vertex -15.1452 102.187 -7.8
      vertex -15.3 102.268 -3
      vertex -15.1452 102.187 -3
    endloop
  endfacet
  facet normal 0.463622 0.886033 0
    outer loop
      vertex -15.3 102.268 -3
      vertex -15.1452 102.187 -7.8
      vertex -15.3 102.268 -7.8
    endloop
  endfacet
  facet normal 0.608046 0.793902 -0
    outer loop
      vertex -15.4472 102.362 -7.8
      vertex -15.5856 102.468 -3
      vertex -15.4472 102.362 -3
    endloop
  endfacet
  facet normal 0.608046 0.793902 0
    outer loop
      vertex -15.5856 102.468 -3
      vertex -15.4472 102.362 -7.8
      vertex -15.5856 102.468 -7.8
    endloop
  endfacet
  facet normal 0.991427 0.130662 0
    outer loop
      vertex -16.2696 103.653 -3
      vertex -16.2924 103.826 -7.8
      vertex -16.2924 103.826 -3
    endloop
  endfacet
  facet normal 0.991427 0.130662 0
    outer loop
      vertex -16.2924 103.826 -7.8
      vertex -16.2696 103.653 -3
      vertex -16.2696 103.653 -7.8
    endloop
  endfacet
  facet normal 0.73553 0.677492 0
    outer loop
      vertex -15.7142 102.586 -3
      vertex -15.8321 102.714 -7.8
      vertex -15.8321 102.714 -3
    endloop
  endfacet
  facet normal 0.73553 0.677492 0
    outer loop
      vertex -15.8321 102.714 -7.8
      vertex -15.7142 102.586 -3
      vertex -15.7142 102.586 -7.8
    endloop
  endfacet
  facet normal 0.676088 0.736821 -0
    outer loop
      vertex -15.5856 102.468 -7.8
      vertex -15.7142 102.586 -3
      vertex -15.5856 102.468 -3
    endloop
  endfacet
  facet normal 0.676088 0.736821 0
    outer loop
      vertex -15.7142 102.586 -3
      vertex -15.5856 102.468 -7.8
      vertex -15.7142 102.586 -7.8
    endloop
  endfacet
  facet normal 0.794617 0.607111 0
    outer loop
      vertex -15.8321 102.714 -3
      vertex -15.9383 102.853 -7.8
      vertex -15.9383 102.853 -3
    endloop
  endfacet
  facet normal 0.794617 0.607111 0
    outer loop
      vertex -15.9383 102.853 -7.8
      vertex -15.8321 102.714 -3
      vertex -15.8321 102.714 -7.8
    endloop
  endfacet
  facet normal -0.887217 -0.461353 0
    outer loop
      vertex -12.4874 104.845 -7.8
      vertex -12.568 105 -3
      vertex -12.568 105 -7.8
    endloop
  endfacet
  facet normal -0.887217 -0.461353 0
    outer loop
      vertex -12.568 105 -3
      vertex -12.4874 104.845 -7.8
      vertex -12.4874 104.845 -3
    endloop
  endfacet
  facet normal -0.84326 -0.537506 0
    outer loop
      vertex -12.568 105 -7.8
      vertex -12.6617 105.147 -3
      vertex -12.6617 105.147 -7.8
    endloop
  endfacet
  facet normal -0.84326 -0.537506 0
    outer loop
      vertex -12.6617 105.147 -3
      vertex -12.568 105 -7.8
      vertex -12.568 105 -3
    endloop
  endfacet
  facet normal -0.126152 -0.992011 0
    outer loop
      vertex -14.1257 105.992 -7.8
      vertex -13.9527 105.97 -3
      vertex -14.1257 105.992 -3
    endloop
  endfacet
  facet normal -0.126152 -0.992011 -0
    outer loop
      vertex -13.9527 105.97 -3
      vertex -14.1257 105.992 -7.8
      vertex -13.9527 105.97 -7.8
    endloop
  endfacet
  facet normal -0.303487 -0.952835 0
    outer loop
      vertex -13.7824 105.932 -7.8
      vertex -13.616 105.879 -3
      vertex -13.7824 105.932 -3
    endloop
  endfacet
  facet normal -0.303487 -0.952835 -0
    outer loop
      vertex -13.616 105.879 -3
      vertex -13.7824 105.932 -7.8
      vertex -13.616 105.879 -7.8
    endloop
  endfacet
  facet normal -0.0458496 -0.998948 0
    outer loop
      vertex -14.3 106 -7.8
      vertex -14.1257 105.992 -3
      vertex -14.3 106 -3
    endloop
  endfacet
  facet normal -0.0458496 -0.998948 -0
    outer loop
      vertex -14.1257 105.992 -3
      vertex -14.3 106 -7.8
      vertex -14.1257 105.992 -7.8
    endloop
  endfacet
  facet normal 0.999047 -0.0436366 0
    outer loop
      vertex -16.3 104 -3
      vertex -16.2924 104.174 -7.8
      vertex -16.2924 104.174 -3
    endloop
  endfacet
  facet normal 0.999047 -0.0436366 0
    outer loop
      vertex -16.2924 104.174 -7.8
      vertex -16.3 104 -3
      vertex -16.3 104 -7.8
    endloop
  endfacet
  facet normal 0.887451 -0.460902 0
    outer loop
      vertex -16.1126 104.845 -3
      vertex -16.0321 105 -7.8
      vertex -16.0321 105 -3
    endloop
  endfacet
  facet normal 0.887451 -0.460902 0
    outer loop
      vertex -16.0321 105 -7.8
      vertex -16.1126 104.845 -3
      vertex -16.1126 104.845 -7.8
    endloop
  endfacet
  facet normal 0.303487 -0.952835 0
    outer loop
      vertex -14.984 105.879 -7.8
      vertex -14.8176 105.932 -3
      vertex -14.984 105.879 -3
    endloop
  endfacet
  facet normal 0.303487 -0.952835 0
    outer loop
      vertex -14.8176 105.932 -3
      vertex -14.984 105.879 -7.8
      vertex -14.8176 105.932 -7.8
    endloop
  endfacet
  facet normal 0.463622 -0.886033 0
    outer loop
      vertex -15.3 105.732 -7.8
      vertex -15.1452 105.813 -3
      vertex -15.3 105.732 -3
    endloop
  endfacet
  facet normal 0.463622 -0.886033 0
    outer loop
      vertex -15.1452 105.813 -3
      vertex -15.3 105.732 -7.8
      vertex -15.1452 105.813 -7.8
    endloop
  endfacet
  facet normal 0.538209 -0.842812 0
    outer loop
      vertex -15.4472 105.638 -7.8
      vertex -15.3 105.732 -3
      vertex -15.4472 105.638 -3
    endloop
  endfacet
  facet normal 0.538209 -0.842812 0
    outer loop
      vertex -15.3 105.732 -3
      vertex -15.4472 105.638 -7.8
      vertex -15.3 105.732 -7.8
    endloop
  endfacet
  facet normal -0.976548 0.215298 0
    outer loop
      vertex -12.3681 103.482 -7.8
      vertex -12.3304 103.653 -3
      vertex -12.3304 103.653 -7.8
    endloop
  endfacet
  facet normal -0.976548 0.215298 0
    outer loop
      vertex -12.3304 103.653 -3
      vertex -12.3681 103.482 -7.8
      vertex -12.3681 103.482 -3
    endloop
  endfacet
  facet normal -0.991427 0.130662 0
    outer loop
      vertex -12.3304 103.653 -7.8
      vertex -12.3076 103.826 -3
      vertex -12.3076 103.826 -7.8
    endloop
  endfacet
  facet normal -0.991427 0.130662 0
    outer loop
      vertex -12.3076 103.826 -3
      vertex -12.3304 103.653 -7.8
      vertex -12.3304 103.653 -3
    endloop
  endfacet
  facet normal -0.378901 0.925437 0
    outer loop
      vertex -13.4548 102.187 -7.8
      vertex -13.616 102.121 -3
      vertex -13.4548 102.187 -3
    endloop
  endfacet
  facet normal -0.378901 0.925437 0
    outer loop
      vertex -13.616 102.121 -3
      vertex -13.4548 102.187 -7.8
      vertex -13.616 102.121 -7.8
    endloop
  endfacet
  facet normal -0.463622 0.886033 0
    outer loop
      vertex -13.3 102.268 -7.8
      vertex -13.4548 102.187 -3
      vertex -13.3 102.268 -3
    endloop
  endfacet
  facet normal -0.463622 0.886033 0
    outer loop
      vertex -13.4548 102.187 -3
      vertex -13.3 102.268 -7.8
      vertex -13.4548 102.187 -7.8
    endloop
  endfacet
  facet normal -0.608046 0.793902 0
    outer loop
      vertex -13.0144 102.468 -7.8
      vertex -13.1528 102.362 -3
      vertex -13.0144 102.468 -3
    endloop
  endfacet
  facet normal -0.608046 0.793902 0
    outer loop
      vertex -13.1528 102.362 -3
      vertex -13.0144 102.468 -7.8
      vertex -13.1528 102.362 -7.8
    endloop
  endfacet
  facet normal -0.84326 0.537506 0
    outer loop
      vertex -12.6617 102.853 -7.8
      vertex -12.568 103 -3
      vertex -12.568 103 -7.8
    endloop
  endfacet
  facet normal -0.84326 0.537506 0
    outer loop
      vertex -12.568 103 -3
      vertex -12.6617 102.853 -7.8
      vertex -12.6617 102.853 -3
    endloop
  endfacet
  facet normal 0.21778 0.975998 -0
    outer loop
      vertex -14.6473 102.03 -7.8
      vertex -14.8176 102.068 -3
      vertex -14.6473 102.03 -3
    endloop
  endfacet
  facet normal 0.21778 0.975998 0
    outer loop
      vertex -14.8176 102.068 -3
      vertex -14.6473 102.03 -7.8
      vertex -14.8176 102.068 -7.8
    endloop
  endfacet
  facet normal 0.0458496 0.998948 -0
    outer loop
      vertex -14.3 102 -7.8
      vertex -14.4743 102.008 -3
      vertex -14.3 102 -3
    endloop
  endfacet
  facet normal 0.0458496 0.998948 0
    outer loop
      vertex -14.4743 102.008 -3
      vertex -14.3 102 -7.8
      vertex -14.4743 102.008 -7.8
    endloop
  endfacet
  facet normal 0.538209 0.842812 -0
    outer loop
      vertex -15.3 102.268 -7.8
      vertex -15.4472 102.362 -3
      vertex -15.3 102.268 -3
    endloop
  endfacet
  facet normal 0.538209 0.842812 0
    outer loop
      vertex -15.4472 102.362 -3
      vertex -15.3 102.268 -7.8
      vertex -15.4472 102.362 -7.8
    endloop
  endfacet
  facet normal 0.378901 0.925437 -0
    outer loop
      vertex -14.984 102.121 -7.8
      vertex -15.1452 102.187 -3
      vertex -14.984 102.121 -3
    endloop
  endfacet
  facet normal 0.378901 0.925437 0
    outer loop
      vertex -15.1452 102.187 -3
      vertex -14.984 102.121 -7.8
      vertex -15.1452 102.187 -7.8
    endloop
  endfacet
  facet normal 0.976548 0.215298 0
    outer loop
      vertex -16.2319 103.482 -3
      vertex -16.2696 103.653 -7.8
      vertex -16.2696 103.653 -3
    endloop
  endfacet
  facet normal 0.976548 0.215298 0
    outer loop
      vertex -16.2696 103.653 -7.8
      vertex -16.2319 103.482 -3
      vertex -16.2319 103.482 -7.8
    endloop
  endfacet
  facet normal 0.923653 0.38323 0
    outer loop
      vertex -16.1126 103.155 -3
      vertex -16.1794 103.316 -7.8
      vertex -16.1794 103.316 -3
    endloop
  endfacet
  facet normal 0.923653 0.38323 0
    outer loop
      vertex -16.1794 103.316 -7.8
      vertex -16.1126 103.155 -3
      vertex -16.1126 103.155 -7.8
    endloop
  endfacet
  facet normal 0.887451 0.460902 0
    outer loop
      vertex -16.0321 103 -3
      vertex -16.1126 103.155 -7.8
      vertex -16.1126 103.155 -3
    endloop
  endfacet
  facet normal 0.887451 0.460902 0
    outer loop
      vertex -16.1126 103.155 -7.8
      vertex -16.0321 103 -3
      vertex -16.0321 103 -7.8
    endloop
  endfacet
  facet normal 0.843 0.537914 0
    outer loop
      vertex -15.9383 102.853 -3
      vertex -16.0321 103 -7.8
      vertex -16.0321 103 -3
    endloop
  endfacet
  facet normal 0.843 0.537914 0
    outer loop
      vertex -16.0321 103 -7.8
      vertex -15.9383 102.853 -3
      vertex -15.9383 102.853 -7.8
    endloop
  endfacet
  facet normal 0 0 -1
    outer loop
      vertex -12.6 104 -3
      vertex -12.3 104 -3
      vertex -12.3076 103.826 -3
    endloop
  endfacet
  facet normal 0 0 -1
    outer loop
      vertex -12.6065 103.852 -3
      vertex -12.3076 103.826 -3
      vertex -12.3304 103.653 -3
    endloop
  endfacet
  facet normal 0 0 -1
    outer loop
      vertex -12.3 104 -3
      vertex -12.6 104 -3
      vertex -12.3076 104.174 -3
    endloop
  endfacet
  facet normal 0 0 -1
    outer loop
      vertex -12.6258 103.705 -3
      vertex -12.3304 103.653 -3
      vertex -12.3681 103.482 -3
    endloop
  endfacet
  facet normal 0 0 -1
    outer loop
      vertex -12.6065 104.148 -3
      vertex -12.3076 104.174 -3
      vertex -12.6 104 -3
    endloop
  endfacet
  facet normal 0 0 -1
    outer loop
      vertex -12.6579 103.56 -3
      vertex -12.3681 103.482 -3
      vertex -12.4206 103.316 -3
    endloop
  endfacet
  facet normal -0 0 -1
    outer loop
      vertex -12.3076 104.174 -3
      vertex -12.6065 104.148 -3
      vertex -12.3304 104.347 -3
    endloop
  endfacet
  facet normal 0 0 -1
    outer loop
      vertex -12.7025 103.419 -3
      vertex -12.4206 103.316 -3
      vertex -12.4874 103.155 -3
    endloop
  endfacet
  facet normal 0 0 -1
    outer loop
      vertex -12.6258 104.295 -3
      vertex -12.3304 104.347 -3
      vertex -12.6065 104.148 -3
    endloop
  endfacet
  facet normal 0 0 -1
    outer loop
      vertex -12.7593 103.282 -3
      vertex -12.4874 103.155 -3
      vertex -12.568 103 -3
    endloop
  endfacet
  facet normal -0 0 -1
    outer loop
      vertex -12.3304 104.347 -3
      vertex -12.6258 104.295 -3
      vertex -12.3681 104.518 -3
    endloop
  endfacet
  facet normal 0 0 -1
    outer loop
      vertex -12.6579 104.44 -3
      vertex -12.3681 104.518 -3
      vertex -12.6258 104.295 -3
    endloop
  endfacet
  facet normal 0 0 -1
    outer loop
      vertex -12.3076 103.826 -3
      vertex -12.6065 103.852 -3
      vertex -12.6 104 -3
    endloop
  endfacet
  facet normal 0 0 -1
    outer loop
      vertex -12.3304 103.653 -3
      vertex -12.6258 103.705 -3
      vertex -12.6065 103.852 -3
    endloop
  endfacet
  facet normal 0 0 -1
    outer loop
      vertex -12.3681 103.482 -3
      vertex -12.6579 103.56 -3
      vertex -12.6258 103.705 -3
    endloop
  endfacet
  facet normal 0 0 -1
    outer loop
      vertex -12.8278 103.15 -3
      vertex -12.568 103 -3
      vertex -12.6617 102.853 -3
    endloop
  endfacet
  facet normal 0 0 -1
    outer loop
      vertex -12.4206 103.316 -3
      vertex -12.7025 103.419 -3
      vertex -12.6579 103.56 -3
    endloop
  endfacet
  facet normal 0 0 -1
    outer loop
      vertex -12.4874 103.155 -3
      vertex -12.7593 103.282 -3
      vertex -12.7025 103.419 -3
    endloop
  endfacet
  facet normal 0 0 -1
    outer loop
      vertex -12.9074 103.025 -3
      vertex -12.6617 102.853 -3
      vertex -12.7679 102.714 -3
    endloop
  endfacet
  facet normal 0 0 -1
    outer loop
      vertex -12.568 103 -3
      vertex -12.8278 103.15 -3
      vertex -12.7593 103.282 -3
    endloop
  endfacet
  facet normal 0 0 -1
    outer loop
      vertex -12.9977 102.907 -3
      vertex -12.7679 102.714 -3
      vertex -12.8858 102.586 -3
    endloop
  endfacet
  facet normal 0 0 -1
    outer loop
      vertex -12.6617 102.853 -3
      vertex -12.9074 103.025 -3
      vertex -12.8278 103.15 -3
    endloop
  endfacet
  facet normal 0 0 -1
    outer loop
      vertex -12.7679 102.714 -3
      vertex -12.9977 102.907 -3
      vertex -12.9074 103.025 -3
    endloop
  endfacet
  facet normal 0 0 -1
    outer loop
      vertex -13.0979 102.798 -3
      vertex -12.8858 102.586 -3
      vertex -13.0144 102.468 -3
    endloop
  endfacet
  facet normal 0 0 -1
    outer loop
      vertex -12.8858 102.586 -3
      vertex -13.0979 102.798 -3
      vertex -12.9977 102.907 -3
    endloop
  endfacet
  facet normal 0 0 -1
    outer loop
      vertex -13.2073 102.698 -3
      vertex -13.0144 102.468 -3
      vertex -13.1528 102.362 -3
    endloop
  endfacet
  facet normal 0 0 -1
    outer loop
      vertex -13.0144 102.468 -3
      vertex -13.2073 102.698 -3
      vertex -13.0979 102.798 -3
    endloop
  endfacet
  facet normal 0 0 -1
    outer loop
      vertex -13.3249 102.607 -3
      vertex -13.1528 102.362 -3
      vertex -13.3 102.268 -3
    endloop
  endfacet
  facet normal 0 0 -1
    outer loop
      vertex -13.1528 102.362 -3
      vertex -13.3249 102.607 -3
      vertex -13.2073 102.698 -3
    endloop
  endfacet
  facet normal 0 0 -1
    outer loop
      vertex -13.3 102.268 -3
      vertex -13.45 102.528 -3
      vertex -13.3249 102.607 -3
    endloop
  endfacet
  facet normal 0 0 -1
    outer loop
      vertex -13.4548 102.187 -3
      vertex -13.45 102.528 -3
      vertex -13.3 102.268 -3
    endloop
  endfacet
  facet normal 0 0 -1
    outer loop
      vertex -13.4548 102.187 -3
      vertex -13.5815 102.459 -3
      vertex -13.45 102.528 -3
    endloop
  endfacet
  facet normal 0 0 -1
    outer loop
      vertex -13.616 102.121 -3
      vertex -13.5815 102.459 -3
      vertex -13.4548 102.187 -3
    endloop
  endfacet
  facet normal 0 0 -1
    outer loop
      vertex -13.616 102.121 -3
      vertex -13.7186 102.403 -3
      vertex -13.5815 102.459 -3
    endloop
  endfacet
  facet normal 0 0 -1
    outer loop
      vertex -13.7824 102.068 -3
      vertex -13.7186 102.403 -3
      vertex -13.616 102.121 -3
    endloop
  endfacet
  facet normal 0 0 -1
    outer loop
      vertex -13.7824 102.068 -3
      vertex -13.86 102.358 -3
      vertex -13.7186 102.403 -3
    endloop
  endfacet
  facet normal 0 0 -1
    outer loop
      vertex -13.9527 102.03 -3
      vertex -13.86 102.358 -3
      vertex -13.7824 102.068 -3
    endloop
  endfacet
  facet normal 0 0 -1
    outer loop
      vertex -13.9527 102.03 -3
      vertex -14.0048 102.326 -3
      vertex -13.86 102.358 -3
    endloop
  endfacet
  facet normal 0 0 -1
    outer loop
      vertex -14.1257 102.008 -3
      vertex -14.0048 102.326 -3
      vertex -13.9527 102.03 -3
    endloop
  endfacet
  facet normal 0 0 -1
    outer loop
      vertex -14.1257 102.008 -3
      vertex -14.1518 102.306 -3
      vertex -14.0048 102.326 -3
    endloop
  endfacet
  facet normal 0 0 -1
    outer loop
      vertex -14.3 102 -3
      vertex -14.1518 102.306 -3
      vertex -14.1257 102.008 -3
    endloop
  endfacet
  facet normal 0 0 -1
    outer loop
      vertex -14.3 102 -3
      vertex -14.3 102.3 -3
      vertex -14.1518 102.306 -3
    endloop
  endfacet
  facet normal 0 0 -1
    outer loop
      vertex -14.3 102 -3
      vertex -14.4482 102.306 -3
      vertex -14.3 102.3 -3
    endloop
  endfacet
  facet normal 0 0 -1
    outer loop
      vertex -14.4743 102.008 -3
      vertex -14.4482 102.306 -3
      vertex -14.3 102 -3
    endloop
  endfacet
  facet normal 0 0 -1
    outer loop
      vertex -14.4743 102.008 -3
      vertex -14.5952 102.326 -3
      vertex -14.4482 102.306 -3
    endloop
  endfacet
  facet normal 0 0 -1
    outer loop
      vertex -14.6473 102.03 -3
      vertex -14.5952 102.326 -3
      vertex -14.4743 102.008 -3
    endloop
  endfacet
  facet normal 0 0 -1
    outer loop
      vertex -14.6473 102.03 -3
      vertex -14.74 102.358 -3
      vertex -14.5952 102.326 -3
    endloop
  endfacet
  facet normal 0 0 -1
    outer loop
      vertex -14.8176 102.068 -3
      vertex -14.74 102.358 -3
      vertex -14.6473 102.03 -3
    endloop
  endfacet
  facet normal 0 0 -1
    outer loop
      vertex -14.8176 102.068 -3
      vertex -14.8814 102.403 -3
      vertex -14.74 102.358 -3
    endloop
  endfacet
  facet normal 0 0 -1
    outer loop
      vertex -14.984 102.121 -3
      vertex -14.8814 102.403 -3
      vertex -14.8176 102.068 -3
    endloop
  endfacet
  facet normal 0 0 -1
    outer loop
      vertex -14.984 102.121 -3
      vertex -15.0185 102.459 -3
      vertex -14.8814 102.403 -3
    endloop
  endfacet
  facet normal 0 0 -1
    outer loop
      vertex -15.1452 102.187 -3
      vertex -15.0185 102.459 -3
      vertex -14.984 102.121 -3
    endloop
  endfacet
  facet normal 0 0 -1
    outer loop
      vertex -15.1452 102.187 -3
      vertex -15.15 102.528 -3
      vertex -15.0185 102.459 -3
    endloop
  endfacet
  facet normal 0 0 -1
    outer loop
      vertex -15.3 102.268 -3
      vertex -15.15 102.528 -3
      vertex -15.1452 102.187 -3
    endloop
  endfacet
  facet normal -0 0 -1
    outer loop
      vertex -15.15 102.528 -3
      vertex -15.3 102.268 -3
      vertex -15.2751 102.607 -3
    endloop
  endfacet
  facet normal 0 0 -1
    outer loop
      vertex -15.4472 102.362 -3
      vertex -15.2751 102.607 -3
      vertex -15.3 102.268 -3
    endloop
  endfacet
  facet normal -0 0 -1
    outer loop
      vertex -15.2751 102.607 -3
      vertex -15.4472 102.362 -3
      vertex -15.3927 102.698 -3
    endloop
  endfacet
  facet normal 0 0 -1
    outer loop
      vertex -15.5856 102.468 -3
      vertex -15.3927 102.698 -3
      vertex -15.4472 102.362 -3
    endloop
  endfacet
  facet normal -0 0 -1
    outer loop
      vertex -15.3927 102.698 -3
      vertex -15.5856 102.468 -3
      vertex -15.5021 102.798 -3
    endloop
  endfacet
  facet normal 0 0 -1
    outer loop
      vertex -15.7142 102.586 -3
      vertex -15.5021 102.798 -3
      vertex -15.5856 102.468 -3
    endloop
  endfacet
  facet normal -0 0 -1
    outer loop
      vertex -15.5021 102.798 -3
      vertex -15.7142 102.586 -3
      vertex -15.6023 102.907 -3
    endloop
  endfacet
  facet normal 0 0 -1
    outer loop
      vertex -15.8321 102.714 -3
      vertex -15.6023 102.907 -3
      vertex -15.7142 102.586 -3
    endloop
  endfacet
  facet normal -0 0 -1
    outer loop
      vertex -15.6023 102.907 -3
      vertex -15.8321 102.714 -3
      vertex -15.6926 103.025 -3
    endloop
  endfacet
  facet normal 0 0 -1
    outer loop
      vertex -15.9383 102.853 -3
      vertex -15.6926 103.025 -3
      vertex -15.8321 102.714 -3
    endloop
  endfacet
  facet normal -0 0 -1
    outer loop
      vertex -15.6926 103.025 -3
      vertex -15.9383 102.853 -3
      vertex -15.7722 103.15 -3
    endloop
  endfacet
  facet normal 0 0 -1
    outer loop
      vertex -16.0321 103 -3
      vertex -15.7722 103.15 -3
      vertex -15.9383 102.853 -3
    endloop
  endfacet
  facet normal -0 0 -1
    outer loop
      vertex -15.7722 103.15 -3
      vertex -16.0321 103 -3
      vertex -15.8407 103.282 -3
    endloop
  endfacet
  facet normal 0 0 -1
    outer loop
      vertex -16.1126 103.155 -3
      vertex -15.8407 103.282 -3
      vertex -16.0321 103 -3
    endloop
  endfacet
  facet normal -0 0 -1
    outer loop
      vertex -15.8407 103.282 -3
      vertex -16.1126 103.155 -3
      vertex -15.8975 103.419 -3
    endloop
  endfacet
  facet normal 0 0 -1
    outer loop
      vertex -16.1794 103.316 -3
      vertex -15.8975 103.419 -3
      vertex -16.1126 103.155 -3
    endloop
  endfacet
  facet normal 0 0 -1
    outer loop
      vertex -16.2319 103.482 -3
      vertex -15.9421 103.56 -3
      vertex -16.1794 103.316 -3
    endloop
  endfacet
  facet normal -0 0 -1
    outer loop
      vertex -15.8975 103.419 -3
      vertex -16.1794 103.316 -3
      vertex -15.9421 103.56 -3
    endloop
  endfacet
  facet normal -0 0 -1
    outer loop
      vertex -12.3681 104.518 -3
      vertex -12.6579 104.44 -3
      vertex -12.4206 104.684 -3
    endloop
  endfacet
  facet normal 0 0 -1
    outer loop
      vertex -12.7025 104.581 -3
      vertex -12.4206 104.684 -3
      vertex -12.6579 104.44 -3
    endloop
  endfacet
  facet normal -0 0 -1
    outer loop
      vertex -12.4206 104.684 -3
      vertex -12.7025 104.581 -3
      vertex -12.4874 104.845 -3
    endloop
  endfacet
  facet normal 0 0 -1
    outer loop
      vertex -12.7593 104.718 -3
      vertex -12.4874 104.845 -3
      vertex -12.7025 104.581 -3
    endloop
  endfacet
  facet normal -0 0 -1
    outer loop
      vertex -12.4874 104.845 -3
      vertex -12.7593 104.718 -3
      vertex -12.568 105 -3
    endloop
  endfacet
  facet normal 0 0 -1
    outer loop
      vertex -12.8278 104.85 -3
      vertex -12.568 105 -3
      vertex -12.7593 104.718 -3
    endloop
  endfacet
  facet normal -0 0 -1
    outer loop
      vertex -12.568 105 -3
      vertex -12.8278 104.85 -3
      vertex -12.6617 105.147 -3
    endloop
  endfacet
  facet normal 0 0 -1
    outer loop
      vertex -12.9074 104.975 -3
      vertex -12.6617 105.147 -3
      vertex -12.8278 104.85 -3
    endloop
  endfacet
  facet normal -0 0 -1
    outer loop
      vertex -12.6617 105.147 -3
      vertex -12.9074 104.975 -3
      vertex -12.7679 105.286 -3
    endloop
  endfacet
  facet normal 0 0 -1
    outer loop
      vertex -12.9977 105.093 -3
      vertex -12.7679 105.286 -3
      vertex -12.9074 104.975 -3
    endloop
  endfacet
  facet normal -0 0 -1
    outer loop
      vertex -12.7679 105.286 -3
      vertex -12.9977 105.093 -3
      vertex -12.8858 105.414 -3
    endloop
  endfacet
  facet normal 0 0 -1
    outer loop
      vertex -13.0979 105.202 -3
      vertex -12.8858 105.414 -3
      vertex -12.9977 105.093 -3
    endloop
  endfacet
  facet normal -0 0 -1
    outer loop
      vertex -12.8858 105.414 -3
      vertex -13.0979 105.202 -3
      vertex -13.0144 105.532 -3
    endloop
  endfacet
  facet normal 0 0 -1
    outer loop
      vertex -13.2073 105.302 -3
      vertex -13.0144 105.532 -3
      vertex -13.0979 105.202 -3
    endloop
  endfacet
  facet normal -0 0 -1
    outer loop
      vertex -13.0144 105.532 -3
      vertex -13.2073 105.302 -3
      vertex -13.1528 105.638 -3
    endloop
  endfacet
  facet normal 0 0 -1
    outer loop
      vertex -13.3249 105.393 -3
      vertex -13.1528 105.638 -3
      vertex -13.2073 105.302 -3
    endloop
  endfacet
  facet normal -0 0 -1
    outer loop
      vertex -13.1528 105.638 -3
      vertex -13.3249 105.393 -3
      vertex -13.3 105.732 -3
    endloop
  endfacet
  facet normal 0 0 -1
    outer loop
      vertex -13.45 105.472 -3
      vertex -13.3 105.732 -3
      vertex -13.3249 105.393 -3
    endloop
  endfacet
  facet normal 0 0 -1
    outer loop
      vertex -13.45 105.472 -3
      vertex -13.4548 105.813 -3
      vertex -13.3 105.732 -3
    endloop
  endfacet
  facet normal 0 0 -1
    outer loop
      vertex -13.5815 105.541 -3
      vertex -13.4548 105.813 -3
      vertex -13.45 105.472 -3
    endloop
  endfacet
  facet normal 0 0 -1
    outer loop
      vertex -13.5815 105.541 -3
      vertex -13.616 105.879 -3
      vertex -13.4548 105.813 -3
    endloop
  endfacet
  facet normal 0 0 -1
    outer loop
      vertex -13.7186 105.597 -3
      vertex -13.616 105.879 -3
      vertex -13.5815 105.541 -3
    endloop
  endfacet
  facet normal 0 0 -1
    outer loop
      vertex -13.7186 105.597 -3
      vertex -13.7824 105.932 -3
      vertex -13.616 105.879 -3
    endloop
  endfacet
  facet normal 0 0 -1
    outer loop
      vertex -13.86 105.642 -3
      vertex -13.7824 105.932 -3
      vertex -13.7186 105.597 -3
    endloop
  endfacet
  facet normal 0 0 -1
    outer loop
      vertex -13.86 105.642 -3
      vertex -13.9527 105.97 -3
      vertex -13.7824 105.932 -3
    endloop
  endfacet
  facet normal 0 0 -1
    outer loop
      vertex -14.0048 105.674 -3
      vertex -13.9527 105.97 -3
      vertex -13.86 105.642 -3
    endloop
  endfacet
  facet normal 0 0 -1
    outer loop
      vertex -14.0048 105.674 -3
      vertex -14.1257 105.992 -3
      vertex -13.9527 105.97 -3
    endloop
  endfacet
  facet normal 0 0 -1
    outer loop
      vertex -14.1518 105.694 -3
      vertex -14.1257 105.992 -3
      vertex -14.0048 105.674 -3
    endloop
  endfacet
  facet normal 0 0 -1
    outer loop
      vertex -14.3 105.7 -3
      vertex -14.1257 105.992 -3
      vertex -14.1518 105.694 -3
    endloop
  endfacet
  facet normal 0 0 -1
    outer loop
      vertex -14.3 105.7 -3
      vertex -14.3 106 -3
      vertex -14.1257 105.992 -3
    endloop
  endfacet
  facet normal 0 0 -1
    outer loop
      vertex -14.4482 105.694 -3
      vertex -14.3 106 -3
      vertex -14.3 105.7 -3
    endloop
  endfacet
  facet normal 0 0 -1
    outer loop
      vertex -14.4482 105.694 -3
      vertex -14.4743 105.992 -3
      vertex -14.3 106 -3
    endloop
  endfacet
  facet normal 0 0 -1
    outer loop
      vertex -14.5952 105.674 -3
      vertex -14.4743 105.992 -3
      vertex -14.4482 105.694 -3
    endloop
  endfacet
  facet normal 0 0 -1
    outer loop
      vertex -14.5952 105.674 -3
      vertex -14.6473 105.97 -3
      vertex -14.4743 105.992 -3
    endloop
  endfacet
  facet normal 0 0 -1
    outer loop
      vertex -14.74 105.642 -3
      vertex -14.6473 105.97 -3
      vertex -14.5952 105.674 -3
    endloop
  endfacet
  facet normal 0 0 -1
    outer loop
      vertex -14.74 105.642 -3
      vertex -14.8176 105.932 -3
      vertex -14.6473 105.97 -3
    endloop
  endfacet
  facet normal 0 0 -1
    outer loop
      vertex -14.8814 105.597 -3
      vertex -14.8176 105.932 -3
      vertex -14.74 105.642 -3
    endloop
  endfacet
  facet normal 0 0 -1
    outer loop
      vertex -14.8814 105.597 -3
      vertex -14.984 105.879 -3
      vertex -14.8176 105.932 -3
    endloop
  endfacet
  facet normal 0 0 -1
    outer loop
      vertex -15.0185 105.541 -3
      vertex -14.984 105.879 -3
      vertex -14.8814 105.597 -3
    endloop
  endfacet
  facet normal 0 0 -1
    outer loop
      vertex -15.0185 105.541 -3
      vertex -15.1452 105.813 -3
      vertex -14.984 105.879 -3
    endloop
  endfacet
  facet normal 0 0 -1
    outer loop
      vertex -15.15 105.472 -3
      vertex -15.1452 105.813 -3
      vertex -15.0185 105.541 -3
    endloop
  endfacet
  facet normal 0 0 -1
    outer loop
      vertex -15.3 105.732 -3
      vertex -15.15 105.472 -3
      vertex -15.2751 105.393 -3
    endloop
  endfacet
  facet normal 0 0 -1
    outer loop
      vertex -15.15 105.472 -3
      vertex -15.3 105.732 -3
      vertex -15.1452 105.813 -3
    endloop
  endfacet
  facet normal 0 0 -1
    outer loop
      vertex -15.4472 105.638 -3
      vertex -15.2751 105.393 -3
      vertex -15.3927 105.302 -3
    endloop
  endfacet
  facet normal 0 0 -1
    outer loop
      vertex -15.2751 105.393 -3
      vertex -15.4472 105.638 -3
      vertex -15.3 105.732 -3
    endloop
  endfacet
  facet normal 0 0 -1
    outer loop
      vertex -15.5856 105.532 -3
      vertex -15.3927 105.302 -3
      vertex -15.5021 105.202 -3
    endloop
  endfacet
  facet normal 0 0 -1
    outer loop
      vertex -15.3927 105.302 -3
      vertex -15.5856 105.532 -3
      vertex -15.4472 105.638 -3
    endloop
  endfacet
  facet normal 0 0 -1
    outer loop
      vertex -15.7142 105.414 -3
      vertex -15.5021 105.202 -3
      vertex -15.6023 105.093 -3
    endloop
  endfacet
  facet normal 0 0 -1
    outer loop
      vertex -15.8321 105.286 -3
      vertex -15.6023 105.093 -3
      vertex -15.6926 104.975 -3
    endloop
  endfacet
  facet normal 0 0 -1
    outer loop
      vertex -15.5021 105.202 -3
      vertex -15.7142 105.414 -3
      vertex -15.5856 105.532 -3
    endloop
  endfacet
  facet normal 0 0 -1
    outer loop
      vertex -15.9383 105.147 -3
      vertex -15.6926 104.975 -3
      vertex -15.7722 104.85 -3
    endloop
  endfacet
  facet normal 0 0 -1
    outer loop
      vertex -15.6023 105.093 -3
      vertex -15.8321 105.286 -3
      vertex -15.7142 105.414 -3
    endloop
  endfacet
  facet normal 0 0 -1
    outer loop
      vertex -16.0321 105 -3
      vertex -15.7722 104.85 -3
      vertex -15.8407 104.718 -3
    endloop
  endfacet
  facet normal 0 0 -1
    outer loop
      vertex -16.1126 104.845 -3
      vertex -15.8407 104.718 -3
      vertex -15.8975 104.581 -3
    endloop
  endfacet
  facet normal 0 0 -1
    outer loop
      vertex -15.6926 104.975 -3
      vertex -15.9383 105.147 -3
      vertex -15.8321 105.286 -3
    endloop
  endfacet
  facet normal 0 0 -1
    outer loop
      vertex -16.1794 104.684 -3
      vertex -15.8975 104.581 -3
      vertex -15.9421 104.44 -3
    endloop
  endfacet
  facet normal 0 0 -1
    outer loop
      vertex -16.2319 104.518 -3
      vertex -15.9421 104.44 -3
      vertex -15.9742 104.295 -3
    endloop
  endfacet
  facet normal 0 0 -1
    outer loop
      vertex -16.2696 104.347 -3
      vertex -15.9742 104.295 -3
      vertex -15.9935 104.148 -3
    endloop
  endfacet
  facet normal 0 0 -1
    outer loop
      vertex -15.7722 104.85 -3
      vertex -16.0321 105 -3
      vertex -15.9383 105.147 -3
    endloop
  endfacet
  facet normal 0 0 -1
    outer loop
      vertex -16.2924 104.174 -3
      vertex -15.9935 104.148 -3
      vertex -16 104 -3
    endloop
  endfacet
  facet normal -0 0 -1
    outer loop
      vertex -15.9421 103.56 -3
      vertex -16.2319 103.482 -3
      vertex -15.9742 103.705 -3
    endloop
  endfacet
  facet normal 0 0 -1
    outer loop
      vertex -16.2696 103.653 -3
      vertex -15.9742 103.705 -3
      vertex -16.2319 103.482 -3
    endloop
  endfacet
  facet normal 0 0 -1
    outer loop
      vertex -15.8407 104.718 -3
      vertex -16.1126 104.845 -3
      vertex -16.0321 105 -3
    endloop
  endfacet
  facet normal -0 0 -1
    outer loop
      vertex -15.9742 103.705 -3
      vertex -16.2696 103.653 -3
      vertex -15.9935 103.852 -3
    endloop
  endfacet
  facet normal 0 0 -1
    outer loop
      vertex -15.8975 104.581 -3
      vertex -16.1794 104.684 -3
      vertex -16.1126 104.845 -3
    endloop
  endfacet
  facet normal 0 0 -1
    outer loop
      vertex -16.2924 103.826 -3
      vertex -15.9935 103.852 -3
      vertex -16.2696 103.653 -3
    endloop
  endfacet
  facet normal 0 0 -1
    outer loop
      vertex -15.9421 104.44 -3
      vertex -16.2319 104.518 -3
      vertex -16.1794 104.684 -3
    endloop
  endfacet
  facet normal -0 0 -1
    outer loop
      vertex -15.9935 103.852 -3
      vertex -16.2924 103.826 -3
      vertex -16 104 -3
    endloop
  endfacet
  facet normal 0 0 -1
    outer loop
      vertex -15.9742 104.295 -3
      vertex -16.2696 104.347 -3
      vertex -16.2319 104.518 -3
    endloop
  endfacet
  facet normal 0 0 -1
    outer loop
      vertex -16.3 104 -3
      vertex -16 104 -3
      vertex -16.2924 103.826 -3
    endloop
  endfacet
  facet normal 0 0 -1
    outer loop
      vertex -15.9935 104.148 -3
      vertex -16.2924 104.174 -3
      vertex -16.2696 104.347 -3
    endloop
  endfacet
  facet normal 0 0 -1
    outer loop
      vertex -16 104 -3
      vertex -16.3 104 -3
      vertex -16.2924 104.174 -3
    endloop
  endfacet
  facet normal -0.538209 0.842812 0
    outer loop
      vertex -13.1528 102.362 -7.8
      vertex -13.3 102.268 -3
      vertex -13.1528 102.362 -3
    endloop
  endfacet
  facet normal -0.538209 0.842812 0
    outer loop
      vertex -13.3 102.268 -3
      vertex -13.1528 102.362 -7.8
      vertex -13.3 102.268 -7.8
    endloop
  endfacet
  facet normal -0.96065 -0.0423974 -0.274506
    outer loop
      vertex -11.965 104.179 -9
      vertex -11.9571 104 -9
      vertex -12.3 104 -7.8
    endloop
  endfacet
  facet normal 0.953808 0.122087 -0.27449
    outer loop
      vertex -16.2924 103.826 -7.8
      vertex -16.6307 103.771 -9
      vertex -16.6339 103.796 -9
    endloop
  endfacet
  facet normal 0.953338 0.125642 -0.27452
    outer loop
      vertex -16.6307 103.771 -9
      vertex -16.2924 103.826 -7.8
      vertex -16.2696 103.653 -7.8
    endloop
  endfacet
  facet normal -0.917752 -0.286798 -0.274733
    outer loop
      vertex -12.037 104.606 -9
      vertex -12.4206 104.684 -7.8
      vertex -12.0445 104.63 -9
    endloop
  endfacet
  facet normal -0.916895 -0.289982 -0.274252
    outer loop
      vertex -12.4206 104.684 -7.8
      vertex -12.037 104.606 -9
      vertex -12.3681 104.518 -7.8
    endloop
  endfacet
  facet normal -0.852875 -0.444139 -0.27449
    outer loop
      vertex -12.2595 105.149 -9
      vertex -12.1767 104.99 -9
      vertex -12.4874 104.845 -7.8
    endloop
  endfacet
  facet normal -0.369403 -0.887637 -0.275031
    outer loop
      vertex -13.4987 106.202 -9
      vertex -13.3329 106.133 -9
      vertex -13.616 105.879 -7.8
    endloop
  endfacet
  facet normal -0.444608 0.852791 -0.273991
    outer loop
      vertex -13.1507 101.96 -9
      vertex -13.3099 101.877 -9
      vertex -13.4548 102.187 -7.8
    endloop
  endfacet
  facet normal 0.708355 -0.650399 -0.274252
    outer loop
      vertex -15.9735 105.638 -9
      vertex -15.8321 105.286 -7.8
      vertex -16.0947 105.506 -9
    endloop
  endfacet
  facet normal 0.96065 -0.0423974 -0.274506
    outer loop
      vertex -16.635 104.179 -9
      vertex -16.3 104 -7.8
      vertex -16.6429 104 -9
    endloop
  endfacet
  facet normal 0.707288 0.651479 -0.274443
    outer loop
      vertex -15.7142 102.586 -7.8
      vertex -15.9735 102.362 -9
      vertex -15.8321 102.714 -7.8
    endloop
  endfacet
  facet normal 0.720358 0.636949 -0.274555
    outer loop
      vertex -15.9735 102.362 -9
      vertex -15.7142 102.586 -7.8
      vertex -15.9567 102.343 -9
    endloop
  endfacet
  facet normal 0.852225 -0.445481 -0.274336
    outer loop
      vertex -16.0321 105 -7.8
      vertex -16.3405 105.149 -9
      vertex -16.329 105.171 -9
    endloop
  endfacet
  facet normal 0.853398 -0.443216 -0.274356
    outer loop
      vertex -16.3405 105.149 -9
      vertex -16.0321 105 -7.8
      vertex -16.1126 104.845 -7.8
    endloop
  endfacet
  facet normal 0.291844 0.916279 -0.274337
    outer loop
      vertex -14.9064 101.737 -9
      vertex -14.984 102.121 -7.8
      vertex -14.8176 102.068 -7.8
    endloop
  endfacet
  facet normal 0.272156 0.921443 -0.277262
    outer loop
      vertex -14.984 102.121 -7.8
      vertex -14.9064 101.737 -9
      vertex -14.9301 101.744 -9
    endloop
  endfacet
  facet normal -0.0440854 -0.96051 -0.27473
    outer loop
      vertex -14.1207 106.335 -9
      vertex -14.1257 105.992 -7.8
      vertex -14.3 106 -7.8
    endloop
  endfacet
  facet normal -0.0385837 -0.960735 -0.274771
    outer loop
      vertex -14.1257 105.992 -7.8
      vertex -14.1207 106.335 -9
      vertex -14.0958 106.334 -9
    endloop
  endfacet
  facet normal -0.518972 -0.80949 -0.27458
    outer loop
      vertex -13.1075 106.016 -9
      vertex -12.9562 105.919 -9
      vertex -13.1528 105.638 -7.8
    endloop
  endfacet
  facet normal 0.504061 -0.81813 -0.276739
    outer loop
      vertex -15.4714 106.029 -9
      vertex -15.4472 105.638 -7.8
      vertex -15.4925 106.016 -9
    endloop
  endfacet
  facet normal 0.517534 -0.810436 -0.274504
    outer loop
      vertex -15.4472 105.638 -7.8
      vertex -15.4714 106.029 -9
      vertex -15.3 105.732 -7.8
    endloop
  endfacet
  facet normal 0.0385837 -0.960735 -0.274771
    outer loop
      vertex -14.4793 106.335 -9
      vertex -14.4743 105.992 -7.8
      vertex -14.5042 106.334 -9
    endloop
  endfacet
  facet normal 0.0440854 -0.96051 -0.27473
    outer loop
      vertex -14.4743 105.992 -7.8
      vertex -14.4793 106.335 -9
      vertex -14.3 106 -7.8
    endloop
  endfacet
  facet normal -0.708355 -0.650399 -0.274252
    outer loop
      vertex -12.6265 105.638 -9
      vertex -12.5053 105.506 -9
      vertex -12.7679 105.286 -7.8
    endloop
  endfacet
  facet normal -0.272156 0.921443 -0.277262
    outer loop
      vertex -13.6936 101.737 -9
      vertex -13.616 102.121 -7.8
      vertex -13.6699 101.744 -9
    endloop
  endfacet
  facet normal -0.291844 0.916279 -0.274337
    outer loop
      vertex -13.616 102.121 -7.8
      vertex -13.6936 101.737 -9
      vertex -13.7824 102.068 -7.8
    endloop
  endfacet
  facet normal -0.96065 0.0423974 -0.274506
    outer loop
      vertex -11.9571 104 -9
      vertex -11.965 103.821 -9
      vertex -12.3 104 -7.8
    endloop
  endfacet
  facet normal -0.953367 0.12533 -0.27456
    outer loop
      vertex -11.9693 103.771 -9
      vertex -11.9927 103.593 -9
      vertex -12.3304 103.653 -7.8
    endloop
  endfacet
  facet normal -0.938728 0.208666 -0.274313
    outer loop
      vertex -11.9981 103.569 -9
      vertex -12.037 103.394 -9
      vertex -12.3681 103.482 -7.8
    endloop
  endfacet
  facet normal -0.960685 0.041961 -0.27445
    outer loop
      vertex -11.965 103.821 -9
      vertex -12.3076 103.826 -7.8
      vertex -12.3 104 -7.8
    endloop
  endfacet
  facet normal -0.960672 0.0422696 -0.274448
    outer loop
      vertex -12.3076 103.826 -7.8
      vertex -11.965 103.821 -9
      vertex -11.9661 103.796 -9
    endloop
  endfacet
  facet normal 0.762043 -0.586559 -0.274296
    outer loop
      vertex -16.0947 105.506 -9
      vertex -15.8321 105.286 -7.8
      vertex -16.204 105.364 -9
    endloop
  endfacet
  facet normal 0.651842 -0.706875 -0.274645
    outer loop
      vertex -15.806 105.795 -9
      vertex -15.5856 105.532 -7.8
      vertex -15.9383 105.673 -9
    endloop
  endfacet
  facet normal 0.720358 -0.636949 -0.274555
    outer loop
      vertex -15.7142 105.414 -7.8
      vertex -15.9735 105.638 -9
      vertex -15.9567 105.657 -9
    endloop
  endfacet
  facet normal 0.707288 -0.651479 -0.274443
    outer loop
      vertex -15.9735 105.638 -9
      vertex -15.7142 105.414 -7.8
      vertex -15.8321 105.286 -7.8
    endloop
  endfacet
  facet normal 0.960672 -0.0422696 -0.274448
    outer loop
      vertex -16.2924 104.174 -7.8
      vertex -16.635 104.179 -9
      vertex -16.6339 104.204 -9
    endloop
  endfacet
  facet normal 0.960685 -0.041961 -0.27445
    outer loop
      vertex -16.635 104.179 -9
      vertex -16.2924 104.174 -7.8
      vertex -16.3 104 -7.8
    endloop
  endfacet
  facet normal 0.651842 0.706875 -0.274645
    outer loop
      vertex -15.5856 102.468 -7.8
      vertex -15.806 102.205 -9
      vertex -15.9383 102.327 -9
    endloop
  endfacet
  facet normal 0.953367 0.12533 -0.27456
    outer loop
      vertex -16.2696 103.653 -7.8
      vertex -16.6073 103.593 -9
      vertex -16.6307 103.771 -9
    endloop
  endfacet
  facet normal 0.853398 0.443216 -0.274356
    outer loop
      vertex -16.0321 103 -7.8
      vertex -16.3405 102.851 -9
      vertex -16.1126 103.155 -7.8
    endloop
  endfacet
  facet normal 0.852225 0.445481 -0.274336
    outer loop
      vertex -16.3405 102.851 -9
      vertex -16.0321 103 -7.8
      vertex -16.329 102.829 -9
    endloop
  endfacet
  facet normal 0.917125 -0.289082 -0.274433
    outer loop
      vertex -16.5016 104.801 -9
      vertex -16.1794 104.684 -7.8
      vertex -16.5555 104.63 -9
    endloop
  endfacet
  facet normal 0.765456 -0.581747 -0.275041
    outer loop
      vertex -15.8321 105.286 -7.8
      vertex -16.2192 105.344 -9
      vertex -16.204 105.364 -9
    endloop
  endfacet
  facet normal 0.764052 -0.583758 -0.274685
    outer loop
      vertex -16.2192 105.344 -9
      vertex -15.8321 105.286 -7.8
      vertex -15.9383 105.147 -7.8
    endloop
  endfacet
  facet normal 0.812015 -0.514989 -0.274623
    outer loop
      vertex -16.2192 105.344 -9
      vertex -15.9383 105.147 -7.8
      vertex -16.3156 105.192 -9
    endloop
  endfacet
  facet normal 0.852875 -0.444139 -0.27449
    outer loop
      vertex -16.3405 105.149 -9
      vertex -16.1126 104.845 -7.8
      vertex -16.4233 104.99 -9
    endloop
  endfacet
  facet normal -0.289208 -0.916895 -0.275068
    outer loop
      vertex -13.4987 106.202 -9
      vertex -13.616 105.879 -7.8
      vertex -13.6699 106.256 -9
    endloop
  endfacet
  facet normal -0.444608 -0.852791 -0.273991
    outer loop
      vertex -13.3099 106.123 -9
      vertex -13.1507 106.04 -9
      vertex -13.4548 105.813 -7.8
    endloop
  endfacet
  facet normal -0.364365 -0.889934 -0.274329
    outer loop
      vertex -13.3329 106.133 -9
      vertex -13.4548 105.813 -7.8
      vertex -13.616 105.879 -7.8
    endloop
  endfacet
  facet normal -0.383451 -0.881938 -0.274136
    outer loop
      vertex -13.4548 105.813 -7.8
      vertex -13.3329 106.133 -9
      vertex -13.3099 106.123 -9
    endloop
  endfacet
  facet normal 0.518972 -0.80949 -0.27458
    outer loop
      vertex -15.4925 106.016 -9
      vertex -15.4472 105.638 -7.8
      vertex -15.6438 105.919 -9
    endloop
  endfacet
  facet normal 0.444608 -0.852791 -0.273991
    outer loop
      vertex -15.2901 106.123 -9
      vertex -15.1452 105.813 -7.8
      vertex -15.4493 106.04 -9
    endloop
  endfacet
  facet normal 0.272156 -0.921443 -0.277262
    outer loop
      vertex -14.9064 106.263 -9
      vertex -14.984 105.879 -7.8
      vertex -14.9301 106.256 -9
    endloop
  endfacet
  facet normal 0.291844 -0.916279 -0.274337
    outer loop
      vertex -14.984 105.879 -7.8
      vertex -14.9064 106.263 -9
      vertex -14.8176 105.932 -7.8
    endloop
  endfacet
  facet normal 0.208946 -0.938649 -0.274373
    outer loop
      vertex -14.7312 106.302 -9
      vertex -14.8176 105.932 -7.8
      vertex -14.9064 106.263 -9
    endloop
  endfacet
  facet normal -0.762043 -0.586559 -0.274296
    outer loop
      vertex -12.5053 105.506 -9
      vertex -12.396 105.364 -9
      vertex -12.7679 105.286 -7.8
    endloop
  endfacet
  facet normal -0.718481 -0.63907 -0.274545
    outer loop
      vertex -12.6265 105.638 -9
      vertex -12.8858 105.414 -7.8
      vertex -12.6434 105.657 -9
    endloop
  endfacet
  facet normal -0.707288 -0.651479 -0.274443
    outer loop
      vertex -12.8858 105.414 -7.8
      vertex -12.6265 105.638 -9
      vertex -12.7679 105.286 -7.8
    endloop
  endfacet
  facet normal -0.651842 -0.706875 -0.274645
    outer loop
      vertex -12.794 105.795 -9
      vertex -12.6617 105.673 -9
      vertex -13.0144 105.532 -7.8
    endloop
  endfacet
  facet normal -0.938728 -0.208666 -0.274313
    outer loop
      vertex -12.037 104.606 -9
      vertex -11.9981 104.431 -9
      vertex -12.3681 104.518 -7.8
    endloop
  endfacet
  facet normal -0.887387 -0.370387 -0.274514
    outer loop
      vertex -12.1671 104.967 -9
      vertex -12.4874 104.845 -7.8
      vertex -12.1767 104.99 -9
    endloop
  endfacet
  facet normal -0.888165 -0.368506 -0.274531
    outer loop
      vertex -12.4874 104.845 -7.8
      vertex -12.1671 104.967 -9
      vertex -12.4206 104.684 -7.8
    endloop
  endfacet
  facet normal -0.810669 -0.517284 -0.274286
    outer loop
      vertex -12.271 105.171 -9
      vertex -12.6617 105.147 -7.8
      vertex -12.2844 105.192 -9
    endloop
  endfacet
  facet normal -0.810903 -0.516882 -0.274354
    outer loop
      vertex -12.6617 105.147 -7.8
      vertex -12.271 105.171 -9
      vertex -12.568 105 -7.8
    endloop
  endfacet
  facet normal -0.632939 0.723924 -0.274448
    outer loop
      vertex -12.6617 102.327 -9
      vertex -12.8858 102.586 -7.8
      vertex -12.6434 102.343 -9
    endloop
  endfacet
  facet normal -0.650147 0.70855 -0.274344
    outer loop
      vertex -12.8858 102.586 -7.8
      vertex -12.6617 102.327 -9
      vertex -13.0144 102.468 -7.8
    endloop
  endfacet
  facet normal 0.115926 0.954456 -0.274908
    outer loop
      vertex -14.5289 101.669 -9
      vertex -14.4743 102.008 -7.8
      vertex -14.5042 101.666 -9
    endloop
  endfacet
  facet normal 0.121289 0.953775 -0.27496
    outer loop
      vertex -14.4743 102.008 -7.8
      vertex -14.5289 101.669 -9
      vertex -14.6473 102.03 -7.8
    endloop
  endfacet
  facet normal -0.289208 0.916895 -0.275068
    outer loop
      vertex -13.616 102.121 -7.8
      vertex -13.4987 101.798 -9
      vertex -13.6699 101.744 -9
    endloop
  endfacet
  facet normal -0.428504 0.860904 -0.274278
    outer loop
      vertex -13.1507 101.96 -9
      vertex -13.3 102.268 -7.8
      vertex -13.1286 101.971 -9
    endloop
  endfacet
  facet normal -0.445856 0.852081 -0.274173
    outer loop
      vertex -13.3 102.268 -7.8
      vertex -13.1507 101.96 -9
      vertex -13.4548 102.187 -7.8
    endloop
  endfacet
  facet normal -0.518972 0.80949 -0.27458
    outer loop
      vertex -12.9562 102.081 -9
      vertex -13.1075 101.984 -9
      vertex -13.1528 102.362 -7.8
    endloop
  endfacet
  facet normal -0.917752 0.286798 -0.274733
    outer loop
      vertex -12.4206 103.316 -7.8
      vertex -12.037 103.394 -9
      vertex -12.0445 103.37 -9
    endloop
  endfacet
  facet normal -0.916895 0.289982 -0.274252
    outer loop
      vertex -12.037 103.394 -9
      vertex -12.4206 103.316 -7.8
      vertex -12.3681 103.482 -7.8
    endloop
  endfacet
  facet normal 0.630982 -0.725629 -0.274451
    outer loop
      vertex -15.9383 105.673 -9
      vertex -15.7142 105.414 -7.8
      vertex -15.9567 105.657 -9
    endloop
  endfacet
  facet normal 0.650147 -0.70855 -0.274344
    outer loop
      vertex -15.7142 105.414 -7.8
      vertex -15.9383 105.673 -9
      vertex -15.5856 105.532 -7.8
    endloop
  endfacet
  facet normal 0.96065 0.0423974 -0.274506
    outer loop
      vertex -16.3 104 -7.8
      vertex -16.635 103.821 -9
      vertex -16.6429 104 -9
    endloop
  endfacet
  facet normal 0.960685 0.041961 -0.27445
    outer loop
      vertex -16.2924 103.826 -7.8
      vertex -16.635 103.821 -9
      vertex -16.3 104 -7.8
    endloop
  endfacet
  facet normal 0.960672 0.0422696 -0.274448
    outer loop
      vertex -16.635 103.821 -9
      vertex -16.2924 103.826 -7.8
      vertex -16.6339 103.796 -9
    endloop
  endfacet
  facet normal 0.938118 0.211077 -0.274556
    outer loop
      vertex -16.2696 103.653 -7.8
      vertex -16.6019 103.569 -9
      vertex -16.6073 103.593 -9
    endloop
  endfacet
  facet normal 0.93903 0.207026 -0.274525
    outer loop
      vertex -16.6019 103.569 -9
      vertex -16.2696 103.653 -7.8
      vertex -16.2319 103.482 -7.8
    endloop
  endfacet
  facet normal 0.888165 0.368506 -0.274531
    outer loop
      vertex -16.1126 103.155 -7.8
      vertex -16.4329 103.033 -9
      vertex -16.1794 103.316 -7.8
    endloop
  endfacet
  facet normal 0.887387 0.370387 -0.274514
    outer loop
      vertex -16.4329 103.033 -9
      vertex -16.1126 103.155 -7.8
      vertex -16.4233 103.01 -9
    endloop
  endfacet
  facet normal 0.888524 0.36772 -0.274421
    outer loop
      vertex -16.1794 103.316 -7.8
      vertex -16.4329 103.033 -9
      vertex -16.5016 103.199 -9
    endloop
  endfacet
  facet normal 0.650147 0.70855 -0.274344
    outer loop
      vertex -15.9383 102.327 -9
      vertex -15.7142 102.586 -7.8
      vertex -15.5856 102.468 -7.8
    endloop
  endfacet
  facet normal 0.630982 0.725629 -0.274451
    outer loop
      vertex -15.7142 102.586 -7.8
      vertex -15.9383 102.327 -9
      vertex -15.9567 102.343 -9
    endloop
  endfacet
  facet normal 0.953338 -0.125642 -0.27452
    outer loop
      vertex -16.2924 104.174 -7.8
      vertex -16.6307 104.229 -9
      vertex -16.2696 104.347 -7.8
    endloop
  endfacet
  facet normal 0.953808 -0.122087 -0.27449
    outer loop
      vertex -16.6307 104.229 -9
      vertex -16.2924 104.174 -7.8
      vertex -16.6339 104.204 -9
    endloop
  endfacet
  facet normal 0.917752 -0.286798 -0.274733
    outer loop
      vertex -16.1794 104.684 -7.8
      vertex -16.563 104.606 -9
      vertex -16.5555 104.63 -9
    endloop
  endfacet
  facet normal 0.916895 -0.289982 -0.274252
    outer loop
      vertex -16.563 104.606 -9
      vertex -16.1794 104.684 -7.8
      vertex -16.2319 104.518 -7.8
    endloop
  endfacet
  facet normal 0.887387 -0.370387 -0.274514
    outer loop
      vertex -16.1126 104.845 -7.8
      vertex -16.4329 104.967 -9
      vertex -16.4233 104.99 -9
    endloop
  endfacet
  facet normal 0.888165 -0.368506 -0.274531
    outer loop
      vertex -16.4329 104.967 -9
      vertex -16.1126 104.845 -7.8
      vertex -16.1794 104.684 -7.8
    endloop
  endfacet
  facet normal 0.888524 -0.36772 -0.274421
    outer loop
      vertex -16.4329 104.967 -9
      vertex -16.1794 104.684 -7.8
      vertex -16.5016 104.801 -9
    endloop
  endfacet
  facet normal 0.810669 -0.517284 -0.274286
    outer loop
      vertex -15.9383 105.147 -7.8
      vertex -16.329 105.171 -9
      vertex -16.3156 105.192 -9
    endloop
  endfacet
  facet normal 0.810669 -0.517284 -0.274286
    outer loop
      vertex -16.329 105.171 -9
      vertex -15.9383 105.147 -7.8
      vertex -16.0321 105 -7.8
    endloop
  endfacet
  facet normal 0.517534 0.810436 -0.274504
    outer loop
      vertex -15.4714 101.971 -9
      vertex -15.4472 102.362 -7.8
      vertex -15.3 102.268 -7.8
    endloop
  endfacet
  facet normal 0.504061 0.81813 -0.276739
    outer loop
      vertex -15.4472 102.362 -7.8
      vertex -15.4714 101.971 -9
      vertex -15.4925 101.984 -9
    endloop
  endfacet
  facet normal 0.584443 0.763529 -0.274683
    outer loop
      vertex -15.5856 102.468 -7.8
      vertex -15.6636 102.096 -9
      vertex -15.806 102.205 -9
    endloop
  endfacet
  facet normal -0.193055 -0.942111 -0.274148
    outer loop
      vertex -13.8688 106.302 -9
      vertex -13.9527 105.97 -7.8
      vertex -13.8932 106.307 -9
    endloop
  endfacet
  facet normal -0.209426 -0.93856 -0.274311
    outer loop
      vertex -13.9527 105.97 -7.8
      vertex -13.8688 106.302 -9
      vertex -13.7824 105.932 -7.8
    endloop
  endfacet
  facet normal -0.128578 -0.953086 -0.274034
    outer loop
      vertex -13.8932 106.307 -9
      vertex -13.9527 105.97 -7.8
      vertex -14.0711 106.331 -9
    endloop
  endfacet
  facet normal 0.0428605 -0.96061 -0.274574
    outer loop
      vertex -14.3 106.343 -9
      vertex -14.3 106 -7.8
      vertex -14.4793 106.335 -9
    endloop
  endfacet
  facet normal -0.0428605 -0.96061 -0.274574
    outer loop
      vertex -14.3 106.343 -9
      vertex -14.1207 106.335 -9
      vertex -14.3 106 -7.8
    endloop
  endfacet
  facet normal 0.128578 -0.953086 -0.274034
    outer loop
      vertex -14.5289 106.331 -9
      vertex -14.6473 105.97 -7.8
      vertex -14.7068 106.307 -9
    endloop
  endfacet
  facet normal 0.209426 -0.93856 -0.274311
    outer loop
      vertex -14.7312 106.302 -9
      vertex -14.6473 105.97 -7.8
      vertex -14.8176 105.932 -7.8
    endloop
  endfacet
  facet normal 0.193055 -0.942111 -0.274148
    outer loop
      vertex -14.6473 105.97 -7.8
      vertex -14.7312 106.302 -9
      vertex -14.7068 106.307 -9
    endloop
  endfacet
  facet normal -0.445856 -0.852081 -0.274173
    outer loop
      vertex -13.1507 106.04 -9
      vertex -13.3 105.732 -7.8
      vertex -13.4548 105.813 -7.8
    endloop
  endfacet
  facet normal -0.428504 -0.860904 -0.274278
    outer loop
      vertex -13.3 105.732 -7.8
      vertex -13.1507 106.04 -9
      vertex -13.1286 106.029 -9
    endloop
  endfacet
  facet normal -0.584443 -0.763529 -0.274683
    outer loop
      vertex -12.9364 105.904 -9
      vertex -12.794 105.795 -9
      vertex -13.0144 105.532 -7.8
    endloop
  endfacet
  facet normal 0.428504 -0.860904 -0.274278
    outer loop
      vertex -15.4493 106.04 -9
      vertex -15.3 105.732 -7.8
      vertex -15.4714 106.029 -9
    endloop
  endfacet
  facet normal 0.445856 -0.852081 -0.274173
    outer loop
      vertex -15.3 105.732 -7.8
      vertex -15.4493 106.04 -9
      vertex -15.1452 105.813 -7.8
    endloop
  endfacet
  facet normal 0.289208 -0.916895 -0.275068
    outer loop
      vertex -14.9301 106.256 -9
      vertex -14.984 105.879 -7.8
      vertex -15.1013 106.202 -9
    endloop
  endfacet
  facet normal -0.58468 -0.763394 -0.274552
    outer loop
      vertex -12.9562 105.919 -9
      vertex -13.0144 105.532 -7.8
      vertex -13.1528 105.638 -7.8
    endloop
  endfacet
  facet normal -0.580526 -0.766295 -0.275285
    outer loop
      vertex -13.0144 105.532 -7.8
      vertex -12.9562 105.919 -9
      vertex -12.9364 105.904 -9
    endloop
  endfacet
  facet normal -0.938118 -0.211077 -0.274556
    outer loop
      vertex -12.3304 104.347 -7.8
      vertex -11.9981 104.431 -9
      vertex -11.9927 104.407 -9
    endloop
  endfacet
  facet normal -0.93903 -0.207026 -0.274525
    outer loop
      vertex -11.9981 104.431 -9
      vertex -12.3304 104.347 -7.8
      vertex -12.3681 104.518 -7.8
    endloop
  endfacet
  facet normal -0.960672 -0.0422696 -0.274448
    outer loop
      vertex -11.965 104.179 -9
      vertex -12.3076 104.174 -7.8
      vertex -11.9661 104.204 -9
    endloop
  endfacet
  facet normal -0.960685 -0.041961 -0.27445
    outer loop
      vertex -12.3076 104.174 -7.8
      vertex -11.965 104.179 -9
      vertex -12.3 104 -7.8
    endloop
  endfacet
  facet normal -0.953808 -0.122087 -0.27449
    outer loop
      vertex -12.3076 104.174 -7.8
      vertex -11.9693 104.229 -9
      vertex -11.9661 104.204 -9
    endloop
  endfacet
  facet normal -0.953338 -0.125642 -0.27452
    outer loop
      vertex -11.9693 104.229 -9
      vertex -12.3076 104.174 -7.8
      vertex -12.3304 104.347 -7.8
    endloop
  endfacet
  facet normal -0.953367 -0.12533 -0.27456
    outer loop
      vertex -11.9927 104.407 -9
      vertex -11.9693 104.229 -9
      vertex -12.3304 104.347 -7.8
    endloop
  endfacet
  facet normal -0.888524 -0.36772 -0.274421
    outer loop
      vertex -12.1671 104.967 -9
      vertex -12.0984 104.801 -9
      vertex -12.4206 104.684 -7.8
    endloop
  endfacet
  facet normal -0.917125 -0.289082 -0.274433
    outer loop
      vertex -12.0984 104.801 -9
      vertex -12.0445 104.63 -9
      vertex -12.4206 104.684 -7.8
    endloop
  endfacet
  facet normal -0.852208 -0.445472 -0.274401
    outer loop
      vertex -12.2595 105.149 -9
      vertex -12.568 105 -7.8
      vertex -12.271 105.171 -9
    endloop
  endfacet
  facet normal -0.853157 -0.443642 -0.274418
    outer loop
      vertex -12.568 105 -7.8
      vertex -12.2595 105.149 -9
      vertex -12.4874 104.845 -7.8
    endloop
  endfacet
  facet normal -0.812015 -0.514989 -0.274623
    outer loop
      vertex -12.3808 105.344 -9
      vertex -12.2844 105.192 -9
      vertex -12.6617 105.147 -7.8
    endloop
  endfacet
  facet normal -0.765456 -0.581747 -0.275041
    outer loop
      vertex -12.3808 105.344 -9
      vertex -12.7679 105.286 -7.8
      vertex -12.396 105.364 -9
    endloop
  endfacet
  facet normal -0.764052 -0.583758 -0.274685
    outer loop
      vertex -12.7679 105.286 -7.8
      vertex -12.3808 105.344 -9
      vertex -12.6617 105.147 -7.8
    endloop
  endfacet
  facet normal -0.651842 0.706875 -0.274645
    outer loop
      vertex -12.6617 102.327 -9
      vertex -12.794 102.205 -9
      vertex -13.0144 102.468 -7.8
    endloop
  endfacet
  facet normal -0.584443 0.763529 -0.274683
    outer loop
      vertex -12.794 102.205 -9
      vertex -12.9364 102.096 -9
      vertex -13.0144 102.468 -7.8
    endloop
  endfacet
  facet normal -0.707288 0.651479 -0.274443
    outer loop
      vertex -12.6265 102.362 -9
      vertex -12.8858 102.586 -7.8
      vertex -12.7679 102.714 -7.8
    endloop
  endfacet
  facet normal -0.718481 0.63907 -0.274545
    outer loop
      vertex -12.8858 102.586 -7.8
      vertex -12.6265 102.362 -9
      vertex -12.6434 102.343 -9
    endloop
  endfacet
  facet normal -0.812015 0.514989 -0.274623
    outer loop
      vertex -12.2844 102.808 -9
      vertex -12.3808 102.656 -9
      vertex -12.6617 102.853 -7.8
    endloop
  endfacet
  facet normal -0.0428605 0.96061 -0.274574
    outer loop
      vertex -14.3 102 -7.8
      vertex -14.1207 101.665 -9
      vertex -14.3 101.657 -9
    endloop
  endfacet
  facet normal 0.0428605 0.96061 -0.274574
    outer loop
      vertex -14.3 102 -7.8
      vertex -14.3 101.657 -9
      vertex -14.4793 101.665 -9
    endloop
  endfacet
  facet normal 0.289208 0.916895 -0.275068
    outer loop
      vertex -14.984 102.121 -7.8
      vertex -14.9301 101.744 -9
      vertex -15.1013 101.798 -9
    endloop
  endfacet
  facet normal -0.128578 0.953086 -0.274034
    outer loop
      vertex -13.9527 102.03 -7.8
      vertex -13.8932 101.693 -9
      vertex -14.0711 101.669 -9
    endloop
  endfacet
  facet normal -0.369403 0.887637 -0.275031
    outer loop
      vertex -13.3329 101.867 -9
      vertex -13.4987 101.798 -9
      vertex -13.616 102.121 -7.8
    endloop
  endfacet
  facet normal -0.383451 0.881938 -0.274136
    outer loop
      vertex -13.3329 101.867 -9
      vertex -13.4548 102.187 -7.8
      vertex -13.3099 101.877 -9
    endloop
  endfacet
  facet normal -0.364365 0.889934 -0.274329
    outer loop
      vertex -13.4548 102.187 -7.8
      vertex -13.3329 101.867 -9
      vertex -13.616 102.121 -7.8
    endloop
  endfacet
  facet normal -0.580526 0.766295 -0.275285
    outer loop
      vertex -12.9562 102.081 -9
      vertex -13.0144 102.468 -7.8
      vertex -12.9364 102.096 -9
    endloop
  endfacet
  facet normal -0.58468 0.763394 -0.274552
    outer loop
      vertex -13.0144 102.468 -7.8
      vertex -12.9562 102.081 -9
      vertex -13.1528 102.362 -7.8
    endloop
  endfacet
  facet normal -0.888524 0.36772 -0.274421
    outer loop
      vertex -12.0984 103.199 -9
      vertex -12.1671 103.033 -9
      vertex -12.4206 103.316 -7.8
    endloop
  endfacet
  facet normal -0.917125 0.289082 -0.274433
    outer loop
      vertex -12.0445 103.37 -9
      vertex -12.0984 103.199 -9
      vertex -12.4206 103.316 -7.8
    endloop
  endfacet
  facet normal -0.938118 0.211077 -0.274556
    outer loop
      vertex -11.9981 103.569 -9
      vertex -12.3304 103.653 -7.8
      vertex -11.9927 103.593 -9
    endloop
  endfacet
  facet normal -0.93903 0.207026 -0.274525
    outer loop
      vertex -12.3304 103.653 -7.8
      vertex -11.9981 103.569 -9
      vertex -12.3681 103.482 -7.8
    endloop
  endfacet
  facet normal -0.810903 0.516882 -0.274354
    outer loop
      vertex -12.271 102.829 -9
      vertex -12.6617 102.853 -7.8
      vertex -12.568 103 -7.8
    endloop
  endfacet
  facet normal -0.810669 0.517284 -0.274286
    outer loop
      vertex -12.6617 102.853 -7.8
      vertex -12.271 102.829 -9
      vertex -12.2844 102.808 -9
    endloop
  endfacet
  facet normal -0.852875 0.444139 -0.27449
    outer loop
      vertex -12.1767 103.01 -9
      vertex -12.2595 102.851 -9
      vertex -12.4874 103.155 -7.8
    endloop
  endfacet
  facet normal 0.580526 -0.766295 -0.275285
    outer loop
      vertex -15.6438 105.919 -9
      vertex -15.5856 105.532 -7.8
      vertex -15.6636 105.904 -9
    endloop
  endfacet
  facet normal 0.58468 -0.763394 -0.274552
    outer loop
      vertex -15.5856 105.532 -7.8
      vertex -15.6438 105.919 -9
      vertex -15.4472 105.638 -7.8
    endloop
  endfacet
  facet normal 0.584443 -0.763529 -0.274683
    outer loop
      vertex -15.6636 105.904 -9
      vertex -15.5856 105.532 -7.8
      vertex -15.806 105.795 -9
    endloop
  endfacet
  facet normal 0.938728 0.208666 -0.274313
    outer loop
      vertex -16.2319 103.482 -7.8
      vertex -16.563 103.394 -9
      vertex -16.6019 103.569 -9
    endloop
  endfacet
  facet normal 0.762043 0.586559 -0.274296
    outer loop
      vertex -15.8321 102.714 -7.8
      vertex -16.0947 102.494 -9
      vertex -16.204 102.636 -9
    endloop
  endfacet
  facet normal 0.764052 0.583758 -0.274685
    outer loop
      vertex -15.8321 102.714 -7.8
      vertex -16.2192 102.656 -9
      vertex -15.9383 102.853 -7.8
    endloop
  endfacet
  facet normal 0.765456 0.581747 -0.275041
    outer loop
      vertex -16.2192 102.656 -9
      vertex -15.8321 102.714 -7.8
      vertex -16.204 102.636 -9
    endloop
  endfacet
  facet normal 0.852875 0.444139 -0.27449
    outer loop
      vertex -16.1126 103.155 -7.8
      vertex -16.3405 102.851 -9
      vertex -16.4233 103.01 -9
    endloop
  endfacet
  facet normal 0.938728 -0.208666 -0.274313
    outer loop
      vertex -16.563 104.606 -9
      vertex -16.2319 104.518 -7.8
      vertex -16.6019 104.431 -9
    endloop
  endfacet
  facet normal 0.58468 0.763394 -0.274552
    outer loop
      vertex -15.6438 102.081 -9
      vertex -15.5856 102.468 -7.8
      vertex -15.4472 102.362 -7.8
    endloop
  endfacet
  facet normal 0.580526 0.766295 -0.275285
    outer loop
      vertex -15.5856 102.468 -7.8
      vertex -15.6438 102.081 -9
      vertex -15.6636 102.096 -9
    endloop
  endfacet
  facet normal 0.518972 0.80949 -0.27458
    outer loop
      vertex -15.4472 102.362 -7.8
      vertex -15.4925 101.984 -9
      vertex -15.6438 102.081 -9
    endloop
  endfacet
  facet normal 0.444608 0.852791 -0.273991
    outer loop
      vertex -15.1452 102.187 -7.8
      vertex -15.2901 101.877 -9
      vertex -15.4493 101.96 -9
    endloop
  endfacet
  facet normal -0.115926 -0.954456 -0.274908
    outer loop
      vertex -14.0711 106.331 -9
      vertex -14.1257 105.992 -7.8
      vertex -14.0958 106.334 -9
    endloop
  endfacet
  facet normal -0.121289 -0.953775 -0.27496
    outer loop
      vertex -14.1257 105.992 -7.8
      vertex -14.0711 106.331 -9
      vertex -13.9527 105.97 -7.8
    endloop
  endfacet
  facet normal -0.291844 -0.916279 -0.274337
    outer loop
      vertex -13.6936 106.263 -9
      vertex -13.616 105.879 -7.8
      vertex -13.7824 105.932 -7.8
    endloop
  endfacet
  facet normal -0.272156 -0.921443 -0.277262
    outer loop
      vertex -13.616 105.879 -7.8
      vertex -13.6936 106.263 -9
      vertex -13.6699 106.256 -9
    endloop
  endfacet
  facet normal -0.208946 -0.938649 -0.274373
    outer loop
      vertex -13.6936 106.263 -9
      vertex -13.7824 105.932 -7.8
      vertex -13.8688 106.302 -9
    endloop
  endfacet
  facet normal 0.121289 -0.953775 -0.27496
    outer loop
      vertex -14.5289 106.331 -9
      vertex -14.4743 105.992 -7.8
      vertex -14.6473 105.97 -7.8
    endloop
  endfacet
  facet normal 0.115926 -0.954456 -0.274908
    outer loop
      vertex -14.4743 105.992 -7.8
      vertex -14.5289 106.331 -9
      vertex -14.5042 106.334 -9
    endloop
  endfacet
  facet normal -0.517534 -0.810436 -0.274504
    outer loop
      vertex -13.1286 106.029 -9
      vertex -13.1528 105.638 -7.8
      vertex -13.3 105.732 -7.8
    endloop
  endfacet
  facet normal -0.504061 -0.81813 -0.276739
    outer loop
      vertex -13.1528 105.638 -7.8
      vertex -13.1286 106.029 -9
      vertex -13.1075 106.016 -9
    endloop
  endfacet
  facet normal 0.369403 -0.887637 -0.275031
    outer loop
      vertex -15.1013 106.202 -9
      vertex -14.984 105.879 -7.8
      vertex -15.2671 106.133 -9
    endloop
  endfacet
  facet normal 0.383451 -0.881938 -0.274136
    outer loop
      vertex -15.2671 106.133 -9
      vertex -15.1452 105.813 -7.8
      vertex -15.2901 106.123 -9
    endloop
  endfacet
  facet normal 0.364365 -0.889934 -0.274329
    outer loop
      vertex -15.1452 105.813 -7.8
      vertex -15.2671 106.133 -9
      vertex -14.984 105.879 -7.8
    endloop
  endfacet
  facet normal -0.650147 -0.70855 -0.274344
    outer loop
      vertex -12.6617 105.673 -9
      vertex -12.8858 105.414 -7.8
      vertex -13.0144 105.532 -7.8
    endloop
  endfacet
  facet normal -0.632939 -0.723924 -0.274448
    outer loop
      vertex -12.8858 105.414 -7.8
      vertex -12.6617 105.673 -9
      vertex -12.6434 105.657 -9
    endloop
  endfacet
  facet normal -0.708355 0.650399 -0.274252
    outer loop
      vertex -12.5053 102.494 -9
      vertex -12.6265 102.362 -9
      vertex -12.7679 102.714 -7.8
    endloop
  endfacet
  facet normal -0.0385837 0.960735 -0.274771
    outer loop
      vertex -14.1207 101.665 -9
      vertex -14.1257 102.008 -7.8
      vertex -14.0958 101.666 -9
    endloop
  endfacet
  facet normal -0.0440854 0.96051 -0.27473
    outer loop
      vertex -14.1257 102.008 -7.8
      vertex -14.1207 101.665 -9
      vertex -14.3 102 -7.8
    endloop
  endfacet
  facet normal 0.128578 0.953086 -0.274034
    outer loop
      vertex -14.6473 102.03 -7.8
      vertex -14.5289 101.669 -9
      vertex -14.7068 101.693 -9
    endloop
  endfacet
  facet normal 0.364365 0.889934 -0.274329
    outer loop
      vertex -15.2671 101.867 -9
      vertex -15.1452 102.187 -7.8
      vertex -14.984 102.121 -7.8
    endloop
  endfacet
  facet normal 0.383451 0.881938 -0.274136
    outer loop
      vertex -15.1452 102.187 -7.8
      vertex -15.2671 101.867 -9
      vertex -15.2901 101.877 -9
    endloop
  endfacet
  facet normal 0.369403 0.887637 -0.275031
    outer loop
      vertex -14.984 102.121 -7.8
      vertex -15.1013 101.798 -9
      vertex -15.2671 101.867 -9
    endloop
  endfacet
  facet normal -0.209426 0.93856 -0.274311
    outer loop
      vertex -13.8688 101.698 -9
      vertex -13.9527 102.03 -7.8
      vertex -13.7824 102.068 -7.8
    endloop
  endfacet
  facet normal -0.193055 0.942111 -0.274148
    outer loop
      vertex -13.9527 102.03 -7.8
      vertex -13.8688 101.698 -9
      vertex -13.8932 101.693 -9
    endloop
  endfacet
  facet normal -0.208946 0.938649 -0.274373
    outer loop
      vertex -13.7824 102.068 -7.8
      vertex -13.6936 101.737 -9
      vertex -13.8688 101.698 -9
    endloop
  endfacet
  facet normal -0.504061 0.81813 -0.276739
    outer loop
      vertex -13.1286 101.971 -9
      vertex -13.1528 102.362 -7.8
      vertex -13.1075 101.984 -9
    endloop
  endfacet
  facet normal -0.517534 0.810436 -0.274504
    outer loop
      vertex -13.1528 102.362 -7.8
      vertex -13.1286 101.971 -9
      vertex -13.3 102.268 -7.8
    endloop
  endfacet
  facet normal -0.888165 0.368506 -0.274531
    outer loop
      vertex -12.1671 103.033 -9
      vertex -12.4874 103.155 -7.8
      vertex -12.4206 103.316 -7.8
    endloop
  endfacet
  facet normal -0.887387 0.370387 -0.274514
    outer loop
      vertex -12.4874 103.155 -7.8
      vertex -12.1671 103.033 -9
      vertex -12.1767 103.01 -9
    endloop
  endfacet
  facet normal -0.953808 0.122087 -0.27449
    outer loop
      vertex -11.9693 103.771 -9
      vertex -12.3076 103.826 -7.8
      vertex -11.9661 103.796 -9
    endloop
  endfacet
  facet normal -0.953338 0.125642 -0.27452
    outer loop
      vertex -12.3076 103.826 -7.8
      vertex -11.9693 103.771 -9
      vertex -12.3304 103.653 -7.8
    endloop
  endfacet
  facet normal -0.853157 0.443642 -0.274418
    outer loop
      vertex -12.2595 102.851 -9
      vertex -12.568 103 -7.8
      vertex -12.4874 103.155 -7.8
    endloop
  endfacet
  facet normal -0.852208 0.445472 -0.274401
    outer loop
      vertex -12.568 103 -7.8
      vertex -12.2595 102.851 -9
      vertex -12.271 102.829 -9
    endloop
  endfacet
  facet normal 0.916895 0.289982 -0.274252
    outer loop
      vertex -16.1794 103.316 -7.8
      vertex -16.563 103.394 -9
      vertex -16.2319 103.482 -7.8
    endloop
  endfacet
  facet normal 0.917752 0.286798 -0.274733
    outer loop
      vertex -16.563 103.394 -9
      vertex -16.1794 103.316 -7.8
      vertex -16.5555 103.37 -9
    endloop
  endfacet
  facet normal 0.708355 0.650399 -0.274252
    outer loop
      vertex -15.8321 102.714 -7.8
      vertex -15.9735 102.362 -9
      vertex -16.0947 102.494 -9
    endloop
  endfacet
  facet normal 0.810669 0.517284 -0.274286
    outer loop
      vertex -15.9383 102.853 -7.8
      vertex -16.329 102.829 -9
      vertex -16.0321 103 -7.8
    endloop
  endfacet
  facet normal 0.810669 0.517284 -0.274286
    outer loop
      vertex -16.329 102.829 -9
      vertex -15.9383 102.853 -7.8
      vertex -16.3156 102.808 -9
    endloop
  endfacet
  facet normal 0.812015 0.514989 -0.274623
    outer loop
      vertex -15.9383 102.853 -7.8
      vertex -16.2192 102.656 -9
      vertex -16.3156 102.808 -9
    endloop
  endfacet
  facet normal 0.917125 0.289082 -0.274433
    outer loop
      vertex -16.1794 103.316 -7.8
      vertex -16.5016 103.199 -9
      vertex -16.5555 103.37 -9
    endloop
  endfacet
  facet normal 0.93903 -0.207026 -0.274525
    outer loop
      vertex -16.2696 104.347 -7.8
      vertex -16.6019 104.431 -9
      vertex -16.2319 104.518 -7.8
    endloop
  endfacet
  facet normal 0.938118 -0.211077 -0.274556
    outer loop
      vertex -16.6019 104.431 -9
      vertex -16.2696 104.347 -7.8
      vertex -16.6073 104.407 -9
    endloop
  endfacet
  facet normal 0.953367 -0.12533 -0.27456
    outer loop
      vertex -16.6073 104.407 -9
      vertex -16.2696 104.347 -7.8
      vertex -16.6307 104.229 -9
    endloop
  endfacet
  facet normal 0.445856 0.852081 -0.274173
    outer loop
      vertex -15.4493 101.96 -9
      vertex -15.3 102.268 -7.8
      vertex -15.1452 102.187 -7.8
    endloop
  endfacet
  facet normal 0.428504 0.860904 -0.274278
    outer loop
      vertex -15.3 102.268 -7.8
      vertex -15.4493 101.96 -9
      vertex -15.4714 101.971 -9
    endloop
  endfacet
  facet normal -0.762043 0.586559 -0.274296
    outer loop
      vertex -12.396 102.636 -9
      vertex -12.5053 102.494 -9
      vertex -12.7679 102.714 -7.8
    endloop
  endfacet
  facet normal -0.764052 0.583758 -0.274685
    outer loop
      vertex -12.3808 102.656 -9
      vertex -12.7679 102.714 -7.8
      vertex -12.6617 102.853 -7.8
    endloop
  endfacet
  facet normal -0.765456 0.581747 -0.275041
    outer loop
      vertex -12.7679 102.714 -7.8
      vertex -12.3808 102.656 -9
      vertex -12.396 102.636 -9
    endloop
  endfacet
  facet normal 0.0440854 0.96051 -0.27473
    outer loop
      vertex -14.4793 101.665 -9
      vertex -14.4743 102.008 -7.8
      vertex -14.3 102 -7.8
    endloop
  endfacet
  facet normal 0.0385837 0.960735 -0.274771
    outer loop
      vertex -14.4743 102.008 -7.8
      vertex -14.4793 101.665 -9
      vertex -14.5042 101.666 -9
    endloop
  endfacet
  facet normal -0.121289 0.953775 -0.27496
    outer loop
      vertex -14.0711 101.669 -9
      vertex -14.1257 102.008 -7.8
      vertex -13.9527 102.03 -7.8
    endloop
  endfacet
  facet normal -0.115926 0.954456 -0.274908
    outer loop
      vertex -14.1257 102.008 -7.8
      vertex -14.0711 101.669 -9
      vertex -14.0958 101.666 -9
    endloop
  endfacet
  facet normal 0.208946 0.938649 -0.274373
    outer loop
      vertex -14.8176 102.068 -7.8
      vertex -14.7312 101.698 -9
      vertex -14.9064 101.737 -9
    endloop
  endfacet
  facet normal 0.193055 0.942111 -0.274148
    outer loop
      vertex -14.7312 101.698 -9
      vertex -14.6473 102.03 -7.8
      vertex -14.7068 101.693 -9
    endloop
  endfacet
  facet normal 0.209426 0.93856 -0.274311
    outer loop
      vertex -14.6473 102.03 -7.8
      vertex -14.7312 101.698 -9
      vertex -14.8176 102.068 -7.8
    endloop
  endfacet
  facet normal -0.886941 -0.461884 0
    outer loop
      vertex 1.54072 -11.2815 -9
      vertex 1.47224 -11.15 9
      vertex 1.47224 -11.15 -9
    endloop
  endfacet
  facet normal -0.886941 -0.461884 0
    outer loop
      vertex 1.47224 -11.15 9
      vertex 1.54072 -11.2815 -9
      vertex 1.54072 -11.2815 9
    endloop
  endfacet
  facet normal -0.300729 -0.95371 0
    outer loop
      vertex 0.439992 -10.3579 -9
      vertex 0.581433 -10.4025 9
      vertex 0.439992 -10.3579 9
    endloop
  endfacet
  facet normal -0.300729 -0.95371 -0
    outer loop
      vertex 0.581433 -10.4025 9
      vertex 0.439992 -10.3579 -9
      vertex 0.581433 -10.4025 -9
    endloop
  endfacet
  facet normal 0.382949 -0.92377 0
    outer loop
      vertex -0.718451 -10.4593 -9
      vertex -0.581435 -10.4025 9
      vertex -0.718451 -10.4593 9
    endloop
  endfacet
  facet normal 0.382949 -0.92377 0
    outer loop
      vertex -0.581435 -10.4025 9
      vertex -0.718451 -10.4593 -9
      vertex -0.581435 -10.4025 -9
    endloop
  endfacet
  facet normal 0.953704 -0.300747 0
    outer loop
      vertex -1.64207 -11.56 9
      vertex -1.59748 -11.4186 -9
      vertex -1.59748 -11.4186 9
    endloop
  endfacet
  facet normal 0.953704 -0.300747 0
    outer loop
      vertex -1.59748 -11.4186 -9
      vertex -1.64207 -11.56 9
      vertex -1.64207 -11.56 -9
    endloop
  endfacet
  facet normal -0.999048 0.0436157 0
    outer loop
      vertex 1.69353 -12.1482 -9
      vertex 1.7 -12 9
      vertex 1.7 -12 -9
    endloop
  endfacet
  facet normal -0.999048 0.0436157 0
    outer loop
      vertex 1.7 -12 9
      vertex 1.69353 -12.1482 -9
      vertex 1.69353 -12.1482 9
    endloop
  endfacet
  facet normal -0.461854 -0.886956 0
    outer loop
      vertex 0.718451 -10.4593 -9
      vertex 0.85 -10.5278 9
      vertex 0.718451 -10.4593 9
    endloop
  endfacet
  facet normal -0.461854 -0.886956 -0
    outer loop
      vertex 0.85 -10.5278 9
      vertex 0.718451 -10.4593 -9
      vertex 0.85 -10.5278 -9
    endloop
  endfacet
  facet normal 0.793215 -0.608941 0
    outer loop
      vertex -1.39256 -11.0249 9
      vertex -1.30228 -10.9073 -9
      vertex -1.30228 -10.9073 9
    endloop
  endfacet
  facet normal 0.793215 -0.608941 0
    outer loop
      vertex -1.30228 -10.9073 -9
      vertex -1.39256 -11.0249 9
      vertex -1.39256 -11.0249 -9
    endloop
  endfacet
  facet normal 0.216444 -0.976295 0
    outer loop
      vertex -0.439993 -10.3579 -9
      vertex -0.295202 -10.3258 9
      vertex -0.439993 -10.3579 9
    endloop
  endfacet
  facet normal 0.216444 -0.976295 0
    outer loop
      vertex -0.295202 -10.3258 9
      vertex -0.439993 -10.3579 -9
      vertex -0.295202 -10.3258 -9
    endloop
  endfacet
  facet normal -0.461854 0.886956 0
    outer loop
      vertex 0.85 -13.4722 -9
      vertex 0.718451 -13.5407 9
      vertex 0.85 -13.4722 9
    endloop
  endfacet
  facet normal -0.461854 0.886956 0
    outer loop
      vertex 0.718451 -13.5407 9
      vertex 0.85 -13.4722 -9
      vertex 0.718451 -13.5407 -9
    endloop
  endfacet
  facet normal -0.130143 0.991495 0
    outer loop
      vertex 0.295201 -13.6742 -9
      vertex 0.148164 -13.6935 9
      vertex 0.295201 -13.6742 9
    endloop
  endfacet
  facet normal -0.130143 0.991495 0
    outer loop
      vertex 0.148164 -13.6935 9
      vertex 0.295201 -13.6742 -9
      vertex 0.148164 -13.6935 -9
    endloop
  endfacet
  facet normal -0.991439 -0.130573 0
    outer loop
      vertex 1.69353 -11.8518 -9
      vertex 1.67417 -11.7048 9
      vertex 1.67417 -11.7048 -9
    endloop
  endfacet
  facet normal -0.991439 -0.130573 0
    outer loop
      vertex 1.67417 -11.7048 9
      vertex 1.69353 -11.8518 -9
      vertex 1.69353 -11.8518 9
    endloop
  endfacet
  facet normal -0.843445 -0.537216 0
    outer loop
      vertex 1.47224 -11.15 -9
      vertex 1.39256 -11.0249 9
      vertex 1.39256 -11.0249 -9
    endloop
  endfacet
  facet normal -0.843445 -0.537216 0
    outer loop
      vertex 1.39256 -11.0249 9
      vertex 1.47224 -11.15 -9
      vertex 1.47224 -11.15 9
    endloop
  endfacet
  facet normal -0.675621 -0.737249 0
    outer loop
      vertex 1.09274 -10.6977 -9
      vertex 1.20208 -10.7979 9
      vertex 1.09274 -10.6977 9
    endloop
  endfacet
  facet normal -0.675621 -0.737249 -0
    outer loop
      vertex 1.20208 -10.7979 9
      vertex 1.09274 -10.6977 -9
      vertex 1.20208 -10.7979 -9
    endloop
  endfacet
  facet normal 0.0438278 -0.999039 0
    outer loop
      vertex -0.148166 -10.3065 -9
      vertex -7.62939e-07 -10.3 9
      vertex -0.148166 -10.3065 9
    endloop
  endfacet
  facet normal 0.0438278 -0.999039 0
    outer loop
      vertex -7.62939e-07 -10.3 9
      vertex -0.148166 -10.3065 -9
      vertex -7.62939e-07 -10.3 -9
    endloop
  endfacet
  facet normal -0.216444 -0.976295 0
    outer loop
      vertex 0.295201 -10.3258 -9
      vertex 0.439992 -10.3579 9
      vertex 0.295201 -10.3258 9
    endloop
  endfacet
  facet normal -0.216444 -0.976295 -0
    outer loop
      vertex 0.439992 -10.3579 9
      vertex 0.295201 -10.3258 -9
      vertex 0.439992 -10.3579 -9
    endloop
  endfacet
  facet normal -0.130143 -0.991495 0
    outer loop
      vertex 0.148164 -10.3065 -9
      vertex 0.295201 -10.3258 9
      vertex 0.148164 -10.3065 9
    endloop
  endfacet
  facet normal -0.130143 -0.991495 -0
    outer loop
      vertex 0.295201 -10.3258 9
      vertex 0.148164 -10.3065 -9
      vertex 0.295201 -10.3258 -9
    endloop
  endfacet
  facet normal -0.382944 -0.923772 0
    outer loop
      vertex 0.581433 -10.4025 -9
      vertex 0.718451 -10.4593 9
      vertex 0.581433 -10.4025 9
    endloop
  endfacet
  facet normal -0.382944 -0.923772 -0
    outer loop
      vertex 0.718451 -10.4593 9
      vertex 0.581433 -10.4025 -9
      vertex 0.718451 -10.4593 -9
    endloop
  endfacet
  facet normal -0.608831 -0.7933 0
    outer loop
      vertex 0.97508 -10.6074 -9
      vertex 1.09274 -10.6977 9
      vertex 0.97508 -10.6074 9
    endloop
  endfacet
  facet normal -0.608831 -0.7933 -0
    outer loop
      vertex 1.09274 -10.6977 9
      vertex 0.97508 -10.6074 -9
      vertex 1.09274 -10.6977 -9
    endloop
  endfacet
  facet normal 0.999048 0.0436157 0
    outer loop
      vertex -1.69353 -12.1482 9
      vertex -1.7 -12 -9
      vertex -1.7 -12 9
    endloop
  endfacet
  facet normal 0.999048 0.0436157 0
    outer loop
      vertex -1.7 -12 -9
      vertex -1.69353 -12.1482 9
      vertex -1.69353 -12.1482 -9
    endloop
  endfacet
  facet normal 0.976298 -0.216431 0
    outer loop
      vertex -1.67417 -11.7048 9
      vertex -1.64207 -11.56 -9
      vertex -1.64207 -11.56 9
    endloop
  endfacet
  facet normal 0.976298 -0.216431 0
    outer loop
      vertex -1.64207 -11.56 -9
      vertex -1.67417 -11.7048 9
      vertex -1.67417 -11.7048 -9
    endloop
  endfacet
  facet normal 0.991439 -0.130573 0
    outer loop
      vertex -1.69353 -11.8518 9
      vertex -1.67417 -11.7048 -9
      vertex -1.67417 -11.7048 9
    endloop
  endfacet
  facet normal 0.991439 -0.130573 0
    outer loop
      vertex -1.67417 -11.7048 -9
      vertex -1.69353 -11.8518 9
      vertex -1.69353 -11.8518 -9
    endloop
  endfacet
  facet normal 0.886941 -0.461884 0
    outer loop
      vertex -1.54072 -11.2815 9
      vertex -1.47224 -11.15 -9
      vertex -1.47224 -11.15 9
    endloop
  endfacet
  facet normal 0.886941 -0.461884 0
    outer loop
      vertex -1.47224 -11.15 -9
      vertex -1.54072 -11.2815 9
      vertex -1.54072 -11.2815 -9
    endloop
  endfacet
  facet normal 0.843445 -0.537216 0
    outer loop
      vertex -1.47224 -11.15 9
      vertex -1.39256 -11.0249 -9
      vertex -1.39256 -11.0249 9
    endloop
  endfacet
  facet normal 0.843445 -0.537216 0
    outer loop
      vertex -1.39256 -11.0249 -9
      vertex -1.47224 -11.15 9
      vertex -1.47224 -11.15 -9
    endloop
  endfacet
  facet normal 0.300727 -0.95371 0
    outer loop
      vertex -0.581435 -10.4025 -9
      vertex -0.439993 -10.3579 9
      vertex -0.581435 -10.4025 9
    endloop
  endfacet
  facet normal 0.300727 -0.95371 0
    outer loop
      vertex -0.439993 -10.3579 9
      vertex -0.581435 -10.4025 -9
      vertex -0.439993 -10.3579 -9
    endloop
  endfacet
  facet normal 0.130144 -0.991495 0
    outer loop
      vertex -0.295202 -10.3258 -9
      vertex -0.148166 -10.3065 9
      vertex -0.295202 -10.3258 9
    endloop
  endfacet
  facet normal 0.130144 -0.991495 0
    outer loop
      vertex -0.148166 -10.3065 9
      vertex -0.295202 -10.3258 -9
      vertex -0.148166 -10.3065 -9
    endloop
  endfacet
  facet normal 0.536893 -0.84365 0
    outer loop
      vertex -0.97508 -10.6074 -9
      vertex -0.85 -10.5278 9
      vertex -0.97508 -10.6074 9
    endloop
  endfacet
  facet normal 0.536893 -0.84365 0
    outer loop
      vertex -0.85 -10.5278 9
      vertex -0.97508 -10.6074 -9
      vertex -0.85 -10.5278 -9
    endloop
  endfacet
  facet normal 0.461854 -0.886956 0
    outer loop
      vertex -0.85 -10.5278 -9
      vertex -0.718451 -10.4593 9
      vertex -0.85 -10.5278 9
    endloop
  endfacet
  facet normal 0.461854 -0.886956 0
    outer loop
      vertex -0.718451 -10.4593 9
      vertex -0.85 -10.5278 -9
      vertex -0.718451 -10.4593 -9
    endloop
  endfacet
  facet normal 0.737434 -0.675419 0
    outer loop
      vertex -1.30228 -10.9073 9
      vertex -1.20208 -10.7979 -9
      vertex -1.20208 -10.7979 9
    endloop
  endfacet
  facet normal 0.737434 -0.675419 0
    outer loop
      vertex -1.20208 -10.7979 -9
      vertex -1.30228 -10.9073 9
      vertex -1.30228 -10.9073 -9
    endloop
  endfacet
  facet normal -0.999048 -0.0436157 0
    outer loop
      vertex 1.7 -12 -9
      vertex 1.69353 -11.8518 9
      vertex 1.69353 -11.8518 -9
    endloop
  endfacet
  facet normal -0.999048 -0.0436157 0
    outer loop
      vertex 1.69353 -11.8518 9
      vertex 1.7 -12 -9
      vertex 1.7 -12 9
    endloop
  endfacet
  facet normal -0.976298 0.216431 0
    outer loop
      vertex 1.64207 -12.44 -9
      vertex 1.67417 -12.2952 9
      vertex 1.67417 -12.2952 -9
    endloop
  endfacet
  facet normal -0.976298 0.216431 0
    outer loop
      vertex 1.67417 -12.2952 9
      vertex 1.64207 -12.44 -9
      vertex 1.64207 -12.44 9
    endloop
  endfacet
  facet normal -0.216444 0.976295 0
    outer loop
      vertex 0.439992 -13.6421 -9
      vertex 0.295201 -13.6742 9
      vertex 0.439992 -13.6421 9
    endloop
  endfacet
  facet normal -0.216444 0.976295 0
    outer loop
      vertex 0.295201 -13.6742 9
      vertex 0.439992 -13.6421 -9
      vertex 0.295201 -13.6742 -9
    endloop
  endfacet
  facet normal -0.923948 -0.382518 0
    outer loop
      vertex 1.59748 -11.4186 -9
      vertex 1.54072 -11.2815 9
      vertex 1.54072 -11.2815 -9
    endloop
  endfacet
  facet normal -0.923948 -0.382518 0
    outer loop
      vertex 1.54072 -11.2815 9
      vertex 1.59748 -11.4186 -9
      vertex 1.59748 -11.4186 9
    endloop
  endfacet
  facet normal -0.953704 -0.300747 0
    outer loop
      vertex 1.64207 -11.56 -9
      vertex 1.59748 -11.4186 9
      vertex 1.59748 -11.4186 -9
    endloop
  endfacet
  facet normal -0.953704 -0.300747 0
    outer loop
      vertex 1.59748 -11.4186 9
      vertex 1.64207 -11.56 -9
      vertex 1.64207 -11.56 9
    endloop
  endfacet
  facet normal -0.976298 -0.216431 0
    outer loop
      vertex 1.67417 -11.7048 -9
      vertex 1.64207 -11.56 9
      vertex 1.64207 -11.56 -9
    endloop
  endfacet
  facet normal -0.976298 -0.216431 0
    outer loop
      vertex 1.64207 -11.56 9
      vertex 1.67417 -11.7048 -9
      vertex 1.67417 -11.7048 9
    endloop
  endfacet
  facet normal -0.793183 -0.608984 0
    outer loop
      vertex 1.39256 -11.0249 -9
      vertex 1.30227 -10.9073 9
      vertex 1.30227 -10.9073 -9
    endloop
  endfacet
  facet normal -0.793183 -0.608984 0
    outer loop
      vertex 1.30227 -10.9073 9
      vertex 1.39256 -11.0249 -9
      vertex 1.39256 -11.0249 9
    endloop
  endfacet
  facet normal -0.737467 -0.675383 0
    outer loop
      vertex 1.30227 -10.9073 -9
      vertex 1.20208 -10.7979 9
      vertex 1.20208 -10.7979 -9
    endloop
  endfacet
  facet normal -0.737467 -0.675383 0
    outer loop
      vertex 1.20208 -10.7979 9
      vertex 1.30227 -10.9073 -9
      vertex 1.30227 -10.9073 9
    endloop
  endfacet
  facet normal -0.0438279 -0.999039 0
    outer loop
      vertex -7.62939e-07 -10.3 -9
      vertex 0.148164 -10.3065 9
      vertex -7.62939e-07 -10.3 9
    endloop
  endfacet
  facet normal -0.0438279 -0.999039 -0
    outer loop
      vertex 0.148164 -10.3065 9
      vertex -7.62939e-07 -10.3 -9
      vertex 0.148164 -10.3065 -9
    endloop
  endfacet
  facet normal -0.536893 -0.84365 0
    outer loop
      vertex 0.85 -10.5278 -9
      vertex 0.97508 -10.6074 9
      vertex 0.85 -10.5278 9
    endloop
  endfacet
  facet normal -0.536893 -0.84365 -0
    outer loop
      vertex 0.97508 -10.6074 9
      vertex 0.85 -10.5278 -9
      vertex 0.97508 -10.6074 -9
    endloop
  endfacet
  facet normal 0.999048 -0.0436157 0
    outer loop
      vertex -1.7 -12 9
      vertex -1.69353 -11.8518 -9
      vertex -1.69353 -11.8518 9
    endloop
  endfacet
  facet normal 0.999048 -0.0436157 0
    outer loop
      vertex -1.69353 -11.8518 -9
      vertex -1.7 -12 9
      vertex -1.7 -12 -9
    endloop
  endfacet
  facet normal 0.923948 -0.382518 0
    outer loop
      vertex -1.59748 -11.4186 9
      vertex -1.54072 -11.2815 -9
      vertex -1.54072 -11.2815 9
    endloop
  endfacet
  facet normal 0.923948 -0.382518 0
    outer loop
      vertex -1.54072 -11.2815 -9
      vertex -1.59748 -11.4186 9
      vertex -1.59748 -11.4186 -9
    endloop
  endfacet
  facet normal 0.675621 -0.737249 0
    outer loop
      vertex -1.20208 -10.7979 -9
      vertex -1.09274 -10.6977 9
      vertex -1.20208 -10.7979 9
    endloop
  endfacet
  facet normal 0.675621 -0.737249 0
    outer loop
      vertex -1.09274 -10.6977 9
      vertex -1.20208 -10.7979 -9
      vertex -1.09274 -10.6977 -9
    endloop
  endfacet
  facet normal 0.608831 -0.7933 0
    outer loop
      vertex -1.09274 -10.6977 -9
      vertex -0.97508 -10.6074 9
      vertex -1.09274 -10.6977 9
    endloop
  endfacet
  facet normal 0.608831 -0.7933 0
    outer loop
      vertex -0.97508 -10.6074 9
      vertex -1.09274 -10.6977 -9
      vertex -0.97508 -10.6074 -9
    endloop
  endfacet
  facet normal -0.991439 0.130573 0
    outer loop
      vertex 1.67417 -12.2952 -9
      vertex 1.69353 -12.1482 9
      vertex 1.69353 -12.1482 -9
    endloop
  endfacet
  facet normal -0.991439 0.130573 0
    outer loop
      vertex 1.69353 -12.1482 9
      vertex 1.67417 -12.2952 -9
      vertex 1.67417 -12.2952 9
    endloop
  endfacet
  facet normal -0.608831 0.7933 0
    outer loop
      vertex 1.09274 -13.3023 -9
      vertex 0.97508 -13.3926 9
      vertex 1.09274 -13.3023 9
    endloop
  endfacet
  facet normal -0.608831 0.7933 0
    outer loop
      vertex 0.97508 -13.3926 9
      vertex 1.09274 -13.3023 -9
      vertex 0.97508 -13.3926 -9
    endloop
  endfacet
  facet normal -0.843445 0.537216 0
    outer loop
      vertex 1.39256 -12.9751 -9
      vertex 1.47224 -12.85 9
      vertex 1.47224 -12.85 -9
    endloop
  endfacet
  facet normal -0.843445 0.537216 0
    outer loop
      vertex 1.47224 -12.85 9
      vertex 1.39256 -12.9751 -9
      vertex 1.39256 -12.9751 9
    endloop
  endfacet
  facet normal -0.923948 0.382518 0
    outer loop
      vertex 1.54072 -12.7185 -9
      vertex 1.59748 -12.5814 9
      vertex 1.59748 -12.5814 -9
    endloop
  endfacet
  facet normal -0.923948 0.382518 0
    outer loop
      vertex 1.59748 -12.5814 9
      vertex 1.54072 -12.7185 -9
      vertex 1.54072 -12.7185 9
    endloop
  endfacet
  facet normal -0.0438279 0.999039 0
    outer loop
      vertex 0.148164 -13.6935 -9
      vertex -7.62939e-07 -13.7 9
      vertex 0.148164 -13.6935 9
    endloop
  endfacet
  facet normal -0.0438279 0.999039 0
    outer loop
      vertex -7.62939e-07 -13.7 9
      vertex 0.148164 -13.6935 -9
      vertex -7.62939e-07 -13.7 -9
    endloop
  endfacet
  facet normal 0.991439 0.130573 0
    outer loop
      vertex -1.67417 -12.2952 9
      vertex -1.69353 -12.1482 -9
      vertex -1.69353 -12.1482 9
    endloop
  endfacet
  facet normal 0.991439 0.130573 0
    outer loop
      vertex -1.69353 -12.1482 -9
      vertex -1.67417 -12.2952 9
      vertex -1.67417 -12.2952 -9
    endloop
  endfacet
  facet normal -0.382944 0.923772 0
    outer loop
      vertex 0.718451 -13.5407 -9
      vertex 0.581433 -13.5975 9
      vertex 0.718451 -13.5407 9
    endloop
  endfacet
  facet normal -0.382944 0.923772 0
    outer loop
      vertex 0.581433 -13.5975 9
      vertex 0.718451 -13.5407 -9
      vertex 0.581433 -13.5975 -9
    endloop
  endfacet
  facet normal -0.793183 0.608984 0
    outer loop
      vertex 1.30227 -13.0927 -9
      vertex 1.39256 -12.9751 9
      vertex 1.39256 -12.9751 -9
    endloop
  endfacet
  facet normal -0.793183 0.608984 0
    outer loop
      vertex 1.39256 -12.9751 9
      vertex 1.30227 -13.0927 -9
      vertex 1.30227 -13.0927 9
    endloop
  endfacet
  facet normal -0.886941 0.461884 0
    outer loop
      vertex 1.47224 -12.85 -9
      vertex 1.54072 -12.7185 9
      vertex 1.54072 -12.7185 -9
    endloop
  endfacet
  facet normal -0.886941 0.461884 0
    outer loop
      vertex 1.54072 -12.7185 9
      vertex 1.47224 -12.85 -9
      vertex 1.47224 -12.85 9
    endloop
  endfacet
  facet normal -0.953704 0.300747 0
    outer loop
      vertex 1.59748 -12.5814 -9
      vertex 1.64207 -12.44 9
      vertex 1.64207 -12.44 -9
    endloop
  endfacet
  facet normal -0.953704 0.300747 0
    outer loop
      vertex 1.64207 -12.44 9
      vertex 1.59748 -12.5814 -9
      vertex 1.59748 -12.5814 9
    endloop
  endfacet
  facet normal 0.461854 0.886956 -0
    outer loop
      vertex -0.718451 -13.5407 -9
      vertex -0.85 -13.4722 9
      vertex -0.718451 -13.5407 9
    endloop
  endfacet
  facet normal 0.461854 0.886956 0
    outer loop
      vertex -0.85 -13.4722 9
      vertex -0.718451 -13.5407 -9
      vertex -0.85 -13.4722 -9
    endloop
  endfacet
  facet normal 0.0438278 0.999039 -0
    outer loop
      vertex -7.62939e-07 -13.7 -9
      vertex -0.148166 -13.6935 9
      vertex -7.62939e-07 -13.7 9
    endloop
  endfacet
  facet normal 0.0438278 0.999039 0
    outer loop
      vertex -0.148166 -13.6935 9
      vertex -7.62939e-07 -13.7 -9
      vertex -0.148166 -13.6935 -9
    endloop
  endfacet
  facet normal 0.923948 0.382518 0
    outer loop
      vertex -1.54072 -12.7185 9
      vertex -1.59748 -12.5814 -9
      vertex -1.59748 -12.5814 9
    endloop
  endfacet
  facet normal 0.923948 0.382518 0
    outer loop
      vertex -1.59748 -12.5814 -9
      vertex -1.54072 -12.7185 9
      vertex -1.54072 -12.7185 -9
    endloop
  endfacet
  facet normal 0.953704 0.300747 0
    outer loop
      vertex -1.59748 -12.5814 9
      vertex -1.64207 -12.44 -9
      vertex -1.64207 -12.44 9
    endloop
  endfacet
  facet normal 0.953704 0.300747 0
    outer loop
      vertex -1.64207 -12.44 -9
      vertex -1.59748 -12.5814 9
      vertex -1.59748 -12.5814 -9
    endloop
  endfacet
  facet normal 0.886941 0.461884 0
    outer loop
      vertex -1.47224 -12.85 9
      vertex -1.54072 -12.7185 -9
      vertex -1.54072 -12.7185 9
    endloop
  endfacet
  facet normal 0.886941 0.461884 0
    outer loop
      vertex -1.54072 -12.7185 -9
      vertex -1.47224 -12.85 9
      vertex -1.47224 -12.85 -9
    endloop
  endfacet
  facet normal 0.737434 0.675419 0
    outer loop
      vertex -1.20208 -13.2021 9
      vertex -1.30228 -13.0927 -9
      vertex -1.30228 -13.0927 9
    endloop
  endfacet
  facet normal 0.737434 0.675419 0
    outer loop
      vertex -1.30228 -13.0927 -9
      vertex -1.20208 -13.2021 9
      vertex -1.20208 -13.2021 -9
    endloop
  endfacet
  facet normal 0.793215 0.608941 0
    outer loop
      vertex -1.30228 -13.0927 9
      vertex -1.39256 -12.9751 -9
      vertex -1.39256 -12.9751 9
    endloop
  endfacet
  facet normal 0.793215 0.608941 0
    outer loop
      vertex -1.39256 -12.9751 -9
      vertex -1.30228 -13.0927 9
      vertex -1.30228 -13.0927 -9
    endloop
  endfacet
  facet normal 0.843445 0.537216 0
    outer loop
      vertex -1.39256 -12.9751 9
      vertex -1.47224 -12.85 -9
      vertex -1.47224 -12.85 9
    endloop
  endfacet
  facet normal 0.843445 0.537216 0
    outer loop
      vertex -1.47224 -12.85 -9
      vertex -1.39256 -12.9751 9
      vertex -1.39256 -12.9751 -9
    endloop
  endfacet
  facet normal 0.675621 0.737249 -0
    outer loop
      vertex -1.09274 -13.3023 -9
      vertex -1.20208 -13.2021 9
      vertex -1.09274 -13.3023 9
    endloop
  endfacet
  facet normal 0.675621 0.737249 0
    outer loop
      vertex -1.20208 -13.2021 9
      vertex -1.09274 -13.3023 -9
      vertex -1.20208 -13.2021 -9
    endloop
  endfacet
  facet normal -0.300729 0.95371 0
    outer loop
      vertex 0.581433 -13.5975 -9
      vertex 0.439992 -13.6421 9
      vertex 0.581433 -13.5975 9
    endloop
  endfacet
  facet normal -0.300729 0.95371 0
    outer loop
      vertex 0.439992 -13.6421 9
      vertex 0.581433 -13.5975 -9
      vertex 0.439992 -13.6421 -9
    endloop
  endfacet
  facet normal -0.737467 0.675383 0
    outer loop
      vertex 1.20208 -13.2021 -9
      vertex 1.30227 -13.0927 9
      vertex 1.30227 -13.0927 -9
    endloop
  endfacet
  facet normal -0.737467 0.675383 0
    outer loop
      vertex 1.30227 -13.0927 9
      vertex 1.20208 -13.2021 -9
      vertex 1.20208 -13.2021 9
    endloop
  endfacet
  facet normal -0.536893 0.84365 0
    outer loop
      vertex 0.97508 -13.3926 -9
      vertex 0.85 -13.4722 9
      vertex 0.97508 -13.3926 9
    endloop
  endfacet
  facet normal -0.536893 0.84365 0
    outer loop
      vertex 0.85 -13.4722 9
      vertex 0.97508 -13.3926 -9
      vertex 0.85 -13.4722 -9
    endloop
  endfacet
  facet normal 0.382949 0.92377 -0
    outer loop
      vertex -0.581435 -13.5975 -9
      vertex -0.718451 -13.5407 9
      vertex -0.581435 -13.5975 9
    endloop
  endfacet
  facet normal 0.382949 0.92377 0
    outer loop
      vertex -0.718451 -13.5407 9
      vertex -0.581435 -13.5975 -9
      vertex -0.718451 -13.5407 -9
    endloop
  endfacet
  facet normal 0.976298 0.216431 0
    outer loop
      vertex -1.64207 -12.44 9
      vertex -1.67417 -12.2952 -9
      vertex -1.67417 -12.2952 9
    endloop
  endfacet
  facet normal 0.976298 0.216431 0
    outer loop
      vertex -1.67417 -12.2952 -9
      vertex -1.64207 -12.44 9
      vertex -1.64207 -12.44 -9
    endloop
  endfacet
  facet normal -0.675621 0.737249 0
    outer loop
      vertex 1.20208 -13.2021 -9
      vertex 1.09274 -13.3023 9
      vertex 1.20208 -13.2021 9
    endloop
  endfacet
  facet normal -0.675621 0.737249 0
    outer loop
      vertex 1.09274 -13.3023 9
      vertex 1.20208 -13.2021 -9
      vertex 1.09274 -13.3023 -9
    endloop
  endfacet
  facet normal 0.300727 0.95371 -0
    outer loop
      vertex -0.439993 -13.6421 -9
      vertex -0.581435 -13.5975 9
      vertex -0.439993 -13.6421 9
    endloop
  endfacet
  facet normal 0.300727 0.95371 0
    outer loop
      vertex -0.581435 -13.5975 9
      vertex -0.439993 -13.6421 -9
      vertex -0.581435 -13.5975 -9
    endloop
  endfacet
  facet normal 0.536893 0.84365 -0
    outer loop
      vertex -0.85 -13.4722 -9
      vertex -0.97508 -13.3926 9
      vertex -0.85 -13.4722 9
    endloop
  endfacet
  facet normal 0.536893 0.84365 0
    outer loop
      vertex -0.97508 -13.3926 9
      vertex -0.85 -13.4722 -9
      vertex -0.97508 -13.3926 -9
    endloop
  endfacet
  facet normal 0.608831 0.7933 -0
    outer loop
      vertex -0.97508 -13.3926 -9
      vertex -1.09274 -13.3023 9
      vertex -0.97508 -13.3926 9
    endloop
  endfacet
  facet normal 0.608831 0.7933 0
    outer loop
      vertex -1.09274 -13.3023 9
      vertex -0.97508 -13.3926 -9
      vertex -1.09274 -13.3023 -9
    endloop
  endfacet
  facet normal 0.130144 0.991495 -0
    outer loop
      vertex -0.148166 -13.6935 -9
      vertex -0.295202 -13.6742 9
      vertex -0.148166 -13.6935 9
    endloop
  endfacet
  facet normal 0.130144 0.991495 0
    outer loop
      vertex -0.295202 -13.6742 9
      vertex -0.148166 -13.6935 -9
      vertex -0.295202 -13.6742 -9
    endloop
  endfacet
  facet normal 0.216444 0.976295 -0
    outer loop
      vertex -0.295202 -13.6742 -9
      vertex -0.439993 -13.6421 9
      vertex -0.295202 -13.6742 9
    endloop
  endfacet
  facet normal 0.216444 0.976295 0
    outer loop
      vertex -0.439993 -13.6421 9
      vertex -0.295202 -13.6742 -9
      vertex -0.439993 -13.6421 -9
    endloop
  endfacet
  facet normal -0.999048 -0.0436157 0
    outer loop
      vertex 1.7 12 -9
      vertex 1.69353 12.1482 9
      vertex 1.69353 12.1482 -9
    endloop
  endfacet
  facet normal -0.999048 -0.0436157 0
    outer loop
      vertex 1.69353 12.1482 9
      vertex 1.7 12 -9
      vertex 1.7 12 9
    endloop
  endfacet
  facet normal 0.0438278 -0.999039 0
    outer loop
      vertex -0.148166 13.6935 -9
      vertex -7.62939e-07 13.7 9
      vertex -0.148166 13.6935 9
    endloop
  endfacet
  facet normal 0.0438278 -0.999039 0
    outer loop
      vertex -7.62939e-07 13.7 9
      vertex -0.148166 13.6935 -9
      vertex -7.62939e-07 13.7 -9
    endloop
  endfacet
  facet normal -0.0438279 0.999039 0
    outer loop
      vertex 0.148164 10.3065 -9
      vertex -7.62939e-07 10.3 9
      vertex 0.148164 10.3065 9
    endloop
  endfacet
  facet normal -0.0438279 0.999039 0
    outer loop
      vertex -7.62939e-07 10.3 9
      vertex 0.148164 10.3065 -9
      vertex -7.62939e-07 10.3 -9
    endloop
  endfacet
  facet normal -0.675621 -0.737249 0
    outer loop
      vertex 1.09274 13.3023 -9
      vertex 1.20208 13.2021 9
      vertex 1.09274 13.3023 9
    endloop
  endfacet
  facet normal -0.675621 -0.737249 -0
    outer loop
      vertex 1.20208 13.2021 9
      vertex 1.09274 13.3023 -9
      vertex 1.20208 13.2021 -9
    endloop
  endfacet
  facet normal 0.737434 -0.675419 0
    outer loop
      vertex -1.30228 13.0927 9
      vertex -1.20208 13.2021 -9
      vertex -1.20208 13.2021 9
    endloop
  endfacet
  facet normal 0.737434 -0.675419 0
    outer loop
      vertex -1.20208 13.2021 -9
      vertex -1.30228 13.0927 9
      vertex -1.30228 13.0927 -9
    endloop
  endfacet
  facet normal 0.382949 -0.92377 0
    outer loop
      vertex -0.718451 13.5407 -9
      vertex -0.581435 13.5975 9
      vertex -0.718451 13.5407 9
    endloop
  endfacet
  facet normal 0.382949 -0.92377 0
    outer loop
      vertex -0.581435 13.5975 9
      vertex -0.718451 13.5407 -9
      vertex -0.581435 13.5975 -9
    endloop
  endfacet
  facet normal -0.923948 -0.382518 0
    outer loop
      vertex 1.59748 12.5814 -9
      vertex 1.54072 12.7185 9
      vertex 1.54072 12.7185 -9
    endloop
  endfacet
  facet normal -0.923948 -0.382518 0
    outer loop
      vertex 1.54072 12.7185 9
      vertex 1.59748 12.5814 -9
      vertex 1.59748 12.5814 9
    endloop
  endfacet
  facet normal -0.300729 -0.95371 0
    outer loop
      vertex 0.439992 13.6421 -9
      vertex 0.581433 13.5975 9
      vertex 0.439992 13.6421 9
    endloop
  endfacet
  facet normal -0.300729 -0.95371 -0
    outer loop
      vertex 0.581433 13.5975 9
      vertex 0.439992 13.6421 -9
      vertex 0.581433 13.5975 -9
    endloop
  endfacet
  facet normal -0.536893 -0.84365 0
    outer loop
      vertex 0.85 13.4722 -9
      vertex 0.97508 13.3926 9
      vertex 0.85 13.4722 9
    endloop
  endfacet
  facet normal -0.536893 -0.84365 -0
    outer loop
      vertex 0.97508 13.3926 9
      vertex 0.85 13.4722 -9
      vertex 0.97508 13.3926 -9
    endloop
  endfacet
  facet normal 0.886941 -0.461884 0
    outer loop
      vertex -1.54072 12.7185 9
      vertex -1.47224 12.85 -9
      vertex -1.47224 12.85 9
    endloop
  endfacet
  facet normal 0.886941 -0.461884 0
    outer loop
      vertex -1.47224 12.85 -9
      vertex -1.54072 12.7185 9
      vertex -1.54072 12.7185 -9
    endloop
  endfacet
  facet normal 0.843445 -0.537216 0
    outer loop
      vertex -1.47224 12.85 9
      vertex -1.39256 12.9751 -9
      vertex -1.39256 12.9751 9
    endloop
  endfacet
  facet normal 0.843445 -0.537216 0
    outer loop
      vertex -1.39256 12.9751 -9
      vertex -1.47224 12.85 9
      vertex -1.47224 12.85 -9
    endloop
  endfacet
  facet normal 0.216444 -0.976295 0
    outer loop
      vertex -0.439993 13.6421 -9
      vertex -0.295202 13.6742 9
      vertex -0.439993 13.6421 9
    endloop
  endfacet
  facet normal 0.216444 -0.976295 0
    outer loop
      vertex -0.295202 13.6742 9
      vertex -0.439993 13.6421 -9
      vertex -0.295202 13.6742 -9
    endloop
  endfacet
  facet normal -0.300729 0.95371 0
    outer loop
      vertex 0.581433 10.4025 -9
      vertex 0.439992 10.3579 9
      vertex 0.581433 10.4025 9
    endloop
  endfacet
  facet normal -0.300729 0.95371 0
    outer loop
      vertex 0.439992 10.3579 9
      vertex 0.581433 10.4025 -9
      vertex 0.439992 10.3579 -9
    endloop
  endfacet
  facet normal -0.976298 -0.216431 0
    outer loop
      vertex 1.67417 12.2952 -9
      vertex 1.64207 12.44 9
      vertex 1.64207 12.44 -9
    endloop
  endfacet
  facet normal -0.976298 -0.216431 0
    outer loop
      vertex 1.64207 12.44 9
      vertex 1.67417 12.2952 -9
      vertex 1.67417 12.2952 9
    endloop
  endfacet
  facet normal -0.991439 -0.130573 0
    outer loop
      vertex 1.69353 12.1482 -9
      vertex 1.67417 12.2952 9
      vertex 1.67417 12.2952 -9
    endloop
  endfacet
  facet normal -0.991439 -0.130573 0
    outer loop
      vertex 1.67417 12.2952 9
      vertex 1.69353 12.1482 -9
      vertex 1.69353 12.1482 9
    endloop
  endfacet
  facet normal -0.953704 -0.300747 0
    outer loop
      vertex 1.64207 12.44 -9
      vertex 1.59748 12.5814 9
      vertex 1.59748 12.5814 -9
    endloop
  endfacet
  facet normal -0.953704 -0.300747 0
    outer loop
      vertex 1.59748 12.5814 9
      vertex 1.64207 12.44 -9
      vertex 1.64207 12.44 9
    endloop
  endfacet
  facet normal -0.843445 -0.537216 0
    outer loop
      vertex 1.47224 12.85 -9
      vertex 1.39256 12.9751 9
      vertex 1.39256 12.9751 -9
    endloop
  endfacet
  facet normal -0.843445 -0.537216 0
    outer loop
      vertex 1.39256 12.9751 9
      vertex 1.47224 12.85 -9
      vertex 1.47224 12.85 9
    endloop
  endfacet
  facet normal -0.130143 -0.991495 0
    outer loop
      vertex 0.148164 13.6935 -9
      vertex 0.295201 13.6742 9
      vertex 0.148164 13.6935 9
    endloop
  endfacet
  facet normal -0.130143 -0.991495 -0
    outer loop
      vertex 0.295201 13.6742 9
      vertex 0.148164 13.6935 -9
      vertex 0.295201 13.6742 -9
    endloop
  endfacet
  facet normal -0.0438279 -0.999039 0
    outer loop
      vertex -7.62939e-07 13.7 -9
      vertex 0.148164 13.6935 9
      vertex -7.62939e-07 13.7 9
    endloop
  endfacet
  facet normal -0.0438279 -0.999039 -0
    outer loop
      vertex 0.148164 13.6935 9
      vertex -7.62939e-07 13.7 -9
      vertex 0.148164 13.6935 -9
    endloop
  endfacet
  facet normal -0.608831 -0.7933 0
    outer loop
      vertex 0.97508 13.3926 -9
      vertex 1.09274 13.3023 9
      vertex 0.97508 13.3926 9
    endloop
  endfacet
  facet normal -0.608831 -0.7933 -0
    outer loop
      vertex 1.09274 13.3023 9
      vertex 0.97508 13.3926 -9
      vertex 1.09274 13.3023 -9
    endloop
  endfacet
  facet normal 0.991439 -0.130573 0
    outer loop
      vertex -1.69353 12.1482 9
      vertex -1.67417 12.2952 -9
      vertex -1.67417 12.2952 9
    endloop
  endfacet
  facet normal 0.991439 -0.130573 0
    outer loop
      vertex -1.67417 12.2952 -9
      vertex -1.69353 12.1482 9
      vertex -1.69353 12.1482 -9
    endloop
  endfacet
  facet normal 0.999048 -0.0436157 0
    outer loop
      vertex -1.7 12 9
      vertex -1.69353 12.1482 -9
      vertex -1.69353 12.1482 9
    endloop
  endfacet
  facet normal 0.999048 -0.0436157 0
    outer loop
      vertex -1.69353 12.1482 -9
      vertex -1.7 12 9
      vertex -1.7 12 -9
    endloop
  endfacet
  facet normal 0.536893 -0.84365 0
    outer loop
      vertex -0.97508 13.3926 -9
      vertex -0.85 13.4722 9
      vertex -0.97508 13.3926 9
    endloop
  endfacet
  facet normal 0.536893 -0.84365 0
    outer loop
      vertex -0.85 13.4722 9
      vertex -0.97508 13.3926 -9
      vertex -0.85 13.4722 -9
    endloop
  endfacet
  facet normal 0.675621 -0.737249 0
    outer loop
      vertex -1.20208 13.2021 -9
      vertex -1.09274 13.3023 9
      vertex -1.20208 13.2021 9
    endloop
  endfacet
  facet normal 0.675621 -0.737249 0
    outer loop
      vertex -1.09274 13.3023 9
      vertex -1.20208 13.2021 -9
      vertex -1.09274 13.3023 -9
    endloop
  endfacet
  facet normal 0.130144 -0.991495 0
    outer loop
      vertex -0.295202 13.6742 -9
      vertex -0.148166 13.6935 9
      vertex -0.295202 13.6742 9
    endloop
  endfacet
  facet normal 0.130144 -0.991495 0
    outer loop
      vertex -0.148166 13.6935 9
      vertex -0.295202 13.6742 -9
      vertex -0.148166 13.6935 -9
    endloop
  endfacet
  facet normal -0.999048 0.0436157 0
    outer loop
      vertex 1.69353 11.8518 -9
      vertex 1.7 12 9
      vertex 1.7 12 -9
    endloop
  endfacet
  facet normal -0.999048 0.0436157 0
    outer loop
      vertex 1.7 12 9
      vertex 1.69353 11.8518 -9
      vertex 1.69353 11.8518 9
    endloop
  endfacet
  facet normal -0.976298 0.216431 0
    outer loop
      vertex 1.64207 11.56 -9
      vertex 1.67417 11.7048 9
      vertex 1.67417 11.7048 -9
    endloop
  endfacet
  facet normal -0.976298 0.216431 0
    outer loop
      vertex 1.67417 11.7048 9
      vertex 1.64207 11.56 -9
      vertex 1.64207 11.56 9
    endloop
  endfacet
  facet normal -0.737467 0.675383 0
    outer loop
      vertex 1.20208 10.7979 -9
      vertex 1.30227 10.9073 9
      vertex 1.30227 10.9073 -9
    endloop
  endfacet
  facet normal -0.737467 0.675383 0
    outer loop
      vertex 1.30227 10.9073 9
      vertex 1.20208 10.7979 -9
      vertex 1.20208 10.7979 9
    endloop
  endfacet
  facet normal 0.737434 0.675419 0
    outer loop
      vertex -1.20208 10.7979 9
      vertex -1.30228 10.9073 -9
      vertex -1.30228 10.9073 9
    endloop
  endfacet
  facet normal 0.737434 0.675419 0
    outer loop
      vertex -1.30228 10.9073 -9
      vertex -1.20208 10.7979 9
      vertex -1.20208 10.7979 -9
    endloop
  endfacet
  facet normal -0.382944 0.923772 0
    outer loop
      vertex 0.718451 10.4593 -9
      vertex 0.581433 10.4025 9
      vertex 0.718451 10.4593 9
    endloop
  endfacet
  facet normal -0.382944 0.923772 0
    outer loop
      vertex 0.581433 10.4025 9
      vertex 0.718451 10.4593 -9
      vertex 0.581433 10.4025 -9
    endloop
  endfacet
  facet normal -0.793183 -0.608984 0
    outer loop
      vertex 1.39256 12.9751 -9
      vertex 1.30227 13.0927 9
      vertex 1.30227 13.0927 -9
    endloop
  endfacet
  facet normal -0.793183 -0.608984 0
    outer loop
      vertex 1.30227 13.0927 9
      vertex 1.39256 12.9751 -9
      vertex 1.39256 12.9751 9
    endloop
  endfacet
  facet normal -0.737467 -0.675383 0
    outer loop
      vertex 1.30227 13.0927 -9
      vertex 1.20208 13.2021 9
      vertex 1.20208 13.2021 -9
    endloop
  endfacet
  facet normal -0.737467 -0.675383 0
    outer loop
      vertex 1.20208 13.2021 9
      vertex 1.30227 13.0927 -9
      vertex 1.30227 13.0927 9
    endloop
  endfacet
  facet normal -0.886941 -0.461884 0
    outer loop
      vertex 1.54072 12.7185 -9
      vertex 1.47224 12.85 9
      vertex 1.47224 12.85 -9
    endloop
  endfacet
  facet normal -0.886941 -0.461884 0
    outer loop
      vertex 1.47224 12.85 9
      vertex 1.54072 12.7185 -9
      vertex 1.54072 12.7185 9
    endloop
  endfacet
  facet normal -0.216444 -0.976295 0
    outer loop
      vertex 0.295201 13.6742 -9
      vertex 0.439992 13.6421 9
      vertex 0.295201 13.6742 9
    endloop
  endfacet
  facet normal -0.216444 -0.976295 -0
    outer loop
      vertex 0.439992 13.6421 9
      vertex 0.295201 13.6742 -9
      vertex 0.439992 13.6421 -9
    endloop
  endfacet
  facet normal -0.382944 -0.923772 0
    outer loop
      vertex 0.581433 13.5975 -9
      vertex 0.718451 13.5407 9
      vertex 0.581433 13.5975 9
    endloop
  endfacet
  facet normal -0.382944 -0.923772 -0
    outer loop
      vertex 0.718451 13.5407 9
      vertex 0.581433 13.5975 -9
      vertex 0.718451 13.5407 -9
    endloop
  endfacet
  facet normal -0.461854 -0.886956 0
    outer loop
      vertex 0.718451 13.5407 -9
      vertex 0.85 13.4722 9
      vertex 0.718451 13.5407 9
    endloop
  endfacet
  facet normal -0.461854 -0.886956 -0
    outer loop
      vertex 0.85 13.4722 9
      vertex 0.718451 13.5407 -9
      vertex 0.85 13.4722 -9
    endloop
  endfacet
  facet normal 0.793215 -0.608941 0
    outer loop
      vertex -1.39256 12.9751 9
      vertex -1.30228 13.0927 -9
      vertex -1.30228 13.0927 9
    endloop
  endfacet
  facet normal 0.793215 -0.608941 0
    outer loop
      vertex -1.30228 13.0927 -9
      vertex -1.39256 12.9751 9
      vertex -1.39256 12.9751 -9
    endloop
  endfacet
  facet normal 0.953704 -0.300747 0
    outer loop
      vertex -1.64207 12.44 9
      vertex -1.59748 12.5814 -9
      vertex -1.59748 12.5814 9
    endloop
  endfacet
  facet normal 0.953704 -0.300747 0
    outer loop
      vertex -1.59748 12.5814 -9
      vertex -1.64207 12.44 9
      vertex -1.64207 12.44 -9
    endloop
  endfacet
  facet normal 0.976298 -0.216431 0
    outer loop
      vertex -1.67417 12.2952 9
      vertex -1.64207 12.44 -9
      vertex -1.64207 12.44 9
    endloop
  endfacet
  facet normal 0.976298 -0.216431 0
    outer loop
      vertex -1.64207 12.44 -9
      vertex -1.67417 12.2952 9
      vertex -1.67417 12.2952 -9
    endloop
  endfacet
  facet normal 0.999048 0.0436157 0
    outer loop
      vertex -1.69353 11.8518 9
      vertex -1.7 12 -9
      vertex -1.7 12 9
    endloop
  endfacet
  facet normal 0.999048 0.0436157 0
    outer loop
      vertex -1.7 12 -9
      vertex -1.69353 11.8518 9
      vertex -1.69353 11.8518 -9
    endloop
  endfacet
  facet normal 0.461854 -0.886956 0
    outer loop
      vertex -0.85 13.4722 -9
      vertex -0.718451 13.5407 9
      vertex -0.85 13.4722 9
    endloop
  endfacet
  facet normal 0.461854 -0.886956 0
    outer loop
      vertex -0.718451 13.5407 9
      vertex -0.85 13.4722 -9
      vertex -0.718451 13.5407 -9
    endloop
  endfacet
  facet normal 0.608831 -0.7933 0
    outer loop
      vertex -1.09274 13.3023 -9
      vertex -0.97508 13.3926 9
      vertex -1.09274 13.3023 9
    endloop
  endfacet
  facet normal 0.608831 -0.7933 0
    outer loop
      vertex -0.97508 13.3926 9
      vertex -1.09274 13.3023 -9
      vertex -0.97508 13.3926 -9
    endloop
  endfacet
  facet normal 0.300727 -0.95371 0
    outer loop
      vertex -0.581435 13.5975 -9
      vertex -0.439993 13.6421 9
      vertex -0.581435 13.5975 9
    endloop
  endfacet
  facet normal 0.300727 -0.95371 0
    outer loop
      vertex -0.439993 13.6421 9
      vertex -0.581435 13.5975 -9
      vertex -0.439993 13.6421 -9
    endloop
  endfacet
  facet normal -0.923948 0.382518 0
    outer loop
      vertex 1.54072 11.2815 -9
      vertex 1.59748 11.4186 9
      vertex 1.59748 11.4186 -9
    endloop
  endfacet
  facet normal -0.923948 0.382518 0
    outer loop
      vertex 1.59748 11.4186 9
      vertex 1.54072 11.2815 -9
      vertex 1.54072 11.2815 9
    endloop
  endfacet
  facet normal -0.793183 0.608984 0
    outer loop
      vertex 1.30227 10.9073 -9
      vertex 1.39256 11.0249 9
      vertex 1.39256 11.0249 -9
    endloop
  endfacet
  facet normal -0.793183 0.608984 0
    outer loop
      vertex 1.39256 11.0249 9
      vertex 1.30227 10.9073 -9
      vertex 1.30227 10.9073 9
    endloop
  endfacet
  facet normal -0.953704 0.300747 0
    outer loop
      vertex 1.59748 11.4186 -9
      vertex 1.64207 11.56 9
      vertex 1.64207 11.56 -9
    endloop
  endfacet
  facet normal -0.953704 0.300747 0
    outer loop
      vertex 1.64207 11.56 9
      vertex 1.59748 11.4186 -9
      vertex 1.59748 11.4186 9
    endloop
  endfacet
  facet normal 0.793215 0.608941 0
    outer loop
      vertex -1.30228 10.9073 9
      vertex -1.39256 11.0249 -9
      vertex -1.39256 11.0249 9
    endloop
  endfacet
  facet normal 0.793215 0.608941 0
    outer loop
      vertex -1.39256 11.0249 -9
      vertex -1.30228 10.9073 9
      vertex -1.30228 10.9073 -9
    endloop
  endfacet
  facet normal 0.991439 0.130573 0
    outer loop
      vertex -1.67417 11.7048 9
      vertex -1.69353 11.8518 -9
      vertex -1.69353 11.8518 9
    endloop
  endfacet
  facet normal 0.991439 0.130573 0
    outer loop
      vertex -1.69353 11.8518 -9
      vertex -1.67417 11.7048 9
      vertex -1.67417 11.7048 -9
    endloop
  endfacet
  facet normal 0.923948 -0.382518 0
    outer loop
      vertex -1.59748 12.5814 9
      vertex -1.54072 12.7185 -9
      vertex -1.54072 12.7185 9
    endloop
  endfacet
  facet normal 0.923948 -0.382518 0
    outer loop
      vertex -1.54072 12.7185 -9
      vertex -1.59748 12.5814 9
      vertex -1.59748 12.5814 -9
    endloop
  endfacet
  facet normal -0.991439 0.130573 0
    outer loop
      vertex 1.67417 11.7048 -9
      vertex 1.69353 11.8518 9
      vertex 1.69353 11.8518 -9
    endloop
  endfacet
  facet normal -0.991439 0.130573 0
    outer loop
      vertex 1.69353 11.8518 9
      vertex 1.67417 11.7048 -9
      vertex 1.67417 11.7048 9
    endloop
  endfacet
  facet normal -0.461854 0.886956 0
    outer loop
      vertex 0.85 10.5278 -9
      vertex 0.718451 10.4593 9
      vertex 0.85 10.5278 9
    endloop
  endfacet
  facet normal -0.461854 0.886956 0
    outer loop
      vertex 0.718451 10.4593 9
      vertex 0.85 10.5278 -9
      vertex 0.718451 10.4593 -9
    endloop
  endfacet
  facet normal 0.130144 0.991495 -0
    outer loop
      vertex -0.148166 10.3065 -9
      vertex -0.295202 10.3258 9
      vertex -0.148166 10.3065 9
    endloop
  endfacet
  facet normal 0.130144 0.991495 0
    outer loop
      vertex -0.295202 10.3258 9
      vertex -0.148166 10.3065 -9
      vertex -0.295202 10.3258 -9
    endloop
  endfacet
  facet normal 0.0438278 0.999039 -0
    outer loop
      vertex -7.62939e-07 10.3 -9
      vertex -0.148166 10.3065 9
      vertex -7.62939e-07 10.3 9
    endloop
  endfacet
  facet normal 0.0438278 0.999039 0
    outer loop
      vertex -0.148166 10.3065 9
      vertex -7.62939e-07 10.3 -9
      vertex -0.148166 10.3065 -9
    endloop
  endfacet
  facet normal 0.675621 0.737249 -0
    outer loop
      vertex -1.09274 10.6977 -9
      vertex -1.20208 10.7979 9
      vertex -1.09274 10.6977 9
    endloop
  endfacet
  facet normal 0.675621 0.737249 0
    outer loop
      vertex -1.20208 10.7979 9
      vertex -1.09274 10.6977 -9
      vertex -1.20208 10.7979 -9
    endloop
  endfacet
  facet normal 0.843445 0.537216 0
    outer loop
      vertex -1.39256 11.0249 9
      vertex -1.47224 11.15 -9
      vertex -1.47224 11.15 9
    endloop
  endfacet
  facet normal 0.843445 0.537216 0
    outer loop
      vertex -1.47224 11.15 -9
      vertex -1.39256 11.0249 9
      vertex -1.39256 11.0249 -9
    endloop
  endfacet
  facet normal 0.886941 0.461884 0
    outer loop
      vertex -1.47224 11.15 9
      vertex -1.54072 11.2815 -9
      vertex -1.54072 11.2815 9
    endloop
  endfacet
  facet normal 0.886941 0.461884 0
    outer loop
      vertex -1.54072 11.2815 -9
      vertex -1.47224 11.15 9
      vertex -1.47224 11.15 -9
    endloop
  endfacet
  facet normal 0.953704 0.300747 0
    outer loop
      vertex -1.59748 11.4186 9
      vertex -1.64207 11.56 -9
      vertex -1.64207 11.56 9
    endloop
  endfacet
  facet normal 0.953704 0.300747 0
    outer loop
      vertex -1.64207 11.56 -9
      vertex -1.59748 11.4186 9
      vertex -1.59748 11.4186 -9
    endloop
  endfacet
  facet normal 0.976298 0.216431 0
    outer loop
      vertex -1.64207 11.56 9
      vertex -1.67417 11.7048 -9
      vertex -1.67417 11.7048 9
    endloop
  endfacet
  facet normal 0.976298 0.216431 0
    outer loop
      vertex -1.67417 11.7048 -9
      vertex -1.64207 11.56 9
      vertex -1.64207 11.56 -9
    endloop
  endfacet
  facet normal -0.216444 0.976295 0
    outer loop
      vertex 0.439992 10.3579 -9
      vertex 0.295201 10.3258 9
      vertex 0.439992 10.3579 9
    endloop
  endfacet
  facet normal -0.216444 0.976295 0
    outer loop
      vertex 0.295201 10.3258 9
      vertex 0.439992 10.3579 -9
      vertex 0.295201 10.3258 -9
    endloop
  endfacet
  facet normal -0.130143 0.991495 0
    outer loop
      vertex 0.295201 10.3258 -9
      vertex 0.148164 10.3065 9
      vertex 0.295201 10.3258 9
    endloop
  endfacet
  facet normal -0.130143 0.991495 0
    outer loop
      vertex 0.148164 10.3065 9
      vertex 0.295201 10.3258 -9
      vertex 0.148164 10.3065 -9
    endloop
  endfacet
  facet normal -0.886941 0.461884 0
    outer loop
      vertex 1.47224 11.15 -9
      vertex 1.54072 11.2815 9
      vertex 1.54072 11.2815 -9
    endloop
  endfacet
  facet normal -0.886941 0.461884 0
    outer loop
      vertex 1.54072 11.2815 9
      vertex 1.47224 11.15 -9
      vertex 1.47224 11.15 9
    endloop
  endfacet
  facet normal -0.843445 0.537216 0
    outer loop
      vertex 1.39256 11.0249 -9
      vertex 1.47224 11.15 9
      vertex 1.47224 11.15 -9
    endloop
  endfacet
  facet normal -0.843445 0.537216 0
    outer loop
      vertex 1.47224 11.15 9
      vertex 1.39256 11.0249 -9
      vertex 1.39256 11.0249 9
    endloop
  endfacet
  facet normal -0.675621 0.737249 0
    outer loop
      vertex 1.20208 10.7979 -9
      vertex 1.09274 10.6977 9
      vertex 1.20208 10.7979 9
    endloop
  endfacet
  facet normal -0.675621 0.737249 0
    outer loop
      vertex 1.09274 10.6977 9
      vertex 1.20208 10.7979 -9
      vertex 1.09274 10.6977 -9
    endloop
  endfacet
  facet normal -0.608831 0.7933 0
    outer loop
      vertex 1.09274 10.6977 -9
      vertex 0.97508 10.6074 9
      vertex 1.09274 10.6977 9
    endloop
  endfacet
  facet normal -0.608831 0.7933 0
    outer loop
      vertex 0.97508 10.6074 9
      vertex 1.09274 10.6977 -9
      vertex 0.97508 10.6074 -9
    endloop
  endfacet
  facet normal 0.216444 0.976295 -0
    outer loop
      vertex -0.295202 10.3258 -9
      vertex -0.439993 10.3579 9
      vertex -0.295202 10.3258 9
    endloop
  endfacet
  facet normal 0.216444 0.976295 0
    outer loop
      vertex -0.439993 10.3579 9
      vertex -0.295202 10.3258 -9
      vertex -0.439993 10.3579 -9
    endloop
  endfacet
  facet normal 0.608831 0.7933 -0
    outer loop
      vertex -0.97508 10.6074 -9
      vertex -1.09274 10.6977 9
      vertex -0.97508 10.6074 9
    endloop
  endfacet
  facet normal 0.608831 0.7933 0
    outer loop
      vertex -1.09274 10.6977 9
      vertex -0.97508 10.6074 -9
      vertex -1.09274 10.6977 -9
    endloop
  endfacet
  facet normal 0.923948 0.382518 0
    outer loop
      vertex -1.54072 11.2815 9
      vertex -1.59748 11.4186 -9
      vertex -1.59748 11.4186 9
    endloop
  endfacet
  facet normal 0.923948 0.382518 0
    outer loop
      vertex -1.59748 11.4186 -9
      vertex -1.54072 11.2815 9
      vertex -1.54072 11.2815 -9
    endloop
  endfacet
  facet normal -0.536893 0.84365 0
    outer loop
      vertex 0.97508 10.6074 -9
      vertex 0.85 10.5278 9
      vertex 0.97508 10.6074 9
    endloop
  endfacet
  facet normal -0.536893 0.84365 0
    outer loop
      vertex 0.85 10.5278 9
      vertex 0.97508 10.6074 -9
      vertex 0.85 10.5278 -9
    endloop
  endfacet
  facet normal 0.536893 0.84365 -0
    outer loop
      vertex -0.85 10.5278 -9
      vertex -0.97508 10.6074 9
      vertex -0.85 10.5278 9
    endloop
  endfacet
  facet normal 0.536893 0.84365 0
    outer loop
      vertex -0.97508 10.6074 9
      vertex -0.85 10.5278 -9
      vertex -0.97508 10.6074 -9
    endloop
  endfacet
  facet normal 0.382949 0.92377 -0
    outer loop
      vertex -0.581435 10.4025 -9
      vertex -0.718451 10.4593 9
      vertex -0.581435 10.4025 9
    endloop
  endfacet
  facet normal 0.382949 0.92377 0
    outer loop
      vertex -0.718451 10.4593 9
      vertex -0.581435 10.4025 -9
      vertex -0.718451 10.4593 -9
    endloop
  endfacet
  facet normal 0.461854 0.886956 -0
    outer loop
      vertex -0.718451 10.4593 -9
      vertex -0.85 10.5278 9
      vertex -0.718451 10.4593 9
    endloop
  endfacet
  facet normal 0.461854 0.886956 0
    outer loop
      vertex -0.85 10.5278 9
      vertex -0.718451 10.4593 -9
      vertex -0.85 10.5278 -9
    endloop
  endfacet
  facet normal 0.300727 0.95371 -0
    outer loop
      vertex -0.439993 10.3579 -9
      vertex -0.581435 10.4025 9
      vertex -0.439993 10.3579 9
    endloop
  endfacet
  facet normal 0.300727 0.95371 0
    outer loop
      vertex -0.581435 10.4025 9
      vertex -0.439993 10.3579 -9
      vertex -0.581435 10.4025 -9
    endloop
  endfacet
  facet normal 0 -0.0434826 0.999054
    outer loop
      vertex -6.2 -105.895 -7.69543
      vertex 6 -106 -7.7
      vertex 6 -105.895 -7.69543
    endloop
  endfacet
  facet normal 0 -0.0434826 0.999054
    outer loop
      vertex 6 -106 -7.7
      vertex -6.2 -105.895 -7.69543
      vertex -6.2 -106 -7.7
    endloop
  endfacet
  facet normal 0 -0.0434826 -0.999054
    outer loop
      vertex -6.2 -106 -5.3
      vertex 6 -105.895 -5.30457
      vertex 6 -106 -5.3
    endloop
  endfacet
  facet normal -0 -0.0434826 -0.999054
    outer loop
      vertex 6 -105.895 -5.30457
      vertex -6.2 -106 -5.3
      vertex -6.2 -105.895 -5.30457
    endloop
  endfacet
  facet normal 0 -0.998859 -0.0477512
    outer loop
      vertex -6.2 -104.8 -6.5
      vertex 6 -104.805 -6.39541
      vertex -6.2 -104.805 -6.39541
    endloop
  endfacet
  facet normal 0 -0.998859 -0.0477512
    outer loop
      vertex 6 -104.805 -6.39541
      vertex -6.2 -104.8 -6.5
      vertex 6 -104.8 -6.5
    endloop
  endfacet
  facet normal 0 0.998859 0.0477512
    outer loop
      vertex 6 -107.195 -6.60459
      vertex -6.2 -107.2 -6.5
      vertex 6 -107.2 -6.5
    endloop
  endfacet
  facet normal 0 0.998859 0.0477512
    outer loop
      vertex -6.2 -107.2 -6.5
      vertex 6 -107.195 -6.60459
      vertex -6.2 -107.195 -6.60459
    endloop
  endfacet
  facet normal 0 -0.740765 -0.671765
    outer loop
      vertex -6.2 -105.081 -5.72866
      vertex 6 -105.151 -5.65147
      vertex -6.2 -105.151 -5.65147
    endloop
  endfacet
  facet normal 0 -0.740765 -0.671765
    outer loop
      vertex 6 -105.151 -5.65147
      vertex -6.2 -105.081 -5.72866
      vertex 6 -105.081 -5.72866
    endloop
  endfacet
  facet normal 0 -0.924091 -0.382172
    outer loop
      vertex -6.2 -104.872 -6.08958
      vertex 6 -104.912 -5.99286
      vertex -6.2 -104.912 -5.99286
    endloop
  endfacet
  facet normal 0 -0.924091 -0.382172
    outer loop
      vertex 6 -104.912 -5.99286
      vertex -6.2 -104.872 -6.08958
      vertex 6 -104.872 -6.08958
    endloop
  endfacet
  facet normal 0 -0.538578 -0.842576
    outer loop
      vertex -6.2 -105.4 -5.46077
      vertex 6 -105.312 -5.51702
      vertex 6 -105.4 -5.46077
    endloop
  endfacet
  facet normal -0 -0.538578 -0.842576
    outer loop
      vertex 6 -105.312 -5.51702
      vertex -6.2 -105.4 -5.46077
      vertex -6.2 -105.312 -5.51702
    endloop
  endfacet
  facet normal 0 -0.609013 -0.79316
    outer loop
      vertex -6.2 -105.312 -5.51702
      vertex 6 -105.229 -5.58075
      vertex 6 -105.312 -5.51702
    endloop
  endfacet
  facet normal -0 -0.609013 -0.79316
    outer loop
      vertex 6 -105.229 -5.58075
      vertex -6.2 -105.312 -5.51702
      vertex -6.2 -105.229 -5.58075
    endloop
  endfacet
  facet normal 0 -0.9756 -0.219558
    outer loop
      vertex -6.2 -104.818 -6.29162
      vertex 6 -104.841 -6.18942
      vertex -6.2 -104.841 -6.18942
    endloop
  endfacet
  facet normal 0 -0.9756 -0.219558
    outer loop
      vertex 6 -104.841 -6.18942
      vertex -6.2 -104.818 -6.29162
      vertex 6 -104.818 -6.29162
    endloop
  endfacet
  facet normal 0 -0.13147 0.99132
    outer loop
      vertex -6.2 -105.792 -7.68177
      vertex 6 -105.895 -7.69543
      vertex 6 -105.792 -7.68177
    endloop
  endfacet
  facet normal 0 -0.13147 0.99132
    outer loop
      vertex 6 -105.895 -7.69543
      vertex -6.2 -105.792 -7.68177
      vertex -6.2 -105.895 -7.69543
    endloop
  endfacet
  facet normal 0 -0.671689 0.740833
    outer loop
      vertex -6.2 -105.151 -7.34853
      vertex 6 -105.229 -7.41925
      vertex 6 -105.151 -7.34853
    endloop
  endfacet
  facet normal 0 -0.671689 0.740833
    outer loop
      vertex 6 -105.229 -7.41925
      vertex -6.2 -105.151 -7.34853
      vertex -6.2 -105.229 -7.41925
    endloop
  endfacet
  facet normal 0 -0.609013 0.79316
    outer loop
      vertex -6.2 -105.229 -7.41925
      vertex 6 -105.312 -7.48298
      vertex 6 -105.229 -7.41925
    endloop
  endfacet
  facet normal 0 -0.609013 0.79316
    outer loop
      vertex 6 -105.312 -7.48298
      vertex -6.2 -105.229 -7.41925
      vertex -6.2 -105.312 -7.48298
    endloop
  endfacet
  facet normal 0 -0.538578 0.842576
    outer loop
      vertex -6.2 -105.312 -7.48298
      vertex 6 -105.4 -7.53923
      vertex 6 -105.312 -7.48298
    endloop
  endfacet
  facet normal 0 -0.538578 0.842576
    outer loop
      vertex 6 -105.4 -7.53923
      vertex -6.2 -105.312 -7.48298
      vertex -6.2 -105.4 -7.53923
    endloop
  endfacet
  facet normal 0 -0.992247 0.124282
    outer loop
      vertex -6.2 -104.818 -6.70838
      vertex 6 -104.805 -6.60459
      vertex -6.2 -104.805 -6.60459
    endloop
  endfacet
  facet normal 0 -0.992247 0.124282
    outer loop
      vertex 6 -104.805 -6.60459
      vertex -6.2 -104.818 -6.70838
      vertex 6 -104.818 -6.70838
    endloop
  endfacet
  facet normal 0 -0.955023 0.296532
    outer loop
      vertex -6.2 -104.872 -6.91042
      vertex 6 -104.841 -6.81058
      vertex -6.2 -104.841 -6.81058
    endloop
  endfacet
  facet normal 0 -0.955023 0.296532
    outer loop
      vertex 6 -104.841 -6.81058
      vertex -6.2 -104.872 -6.91042
      vertex 6 -104.872 -6.91042
    endloop
  endfacet
  facet normal 0 -0.998859 0.0477512
    outer loop
      vertex -6.2 -104.805 -6.60459
      vertex 6 -104.8 -6.5
      vertex -6.2 -104.8 -6.5
    endloop
  endfacet
  facet normal 0 -0.998859 0.0477512
    outer loop
      vertex 6 -104.8 -6.5
      vertex -6.2 -104.805 -6.60459
      vertex 6 -104.805 -6.60459
    endloop
  endfacet
  facet normal 0 -0.884422 0.466688
    outer loop
      vertex -6.2 -104.961 -7.1
      vertex 6 -104.912 -7.00714
      vertex -6.2 -104.912 -7.00714
    endloop
  endfacet
  facet normal 0 -0.884422 0.466688
    outer loop
      vertex 6 -104.912 -7.00714
      vertex -6.2 -104.961 -7.1
      vertex 6 -104.961 -7.1
    endloop
  endfacet
  facet normal 0 -0.924091 0.382172
    outer loop
      vertex -6.2 -104.912 -7.00714
      vertex 6 -104.872 -6.91042
      vertex -6.2 -104.872 -6.91042
    endloop
  endfacet
  facet normal 0 -0.924091 0.382172
    outer loop
      vertex 6 -104.872 -6.91042
      vertex -6.2 -104.912 -7.00714
      vertex 6 -104.912 -7.00714
    endloop
  endfacet
  facet normal 0 -0.792127 0.610356
    outer loop
      vertex -6.2 -105.081 -7.27135
      vertex 6 -105.017 -7.18829
      vertex -6.2 -105.017 -7.18829
    endloop
  endfacet
  facet normal 0 -0.792127 0.610356
    outer loop
      vertex 6 -105.017 -7.18829
      vertex -6.2 -105.081 -7.27135
      vertex 6 -105.081 -7.27135
    endloop
  endfacet
  facet normal 0 -0.214862 -0.976644
    outer loop
      vertex -6.2 -105.792 -5.31823
      vertex 6 -105.689 -5.34089
      vertex 6 -105.792 -5.31823
    endloop
  endfacet
  facet normal -0 -0.214862 -0.976644
    outer loop
      vertex 6 -105.689 -5.34089
      vertex -6.2 -105.792 -5.31823
      vertex -6.2 -105.689 -5.34089
    endloop
  endfacet
  facet normal 0 -0.671689 -0.740833
    outer loop
      vertex -6.2 -105.229 -5.58075
      vertex 6 -105.151 -5.65147
      vertex 6 -105.229 -5.58075
    endloop
  endfacet
  facet normal -0 -0.671689 -0.740833
    outer loop
      vertex 6 -105.151 -5.65147
      vertex -6.2 -105.229 -5.58075
      vertex -6.2 -105.151 -5.65147
    endloop
  endfacet
  facet normal 0 -0.461203 -0.887295
    outer loop
      vertex -6.2 -105.493 -5.41243
      vertex 6 -105.4 -5.46077
      vertex 6 -105.493 -5.41243
    endloop
  endfacet
  facet normal -0 -0.461203 -0.887295
    outer loop
      vertex 6 -105.4 -5.46077
      vertex -6.2 -105.493 -5.41243
      vertex -6.2 -105.4 -5.46077
    endloop
  endfacet
  facet normal 0 -0.13147 -0.99132
    outer loop
      vertex -6.2 -105.895 -5.30457
      vertex 6 -105.792 -5.31823
      vertex 6 -105.895 -5.30457
    endloop
  endfacet
  facet normal -0 -0.13147 -0.99132
    outer loop
      vertex 6 -105.792 -5.31823
      vertex -6.2 -105.895 -5.30457
      vertex -6.2 -105.792 -5.31823
    endloop
  endfacet
  facet normal 0 -0.884422 -0.466688
    outer loop
      vertex -6.2 -104.912 -5.99286
      vertex 6 -104.961 -5.9
      vertex -6.2 -104.961 -5.9
    endloop
  endfacet
  facet normal 0 -0.884422 -0.466688
    outer loop
      vertex 6 -104.961 -5.9
      vertex -6.2 -104.912 -5.99286
      vertex 6 -104.912 -5.99286
    endloop
  endfacet
  facet normal 0 -0.84446 -0.535619
    outer loop
      vertex -6.2 -104.961 -5.9
      vertex 6 -105.017 -5.81171
      vertex -6.2 -105.017 -5.81171
    endloop
  endfacet
  facet normal 0 -0.84446 -0.535619
    outer loop
      vertex 6 -105.017 -5.81171
      vertex -6.2 -104.961 -5.9
      vertex 6 -104.961 -5.9
    endloop
  endfacet
  facet normal 0 -0.792092 -0.610402
    outer loop
      vertex -6.2 -105.017 -5.81171
      vertex 6 -105.081 -5.72866
      vertex -6.2 -105.081 -5.72866
    endloop
  endfacet
  facet normal 0 -0.792092 -0.610402
    outer loop
      vertex 6 -105.081 -5.72866
      vertex -6.2 -105.017 -5.81171
      vertex 6 -105.017 -5.81171
    endloop
  endfacet
  facet normal 0 -0.955023 -0.296532
    outer loop
      vertex -6.2 -104.841 -6.18942
      vertex 6 -104.872 -6.08958
      vertex -6.2 -104.872 -6.08958
    endloop
  endfacet
  facet normal 0 -0.955023 -0.296532
    outer loop
      vertex 6 -104.872 -6.08958
      vertex -6.2 -104.841 -6.18942
      vertex 6 -104.841 -6.18942
    endloop
  endfacet
  facet normal 0 -0.992247 -0.124282
    outer loop
      vertex -6.2 -104.805 -6.39541
      vertex 6 -104.818 -6.29162
      vertex -6.2 -104.818 -6.29162
    endloop
  endfacet
  facet normal 0 -0.992247 -0.124282
    outer loop
      vertex 6 -104.818 -6.29162
      vertex -6.2 -104.805 -6.39541
      vertex 6 -104.805 -6.39541
    endloop
  endfacet
  facet normal -0 0.0434826 0.999054
    outer loop
      vertex -6.2 -106 -7.7
      vertex 6 -106.105 -7.69543
      vertex 6 -106 -7.7
    endloop
  endfacet
  facet normal 0 0.0434826 0.999054
    outer loop
      vertex 6 -106.105 -7.69543
      vertex -6.2 -106 -7.7
      vertex -6.2 -106.105 -7.69543
    endloop
  endfacet
  facet normal -0 0.671689 0.740833
    outer loop
      vertex -6.2 -106.771 -7.41925
      vertex 6 -106.849 -7.34853
      vertex 6 -106.771 -7.41925
    endloop
  endfacet
  facet normal 0 0.671689 0.740833
    outer loop
      vertex 6 -106.849 -7.34853
      vertex -6.2 -106.771 -7.41925
      vertex -6.2 -106.849 -7.34853
    endloop
  endfacet
  facet normal 0 0.924091 -0.382172
    outer loop
      vertex 6 -107.128 -6.08958
      vertex -6.2 -107.088 -5.99286
      vertex 6 -107.088 -5.99286
    endloop
  endfacet
  facet normal 0 0.924091 -0.382172
    outer loop
      vertex -6.2 -107.088 -5.99286
      vertex 6 -107.128 -6.08958
      vertex -6.2 -107.128 -6.08958
    endloop
  endfacet
  facet normal 0 0.884422 0.466688
    outer loop
      vertex 6 -107.039 -7.1
      vertex -6.2 -107.088 -7.00714
      vertex 6 -107.088 -7.00714
    endloop
  endfacet
  facet normal 0 0.884422 0.466688
    outer loop
      vertex -6.2 -107.088 -7.00714
      vertex 6 -107.039 -7.1
      vertex -6.2 -107.039 -7.1
    endloop
  endfacet
  facet normal 0 -0.214862 0.976644
    outer loop
      vertex -6.2 -105.689 -7.65911
      vertex 6 -105.792 -7.68177
      vertex 6 -105.689 -7.65911
    endloop
  endfacet
  facet normal 0 -0.214862 0.976644
    outer loop
      vertex 6 -105.792 -7.68177
      vertex -6.2 -105.689 -7.65911
      vertex -6.2 -105.792 -7.68177
    endloop
  endfacet
  facet normal 0 -0.303029 0.952981
    outer loop
      vertex -6.2 -105.59 -7.62763
      vertex 6 -105.689 -7.65911
      vertex 6 -105.59 -7.62763
    endloop
  endfacet
  facet normal 0 -0.303029 0.952981
    outer loop
      vertex 6 -105.689 -7.65911
      vertex -6.2 -105.59 -7.62763
      vertex -6.2 -105.689 -7.65911
    endloop
  endfacet
  facet normal 0 -0.461203 0.887295
    outer loop
      vertex -6.2 -105.4 -7.53923
      vertex 6 -105.493 -7.58757
      vertex 6 -105.4 -7.53923
    endloop
  endfacet
  facet normal 0 -0.461203 0.887295
    outer loop
      vertex 6 -105.493 -7.58757
      vertex -6.2 -105.4 -7.53923
      vertex -6.2 -105.493 -7.58757
    endloop
  endfacet
  facet normal 0 -0.740721 0.671812
    outer loop
      vertex -6.2 -105.151 -7.34853
      vertex 6 -105.081 -7.27135
      vertex -6.2 -105.081 -7.27135
    endloop
  endfacet
  facet normal 0 -0.740721 0.671812
    outer loop
      vertex 6 -105.081 -7.27135
      vertex -6.2 -105.151 -7.34853
      vertex 6 -105.151 -7.34853
    endloop
  endfacet
  facet normal 0 -0.9756 0.219558
    outer loop
      vertex -6.2 -104.841 -6.81058
      vertex 6 -104.818 -6.70838
      vertex -6.2 -104.818 -6.70838
    endloop
  endfacet
  facet normal 0 -0.9756 0.219558
    outer loop
      vertex 6 -104.818 -6.70838
      vertex -6.2 -104.841 -6.81058
      vertex 6 -104.841 -6.81058
    endloop
  endfacet
  facet normal 0 -0.84446 0.535619
    outer loop
      vertex -6.2 -105.017 -7.18829
      vertex 6 -104.961 -7.1
      vertex -6.2 -104.961 -7.1
    endloop
  endfacet
  facet normal 0 -0.84446 0.535619
    outer loop
      vertex 6 -104.961 -7.1
      vertex -6.2 -105.017 -7.18829
      vertex 6 -105.017 -7.18829
    endloop
  endfacet
  facet normal 0 -0.303029 -0.952981
    outer loop
      vertex -6.2 -105.689 -5.34089
      vertex 6 -105.59 -5.37237
      vertex 6 -105.689 -5.34089
    endloop
  endfacet
  facet normal -0 -0.303029 -0.952981
    outer loop
      vertex 6 -105.59 -5.37237
      vertex -6.2 -105.689 -5.34089
      vertex -6.2 -105.59 -5.37237
    endloop
  endfacet
  facet normal -0 0.303029 0.952981
    outer loop
      vertex -6.2 -106.311 -7.65911
      vertex 6 -106.41 -7.62763
      vertex 6 -106.311 -7.65911
    endloop
  endfacet
  facet normal 0 0.303029 0.952981
    outer loop
      vertex 6 -106.41 -7.62763
      vertex -6.2 -106.311 -7.65911
      vertex -6.2 -106.41 -7.62763
    endloop
  endfacet
  facet normal -0 0.609013 0.79316
    outer loop
      vertex -6.2 -106.688 -7.48298
      vertex 6 -106.771 -7.41925
      vertex 6 -106.688 -7.48298
    endloop
  endfacet
  facet normal 0 0.609013 0.79316
    outer loop
      vertex 6 -106.771 -7.41925
      vertex -6.2 -106.688 -7.48298
      vertex -6.2 -106.771 -7.41925
    endloop
  endfacet
  facet normal 0 0.84446 0.535619
    outer loop
      vertex 6 -106.983 -7.18829
      vertex -6.2 -107.039 -7.1
      vertex 6 -107.039 -7.1
    endloop
  endfacet
  facet normal 0 0.84446 0.535619
    outer loop
      vertex -6.2 -107.039 -7.1
      vertex 6 -106.983 -7.18829
      vertex -6.2 -106.983 -7.18829
    endloop
  endfacet
  facet normal -0 0.461203 0.887295
    outer loop
      vertex -6.2 -106.507 -7.58757
      vertex 6 -106.6 -7.53923
      vertex 6 -106.507 -7.58757
    endloop
  endfacet
  facet normal 0 0.461203 0.887295
    outer loop
      vertex 6 -106.6 -7.53923
      vertex -6.2 -106.507 -7.58757
      vertex -6.2 -106.6 -7.53923
    endloop
  endfacet
  facet normal 0 0.671689 -0.740833
    outer loop
      vertex -6.2 -106.849 -5.65147
      vertex 6 -106.771 -5.58075
      vertex 6 -106.849 -5.65147
    endloop
  endfacet
  facet normal 0 0.671689 -0.740833
    outer loop
      vertex 6 -106.771 -5.58075
      vertex -6.2 -106.849 -5.65147
      vertex -6.2 -106.771 -5.58075
    endloop
  endfacet
  facet normal 0 0.381718 -0.924279
    outer loop
      vertex -6.2 -106.507 -5.41243
      vertex 6 -106.41 -5.37237
      vertex 6 -106.507 -5.41243
    endloop
  endfacet
  facet normal 0 0.381718 -0.924279
    outer loop
      vertex 6 -106.41 -5.37237
      vertex -6.2 -106.507 -5.41243
      vertex -6.2 -106.41 -5.37237
    endloop
  endfacet
  facet normal 0 -0.381718 0.924279
    outer loop
      vertex -6.2 -105.493 -7.58757
      vertex 6 -105.59 -7.62763
      vertex 6 -105.493 -7.58757
    endloop
  endfacet
  facet normal 0 -0.381718 0.924279
    outer loop
      vertex 6 -105.59 -7.62763
      vertex -6.2 -105.493 -7.58757
      vertex -6.2 -105.59 -7.62763
    endloop
  endfacet
  facet normal 0 -0.381718 -0.924279
    outer loop
      vertex -6.2 -105.59 -5.37237
      vertex 6 -105.493 -5.41243
      vertex 6 -105.59 -5.37237
    endloop
  endfacet
  facet normal -0 -0.381718 -0.924279
    outer loop
      vertex 6 -105.493 -5.41243
      vertex -6.2 -105.59 -5.37237
      vertex -6.2 -105.493 -5.41243
    endloop
  endfacet
  facet normal -0 0.214862 0.976644
    outer loop
      vertex -6.2 -106.208 -7.68177
      vertex 6 -106.311 -7.65911
      vertex 6 -106.208 -7.68177
    endloop
  endfacet
  facet normal 0 0.214862 0.976644
    outer loop
      vertex 6 -106.311 -7.65911
      vertex -6.2 -106.208 -7.68177
      vertex -6.2 -106.311 -7.65911
    endloop
  endfacet
  facet normal -0 0.13147 0.99132
    outer loop
      vertex -6.2 -106.105 -7.69543
      vertex 6 -106.208 -7.68177
      vertex 6 -106.105 -7.69543
    endloop
  endfacet
  facet normal 0 0.13147 0.99132
    outer loop
      vertex 6 -106.208 -7.68177
      vertex -6.2 -106.105 -7.69543
      vertex -6.2 -106.208 -7.68177
    endloop
  endfacet
  facet normal -0 0.538578 0.842576
    outer loop
      vertex -6.2 -106.6 -7.53923
      vertex 6 -106.688 -7.48298
      vertex 6 -106.6 -7.53923
    endloop
  endfacet
  facet normal 0 0.538578 0.842576
    outer loop
      vertex 6 -106.688 -7.48298
      vertex -6.2 -106.6 -7.53923
      vertex -6.2 -106.688 -7.48298
    endloop
  endfacet
  facet normal 0 0.740721 0.671812
    outer loop
      vertex 6 -106.849 -7.34853
      vertex -6.2 -106.919 -7.27135
      vertex 6 -106.919 -7.27135
    endloop
  endfacet
  facet normal 0 0.740721 0.671812
    outer loop
      vertex -6.2 -106.919 -7.27135
      vertex 6 -106.849 -7.34853
      vertex -6.2 -106.849 -7.34853
    endloop
  endfacet
  facet normal 0 0.792127 0.610356
    outer loop
      vertex 6 -106.919 -7.27135
      vertex -6.2 -106.983 -7.18829
      vertex 6 -106.983 -7.18829
    endloop
  endfacet
  facet normal 0 0.792127 0.610356
    outer loop
      vertex -6.2 -106.983 -7.18829
      vertex 6 -106.919 -7.27135
      vertex -6.2 -106.919 -7.27135
    endloop
  endfacet
  facet normal -0 0.381718 0.924279
    outer loop
      vertex -6.2 -106.41 -7.62763
      vertex 6 -106.507 -7.58757
      vertex 6 -106.41 -7.62763
    endloop
  endfacet
  facet normal 0 0.381718 0.924279
    outer loop
      vertex 6 -106.507 -7.58757
      vertex -6.2 -106.41 -7.62763
      vertex -6.2 -106.507 -7.58757
    endloop
  endfacet
  facet normal 0 0.998859 -0.0477512
    outer loop
      vertex 6 -107.2 -6.5
      vertex -6.2 -107.195 -6.39541
      vertex 6 -107.195 -6.39541
    endloop
  endfacet
  facet normal 0 0.998859 -0.0477512
    outer loop
      vertex -6.2 -107.195 -6.39541
      vertex 6 -107.2 -6.5
      vertex -6.2 -107.2 -6.5
    endloop
  endfacet
  facet normal 1 0 0
    outer loop
      vertex -6.2 -104.805 -6.39541
      vertex -6.2 -104.805 -6.60459
      vertex -6.2 -104.8 -6.5
    endloop
  endfacet
  facet normal 1 0 0
    outer loop
      vertex -6.2 -104.818 -6.29162
      vertex -6.2 -104.805 -6.60459
      vertex -6.2 -104.805 -6.39541
    endloop
  endfacet
  facet normal 1 0 0
    outer loop
      vertex -6.2 -104.818 -6.29162
      vertex -6.2 -104.818 -6.70838
      vertex -6.2 -104.805 -6.60459
    endloop
  endfacet
  facet normal 1 0 0
    outer loop
      vertex -6.2 -104.841 -6.18942
      vertex -6.2 -104.818 -6.70838
      vertex -6.2 -104.818 -6.29162
    endloop
  endfacet
  facet normal 1 0 0
    outer loop
      vertex -6.2 -104.841 -6.18942
      vertex -6.2 -104.841 -6.81058
      vertex -6.2 -104.818 -6.70838
    endloop
  endfacet
  facet normal 1 0 0
    outer loop
      vertex -6.2 -104.872 -6.08958
      vertex -6.2 -104.841 -6.81058
      vertex -6.2 -104.841 -6.18942
    endloop
  endfacet
  facet normal 1 0 0
    outer loop
      vertex -6.2 -104.872 -6.08958
      vertex -6.2 -104.872 -6.91042
      vertex -6.2 -104.841 -6.81058
    endloop
  endfacet
  facet normal 1 0 0
    outer loop
      vertex -6.2 -104.912 -5.99286
      vertex -6.2 -104.872 -6.91042
      vertex -6.2 -104.872 -6.08958
    endloop
  endfacet
  facet normal 1 0 0
    outer loop
      vertex -6.2 -104.912 -5.99286
      vertex -6.2 -104.912 -7.00714
      vertex -6.2 -104.872 -6.91042
    endloop
  endfacet
  facet normal 1 0 0
    outer loop
      vertex -6.2 -104.961 -5.9
      vertex -6.2 -104.912 -7.00714
      vertex -6.2 -104.912 -5.99286
    endloop
  endfacet
  facet normal 1 0 0
    outer loop
      vertex -6.2 -104.961 -5.9
      vertex -6.2 -104.961 -7.1
      vertex -6.2 -104.912 -7.00714
    endloop
  endfacet
  facet normal 1 0 0
    outer loop
      vertex -6.2 -105.017 -5.81171
      vertex -6.2 -104.961 -7.1
      vertex -6.2 -104.961 -5.9
    endloop
  endfacet
  facet normal 1 0 0
    outer loop
      vertex -6.2 -105.017 -5.81171
      vertex -6.2 -105.017 -7.18829
      vertex -6.2 -104.961 -7.1
    endloop
  endfacet
  facet normal 1 0 0
    outer loop
      vertex -6.2 -105.081 -5.72866
      vertex -6.2 -105.017 -7.18829
      vertex -6.2 -105.017 -5.81171
    endloop
  endfacet
  facet normal 1 0 0
    outer loop
      vertex -6.2 -105.081 -5.72866
      vertex -6.2 -105.081 -7.27135
      vertex -6.2 -105.017 -7.18829
    endloop
  endfacet
  facet normal 1 0 0
    outer loop
      vertex -6.2 -105.151 -5.65147
      vertex -6.2 -105.081 -7.27135
      vertex -6.2 -105.081 -5.72866
    endloop
  endfacet
  facet normal 1 0 0
    outer loop
      vertex -6.2 -105.151 -5.65147
      vertex -6.2 -105.151 -7.34853
      vertex -6.2 -105.081 -7.27135
    endloop
  endfacet
  facet normal 1 0 0
    outer loop
      vertex -6.2 -105.229 -5.58075
      vertex -6.2 -105.151 -7.34853
      vertex -6.2 -105.151 -5.65147
    endloop
  endfacet
  facet normal 1 0 0
    outer loop
      vertex -6.2 -105.229 -5.58075
      vertex -6.2 -105.229 -7.41925
      vertex -6.2 -105.151 -7.34853
    endloop
  endfacet
  facet normal 1 0 0
    outer loop
      vertex -6.2 -105.312 -5.51702
      vertex -6.2 -105.229 -7.41925
      vertex -6.2 -105.229 -5.58075
    endloop
  endfacet
  facet normal 1 0 0
    outer loop
      vertex -6.2 -105.312 -5.51702
      vertex -6.2 -105.312 -7.48298
      vertex -6.2 -105.229 -7.41925
    endloop
  endfacet
  facet normal 1 0 0
    outer loop
      vertex -6.2 -105.4 -5.46077
      vertex -6.2 -105.312 -7.48298
      vertex -6.2 -105.312 -5.51702
    endloop
  endfacet
  facet normal 1 0 0
    outer loop
      vertex -6.2 -105.4 -5.46077
      vertex -6.2 -105.4 -7.53923
      vertex -6.2 -105.312 -7.48298
    endloop
  endfacet
  facet normal 1 0 0
    outer loop
      vertex -6.2 -105.493 -5.41243
      vertex -6.2 -105.4 -7.53923
      vertex -6.2 -105.4 -5.46077
    endloop
  endfacet
  facet normal 1 0 0
    outer loop
      vertex -6.2 -105.493 -5.41243
      vertex -6.2 -105.493 -7.58757
      vertex -6.2 -105.4 -7.53923
    endloop
  endfacet
  facet normal 1 0 0
    outer loop
      vertex -6.2 -105.59 -5.37237
      vertex -6.2 -105.493 -7.58757
      vertex -6.2 -105.493 -5.41243
    endloop
  endfacet
  facet normal 1 0 0
    outer loop
      vertex -6.2 -105.59 -5.37237
      vertex -6.2 -105.59 -7.62763
      vertex -6.2 -105.493 -7.58757
    endloop
  endfacet
  facet normal 1 0 0
    outer loop
      vertex -6.2 -105.689 -5.34089
      vertex -6.2 -105.59 -7.62763
      vertex -6.2 -105.59 -5.37237
    endloop
  endfacet
  facet normal 1 0 0
    outer loop
      vertex -6.2 -105.689 -5.34089
      vertex -6.2 -105.689 -7.65911
      vertex -6.2 -105.59 -7.62763
    endloop
  endfacet
  facet normal 1 0 0
    outer loop
      vertex -6.2 -105.792 -5.31823
      vertex -6.2 -105.689 -7.65911
      vertex -6.2 -105.689 -5.34089
    endloop
  endfacet
  facet normal 1 0 0
    outer loop
      vertex -6.2 -105.792 -5.31823
      vertex -6.2 -105.792 -7.68177
      vertex -6.2 -105.689 -7.65911
    endloop
  endfacet
  facet normal 1 0 0
    outer loop
      vertex -6.2 -105.895 -5.30457
      vertex -6.2 -105.792 -7.68177
      vertex -6.2 -105.792 -5.31823
    endloop
  endfacet
  facet normal 1 0 0
    outer loop
      vertex -6.2 -105.895 -5.30457
      vertex -6.2 -105.895 -7.69543
      vertex -6.2 -105.792 -7.68177
    endloop
  endfacet
  facet normal 1 0 0
    outer loop
      vertex -6.2 -106 -5.3
      vertex -6.2 -105.895 -7.69543
      vertex -6.2 -105.895 -5.30457
    endloop
  endfacet
  facet normal 1 0 0
    outer loop
      vertex -6.2 -106 -5.3
      vertex -6.2 -106 -7.7
      vertex -6.2 -105.895 -7.69543
    endloop
  endfacet
  facet normal 1 -0 0
    outer loop
      vertex -6.2 -106.105 -5.30457
      vertex -6.2 -106 -7.7
      vertex -6.2 -106 -5.3
    endloop
  endfacet
  facet normal 1 0 0
    outer loop
      vertex -6.2 -106.105 -5.30457
      vertex -6.2 -106.105 -7.69543
      vertex -6.2 -106 -7.7
    endloop
  endfacet
  facet normal 1 -0 0
    outer loop
      vertex -6.2 -106.208 -5.31823
      vertex -6.2 -106.105 -7.69543
      vertex -6.2 -106.105 -5.30457
    endloop
  endfacet
  facet normal 1 0 0
    outer loop
      vertex -6.2 -106.208 -5.31823
      vertex -6.2 -106.208 -7.68177
      vertex -6.2 -106.105 -7.69543
    endloop
  endfacet
  facet normal 1 -0 0
    outer loop
      vertex -6.2 -106.311 -5.34089
      vertex -6.2 -106.208 -7.68177
      vertex -6.2 -106.208 -5.31823
    endloop
  endfacet
  facet normal 1 0 0
    outer loop
      vertex -6.2 -106.311 -5.34089
      vertex -6.2 -106.311 -7.65911
      vertex -6.2 -106.208 -7.68177
    endloop
  endfacet
  facet normal 1 -0 0
    outer loop
      vertex -6.2 -106.41 -5.37237
      vertex -6.2 -106.311 -7.65911
      vertex -6.2 -106.311 -5.34089
    endloop
  endfacet
  facet normal 1 0 0
    outer loop
      vertex -6.2 -106.41 -5.37237
      vertex -6.2 -106.41 -7.62763
      vertex -6.2 -106.311 -7.65911
    endloop
  endfacet
  facet normal 1 -0 0
    outer loop
      vertex -6.2 -106.507 -5.41243
      vertex -6.2 -106.41 -7.62763
      vertex -6.2 -106.41 -5.37237
    endloop
  endfacet
  facet normal 1 0 0
    outer loop
      vertex -6.2 -106.507 -5.41243
      vertex -6.2 -106.507 -7.58757
      vertex -6.2 -106.41 -7.62763
    endloop
  endfacet
  facet normal 1 -0 0
    outer loop
      vertex -6.2 -106.6 -5.46077
      vertex -6.2 -106.507 -7.58757
      vertex -6.2 -106.507 -5.41243
    endloop
  endfacet
  facet normal 1 0 0
    outer loop
      vertex -6.2 -106.6 -5.46077
      vertex -6.2 -106.6 -7.53923
      vertex -6.2 -106.507 -7.58757
    endloop
  endfacet
  facet normal 1 -0 0
    outer loop
      vertex -6.2 -106.688 -5.51702
      vertex -6.2 -106.6 -7.53923
      vertex -6.2 -106.6 -5.46077
    endloop
  endfacet
  facet normal 1 0 0
    outer loop
      vertex -6.2 -106.688 -5.51702
      vertex -6.2 -106.688 -7.48298
      vertex -6.2 -106.6 -7.53923
    endloop
  endfacet
  facet normal 1 -0 0
    outer loop
      vertex -6.2 -106.771 -5.58075
      vertex -6.2 -106.688 -7.48298
      vertex -6.2 -106.688 -5.51702
    endloop
  endfacet
  facet normal 1 0 0
    outer loop
      vertex -6.2 -106.771 -5.58075
      vertex -6.2 -106.771 -7.41925
      vertex -6.2 -106.688 -7.48298
    endloop
  endfacet
  facet normal 1 -0 0
    outer loop
      vertex -6.2 -106.849 -5.65147
      vertex -6.2 -106.771 -7.41925
      vertex -6.2 -106.771 -5.58075
    endloop
  endfacet
  facet normal 1 0 0
    outer loop
      vertex -6.2 -106.849 -5.65147
      vertex -6.2 -106.849 -7.34853
      vertex -6.2 -106.771 -7.41925
    endloop
  endfacet
  facet normal 1 -0 0
    outer loop
      vertex -6.2 -106.919 -5.72866
      vertex -6.2 -106.849 -7.34853
      vertex -6.2 -106.849 -5.65147
    endloop
  endfacet
  facet normal 1 0 0
    outer loop
      vertex -6.2 -106.919 -5.72866
      vertex -6.2 -106.919 -7.27135
      vertex -6.2 -106.849 -7.34853
    endloop
  endfacet
  facet normal 1 -0 0
    outer loop
      vertex -6.2 -106.983 -5.81171
      vertex -6.2 -106.919 -7.27135
      vertex -6.2 -106.919 -5.72866
    endloop
  endfacet
  facet normal 1 0 0
    outer loop
      vertex -6.2 -106.983 -5.81171
      vertex -6.2 -106.983 -7.18829
      vertex -6.2 -106.919 -7.27135
    endloop
  endfacet
  facet normal 1 -0 0
    outer loop
      vertex -6.2 -107.039 -5.9
      vertex -6.2 -106.983 -7.18829
      vertex -6.2 -106.983 -5.81171
    endloop
  endfacet
  facet normal 1 0 0
    outer loop
      vertex -6.2 -107.039 -5.9
      vertex -6.2 -107.039 -7.1
      vertex -6.2 -106.983 -7.18829
    endloop
  endfacet
  facet normal 1 -0 0
    outer loop
      vertex -6.2 -107.088 -5.99286
      vertex -6.2 -107.039 -7.1
      vertex -6.2 -107.039 -5.9
    endloop
  endfacet
  facet normal 1 0 0
    outer loop
      vertex -6.2 -107.088 -5.99286
      vertex -6.2 -107.088 -7.00714
      vertex -6.2 -107.039 -7.1
    endloop
  endfacet
  facet normal 1 -0 0
    outer loop
      vertex -6.2 -107.128 -6.08958
      vertex -6.2 -107.088 -7.00714
      vertex -6.2 -107.088 -5.99286
    endloop
  endfacet
  facet normal 1 0 0
    outer loop
      vertex -6.2 -107.128 -6.08958
      vertex -6.2 -107.128 -6.91042
      vertex -6.2 -107.088 -7.00714
    endloop
  endfacet
  facet normal 1 -0 0
    outer loop
      vertex -6.2 -107.159 -6.18942
      vertex -6.2 -107.128 -6.91042
      vertex -6.2 -107.128 -6.08958
    endloop
  endfacet
  facet normal 1 0 0
    outer loop
      vertex -6.2 -107.159 -6.18942
      vertex -6.2 -107.159 -6.81058
      vertex -6.2 -107.128 -6.91042
    endloop
  endfacet
  facet normal 1 -0 0
    outer loop
      vertex -6.2 -107.182 -6.29162
      vertex -6.2 -107.159 -6.81058
      vertex -6.2 -107.159 -6.18942
    endloop
  endfacet
  facet normal 1 0 0
    outer loop
      vertex -6.2 -107.182 -6.29162
      vertex -6.2 -107.182 -6.70838
      vertex -6.2 -107.159 -6.81058
    endloop
  endfacet
  facet normal 1 -0 0
    outer loop
      vertex -6.2 -107.195 -6.39541
      vertex -6.2 -107.182 -6.70838
      vertex -6.2 -107.182 -6.29162
    endloop
  endfacet
  facet normal 1 0 0
    outer loop
      vertex -6.2 -107.195 -6.39541
      vertex -6.2 -107.195 -6.60459
      vertex -6.2 -107.182 -6.70838
    endloop
  endfacet
  facet normal 1 0 -0
    outer loop
      vertex -6.2 -107.195 -6.60459
      vertex -6.2 -107.195 -6.39541
      vertex -6.2 -107.2 -6.5
    endloop
  endfacet
  facet normal 0 0.609013 -0.79316
    outer loop
      vertex -6.2 -106.771 -5.58075
      vertex 6 -106.688 -5.51702
      vertex 6 -106.771 -5.58075
    endloop
  endfacet
  facet normal 0 0.609013 -0.79316
    outer loop
      vertex 6 -106.688 -5.51702
      vertex -6.2 -106.771 -5.58075
      vertex -6.2 -106.688 -5.51702
    endloop
  endfacet
  facet normal 0 0.538578 -0.842576
    outer loop
      vertex -6.2 -106.688 -5.51702
      vertex 6 -106.6 -5.46077
      vertex 6 -106.688 -5.51702
    endloop
  endfacet
  facet normal 0 0.538578 -0.842576
    outer loop
      vertex 6 -106.6 -5.46077
      vertex -6.2 -106.688 -5.51702
      vertex -6.2 -106.6 -5.46077
    endloop
  endfacet
  facet normal 0 0.461203 -0.887295
    outer loop
      vertex -6.2 -106.6 -5.46077
      vertex 6 -106.507 -5.41243
      vertex 6 -106.6 -5.46077
    endloop
  endfacet
  facet normal 0 0.461203 -0.887295
    outer loop
      vertex 6 -106.507 -5.41243
      vertex -6.2 -106.6 -5.46077
      vertex -6.2 -106.507 -5.41243
    endloop
  endfacet
  facet normal 0 0.303029 -0.952981
    outer loop
      vertex -6.2 -106.41 -5.37237
      vertex 6 -106.311 -5.34089
      vertex 6 -106.41 -5.37237
    endloop
  endfacet
  facet normal 0 0.303029 -0.952981
    outer loop
      vertex 6 -106.311 -5.34089
      vertex -6.2 -106.41 -5.37237
      vertex -6.2 -106.311 -5.34089
    endloop
  endfacet
  facet normal 0 0.0434826 -0.999054
    outer loop
      vertex -6.2 -106.105 -5.30457
      vertex 6 -106 -5.3
      vertex 6 -106.105 -5.30457
    endloop
  endfacet
  facet normal 0 0.0434826 -0.999054
    outer loop
      vertex 6 -106 -5.3
      vertex -6.2 -106.105 -5.30457
      vertex -6.2 -106 -5.3
    endloop
  endfacet
  facet normal 0 0.214862 -0.976644
    outer loop
      vertex -6.2 -106.311 -5.34089
      vertex 6 -106.208 -5.31823
      vertex 6 -106.311 -5.34089
    endloop
  endfacet
  facet normal 0 0.214862 -0.976644
    outer loop
      vertex 6 -106.208 -5.31823
      vertex -6.2 -106.311 -5.34089
      vertex -6.2 -106.208 -5.31823
    endloop
  endfacet
  facet normal 0 0.955023 0.296532
    outer loop
      vertex 6 -107.128 -6.91042
      vertex -6.2 -107.159 -6.81058
      vertex 6 -107.159 -6.81058
    endloop
  endfacet
  facet normal 0 0.955023 0.296532
    outer loop
      vertex -6.2 -107.159 -6.81058
      vertex 6 -107.128 -6.91042
      vertex -6.2 -107.128 -6.91042
    endloop
  endfacet
  facet normal 0 0.924091 0.382172
    outer loop
      vertex 6 -107.088 -7.00714
      vertex -6.2 -107.128 -6.91042
      vertex 6 -107.128 -6.91042
    endloop
  endfacet
  facet normal 0 0.924091 0.382172
    outer loop
      vertex -6.2 -107.128 -6.91042
      vertex 6 -107.088 -7.00714
      vertex -6.2 -107.088 -7.00714
    endloop
  endfacet
  facet normal 0 0.9756 0.219558
    outer loop
      vertex 6 -107.159 -6.81058
      vertex -6.2 -107.182 -6.70838
      vertex 6 -107.182 -6.70838
    endloop
  endfacet
  facet normal 0 0.9756 0.219558
    outer loop
      vertex -6.2 -107.182 -6.70838
      vertex 6 -107.159 -6.81058
      vertex -6.2 -107.159 -6.81058
    endloop
  endfacet
  facet normal 0 0.992247 0.124282
    outer loop
      vertex 6 -107.182 -6.70838
      vertex -6.2 -107.195 -6.60459
      vertex 6 -107.195 -6.60459
    endloop
  endfacet
  facet normal 0 0.992247 0.124282
    outer loop
      vertex -6.2 -107.195 -6.60459
      vertex 6 -107.182 -6.70838
      vertex -6.2 -107.182 -6.70838
    endloop
  endfacet
  facet normal 0 0.84446 -0.535619
    outer loop
      vertex 6 -107.039 -5.9
      vertex -6.2 -106.983 -5.81171
      vertex 6 -106.983 -5.81171
    endloop
  endfacet
  facet normal 0 0.84446 -0.535619
    outer loop
      vertex -6.2 -106.983 -5.81171
      vertex 6 -107.039 -5.9
      vertex -6.2 -107.039 -5.9
    endloop
  endfacet
  facet normal 0 0.992247 -0.124282
    outer loop
      vertex 6 -107.195 -6.39541
      vertex -6.2 -107.182 -6.29162
      vertex 6 -107.182 -6.29162
    endloop
  endfacet
  facet normal 0 0.992247 -0.124282
    outer loop
      vertex -6.2 -107.182 -6.29162
      vertex 6 -107.195 -6.39541
      vertex -6.2 -107.195 -6.39541
    endloop
  endfacet
  facet normal 0 0.955023 -0.296532
    outer loop
      vertex 6 -107.159 -6.18942
      vertex -6.2 -107.128 -6.08958
      vertex 6 -107.128 -6.08958
    endloop
  endfacet
  facet normal 0 0.955023 -0.296532
    outer loop
      vertex -6.2 -107.128 -6.08958
      vertex 6 -107.159 -6.18942
      vertex -6.2 -107.159 -6.18942
    endloop
  endfacet
  facet normal 0 0.13147 -0.99132
    outer loop
      vertex -6.2 -106.208 -5.31823
      vertex 6 -106.105 -5.30457
      vertex 6 -106.208 -5.31823
    endloop
  endfacet
  facet normal 0 0.13147 -0.99132
    outer loop
      vertex 6 -106.105 -5.30457
      vertex -6.2 -106.208 -5.31823
      vertex -6.2 -106.105 -5.30457
    endloop
  endfacet
  facet normal 0 0.884422 -0.466688
    outer loop
      vertex 6 -107.088 -5.99286
      vertex -6.2 -107.039 -5.9
      vertex 6 -107.039 -5.9
    endloop
  endfacet
  facet normal 0 0.884422 -0.466688
    outer loop
      vertex -6.2 -107.039 -5.9
      vertex 6 -107.088 -5.99286
      vertex -6.2 -107.088 -5.99286
    endloop
  endfacet
  facet normal 0 0.9756 -0.219558
    outer loop
      vertex 6 -107.182 -6.29162
      vertex -6.2 -107.159 -6.18942
      vertex 6 -107.159 -6.18942
    endloop
  endfacet
  facet normal 0 0.9756 -0.219558
    outer loop
      vertex -6.2 -107.159 -6.18942
      vertex 6 -107.182 -6.29162
      vertex -6.2 -107.182 -6.29162
    endloop
  endfacet
  facet normal 0 0.792092 -0.610402
    outer loop
      vertex 6 -106.983 -5.81171
      vertex -6.2 -106.919 -5.72866
      vertex 6 -106.919 -5.72866
    endloop
  endfacet
  facet normal 0 0.792092 -0.610402
    outer loop
      vertex -6.2 -106.919 -5.72866
      vertex 6 -106.983 -5.81171
      vertex -6.2 -106.983 -5.81171
    endloop
  endfacet
  facet normal 0 0.740765 -0.671765
    outer loop
      vertex 6 -106.919 -5.72866
      vertex -6.2 -106.849 -5.65147
      vertex 6 -106.849 -5.65147
    endloop
  endfacet
  facet normal 0 0.740765 -0.671765
    outer loop
      vertex -6.2 -106.849 -5.65147
      vertex 6 -106.919 -5.72866
      vertex -6.2 -106.919 -5.72866
    endloop
  endfacet
  facet normal 0 -0.0434826 0.999054
    outer loop
      vertex -6 -105.895 5.30457
      vertex 6 -106 5.3
      vertex 6 -105.895 5.30457
    endloop
  endfacet
  facet normal 0 -0.0434826 0.999054
    outer loop
      vertex 6 -106 5.3
      vertex -6 -105.895 5.30457
      vertex -6 -106 5.3
    endloop
  endfacet
  facet normal 0 -0.0434826 -0.999054
    outer loop
      vertex -6 -106 7.7
      vertex 6 -105.895 7.69543
      vertex 6 -106 7.7
    endloop
  endfacet
  facet normal -0 -0.0434826 -0.999054
    outer loop
      vertex 6 -105.895 7.69543
      vertex -6 -106 7.7
      vertex -6 -105.895 7.69543
    endloop
  endfacet
  facet normal 0 -0.998859 -0.0477512
    outer loop
      vertex -6 -104.8 6.5
      vertex 6 -104.805 6.60459
      vertex -6 -104.805 6.60459
    endloop
  endfacet
  facet normal 0 -0.998859 -0.0477512
    outer loop
      vertex 6 -104.805 6.60459
      vertex -6 -104.8 6.5
      vertex 6 -104.8 6.5
    endloop
  endfacet
  facet normal 0 0.998859 0.0477512
    outer loop
      vertex 6 -107.195 6.39541
      vertex -6 -107.2 6.5
      vertex 6 -107.2 6.5
    endloop
  endfacet
  facet normal 0 0.998859 0.0477512
    outer loop
      vertex -6 -107.2 6.5
      vertex 6 -107.195 6.39541
      vertex -6 -107.195 6.39541
    endloop
  endfacet
  facet normal 0 -0.740765 -0.671765
    outer loop
      vertex -6 -105.081 7.27134
      vertex 6 -105.151 7.34853
      vertex -6 -105.151 7.34853
    endloop
  endfacet
  facet normal 0 -0.740765 -0.671765
    outer loop
      vertex 6 -105.151 7.34853
      vertex -6 -105.081 7.27134
      vertex 6 -105.081 7.27134
    endloop
  endfacet
  facet normal 0 -0.924091 -0.382172
    outer loop
      vertex -6 -104.872 6.91042
      vertex 6 -104.912 7.00714
      vertex -6 -104.912 7.00714
    endloop
  endfacet
  facet normal 0 -0.924091 -0.382172
    outer loop
      vertex 6 -104.912 7.00714
      vertex -6 -104.872 6.91042
      vertex 6 -104.872 6.91042
    endloop
  endfacet
  facet normal 0 -0.538578 -0.842576
    outer loop
      vertex -6 -105.4 7.53923
      vertex 6 -105.312 7.48298
      vertex 6 -105.4 7.53923
    endloop
  endfacet
  facet normal -0 -0.538578 -0.842576
    outer loop
      vertex 6 -105.312 7.48298
      vertex -6 -105.4 7.53923
      vertex -6 -105.312 7.48298
    endloop
  endfacet
  facet normal 0 -0.609013 -0.79316
    outer loop
      vertex -6 -105.312 7.48298
      vertex 6 -105.229 7.41925
      vertex 6 -105.312 7.48298
    endloop
  endfacet
  facet normal -0 -0.609013 -0.79316
    outer loop
      vertex 6 -105.229 7.41925
      vertex -6 -105.312 7.48298
      vertex -6 -105.229 7.41925
    endloop
  endfacet
  facet normal 0 -0.9756 -0.219558
    outer loop
      vertex -6 -104.818 6.70838
      vertex 6 -104.841 6.81058
      vertex -6 -104.841 6.81058
    endloop
  endfacet
  facet normal 0 -0.9756 -0.219558
    outer loop
      vertex 6 -104.841 6.81058
      vertex -6 -104.818 6.70838
      vertex 6 -104.818 6.70838
    endloop
  endfacet
  facet normal 0 0.955023 0.296532
    outer loop
      vertex 6 -107.128 6.08958
      vertex -6 -107.159 6.18942
      vertex 6 -107.159 6.18942
    endloop
  endfacet
  facet normal 0 0.955023 0.296532
    outer loop
      vertex -6 -107.159 6.18942
      vertex 6 -107.128 6.08958
      vertex -6 -107.128 6.08958
    endloop
  endfacet
  facet normal 0 -0.13147 0.99132
    outer loop
      vertex -6 -105.792 5.31823
      vertex 6 -105.895 5.30457
      vertex 6 -105.792 5.31823
    endloop
  endfacet
  facet normal 0 -0.13147 0.99132
    outer loop
      vertex 6 -105.895 5.30457
      vertex -6 -105.792 5.31823
      vertex -6 -105.895 5.30457
    endloop
  endfacet
  facet normal 0 -0.671689 0.740833
    outer loop
      vertex -6 -105.151 5.65147
      vertex 6 -105.229 5.58075
      vertex 6 -105.151 5.65147
    endloop
  endfacet
  facet normal 0 -0.671689 0.740833
    outer loop
      vertex 6 -105.229 5.58075
      vertex -6 -105.151 5.65147
      vertex -6 -105.229 5.58075
    endloop
  endfacet
  facet normal 0 -0.609013 0.79316
    outer loop
      vertex -6 -105.229 5.58075
      vertex 6 -105.312 5.51702
      vertex 6 -105.229 5.58075
    endloop
  endfacet
  facet normal 0 -0.609013 0.79316
    outer loop
      vertex 6 -105.312 5.51702
      vertex -6 -105.229 5.58075
      vertex -6 -105.312 5.51702
    endloop
  endfacet
  facet normal 0 -0.538578 0.842576
    outer loop
      vertex -6 -105.312 5.51702
      vertex 6 -105.4 5.46077
      vertex 6 -105.312 5.51702
    endloop
  endfacet
  facet normal 0 -0.538578 0.842576
    outer loop
      vertex 6 -105.4 5.46077
      vertex -6 -105.312 5.51702
      vertex -6 -105.4 5.46077
    endloop
  endfacet
  facet normal 0 -0.955023 0.296532
    outer loop
      vertex -6 -104.872 6.08958
      vertex 6 -104.841 6.18942
      vertex -6 -104.841 6.18942
    endloop
  endfacet
  facet normal 0 -0.955023 0.296532
    outer loop
      vertex 6 -104.841 6.18942
      vertex -6 -104.872 6.08958
      vertex 6 -104.872 6.08958
    endloop
  endfacet
  facet normal 0 -0.998859 0.0477512
    outer loop
      vertex -6 -104.805 6.39541
      vertex 6 -104.8 6.5
      vertex -6 -104.8 6.5
    endloop
  endfacet
  facet normal 0 -0.998859 0.0477512
    outer loop
      vertex 6 -104.8 6.5
      vertex -6 -104.805 6.39541
      vertex 6 -104.805 6.39541
    endloop
  endfacet
  facet normal 0 -0.884422 0.466688
    outer loop
      vertex -6 -104.961 5.9
      vertex 6 -104.912 5.99286
      vertex -6 -104.912 5.99286
    endloop
  endfacet
  facet normal 0 -0.884422 0.466688
    outer loop
      vertex 6 -104.912 5.99286
      vertex -6 -104.961 5.9
      vertex 6 -104.961 5.9
    endloop
  endfacet
  facet normal 0 -0.924091 0.382172
    outer loop
      vertex -6 -104.912 5.99286
      vertex 6 -104.872 6.08958
      vertex -6 -104.872 6.08958
    endloop
  endfacet
  facet normal 0 -0.924091 0.382172
    outer loop
      vertex 6 -104.872 6.08958
      vertex -6 -104.912 5.99286
      vertex 6 -104.912 5.99286
    endloop
  endfacet
  facet normal 0 -0.792127 0.610356
    outer loop
      vertex -6 -105.081 5.72865
      vertex 6 -105.017 5.81171
      vertex -6 -105.017 5.81171
    endloop
  endfacet
  facet normal 0 -0.792127 0.610356
    outer loop
      vertex 6 -105.017 5.81171
      vertex -6 -105.081 5.72865
      vertex 6 -105.081 5.72865
    endloop
  endfacet
  facet normal 0 -0.214862 -0.976644
    outer loop
      vertex -6 -105.792 7.68177
      vertex 6 -105.689 7.65911
      vertex 6 -105.792 7.68177
    endloop
  endfacet
  facet normal -0 -0.214862 -0.976644
    outer loop
      vertex 6 -105.689 7.65911
      vertex -6 -105.792 7.68177
      vertex -6 -105.689 7.65911
    endloop
  endfacet
  facet normal 0 -0.461203 -0.887295
    outer loop
      vertex -6 -105.493 7.58757
      vertex 6 -105.4 7.53923
      vertex 6 -105.493 7.58757
    endloop
  endfacet
  facet normal -0 -0.461203 -0.887295
    outer loop
      vertex 6 -105.4 7.53923
      vertex -6 -105.493 7.58757
      vertex -6 -105.4 7.53923
    endloop
  endfacet
  facet normal 0 -0.13147 -0.99132
    outer loop
      vertex -6 -105.895 7.69543
      vertex 6 -105.792 7.68177
      vertex 6 -105.895 7.69543
    endloop
  endfacet
  facet normal -0 -0.13147 -0.99132
    outer loop
      vertex 6 -105.792 7.68177
      vertex -6 -105.895 7.69543
      vertex -6 -105.792 7.68177
    endloop
  endfacet
  facet normal 0 -0.84446 -0.535619
    outer loop
      vertex -6 -104.961 7.1
      vertex 6 -105.017 7.18829
      vertex -6 -105.017 7.18829
    endloop
  endfacet
  facet normal 0 -0.84446 -0.535619
    outer loop
      vertex 6 -105.017 7.18829
      vertex -6 -104.961 7.1
      vertex 6 -104.961 7.1
    endloop
  endfacet
  facet normal 0 -0.955023 -0.296532
    outer loop
      vertex -6 -104.841 6.81058
      vertex 6 -104.872 6.91042
      vertex -6 -104.872 6.91042
    endloop
  endfacet
  facet normal 0 -0.955023 -0.296532
    outer loop
      vertex 6 -104.872 6.91042
      vertex -6 -104.841 6.81058
      vertex 6 -104.841 6.81058
    endloop
  endfacet
  facet normal 0 -0.992247 -0.124282
    outer loop
      vertex -6 -104.805 6.60459
      vertex 6 -104.818 6.70838
      vertex -6 -104.818 6.70838
    endloop
  endfacet
  facet normal 0 -0.992247 -0.124282
    outer loop
      vertex 6 -104.818 6.70838
      vertex -6 -104.805 6.60459
      vertex 6 -104.805 6.60459
    endloop
  endfacet
  facet normal -0 0.0434826 0.999054
    outer loop
      vertex -6 -106 5.3
      vertex 6 -106.105 5.30457
      vertex 6 -106 5.3
    endloop
  endfacet
  facet normal 0 0.0434826 0.999054
    outer loop
      vertex 6 -106.105 5.30457
      vertex -6 -106 5.3
      vertex -6 -106.105 5.30457
    endloop
  endfacet
  facet normal -0 0.303029 0.952981
    outer loop
      vertex -6 -106.311 5.34089
      vertex 6 -106.41 5.37237
      vertex 6 -106.311 5.34089
    endloop
  endfacet
  facet normal 0 0.303029 0.952981
    outer loop
      vertex 6 -106.41 5.37237
      vertex -6 -106.311 5.34089
      vertex -6 -106.41 5.37237
    endloop
  endfacet
  facet normal -0 0.671689 0.740833
    outer loop
      vertex -6 -106.771 5.58075
      vertex 6 -106.849 5.65147
      vertex 6 -106.771 5.58075
    endloop
  endfacet
  facet normal 0 0.671689 0.740833
    outer loop
      vertex 6 -106.849 5.65147
      vertex -6 -106.771 5.58075
      vertex -6 -106.849 5.65147
    endloop
  endfacet
  facet normal 0 0.884422 0.466688
    outer loop
      vertex 6 -107.039 5.9
      vertex -6 -107.088 5.99286
      vertex 6 -107.088 5.99286
    endloop
  endfacet
  facet normal 0 0.884422 0.466688
    outer loop
      vertex -6 -107.088 5.99286
      vertex 6 -107.039 5.9
      vertex -6 -107.039 5.9
    endloop
  endfacet
  facet normal 0 -0.214862 0.976644
    outer loop
      vertex -6 -105.689 5.34089
      vertex 6 -105.792 5.31823
      vertex 6 -105.689 5.34089
    endloop
  endfacet
  facet normal 0 -0.214862 0.976644
    outer loop
      vertex 6 -105.792 5.31823
      vertex -6 -105.689 5.34089
      vertex -6 -105.792 5.31823
    endloop
  endfacet
  facet normal 0 -0.303029 0.952981
    outer loop
      vertex -6 -105.59 5.37237
      vertex 6 -105.689 5.34089
      vertex 6 -105.59 5.37237
    endloop
  endfacet
  facet normal 0 -0.303029 0.952981
    outer loop
      vertex 6 -105.689 5.34089
      vertex -6 -105.59 5.37237
      vertex -6 -105.689 5.34089
    endloop
  endfacet
  facet normal 0 -0.461203 0.887295
    outer loop
      vertex -6 -105.4 5.46077
      vertex 6 -105.493 5.41243
      vertex 6 -105.4 5.46077
    endloop
  endfacet
  facet normal 0 -0.461203 0.887295
    outer loop
      vertex 6 -105.493 5.41243
      vertex -6 -105.4 5.46077
      vertex -6 -105.493 5.41243
    endloop
  endfacet
  facet normal 0 -0.381718 0.924279
    outer loop
      vertex -6 -105.493 5.41243
      vertex 6 -105.59 5.37237
      vertex 6 -105.493 5.41243
    endloop
  endfacet
  facet normal 0 -0.381718 0.924279
    outer loop
      vertex 6 -105.59 5.37237
      vertex -6 -105.493 5.41243
      vertex -6 -105.59 5.37237
    endloop
  endfacet
  facet normal 0 -0.740721 0.671812
    outer loop
      vertex -6 -105.151 5.65147
      vertex 6 -105.081 5.72865
      vertex -6 -105.081 5.72865
    endloop
  endfacet
  facet normal 0 -0.740721 0.671812
    outer loop
      vertex 6 -105.081 5.72865
      vertex -6 -105.151 5.65147
      vertex 6 -105.151 5.65147
    endloop
  endfacet
  facet normal 0 -0.9756 0.219558
    outer loop
      vertex -6 -104.841 6.18942
      vertex 6 -104.818 6.29162
      vertex -6 -104.818 6.29162
    endloop
  endfacet
  facet normal 0 -0.9756 0.219558
    outer loop
      vertex 6 -104.818 6.29162
      vertex -6 -104.841 6.18942
      vertex 6 -104.841 6.18942
    endloop
  endfacet
  facet normal 0 -0.84446 0.535619
    outer loop
      vertex -6 -105.017 5.81171
      vertex 6 -104.961 5.9
      vertex -6 -104.961 5.9
    endloop
  endfacet
  facet normal 0 -0.84446 0.535619
    outer loop
      vertex 6 -104.961 5.9
      vertex -6 -105.017 5.81171
      vertex 6 -105.017 5.81171
    endloop
  endfacet
  facet normal 0 -0.671689 -0.740833
    outer loop
      vertex -6 -105.229 7.41925
      vertex 6 -105.151 7.34853
      vertex 6 -105.229 7.41925
    endloop
  endfacet
  facet normal -0 -0.671689 -0.740833
    outer loop
      vertex 6 -105.151 7.34853
      vertex -6 -105.229 7.41925
      vertex -6 -105.151 7.34853
    endloop
  endfacet
  facet normal 0 -0.381718 -0.924279
    outer loop
      vertex -6 -105.59 7.62763
      vertex 6 -105.493 7.58757
      vertex 6 -105.59 7.62763
    endloop
  endfacet
  facet normal -0 -0.381718 -0.924279
    outer loop
      vertex 6 -105.493 7.58757
      vertex -6 -105.59 7.62763
      vertex -6 -105.493 7.58757
    endloop
  endfacet
  facet normal 0 -0.303029 -0.952981
    outer loop
      vertex -6 -105.689 7.65911
      vertex 6 -105.59 7.62763
      vertex 6 -105.689 7.65911
    endloop
  endfacet
  facet normal -0 -0.303029 -0.952981
    outer loop
      vertex 6 -105.59 7.62763
      vertex -6 -105.689 7.65911
      vertex -6 -105.59 7.62763
    endloop
  endfacet
  facet normal 0 -0.792092 -0.610402
    outer loop
      vertex -6 -105.017 7.18829
      vertex 6 -105.081 7.27134
      vertex -6 -105.081 7.27134
    endloop
  endfacet
  facet normal 0 -0.792092 -0.610402
    outer loop
      vertex 6 -105.081 7.27134
      vertex -6 -105.017 7.18829
      vertex 6 -105.017 7.18829
    endloop
  endfacet
  facet normal 0 -0.884422 -0.466688
    outer loop
      vertex -6 -104.912 7.00714
      vertex 6 -104.961 7.1
      vertex -6 -104.961 7.1
    endloop
  endfacet
  facet normal 0 -0.884422 -0.466688
    outer loop
      vertex 6 -104.961 7.1
      vertex -6 -104.912 7.00714
      vertex 6 -104.912 7.00714
    endloop
  endfacet
  facet normal -0 0.461203 0.887295
    outer loop
      vertex -6 -106.507 5.41243
      vertex 6 -106.6 5.46077
      vertex 6 -106.507 5.41243
    endloop
  endfacet
  facet normal 0 0.461203 0.887295
    outer loop
      vertex 6 -106.6 5.46077
      vertex -6 -106.507 5.41243
      vertex -6 -106.6 5.46077
    endloop
  endfacet
  facet normal -0 0.609013 0.79316
    outer loop
      vertex -6 -106.688 5.51702
      vertex 6 -106.771 5.58075
      vertex 6 -106.688 5.51702
    endloop
  endfacet
  facet normal 0 0.609013 0.79316
    outer loop
      vertex 6 -106.771 5.58075
      vertex -6 -106.688 5.51702
      vertex -6 -106.771 5.58075
    endloop
  endfacet
  facet normal 0 0.84446 0.535619
    outer loop
      vertex 6 -106.983 5.81171
      vertex -6 -107.039 5.9
      vertex 6 -107.039 5.9
    endloop
  endfacet
  facet normal 0 0.84446 0.535619
    outer loop
      vertex -6 -107.039 5.9
      vertex 6 -106.983 5.81171
      vertex -6 -106.983 5.81171
    endloop
  endfacet
  facet normal -0 0.381718 0.924279
    outer loop
      vertex -6 -106.41 5.37237
      vertex 6 -106.507 5.41243
      vertex 6 -106.41 5.37237
    endloop
  endfacet
  facet normal 0 0.381718 0.924279
    outer loop
      vertex 6 -106.507 5.41243
      vertex -6 -106.41 5.37237
      vertex -6 -106.507 5.41243
    endloop
  endfacet
  facet normal 0 0.924091 -0.382172
    outer loop
      vertex 6 -107.128 6.91042
      vertex -6 -107.088 7.00714
      vertex 6 -107.088 7.00714
    endloop
  endfacet
  facet normal 0 0.924091 -0.382172
    outer loop
      vertex -6 -107.088 7.00714
      vertex 6 -107.128 6.91042
      vertex -6 -107.128 6.91042
    endloop
  endfacet
  facet normal 0 0.538578 -0.842576
    outer loop
      vertex -6 -106.688 7.48298
      vertex 6 -106.6 7.53923
      vertex 6 -106.688 7.48298
    endloop
  endfacet
  facet normal 0 0.538578 -0.842576
    outer loop
      vertex 6 -106.6 7.53923
      vertex -6 -106.688 7.48298
      vertex -6 -106.6 7.53923
    endloop
  endfacet
  facet normal 0 -0.992247 0.124282
    outer loop
      vertex -6 -104.818 6.29162
      vertex 6 -104.805 6.39541
      vertex -6 -104.805 6.39541
    endloop
  endfacet
  facet normal 0 -0.992247 0.124282
    outer loop
      vertex 6 -104.805 6.39541
      vertex -6 -104.818 6.29162
      vertex 6 -104.818 6.29162
    endloop
  endfacet
  facet normal -0 0.13147 0.99132
    outer loop
      vertex -6 -106.105 5.30457
      vertex 6 -106.208 5.31823
      vertex 6 -106.105 5.30457
    endloop
  endfacet
  facet normal 0 0.13147 0.99132
    outer loop
      vertex 6 -106.208 5.31823
      vertex -6 -106.105 5.30457
      vertex -6 -106.208 5.31823
    endloop
  endfacet
  facet normal -0 0.214862 0.976644
    outer loop
      vertex -6 -106.208 5.31823
      vertex 6 -106.311 5.34089
      vertex 6 -106.208 5.31823
    endloop
  endfacet
  facet normal 0 0.214862 0.976644
    outer loop
      vertex 6 -106.311 5.34089
      vertex -6 -106.208 5.31823
      vertex -6 -106.311 5.34089
    endloop
  endfacet
  facet normal -0 0.538578 0.842576
    outer loop
      vertex -6 -106.6 5.46077
      vertex 6 -106.688 5.51702
      vertex 6 -106.6 5.46077
    endloop
  endfacet
  facet normal 0 0.538578 0.842576
    outer loop
      vertex 6 -106.688 5.51702
      vertex -6 -106.6 5.46077
      vertex -6 -106.688 5.51702
    endloop
  endfacet
  facet normal 0 0.740721 0.671812
    outer loop
      vertex 6 -106.849 5.65147
      vertex -6 -106.919 5.72865
      vertex 6 -106.919 5.72865
    endloop
  endfacet
  facet normal 0 0.740721 0.671812
    outer loop
      vertex -6 -106.919 5.72865
      vertex 6 -106.849 5.65147
      vertex -6 -106.849 5.65147
    endloop
  endfacet
  facet normal 0 0.792127 0.610356
    outer loop
      vertex 6 -106.919 5.72865
      vertex -6 -106.983 5.81171
      vertex 6 -106.983 5.81171
    endloop
  endfacet
  facet normal 0 0.792127 0.610356
    outer loop
      vertex -6 -106.983 5.81171
      vertex 6 -106.919 5.72865
      vertex -6 -106.919 5.72865
    endloop
  endfacet
  facet normal 0 0.998859 -0.0477512
    outer loop
      vertex 6 -107.2 6.5
      vertex -6 -107.195 6.60459
      vertex 6 -107.195 6.60459
    endloop
  endfacet
  facet normal 0 0.998859 -0.0477512
    outer loop
      vertex -6 -107.195 6.60459
      vertex 6 -107.2 6.5
      vertex -6 -107.2 6.5
    endloop
  endfacet
  facet normal 0 0.740765 -0.671765
    outer loop
      vertex 6 -106.919 7.27134
      vertex -6 -106.849 7.34853
      vertex 6 -106.849 7.34853
    endloop
  endfacet
  facet normal 0 0.740765 -0.671765
    outer loop
      vertex -6 -106.849 7.34853
      vertex 6 -106.919 7.27134
      vertex -6 -106.919 7.27134
    endloop
  endfacet
  facet normal 0 0.992247 -0.124282
    outer loop
      vertex 6 -107.195 6.60459
      vertex -6 -107.182 6.70838
      vertex 6 -107.182 6.70838
    endloop
  endfacet
  facet normal 0 0.992247 -0.124282
    outer loop
      vertex -6 -107.182 6.70838
      vertex 6 -107.195 6.60459
      vertex -6 -107.195 6.60459
    endloop
  endfacet
  facet normal 0 0.671689 -0.740833
    outer loop
      vertex -6 -106.849 7.34853
      vertex 6 -106.771 7.41925
      vertex 6 -106.849 7.34853
    endloop
  endfacet
  facet normal 0 0.671689 -0.740833
    outer loop
      vertex 6 -106.771 7.41925
      vertex -6 -106.849 7.34853
      vertex -6 -106.771 7.41925
    endloop
  endfacet
  facet normal 0 0.609013 -0.79316
    outer loop
      vertex -6 -106.771 7.41925
      vertex 6 -106.688 7.48298
      vertex 6 -106.771 7.41925
    endloop
  endfacet
  facet normal 0 0.609013 -0.79316
    outer loop
      vertex 6 -106.688 7.48298
      vertex -6 -106.771 7.41925
      vertex -6 -106.688 7.48298
    endloop
  endfacet
  facet normal 0 0.461203 -0.887295
    outer loop
      vertex -6 -106.6 7.53923
      vertex 6 -106.507 7.58757
      vertex 6 -106.6 7.53923
    endloop
  endfacet
  facet normal 0 0.461203 -0.887295
    outer loop
      vertex 6 -106.507 7.58757
      vertex -6 -106.6 7.53923
      vertex -6 -106.507 7.58757
    endloop
  endfacet
  facet normal 0 0.381718 -0.924279
    outer loop
      vertex -6 -106.507 7.58757
      vertex 6 -106.41 7.62763
      vertex 6 -106.507 7.58757
    endloop
  endfacet
  facet normal 0 0.381718 -0.924279
    outer loop
      vertex 6 -106.41 7.62763
      vertex -6 -106.507 7.58757
      vertex -6 -106.41 7.62763
    endloop
  endfacet
  facet normal 0 0.303029 -0.952981
    outer loop
      vertex -6 -106.41 7.62763
      vertex 6 -106.311 7.65911
      vertex 6 -106.41 7.62763
    endloop
  endfacet
  facet normal 0 0.303029 -0.952981
    outer loop
      vertex 6 -106.311 7.65911
      vertex -6 -106.41 7.62763
      vertex -6 -106.311 7.65911
    endloop
  endfacet
  facet normal 0 0.0434826 -0.999054
    outer loop
      vertex -6 -106.105 7.69543
      vertex 6 -106 7.7
      vertex 6 -106.105 7.69543
    endloop
  endfacet
  facet normal 0 0.0434826 -0.999054
    outer loop
      vertex 6 -106 7.7
      vertex -6 -106.105 7.69543
      vertex -6 -106 7.7
    endloop
  endfacet
  facet normal 0 0.214862 -0.976644
    outer loop
      vertex -6 -106.311 7.65911
      vertex 6 -106.208 7.68177
      vertex 6 -106.311 7.65911
    endloop
  endfacet
  facet normal 0 0.214862 -0.976644
    outer loop
      vertex 6 -106.208 7.68177
      vertex -6 -106.311 7.65911
      vertex -6 -106.208 7.68177
    endloop
  endfacet
  facet normal 0 0.9756 0.219558
    outer loop
      vertex 6 -107.159 6.18942
      vertex -6 -107.182 6.29162
      vertex 6 -107.182 6.29162
    endloop
  endfacet
  facet normal 0 0.9756 0.219558
    outer loop
      vertex -6 -107.182 6.29162
      vertex 6 -107.159 6.18942
      vertex -6 -107.159 6.18942
    endloop
  endfacet
  facet normal 0 0.992247 0.124282
    outer loop
      vertex 6 -107.182 6.29162
      vertex -6 -107.195 6.39541
      vertex 6 -107.195 6.39541
    endloop
  endfacet
  facet normal 0 0.992247 0.124282
    outer loop
      vertex -6 -107.195 6.39541
      vertex 6 -107.182 6.29162
      vertex -6 -107.182 6.29162
    endloop
  endfacet
  facet normal 0 0.884422 -0.466688
    outer loop
      vertex 6 -107.088 7.00714
      vertex -6 -107.039 7.1
      vertex 6 -107.039 7.1
    endloop
  endfacet
  facet normal 0 0.884422 -0.466688
    outer loop
      vertex -6 -107.039 7.1
      vertex 6 -107.088 7.00714
      vertex -6 -107.088 7.00714
    endloop
  endfacet
  facet normal 0 0.955023 -0.296532
    outer loop
      vertex 6 -107.159 6.81058
      vertex -6 -107.128 6.91042
      vertex 6 -107.128 6.91042
    endloop
  endfacet
  facet normal 0 0.955023 -0.296532
    outer loop
      vertex -6 -107.128 6.91042
      vertex 6 -107.159 6.81058
      vertex -6 -107.159 6.81058
    endloop
  endfacet
  facet normal 0 0.13147 -0.99132
    outer loop
      vertex -6 -106.208 7.68177
      vertex 6 -106.105 7.69543
      vertex 6 -106.208 7.68177
    endloop
  endfacet
  facet normal 0 0.13147 -0.99132
    outer loop
      vertex 6 -106.105 7.69543
      vertex -6 -106.208 7.68177
      vertex -6 -106.105 7.69543
    endloop
  endfacet
  facet normal 0 0.924091 0.382172
    outer loop
      vertex 6 -107.088 5.99286
      vertex -6 -107.128 6.08958
      vertex 6 -107.128 6.08958
    endloop
  endfacet
  facet normal 0 0.924091 0.382172
    outer loop
      vertex -6 -107.128 6.08958
      vertex 6 -107.088 5.99286
      vertex -6 -107.088 5.99286
    endloop
  endfacet
  facet normal 0 0.792092 -0.610402
    outer loop
      vertex 6 -106.983 7.18829
      vertex -6 -106.919 7.27134
      vertex 6 -106.919 7.27134
    endloop
  endfacet
  facet normal 0 0.792092 -0.610402
    outer loop
      vertex -6 -106.919 7.27134
      vertex 6 -106.983 7.18829
      vertex -6 -106.983 7.18829
    endloop
  endfacet
  facet normal 0 0.9756 -0.219558
    outer loop
      vertex 6 -107.182 6.70838
      vertex -6 -107.159 6.81058
      vertex 6 -107.159 6.81058
    endloop
  endfacet
  facet normal 0 0.9756 -0.219558
    outer loop
      vertex -6 -107.159 6.81058
      vertex 6 -107.182 6.70838
      vertex -6 -107.182 6.70838
    endloop
  endfacet
  facet normal 0 0.84446 -0.535619
    outer loop
      vertex 6 -107.039 7.1
      vertex -6 -106.983 7.18829
      vertex 6 -106.983 7.18829
    endloop
  endfacet
  facet normal 0 0.84446 -0.535619
    outer loop
      vertex -6 -106.983 7.18829
      vertex 6 -107.039 7.1
      vertex -6 -107.039 7.1
    endloop
  endfacet
  facet normal 0 -0.0434826 0.999054
    outer loop
      vertex -6.2 106.105 -7.69543
      vertex 6 106 -7.7
      vertex 6 106.105 -7.69543
    endloop
  endfacet
  facet normal 0 -0.0434826 0.999054
    outer loop
      vertex 6 106 -7.7
      vertex -6.2 106.105 -7.69543
      vertex -6.2 106 -7.7
    endloop
  endfacet
  facet normal 0 0.0434826 -0.999054
    outer loop
      vertex -6.2 105.895 -5.30457
      vertex 6 106 -5.3
      vertex 6 105.895 -5.30457
    endloop
  endfacet
  facet normal 0 0.0434826 -0.999054
    outer loop
      vertex 6 106 -5.3
      vertex -6.2 105.895 -5.30457
      vertex -6.2 106 -5.3
    endloop
  endfacet
  facet normal 0 -0.998859 -0.0477512
    outer loop
      vertex -6.2 107.2 -6.5
      vertex 6 107.195 -6.39541
      vertex -6.2 107.195 -6.39541
    endloop
  endfacet
  facet normal 0 -0.998859 -0.0477512
    outer loop
      vertex 6 107.195 -6.39541
      vertex -6.2 107.2 -6.5
      vertex 6 107.2 -6.5
    endloop
  endfacet
  facet normal 0 0.740765 -0.671765
    outer loop
      vertex 6 105.081 -5.72866
      vertex -6.2 105.151 -5.65147
      vertex 6 105.151 -5.65147
    endloop
  endfacet
  facet normal 0 0.740765 -0.671765
    outer loop
      vertex -6.2 105.151 -5.65147
      vertex 6 105.081 -5.72866
      vertex -6.2 105.081 -5.72866
    endloop
  endfacet
  facet normal 0 -0.671689 -0.740833
    outer loop
      vertex -6.2 106.771 -5.58075
      vertex 6 106.849 -5.65147
      vertex 6 106.771 -5.58075
    endloop
  endfacet
  facet normal -0 -0.671689 -0.740833
    outer loop
      vertex 6 106.849 -5.65147
      vertex -6.2 106.771 -5.58075
      vertex -6.2 106.849 -5.65147
    endloop
  endfacet
  facet normal 0 -0.884422 -0.466688
    outer loop
      vertex -6.2 107.088 -5.99286
      vertex 6 107.039 -5.9
      vertex -6.2 107.039 -5.9
    endloop
  endfacet
  facet normal 0 -0.884422 -0.466688
    outer loop
      vertex 6 107.039 -5.9
      vertex -6.2 107.088 -5.99286
      vertex 6 107.088 -5.99286
    endloop
  endfacet
  facet normal 0 0.461203 -0.887295
    outer loop
      vertex -6.2 105.4 -5.46077
      vertex 6 105.493 -5.41243
      vertex 6 105.4 -5.46077
    endloop
  endfacet
  facet normal 0 0.461203 -0.887295
    outer loop
      vertex 6 105.493 -5.41243
      vertex -6.2 105.4 -5.46077
      vertex -6.2 105.493 -5.41243
    endloop
  endfacet
  facet normal 0 -0.381718 -0.924279
    outer loop
      vertex -6.2 106.41 -5.37237
      vertex 6 106.507 -5.41243
      vertex 6 106.41 -5.37237
    endloop
  endfacet
  facet normal -0 -0.381718 -0.924279
    outer loop
      vertex 6 106.507 -5.41243
      vertex -6.2 106.41 -5.37237
      vertex -6.2 106.507 -5.41243
    endloop
  endfacet
  facet normal 0 -0.9756 -0.219558
    outer loop
      vertex -6.2 107.182 -6.29162
      vertex 6 107.159 -6.18942
      vertex -6.2 107.159 -6.18942
    endloop
  endfacet
  facet normal 0 -0.9756 -0.219558
    outer loop
      vertex 6 107.159 -6.18942
      vertex -6.2 107.182 -6.29162
      vertex 6 107.182 -6.29162
    endloop
  endfacet
  facet normal 0 0.924091 -0.382172
    outer loop
      vertex 6 104.872 -6.08958
      vertex -6.2 104.912 -5.99286
      vertex 6 104.912 -5.99286
    endloop
  endfacet
  facet normal 0 0.924091 -0.382172
    outer loop
      vertex -6.2 104.912 -5.99286
      vertex 6 104.872 -6.08958
      vertex -6.2 104.872 -6.08958
    endloop
  endfacet
  facet normal 0 0.214862 -0.976644
    outer loop
      vertex -6.2 105.689 -5.34089
      vertex 6 105.792 -5.31823
      vertex 6 105.689 -5.34089
    endloop
  endfacet
  facet normal 0 0.214862 -0.976644
    outer loop
      vertex 6 105.792 -5.31823
      vertex -6.2 105.689 -5.34089
      vertex -6.2 105.792 -5.31823
    endloop
  endfacet
  facet normal 0 -0.13147 0.99132
    outer loop
      vertex -6.2 106.208 -7.68177
      vertex 6 106.105 -7.69543
      vertex 6 106.208 -7.68177
    endloop
  endfacet
  facet normal 0 -0.13147 0.99132
    outer loop
      vertex 6 106.105 -7.69543
      vertex -6.2 106.208 -7.68177
      vertex -6.2 106.105 -7.69543
    endloop
  endfacet
  facet normal 0 -0.671689 0.740833
    outer loop
      vertex -6.2 106.849 -7.34853
      vertex 6 106.771 -7.41925
      vertex 6 106.849 -7.34853
    endloop
  endfacet
  facet normal 0 -0.671689 0.740833
    outer loop
      vertex 6 106.771 -7.41925
      vertex -6.2 106.849 -7.34853
      vertex -6.2 106.771 -7.41925
    endloop
  endfacet
  facet normal 0 -0.538578 0.842576
    outer loop
      vertex -6.2 106.688 -7.48298
      vertex 6 106.6 -7.53923
      vertex 6 106.688 -7.48298
    endloop
  endfacet
  facet normal 0 -0.538578 0.842576
    outer loop
      vertex 6 106.6 -7.53923
      vertex -6.2 106.688 -7.48298
      vertex -6.2 106.6 -7.53923
    endloop
  endfacet
  facet normal 0 -0.955023 0.296532
    outer loop
      vertex -6.2 107.128 -6.91042
      vertex 6 107.159 -6.81058
      vertex -6.2 107.159 -6.81058
    endloop
  endfacet
  facet normal 0 -0.955023 0.296532
    outer loop
      vertex 6 107.159 -6.81058
      vertex -6.2 107.128 -6.91042
      vertex 6 107.128 -6.91042
    endloop
  endfacet
  facet normal 0 -0.998859 0.0477512
    outer loop
      vertex -6.2 107.195 -6.60459
      vertex 6 107.2 -6.5
      vertex -6.2 107.2 -6.5
    endloop
  endfacet
  facet normal 0 -0.998859 0.0477512
    outer loop
      vertex 6 107.2 -6.5
      vertex -6.2 107.195 -6.60459
      vertex 6 107.195 -6.60459
    endloop
  endfacet
  facet normal 0 -0.884422 0.466688
    outer loop
      vertex -6.2 107.039 -7.1
      vertex 6 107.088 -7.00714
      vertex -6.2 107.088 -7.00714
    endloop
  endfacet
  facet normal 0 -0.884422 0.466688
    outer loop
      vertex 6 107.088 -7.00714
      vertex -6.2 107.039 -7.1
      vertex 6 107.039 -7.1
    endloop
  endfacet
  facet normal 0 -0.792127 0.610356
    outer loop
      vertex -6.2 106.919 -7.27135
      vertex 6 106.983 -7.18829
      vertex -6.2 106.983 -7.18829
    endloop
  endfacet
  facet normal 0 -0.792127 0.610356
    outer loop
      vertex 6 106.983 -7.18829
      vertex -6.2 106.919 -7.27135
      vertex 6 106.919 -7.27135
    endloop
  endfacet
  facet normal 0 -0.13147 -0.99132
    outer loop
      vertex -6.2 106.105 -5.30457
      vertex 6 106.208 -5.31823
      vertex 6 106.105 -5.30457
    endloop
  endfacet
  facet normal -0 -0.13147 -0.99132
    outer loop
      vertex 6 106.208 -5.31823
      vertex -6.2 106.105 -5.30457
      vertex -6.2 106.208 -5.31823
    endloop
  endfacet
  facet normal 0 -0.538578 -0.842576
    outer loop
      vertex -6.2 106.6 -5.46077
      vertex 6 106.688 -5.51702
      vertex 6 106.6 -5.46077
    endloop
  endfacet
  facet normal -0 -0.538578 -0.842576
    outer loop
      vertex 6 106.688 -5.51702
      vertex -6.2 106.6 -5.46077
      vertex -6.2 106.688 -5.51702
    endloop
  endfacet
  facet normal 0 -0.609013 -0.79316
    outer loop
      vertex -6.2 106.688 -5.51702
      vertex 6 106.771 -5.58075
      vertex 6 106.688 -5.51702
    endloop
  endfacet
  facet normal -0 -0.609013 -0.79316
    outer loop
      vertex 6 106.771 -5.58075
      vertex -6.2 106.688 -5.51702
      vertex -6.2 106.771 -5.58075
    endloop
  endfacet
  facet normal 0 -0.461203 -0.887295
    outer loop
      vertex -6.2 106.507 -5.41243
      vertex 6 106.6 -5.46077
      vertex 6 106.507 -5.41243
    endloop
  endfacet
  facet normal -0 -0.461203 -0.887295
    outer loop
      vertex 6 106.6 -5.46077
      vertex -6.2 106.507 -5.41243
      vertex -6.2 106.6 -5.46077
    endloop
  endfacet
  facet normal 0 -0.303029 -0.952981
    outer loop
      vertex -6.2 106.311 -5.34089
      vertex 6 106.41 -5.37237
      vertex 6 106.311 -5.34089
    endloop
  endfacet
  facet normal -0 -0.303029 -0.952981
    outer loop
      vertex 6 106.41 -5.37237
      vertex -6.2 106.311 -5.34089
      vertex -6.2 106.41 -5.37237
    endloop
  endfacet
  facet normal 0 -0.0434826 -0.999054
    outer loop
      vertex -6.2 106 -5.3
      vertex 6 106.105 -5.30457
      vertex 6 106 -5.3
    endloop
  endfacet
  facet normal -0 -0.0434826 -0.999054
    outer loop
      vertex 6 106.105 -5.30457
      vertex -6.2 106 -5.3
      vertex -6.2 106.105 -5.30457
    endloop
  endfacet
  facet normal 0 -0.792092 -0.610402
    outer loop
      vertex -6.2 106.983 -5.81171
      vertex 6 106.919 -5.72866
      vertex -6.2 106.919 -5.72866
    endloop
  endfacet
  facet normal 0 -0.792092 -0.610402
    outer loop
      vertex 6 106.919 -5.72866
      vertex -6.2 106.983 -5.81171
      vertex 6 106.983 -5.81171
    endloop
  endfacet
  facet normal 0 -0.84446 -0.535619
    outer loop
      vertex -6.2 107.039 -5.9
      vertex 6 106.983 -5.81171
      vertex -6.2 106.983 -5.81171
    endloop
  endfacet
  facet normal 0 -0.84446 -0.535619
    outer loop
      vertex 6 106.983 -5.81171
      vertex -6.2 107.039 -5.9
      vertex 6 107.039 -5.9
    endloop
  endfacet
  facet normal 0 -0.740765 -0.671765
    outer loop
      vertex -6.2 106.919 -5.72866
      vertex 6 106.849 -5.65147
      vertex -6.2 106.849 -5.65147
    endloop
  endfacet
  facet normal 0 -0.740765 -0.671765
    outer loop
      vertex 6 106.849 -5.65147
      vertex -6.2 106.919 -5.72866
      vertex 6 106.919 -5.72866
    endloop
  endfacet
  facet normal 0 -0.992247 -0.124282
    outer loop
      vertex -6.2 107.195 -6.39541
      vertex 6 107.182 -6.29162
      vertex -6.2 107.182 -6.29162
    endloop
  endfacet
  facet normal 0 -0.992247 -0.124282
    outer loop
      vertex 6 107.182 -6.29162
      vertex -6.2 107.195 -6.39541
      vertex 6 107.195 -6.39541
    endloop
  endfacet
  facet normal -0 0.0434826 0.999054
    outer loop
      vertex -6.2 106 -7.7
      vertex 6 105.895 -7.69543
      vertex 6 106 -7.7
    endloop
  endfacet
  facet normal 0 0.0434826 0.999054
    outer loop
      vertex 6 105.895 -7.69543
      vertex -6.2 106 -7.7
      vertex -6.2 105.895 -7.69543
    endloop
  endfacet
  facet normal 0 0.992247 0.124282
    outer loop
      vertex 6 104.818 -6.70838
      vertex -6.2 104.805 -6.60459
      vertex 6 104.805 -6.60459
    endloop
  endfacet
  facet normal 0 0.992247 0.124282
    outer loop
      vertex -6.2 104.805 -6.60459
      vertex 6 104.818 -6.70838
      vertex -6.2 104.818 -6.70838
    endloop
  endfacet
  facet normal 0 0.740721 0.671812
    outer loop
      vertex 6 105.151 -7.34853
      vertex -6.2 105.081 -7.27135
      vertex 6 105.081 -7.27135
    endloop
  endfacet
  facet normal 0 0.740721 0.671812
    outer loop
      vertex -6.2 105.081 -7.27135
      vertex 6 105.151 -7.34853
      vertex -6.2 105.151 -7.34853
    endloop
  endfacet
  facet normal 0 0.84446 0.535619
    outer loop
      vertex 6 105.017 -7.18829
      vertex -6.2 104.961 -7.1
      vertex 6 104.961 -7.1
    endloop
  endfacet
  facet normal 0 0.84446 0.535619
    outer loop
      vertex -6.2 104.961 -7.1
      vertex 6 105.017 -7.18829
      vertex -6.2 105.017 -7.18829
    endloop
  endfacet
  facet normal -0 0.609013 0.79316
    outer loop
      vertex -6.2 105.312 -7.48298
      vertex 6 105.229 -7.41925
      vertex 6 105.312 -7.48298
    endloop
  endfacet
  facet normal 0 0.609013 0.79316
    outer loop
      vertex 6 105.229 -7.41925
      vertex -6.2 105.312 -7.48298
      vertex -6.2 105.229 -7.41925
    endloop
  endfacet
  facet normal -0 0.461203 0.887295
    outer loop
      vertex -6.2 105.493 -7.58757
      vertex 6 105.4 -7.53923
      vertex 6 105.493 -7.58757
    endloop
  endfacet
  facet normal 0 0.461203 0.887295
    outer loop
      vertex 6 105.4 -7.53923
      vertex -6.2 105.493 -7.58757
      vertex -6.2 105.4 -7.53923
    endloop
  endfacet
  facet normal 0 0.992247 -0.124282
    outer loop
      vertex 6 104.805 -6.39541
      vertex -6.2 104.818 -6.29162
      vertex 6 104.818 -6.29162
    endloop
  endfacet
  facet normal 0 0.992247 -0.124282
    outer loop
      vertex -6.2 104.818 -6.29162
      vertex 6 104.805 -6.39541
      vertex -6.2 104.805 -6.39541
    endloop
  endfacet
  facet normal 1 0 0
    outer loop
      vertex -6.2 107.195 -6.39541
      vertex -6.2 107.195 -6.60459
      vertex -6.2 107.2 -6.5
    endloop
  endfacet
  facet normal 1 0 0
    outer loop
      vertex -6.2 107.182 -6.29162
      vertex -6.2 107.195 -6.60459
      vertex -6.2 107.195 -6.39541
    endloop
  endfacet
  facet normal 1 0 0
    outer loop
      vertex -6.2 107.182 -6.29162
      vertex -6.2 107.182 -6.70838
      vertex -6.2 107.195 -6.60459
    endloop
  endfacet
  facet normal 1 0 0
    outer loop
      vertex -6.2 107.159 -6.18942
      vertex -6.2 107.182 -6.70838
      vertex -6.2 107.182 -6.29162
    endloop
  endfacet
  facet normal 1 0 0
    outer loop
      vertex -6.2 107.159 -6.18942
      vertex -6.2 107.159 -6.81058
      vertex -6.2 107.182 -6.70838
    endloop
  endfacet
  facet normal 1 0 0
    outer loop
      vertex -6.2 107.128 -6.08958
      vertex -6.2 107.159 -6.81058
      vertex -6.2 107.159 -6.18942
    endloop
  endfacet
  facet normal 1 0 0
    outer loop
      vertex -6.2 107.128 -6.08958
      vertex -6.2 107.128 -6.91042
      vertex -6.2 107.159 -6.81058
    endloop
  endfacet
  facet normal 1 0 0
    outer loop
      vertex -6.2 107.088 -5.99286
      vertex -6.2 107.128 -6.91042
      vertex -6.2 107.128 -6.08958
    endloop
  endfacet
  facet normal 1 0 0
    outer loop
      vertex -6.2 107.088 -5.99286
      vertex -6.2 107.088 -7.00714
      vertex -6.2 107.128 -6.91042
    endloop
  endfacet
  facet normal 1 0 0
    outer loop
      vertex -6.2 107.039 -5.9
      vertex -6.2 107.088 -7.00714
      vertex -6.2 107.088 -5.99286
    endloop
  endfacet
  facet normal 1 0 0
    outer loop
      vertex -6.2 107.039 -5.9
      vertex -6.2 107.039 -7.1
      vertex -6.2 107.088 -7.00714
    endloop
  endfacet
  facet normal 1 0 0
    outer loop
      vertex -6.2 106.983 -5.81171
      vertex -6.2 107.039 -7.1
      vertex -6.2 107.039 -5.9
    endloop
  endfacet
  facet normal 1 0 0
    outer loop
      vertex -6.2 106.983 -5.81171
      vertex -6.2 106.983 -7.18829
      vertex -6.2 107.039 -7.1
    endloop
  endfacet
  facet normal 1 0 0
    outer loop
      vertex -6.2 106.919 -5.72866
      vertex -6.2 106.983 -7.18829
      vertex -6.2 106.983 -5.81171
    endloop
  endfacet
  facet normal 1 0 0
    outer loop
      vertex -6.2 106.919 -5.72866
      vertex -6.2 106.919 -7.27135
      vertex -6.2 106.983 -7.18829
    endloop
  endfacet
  facet normal 1 0 0
    outer loop
      vertex -6.2 106.849 -5.65147
      vertex -6.2 106.919 -7.27135
      vertex -6.2 106.919 -5.72866
    endloop
  endfacet
  facet normal 1 0 0
    outer loop
      vertex -6.2 106.849 -5.65147
      vertex -6.2 106.849 -7.34853
      vertex -6.2 106.919 -7.27135
    endloop
  endfacet
  facet normal 1 0 0
    outer loop
      vertex -6.2 106.771 -5.58075
      vertex -6.2 106.849 -7.34853
      vertex -6.2 106.849 -5.65147
    endloop
  endfacet
  facet normal 1 0 0
    outer loop
      vertex -6.2 106.771 -5.58075
      vertex -6.2 106.771 -7.41925
      vertex -6.2 106.849 -7.34853
    endloop
  endfacet
  facet normal 1 0 0
    outer loop
      vertex -6.2 106.688 -5.51702
      vertex -6.2 106.771 -7.41925
      vertex -6.2 106.771 -5.58075
    endloop
  endfacet
  facet normal 1 0 0
    outer loop
      vertex -6.2 106.688 -5.51702
      vertex -6.2 106.688 -7.48298
      vertex -6.2 106.771 -7.41925
    endloop
  endfacet
  facet normal 1 0 0
    outer loop
      vertex -6.2 106.6 -5.46077
      vertex -6.2 106.688 -7.48298
      vertex -6.2 106.688 -5.51702
    endloop
  endfacet
  facet normal 1 0 0
    outer loop
      vertex -6.2 106.6 -5.46077
      vertex -6.2 106.6 -7.53923
      vertex -6.2 106.688 -7.48298
    endloop
  endfacet
  facet normal 1 0 0
    outer loop
      vertex -6.2 106.507 -5.41243
      vertex -6.2 106.6 -7.53923
      vertex -6.2 106.6 -5.46077
    endloop
  endfacet
  facet normal 1 0 0
    outer loop
      vertex -6.2 106.507 -5.41243
      vertex -6.2 106.507 -7.58757
      vertex -6.2 106.6 -7.53923
    endloop
  endfacet
  facet normal 1 0 0
    outer loop
      vertex -6.2 106.41 -5.37237
      vertex -6.2 106.507 -7.58757
      vertex -6.2 106.507 -5.41243
    endloop
  endfacet
  facet normal 1 0 0
    outer loop
      vertex -6.2 106.41 -5.37237
      vertex -6.2 106.41 -7.62763
      vertex -6.2 106.507 -7.58757
    endloop
  endfacet
  facet normal 1 0 0
    outer loop
      vertex -6.2 106.311 -5.34089
      vertex -6.2 106.41 -7.62763
      vertex -6.2 106.41 -5.37237
    endloop
  endfacet
  facet normal 1 0 0
    outer loop
      vertex -6.2 106.311 -5.34089
      vertex -6.2 106.311 -7.65911
      vertex -6.2 106.41 -7.62763
    endloop
  endfacet
  facet normal 1 0 0
    outer loop
      vertex -6.2 106.208 -5.31823
      vertex -6.2 106.311 -7.65911
      vertex -6.2 106.311 -5.34089
    endloop
  endfacet
  facet normal 1 0 0
    outer loop
      vertex -6.2 106.208 -5.31823
      vertex -6.2 106.208 -7.68177
      vertex -6.2 106.311 -7.65911
    endloop
  endfacet
  facet normal 1 0 0
    outer loop
      vertex -6.2 106.105 -5.30457
      vertex -6.2 106.208 -7.68177
      vertex -6.2 106.208 -5.31823
    endloop
  endfacet
  facet normal 1 0 0
    outer loop
      vertex -6.2 106.105 -5.30457
      vertex -6.2 106.105 -7.69543
      vertex -6.2 106.208 -7.68177
    endloop
  endfacet
  facet normal 1 0 0
    outer loop
      vertex -6.2 106 -5.3
      vertex -6.2 106.105 -7.69543
      vertex -6.2 106.105 -5.30457
    endloop
  endfacet
  facet normal 1 0 0
    outer loop
      vertex -6.2 106 -5.3
      vertex -6.2 106 -7.7
      vertex -6.2 106.105 -7.69543
    endloop
  endfacet
  facet normal 1 -0 0
    outer loop
      vertex -6.2 105.895 -5.30457
      vertex -6.2 106 -7.7
      vertex -6.2 106 -5.3
    endloop
  endfacet
  facet normal 1 0 0
    outer loop
      vertex -6.2 105.895 -5.30457
      vertex -6.2 105.895 -7.69543
      vertex -6.2 106 -7.7
    endloop
  endfacet
  facet normal 1 -0 0
    outer loop
      vertex -6.2 105.792 -5.31823
      vertex -6.2 105.895 -7.69543
      vertex -6.2 105.895 -5.30457
    endloop
  endfacet
  facet normal 1 0 0
    outer loop
      vertex -6.2 105.792 -5.31823
      vertex -6.2 105.792 -7.68177
      vertex -6.2 105.895 -7.69543
    endloop
  endfacet
  facet normal 1 -0 0
    outer loop
      vertex -6.2 105.689 -5.34089
      vertex -6.2 105.792 -7.68177
      vertex -6.2 105.792 -5.31823
    endloop
  endfacet
  facet normal 1 0 0
    outer loop
      vertex -6.2 105.689 -5.34089
      vertex -6.2 105.689 -7.65911
      vertex -6.2 105.792 -7.68177
    endloop
  endfacet
  facet normal 1 -0 0
    outer loop
      vertex -6.2 105.59 -5.37237
      vertex -6.2 105.689 -7.65911
      vertex -6.2 105.689 -5.34089
    endloop
  endfacet
  facet normal 1 0 0
    outer loop
      vertex -6.2 105.59 -5.37237
      vertex -6.2 105.59 -7.62763
      vertex -6.2 105.689 -7.65911
    endloop
  endfacet
  facet normal 1 -0 0
    outer loop
      vertex -6.2 105.493 -5.41243
      vertex -6.2 105.59 -7.62763
      vertex -6.2 105.59 -5.37237
    endloop
  endfacet
  facet normal 1 0 0
    outer loop
      vertex -6.2 105.493 -5.41243
      vertex -6.2 105.493 -7.58757
      vertex -6.2 105.59 -7.62763
    endloop
  endfacet
  facet normal 1 -0 0
    outer loop
      vertex -6.2 105.4 -5.46077
      vertex -6.2 105.493 -7.58757
      vertex -6.2 105.493 -5.41243
    endloop
  endfacet
  facet normal 1 0 0
    outer loop
      vertex -6.2 105.4 -5.46077
      vertex -6.2 105.4 -7.53923
      vertex -6.2 105.493 -7.58757
    endloop
  endfacet
  facet normal 1 -0 0
    outer loop
      vertex -6.2 105.312 -5.51702
      vertex -6.2 105.4 -7.53923
      vertex -6.2 105.4 -5.46077
    endloop
  endfacet
  facet normal 1 0 0
    outer loop
      vertex -6.2 105.312 -5.51702
      vertex -6.2 105.312 -7.48298
      vertex -6.2 105.4 -7.53923
    endloop
  endfacet
  facet normal 1 -0 0
    outer loop
      vertex -6.2 105.229 -5.58075
      vertex -6.2 105.312 -7.48298
      vertex -6.2 105.312 -5.51702
    endloop
  endfacet
  facet normal 1 0 0
    outer loop
      vertex -6.2 105.229 -5.58075
      vertex -6.2 105.229 -7.41925
      vertex -6.2 105.312 -7.48298
    endloop
  endfacet
  facet normal 1 -0 0
    outer loop
      vertex -6.2 105.151 -5.65147
      vertex -6.2 105.229 -7.41925
      vertex -6.2 105.229 -5.58075
    endloop
  endfacet
  facet normal 1 0 0
    outer loop
      vertex -6.2 105.151 -5.65147
      vertex -6.2 105.151 -7.34853
      vertex -6.2 105.229 -7.41925
    endloop
  endfacet
  facet normal 1 -0 0
    outer loop
      vertex -6.2 105.081 -5.72866
      vertex -6.2 105.151 -7.34853
      vertex -6.2 105.151 -5.65147
    endloop
  endfacet
  facet normal 1 0 0
    outer loop
      vertex -6.2 105.081 -5.72866
      vertex -6.2 105.081 -7.27135
      vertex -6.2 105.151 -7.34853
    endloop
  endfacet
  facet normal 1 -0 0
    outer loop
      vertex -6.2 105.017 -5.81171
      vertex -6.2 105.081 -7.27135
      vertex -6.2 105.081 -5.72866
    endloop
  endfacet
  facet normal 1 0 0
    outer loop
      vertex -6.2 105.017 -5.81171
      vertex -6.2 105.017 -7.18829
      vertex -6.2 105.081 -7.27135
    endloop
  endfacet
  facet normal 1 -0 0
    outer loop
      vertex -6.2 104.961 -5.9
      vertex -6.2 105.017 -7.18829
      vertex -6.2 105.017 -5.81171
    endloop
  endfacet
  facet normal 1 0 0
    outer loop
      vertex -6.2 104.961 -5.9
      vertex -6.2 104.961 -7.1
      vertex -6.2 105.017 -7.18829
    endloop
  endfacet
  facet normal 1 -0 0
    outer loop
      vertex -6.2 104.912 -5.99286
      vertex -6.2 104.961 -7.1
      vertex -6.2 104.961 -5.9
    endloop
  endfacet
  facet normal 1 0 0
    outer loop
      vertex -6.2 104.912 -5.99286
      vertex -6.2 104.912 -7.00714
      vertex -6.2 104.961 -7.1
    endloop
  endfacet
  facet normal 1 -0 0
    outer loop
      vertex -6.2 104.872 -6.08958
      vertex -6.2 104.912 -7.00714
      vertex -6.2 104.912 -5.99286
    endloop
  endfacet
  facet normal 1 0 0
    outer loop
      vertex -6.2 104.872 -6.08958
      vertex -6.2 104.872 -6.91042
      vertex -6.2 104.912 -7.00714
    endloop
  endfacet
  facet normal 1 -0 0
    outer loop
      vertex -6.2 104.841 -6.18942
      vertex -6.2 104.872 -6.91042
      vertex -6.2 104.872 -6.08958
    endloop
  endfacet
  facet normal 1 0 0
    outer loop
      vertex -6.2 104.841 -6.18942
      vertex -6.2 104.841 -6.81058
      vertex -6.2 104.872 -6.91042
    endloop
  endfacet
  facet normal 1 -0 0
    outer loop
      vertex -6.2 104.818 -6.29162
      vertex -6.2 104.841 -6.81058
      vertex -6.2 104.841 -6.18942
    endloop
  endfacet
  facet normal 1 0 0
    outer loop
      vertex -6.2 104.818 -6.29162
      vertex -6.2 104.818 -6.70838
      vertex -6.2 104.841 -6.81058
    endloop
  endfacet
  facet normal 1 -0 0
    outer loop
      vertex -6.2 104.805 -6.39541
      vertex -6.2 104.818 -6.70838
      vertex -6.2 104.818 -6.29162
    endloop
  endfacet
  facet normal 1 0 0
    outer loop
      vertex -6.2 104.805 -6.39541
      vertex -6.2 104.805 -6.60459
      vertex -6.2 104.818 -6.70838
    endloop
  endfacet
  facet normal 1 0 -0
    outer loop
      vertex -6.2 104.805 -6.60459
      vertex -6.2 104.805 -6.39541
      vertex -6.2 104.8 -6.5
    endloop
  endfacet
  facet normal 0 0.84446 -0.535619
    outer loop
      vertex 6 104.961 -5.9
      vertex -6.2 105.017 -5.81171
      vertex 6 105.017 -5.81171
    endloop
  endfacet
  facet normal 0 0.84446 -0.535619
    outer loop
      vertex -6.2 105.017 -5.81171
      vertex 6 104.961 -5.9
      vertex -6.2 104.961 -5.9
    endloop
  endfacet
  facet normal 0 0.792092 -0.610402
    outer loop
      vertex 6 105.017 -5.81171
      vertex -6.2 105.081 -5.72866
      vertex 6 105.081 -5.72866
    endloop
  endfacet
  facet normal 0 0.792092 -0.610402
    outer loop
      vertex -6.2 105.081 -5.72866
      vertex 6 105.017 -5.81171
      vertex -6.2 105.017 -5.81171
    endloop
  endfacet
  facet normal 0 0.884422 -0.466688
    outer loop
      vertex 6 104.912 -5.99286
      vertex -6.2 104.961 -5.9
      vertex 6 104.961 -5.9
    endloop
  endfacet
  facet normal 0 0.884422 -0.466688
    outer loop
      vertex -6.2 104.961 -5.9
      vertex 6 104.912 -5.99286
      vertex -6.2 104.912 -5.99286
    endloop
  endfacet
  facet normal 0 0.955023 -0.296532
    outer loop
      vertex 6 104.841 -6.18942
      vertex -6.2 104.872 -6.08958
      vertex 6 104.872 -6.08958
    endloop
  endfacet
  facet normal 0 0.955023 -0.296532
    outer loop
      vertex -6.2 104.872 -6.08958
      vertex 6 104.841 -6.18942
      vertex -6.2 104.841 -6.18942
    endloop
  endfacet
  facet normal 0 0.998859 -0.0477512
    outer loop
      vertex 6 104.8 -6.5
      vertex -6.2 104.805 -6.39541
      vertex 6 104.805 -6.39541
    endloop
  endfacet
  facet normal 0 0.998859 -0.0477512
    outer loop
      vertex -6.2 104.805 -6.39541
      vertex 6 104.8 -6.5
      vertex -6.2 104.8 -6.5
    endloop
  endfacet
  facet normal 0 0.609013 -0.79316
    outer loop
      vertex -6.2 105.229 -5.58075
      vertex 6 105.312 -5.51702
      vertex 6 105.229 -5.58075
    endloop
  endfacet
  facet normal 0 0.609013 -0.79316
    outer loop
      vertex 6 105.312 -5.51702
      vertex -6.2 105.229 -5.58075
      vertex -6.2 105.312 -5.51702
    endloop
  endfacet
  facet normal 0 0.538578 -0.842576
    outer loop
      vertex -6.2 105.312 -5.51702
      vertex 6 105.4 -5.46077
      vertex 6 105.312 -5.51702
    endloop
  endfacet
  facet normal 0 0.538578 -0.842576
    outer loop
      vertex 6 105.4 -5.46077
      vertex -6.2 105.312 -5.51702
      vertex -6.2 105.4 -5.46077
    endloop
  endfacet
  facet normal 0 0.671689 -0.740833
    outer loop
      vertex -6.2 105.151 -5.65147
      vertex 6 105.229 -5.58075
      vertex 6 105.151 -5.65147
    endloop
  endfacet
  facet normal 0 0.671689 -0.740833
    outer loop
      vertex 6 105.229 -5.58075
      vertex -6.2 105.151 -5.65147
      vertex -6.2 105.229 -5.58075
    endloop
  endfacet
  facet normal 0 0.13147 -0.99132
    outer loop
      vertex -6.2 105.792 -5.31823
      vertex 6 105.895 -5.30457
      vertex 6 105.792 -5.31823
    endloop
  endfacet
  facet normal 0 0.13147 -0.99132
    outer loop
      vertex 6 105.895 -5.30457
      vertex -6.2 105.792 -5.31823
      vertex -6.2 105.895 -5.30457
    endloop
  endfacet
  facet normal 0 -0.214862 0.976644
    outer loop
      vertex -6.2 106.311 -7.65911
      vertex 6 106.208 -7.68177
      vertex 6 106.311 -7.65911
    endloop
  endfacet
  facet normal 0 -0.214862 0.976644
    outer loop
      vertex 6 106.208 -7.68177
      vertex -6.2 106.311 -7.65911
      vertex -6.2 106.208 -7.68177
    endloop
  endfacet
  facet normal 0 -0.461203 0.887295
    outer loop
      vertex -6.2 106.6 -7.53923
      vertex 6 106.507 -7.58757
      vertex 6 106.6 -7.53923
    endloop
  endfacet
  facet normal 0 -0.461203 0.887295
    outer loop
      vertex 6 106.507 -7.58757
      vertex -6.2 106.6 -7.53923
      vertex -6.2 106.507 -7.58757
    endloop
  endfacet
  facet normal 0 -0.303029 0.952981
    outer loop
      vertex -6.2 106.41 -7.62763
      vertex 6 106.311 -7.65911
      vertex 6 106.41 -7.62763
    endloop
  endfacet
  facet normal 0 -0.303029 0.952981
    outer loop
      vertex 6 106.311 -7.65911
      vertex -6.2 106.41 -7.62763
      vertex -6.2 106.311 -7.65911
    endloop
  endfacet
  facet normal 0 -0.740721 0.671812
    outer loop
      vertex -6.2 106.849 -7.34853
      vertex 6 106.919 -7.27135
      vertex -6.2 106.919 -7.27135
    endloop
  endfacet
  facet normal 0 -0.740721 0.671812
    outer loop
      vertex 6 106.919 -7.27135
      vertex -6.2 106.849 -7.34853
      vertex 6 106.849 -7.34853
    endloop
  endfacet
  facet normal 0 -0.609013 0.79316
    outer loop
      vertex -6.2 106.771 -7.41925
      vertex 6 106.688 -7.48298
      vertex 6 106.771 -7.41925
    endloop
  endfacet
  facet normal 0 -0.609013 0.79316
    outer loop
      vertex 6 106.688 -7.48298
      vertex -6.2 106.771 -7.41925
      vertex -6.2 106.688 -7.48298
    endloop
  endfacet
  facet normal 0 -0.9756 0.219558
    outer loop
      vertex -6.2 107.159 -6.81058
      vertex 6 107.182 -6.70838
      vertex -6.2 107.182 -6.70838
    endloop
  endfacet
  facet normal 0 -0.9756 0.219558
    outer loop
      vertex 6 107.182 -6.70838
      vertex -6.2 107.159 -6.81058
      vertex 6 107.159 -6.81058
    endloop
  endfacet
  facet normal 0 -0.924091 0.382172
    outer loop
      vertex -6.2 107.088 -7.00714
      vertex 6 107.128 -6.91042
      vertex -6.2 107.128 -6.91042
    endloop
  endfacet
  facet normal 0 -0.924091 0.382172
    outer loop
      vertex 6 107.128 -6.91042
      vertex -6.2 107.088 -7.00714
      vertex 6 107.088 -7.00714
    endloop
  endfacet
  facet normal 0 -0.84446 0.535619
    outer loop
      vertex -6.2 106.983 -7.18829
      vertex 6 107.039 -7.1
      vertex -6.2 107.039 -7.1
    endloop
  endfacet
  facet normal 0 -0.84446 0.535619
    outer loop
      vertex 6 107.039 -7.1
      vertex -6.2 106.983 -7.18829
      vertex 6 106.983 -7.18829
    endloop
  endfacet
  facet normal 0 -0.214862 -0.976644
    outer loop
      vertex -6.2 106.208 -5.31823
      vertex 6 106.311 -5.34089
      vertex 6 106.208 -5.31823
    endloop
  endfacet
  facet normal -0 -0.214862 -0.976644
    outer loop
      vertex 6 106.311 -5.34089
      vertex -6.2 106.208 -5.31823
      vertex -6.2 106.311 -5.34089
    endloop
  endfacet
  facet normal 0 -0.955023 -0.296532
    outer loop
      vertex -6.2 107.159 -6.18942
      vertex 6 107.128 -6.08958
      vertex -6.2 107.128 -6.08958
    endloop
  endfacet
  facet normal 0 -0.955023 -0.296532
    outer loop
      vertex 6 107.128 -6.08958
      vertex -6.2 107.159 -6.18942
      vertex 6 107.159 -6.18942
    endloop
  endfacet
  facet normal 0 -0.924091 -0.382172
    outer loop
      vertex -6.2 107.128 -6.08958
      vertex 6 107.088 -5.99286
      vertex -6.2 107.088 -5.99286
    endloop
  endfacet
  facet normal 0 -0.924091 -0.382172
    outer loop
      vertex 6 107.088 -5.99286
      vertex -6.2 107.128 -6.08958
      vertex 6 107.128 -6.08958
    endloop
  endfacet
  facet normal 0 0.9756 0.219558
    outer loop
      vertex 6 104.841 -6.81058
      vertex -6.2 104.818 -6.70838
      vertex 6 104.818 -6.70838
    endloop
  endfacet
  facet normal 0 0.9756 0.219558
    outer loop
      vertex -6.2 104.818 -6.70838
      vertex 6 104.841 -6.81058
      vertex -6.2 104.841 -6.81058
    endloop
  endfacet
  facet normal 0 0.884422 0.466688
    outer loop
      vertex 6 104.961 -7.1
      vertex -6.2 104.912 -7.00714
      vertex 6 104.912 -7.00714
    endloop
  endfacet
  facet normal 0 0.884422 0.466688
    outer loop
      vertex -6.2 104.912 -7.00714
      vertex 6 104.961 -7.1
      vertex -6.2 104.961 -7.1
    endloop
  endfacet
  facet normal 0 0.955023 0.296532
    outer loop
      vertex 6 104.872 -6.91042
      vertex -6.2 104.841 -6.81058
      vertex 6 104.841 -6.81058
    endloop
  endfacet
  facet normal 0 0.955023 0.296532
    outer loop
      vertex -6.2 104.841 -6.81058
      vertex 6 104.872 -6.91042
      vertex -6.2 104.872 -6.91042
    endloop
  endfacet
  facet normal -0 0.671689 0.740833
    outer loop
      vertex -6.2 105.229 -7.41925
      vertex 6 105.151 -7.34853
      vertex 6 105.229 -7.41925
    endloop
  endfacet
  facet normal 0 0.671689 0.740833
    outer loop
      vertex 6 105.151 -7.34853
      vertex -6.2 105.229 -7.41925
      vertex -6.2 105.151 -7.34853
    endloop
  endfacet
  facet normal 0 0.792127 0.610356
    outer loop
      vertex 6 105.081 -7.27135
      vertex -6.2 105.017 -7.18829
      vertex 6 105.017 -7.18829
    endloop
  endfacet
  facet normal 0 0.792127 0.610356
    outer loop
      vertex -6.2 105.017 -7.18829
      vertex 6 105.081 -7.27135
      vertex -6.2 105.081 -7.27135
    endloop
  endfacet
  facet normal -0 0.538578 0.842576
    outer loop
      vertex -6.2 105.4 -7.53923
      vertex 6 105.312 -7.48298
      vertex 6 105.4 -7.53923
    endloop
  endfacet
  facet normal 0 0.538578 0.842576
    outer loop
      vertex 6 105.312 -7.48298
      vertex -6.2 105.4 -7.53923
      vertex -6.2 105.312 -7.48298
    endloop
  endfacet
  facet normal -0 0.381718 0.924279
    outer loop
      vertex -6.2 105.59 -7.62763
      vertex 6 105.493 -7.58757
      vertex 6 105.59 -7.62763
    endloop
  endfacet
  facet normal 0 0.381718 0.924279
    outer loop
      vertex 6 105.493 -7.58757
      vertex -6.2 105.59 -7.62763
      vertex -6.2 105.493 -7.58757
    endloop
  endfacet
  facet normal -0 0.303029 0.952981
    outer loop
      vertex -6.2 105.689 -7.65911
      vertex 6 105.59 -7.62763
      vertex 6 105.689 -7.65911
    endloop
  endfacet
  facet normal 0 0.303029 0.952981
    outer loop
      vertex 6 105.59 -7.62763
      vertex -6.2 105.689 -7.65911
      vertex -6.2 105.59 -7.62763
    endloop
  endfacet
  facet normal 0 0.9756 -0.219558
    outer loop
      vertex 6 104.818 -6.29162
      vertex -6.2 104.841 -6.18942
      vertex 6 104.841 -6.18942
    endloop
  endfacet
  facet normal 0 0.9756 -0.219558
    outer loop
      vertex -6.2 104.841 -6.18942
      vertex 6 104.818 -6.29162
      vertex -6.2 104.818 -6.29162
    endloop
  endfacet
  facet normal 0 0.998859 0.0477512
    outer loop
      vertex 6 104.805 -6.60459
      vertex -6.2 104.8 -6.5
      vertex 6 104.8 -6.5
    endloop
  endfacet
  facet normal 0 0.998859 0.0477512
    outer loop
      vertex -6.2 104.8 -6.5
      vertex 6 104.805 -6.60459
      vertex -6.2 104.805 -6.60459
    endloop
  endfacet
  facet normal 0 0.303029 -0.952981
    outer loop
      vertex -6.2 105.59 -5.37237
      vertex 6 105.689 -5.34089
      vertex 6 105.59 -5.37237
    endloop
  endfacet
  facet normal 0 0.303029 -0.952981
    outer loop
      vertex 6 105.689 -5.34089
      vertex -6.2 105.59 -5.37237
      vertex -6.2 105.689 -5.34089
    endloop
  endfacet
  facet normal 0 0.381718 -0.924279
    outer loop
      vertex -6.2 105.493 -5.41243
      vertex 6 105.59 -5.37237
      vertex 6 105.493 -5.41243
    endloop
  endfacet
  facet normal 0 0.381718 -0.924279
    outer loop
      vertex 6 105.59 -5.37237
      vertex -6.2 105.493 -5.41243
      vertex -6.2 105.59 -5.37237
    endloop
  endfacet
  facet normal 0 -0.381718 0.924279
    outer loop
      vertex -6.2 106.507 -7.58757
      vertex 6 106.41 -7.62763
      vertex 6 106.507 -7.58757
    endloop
  endfacet
  facet normal 0 -0.381718 0.924279
    outer loop
      vertex 6 106.41 -7.62763
      vertex -6.2 106.507 -7.58757
      vertex -6.2 106.41 -7.62763
    endloop
  endfacet
  facet normal 0 -0.992247 0.124282
    outer loop
      vertex -6.2 107.182 -6.70838
      vertex 6 107.195 -6.60459
      vertex -6.2 107.195 -6.60459
    endloop
  endfacet
  facet normal 0 -0.992247 0.124282
    outer loop
      vertex 6 107.195 -6.60459
      vertex -6.2 107.182 -6.70838
      vertex 6 107.182 -6.70838
    endloop
  endfacet
  facet normal 0 0.924091 0.382172
    outer loop
      vertex 6 104.912 -7.00714
      vertex -6.2 104.872 -6.91042
      vertex 6 104.872 -6.91042
    endloop
  endfacet
  facet normal 0 0.924091 0.382172
    outer loop
      vertex -6.2 104.872 -6.91042
      vertex 6 104.912 -7.00714
      vertex -6.2 104.912 -7.00714
    endloop
  endfacet
  facet normal -0 0.214862 0.976644
    outer loop
      vertex -6.2 105.792 -7.68177
      vertex 6 105.689 -7.65911
      vertex 6 105.792 -7.68177
    endloop
  endfacet
  facet normal 0 0.214862 0.976644
    outer loop
      vertex 6 105.689 -7.65911
      vertex -6.2 105.792 -7.68177
      vertex -6.2 105.689 -7.65911
    endloop
  endfacet
  facet normal -0 0.13147 0.99132
    outer loop
      vertex -6.2 105.895 -7.69543
      vertex 6 105.792 -7.68177
      vertex 6 105.895 -7.69543
    endloop
  endfacet
  facet normal 0 0.13147 0.99132
    outer loop
      vertex 6 105.792 -7.68177
      vertex -6.2 105.895 -7.69543
      vertex -6.2 105.792 -7.68177
    endloop
  endfacet
  facet normal 0 -0.0434826 0.999054
    outer loop
      vertex -6 106.105 5.30457
      vertex 6 106 5.3
      vertex 6 106.105 5.30457
    endloop
  endfacet
  facet normal 0 -0.0434826 0.999054
    outer loop
      vertex 6 106 5.3
      vertex -6 106.105 5.30457
      vertex -6 106 5.3
    endloop
  endfacet
  facet normal 0 0.0434826 -0.999054
    outer loop
      vertex -6 105.895 7.69543
      vertex 6 106 7.7
      vertex 6 105.895 7.69543
    endloop
  endfacet
  facet normal 0 0.0434826 -0.999054
    outer loop
      vertex 6 106 7.7
      vertex -6 105.895 7.69543
      vertex -6 106 7.7
    endloop
  endfacet
  facet normal 0 -0.998859 -0.0477512
    outer loop
      vertex -6 107.2 6.5
      vertex 6 107.195 6.60459
      vertex -6 107.195 6.60459
    endloop
  endfacet
  facet normal 0 -0.998859 -0.0477512
    outer loop
      vertex 6 107.195 6.60459
      vertex -6 107.2 6.5
      vertex 6 107.2 6.5
    endloop
  endfacet
  facet normal 0 0.740765 -0.671765
    outer loop
      vertex 6 105.081 7.27134
      vertex -6 105.151 7.34853
      vertex 6 105.151 7.34853
    endloop
  endfacet
  facet normal 0 0.740765 -0.671765
    outer loop
      vertex -6 105.151 7.34853
      vertex 6 105.081 7.27134
      vertex -6 105.081 7.27134
    endloop
  endfacet
  facet normal 0 -0.671689 -0.740833
    outer loop
      vertex -6 106.771 7.41925
      vertex 6 106.849 7.34853
      vertex 6 106.771 7.41925
    endloop
  endfacet
  facet normal -0 -0.671689 -0.740833
    outer loop
      vertex 6 106.849 7.34853
      vertex -6 106.771 7.41925
      vertex -6 106.849 7.34853
    endloop
  endfacet
  facet normal 0 -0.884422 -0.466688
    outer loop
      vertex -6 107.088 7.00714
      vertex 6 107.039 7.1
      vertex -6 107.039 7.1
    endloop
  endfacet
  facet normal 0 -0.884422 -0.466688
    outer loop
      vertex 6 107.039 7.1
      vertex -6 107.088 7.00714
      vertex 6 107.088 7.00714
    endloop
  endfacet
  facet normal 0 0.461203 -0.887295
    outer loop
      vertex -6 105.4 7.53923
      vertex 6 105.493 7.58757
      vertex 6 105.4 7.53923
    endloop
  endfacet
  facet normal 0 0.461203 -0.887295
    outer loop
      vertex 6 105.493 7.58757
      vertex -6 105.4 7.53923
      vertex -6 105.493 7.58757
    endloop
  endfacet
  facet normal 0 -0.924091 0.382172
    outer loop
      vertex -6 107.088 5.99286
      vertex 6 107.128 6.08958
      vertex -6 107.128 6.08958
    endloop
  endfacet
  facet normal 0 -0.924091 0.382172
    outer loop
      vertex 6 107.128 6.08958
      vertex -6 107.088 5.99286
      vertex 6 107.088 5.99286
    endloop
  endfacet
  facet normal 0 -0.381718 -0.924279
    outer loop
      vertex -6 106.41 7.62763
      vertex 6 106.507 7.58757
      vertex 6 106.41 7.62763
    endloop
  endfacet
  facet normal -0 -0.381718 -0.924279
    outer loop
      vertex 6 106.507 7.58757
      vertex -6 106.41 7.62763
      vertex -6 106.507 7.58757
    endloop
  endfacet
  facet normal 0 -0.9756 -0.219558
    outer loop
      vertex -6 107.182 6.70838
      vertex 6 107.159 6.81058
      vertex -6 107.159 6.81058
    endloop
  endfacet
  facet normal 0 -0.9756 -0.219558
    outer loop
      vertex 6 107.159 6.81058
      vertex -6 107.182 6.70838
      vertex 6 107.182 6.70838
    endloop
  endfacet
  facet normal -0 0.381718 0.924279
    outer loop
      vertex -6 105.59 5.37237
      vertex 6 105.493 5.41243
      vertex 6 105.59 5.37237
    endloop
  endfacet
  facet normal 0 0.381718 0.924279
    outer loop
      vertex 6 105.493 5.41243
      vertex -6 105.59 5.37237
      vertex -6 105.493 5.41243
    endloop
  endfacet
  facet normal -0 0.303029 0.952981
    outer loop
      vertex -6 105.689 5.34089
      vertex 6 105.59 5.37237
      vertex 6 105.689 5.34089
    endloop
  endfacet
  facet normal 0 0.303029 0.952981
    outer loop
      vertex 6 105.59 5.37237
      vertex -6 105.689 5.34089
      vertex -6 105.59 5.37237
    endloop
  endfacet
  facet normal 0 0.924091 -0.382172
    outer loop
      vertex 6 104.872 6.91042
      vertex -6 104.912 7.00714
      vertex 6 104.912 7.00714
    endloop
  endfacet
  facet normal 0 0.924091 -0.382172
    outer loop
      vertex -6 104.912 7.00714
      vertex 6 104.872 6.91042
      vertex -6 104.872 6.91042
    endloop
  endfacet
  facet normal 0 0.214862 -0.976644
    outer loop
      vertex -6 105.689 7.65911
      vertex 6 105.792 7.68177
      vertex 6 105.689 7.65911
    endloop
  endfacet
  facet normal 0 0.214862 -0.976644
    outer loop
      vertex 6 105.792 7.68177
      vertex -6 105.689 7.65911
      vertex -6 105.792 7.68177
    endloop
  endfacet
  facet normal 0 -0.13147 0.99132
    outer loop
      vertex -6 106.208 5.31823
      vertex 6 106.105 5.30457
      vertex 6 106.208 5.31823
    endloop
  endfacet
  facet normal 0 -0.13147 0.99132
    outer loop
      vertex 6 106.105 5.30457
      vertex -6 106.208 5.31823
      vertex -6 106.105 5.30457
    endloop
  endfacet
  facet normal 0 -0.671689 0.740833
    outer loop
      vertex -6 106.849 5.65147
      vertex 6 106.771 5.58075
      vertex 6 106.849 5.65147
    endloop
  endfacet
  facet normal 0 -0.671689 0.740833
    outer loop
      vertex 6 106.771 5.58075
      vertex -6 106.849 5.65147
      vertex -6 106.771 5.58075
    endloop
  endfacet
  facet normal 0 -0.538578 0.842576
    outer loop
      vertex -6 106.688 5.51702
      vertex 6 106.6 5.46077
      vertex 6 106.688 5.51702
    endloop
  endfacet
  facet normal 0 -0.538578 0.842576
    outer loop
      vertex 6 106.6 5.46077
      vertex -6 106.688 5.51702
      vertex -6 106.6 5.46077
    endloop
  endfacet
  facet normal 0 -0.992247 0.124282
    outer loop
      vertex -6 107.182 6.29162
      vertex 6 107.195 6.39541
      vertex -6 107.195 6.39541
    endloop
  endfacet
  facet normal 0 -0.992247 0.124282
    outer loop
      vertex 6 107.195 6.39541
      vertex -6 107.182 6.29162
      vertex 6 107.182 6.29162
    endloop
  endfacet
  facet normal 0 -0.955023 0.296532
    outer loop
      vertex -6 107.128 6.08958
      vertex 6 107.159 6.18942
      vertex -6 107.159 6.18942
    endloop
  endfacet
  facet normal 0 -0.955023 0.296532
    outer loop
      vertex 6 107.159 6.18942
      vertex -6 107.128 6.08958
      vertex 6 107.128 6.08958
    endloop
  endfacet
  facet normal 0 -0.998859 0.0477512
    outer loop
      vertex -6 107.195 6.39541
      vertex 6 107.2 6.5
      vertex -6 107.2 6.5
    endloop
  endfacet
  facet normal 0 -0.998859 0.0477512
    outer loop
      vertex 6 107.2 6.5
      vertex -6 107.195 6.39541
      vertex 6 107.195 6.39541
    endloop
  endfacet
  facet normal 0 -0.884422 0.466688
    outer loop
      vertex -6 107.039 5.9
      vertex 6 107.088 5.99286
      vertex -6 107.088 5.99286
    endloop
  endfacet
  facet normal 0 -0.884422 0.466688
    outer loop
      vertex 6 107.088 5.99286
      vertex -6 107.039 5.9
      vertex 6 107.039 5.9
    endloop
  endfacet
  facet normal 0 -0.792127 0.610356
    outer loop
      vertex -6 106.919 5.72865
      vertex 6 106.983 5.81171
      vertex -6 106.983 5.81171
    endloop
  endfacet
  facet normal 0 -0.792127 0.610356
    outer loop
      vertex 6 106.983 5.81171
      vertex -6 106.919 5.72865
      vertex 6 106.919 5.72865
    endloop
  endfacet
  facet normal 0 -0.13147 -0.99132
    outer loop
      vertex -6 106.105 7.69543
      vertex 6 106.208 7.68177
      vertex 6 106.105 7.69543
    endloop
  endfacet
  facet normal -0 -0.13147 -0.99132
    outer loop
      vertex 6 106.208 7.68177
      vertex -6 106.105 7.69543
      vertex -6 106.208 7.68177
    endloop
  endfacet
  facet normal 0 -0.538578 -0.842576
    outer loop
      vertex -6 106.6 7.53923
      vertex 6 106.688 7.48298
      vertex 6 106.6 7.53923
    endloop
  endfacet
  facet normal -0 -0.538578 -0.842576
    outer loop
      vertex 6 106.688 7.48298
      vertex -6 106.6 7.53923
      vertex -6 106.688 7.48298
    endloop
  endfacet
  facet normal 0 -0.609013 -0.79316
    outer loop
      vertex -6 106.688 7.48298
      vertex 6 106.771 7.41925
      vertex 6 106.688 7.48298
    endloop
  endfacet
  facet normal -0 -0.609013 -0.79316
    outer loop
      vertex 6 106.771 7.41925
      vertex -6 106.688 7.48298
      vertex -6 106.771 7.41925
    endloop
  endfacet
  facet normal 0 -0.461203 -0.887295
    outer loop
      vertex -6 106.507 7.58757
      vertex 6 106.6 7.53923
      vertex 6 106.507 7.58757
    endloop
  endfacet
  facet normal -0 -0.461203 -0.887295
    outer loop
      vertex 6 106.6 7.53923
      vertex -6 106.507 7.58757
      vertex -6 106.6 7.53923
    endloop
  endfacet
  facet normal 0 -0.303029 -0.952981
    outer loop
      vertex -6 106.311 7.65911
      vertex 6 106.41 7.62763
      vertex 6 106.311 7.65911
    endloop
  endfacet
  facet normal -0 -0.303029 -0.952981
    outer loop
      vertex 6 106.41 7.62763
      vertex -6 106.311 7.65911
      vertex -6 106.41 7.62763
    endloop
  endfacet
  facet normal 0 -0.0434826 -0.999054
    outer loop
      vertex -6 106 7.7
      vertex 6 106.105 7.69543
      vertex 6 106 7.7
    endloop
  endfacet
  facet normal -0 -0.0434826 -0.999054
    outer loop
      vertex 6 106.105 7.69543
      vertex -6 106 7.7
      vertex -6 106.105 7.69543
    endloop
  endfacet
  facet normal 0 -0.792092 -0.610402
    outer loop
      vertex -6 106.983 7.18829
      vertex 6 106.919 7.27134
      vertex -6 106.919 7.27134
    endloop
  endfacet
  facet normal 0 -0.792092 -0.610402
    outer loop
      vertex 6 106.919 7.27134
      vertex -6 106.983 7.18829
      vertex 6 106.983 7.18829
    endloop
  endfacet
  facet normal 0 -0.84446 -0.535619
    outer loop
      vertex -6 107.039 7.1
      vertex 6 106.983 7.18829
      vertex -6 106.983 7.18829
    endloop
  endfacet
  facet normal 0 -0.84446 -0.535619
    outer loop
      vertex 6 106.983 7.18829
      vertex -6 107.039 7.1
      vertex 6 107.039 7.1
    endloop
  endfacet
  facet normal 0 -0.740765 -0.671765
    outer loop
      vertex -6 106.919 7.27134
      vertex 6 106.849 7.34853
      vertex -6 106.849 7.34853
    endloop
  endfacet
  facet normal 0 -0.740765 -0.671765
    outer loop
      vertex 6 106.849 7.34853
      vertex -6 106.919 7.27134
      vertex 6 106.919 7.27134
    endloop
  endfacet
  facet normal 0 -0.992247 -0.124282
    outer loop
      vertex -6 107.195 6.60459
      vertex 6 107.182 6.70838
      vertex -6 107.182 6.70838
    endloop
  endfacet
  facet normal 0 -0.992247 -0.124282
    outer loop
      vertex 6 107.182 6.70838
      vertex -6 107.195 6.60459
      vertex 6 107.195 6.60459
    endloop
  endfacet
  facet normal 0 0.992247 0.124282
    outer loop
      vertex 6 104.818 6.29162
      vertex -6 104.805 6.39541
      vertex 6 104.805 6.39541
    endloop
  endfacet
  facet normal 0 0.992247 0.124282
    outer loop
      vertex -6 104.805 6.39541
      vertex 6 104.818 6.29162
      vertex -6 104.818 6.29162
    endloop
  endfacet
  facet normal 0 0.740721 0.671812
    outer loop
      vertex 6 105.151 5.65147
      vertex -6 105.081 5.72865
      vertex 6 105.081 5.72865
    endloop
  endfacet
  facet normal 0 0.740721 0.671812
    outer loop
      vertex -6 105.081 5.72865
      vertex 6 105.151 5.65147
      vertex -6 105.151 5.65147
    endloop
  endfacet
  facet normal 0 0.84446 0.535619
    outer loop
      vertex 6 105.017 5.81171
      vertex -6 104.961 5.9
      vertex 6 104.961 5.9
    endloop
  endfacet
  facet normal 0 0.84446 0.535619
    outer loop
      vertex -6 104.961 5.9
      vertex 6 105.017 5.81171
      vertex -6 105.017 5.81171
    endloop
  endfacet
  facet normal -0 0.609013 0.79316
    outer loop
      vertex -6 105.312 5.51702
      vertex 6 105.229 5.58075
      vertex 6 105.312 5.51702
    endloop
  endfacet
  facet normal 0 0.609013 0.79316
    outer loop
      vertex 6 105.229 5.58075
      vertex -6 105.312 5.51702
      vertex -6 105.229 5.58075
    endloop
  endfacet
  facet normal -0 0.461203 0.887295
    outer loop
      vertex -6 105.493 5.41243
      vertex 6 105.4 5.46077
      vertex 6 105.493 5.41243
    endloop
  endfacet
  facet normal 0 0.461203 0.887295
    outer loop
      vertex 6 105.4 5.46077
      vertex -6 105.493 5.41243
      vertex -6 105.4 5.46077
    endloop
  endfacet
  facet normal 0 0.992247 -0.124282
    outer loop
      vertex 6 104.805 6.60459
      vertex -6 104.818 6.70838
      vertex 6 104.818 6.70838
    endloop
  endfacet
  facet normal 0 0.992247 -0.124282
    outer loop
      vertex -6 104.818 6.70838
      vertex 6 104.805 6.60459
      vertex -6 104.805 6.60459
    endloop
  endfacet
  facet normal 0 0.84446 -0.535619
    outer loop
      vertex 6 104.961 7.1
      vertex -6 105.017 7.18829
      vertex 6 105.017 7.18829
    endloop
  endfacet
  facet normal 0 0.84446 -0.535619
    outer loop
      vertex -6 105.017 7.18829
      vertex 6 104.961 7.1
      vertex -6 104.961 7.1
    endloop
  endfacet
  facet normal 0 0.792092 -0.610402
    outer loop
      vertex 6 105.017 7.18829
      vertex -6 105.081 7.27134
      vertex 6 105.081 7.27134
    endloop
  endfacet
  facet normal 0 0.792092 -0.610402
    outer loop
      vertex -6 105.081 7.27134
      vertex 6 105.017 7.18829
      vertex -6 105.017 7.18829
    endloop
  endfacet
  facet normal 0 0.884422 -0.466688
    outer loop
      vertex 6 104.912 7.00714
      vertex -6 104.961 7.1
      vertex 6 104.961 7.1
    endloop
  endfacet
  facet normal 0 0.884422 -0.466688
    outer loop
      vertex -6 104.961 7.1
      vertex 6 104.912 7.00714
      vertex -6 104.912 7.00714
    endloop
  endfacet
  facet normal 0 0.955023 -0.296532
    outer loop
      vertex 6 104.841 6.81058
      vertex -6 104.872 6.91042
      vertex 6 104.872 6.91042
    endloop
  endfacet
  facet normal 0 0.955023 -0.296532
    outer loop
      vertex -6 104.872 6.91042
      vertex 6 104.841 6.81058
      vertex -6 104.841 6.81058
    endloop
  endfacet
  facet normal 0 0.998859 -0.0477512
    outer loop
      vertex 6 104.8 6.5
      vertex -6 104.805 6.60459
      vertex 6 104.805 6.60459
    endloop
  endfacet
  facet normal 0 0.998859 -0.0477512
    outer loop
      vertex -6 104.805 6.60459
      vertex 6 104.8 6.5
      vertex -6 104.8 6.5
    endloop
  endfacet
  facet normal 0 0.609013 -0.79316
    outer loop
      vertex -6 105.229 7.41925
      vertex 6 105.312 7.48298
      vertex 6 105.229 7.41925
    endloop
  endfacet
  facet normal 0 0.609013 -0.79316
    outer loop
      vertex 6 105.312 7.48298
      vertex -6 105.229 7.41925
      vertex -6 105.312 7.48298
    endloop
  endfacet
  facet normal 0 0.538578 -0.842576
    outer loop
      vertex -6 105.312 7.48298
      vertex 6 105.4 7.53923
      vertex 6 105.312 7.48298
    endloop
  endfacet
  facet normal 0 0.538578 -0.842576
    outer loop
      vertex 6 105.4 7.53923
      vertex -6 105.312 7.48298
      vertex -6 105.4 7.53923
    endloop
  endfacet
  facet normal 0 0.671689 -0.740833
    outer loop
      vertex -6 105.151 7.34853
      vertex 6 105.229 7.41925
      vertex 6 105.151 7.34853
    endloop
  endfacet
  facet normal 0 0.671689 -0.740833
    outer loop
      vertex 6 105.229 7.41925
      vertex -6 105.151 7.34853
      vertex -6 105.229 7.41925
    endloop
  endfacet
  facet normal 0 0.13147 -0.99132
    outer loop
      vertex -6 105.792 7.68177
      vertex 6 105.895 7.69543
      vertex 6 105.792 7.68177
    endloop
  endfacet
  facet normal 0 0.13147 -0.99132
    outer loop
      vertex 6 105.895 7.69543
      vertex -6 105.792 7.68177
      vertex -6 105.895 7.69543
    endloop
  endfacet
  facet normal 0 -0.214862 0.976644
    outer loop
      vertex -6 106.311 5.34089
      vertex 6 106.208 5.31823
      vertex 6 106.311 5.34089
    endloop
  endfacet
  facet normal 0 -0.214862 0.976644
    outer loop
      vertex 6 106.208 5.31823
      vertex -6 106.311 5.34089
      vertex -6 106.208 5.31823
    endloop
  endfacet
  facet normal 0 -0.461203 0.887295
    outer loop
      vertex -6 106.6 5.46077
      vertex 6 106.507 5.41243
      vertex 6 106.6 5.46077
    endloop
  endfacet
  facet normal 0 -0.461203 0.887295
    outer loop
      vertex 6 106.507 5.41243
      vertex -6 106.6 5.46077
      vertex -6 106.507 5.41243
    endloop
  endfacet
  facet normal 0 -0.303029 0.952981
    outer loop
      vertex -6 106.41 5.37237
      vertex 6 106.311 5.34089
      vertex 6 106.41 5.37237
    endloop
  endfacet
  facet normal 0 -0.303029 0.952981
    outer loop
      vertex 6 106.311 5.34089
      vertex -6 106.41 5.37237
      vertex -6 106.311 5.34089
    endloop
  endfacet
  facet normal 0 -0.740721 0.671812
    outer loop
      vertex -6 106.849 5.65147
      vertex 6 106.919 5.72865
      vertex -6 106.919 5.72865
    endloop
  endfacet
  facet normal 0 -0.740721 0.671812
    outer loop
      vertex 6 106.919 5.72865
      vertex -6 106.849 5.65147
      vertex 6 106.849 5.65147
    endloop
  endfacet
  facet normal 0 -0.609013 0.79316
    outer loop
      vertex -6 106.771 5.58075
      vertex 6 106.688 5.51702
      vertex 6 106.771 5.58075
    endloop
  endfacet
  facet normal 0 -0.609013 0.79316
    outer loop
      vertex 6 106.688 5.51702
      vertex -6 106.771 5.58075
      vertex -6 106.688 5.51702
    endloop
  endfacet
  facet normal 0 -0.9756 0.219558
    outer loop
      vertex -6 107.159 6.18942
      vertex 6 107.182 6.29162
      vertex -6 107.182 6.29162
    endloop
  endfacet
  facet normal 0 -0.9756 0.219558
    outer loop
      vertex 6 107.182 6.29162
      vertex -6 107.159 6.18942
      vertex 6 107.159 6.18942
    endloop
  endfacet
  facet normal 0 -0.84446 0.535619
    outer loop
      vertex -6 106.983 5.81171
      vertex 6 107.039 5.9
      vertex -6 107.039 5.9
    endloop
  endfacet
  facet normal 0 -0.84446 0.535619
    outer loop
      vertex 6 107.039 5.9
      vertex -6 106.983 5.81171
      vertex 6 106.983 5.81171
    endloop
  endfacet
  facet normal 0 -0.214862 -0.976644
    outer loop
      vertex -6 106.208 7.68177
      vertex 6 106.311 7.65911
      vertex 6 106.208 7.68177
    endloop
  endfacet
  facet normal -0 -0.214862 -0.976644
    outer loop
      vertex 6 106.311 7.65911
      vertex -6 106.208 7.68177
      vertex -6 106.311 7.65911
    endloop
  endfacet
  facet normal 0 -0.955023 -0.296532
    outer loop
      vertex -6 107.159 6.81058
      vertex 6 107.128 6.91042
      vertex -6 107.128 6.91042
    endloop
  endfacet
  facet normal 0 -0.955023 -0.296532
    outer loop
      vertex 6 107.128 6.91042
      vertex -6 107.159 6.81058
      vertex 6 107.159 6.81058
    endloop
  endfacet
  facet normal 0 -0.924091 -0.382172
    outer loop
      vertex -6 107.128 6.91042
      vertex 6 107.088 7.00714
      vertex -6 107.088 7.00714
    endloop
  endfacet
  facet normal 0 -0.924091 -0.382172
    outer loop
      vertex 6 107.088 7.00714
      vertex -6 107.128 6.91042
      vertex 6 107.128 6.91042
    endloop
  endfacet
  facet normal 0 0.9756 0.219558
    outer loop
      vertex 6 104.841 6.18942
      vertex -6 104.818 6.29162
      vertex 6 104.818 6.29162
    endloop
  endfacet
  facet normal 0 0.9756 0.219558
    outer loop
      vertex -6 104.818 6.29162
      vertex 6 104.841 6.18942
      vertex -6 104.841 6.18942
    endloop
  endfacet
  facet normal 0 0.884422 0.466688
    outer loop
      vertex 6 104.961 5.9
      vertex -6 104.912 5.99286
      vertex 6 104.912 5.99286
    endloop
  endfacet
  facet normal 0 0.884422 0.466688
    outer loop
      vertex -6 104.912 5.99286
      vertex 6 104.961 5.9
      vertex -6 104.961 5.9
    endloop
  endfacet
  facet normal 0 0.955023 0.296532
    outer loop
      vertex 6 104.872 6.08958
      vertex -6 104.841 6.18942
      vertex 6 104.841 6.18942
    endloop
  endfacet
  facet normal 0 0.955023 0.296532
    outer loop
      vertex -6 104.841 6.18942
      vertex 6 104.872 6.08958
      vertex -6 104.872 6.08958
    endloop
  endfacet
  facet normal -0 0.671689 0.740833
    outer loop
      vertex -6 105.229 5.58075
      vertex 6 105.151 5.65147
      vertex 6 105.229 5.58075
    endloop
  endfacet
  facet normal 0 0.671689 0.740833
    outer loop
      vertex 6 105.151 5.65147
      vertex -6 105.229 5.58075
      vertex -6 105.151 5.65147
    endloop
  endfacet
  facet normal 0 0.792127 0.610356
    outer loop
      vertex 6 105.081 5.72865
      vertex -6 105.017 5.81171
      vertex 6 105.017 5.81171
    endloop
  endfacet
  facet normal 0 0.792127 0.610356
    outer loop
      vertex -6 105.017 5.81171
      vertex 6 105.081 5.72865
      vertex -6 105.081 5.72865
    endloop
  endfacet
  facet normal -0 0.538578 0.842576
    outer loop
      vertex -6 105.4 5.46077
      vertex 6 105.312 5.51702
      vertex 6 105.4 5.46077
    endloop
  endfacet
  facet normal 0 0.538578 0.842576
    outer loop
      vertex 6 105.312 5.51702
      vertex -6 105.4 5.46077
      vertex -6 105.312 5.51702
    endloop
  endfacet
  facet normal -0 0.0434826 0.999054
    outer loop
      vertex -6 106 5.3
      vertex 6 105.895 5.30457
      vertex 6 106 5.3
    endloop
  endfacet
  facet normal 0 0.0434826 0.999054
    outer loop
      vertex 6 105.895 5.30457
      vertex -6 106 5.3
      vertex -6 105.895 5.30457
    endloop
  endfacet
  facet normal 0 0.9756 -0.219558
    outer loop
      vertex 6 104.818 6.70838
      vertex -6 104.841 6.81058
      vertex 6 104.841 6.81058
    endloop
  endfacet
  facet normal 0 0.9756 -0.219558
    outer loop
      vertex -6 104.841 6.81058
      vertex 6 104.818 6.70838
      vertex -6 104.818 6.70838
    endloop
  endfacet
  facet normal 0 0.998859 0.0477512
    outer loop
      vertex 6 104.805 6.39541
      vertex -6 104.8 6.5
      vertex 6 104.8 6.5
    endloop
  endfacet
  facet normal 0 0.998859 0.0477512
    outer loop
      vertex -6 104.8 6.5
      vertex 6 104.805 6.39541
      vertex -6 104.805 6.39541
    endloop
  endfacet
  facet normal 0 0.303029 -0.952981
    outer loop
      vertex -6 105.59 7.62763
      vertex 6 105.689 7.65911
      vertex 6 105.59 7.62763
    endloop
  endfacet
  facet normal 0 0.303029 -0.952981
    outer loop
      vertex 6 105.689 7.65911
      vertex -6 105.59 7.62763
      vertex -6 105.689 7.65911
    endloop
  endfacet
  facet normal 0 0.381718 -0.924279
    outer loop
      vertex -6 105.493 7.58757
      vertex 6 105.59 7.62763
      vertex 6 105.493 7.58757
    endloop
  endfacet
  facet normal 0 0.381718 -0.924279
    outer loop
      vertex 6 105.59 7.62763
      vertex -6 105.493 7.58757
      vertex -6 105.59 7.62763
    endloop
  endfacet
  facet normal 0 -0.381718 0.924279
    outer loop
      vertex -6 106.507 5.41243
      vertex 6 106.41 5.37237
      vertex 6 106.507 5.41243
    endloop
  endfacet
  facet normal 0 -0.381718 0.924279
    outer loop
      vertex 6 106.41 5.37237
      vertex -6 106.507 5.41243
      vertex -6 106.41 5.37237
    endloop
  endfacet
  facet normal 0 0.924091 0.382172
    outer loop
      vertex 6 104.912 5.99286
      vertex -6 104.872 6.08958
      vertex 6 104.872 6.08958
    endloop
  endfacet
  facet normal 0 0.924091 0.382172
    outer loop
      vertex -6 104.872 6.08958
      vertex 6 104.912 5.99286
      vertex -6 104.912 5.99286
    endloop
  endfacet
  facet normal -0 0.214862 0.976644
    outer loop
      vertex -6 105.792 5.31823
      vertex 6 105.689 5.34089
      vertex 6 105.792 5.31823
    endloop
  endfacet
  facet normal 0 0.214862 0.976644
    outer loop
      vertex 6 105.689 5.34089
      vertex -6 105.792 5.31823
      vertex -6 105.689 5.34089
    endloop
  endfacet
  facet normal -0 0.13147 0.99132
    outer loop
      vertex -6 105.895 5.30457
      vertex 6 105.792 5.31823
      vertex 6 105.895 5.30457
    endloop
  endfacet
  facet normal 0 0.13147 0.99132
    outer loop
      vertex 6 105.792 5.31823
      vertex -6 105.895 5.30457
      vertex -6 105.792 5.31823
    endloop
  endfacet
  facet normal 0 -0.793483 0.608593
    outer loop
      vertex -6 38.9193 -0.771345
      vertex 6 38.983 -0.688293
      vertex -6 38.983 -0.688293
    endloop
  endfacet
  facet normal 0 -0.793483 0.608593
    outer loop
      vertex 6 38.983 -0.688293
      vertex -6 38.9193 -0.771345
      vertex 6 38.9193 -0.771345
    endloop
  endfacet
  facet normal 0 -0.886771 -0.462208
    outer loop
      vertex -6 39.0876 0.507141
      vertex 6 39.0392 0.599999
      vertex -6 39.0392 0.599999
    endloop
  endfacet
  facet normal 0 -0.886771 -0.462208
    outer loop
      vertex 6 39.0392 0.599999
      vertex -6 39.0876 0.507141
      vertex 6 39.0876 0.507141
    endloop
  endfacet
  facet normal 0 -0.382729 -0.923861
    outer loop
      vertex -6 38.4104 1.12763
      vertex 6 38.5071 1.08757
      vertex 6 38.4104 1.12763
    endloop
  endfacet
  facet normal -0 -0.382729 -0.923861
    outer loop
      vertex 6 38.5071 1.08757
      vertex -6 38.4104 1.12763
      vertex -6 38.5071 1.08757
    endloop
  endfacet
  facet normal -0 0.382729 0.923861
    outer loop
      vertex -6 37.5896 -1.12763
      vertex 6 37.4929 -1.08757
      vertex 6 37.5896 -1.12763
    endloop
  endfacet
  facet normal 0 0.382729 0.923861
    outer loop
      vertex 6 37.4929 -1.08757
      vertex -6 37.5896 -1.12763
      vertex -6 37.4929 -1.08757
    endloop
  endfacet
  facet normal 0 0.461593 -0.887092
    outer loop
      vertex -6 37.4 1.03923
      vertex 6 37.4929 1.08757
      vertex 6 37.4 1.03923
    endloop
  endfacet
  facet normal 0 0.461593 -0.887092
    outer loop
      vertex 6 37.4929 1.08757
      vertex -6 37.4 1.03923
      vertex -6 37.4929 1.08757
    endloop
  endfacet
  facet normal 0 0.924089 -0.382179
    outer loop
      vertex 6 36.8724 0.410423
      vertex -6 36.9124 0.507141
      vertex 6 36.9124 0.507141
    endloop
  endfacet
  facet normal 0 0.924089 -0.382179
    outer loop
      vertex -6 36.9124 0.507141
      vertex 6 36.8724 0.410423
      vertex -6 36.8724 0.410423
    endloop
  endfacet
  facet normal 0 -0.537257 0.843419
    outer loop
      vertex -6 38.6883 -0.982983
      vertex 6 38.6 -1.03923
      vertex 6 38.6883 -0.982983
    endloop
  endfacet
  facet normal 0 -0.537257 0.843419
    outer loop
      vertex 6 38.6 -1.03923
      vertex -6 38.6883 -0.982983
      vertex -6 38.6 -1.03923
    endloop
  endfacet
  facet normal 0 -0.999034 0.0439396
    outer loop
      vertex -6 39.1954 -0.104588
      vertex 6 39.2 0
      vertex -6 39.2 0
    endloop
  endfacet
  facet normal 0 -0.999034 0.0439396
    outer loop
      vertex 6 39.2 0
      vertex -6 39.1954 -0.104588
      vertex 6 39.1954 -0.104588
    endloop
  endfacet
  facet normal 0 -0.0436486 -0.999047
    outer loop
      vertex -6 38 1.2
      vertex 6 38.1046 1.19543
      vertex 6 38 1.2
    endloop
  endfacet
  facet normal -0 -0.0436486 -0.999047
    outer loop
      vertex 6 38.1046 1.19543
      vertex -6 38 1.2
      vertex -6 38.1046 1.19543
    endloop
  endfacet
  facet normal 0 -0.609013 -0.79316
    outer loop
      vertex -6 38.6883 0.982982
      vertex 6 38.7713 0.919252
      vertex 6 38.6883 0.982982
    endloop
  endfacet
  facet normal -0 -0.609013 -0.79316
    outer loop
      vertex 6 38.7713 0.919252
      vertex -6 38.6883 0.982982
      vertex -6 38.7713 0.919252
    endloop
  endfacet
  facet normal 0 -0.976212 -0.216819
    outer loop
      vertex -6 39.1818 0.208377
      vertex 6 39.1591 0.310582
      vertex -6 39.1591 0.310582
    endloop
  endfacet
  facet normal 0 -0.976212 -0.216819
    outer loop
      vertex 6 39.1591 0.310582
      vertex -6 39.1818 0.208377
      vertex 6 39.1818 0.208377
    endloop
  endfacet
  facet normal -0 0.0436486 0.999047
    outer loop
      vertex -6 38 -1.2
      vertex 6 37.8954 -1.19543
      vertex 6 38 -1.2
    endloop
  endfacet
  facet normal 0 0.0436486 0.999047
    outer loop
      vertex 6 37.8954 -1.19543
      vertex -6 38 -1.2
      vertex -6 37.8954 -1.19543
    endloop
  endfacet
  facet normal -0 0.609013 0.79316
    outer loop
      vertex -6 37.3117 -0.982983
      vertex 6 37.2287 -0.919253
      vertex 6 37.3117 -0.982983
    endloop
  endfacet
  facet normal 0 0.609013 0.79316
    outer loop
      vertex 6 37.2287 -0.919253
      vertex -6 37.3117 -0.982983
      vertex -6 37.2287 -0.919253
    endloop
  endfacet
  facet normal 0 0.999034 -0.04394
    outer loop
      vertex 6 36.8 0
      vertex -6 36.8046 0.104587
      vertex 6 36.8046 0.104587
    endloop
  endfacet
  facet normal 0 0.999034 -0.04394
    outer loop
      vertex -6 36.8046 0.104587
      vertex 6 36.8 0
      vertex -6 36.8 0
    endloop
  endfacet
  facet normal 0 0.793483 -0.608593
    outer loop
      vertex 6 37.017 0.688292
      vertex -6 37.0807 0.771344
      vertex 6 37.0807 0.771344
    endloop
  endfacet
  facet normal 0 0.793483 -0.608593
    outer loop
      vertex -6 37.0807 0.771344
      vertex 6 37.017 0.688292
      vertex -6 37.017 0.688292
    endloop
  endfacet
  facet normal 0 0.216465 -0.97629
    outer loop
      vertex -6 37.6894 1.15911
      vertex 6 37.7916 1.18177
      vertex 6 37.6894 1.15911
    endloop
  endfacet
  facet normal 0 0.216465 -0.97629
    outer loop
      vertex 6 37.7916 1.18177
      vertex -6 37.6894 1.15911
      vertex -6 37.7916 1.18177
    endloop
  endfacet
  facet normal 0 -0.130474 0.991452
    outer loop
      vertex -6 38.2084 -1.18177
      vertex 6 38.1046 -1.19543
      vertex 6 38.2084 -1.18177
    endloop
  endfacet
  facet normal 0 -0.130474 0.991452
    outer loop
      vertex 6 38.1046 -1.19543
      vertex -6 38.2084 -1.18177
      vertex -6 38.1046 -1.19543
    endloop
  endfacet
  facet normal 0 -0.675503 0.737357
    outer loop
      vertex -6 38.8485 -0.848529
      vertex 6 38.7713 -0.919253
      vertex 6 38.8485 -0.848529
    endloop
  endfacet
  facet normal 0 -0.675503 0.737357
    outer loop
      vertex 6 38.7713 -0.919253
      vertex -6 38.8485 -0.848529
      vertex -6 38.7713 -0.919253
    endloop
  endfacet
  facet normal 0 -0.999034 -0.04394
    outer loop
      vertex -6 39.2 0
      vertex 6 39.1954 0.104587
      vertex -6 39.1954 0.104587
    endloop
  endfacet
  facet normal 0 -0.999034 -0.04394
    outer loop
      vertex 6 39.1954 0.104587
      vertex -6 39.2 0
      vertex 6 39.2 0
    endloop
  endfacet
  facet normal 0 -0.886771 0.462208
    outer loop
      vertex -6 39.0392 -0.6
      vertex 6 39.0876 -0.507142
      vertex -6 39.0876 -0.507142
    endloop
  endfacet
  facet normal 0 -0.886771 0.462208
    outer loop
      vertex 6 39.0876 -0.507142
      vertex -6 39.0392 -0.6
      vertex 6 39.0392 -0.6
    endloop
  endfacet
  facet normal 0 -0.953661 0.300882
    outer loop
      vertex -6 39.1276 -0.410424
      vertex 6 39.1591 -0.310583
      vertex -6 39.1591 -0.310583
    endloop
  endfacet
  facet normal 0 -0.953661 0.300882
    outer loop
      vertex 6 39.1591 -0.310583
      vertex -6 39.1276 -0.410424
      vertex 6 39.1276 -0.410424
    endloop
  endfacet
  facet normal 0 0.0436486 -0.999047
    outer loop
      vertex -6 37.8954 1.19543
      vertex 6 38 1.2
      vertex 6 37.8954 1.19543
    endloop
  endfacet
  facet normal 0 0.0436486 -0.999047
    outer loop
      vertex 6 38 1.2
      vertex -6 37.8954 1.19543
      vertex -6 38 1.2
    endloop
  endfacet
  facet normal 0 -0.30082 -0.953681
    outer loop
      vertex -6 38.3106 1.15911
      vertex 6 38.4104 1.12763
      vertex 6 38.3106 1.15911
    endloop
  endfacet
  facet normal -0 -0.30082 -0.953681
    outer loop
      vertex 6 38.4104 1.12763
      vertex -6 38.3106 1.15911
      vertex -6 38.4104 1.12763
    endloop
  endfacet
  facet normal 0 -0.130474 -0.991452
    outer loop
      vertex -6 38.1046 1.19543
      vertex 6 38.2084 1.18177
      vertex 6 38.1046 1.19543
    endloop
  endfacet
  facet normal -0 -0.130474 -0.991452
    outer loop
      vertex 6 38.2084 1.18177
      vertex -6 38.1046 1.19543
      vertex -6 38.2084 1.18177
    endloop
  endfacet
  facet normal 0 -0.461593 -0.887092
    outer loop
      vertex -6 38.5071 1.08757
      vertex 6 38.6 1.03923
      vertex 6 38.5071 1.08757
    endloop
  endfacet
  facet normal -0 -0.461593 -0.887092
    outer loop
      vertex 6 38.6 1.03923
      vertex -6 38.5071 1.08757
      vertex -6 38.6 1.03923
    endloop
  endfacet
  facet normal 0 -0.537264 -0.843414
    outer loop
      vertex -6 38.6 1.03923
      vertex 6 38.6883 0.982982
      vertex 6 38.6 1.03923
    endloop
  endfacet
  facet normal -0 -0.537264 -0.843414
    outer loop
      vertex 6 38.6883 0.982982
      vertex -6 38.6 1.03923
      vertex -6 38.6883 0.982982
    endloop
  endfacet
  facet normal 0 -0.991524 -0.129923
    outer loop
      vertex -6 39.1954 0.104587
      vertex 6 39.1818 0.208377
      vertex -6 39.1818 0.208377
    endloop
  endfacet
  facet normal 0 -0.991524 -0.129923
    outer loop
      vertex 6 39.1818 0.208377
      vertex -6 39.1954 0.104587
      vertex 6 39.1954 0.104587
    endloop
  endfacet
  facet normal 0 -0.793483 -0.608593
    outer loop
      vertex -6 38.983 0.688292
      vertex 6 38.9193 0.771344
      vertex -6 38.9193 0.771344
    endloop
  endfacet
  facet normal 0 -0.793483 -0.608593
    outer loop
      vertex 6 38.9193 0.771344
      vertex -6 38.983 0.688292
      vertex 6 38.983 0.688292
    endloop
  endfacet
  facet normal 0 -0.736926 -0.675974
    outer loop
      vertex -6 38.9193 0.771344
      vertex 6 38.8485 0.848528
      vertex -6 38.8485 0.848528
    endloop
  endfacet
  facet normal 0 -0.736926 -0.675974
    outer loop
      vertex 6 38.8485 0.848528
      vertex -6 38.9193 0.771344
      vertex 6 38.9193 0.771344
    endloop
  endfacet
  facet normal 0 -0.843603 -0.536968
    outer loop
      vertex -6 39.0392 0.599999
      vertex 6 38.983 0.688292
      vertex -6 38.983 0.688292
    endloop
  endfacet
  facet normal 0 -0.843603 -0.536968
    outer loop
      vertex 6 38.983 0.688292
      vertex -6 39.0392 0.599999
      vertex 6 39.0392 0.599999
    endloop
  endfacet
  facet normal 0 -0.675503 -0.737357
    outer loop
      vertex -6 38.7713 0.919252
      vertex 6 38.8485 0.848528
      vertex 6 38.7713 0.919252
    endloop
  endfacet
  facet normal -0 -0.675503 -0.737357
    outer loop
      vertex 6 38.8485 0.848528
      vertex -6 38.7713 0.919252
      vertex -6 38.8485 0.848528
    endloop
  endfacet
  facet normal 0 -0.0436486 0.999047
    outer loop
      vertex -6 38.1046 -1.19543
      vertex 6 38 -1.2
      vertex 6 38.1046 -1.19543
    endloop
  endfacet
  facet normal 0 -0.0436486 0.999047
    outer loop
      vertex 6 38 -1.2
      vertex -6 38.1046 -1.19543
      vertex -6 38 -1.2
    endloop
  endfacet
  facet normal 0 0.991524 0.129923
    outer loop
      vertex 6 36.8182 -0.208378
      vertex -6 36.8046 -0.104588
      vertex 6 36.8046 -0.104588
    endloop
  endfacet
  facet normal 0 0.991524 0.129923
    outer loop
      vertex -6 36.8046 -0.104588
      vertex 6 36.8182 -0.208378
      vertex -6 36.8182 -0.208378
    endloop
  endfacet
  facet normal 0 0.736926 0.675974
    outer loop
      vertex 6 37.1515 -0.848529
      vertex -6 37.0807 -0.771345
      vertex 6 37.0807 -0.771345
    endloop
  endfacet
  facet normal 0 0.736926 0.675974
    outer loop
      vertex -6 37.0807 -0.771345
      vertex 6 37.1515 -0.848529
      vertex -6 37.1515 -0.848529
    endloop
  endfacet
  facet normal 0 0.843603 0.536968
    outer loop
      vertex 6 37.017 -0.688293
      vertex -6 36.9608 -0.6
      vertex 6 36.9608 -0.6
    endloop
  endfacet
  facet normal 0 0.843603 0.536968
    outer loop
      vertex -6 36.9608 -0.6
      vertex 6 37.017 -0.688293
      vertex -6 37.017 -0.688293
    endloop
  endfacet
  facet normal -0 0.461593 0.887092
    outer loop
      vertex -6 37.4929 -1.08757
      vertex 6 37.4 -1.03923
      vertex 6 37.4929 -1.08757
    endloop
  endfacet
  facet normal 0 0.461593 0.887092
    outer loop
      vertex 6 37.4 -1.03923
      vertex -6 37.4929 -1.08757
      vertex -6 37.4 -1.03923
    endloop
  endfacet
  facet normal 0 0.953661 -0.300882
    outer loop
      vertex 6 36.8409 0.310582
      vertex -6 36.8724 0.410423
      vertex 6 36.8724 0.410423
    endloop
  endfacet
  facet normal 0 0.953661 -0.300882
    outer loop
      vertex -6 36.8724 0.410423
      vertex 6 36.8409 0.310582
      vertex -6 36.8409 0.310582
    endloop
  endfacet
  facet normal 0 0.991524 -0.129923
    outer loop
      vertex 6 36.8046 0.104587
      vertex -6 36.8182 0.208377
      vertex 6 36.8182 0.208377
    endloop
  endfacet
  facet normal 0 0.991524 -0.129923
    outer loop
      vertex -6 36.8182 0.208377
      vertex 6 36.8046 0.104587
      vertex -6 36.8046 0.104587
    endloop
  endfacet
  facet normal 0 0.886771 -0.462208
    outer loop
      vertex 6 36.9124 0.507141
      vertex -6 36.9608 0.599999
      vertex 6 36.9608 0.599999
    endloop
  endfacet
  facet normal 0 0.886771 -0.462208
    outer loop
      vertex -6 36.9608 0.599999
      vertex 6 36.9124 0.507141
      vertex -6 36.9124 0.507141
    endloop
  endfacet
  facet normal 0 0.843603 -0.536968
    outer loop
      vertex 6 36.9608 0.599999
      vertex -6 37.017 0.688292
      vertex 6 37.017 0.688292
    endloop
  endfacet
  facet normal 0 0.843603 -0.536968
    outer loop
      vertex -6 37.017 0.688292
      vertex 6 36.9608 0.599999
      vertex -6 36.9608 0.599999
    endloop
  endfacet
  facet normal 0 0.130474 -0.991452
    outer loop
      vertex -6 37.7916 1.18177
      vertex 6 37.8954 1.19543
      vertex 6 37.7916 1.18177
    endloop
  endfacet
  facet normal 0 0.130474 -0.991452
    outer loop
      vertex 6 37.8954 1.19543
      vertex -6 37.7916 1.18177
      vertex -6 37.8954 1.19543
    endloop
  endfacet
  facet normal 0 0.609013 -0.79316
    outer loop
      vertex -6 37.2287 0.919252
      vertex 6 37.3117 0.982982
      vertex 6 37.2287 0.919252
    endloop
  endfacet
  facet normal 0 0.609013 -0.79316
    outer loop
      vertex 6 37.3117 0.982982
      vertex -6 37.2287 0.919252
      vertex -6 37.3117 0.982982
    endloop
  endfacet
  facet normal 0 0.675503 -0.737357
    outer loop
      vertex -6 37.1515 0.848528
      vertex 6 37.2287 0.919252
      vertex 6 37.1515 0.848528
    endloop
  endfacet
  facet normal 0 0.675503 -0.737357
    outer loop
      vertex 6 37.2287 0.919252
      vertex -6 37.1515 0.848528
      vertex -6 37.2287 0.919252
    endloop
  endfacet
  facet normal 0 0.537264 -0.843414
    outer loop
      vertex -6 37.3117 0.982982
      vertex 6 37.4 1.03923
      vertex 6 37.3117 0.982982
    endloop
  endfacet
  facet normal 0 0.537264 -0.843414
    outer loop
      vertex 6 37.4 1.03923
      vertex -6 37.3117 0.982982
      vertex -6 37.4 1.03923
    endloop
  endfacet
  facet normal 0 0.736926 -0.675974
    outer loop
      vertex 6 37.0807 0.771344
      vertex -6 37.1515 0.848528
      vertex 6 37.1515 0.848528
    endloop
  endfacet
  facet normal 0 0.736926 -0.675974
    outer loop
      vertex -6 37.1515 0.848528
      vertex 6 37.0807 0.771344
      vertex -6 37.0807 0.771344
    endloop
  endfacet
  facet normal 0 -0.216465 0.97629
    outer loop
      vertex -6 38.3106 -1.15911
      vertex 6 38.2084 -1.18177
      vertex 6 38.3106 -1.15911
    endloop
  endfacet
  facet normal 0 -0.216465 0.97629
    outer loop
      vertex 6 38.2084 -1.18177
      vertex -6 38.3106 -1.15911
      vertex -6 38.2084 -1.18177
    endloop
  endfacet
  facet normal 0 -0.461593 0.887092
    outer loop
      vertex -6 38.6 -1.03923
      vertex 6 38.5071 -1.08757
      vertex 6 38.6 -1.03923
    endloop
  endfacet
  facet normal 0 -0.461593 0.887092
    outer loop
      vertex 6 38.5071 -1.08757
      vertex -6 38.6 -1.03923
      vertex -6 38.5071 -1.08757
    endloop
  endfacet
  facet normal 0 -0.30082 0.953681
    outer loop
      vertex -6 38.4104 -1.12763
      vertex 6 38.3106 -1.15911
      vertex 6 38.4104 -1.12763
    endloop
  endfacet
  facet normal 0 -0.30082 0.953681
    outer loop
      vertex 6 38.3106 -1.15911
      vertex -6 38.4104 -1.12763
      vertex -6 38.3106 -1.15911
    endloop
  endfacet
  facet normal 0 -0.609013 0.79316
    outer loop
      vertex -6 38.7713 -0.919253
      vertex 6 38.6883 -0.982983
      vertex 6 38.7713 -0.919253
    endloop
  endfacet
  facet normal 0 -0.609013 0.79316
    outer loop
      vertex 6 38.6883 -0.982983
      vertex -6 38.7713 -0.919253
      vertex -6 38.6883 -0.982983
    endloop
  endfacet
  facet normal 0 -0.736926 0.675974
    outer loop
      vertex -6 38.8485 -0.848529
      vertex 6 38.9193 -0.771345
      vertex -6 38.9193 -0.771345
    endloop
  endfacet
  facet normal 0 -0.736926 0.675974
    outer loop
      vertex 6 38.9193 -0.771345
      vertex -6 38.8485 -0.848529
      vertex 6 38.8485 -0.848529
    endloop
  endfacet
  facet normal 0 -0.843603 0.536968
    outer loop
      vertex -6 38.983 -0.688293
      vertex 6 39.0392 -0.6
      vertex -6 39.0392 -0.6
    endloop
  endfacet
  facet normal 0 -0.843603 0.536968
    outer loop
      vertex 6 39.0392 -0.6
      vertex -6 38.983 -0.688293
      vertex 6 38.983 -0.688293
    endloop
  endfacet
  facet normal 0 -0.924089 0.382179
    outer loop
      vertex -6 39.0876 -0.507142
      vertex 6 39.1276 -0.410424
      vertex -6 39.1276 -0.410424
    endloop
  endfacet
  facet normal 0 -0.924089 0.382179
    outer loop
      vertex 6 39.1276 -0.410424
      vertex -6 39.0876 -0.507142
      vertex 6 39.0876 -0.507142
    endloop
  endfacet
  facet normal 0 -0.976212 0.216819
    outer loop
      vertex -6 39.1591 -0.310583
      vertex 6 39.1818 -0.208378
      vertex -6 39.1818 -0.208378
    endloop
  endfacet
  facet normal 0 -0.976212 0.216819
    outer loop
      vertex 6 39.1818 -0.208378
      vertex -6 39.1591 -0.310583
      vertex 6 39.1591 -0.310583
    endloop
  endfacet
  facet normal 0 -0.216465 -0.97629
    outer loop
      vertex -6 38.2084 1.18177
      vertex 6 38.3106 1.15911
      vertex 6 38.2084 1.18177
    endloop
  endfacet
  facet normal -0 -0.216465 -0.97629
    outer loop
      vertex 6 38.3106 1.15911
      vertex -6 38.2084 1.18177
      vertex -6 38.3106 1.15911
    endloop
  endfacet
  facet normal 0 -0.953661 -0.300882
    outer loop
      vertex -6 39.1591 0.310582
      vertex 6 39.1276 0.410423
      vertex -6 39.1276 0.410423
    endloop
  endfacet
  facet normal 0 -0.953661 -0.300882
    outer loop
      vertex 6 39.1276 0.410423
      vertex -6 39.1591 0.310582
      vertex 6 39.1591 0.310582
    endloop
  endfacet
  facet normal 0 -0.924089 -0.382179
    outer loop
      vertex -6 39.1276 0.410423
      vertex 6 39.0876 0.507141
      vertex -6 39.0876 0.507141
    endloop
  endfacet
  facet normal 0 -0.924089 -0.382179
    outer loop
      vertex 6 39.0876 0.507141
      vertex -6 39.1276 0.410423
      vertex 6 39.1276 0.410423
    endloop
  endfacet
  facet normal -0 0.30082 0.953681
    outer loop
      vertex -6 37.6894 -1.15911
      vertex 6 37.5896 -1.12763
      vertex 6 37.6894 -1.15911
    endloop
  endfacet
  facet normal 0 0.30082 0.953681
    outer loop
      vertex 6 37.5896 -1.12763
      vertex -6 37.6894 -1.15911
      vertex -6 37.5896 -1.12763
    endloop
  endfacet
  facet normal 0 0.976212 0.216819
    outer loop
      vertex 6 36.8409 -0.310583
      vertex -6 36.8182 -0.208378
      vertex 6 36.8182 -0.208378
    endloop
  endfacet
  facet normal 0 0.976212 0.216819
    outer loop
      vertex -6 36.8182 -0.208378
      vertex 6 36.8409 -0.310583
      vertex -6 36.8409 -0.310583
    endloop
  endfacet
  facet normal 0 0.886771 0.462208
    outer loop
      vertex 6 36.9608 -0.6
      vertex -6 36.9124 -0.507142
      vertex 6 36.9124 -0.507142
    endloop
  endfacet
  facet normal 0 0.886771 0.462208
    outer loop
      vertex -6 36.9124 -0.507142
      vertex 6 36.9608 -0.6
      vertex -6 36.9608 -0.6
    endloop
  endfacet
  facet normal 0 0.953661 0.300882
    outer loop
      vertex 6 36.8724 -0.410424
      vertex -6 36.8409 -0.310583
      vertex 6 36.8409 -0.310583
    endloop
  endfacet
  facet normal 0 0.953661 0.300882
    outer loop
      vertex -6 36.8409 -0.310583
      vertex 6 36.8724 -0.410424
      vertex -6 36.8724 -0.410424
    endloop
  endfacet
  facet normal -0 0.675503 0.737357
    outer loop
      vertex -6 37.2287 -0.919253
      vertex 6 37.1515 -0.848529
      vertex 6 37.2287 -0.919253
    endloop
  endfacet
  facet normal 0 0.675503 0.737357
    outer loop
      vertex 6 37.1515 -0.848529
      vertex -6 37.2287 -0.919253
      vertex -6 37.1515 -0.848529
    endloop
  endfacet
  facet normal 0 0.793483 0.608593
    outer loop
      vertex 6 37.0807 -0.771345
      vertex -6 37.017 -0.688293
      vertex 6 37.017 -0.688293
    endloop
  endfacet
  facet normal 0 0.793483 0.608593
    outer loop
      vertex -6 37.017 -0.688293
      vertex 6 37.0807 -0.771345
      vertex -6 37.0807 -0.771345
    endloop
  endfacet
  facet normal -0 0.537257 0.843419
    outer loop
      vertex -6 37.4 -1.03923
      vertex 6 37.3117 -0.982983
      vertex 6 37.4 -1.03923
    endloop
  endfacet
  facet normal 0 0.537257 0.843419
    outer loop
      vertex 6 37.3117 -0.982983
      vertex -6 37.4 -1.03923
      vertex -6 37.3117 -0.982983
    endloop
  endfacet
  facet normal 0 0.999034 0.0439396
    outer loop
      vertex 6 36.8046 -0.104588
      vertex -6 36.8 0
      vertex 6 36.8 0
    endloop
  endfacet
  facet normal 0 0.999034 0.0439396
    outer loop
      vertex -6 36.8 0
      vertex 6 36.8046 -0.104588
      vertex -6 36.8046 -0.104588
    endloop
  endfacet
  facet normal 0 0.976212 -0.216819
    outer loop
      vertex 6 36.8182 0.208377
      vertex -6 36.8409 0.310582
      vertex 6 36.8409 0.310582
    endloop
  endfacet
  facet normal 0 0.976212 -0.216819
    outer loop
      vertex -6 36.8409 0.310582
      vertex 6 36.8182 0.208377
      vertex -6 36.8182 0.208377
    endloop
  endfacet
  facet normal 0 0.30082 -0.953681
    outer loop
      vertex -6 37.5896 1.12763
      vertex 6 37.6894 1.15911
      vertex 6 37.5896 1.12763
    endloop
  endfacet
  facet normal 0 0.30082 -0.953681
    outer loop
      vertex 6 37.6894 1.15911
      vertex -6 37.5896 1.12763
      vertex -6 37.6894 1.15911
    endloop
  endfacet
  facet normal 0 0.382729 -0.923861
    outer loop
      vertex -6 37.4929 1.08757
      vertex 6 37.5896 1.12763
      vertex 6 37.4929 1.08757
    endloop
  endfacet
  facet normal 0 0.382729 -0.923861
    outer loop
      vertex 6 37.5896 1.12763
      vertex -6 37.4929 1.08757
      vertex -6 37.5896 1.12763
    endloop
  endfacet
  facet normal 0 -0.382729 0.923861
    outer loop
      vertex -6 38.5071 -1.08757
      vertex 6 38.4104 -1.12763
      vertex 6 38.5071 -1.08757
    endloop
  endfacet
  facet normal 0 -0.382729 0.923861
    outer loop
      vertex 6 38.4104 -1.12763
      vertex -6 38.5071 -1.08757
      vertex -6 38.4104 -1.12763
    endloop
  endfacet
  facet normal 0 -0.991524 0.129923
    outer loop
      vertex -6 39.1818 -0.208378
      vertex 6 39.1954 -0.104588
      vertex -6 39.1954 -0.104588
    endloop
  endfacet
  facet normal 0 -0.991524 0.129923
    outer loop
      vertex 6 39.1954 -0.104588
      vertex -6 39.1818 -0.208378
      vertex 6 39.1818 -0.208378
    endloop
  endfacet
  facet normal -0 0.216465 0.97629
    outer loop
      vertex -6 37.7916 -1.18177
      vertex 6 37.6894 -1.15911
      vertex 6 37.7916 -1.18177
    endloop
  endfacet
  facet normal 0 0.216465 0.97629
    outer loop
      vertex 6 37.6894 -1.15911
      vertex -6 37.7916 -1.18177
      vertex -6 37.6894 -1.15911
    endloop
  endfacet
  facet normal 0 0.924089 0.382179
    outer loop
      vertex 6 36.9124 -0.507142
      vertex -6 36.8724 -0.410424
      vertex 6 36.8724 -0.410424
    endloop
  endfacet
  facet normal 0 0.924089 0.382179
    outer loop
      vertex -6 36.8724 -0.410424
      vertex 6 36.9124 -0.507142
      vertex -6 36.9124 -0.507142
    endloop
  endfacet
  facet normal -0 0.130474 0.991452
    outer loop
      vertex -6 37.8954 -1.19543
      vertex 6 37.7916 -1.18177
      vertex 6 37.8954 -1.19543
    endloop
  endfacet
  facet normal 0 0.130474 0.991452
    outer loop
      vertex 6 37.7916 -1.18177
      vertex -6 37.8954 -1.19543
      vertex -6 37.7916 -1.18177
    endloop
  endfacet
  facet normal 0 -0.0436486 0.999047
    outer loop
      vertex -6 66.1046 -1.19543
      vertex 6 66 -1.2
      vertex 6 66.1046 -1.19543
    endloop
  endfacet
  facet normal 0 -0.0436486 0.999047
    outer loop
      vertex 6 66 -1.2
      vertex -6 66.1046 -1.19543
      vertex -6 66 -1.2
    endloop
  endfacet
  facet normal 0 0.0436486 -0.999047
    outer loop
      vertex -6 65.8954 1.19543
      vertex 6 66 1.2
      vertex 6 65.8954 1.19543
    endloop
  endfacet
  facet normal 0 0.0436486 -0.999047
    outer loop
      vertex 6 66 1.2
      vertex -6 65.8954 1.19543
      vertex -6 66 1.2
    endloop
  endfacet
  facet normal 0 -0.999034 -0.04394
    outer loop
      vertex -6 67.2 0
      vertex 6 67.1954 0.104587
      vertex -6 67.1954 0.104587
    endloop
  endfacet
  facet normal 0 -0.999034 -0.04394
    outer loop
      vertex 6 67.1954 0.104587
      vertex -6 67.2 0
      vertex 6 67.2 0
    endloop
  endfacet
  facet normal 0 0.736926 -0.675974
    outer loop
      vertex 6 65.0807 0.771344
      vertex -6 65.1515 0.848528
      vertex 6 65.1515 0.848528
    endloop
  endfacet
  facet normal 0 0.736926 -0.675974
    outer loop
      vertex -6 65.1515 0.848528
      vertex 6 65.0807 0.771344
      vertex -6 65.0807 0.771344
    endloop
  endfacet
  facet normal 0 -0.675503 -0.737357
    outer loop
      vertex -6 66.7713 0.919252
      vertex 6 66.8485 0.848528
      vertex 6 66.7713 0.919252
    endloop
  endfacet
  facet normal -0 -0.675503 -0.737357
    outer loop
      vertex 6 66.8485 0.848528
      vertex -6 66.7713 0.919252
      vertex -6 66.8485 0.848528
    endloop
  endfacet
  facet normal 0 -0.886771 -0.462208
    outer loop
      vertex -6 67.0876 0.507141
      vertex 6 67.0392 0.599999
      vertex -6 67.0392 0.599999
    endloop
  endfacet
  facet normal 0 -0.886771 -0.462208
    outer loop
      vertex 6 67.0392 0.599999
      vertex -6 67.0876 0.507141
      vertex 6 67.0876 0.507141
    endloop
  endfacet
  facet normal 0 0.461593 -0.887092
    outer loop
      vertex -6 65.4 1.03923
      vertex 6 65.4929 1.08757
      vertex 6 65.4 1.03923
    endloop
  endfacet
  facet normal 0 0.461593 -0.887092
    outer loop
      vertex 6 65.4929 1.08757
      vertex -6 65.4 1.03923
      vertex -6 65.4929 1.08757
    endloop
  endfacet
  facet normal 0 -0.924089 0.382179
    outer loop
      vertex -6 67.0876 -0.507142
      vertex 6 67.1276 -0.410424
      vertex -6 67.1276 -0.410424
    endloop
  endfacet
  facet normal 0 -0.924089 0.382179
    outer loop
      vertex 6 67.1276 -0.410424
      vertex -6 67.0876 -0.507142
      vertex 6 67.0876 -0.507142
    endloop
  endfacet
  facet normal 0 -0.382729 -0.923861
    outer loop
      vertex -6 66.4104 1.12763
      vertex 6 66.5071 1.08757
      vertex 6 66.4104 1.12763
    endloop
  endfacet
  facet normal -0 -0.382729 -0.923861
    outer loop
      vertex 6 66.5071 1.08757
      vertex -6 66.4104 1.12763
      vertex -6 66.5071 1.08757
    endloop
  endfacet
  facet normal 0 -0.976212 -0.216819
    outer loop
      vertex -6 67.1818 0.208377
      vertex 6 67.1591 0.310582
      vertex -6 67.1591 0.310582
    endloop
  endfacet
  facet normal 0 -0.976212 -0.216819
    outer loop
      vertex 6 67.1591 0.310582
      vertex -6 67.1818 0.208377
      vertex 6 67.1818 0.208377
    endloop
  endfacet
  facet normal -0 0.30082 0.953681
    outer loop
      vertex -6 65.6894 -1.15911
      vertex 6 65.5896 -1.12763
      vertex 6 65.6894 -1.15911
    endloop
  endfacet
  facet normal 0 0.30082 0.953681
    outer loop
      vertex 6 65.5896 -1.12763
      vertex -6 65.6894 -1.15911
      vertex -6 65.5896 -1.12763
    endloop
  endfacet
  facet normal 0 0.924089 -0.382179
    outer loop
      vertex 6 64.8724 0.410423
      vertex -6 64.9124 0.507141
      vertex 6 64.9124 0.507141
    endloop
  endfacet
  facet normal 0 0.924089 -0.382179
    outer loop
      vertex -6 64.9124 0.507141
      vertex 6 64.8724 0.410423
      vertex -6 64.8724 0.410423
    endloop
  endfacet
  facet normal 0 0.216465 -0.97629
    outer loop
      vertex -6 65.6894 1.15911
      vertex 6 65.7916 1.18177
      vertex 6 65.6894 1.15911
    endloop
  endfacet
  facet normal 0 0.216465 -0.97629
    outer loop
      vertex 6 65.7916 1.18177
      vertex -6 65.6894 1.15911
      vertex -6 65.7916 1.18177
    endloop
  endfacet
  facet normal 0 -0.130474 0.991452
    outer loop
      vertex -6 66.2084 -1.18177
      vertex 6 66.1046 -1.19543
      vertex 6 66.2084 -1.18177
    endloop
  endfacet
  facet normal 0 -0.130474 0.991452
    outer loop
      vertex 6 66.1046 -1.19543
      vertex -6 66.2084 -1.18177
      vertex -6 66.1046 -1.19543
    endloop
  endfacet
  facet normal 0 -0.675503 0.737357
    outer loop
      vertex -6 66.8485 -0.848529
      vertex 6 66.7713 -0.919253
      vertex 6 66.8485 -0.848529
    endloop
  endfacet
  facet normal 0 -0.675503 0.737357
    outer loop
      vertex 6 66.7713 -0.919253
      vertex -6 66.8485 -0.848529
      vertex -6 66.7713 -0.919253
    endloop
  endfacet
  facet normal 0 -0.537257 0.843419
    outer loop
      vertex -6 66.6883 -0.982983
      vertex 6 66.6 -1.03923
      vertex 6 66.6883 -0.982983
    endloop
  endfacet
  facet normal 0 -0.537257 0.843419
    outer loop
      vertex 6 66.6 -1.03923
      vertex -6 66.6883 -0.982983
      vertex -6 66.6 -1.03923
    endloop
  endfacet
  facet normal 0 -0.953661 0.300882
    outer loop
      vertex -6 67.1276 -0.410424
      vertex 6 67.1591 -0.310583
      vertex -6 67.1591 -0.310583
    endloop
  endfacet
  facet normal 0 -0.953661 0.300882
    outer loop
      vertex 6 67.1591 -0.310583
      vertex -6 67.1276 -0.410424
      vertex 6 67.1276 -0.410424
    endloop
  endfacet
  facet normal 0 -0.999034 0.0439396
    outer loop
      vertex -6 67.1954 -0.104588
      vertex 6 67.2 0
      vertex -6 67.2 0
    endloop
  endfacet
  facet normal 0 -0.999034 0.0439396
    outer loop
      vertex 6 67.2 0
      vertex -6 67.1954 -0.104588
      vertex 6 67.1954 -0.104588
    endloop
  endfacet
  facet normal 0 -0.886771 0.462208
    outer loop
      vertex -6 67.0392 -0.6
      vertex 6 67.0876 -0.507142
      vertex -6 67.0876 -0.507142
    endloop
  endfacet
  facet normal 0 -0.886771 0.462208
    outer loop
      vertex 6 67.0876 -0.507142
      vertex -6 67.0392 -0.6
      vertex 6 67.0392 -0.6
    endloop
  endfacet
  facet normal 0 -0.793483 0.608593
    outer loop
      vertex -6 66.9193 -0.771345
      vertex 6 66.983 -0.688293
      vertex -6 66.983 -0.688293
    endloop
  endfacet
  facet normal 0 -0.793483 0.608593
    outer loop
      vertex 6 66.983 -0.688293
      vertex -6 66.9193 -0.771345
      vertex 6 66.9193 -0.771345
    endloop
  endfacet
  facet normal 0 -0.130474 -0.991452
    outer loop
      vertex -6 66.1046 1.19543
      vertex 6 66.2084 1.18177
      vertex 6 66.1046 1.19543
    endloop
  endfacet
  facet normal -0 -0.130474 -0.991452
    outer loop
      vertex 6 66.2084 1.18177
      vertex -6 66.1046 1.19543
      vertex -6 66.2084 1.18177
    endloop
  endfacet
  facet normal 0 -0.537264 -0.843414
    outer loop
      vertex -6 66.6 1.03923
      vertex 6 66.6883 0.982982
      vertex 6 66.6 1.03923
    endloop
  endfacet
  facet normal -0 -0.537264 -0.843414
    outer loop
      vertex 6 66.6883 0.982982
      vertex -6 66.6 1.03923
      vertex -6 66.6883 0.982982
    endloop
  endfacet
  facet normal 0 -0.609013 -0.79316
    outer loop
      vertex -6 66.6883 0.982982
      vertex 6 66.7713 0.919252
      vertex 6 66.6883 0.982982
    endloop
  endfacet
  facet normal -0 -0.609013 -0.79316
    outer loop
      vertex 6 66.7713 0.919252
      vertex -6 66.6883 0.982982
      vertex -6 66.7713 0.919252
    endloop
  endfacet
  facet normal 0 -0.461593 -0.887092
    outer loop
      vertex -6 66.5071 1.08757
      vertex 6 66.6 1.03923
      vertex 6 66.5071 1.08757
    endloop
  endfacet
  facet normal -0 -0.461593 -0.887092
    outer loop
      vertex 6 66.6 1.03923
      vertex -6 66.5071 1.08757
      vertex -6 66.6 1.03923
    endloop
  endfacet
  facet normal 0 -0.30082 -0.953681
    outer loop
      vertex -6 66.3106 1.15911
      vertex 6 66.4104 1.12763
      vertex 6 66.3106 1.15911
    endloop
  endfacet
  facet normal -0 -0.30082 -0.953681
    outer loop
      vertex 6 66.4104 1.12763
      vertex -6 66.3106 1.15911
      vertex -6 66.4104 1.12763
    endloop
  endfacet
  facet normal 0 -0.0436486 -0.999047
    outer loop
      vertex -6 66 1.2
      vertex 6 66.1046 1.19543
      vertex 6 66 1.2
    endloop
  endfacet
  facet normal -0 -0.0436486 -0.999047
    outer loop
      vertex 6 66.1046 1.19543
      vertex -6 66 1.2
      vertex -6 66.1046 1.19543
    endloop
  endfacet
  facet normal 0 -0.793483 -0.608593
    outer loop
      vertex -6 66.983 0.688292
      vertex 6 66.9193 0.771344
      vertex -6 66.9193 0.771344
    endloop
  endfacet
  facet normal 0 -0.793483 -0.608593
    outer loop
      vertex 6 66.9193 0.771344
      vertex -6 66.983 0.688292
      vertex 6 66.983 0.688292
    endloop
  endfacet
  facet normal 0 -0.843603 -0.536968
    outer loop
      vertex -6 67.0392 0.599999
      vertex 6 66.983 0.688292
      vertex -6 66.983 0.688292
    endloop
  endfacet
  facet normal 0 -0.843603 -0.536968
    outer loop
      vertex 6 66.983 0.688292
      vertex -6 67.0392 0.599999
      vertex 6 67.0392 0.599999
    endloop
  endfacet
  facet normal 0 -0.736926 -0.675974
    outer loop
      vertex -6 66.9193 0.771344
      vertex 6 66.8485 0.848528
      vertex -6 66.8485 0.848528
    endloop
  endfacet
  facet normal 0 -0.736926 -0.675974
    outer loop
      vertex 6 66.8485 0.848528
      vertex -6 66.9193 0.771344
      vertex 6 66.9193 0.771344
    endloop
  endfacet
  facet normal 0 -0.991524 -0.129923
    outer loop
      vertex -6 67.1954 0.104587
      vertex 6 67.1818 0.208377
      vertex -6 67.1818 0.208377
    endloop
  endfacet
  facet normal 0 -0.991524 -0.129923
    outer loop
      vertex 6 67.1818 0.208377
      vertex -6 67.1954 0.104587
      vertex 6 67.1954 0.104587
    endloop
  endfacet
  facet normal 0 0.991524 0.129923
    outer loop
      vertex 6 64.8182 -0.208378
      vertex -6 64.8046 -0.104588
      vertex 6 64.8046 -0.104588
    endloop
  endfacet
  facet normal 0 0.991524 0.129923
    outer loop
      vertex -6 64.8046 -0.104588
      vertex 6 64.8182 -0.208378
      vertex -6 64.8182 -0.208378
    endloop
  endfacet
  facet normal 0 0.736926 0.675974
    outer loop
      vertex 6 65.1515 -0.848529
      vertex -6 65.0807 -0.771345
      vertex 6 65.0807 -0.771345
    endloop
  endfacet
  facet normal 0 0.736926 0.675974
    outer loop
      vertex -6 65.0807 -0.771345
      vertex 6 65.1515 -0.848529
      vertex -6 65.1515 -0.848529
    endloop
  endfacet
  facet normal 0 0.843603 0.536968
    outer loop
      vertex 6 65.017 -0.688293
      vertex -6 64.9608 -0.6
      vertex 6 64.9608 -0.6
    endloop
  endfacet
  facet normal 0 0.843603 0.536968
    outer loop
      vertex -6 64.9608 -0.6
      vertex 6 65.017 -0.688293
      vertex -6 65.017 -0.688293
    endloop
  endfacet
  facet normal -0 0.609013 0.79316
    outer loop
      vertex -6 65.3117 -0.982983
      vertex 6 65.2287 -0.919253
      vertex 6 65.3117 -0.982983
    endloop
  endfacet
  facet normal 0 0.609013 0.79316
    outer loop
      vertex 6 65.2287 -0.919253
      vertex -6 65.3117 -0.982983
      vertex -6 65.2287 -0.919253
    endloop
  endfacet
  facet normal -0 0.461593 0.887092
    outer loop
      vertex -6 65.4929 -1.08757
      vertex 6 65.4 -1.03923
      vertex 6 65.4929 -1.08757
    endloop
  endfacet
  facet normal 0 0.461593 0.887092
    outer loop
      vertex 6 65.4 -1.03923
      vertex -6 65.4929 -1.08757
      vertex -6 65.4 -1.03923
    endloop
  endfacet
  facet normal 0 0.991524 -0.129923
    outer loop
      vertex 6 64.8046 0.104587
      vertex -6 64.8182 0.208377
      vertex 6 64.8182 0.208377
    endloop
  endfacet
  facet normal 0 0.991524 -0.129923
    outer loop
      vertex -6 64.8182 0.208377
      vertex 6 64.8046 0.104587
      vertex -6 64.8046 0.104587
    endloop
  endfacet
  facet normal 0 0.843603 -0.536968
    outer loop
      vertex 6 64.9608 0.599999
      vertex -6 65.017 0.688292
      vertex 6 65.017 0.688292
    endloop
  endfacet
  facet normal 0 0.843603 -0.536968
    outer loop
      vertex -6 65.017 0.688292
      vertex 6 64.9608 0.599999
      vertex -6 64.9608 0.599999
    endloop
  endfacet
  facet normal 0 0.793483 -0.608593
    outer loop
      vertex 6 65.017 0.688292
      vertex -6 65.0807 0.771344
      vertex 6 65.0807 0.771344
    endloop
  endfacet
  facet normal 0 0.793483 -0.608593
    outer loop
      vertex -6 65.0807 0.771344
      vertex 6 65.017 0.688292
      vertex -6 65.017 0.688292
    endloop
  endfacet
  facet normal 0 0.886771 -0.462208
    outer loop
      vertex 6 64.9124 0.507141
      vertex -6 64.9608 0.599999
      vertex 6 64.9608 0.599999
    endloop
  endfacet
  facet normal 0 0.886771 -0.462208
    outer loop
      vertex -6 64.9608 0.599999
      vertex 6 64.9124 0.507141
      vertex -6 64.9124 0.507141
    endloop
  endfacet
  facet normal 0 0.953661 -0.300882
    outer loop
      vertex 6 64.8409 0.310582
      vertex -6 64.8724 0.410423
      vertex 6 64.8724 0.410423
    endloop
  endfacet
  facet normal 0 0.953661 -0.300882
    outer loop
      vertex -6 64.8724 0.410423
      vertex 6 64.8409 0.310582
      vertex -6 64.8409 0.310582
    endloop
  endfacet
  facet normal 0 0.999034 -0.04394
    outer loop
      vertex 6 64.8 0
      vertex -6 64.8046 0.104587
      vertex 6 64.8046 0.104587
    endloop
  endfacet
  facet normal 0 0.999034 -0.04394
    outer loop
      vertex -6 64.8046 0.104587
      vertex 6 64.8 0
      vertex -6 64.8 0
    endloop
  endfacet
  facet normal 0 0.609013 -0.79316
    outer loop
      vertex -6 65.2287 0.919252
      vertex 6 65.3117 0.982982
      vertex 6 65.2287 0.919252
    endloop
  endfacet
  facet normal 0 0.609013 -0.79316
    outer loop
      vertex 6 65.3117 0.982982
      vertex -6 65.2287 0.919252
      vertex -6 65.3117 0.982982
    endloop
  endfacet
  facet normal 0 0.537264 -0.843414
    outer loop
      vertex -6 65.3117 0.982982
      vertex 6 65.4 1.03923
      vertex 6 65.3117 0.982982
    endloop
  endfacet
  facet normal 0 0.537264 -0.843414
    outer loop
      vertex 6 65.4 1.03923
      vertex -6 65.3117 0.982982
      vertex -6 65.4 1.03923
    endloop
  endfacet
  facet normal 0 0.675503 -0.737357
    outer loop
      vertex -6 65.1515 0.848528
      vertex 6 65.2287 0.919252
      vertex 6 65.1515 0.848528
    endloop
  endfacet
  facet normal 0 0.675503 -0.737357
    outer loop
      vertex 6 65.2287 0.919252
      vertex -6 65.1515 0.848528
      vertex -6 65.2287 0.919252
    endloop
  endfacet
  facet normal 0 0.130474 -0.991452
    outer loop
      vertex -6 65.7916 1.18177
      vertex 6 65.8954 1.19543
      vertex 6 65.7916 1.18177
    endloop
  endfacet
  facet normal 0 0.130474 -0.991452
    outer loop
      vertex 6 65.8954 1.19543
      vertex -6 65.7916 1.18177
      vertex -6 65.8954 1.19543
    endloop
  endfacet
  facet normal 0 -0.216465 0.97629
    outer loop
      vertex -6 66.3106 -1.15911
      vertex 6 66.2084 -1.18177
      vertex 6 66.3106 -1.15911
    endloop
  endfacet
  facet normal 0 -0.216465 0.97629
    outer loop
      vertex 6 66.2084 -1.18177
      vertex -6 66.3106 -1.15911
      vertex -6 66.2084 -1.18177
    endloop
  endfacet
  facet normal 0 -0.461593 0.887092
    outer loop
      vertex -6 66.6 -1.03923
      vertex 6 66.5071 -1.08757
      vertex 6 66.6 -1.03923
    endloop
  endfacet
  facet normal 0 -0.461593 0.887092
    outer loop
      vertex 6 66.5071 -1.08757
      vertex -6 66.6 -1.03923
      vertex -6 66.5071 -1.08757
    endloop
  endfacet
  facet normal 0 -0.30082 0.953681
    outer loop
      vertex -6 66.4104 -1.12763
      vertex 6 66.3106 -1.15911
      vertex 6 66.4104 -1.12763
    endloop
  endfacet
  facet normal 0 -0.30082 0.953681
    outer loop
      vertex 6 66.3106 -1.15911
      vertex -6 66.4104 -1.12763
      vertex -6 66.3106 -1.15911
    endloop
  endfacet
  facet normal 0 -0.736926 0.675974
    outer loop
      vertex -6 66.8485 -0.848529
      vertex 6 66.9193 -0.771345
      vertex -6 66.9193 -0.771345
    endloop
  endfacet
  facet normal 0 -0.736926 0.675974
    outer loop
      vertex 6 66.9193 -0.771345
      vertex -6 66.8485 -0.848529
      vertex 6 66.8485 -0.848529
    endloop
  endfacet
  facet normal 0 -0.609013 0.79316
    outer loop
      vertex -6 66.7713 -0.919253
      vertex 6 66.6883 -0.982983
      vertex 6 66.7713 -0.919253
    endloop
  endfacet
  facet normal 0 -0.609013 0.79316
    outer loop
      vertex 6 66.6883 -0.982983
      vertex -6 66.7713 -0.919253
      vertex -6 66.6883 -0.982983
    endloop
  endfacet
  facet normal 0 -0.976212 0.216819
    outer loop
      vertex -6 67.1591 -0.310583
      vertex 6 67.1818 -0.208378
      vertex -6 67.1818 -0.208378
    endloop
  endfacet
  facet normal 0 -0.976212 0.216819
    outer loop
      vertex 6 67.1818 -0.208378
      vertex -6 67.1591 -0.310583
      vertex 6 67.1591 -0.310583
    endloop
  endfacet
  facet normal 0 -0.843603 0.536968
    outer loop
      vertex -6 66.983 -0.688293
      vertex 6 67.0392 -0.6
      vertex -6 67.0392 -0.6
    endloop
  endfacet
  facet normal 0 -0.843603 0.536968
    outer loop
      vertex 6 67.0392 -0.6
      vertex -6 66.983 -0.688293
      vertex 6 66.983 -0.688293
    endloop
  endfacet
  facet normal 0 -0.216465 -0.97629
    outer loop
      vertex -6 66.2084 1.18177
      vertex 6 66.3106 1.15911
      vertex 6 66.2084 1.18177
    endloop
  endfacet
  facet normal -0 -0.216465 -0.97629
    outer loop
      vertex 6 66.3106 1.15911
      vertex -6 66.2084 1.18177
      vertex -6 66.3106 1.15911
    endloop
  endfacet
  facet normal 0 -0.953661 -0.300882
    outer loop
      vertex -6 67.1591 0.310582
      vertex 6 67.1276 0.410423
      vertex -6 67.1276 0.410423
    endloop
  endfacet
  facet normal 0 -0.953661 -0.300882
    outer loop
      vertex 6 67.1276 0.410423
      vertex -6 67.1591 0.310582
      vertex 6 67.1591 0.310582
    endloop
  endfacet
  facet normal 0 -0.924089 -0.382179
    outer loop
      vertex -6 67.1276 0.410423
      vertex 6 67.0876 0.507141
      vertex -6 67.0876 0.507141
    endloop
  endfacet
  facet normal 0 -0.924089 -0.382179
    outer loop
      vertex 6 67.0876 0.507141
      vertex -6 67.1276 0.410423
      vertex 6 67.1276 0.410423
    endloop
  endfacet
  facet normal 0 0.976212 0.216819
    outer loop
      vertex 6 64.8409 -0.310583
      vertex -6 64.8182 -0.208378
      vertex 6 64.8182 -0.208378
    endloop
  endfacet
  facet normal 0 0.976212 0.216819
    outer loop
      vertex -6 64.8182 -0.208378
      vertex 6 64.8409 -0.310583
      vertex -6 64.8409 -0.310583
    endloop
  endfacet
  facet normal 0 0.886771 0.462208
    outer loop
      vertex 6 64.9608 -0.6
      vertex -6 64.9124 -0.507142
      vertex 6 64.9124 -0.507142
    endloop
  endfacet
  facet normal 0 0.886771 0.462208
    outer loop
      vertex -6 64.9124 -0.507142
      vertex 6 64.9608 -0.6
      vertex -6 64.9608 -0.6
    endloop
  endfacet
  facet normal 0 0.953661 0.300882
    outer loop
      vertex 6 64.8724 -0.410424
      vertex -6 64.8409 -0.310583
      vertex 6 64.8409 -0.310583
    endloop
  endfacet
  facet normal 0 0.953661 0.300882
    outer loop
      vertex -6 64.8409 -0.310583
      vertex 6 64.8724 -0.410424
      vertex -6 64.8724 -0.410424
    endloop
  endfacet
  facet normal -0 0.675503 0.737357
    outer loop
      vertex -6 65.2287 -0.919253
      vertex 6 65.1515 -0.848529
      vertex 6 65.2287 -0.919253
    endloop
  endfacet
  facet normal 0 0.675503 0.737357
    outer loop
      vertex 6 65.1515 -0.848529
      vertex -6 65.2287 -0.919253
      vertex -6 65.1515 -0.848529
    endloop
  endfacet
  facet normal 0 0.793483 0.608593
    outer loop
      vertex 6 65.0807 -0.771345
      vertex -6 65.017 -0.688293
      vertex 6 65.017 -0.688293
    endloop
  endfacet
  facet normal 0 0.793483 0.608593
    outer loop
      vertex -6 65.017 -0.688293
      vertex 6 65.0807 -0.771345
      vertex -6 65.0807 -0.771345
    endloop
  endfacet
  facet normal -0 0.537257 0.843419
    outer loop
      vertex -6 65.4 -1.03923
      vertex 6 65.3117 -0.982983
      vertex 6 65.4 -1.03923
    endloop
  endfacet
  facet normal 0 0.537257 0.843419
    outer loop
      vertex 6 65.3117 -0.982983
      vertex -6 65.4 -1.03923
      vertex -6 65.3117 -0.982983
    endloop
  endfacet
  facet normal -0 0.382729 0.923861
    outer loop
      vertex -6 65.5896 -1.12763
      vertex 6 65.4929 -1.08757
      vertex 6 65.5896 -1.12763
    endloop
  endfacet
  facet normal 0 0.382729 0.923861
    outer loop
      vertex 6 65.4929 -1.08757
      vertex -6 65.5896 -1.12763
      vertex -6 65.4929 -1.08757
    endloop
  endfacet
  facet normal -0 0.0436486 0.999047
    outer loop
      vertex -6 66 -1.2
      vertex 6 65.8954 -1.19543
      vertex 6 66 -1.2
    endloop
  endfacet
  facet normal 0 0.0436486 0.999047
    outer loop
      vertex 6 65.8954 -1.19543
      vertex -6 66 -1.2
      vertex -6 65.8954 -1.19543
    endloop
  endfacet
  facet normal 0 0.976212 -0.216819
    outer loop
      vertex 6 64.8182 0.208377
      vertex -6 64.8409 0.310582
      vertex 6 64.8409 0.310582
    endloop
  endfacet
  facet normal 0 0.976212 -0.216819
    outer loop
      vertex -6 64.8409 0.310582
      vertex 6 64.8182 0.208377
      vertex -6 64.8182 0.208377
    endloop
  endfacet
  facet normal 0 0.999034 0.0439396
    outer loop
      vertex 6 64.8046 -0.104588
      vertex -6 64.8 0
      vertex 6 64.8 0
    endloop
  endfacet
  facet normal 0 0.999034 0.0439396
    outer loop
      vertex -6 64.8 0
      vertex 6 64.8046 -0.104588
      vertex -6 64.8046 -0.104588
    endloop
  endfacet
  facet normal 0 0.30082 -0.953681
    outer loop
      vertex -6 65.5896 1.12763
      vertex 6 65.6894 1.15911
      vertex 6 65.5896 1.12763
    endloop
  endfacet
  facet normal 0 0.30082 -0.953681
    outer loop
      vertex 6 65.6894 1.15911
      vertex -6 65.5896 1.12763
      vertex -6 65.6894 1.15911
    endloop
  endfacet
  facet normal 0 0.382729 -0.923861
    outer loop
      vertex -6 65.4929 1.08757
      vertex 6 65.5896 1.12763
      vertex 6 65.4929 1.08757
    endloop
  endfacet
  facet normal 0 0.382729 -0.923861
    outer loop
      vertex 6 65.5896 1.12763
      vertex -6 65.4929 1.08757
      vertex -6 65.5896 1.12763
    endloop
  endfacet
  facet normal 0 -0.382729 0.923861
    outer loop
      vertex -6 66.5071 -1.08757
      vertex 6 66.4104 -1.12763
      vertex 6 66.5071 -1.08757
    endloop
  endfacet
  facet normal 0 -0.382729 0.923861
    outer loop
      vertex 6 66.4104 -1.12763
      vertex -6 66.5071 -1.08757
      vertex -6 66.4104 -1.12763
    endloop
  endfacet
  facet normal 0 -0.991524 0.129923
    outer loop
      vertex -6 67.1818 -0.208378
      vertex 6 67.1954 -0.104588
      vertex -6 67.1954 -0.104588
    endloop
  endfacet
  facet normal 0 -0.991524 0.129923
    outer loop
      vertex 6 67.1954 -0.104588
      vertex -6 67.1818 -0.208378
      vertex 6 67.1818 -0.208378
    endloop
  endfacet
  facet normal 0 0.924089 0.382179
    outer loop
      vertex 6 64.9124 -0.507142
      vertex -6 64.8724 -0.410424
      vertex 6 64.8724 -0.410424
    endloop
  endfacet
  facet normal 0 0.924089 0.382179
    outer loop
      vertex -6 64.8724 -0.410424
      vertex 6 64.9124 -0.507142
      vertex -6 64.9124 -0.507142
    endloop
  endfacet
  facet normal -0 0.216465 0.97629
    outer loop
      vertex -6 65.7916 -1.18177
      vertex 6 65.6894 -1.15911
      vertex 6 65.7916 -1.18177
    endloop
  endfacet
  facet normal 0 0.216465 0.97629
    outer loop
      vertex 6 65.6894 -1.15911
      vertex -6 65.7916 -1.18177
      vertex -6 65.6894 -1.15911
    endloop
  endfacet
  facet normal -0 0.130474 0.991452
    outer loop
      vertex -6 65.8954 -1.19543
      vertex 6 65.7916 -1.18177
      vertex 6 65.8954 -1.19543
    endloop
  endfacet
  facet normal 0 0.130474 0.991452
    outer loop
      vertex 6 65.7916 -1.18177
      vertex -6 65.8954 -1.19543
      vertex -6 65.7916 -1.18177
    endloop
  endfacet
endsolid OpenSCAD_Model
