solid OpenSCAD_Model
  facet normal 1 0 0
    outer loop
      vertex -14 1.59391 14.0606
      vertex -14 8 16
      vertex -14 1.6 14.2
    endloop
  endfacet
  facet normal 1 0 0
    outer loop
      vertex -14 8 16
      vertex -14 1.59391 14.3394
      vertex -14 1.6 14.2
    endloop
  endfacet
  facet normal 1 0 0
    outer loop
      vertex -14 8 16
      vertex -14 1.57569 14.4778
      vertex -14 1.59391 14.3394
    endloop
  endfacet
  facet normal 1 0 0
    outer loop
      vertex -14 8 16
      vertex -14 1.54548 14.6141
      vertex -14 1.57569 14.4778
    endloop
  endfacet
  facet normal 1 0 0
    outer loop
      vertex -14 8 16
      vertex -14 1.50351 14.7472
      vertex -14 1.54548 14.6141
    endloop
  endfacet
  facet normal 1 0 0
    outer loop
      vertex -14 8 16
      vertex -14 1.45009 14.8762
      vertex -14 1.50351 14.7472
    endloop
  endfacet
  facet normal 1 0 0
    outer loop
      vertex -14 8 16
      vertex -14 1.38564 15
      vertex -14 1.45009 14.8762
    endloop
  endfacet
  facet normal 1 0 0
    outer loop
      vertex -14 8 16
      vertex -14 1.31064 15.1177
      vertex -14 1.38564 15
    endloop
  endfacet
  facet normal 1 0 0
    outer loop
      vertex -14 8 16
      vertex -14 1.22567 15.2285
      vertex -14 1.31064 15.1177
    endloop
  endfacet
  facet normal 1 0 0
    outer loop
      vertex -14 8 16
      vertex -14 1.13137 15.3314
      vertex -14 1.22567 15.2285
    endloop
  endfacet
  facet normal 1 0 0
    outer loop
      vertex -14 8 16
      vertex -14 1.02846 15.4257
      vertex -14 1.13137 15.3314
    endloop
  endfacet
  facet normal 1 0 0
    outer loop
      vertex -14 8 16
      vertex -14 0.917722 15.5106
      vertex -14 1.02846 15.4257
    endloop
  endfacet
  facet normal 1 0 0
    outer loop
      vertex -14 8 16
      vertex -14 0.799999 15.5856
      vertex -14 0.917722 15.5106
    endloop
  endfacet
  facet normal 1 0 0
    outer loop
      vertex -14 8 16
      vertex -14 0.676188 15.6501
      vertex -14 0.799999 15.5856
    endloop
  endfacet
  facet normal 1 0 0
    outer loop
      vertex -14 8 16
      vertex -14 0.547232 15.7035
      vertex -14 0.676188 15.6501
    endloop
  endfacet
  facet normal 1 0 0
    outer loop
      vertex -14 8 16
      vertex -14 0.41411 15.7455
      vertex -14 0.547232 15.7035
    endloop
  endfacet
  facet normal 1 0 0
    outer loop
      vertex -14 8 16
      vertex -14 0.277837 15.7757
      vertex -14 0.41411 15.7455
    endloop
  endfacet
  facet normal 1 0 0
    outer loop
      vertex -14 8 16
      vertex -14 0.139449 15.7939
      vertex -14 0.277837 15.7757
    endloop
  endfacet
  facet normal 1 0 0
    outer loop
      vertex -14 8 16
      vertex -14 0 15.8
      vertex -14 0.139449 15.7939
    endloop
  endfacet
  facet normal 1 0 0
    outer loop
      vertex -14 -1.59391 14.3394
      vertex -14 -8 16
      vertex -14 -1.6 14.2
    endloop
  endfacet
  facet normal 1 0 0
    outer loop
      vertex -14 -1.57569 14.4778
      vertex -14 -8 16
      vertex -14 -1.59391 14.3394
    endloop
  endfacet
  facet normal 1 0 0
    outer loop
      vertex -14 -1.54548 14.6141
      vertex -14 -8 16
      vertex -14 -1.57569 14.4778
    endloop
  endfacet
  facet normal 1 0 0
    outer loop
      vertex -14 -1.50351 14.7472
      vertex -14 -8 16
      vertex -14 -1.54548 14.6141
    endloop
  endfacet
  facet normal 1 0 0
    outer loop
      vertex -14 -1.45009 14.8762
      vertex -14 -8 16
      vertex -14 -1.50351 14.7472
    endloop
  endfacet
  facet normal 1 0 0
    outer loop
      vertex -14 -1.38564 15
      vertex -14 -8 16
      vertex -14 -1.45009 14.8762
    endloop
  endfacet
  facet normal 1 0 0
    outer loop
      vertex -14 -1.31064 15.1177
      vertex -14 -8 16
      vertex -14 -1.38564 15
    endloop
  endfacet
  facet normal 1 0 0
    outer loop
      vertex -14 -1.22567 15.2285
      vertex -14 -8 16
      vertex -14 -1.31064 15.1177
    endloop
  endfacet
  facet normal 1 0 0
    outer loop
      vertex -14 -1.13137 15.3314
      vertex -14 -8 16
      vertex -14 -1.22567 15.2285
    endloop
  endfacet
  facet normal 1 0 0
    outer loop
      vertex -14 -1.02846 15.4257
      vertex -14 -8 16
      vertex -14 -1.13137 15.3314
    endloop
  endfacet
  facet normal 1 0 0
    outer loop
      vertex -14 -0.917722 15.5106
      vertex -14 -8 16
      vertex -14 -1.02846 15.4257
    endloop
  endfacet
  facet normal 1 0 0
    outer loop
      vertex -14 -0.799999 15.5856
      vertex -14 -8 16
      vertex -14 -0.917722 15.5106
    endloop
  endfacet
  facet normal 1 0 0
    outer loop
      vertex -14 -0.676188 15.6501
      vertex -14 -8 16
      vertex -14 -0.799999 15.5856
    endloop
  endfacet
  facet normal 1 0 0
    outer loop
      vertex -14 -0.547232 15.7035
      vertex -14 -8 16
      vertex -14 -0.676188 15.6501
    endloop
  endfacet
  facet normal 1 0 0
    outer loop
      vertex -14 -0.41411 15.7455
      vertex -14 -8 16
      vertex -14 -0.547232 15.7035
    endloop
  endfacet
  facet normal 1 0 0
    outer loop
      vertex -14 -0.277837 15.7757
      vertex -14 -8 16
      vertex -14 -0.41411 15.7455
    endloop
  endfacet
  facet normal 1 0 0
    outer loop
      vertex -14 -0.139449 15.7939
      vertex -14 -8 16
      vertex -14 -0.277837 15.7757
    endloop
  endfacet
  facet normal 1 0 0
    outer loop
      vertex -14 0 15.8
      vertex -14 -8 16
      vertex -14 -0.139449 15.7939
    endloop
  endfacet
  facet normal 1 -0 0
    outer loop
      vertex -14 -8 16
      vertex -14 0 15.8
      vertex -14 8 16
    endloop
  endfacet
  facet normal 1 0 0
    outer loop
      vertex -14 8 16
      vertex -14 1.59391 14.0606
      vertex -14 8 11
    endloop
  endfacet
  facet normal 1 -0 0
    outer loop
      vertex -14 1.57569 13.9222
      vertex -14 8 11
      vertex -14 1.59391 14.0606
    endloop
  endfacet
  facet normal 1 -0 0
    outer loop
      vertex -14 1.54548 13.7859
      vertex -14 8 11
      vertex -14 1.57569 13.9222
    endloop
  endfacet
  facet normal 1 -0 0
    outer loop
      vertex -14 1.50351 13.6528
      vertex -14 8 11
      vertex -14 1.54548 13.7859
    endloop
  endfacet
  facet normal 1 -0 0
    outer loop
      vertex -14 1.45009 13.5238
      vertex -14 8 11
      vertex -14 1.50351 13.6528
    endloop
  endfacet
  facet normal 1 -0 0
    outer loop
      vertex -14 1.38564 13.4
      vertex -14 8 11
      vertex -14 1.45009 13.5238
    endloop
  endfacet
  facet normal 1 -0 0
    outer loop
      vertex -14 1.31064 13.2823
      vertex -14 8 11
      vertex -14 1.38564 13.4
    endloop
  endfacet
  facet normal 1 -0 0
    outer loop
      vertex -14 1.22567 13.1715
      vertex -14 8 11
      vertex -14 1.31064 13.2823
    endloop
  endfacet
  facet normal 1 -0 0
    outer loop
      vertex -14 1.13137 13.0686
      vertex -14 8 11
      vertex -14 1.22567 13.1715
    endloop
  endfacet
  facet normal 1 -0 0
    outer loop
      vertex -14 1.02846 12.9743
      vertex -14 8 11
      vertex -14 1.13137 13.0686
    endloop
  endfacet
  facet normal 1 -0 0
    outer loop
      vertex -14 0.917722 12.8894
      vertex -14 8 11
      vertex -14 1.02846 12.9743
    endloop
  endfacet
  facet normal 1 -0 0
    outer loop
      vertex -14 0.799999 12.8144
      vertex -14 8 11
      vertex -14 0.917722 12.8894
    endloop
  endfacet
  facet normal 1 -0 0
    outer loop
      vertex -14 0.676188 12.7499
      vertex -14 8 11
      vertex -14 0.799999 12.8144
    endloop
  endfacet
  facet normal 1 -0 0
    outer loop
      vertex -14 0.547232 12.6965
      vertex -14 8 11
      vertex -14 0.676188 12.7499
    endloop
  endfacet
  facet normal 1 -0 0
    outer loop
      vertex -14 0.41411 12.6545
      vertex -14 8 11
      vertex -14 0.547232 12.6965
    endloop
  endfacet
  facet normal 1 -0 0
    outer loop
      vertex -14 0.277837 12.6243
      vertex -14 8 11
      vertex -14 0.41411 12.6545
    endloop
  endfacet
  facet normal 1 -0 0
    outer loop
      vertex -14 0.139449 12.6061
      vertex -14 8 11
      vertex -14 0.277837 12.6243
    endloop
  endfacet
  facet normal 1 -0 0
    outer loop
      vertex -14 0 12.6
      vertex -14 8 11
      vertex -14 0.139449 12.6061
    endloop
  endfacet
  facet normal 1 0 0
    outer loop
      vertex -14 -8 11
      vertex -14 0 12.6
      vertex -14 -0.139449 12.6061
    endloop
  endfacet
  facet normal 1 0 0
    outer loop
      vertex -14 -8 11
      vertex -14 -0.139449 12.6061
      vertex -14 -0.277837 12.6243
    endloop
  endfacet
  facet normal 1 0 0
    outer loop
      vertex -14 -8 16
      vertex -14 -1.59391 14.0606
      vertex -14 -1.6 14.2
    endloop
  endfacet
  facet normal 1 0 0
    outer loop
      vertex -14 -8 16
      vertex -14 -1.57569 13.9222
      vertex -14 -1.59391 14.0606
    endloop
  endfacet
  facet normal 1 0 0
    outer loop
      vertex -14 -8 11
      vertex -14 -1.57569 13.9222
      vertex -14 -8 16
    endloop
  endfacet
  facet normal 1 0 0
    outer loop
      vertex -14 -1.57569 13.9222
      vertex -14 -8 11
      vertex -14 -1.54548 13.7859
    endloop
  endfacet
  facet normal 1 0 0
    outer loop
      vertex -14 -1.54548 13.7859
      vertex -14 -8 11
      vertex -14 -1.50351 13.6528
    endloop
  endfacet
  facet normal 1 0 0
    outer loop
      vertex -14 -1.50351 13.6528
      vertex -14 -8 11
      vertex -14 -1.45009 13.5238
    endloop
  endfacet
  facet normal 1 0 0
    outer loop
      vertex -14 -1.45009 13.5238
      vertex -14 -8 11
      vertex -14 -1.38564 13.4
    endloop
  endfacet
  facet normal 1 0 0
    outer loop
      vertex -14 -1.38564 13.4
      vertex -14 -8 11
      vertex -14 -1.31064 13.2823
    endloop
  endfacet
  facet normal 1 0 0
    outer loop
      vertex -14 -1.31064 13.2823
      vertex -14 -8 11
      vertex -14 -1.22567 13.1715
    endloop
  endfacet
  facet normal 1 0 0
    outer loop
      vertex -14 -1.22567 13.1715
      vertex -14 -8 11
      vertex -14 -1.13137 13.0686
    endloop
  endfacet
  facet normal 1 0 0
    outer loop
      vertex -14 -1.13137 13.0686
      vertex -14 -8 11
      vertex -14 -1.02846 12.9743
    endloop
  endfacet
  facet normal 1 0 0
    outer loop
      vertex -14 -1.02846 12.9743
      vertex -14 -8 11
      vertex -14 -0.917722 12.8894
    endloop
  endfacet
  facet normal 1 0 0
    outer loop
      vertex -14 -0.917722 12.8894
      vertex -14 -8 11
      vertex -14 -0.799999 12.8144
    endloop
  endfacet
  facet normal 1 0 0
    outer loop
      vertex -14 0 12.6
      vertex -14 -8 11
      vertex -14 8 11
    endloop
  endfacet
  facet normal 1 0 0
    outer loop
      vertex -14 -0.41411 12.6545
      vertex -14 -8 11
      vertex -14 -0.277837 12.6243
    endloop
  endfacet
  facet normal 1 0 0
    outer loop
      vertex -14 -0.547232 12.6965
      vertex -14 -8 11
      vertex -14 -0.41411 12.6545
    endloop
  endfacet
  facet normal 1 0 0
    outer loop
      vertex -14 -0.676188 12.7499
      vertex -14 -8 11
      vertex -14 -0.547232 12.6965
    endloop
  endfacet
  facet normal 1 0 0
    outer loop
      vertex -14 -0.799999 12.8144
      vertex -14 -8 11
      vertex -14 -0.676188 12.7499
    endloop
  endfacet
  facet normal -0 0 1
    outer loop
      vertex -18 8 16
      vertex -14 -8 16
      vertex -14 8 16
    endloop
  endfacet
  facet normal 0 0 1
    outer loop
      vertex -14 -8 16
      vertex -18 8 16
      vertex -18 -8 16
    endloop
  endfacet
  facet normal -1 0 0
    outer loop
      vertex -18 1.59391 14.0606
      vertex -18 8 16
      vertex -18 8 11
    endloop
  endfacet
  facet normal -1 0 0
    outer loop
      vertex -18 8 16
      vertex -18 1.59391 14.0606
      vertex -18 1.6 14.2
    endloop
  endfacet
  facet normal -1 0 0
    outer loop
      vertex -18 8 11
      vertex -18 1.57569 13.9222
      vertex -18 1.59391 14.0606
    endloop
  endfacet
  facet normal -1 0 0
    outer loop
      vertex -18 8 11
      vertex -18 1.54548 13.7859
      vertex -18 1.57569 13.9222
    endloop
  endfacet
  facet normal -1 0 0
    outer loop
      vertex -18 8 11
      vertex -18 1.50351 13.6528
      vertex -18 1.54548 13.7859
    endloop
  endfacet
  facet normal -1 0 0
    outer loop
      vertex -18 8 11
      vertex -18 1.45009 13.5238
      vertex -18 1.50351 13.6528
    endloop
  endfacet
  facet normal -1 0 0
    outer loop
      vertex -18 8 11
      vertex -18 1.38564 13.4
      vertex -18 1.45009 13.5238
    endloop
  endfacet
  facet normal -1 0 0
    outer loop
      vertex -18 8 11
      vertex -18 1.31064 13.2823
      vertex -18 1.38564 13.4
    endloop
  endfacet
  facet normal -1 0 0
    outer loop
      vertex -18 8 11
      vertex -18 1.22567 13.1715
      vertex -18 1.31064 13.2823
    endloop
  endfacet
  facet normal -1 0 0
    outer loop
      vertex -18 8 11
      vertex -18 1.13137 13.0686
      vertex -18 1.22567 13.1715
    endloop
  endfacet
  facet normal -1 0 0
    outer loop
      vertex -18 8 11
      vertex -18 1.02846 12.9743
      vertex -18 1.13137 13.0686
    endloop
  endfacet
  facet normal -1 0 0
    outer loop
      vertex -18 8 11
      vertex -18 0.917722 12.8894
      vertex -18 1.02846 12.9743
    endloop
  endfacet
  facet normal -1 0 0
    outer loop
      vertex -18 8 11
      vertex -18 0.799999 12.8144
      vertex -18 0.917722 12.8894
    endloop
  endfacet
  facet normal -1 0 0
    outer loop
      vertex -18 8 11
      vertex -18 0.676188 12.7499
      vertex -18 0.799999 12.8144
    endloop
  endfacet
  facet normal -1 0 0
    outer loop
      vertex -18 8 11
      vertex -18 0.547232 12.6965
      vertex -18 0.676188 12.7499
    endloop
  endfacet
  facet normal -1 0 0
    outer loop
      vertex -18 8 11
      vertex -18 0.41411 12.6545
      vertex -18 0.547232 12.6965
    endloop
  endfacet
  facet normal -1 0 0
    outer loop
      vertex -18 8 11
      vertex -18 0.277837 12.6243
      vertex -18 0.41411 12.6545
    endloop
  endfacet
  facet normal -1 0 0
    outer loop
      vertex -18 8 11
      vertex -18 0.139449 12.6061
      vertex -18 0.277837 12.6243
    endloop
  endfacet
  facet normal -1 0 0
    outer loop
      vertex -18 8 11
      vertex -18 0 12.6
      vertex -18 0.139449 12.6061
    endloop
  endfacet
  facet normal -1 0 0
    outer loop
      vertex -18 -8 11
      vertex -18 0 12.6
      vertex -18 8 11
    endloop
  endfacet
  facet normal -1 -0 0
    outer loop
      vertex -18 0 12.6
      vertex -18 -8 11
      vertex -18 -0.139449 12.6061
    endloop
  endfacet
  facet normal -1 0 0
    outer loop
      vertex -18 -8 16
      vertex -18 -1.59391 14.0606
      vertex -18 -8 11
    endloop
  endfacet
  facet normal -1 -0 0
    outer loop
      vertex -18 -1.57569 13.9222
      vertex -18 -8 11
      vertex -18 -1.59391 14.0606
    endloop
  endfacet
  facet normal -1 -0 0
    outer loop
      vertex -18 -1.54548 13.7859
      vertex -18 -8 11
      vertex -18 -1.57569 13.9222
    endloop
  endfacet
  facet normal -1 -0 0
    outer loop
      vertex -18 -1.50351 13.6528
      vertex -18 -8 11
      vertex -18 -1.54548 13.7859
    endloop
  endfacet
  facet normal -1 -0 0
    outer loop
      vertex -18 -1.45009 13.5238
      vertex -18 -8 11
      vertex -18 -1.50351 13.6528
    endloop
  endfacet
  facet normal -1 -0 0
    outer loop
      vertex -18 -1.38564 13.4
      vertex -18 -8 11
      vertex -18 -1.45009 13.5238
    endloop
  endfacet
  facet normal -1 -0 0
    outer loop
      vertex -18 -1.31064 13.2823
      vertex -18 -8 11
      vertex -18 -1.38564 13.4
    endloop
  endfacet
  facet normal -1 -0 0
    outer loop
      vertex -18 -1.22567 13.1715
      vertex -18 -8 11
      vertex -18 -1.31064 13.2823
    endloop
  endfacet
  facet normal -1 -0 0
    outer loop
      vertex -18 -1.13137 13.0686
      vertex -18 -8 11
      vertex -18 -1.22567 13.1715
    endloop
  endfacet
  facet normal -1 -0 0
    outer loop
      vertex -18 -1.02846 12.9743
      vertex -18 -8 11
      vertex -18 -1.13137 13.0686
    endloop
  endfacet
  facet normal -1 -0 0
    outer loop
      vertex -18 -0.917722 12.8894
      vertex -18 -8 11
      vertex -18 -1.02846 12.9743
    endloop
  endfacet
  facet normal -1 -0 0
    outer loop
      vertex -18 -0.799999 12.8144
      vertex -18 -8 11
      vertex -18 -0.917722 12.8894
    endloop
  endfacet
  facet normal -1 -0 0
    outer loop
      vertex -18 -0.676188 12.7499
      vertex -18 -8 11
      vertex -18 -0.799999 12.8144
    endloop
  endfacet
  facet normal -1 -0 0
    outer loop
      vertex -18 -0.547232 12.6965
      vertex -18 -8 11
      vertex -18 -0.676188 12.7499
    endloop
  endfacet
  facet normal -1 -0 0
    outer loop
      vertex -18 -0.41411 12.6545
      vertex -18 -8 11
      vertex -18 -0.547232 12.6965
    endloop
  endfacet
  facet normal -1 -0 0
    outer loop
      vertex -18 -0.277837 12.6243
      vertex -18 -8 11
      vertex -18 -0.41411 12.6545
    endloop
  endfacet
  facet normal -1 -0 0
    outer loop
      vertex -18 -0.139449 12.6061
      vertex -18 -8 11
      vertex -18 -0.277837 12.6243
    endloop
  endfacet
  facet normal -1 0 0
    outer loop
      vertex -18 1.59391 14.3394
      vertex -18 8 16
      vertex -18 1.6 14.2
    endloop
  endfacet
  facet normal -1 0 0
    outer loop
      vertex -18 1.57569 14.4778
      vertex -18 8 16
      vertex -18 1.59391 14.3394
    endloop
  endfacet
  facet normal -1 0 0
    outer loop
      vertex -18 1.54548 14.6141
      vertex -18 8 16
      vertex -18 1.57569 14.4778
    endloop
  endfacet
  facet normal -1 0 0
    outer loop
      vertex -18 1.50351 14.7472
      vertex -18 8 16
      vertex -18 1.54548 14.6141
    endloop
  endfacet
  facet normal -1 0 0
    outer loop
      vertex -18 1.45009 14.8762
      vertex -18 8 16
      vertex -18 1.50351 14.7472
    endloop
  endfacet
  facet normal -1 0 0
    outer loop
      vertex -18 1.38564 15
      vertex -18 8 16
      vertex -18 1.45009 14.8762
    endloop
  endfacet
  facet normal -1 0 0
    outer loop
      vertex -18 1.31064 15.1177
      vertex -18 8 16
      vertex -18 1.38564 15
    endloop
  endfacet
  facet normal -1 0 0
    outer loop
      vertex -18 1.22567 15.2285
      vertex -18 8 16
      vertex -18 1.31064 15.1177
    endloop
  endfacet
  facet normal -1 0 0
    outer loop
      vertex -18 1.13137 15.3314
      vertex -18 8 16
      vertex -18 1.22567 15.2285
    endloop
  endfacet
  facet normal -1 0 0
    outer loop
      vertex -18 1.02846 15.4257
      vertex -18 8 16
      vertex -18 1.13137 15.3314
    endloop
  endfacet
  facet normal -1 0 0
    outer loop
      vertex -18 0.917722 15.5106
      vertex -18 8 16
      vertex -18 1.02846 15.4257
    endloop
  endfacet
  facet normal -1 0 0
    outer loop
      vertex -18 0.799999 15.5856
      vertex -18 8 16
      vertex -18 0.917722 15.5106
    endloop
  endfacet
  facet normal -1 0 0
    outer loop
      vertex -18 0.676188 15.6501
      vertex -18 8 16
      vertex -18 0.799999 15.5856
    endloop
  endfacet
  facet normal -1 0 0
    outer loop
      vertex -18 0.547232 15.7035
      vertex -18 8 16
      vertex -18 0.676188 15.6501
    endloop
  endfacet
  facet normal -1 0 0
    outer loop
      vertex -18 0.41411 15.7455
      vertex -18 8 16
      vertex -18 0.547232 15.7035
    endloop
  endfacet
  facet normal -1 0 0
    outer loop
      vertex -18 0.277837 15.7757
      vertex -18 8 16
      vertex -18 0.41411 15.7455
    endloop
  endfacet
  facet normal -1 0 0
    outer loop
      vertex -18 0.139449 15.7939
      vertex -18 8 16
      vertex -18 0.277837 15.7757
    endloop
  endfacet
  facet normal -1 0 0
    outer loop
      vertex -18 0 15.8
      vertex -18 8 16
      vertex -18 0.139449 15.7939
    endloop
  endfacet
  facet normal -1 0 0
    outer loop
      vertex -18 -1.59391 14.0606
      vertex -18 -8 16
      vertex -18 -1.6 14.2
    endloop
  endfacet
  facet normal -1 0 0
    outer loop
      vertex -18 -1.6 14.2
      vertex -18 -8 16
      vertex -18 -1.59391 14.3394
    endloop
  endfacet
  facet normal -1 0 0
    outer loop
      vertex -18 -1.59391 14.3394
      vertex -18 -8 16
      vertex -18 -1.57569 14.4778
    endloop
  endfacet
  facet normal -1 0 0
    outer loop
      vertex -18 -1.57569 14.4778
      vertex -18 -8 16
      vertex -18 -1.54548 14.6141
    endloop
  endfacet
  facet normal -1 0 0
    outer loop
      vertex -18 -1.54548 14.6141
      vertex -18 -8 16
      vertex -18 -1.50351 14.7472
    endloop
  endfacet
  facet normal -1 0 0
    outer loop
      vertex -18 -1.50351 14.7472
      vertex -18 -8 16
      vertex -18 -1.45009 14.8762
    endloop
  endfacet
  facet normal -1 0 0
    outer loop
      vertex -18 -1.45009 14.8762
      vertex -18 -8 16
      vertex -18 -1.38564 15
    endloop
  endfacet
  facet normal -1 0 0
    outer loop
      vertex -18 -1.38564 15
      vertex -18 -8 16
      vertex -18 -1.31064 15.1177
    endloop
  endfacet
  facet normal -1 0 0
    outer loop
      vertex -18 -1.31064 15.1177
      vertex -18 -8 16
      vertex -18 -1.22567 15.2285
    endloop
  endfacet
  facet normal -1 0 0
    outer loop
      vertex -18 -1.22567 15.2285
      vertex -18 -8 16
      vertex -18 -1.13137 15.3314
    endloop
  endfacet
  facet normal -1 0 0
    outer loop
      vertex -18 -1.13137 15.3314
      vertex -18 -8 16
      vertex -18 -1.02846 15.4257
    endloop
  endfacet
  facet normal -1 0 0
    outer loop
      vertex -18 -1.02846 15.4257
      vertex -18 -8 16
      vertex -18 -0.917722 15.5106
    endloop
  endfacet
  facet normal -1 0 0
    outer loop
      vertex -18 0 15.8
      vertex -18 -8 16
      vertex -18 8 16
    endloop
  endfacet
  facet normal -1 0 0
    outer loop
      vertex -18 -0.139449 15.7939
      vertex -18 -8 16
      vertex -18 0 15.8
    endloop
  endfacet
  facet normal -1 0 0
    outer loop
      vertex -18 -0.277837 15.7757
      vertex -18 -8 16
      vertex -18 -0.139449 15.7939
    endloop
  endfacet
  facet normal -1 0 0
    outer loop
      vertex -18 -0.41411 15.7455
      vertex -18 -8 16
      vertex -18 -0.277837 15.7757
    endloop
  endfacet
  facet normal -1 0 0
    outer loop
      vertex -18 -0.547232 15.7035
      vertex -18 -8 16
      vertex -18 -0.41411 15.7455
    endloop
  endfacet
  facet normal -1 0 0
    outer loop
      vertex -18 -0.676188 15.6501
      vertex -18 -8 16
      vertex -18 -0.547232 15.7035
    endloop
  endfacet
  facet normal -1 0 0
    outer loop
      vertex -18 -0.799999 15.5856
      vertex -18 -8 16
      vertex -18 -0.676188 15.6501
    endloop
  endfacet
  facet normal -1 0 0
    outer loop
      vertex -18 -0.917722 15.5106
      vertex -18 -8 16
      vertex -18 -0.799999 15.5856
    endloop
  endfacet
  facet normal 0 1 -0
    outer loop
      vertex -14 8 11
      vertex -18 8 16
      vertex -14 8 16
    endloop
  endfacet
  facet normal 0 1 0
    outer loop
      vertex -18 8 16
      vertex -14 8 11
      vertex -18 8 11
    endloop
  endfacet
  facet normal 0 -1 0
    outer loop
      vertex -18 -8 11
      vertex -14 -8 16
      vertex -18 -8 16
    endloop
  endfacet
  facet normal 0 -1 -0
    outer loop
      vertex -14 -8 16
      vertex -18 -8 11
      vertex -14 -8 11
    endloop
  endfacet
  facet normal 1 0 0
    outer loop
      vertex 18 1.59391 14.0606
      vertex 18 8 16
      vertex 18 1.6 14.2
    endloop
  endfacet
  facet normal 1 0 0
    outer loop
      vertex 18 8 16
      vertex 18 1.59391 14.3394
      vertex 18 1.6 14.2
    endloop
  endfacet
  facet normal 1 0 0
    outer loop
      vertex 18 8 16
      vertex 18 1.57569 14.4778
      vertex 18 1.59391 14.3394
    endloop
  endfacet
  facet normal 1 0 0
    outer loop
      vertex 18 8 16
      vertex 18 1.54548 14.6141
      vertex 18 1.57569 14.4778
    endloop
  endfacet
  facet normal 1 0 0
    outer loop
      vertex 18 8 16
      vertex 18 1.50351 14.7472
      vertex 18 1.54548 14.6141
    endloop
  endfacet
  facet normal 1 0 0
    outer loop
      vertex 18 8 16
      vertex 18 1.45009 14.8762
      vertex 18 1.50351 14.7472
    endloop
  endfacet
  facet normal 1 0 0
    outer loop
      vertex 18 8 16
      vertex 18 1.38564 15
      vertex 18 1.45009 14.8762
    endloop
  endfacet
  facet normal 1 0 0
    outer loop
      vertex 18 8 16
      vertex 18 1.31064 15.1177
      vertex 18 1.38564 15
    endloop
  endfacet
  facet normal 1 0 0
    outer loop
      vertex 18 8 16
      vertex 18 1.22567 15.2285
      vertex 18 1.31064 15.1177
    endloop
  endfacet
  facet normal 1 0 0
    outer loop
      vertex 18 8 16
      vertex 18 1.13137 15.3314
      vertex 18 1.22567 15.2285
    endloop
  endfacet
  facet normal 1 0 0
    outer loop
      vertex 18 8 16
      vertex 18 1.02846 15.4257
      vertex 18 1.13137 15.3314
    endloop
  endfacet
  facet normal 1 0 0
    outer loop
      vertex 18 8 16
      vertex 18 0.917722 15.5106
      vertex 18 1.02846 15.4257
    endloop
  endfacet
  facet normal 1 0 0
    outer loop
      vertex 18 8 16
      vertex 18 0.799999 15.5856
      vertex 18 0.917722 15.5106
    endloop
  endfacet
  facet normal 1 0 0
    outer loop
      vertex 18 8 16
      vertex 18 0.676188 15.6501
      vertex 18 0.799999 15.5856
    endloop
  endfacet
  facet normal 1 0 0
    outer loop
      vertex 18 8 16
      vertex 18 0.547232 15.7035
      vertex 18 0.676188 15.6501
    endloop
  endfacet
  facet normal 1 0 0
    outer loop
      vertex 18 8 16
      vertex 18 0.41411 15.7455
      vertex 18 0.547232 15.7035
    endloop
  endfacet
  facet normal 1 0 0
    outer loop
      vertex 18 8 16
      vertex 18 0.277837 15.7757
      vertex 18 0.41411 15.7455
    endloop
  endfacet
  facet normal 1 0 0
    outer loop
      vertex 18 8 16
      vertex 18 0.139449 15.7939
      vertex 18 0.277837 15.7757
    endloop
  endfacet
  facet normal 1 0 0
    outer loop
      vertex 18 8 16
      vertex 18 0 15.8
      vertex 18 0.139449 15.7939
    endloop
  endfacet
  facet normal 1 0 0
    outer loop
      vertex 18 -1.59391 14.3394
      vertex 18 -8 16
      vertex 18 -1.6 14.2
    endloop
  endfacet
  facet normal 1 0 0
    outer loop
      vertex 18 -1.57569 14.4778
      vertex 18 -8 16
      vertex 18 -1.59391 14.3394
    endloop
  endfacet
  facet normal 1 0 0
    outer loop
      vertex 18 -1.54548 14.6141
      vertex 18 -8 16
      vertex 18 -1.57569 14.4778
    endloop
  endfacet
  facet normal 1 0 0
    outer loop
      vertex 18 -1.50351 14.7472
      vertex 18 -8 16
      vertex 18 -1.54548 14.6141
    endloop
  endfacet
  facet normal 1 0 0
    outer loop
      vertex 18 -1.45009 14.8762
      vertex 18 -8 16
      vertex 18 -1.50351 14.7472
    endloop
  endfacet
  facet normal 1 0 0
    outer loop
      vertex 18 -1.38564 15
      vertex 18 -8 16
      vertex 18 -1.45009 14.8762
    endloop
  endfacet
  facet normal 1 0 0
    outer loop
      vertex 18 -1.31064 15.1177
      vertex 18 -8 16
      vertex 18 -1.38564 15
    endloop
  endfacet
  facet normal 1 0 0
    outer loop
      vertex 18 -1.22567 15.2285
      vertex 18 -8 16
      vertex 18 -1.31064 15.1177
    endloop
  endfacet
  facet normal 1 0 0
    outer loop
      vertex 18 -1.13137 15.3314
      vertex 18 -8 16
      vertex 18 -1.22567 15.2285
    endloop
  endfacet
  facet normal 1 0 0
    outer loop
      vertex 18 -1.02846 15.4257
      vertex 18 -8 16
      vertex 18 -1.13137 15.3314
    endloop
  endfacet
  facet normal 1 0 0
    outer loop
      vertex 18 -0.917722 15.5106
      vertex 18 -8 16
      vertex 18 -1.02846 15.4257
    endloop
  endfacet
  facet normal 1 0 0
    outer loop
      vertex 18 -0.799999 15.5856
      vertex 18 -8 16
      vertex 18 -0.917722 15.5106
    endloop
  endfacet
  facet normal 1 0 0
    outer loop
      vertex 18 -0.676188 15.6501
      vertex 18 -8 16
      vertex 18 -0.799999 15.5856
    endloop
  endfacet
  facet normal 1 0 0
    outer loop
      vertex 18 -0.547232 15.7035
      vertex 18 -8 16
      vertex 18 -0.676188 15.6501
    endloop
  endfacet
  facet normal 1 0 0
    outer loop
      vertex 18 -0.41411 15.7455
      vertex 18 -8 16
      vertex 18 -0.547232 15.7035
    endloop
  endfacet
  facet normal 1 0 0
    outer loop
      vertex 18 -0.277837 15.7757
      vertex 18 -8 16
      vertex 18 -0.41411 15.7455
    endloop
  endfacet
  facet normal 1 0 0
    outer loop
      vertex 18 -0.139449 15.7939
      vertex 18 -8 16
      vertex 18 -0.277837 15.7757
    endloop
  endfacet
  facet normal 1 0 0
    outer loop
      vertex 18 0 15.8
      vertex 18 -8 16
      vertex 18 -0.139449 15.7939
    endloop
  endfacet
  facet normal 1 -0 0
    outer loop
      vertex 18 -8 16
      vertex 18 0 15.8
      vertex 18 8 16
    endloop
  endfacet
  facet normal 1 0 0
    outer loop
      vertex 18 8 16
      vertex 18 1.59391 14.0606
      vertex 18 8 11
    endloop
  endfacet
  facet normal 1 -0 0
    outer loop
      vertex 18 1.57569 13.9222
      vertex 18 8 11
      vertex 18 1.59391 14.0606
    endloop
  endfacet
  facet normal 1 -0 0
    outer loop
      vertex 18 1.54548 13.7859
      vertex 18 8 11
      vertex 18 1.57569 13.9222
    endloop
  endfacet
  facet normal 1 -0 0
    outer loop
      vertex 18 1.50351 13.6528
      vertex 18 8 11
      vertex 18 1.54548 13.7859
    endloop
  endfacet
  facet normal 1 -0 0
    outer loop
      vertex 18 1.45009 13.5238
      vertex 18 8 11
      vertex 18 1.50351 13.6528
    endloop
  endfacet
  facet normal 1 -0 0
    outer loop
      vertex 18 1.38564 13.4
      vertex 18 8 11
      vertex 18 1.45009 13.5238
    endloop
  endfacet
  facet normal 1 -0 0
    outer loop
      vertex 18 1.31064 13.2823
      vertex 18 8 11
      vertex 18 1.38564 13.4
    endloop
  endfacet
  facet normal 1 -0 0
    outer loop
      vertex 18 1.22567 13.1715
      vertex 18 8 11
      vertex 18 1.31064 13.2823
    endloop
  endfacet
  facet normal 1 -0 0
    outer loop
      vertex 18 1.13137 13.0686
      vertex 18 8 11
      vertex 18 1.22567 13.1715
    endloop
  endfacet
  facet normal 1 -0 0
    outer loop
      vertex 18 1.02846 12.9743
      vertex 18 8 11
      vertex 18 1.13137 13.0686
    endloop
  endfacet
  facet normal 1 -0 0
    outer loop
      vertex 18 0.917722 12.8894
      vertex 18 8 11
      vertex 18 1.02846 12.9743
    endloop
  endfacet
  facet normal 1 -0 0
    outer loop
      vertex 18 0.799999 12.8144
      vertex 18 8 11
      vertex 18 0.917722 12.8894
    endloop
  endfacet
  facet normal 1 -0 0
    outer loop
      vertex 18 0.676188 12.7499
      vertex 18 8 11
      vertex 18 0.799999 12.8144
    endloop
  endfacet
  facet normal 1 -0 0
    outer loop
      vertex 18 0.547232 12.6965
      vertex 18 8 11
      vertex 18 0.676188 12.7499
    endloop
  endfacet
  facet normal 1 -0 0
    outer loop
      vertex 18 0.41411 12.6545
      vertex 18 8 11
      vertex 18 0.547232 12.6965
    endloop
  endfacet
  facet normal 1 -0 0
    outer loop
      vertex 18 0.277837 12.6243
      vertex 18 8 11
      vertex 18 0.41411 12.6545
    endloop
  endfacet
  facet normal 1 -0 0
    outer loop
      vertex 18 0.139449 12.6061
      vertex 18 8 11
      vertex 18 0.277837 12.6243
    endloop
  endfacet
  facet normal 1 -0 0
    outer loop
      vertex 18 0 12.6
      vertex 18 8 11
      vertex 18 0.139449 12.6061
    endloop
  endfacet
  facet normal 1 0 0
    outer loop
      vertex 18 -8 11
      vertex 18 0 12.6
      vertex 18 -0.139449 12.6061
    endloop
  endfacet
  facet normal 1 0 0
    outer loop
      vertex 18 -8 11
      vertex 18 -0.139449 12.6061
      vertex 18 -0.277837 12.6243
    endloop
  endfacet
  facet normal 1 0 0
    outer loop
      vertex 18 -8 16
      vertex 18 -1.59391 14.0606
      vertex 18 -1.6 14.2
    endloop
  endfacet
  facet normal 1 0 0
    outer loop
      vertex 18 -8 16
      vertex 18 -1.57569 13.9222
      vertex 18 -1.59391 14.0606
    endloop
  endfacet
  facet normal 1 0 0
    outer loop
      vertex 18 -8 11
      vertex 18 -1.57569 13.9222
      vertex 18 -8 16
    endloop
  endfacet
  facet normal 1 0 0
    outer loop
      vertex 18 -1.57569 13.9222
      vertex 18 -8 11
      vertex 18 -1.54548 13.7859
    endloop
  endfacet
  facet normal 1 0 0
    outer loop
      vertex 18 -1.54548 13.7859
      vertex 18 -8 11
      vertex 18 -1.50351 13.6528
    endloop
  endfacet
  facet normal 1 0 0
    outer loop
      vertex 18 -1.50351 13.6528
      vertex 18 -8 11
      vertex 18 -1.45009 13.5238
    endloop
  endfacet
  facet normal 1 0 0
    outer loop
      vertex 18 -1.45009 13.5238
      vertex 18 -8 11
      vertex 18 -1.38564 13.4
    endloop
  endfacet
  facet normal 1 0 0
    outer loop
      vertex 18 -1.38564 13.4
      vertex 18 -8 11
      vertex 18 -1.31064 13.2823
    endloop
  endfacet
  facet normal 1 0 0
    outer loop
      vertex 18 -1.31064 13.2823
      vertex 18 -8 11
      vertex 18 -1.22567 13.1715
    endloop
  endfacet
  facet normal 1 0 0
    outer loop
      vertex 18 -1.22567 13.1715
      vertex 18 -8 11
      vertex 18 -1.13137 13.0686
    endloop
  endfacet
  facet normal 1 0 0
    outer loop
      vertex 18 -1.13137 13.0686
      vertex 18 -8 11
      vertex 18 -1.02846 12.9743
    endloop
  endfacet
  facet normal 1 0 0
    outer loop
      vertex 18 -1.02846 12.9743
      vertex 18 -8 11
      vertex 18 -0.917722 12.8894
    endloop
  endfacet
  facet normal 1 0 0
    outer loop
      vertex 18 -0.917722 12.8894
      vertex 18 -8 11
      vertex 18 -0.799999 12.8144
    endloop
  endfacet
  facet normal 1 0 0
    outer loop
      vertex 18 0 12.6
      vertex 18 -8 11
      vertex 18 8 11
    endloop
  endfacet
  facet normal 1 0 0
    outer loop
      vertex 18 -0.41411 12.6545
      vertex 18 -8 11
      vertex 18 -0.277837 12.6243
    endloop
  endfacet
  facet normal 1 0 0
    outer loop
      vertex 18 -0.547232 12.6965
      vertex 18 -8 11
      vertex 18 -0.41411 12.6545
    endloop
  endfacet
  facet normal 1 0 0
    outer loop
      vertex 18 -0.676188 12.7499
      vertex 18 -8 11
      vertex 18 -0.547232 12.6965
    endloop
  endfacet
  facet normal 1 0 0
    outer loop
      vertex 18 -0.799999 12.8144
      vertex 18 -8 11
      vertex 18 -0.676188 12.7499
    endloop
  endfacet
  facet normal -0 0 1
    outer loop
      vertex 14 8 16
      vertex 18 -8 16
      vertex 18 8 16
    endloop
  endfacet
  facet normal 0 0 1
    outer loop
      vertex 18 -8 16
      vertex 14 8 16
      vertex 14 -8 16
    endloop
  endfacet
  facet normal -1 0 0
    outer loop
      vertex 14 1.59391 14.0606
      vertex 14 8 16
      vertex 14 8 11
    endloop
  endfacet
  facet normal -1 0 0
    outer loop
      vertex 14 8 16
      vertex 14 1.59391 14.0606
      vertex 14 1.6 14.2
    endloop
  endfacet
  facet normal -1 0 0
    outer loop
      vertex 14 8 11
      vertex 14 1.57569 13.9222
      vertex 14 1.59391 14.0606
    endloop
  endfacet
  facet normal -1 0 0
    outer loop
      vertex 14 8 11
      vertex 14 1.54548 13.7859
      vertex 14 1.57569 13.9222
    endloop
  endfacet
  facet normal -1 0 0
    outer loop
      vertex 14 8 11
      vertex 14 1.50351 13.6528
      vertex 14 1.54548 13.7859
    endloop
  endfacet
  facet normal -1 0 0
    outer loop
      vertex 14 8 11
      vertex 14 1.45009 13.5238
      vertex 14 1.50351 13.6528
    endloop
  endfacet
  facet normal -1 0 0
    outer loop
      vertex 14 8 11
      vertex 14 1.38564 13.4
      vertex 14 1.45009 13.5238
    endloop
  endfacet
  facet normal -1 0 0
    outer loop
      vertex 14 8 11
      vertex 14 1.31064 13.2823
      vertex 14 1.38564 13.4
    endloop
  endfacet
  facet normal -1 0 0
    outer loop
      vertex 14 8 11
      vertex 14 1.22567 13.1715
      vertex 14 1.31064 13.2823
    endloop
  endfacet
  facet normal -1 0 0
    outer loop
      vertex 14 8 11
      vertex 14 1.13137 13.0686
      vertex 14 1.22567 13.1715
    endloop
  endfacet
  facet normal -1 0 0
    outer loop
      vertex 14 8 11
      vertex 14 1.02846 12.9743
      vertex 14 1.13137 13.0686
    endloop
  endfacet
  facet normal -1 0 0
    outer loop
      vertex 14 8 11
      vertex 14 0.917722 12.8894
      vertex 14 1.02846 12.9743
    endloop
  endfacet
  facet normal -1 0 0
    outer loop
      vertex 14 8 11
      vertex 14 0.799999 12.8144
      vertex 14 0.917722 12.8894
    endloop
  endfacet
  facet normal -1 0 0
    outer loop
      vertex 14 8 11
      vertex 14 0.676188 12.7499
      vertex 14 0.799999 12.8144
    endloop
  endfacet
  facet normal -1 0 0
    outer loop
      vertex 14 8 11
      vertex 14 0.547232 12.6965
      vertex 14 0.676188 12.7499
    endloop
  endfacet
  facet normal -1 0 0
    outer loop
      vertex 14 8 11
      vertex 14 0.41411 12.6545
      vertex 14 0.547232 12.6965
    endloop
  endfacet
  facet normal -1 0 0
    outer loop
      vertex 14 8 11
      vertex 14 0.277837 12.6243
      vertex 14 0.41411 12.6545
    endloop
  endfacet
  facet normal -1 0 0
    outer loop
      vertex 14 8 11
      vertex 14 0.139449 12.6061
      vertex 14 0.277837 12.6243
    endloop
  endfacet
  facet normal -1 0 0
    outer loop
      vertex 14 8 11
      vertex 14 0 12.6
      vertex 14 0.139449 12.6061
    endloop
  endfacet
  facet normal -1 0 0
    outer loop
      vertex 14 -8 11
      vertex 14 0 12.6
      vertex 14 8 11
    endloop
  endfacet
  facet normal -1 -0 0
    outer loop
      vertex 14 0 12.6
      vertex 14 -8 11
      vertex 14 -0.139449 12.6061
    endloop
  endfacet
  facet normal -1 0 0
    outer loop
      vertex 14 -8 16
      vertex 14 -1.59391 14.0606
      vertex 14 -8 11
    endloop
  endfacet
  facet normal -1 -0 0
    outer loop
      vertex 14 -1.57569 13.9222
      vertex 14 -8 11
      vertex 14 -1.59391 14.0606
    endloop
  endfacet
  facet normal -1 -0 0
    outer loop
      vertex 14 -1.54548 13.7859
      vertex 14 -8 11
      vertex 14 -1.57569 13.9222
    endloop
  endfacet
  facet normal -1 -0 0
    outer loop
      vertex 14 -1.50351 13.6528
      vertex 14 -8 11
      vertex 14 -1.54548 13.7859
    endloop
  endfacet
  facet normal -1 -0 0
    outer loop
      vertex 14 -1.45009 13.5238
      vertex 14 -8 11
      vertex 14 -1.50351 13.6528
    endloop
  endfacet
  facet normal -1 -0 0
    outer loop
      vertex 14 -1.38564 13.4
      vertex 14 -8 11
      vertex 14 -1.45009 13.5238
    endloop
  endfacet
  facet normal -1 -0 0
    outer loop
      vertex 14 -1.31064 13.2823
      vertex 14 -8 11
      vertex 14 -1.38564 13.4
    endloop
  endfacet
  facet normal -1 -0 0
    outer loop
      vertex 14 -1.22567 13.1715
      vertex 14 -8 11
      vertex 14 -1.31064 13.2823
    endloop
  endfacet
  facet normal -1 -0 0
    outer loop
      vertex 14 -1.13137 13.0686
      vertex 14 -8 11
      vertex 14 -1.22567 13.1715
    endloop
  endfacet
  facet normal -1 -0 0
    outer loop
      vertex 14 -1.02846 12.9743
      vertex 14 -8 11
      vertex 14 -1.13137 13.0686
    endloop
  endfacet
  facet normal -1 -0 0
    outer loop
      vertex 14 -0.917722 12.8894
      vertex 14 -8 11
      vertex 14 -1.02846 12.9743
    endloop
  endfacet
  facet normal -1 -0 0
    outer loop
      vertex 14 -0.799999 12.8144
      vertex 14 -8 11
      vertex 14 -0.917722 12.8894
    endloop
  endfacet
  facet normal -1 -0 0
    outer loop
      vertex 14 -0.676188 12.7499
      vertex 14 -8 11
      vertex 14 -0.799999 12.8144
    endloop
  endfacet
  facet normal -1 -0 0
    outer loop
      vertex 14 -0.547232 12.6965
      vertex 14 -8 11
      vertex 14 -0.676188 12.7499
    endloop
  endfacet
  facet normal -1 -0 0
    outer loop
      vertex 14 -0.41411 12.6545
      vertex 14 -8 11
      vertex 14 -0.547232 12.6965
    endloop
  endfacet
  facet normal -1 -0 0
    outer loop
      vertex 14 -0.277837 12.6243
      vertex 14 -8 11
      vertex 14 -0.41411 12.6545
    endloop
  endfacet
  facet normal -1 -0 0
    outer loop
      vertex 14 -0.139449 12.6061
      vertex 14 -8 11
      vertex 14 -0.277837 12.6243
    endloop
  endfacet
  facet normal -1 0 0
    outer loop
      vertex 14 1.59391 14.3394
      vertex 14 8 16
      vertex 14 1.6 14.2
    endloop
  endfacet
  facet normal -1 0 0
    outer loop
      vertex 14 1.57569 14.4778
      vertex 14 8 16
      vertex 14 1.59391 14.3394
    endloop
  endfacet
  facet normal -1 0 0
    outer loop
      vertex 14 1.54548 14.6141
      vertex 14 8 16
      vertex 14 1.57569 14.4778
    endloop
  endfacet
  facet normal -1 0 0
    outer loop
      vertex 14 1.50351 14.7472
      vertex 14 8 16
      vertex 14 1.54548 14.6141
    endloop
  endfacet
  facet normal -1 0 0
    outer loop
      vertex 14 1.45009 14.8762
      vertex 14 8 16
      vertex 14 1.50351 14.7472
    endloop
  endfacet
  facet normal -1 0 0
    outer loop
      vertex 14 1.38564 15
      vertex 14 8 16
      vertex 14 1.45009 14.8762
    endloop
  endfacet
  facet normal -1 0 0
    outer loop
      vertex 14 1.31064 15.1177
      vertex 14 8 16
      vertex 14 1.38564 15
    endloop
  endfacet
  facet normal -1 0 0
    outer loop
      vertex 14 1.22567 15.2285
      vertex 14 8 16
      vertex 14 1.31064 15.1177
    endloop
  endfacet
  facet normal -1 0 0
    outer loop
      vertex 14 1.13137 15.3314
      vertex 14 8 16
      vertex 14 1.22567 15.2285
    endloop
  endfacet
  facet normal -1 0 0
    outer loop
      vertex 14 1.02846 15.4257
      vertex 14 8 16
      vertex 14 1.13137 15.3314
    endloop
  endfacet
  facet normal -1 0 0
    outer loop
      vertex 14 0.917722 15.5106
      vertex 14 8 16
      vertex 14 1.02846 15.4257
    endloop
  endfacet
  facet normal -1 0 0
    outer loop
      vertex 14 0.799999 15.5856
      vertex 14 8 16
      vertex 14 0.917722 15.5106
    endloop
  endfacet
  facet normal -1 0 0
    outer loop
      vertex 14 0.676188 15.6501
      vertex 14 8 16
      vertex 14 0.799999 15.5856
    endloop
  endfacet
  facet normal -1 0 0
    outer loop
      vertex 14 0.547232 15.7035
      vertex 14 8 16
      vertex 14 0.676188 15.6501
    endloop
  endfacet
  facet normal -1 0 0
    outer loop
      vertex 14 0.41411 15.7455
      vertex 14 8 16
      vertex 14 0.547232 15.7035
    endloop
  endfacet
  facet normal -1 0 0
    outer loop
      vertex 14 0.277837 15.7757
      vertex 14 8 16
      vertex 14 0.41411 15.7455
    endloop
  endfacet
  facet normal -1 0 0
    outer loop
      vertex 14 0.139449 15.7939
      vertex 14 8 16
      vertex 14 0.277837 15.7757
    endloop
  endfacet
  facet normal -1 0 0
    outer loop
      vertex 14 0 15.8
      vertex 14 8 16
      vertex 14 0.139449 15.7939
    endloop
  endfacet
  facet normal -1 0 0
    outer loop
      vertex 14 -1.59391 14.0606
      vertex 14 -8 16
      vertex 14 -1.6 14.2
    endloop
  endfacet
  facet normal -1 0 0
    outer loop
      vertex 14 -1.6 14.2
      vertex 14 -8 16
      vertex 14 -1.59391 14.3394
    endloop
  endfacet
  facet normal -1 0 0
    outer loop
      vertex 14 -1.59391 14.3394
      vertex 14 -8 16
      vertex 14 -1.57569 14.4778
    endloop
  endfacet
  facet normal -1 0 0
    outer loop
      vertex 14 -1.57569 14.4778
      vertex 14 -8 16
      vertex 14 -1.54548 14.6141
    endloop
  endfacet
  facet normal -1 0 0
    outer loop
      vertex 14 -1.54548 14.6141
      vertex 14 -8 16
      vertex 14 -1.50351 14.7472
    endloop
  endfacet
  facet normal -1 0 0
    outer loop
      vertex 14 -1.50351 14.7472
      vertex 14 -8 16
      vertex 14 -1.45009 14.8762
    endloop
  endfacet
  facet normal -1 0 0
    outer loop
      vertex 14 -1.45009 14.8762
      vertex 14 -8 16
      vertex 14 -1.38564 15
    endloop
  endfacet
  facet normal -1 0 0
    outer loop
      vertex 14 -1.38564 15
      vertex 14 -8 16
      vertex 14 -1.31064 15.1177
    endloop
  endfacet
  facet normal -1 0 0
    outer loop
      vertex 14 -1.31064 15.1177
      vertex 14 -8 16
      vertex 14 -1.22567 15.2285
    endloop
  endfacet
  facet normal -1 0 0
    outer loop
      vertex 14 -1.22567 15.2285
      vertex 14 -8 16
      vertex 14 -1.13137 15.3314
    endloop
  endfacet
  facet normal -1 0 0
    outer loop
      vertex 14 -1.13137 15.3314
      vertex 14 -8 16
      vertex 14 -1.02846 15.4257
    endloop
  endfacet
  facet normal -1 0 0
    outer loop
      vertex 14 -1.02846 15.4257
      vertex 14 -8 16
      vertex 14 -0.917722 15.5106
    endloop
  endfacet
  facet normal -1 0 0
    outer loop
      vertex 14 0 15.8
      vertex 14 -8 16
      vertex 14 8 16
    endloop
  endfacet
  facet normal -1 0 0
    outer loop
      vertex 14 -0.139449 15.7939
      vertex 14 -8 16
      vertex 14 0 15.8
    endloop
  endfacet
  facet normal -1 0 0
    outer loop
      vertex 14 -0.277837 15.7757
      vertex 14 -8 16
      vertex 14 -0.139449 15.7939
    endloop
  endfacet
  facet normal -1 0 0
    outer loop
      vertex 14 -0.41411 15.7455
      vertex 14 -8 16
      vertex 14 -0.277837 15.7757
    endloop
  endfacet
  facet normal -1 0 0
    outer loop
      vertex 14 -0.547232 15.7035
      vertex 14 -8 16
      vertex 14 -0.41411 15.7455
    endloop
  endfacet
  facet normal -1 0 0
    outer loop
      vertex 14 -0.676188 15.6501
      vertex 14 -8 16
      vertex 14 -0.547232 15.7035
    endloop
  endfacet
  facet normal -1 0 0
    outer loop
      vertex 14 -0.799999 15.5856
      vertex 14 -8 16
      vertex 14 -0.676188 15.6501
    endloop
  endfacet
  facet normal -1 0 0
    outer loop
      vertex 14 -0.917722 15.5106
      vertex 14 -8 16
      vertex 14 -0.799999 15.5856
    endloop
  endfacet
  facet normal 0 1 -0
    outer loop
      vertex 18 8 11
      vertex 14 8 16
      vertex 18 8 16
    endloop
  endfacet
  facet normal 0 1 0
    outer loop
      vertex 14 8 16
      vertex 18 8 11
      vertex 14 8 11
    endloop
  endfacet
  facet normal 0 -1 0
    outer loop
      vertex 14 -8 11
      vertex 18 -8 16
      vertex 14 -8 16
    endloop
  endfacet
  facet normal 0 -1 -0
    outer loop
      vertex 18 -8 16
      vertex 14 -8 11
      vertex 18 -8 11
    endloop
  endfacet
  facet normal 1 -0 0
    outer loop
      vertex 10 -9.4 7
      vertex 10 -5.4 -8
      vertex 10 -5.4 7
    endloop
  endfacet
  facet normal 1 0 0
    outer loop
      vertex 10 -5.4 -8
      vertex 10 -9.4 7
      vertex 10 -9.4 -8
    endloop
  endfacet
  facet normal 0 0 -1
    outer loop
      vertex -10 -9.4 -8
      vertex 10 -5.4 -8
      vertex 10 -9.4 -8
    endloop
  endfacet
  facet normal -0 0 -1
    outer loop
      vertex 10 -5.4 -8
      vertex -10 -9.4 -8
      vertex -10 -5.4 -8
    endloop
  endfacet
  facet normal -1 0 0
    outer loop
      vertex -10 -9.4 -8
      vertex -10 -5.4 7
      vertex -10 -5.4 -8
    endloop
  endfacet
  facet normal -1 -0 0
    outer loop
      vertex -10 -5.4 7
      vertex -10 -9.4 -8
      vertex -10 -9.4 7
    endloop
  endfacet
  facet normal 0 1 0
    outer loop
      vertex 10 -5.4 7
      vertex 0 -5.4 1.6
      vertex -10 -5.4 7
    endloop
  endfacet
  facet normal 0 1 0
    outer loop
      vertex 10 -5.4 7
      vertex 0.139449 -5.4 1.59391
      vertex 0 -5.4 1.6
    endloop
  endfacet
  facet normal 0 1 0
    outer loop
      vertex 10 -5.4 7
      vertex 0.277837 -5.4 1.57569
      vertex 0.139449 -5.4 1.59391
    endloop
  endfacet
  facet normal 0 1 0
    outer loop
      vertex 10 -5.4 7
      vertex 0.41411 -5.4 1.54548
      vertex 0.277837 -5.4 1.57569
    endloop
  endfacet
  facet normal 0 1 0
    outer loop
      vertex 10 -5.4 7
      vertex 0.547232 -5.4 1.50351
      vertex 0.41411 -5.4 1.54548
    endloop
  endfacet
  facet normal 0 1 0
    outer loop
      vertex 10 -5.4 7
      vertex 0.676188 -5.4 1.45009
      vertex 0.547232 -5.4 1.50351
    endloop
  endfacet
  facet normal 0 1 0
    outer loop
      vertex 10 -5.4 7
      vertex 0.799999 -5.4 1.38564
      vertex 0.676188 -5.4 1.45009
    endloop
  endfacet
  facet normal 0 1 0
    outer loop
      vertex 10 -5.4 7
      vertex 0.917722 -5.4 1.31064
      vertex 0.799999 -5.4 1.38564
    endloop
  endfacet
  facet normal 0 1 0
    outer loop
      vertex 10 -5.4 7
      vertex 1.02846 -5.4 1.22567
      vertex 0.917722 -5.4 1.31064
    endloop
  endfacet
  facet normal 0 1 0
    outer loop
      vertex 10 -5.4 7
      vertex 1.13137 -5.4 1.13137
      vertex 1.02846 -5.4 1.22567
    endloop
  endfacet
  facet normal 0 1 0
    outer loop
      vertex 10 -5.4 7
      vertex 1.22567 -5.4 1.02846
      vertex 1.13137 -5.4 1.13137
    endloop
  endfacet
  facet normal 0 1 0
    outer loop
      vertex 10 -5.4 7
      vertex 1.31064 -5.4 0.917722
      vertex 1.22567 -5.4 1.02846
    endloop
  endfacet
  facet normal 0 1 0
    outer loop
      vertex 10 -5.4 7
      vertex 1.38564 -5.4 0.799999
      vertex 1.31064 -5.4 0.917722
    endloop
  endfacet
  facet normal 0 1 0
    outer loop
      vertex 10 -5.4 7
      vertex 1.45009 -5.4 0.676188
      vertex 1.38564 -5.4 0.799999
    endloop
  endfacet
  facet normal 0 1 0
    outer loop
      vertex 10 -5.4 7
      vertex 1.50351 -5.4 0.547232
      vertex 1.45009 -5.4 0.676188
    endloop
  endfacet
  facet normal 0 1 0
    outer loop
      vertex 10 -5.4 7
      vertex 1.54548 -5.4 0.41411
      vertex 1.50351 -5.4 0.547232
    endloop
  endfacet
  facet normal 0 1 0
    outer loop
      vertex 10 -5.4 7
      vertex 1.57569 -5.4 0.277837
      vertex 1.54548 -5.4 0.41411
    endloop
  endfacet
  facet normal 0 1 0
    outer loop
      vertex 10 -5.4 7
      vertex 1.59391 -5.4 0.139449
      vertex 1.57569 -5.4 0.277837
    endloop
  endfacet
  facet normal 0 1 0
    outer loop
      vertex 10 -5.4 7
      vertex 1.6 -5.4 0
      vertex 1.59391 -5.4 0.139449
    endloop
  endfacet
  facet normal 0 1 0
    outer loop
      vertex 10 -5.4 7
      vertex 1.59391 -5.4 -0.139449
      vertex 1.6 -5.4 0
    endloop
  endfacet
  facet normal 0 1 -0
    outer loop
      vertex 10 -5.4 -8
      vertex 1.59391 -5.4 -0.139449
      vertex 10 -5.4 7
    endloop
  endfacet
  facet normal 0 1 0
    outer loop
      vertex 1.59391 -5.4 -0.139449
      vertex 10 -5.4 -8
      vertex 1.57569 -5.4 -0.277837
    endloop
  endfacet
  facet normal 0 1 0
    outer loop
      vertex 1.57569 -5.4 -0.277837
      vertex 10 -5.4 -8
      vertex 1.54548 -5.4 -0.41411
    endloop
  endfacet
  facet normal 0 1 0
    outer loop
      vertex 1.54548 -5.4 -0.41411
      vertex 10 -5.4 -8
      vertex 1.50351 -5.4 -0.547232
    endloop
  endfacet
  facet normal 0 1 0
    outer loop
      vertex 1.50351 -5.4 -0.547232
      vertex 10 -5.4 -8
      vertex 1.45009 -5.4 -0.676188
    endloop
  endfacet
  facet normal 0 1 0
    outer loop
      vertex 1.45009 -5.4 -0.676188
      vertex 10 -5.4 -8
      vertex 1.38564 -5.4 -0.799999
    endloop
  endfacet
  facet normal 0 1 0
    outer loop
      vertex 1.38564 -5.4 -0.799999
      vertex 10 -5.4 -8
      vertex 1.31064 -5.4 -0.917722
    endloop
  endfacet
  facet normal 0 1 0
    outer loop
      vertex 1.31064 -5.4 -0.917722
      vertex 10 -5.4 -8
      vertex 1.22567 -5.4 -1.02846
    endloop
  endfacet
  facet normal 0 1 0
    outer loop
      vertex 0.139449 -5.4 -1.59391
      vertex 10 -5.4 -8
      vertex 0 -5.4 -1.6
    endloop
  endfacet
  facet normal 0 1 0
    outer loop
      vertex 0.277837 -5.4 -1.57569
      vertex 10 -5.4 -8
      vertex 0.139449 -5.4 -1.59391
    endloop
  endfacet
  facet normal 0 1 0
    outer loop
      vertex 0.41411 -5.4 -1.54548
      vertex 10 -5.4 -8
      vertex 0.277837 -5.4 -1.57569
    endloop
  endfacet
  facet normal 0 1 0
    outer loop
      vertex 0.547232 -5.4 -1.50351
      vertex 10 -5.4 -8
      vertex 0.41411 -5.4 -1.54548
    endloop
  endfacet
  facet normal 0 1 0
    outer loop
      vertex 0.676188 -5.4 -1.45009
      vertex 10 -5.4 -8
      vertex 0.547232 -5.4 -1.50351
    endloop
  endfacet
  facet normal 0 1 0
    outer loop
      vertex 0.799999 -5.4 -1.38564
      vertex 10 -5.4 -8
      vertex 0.676188 -5.4 -1.45009
    endloop
  endfacet
  facet normal 0 1 0
    outer loop
      vertex 0.917722 -5.4 -1.31064
      vertex 10 -5.4 -8
      vertex 0.799999 -5.4 -1.38564
    endloop
  endfacet
  facet normal 0 1 0
    outer loop
      vertex 1.02846 -5.4 -1.22567
      vertex 10 -5.4 -8
      vertex 0.917722 -5.4 -1.31064
    endloop
  endfacet
  facet normal 0 1 0
    outer loop
      vertex 1.13137 -5.4 -1.13137
      vertex 10 -5.4 -8
      vertex 1.02846 -5.4 -1.22567
    endloop
  endfacet
  facet normal 0 1 0
    outer loop
      vertex 1.22567 -5.4 -1.02846
      vertex 10 -5.4 -8
      vertex 1.13137 -5.4 -1.13137
    endloop
  endfacet
  facet normal 0 1 -0
    outer loop
      vertex -0.139449 -5.4 1.59391
      vertex -10 -5.4 7
      vertex 0 -5.4 1.6
    endloop
  endfacet
  facet normal 0 1 -0
    outer loop
      vertex -0.277837 -5.4 1.57569
      vertex -10 -5.4 7
      vertex -0.139449 -5.4 1.59391
    endloop
  endfacet
  facet normal 0 1 -0
    outer loop
      vertex -0.41411 -5.4 1.54548
      vertex -10 -5.4 7
      vertex -0.277837 -5.4 1.57569
    endloop
  endfacet
  facet normal 0 1 -0
    outer loop
      vertex -0.547232 -5.4 1.50351
      vertex -10 -5.4 7
      vertex -0.41411 -5.4 1.54548
    endloop
  endfacet
  facet normal 0 1 -0
    outer loop
      vertex -0.676188 -5.4 1.45009
      vertex -10 -5.4 7
      vertex -0.547232 -5.4 1.50351
    endloop
  endfacet
  facet normal 0 1 -0
    outer loop
      vertex -0.799999 -5.4 1.38564
      vertex -10 -5.4 7
      vertex -0.676188 -5.4 1.45009
    endloop
  endfacet
  facet normal 0 1 -0
    outer loop
      vertex -0.917722 -5.4 1.31064
      vertex -10 -5.4 7
      vertex -0.799999 -5.4 1.38564
    endloop
  endfacet
  facet normal 0 1 -0
    outer loop
      vertex -1.02846 -5.4 1.22567
      vertex -10 -5.4 7
      vertex -0.917722 -5.4 1.31064
    endloop
  endfacet
  facet normal 0 1 -0
    outer loop
      vertex -1.13137 -5.4 1.13137
      vertex -10 -5.4 7
      vertex -1.02846 -5.4 1.22567
    endloop
  endfacet
  facet normal 0 1 -0
    outer loop
      vertex -1.22567 -5.4 1.02846
      vertex -10 -5.4 7
      vertex -1.13137 -5.4 1.13137
    endloop
  endfacet
  facet normal 0 1 -0
    outer loop
      vertex -1.31064 -5.4 0.917722
      vertex -10 -5.4 7
      vertex -1.22567 -5.4 1.02846
    endloop
  endfacet
  facet normal 0 1 -0
    outer loop
      vertex -1.38564 -5.4 0.799999
      vertex -10 -5.4 7
      vertex -1.31064 -5.4 0.917722
    endloop
  endfacet
  facet normal 0 1 -0
    outer loop
      vertex -1.45009 -5.4 0.676188
      vertex -10 -5.4 7
      vertex -1.38564 -5.4 0.799999
    endloop
  endfacet
  facet normal 0 1 -0
    outer loop
      vertex -1.50351 -5.4 0.547232
      vertex -10 -5.4 7
      vertex -1.45009 -5.4 0.676188
    endloop
  endfacet
  facet normal 0 1 -0
    outer loop
      vertex -1.54548 -5.4 0.41411
      vertex -10 -5.4 7
      vertex -1.50351 -5.4 0.547232
    endloop
  endfacet
  facet normal 0 1 -0
    outer loop
      vertex -1.57569 -5.4 0.277837
      vertex -10 -5.4 7
      vertex -1.54548 -5.4 0.41411
    endloop
  endfacet
  facet normal 0 1 -0
    outer loop
      vertex -1.59391 -5.4 0.139449
      vertex -10 -5.4 7
      vertex -1.57569 -5.4 0.277837
    endloop
  endfacet
  facet normal 0 1 -0
    outer loop
      vertex -1.6 -5.4 0
      vertex -10 -5.4 7
      vertex -1.59391 -5.4 0.139449
    endloop
  endfacet
  facet normal 0 1 0
    outer loop
      vertex -1.59391 -5.4 -0.139449
      vertex -10 -5.4 7
      vertex -1.6 -5.4 0
    endloop
  endfacet
  facet normal 0 1 0
    outer loop
      vertex -10 -5.4 -8
      vertex -1.59391 -5.4 -0.139449
      vertex -1.57569 -5.4 -0.277837
    endloop
  endfacet
  facet normal 0 1 0
    outer loop
      vertex -10 -5.4 -8
      vertex -1.57569 -5.4 -0.277837
      vertex -1.54548 -5.4 -0.41411
    endloop
  endfacet
  facet normal 0 1 0
    outer loop
      vertex -10 -5.4 -8
      vertex -1.54548 -5.4 -0.41411
      vertex -1.50351 -5.4 -0.547232
    endloop
  endfacet
  facet normal 0 1 0
    outer loop
      vertex -10 -5.4 -8
      vertex -1.50351 -5.4 -0.547232
      vertex -1.45009 -5.4 -0.676188
    endloop
  endfacet
  facet normal 0 1 0
    outer loop
      vertex -10 -5.4 -8
      vertex -1.45009 -5.4 -0.676188
      vertex -1.38564 -5.4 -0.799999
    endloop
  endfacet
  facet normal 0 1 0
    outer loop
      vertex -10 -5.4 -8
      vertex -1.38564 -5.4 -0.799999
      vertex -1.31064 -5.4 -0.917722
    endloop
  endfacet
  facet normal 0 1 0
    outer loop
      vertex -10 -5.4 -8
      vertex -1.31064 -5.4 -0.917722
      vertex -1.22567 -5.4 -1.02846
    endloop
  endfacet
  facet normal 0 1 0
    outer loop
      vertex -10 -5.4 -8
      vertex -1.22567 -5.4 -1.02846
      vertex -1.13137 -5.4 -1.13137
    endloop
  endfacet
  facet normal 0 1 0
    outer loop
      vertex -10 -5.4 -8
      vertex 0 -5.4 -1.6
      vertex 10 -5.4 -8
    endloop
  endfacet
  facet normal 0 1 0
    outer loop
      vertex 0 -5.4 -1.6
      vertex -10 -5.4 -8
      vertex -0.139449 -5.4 -1.59391
    endloop
  endfacet
  facet normal 0 1 0
    outer loop
      vertex -0.139449 -5.4 -1.59391
      vertex -10 -5.4 -8
      vertex -0.277837 -5.4 -1.57569
    endloop
  endfacet
  facet normal 0 1 0
    outer loop
      vertex -0.277837 -5.4 -1.57569
      vertex -10 -5.4 -8
      vertex -0.41411 -5.4 -1.54548
    endloop
  endfacet
  facet normal 0 1 0
    outer loop
      vertex -0.41411 -5.4 -1.54548
      vertex -10 -5.4 -8
      vertex -0.547232 -5.4 -1.50351
    endloop
  endfacet
  facet normal 0 1 0
    outer loop
      vertex -0.547232 -5.4 -1.50351
      vertex -10 -5.4 -8
      vertex -0.676188 -5.4 -1.45009
    endloop
  endfacet
  facet normal 0 1 0
    outer loop
      vertex -1.59391 -5.4 -0.139449
      vertex -10 -5.4 -8
      vertex -10 -5.4 7
    endloop
  endfacet
  facet normal 0 1 0
    outer loop
      vertex -1.02846 -5.4 -1.22567
      vertex -10 -5.4 -8
      vertex -1.13137 -5.4 -1.13137
    endloop
  endfacet
  facet normal 0 1 0
    outer loop
      vertex -0.917722 -5.4 -1.31064
      vertex -10 -5.4 -8
      vertex -1.02846 -5.4 -1.22567
    endloop
  endfacet
  facet normal 0 1 0
    outer loop
      vertex -0.799999 -5.4 -1.38564
      vertex -10 -5.4 -8
      vertex -0.917722 -5.4 -1.31064
    endloop
  endfacet
  facet normal 0 1 0
    outer loop
      vertex -0.676188 -5.4 -1.45009
      vertex -10 -5.4 -8
      vertex -0.799999 -5.4 -1.38564
    endloop
  endfacet
  facet normal 0 -1 0
    outer loop
      vertex -10 -9.4 7
      vertex 0 -9.4 1.6
      vertex 10 -9.4 7
    endloop
  endfacet
  facet normal 0 -1 0
    outer loop
      vertex -10 -9.4 7
      vertex -0.139449 -9.4 1.59391
      vertex 0 -9.4 1.6
    endloop
  endfacet
  facet normal 0 -1 0
    outer loop
      vertex -10 -9.4 7
      vertex -0.277837 -9.4 1.57569
      vertex -0.139449 -9.4 1.59391
    endloop
  endfacet
  facet normal 0 -1 0
    outer loop
      vertex -10 -9.4 7
      vertex -0.41411 -9.4 1.54548
      vertex -0.277837 -9.4 1.57569
    endloop
  endfacet
  facet normal 0 -1 0
    outer loop
      vertex -10 -9.4 7
      vertex -0.547232 -9.4 1.50351
      vertex -0.41411 -9.4 1.54548
    endloop
  endfacet
  facet normal 0 -1 0
    outer loop
      vertex -10 -9.4 7
      vertex -0.676188 -9.4 1.45009
      vertex -0.547232 -9.4 1.50351
    endloop
  endfacet
  facet normal 0 -1 0
    outer loop
      vertex -10 -9.4 7
      vertex -0.799999 -9.4 1.38564
      vertex -0.676188 -9.4 1.45009
    endloop
  endfacet
  facet normal 0 -1 0
    outer loop
      vertex -10 -9.4 7
      vertex -0.917722 -9.4 1.31064
      vertex -0.799999 -9.4 1.38564
    endloop
  endfacet
  facet normal 0 -1 0
    outer loop
      vertex -10 -9.4 7
      vertex -1.02846 -9.4 1.22567
      vertex -0.917722 -9.4 1.31064
    endloop
  endfacet
  facet normal 0 -1 0
    outer loop
      vertex -10 -9.4 7
      vertex -1.13137 -9.4 1.13137
      vertex -1.02846 -9.4 1.22567
    endloop
  endfacet
  facet normal 0 -1 0
    outer loop
      vertex -10 -9.4 7
      vertex -1.22567 -9.4 1.02846
      vertex -1.13137 -9.4 1.13137
    endloop
  endfacet
  facet normal 0 -1 0
    outer loop
      vertex -10 -9.4 7
      vertex -1.31064 -9.4 0.917722
      vertex -1.22567 -9.4 1.02846
    endloop
  endfacet
  facet normal 0 -1 0
    outer loop
      vertex -10 -9.4 7
      vertex -1.38564 -9.4 0.799999
      vertex -1.31064 -9.4 0.917722
    endloop
  endfacet
  facet normal 0 -1 0
    outer loop
      vertex -10 -9.4 7
      vertex -1.45009 -9.4 0.676188
      vertex -1.38564 -9.4 0.799999
    endloop
  endfacet
  facet normal 0 -1 0
    outer loop
      vertex -10 -9.4 7
      vertex -1.50351 -9.4 0.547232
      vertex -1.45009 -9.4 0.676188
    endloop
  endfacet
  facet normal 0 -1 0
    outer loop
      vertex -10 -9.4 7
      vertex -1.54548 -9.4 0.41411
      vertex -1.50351 -9.4 0.547232
    endloop
  endfacet
  facet normal 0 -1 0
    outer loop
      vertex -10 -9.4 7
      vertex -1.57569 -9.4 0.277837
      vertex -1.54548 -9.4 0.41411
    endloop
  endfacet
  facet normal 0 -1 0
    outer loop
      vertex -10 -9.4 7
      vertex -1.59391 -9.4 0.139449
      vertex -1.57569 -9.4 0.277837
    endloop
  endfacet
  facet normal 0 -1 0
    outer loop
      vertex -10 -9.4 7
      vertex -1.6 -9.4 0
      vertex -1.59391 -9.4 0.139449
    endloop
  endfacet
  facet normal 0 -1 0
    outer loop
      vertex -10 -9.4 7
      vertex -1.59391 -9.4 -0.139449
      vertex -1.6 -9.4 0
    endloop
  endfacet
  facet normal 0 -1 0
    outer loop
      vertex -10 -9.4 -8
      vertex -1.59391 -9.4 -0.139449
      vertex -10 -9.4 7
    endloop
  endfacet
  facet normal 0 -1 -0
    outer loop
      vertex -1.59391 -9.4 -0.139449
      vertex -10 -9.4 -8
      vertex -1.57569 -9.4 -0.277837
    endloop
  endfacet
  facet normal 0 -1 -0
    outer loop
      vertex -1.57569 -9.4 -0.277837
      vertex -10 -9.4 -8
      vertex -1.54548 -9.4 -0.41411
    endloop
  endfacet
  facet normal 0 -1 -0
    outer loop
      vertex -1.54548 -9.4 -0.41411
      vertex -10 -9.4 -8
      vertex -1.50351 -9.4 -0.547232
    endloop
  endfacet
  facet normal 0 -1 -0
    outer loop
      vertex -1.50351 -9.4 -0.547232
      vertex -10 -9.4 -8
      vertex -1.45009 -9.4 -0.676188
    endloop
  endfacet
  facet normal 0 -1 -0
    outer loop
      vertex -1.45009 -9.4 -0.676188
      vertex -10 -9.4 -8
      vertex -1.38564 -9.4 -0.799999
    endloop
  endfacet
  facet normal 0 -1 -0
    outer loop
      vertex -1.38564 -9.4 -0.799999
      vertex -10 -9.4 -8
      vertex -1.31064 -9.4 -0.917722
    endloop
  endfacet
  facet normal 0 -1 -0
    outer loop
      vertex -1.31064 -9.4 -0.917722
      vertex -10 -9.4 -8
      vertex -1.22567 -9.4 -1.02846
    endloop
  endfacet
  facet normal 0 -1 -0
    outer loop
      vertex -0.139449 -9.4 -1.59391
      vertex -10 -9.4 -8
      vertex 0 -9.4 -1.6
    endloop
  endfacet
  facet normal 0 -1 -0
    outer loop
      vertex -0.277837 -9.4 -1.57569
      vertex -10 -9.4 -8
      vertex -0.139449 -9.4 -1.59391
    endloop
  endfacet
  facet normal 0 -1 -0
    outer loop
      vertex -0.41411 -9.4 -1.54548
      vertex -10 -9.4 -8
      vertex -0.277837 -9.4 -1.57569
    endloop
  endfacet
  facet normal 0 -1 -0
    outer loop
      vertex -0.547232 -9.4 -1.50351
      vertex -10 -9.4 -8
      vertex -0.41411 -9.4 -1.54548
    endloop
  endfacet
  facet normal 0 -1 -0
    outer loop
      vertex -0.676188 -9.4 -1.45009
      vertex -10 -9.4 -8
      vertex -0.547232 -9.4 -1.50351
    endloop
  endfacet
  facet normal 0 -1 -0
    outer loop
      vertex -0.799999 -9.4 -1.38564
      vertex -10 -9.4 -8
      vertex -0.676188 -9.4 -1.45009
    endloop
  endfacet
  facet normal 0 -1 -0
    outer loop
      vertex -0.917722 -9.4 -1.31064
      vertex -10 -9.4 -8
      vertex -0.799999 -9.4 -1.38564
    endloop
  endfacet
  facet normal 0 -1 -0
    outer loop
      vertex -1.02846 -9.4 -1.22567
      vertex -10 -9.4 -8
      vertex -0.917722 -9.4 -1.31064
    endloop
  endfacet
  facet normal 0 -1 -0
    outer loop
      vertex -1.13137 -9.4 -1.13137
      vertex -10 -9.4 -8
      vertex -1.02846 -9.4 -1.22567
    endloop
  endfacet
  facet normal 0 -1 -0
    outer loop
      vertex -1.22567 -9.4 -1.02846
      vertex -10 -9.4 -8
      vertex -1.13137 -9.4 -1.13137
    endloop
  endfacet
  facet normal 0 -1 0
    outer loop
      vertex 0.139449 -9.4 1.59391
      vertex 10 -9.4 7
      vertex 0 -9.4 1.6
    endloop
  endfacet
  facet normal 0 -1 0
    outer loop
      vertex 0.277837 -9.4 1.57569
      vertex 10 -9.4 7
      vertex 0.139449 -9.4 1.59391
    endloop
  endfacet
  facet normal 0 -1 0
    outer loop
      vertex 0.41411 -9.4 1.54548
      vertex 10 -9.4 7
      vertex 0.277837 -9.4 1.57569
    endloop
  endfacet
  facet normal 0 -1 0
    outer loop
      vertex 0.547232 -9.4 1.50351
      vertex 10 -9.4 7
      vertex 0.41411 -9.4 1.54548
    endloop
  endfacet
  facet normal 0 -1 0
    outer loop
      vertex 0.676188 -9.4 1.45009
      vertex 10 -9.4 7
      vertex 0.547232 -9.4 1.50351
    endloop
  endfacet
  facet normal 0 -1 0
    outer loop
      vertex 0.799999 -9.4 1.38564
      vertex 10 -9.4 7
      vertex 0.676188 -9.4 1.45009
    endloop
  endfacet
  facet normal 0 -1 0
    outer loop
      vertex 0.917722 -9.4 1.31064
      vertex 10 -9.4 7
      vertex 0.799999 -9.4 1.38564
    endloop
  endfacet
  facet normal 0 -1 0
    outer loop
      vertex 1.02846 -9.4 1.22567
      vertex 10 -9.4 7
      vertex 0.917722 -9.4 1.31064
    endloop
  endfacet
  facet normal 0 -1 0
    outer loop
      vertex 1.13137 -9.4 1.13137
      vertex 10 -9.4 7
      vertex 1.02846 -9.4 1.22567
    endloop
  endfacet
  facet normal 0 -1 0
    outer loop
      vertex 1.22567 -9.4 1.02846
      vertex 10 -9.4 7
      vertex 1.13137 -9.4 1.13137
    endloop
  endfacet
  facet normal 0 -1 0
    outer loop
      vertex 1.31064 -9.4 0.917722
      vertex 10 -9.4 7
      vertex 1.22567 -9.4 1.02846
    endloop
  endfacet
  facet normal 0 -1 0
    outer loop
      vertex 1.38564 -9.4 0.799999
      vertex 10 -9.4 7
      vertex 1.31064 -9.4 0.917722
    endloop
  endfacet
  facet normal 0 -1 0
    outer loop
      vertex 1.45009 -9.4 0.676188
      vertex 10 -9.4 7
      vertex 1.38564 -9.4 0.799999
    endloop
  endfacet
  facet normal 0 -1 0
    outer loop
      vertex 1.50351 -9.4 0.547232
      vertex 10 -9.4 7
      vertex 1.45009 -9.4 0.676188
    endloop
  endfacet
  facet normal 0 -1 0
    outer loop
      vertex 1.54548 -9.4 0.41411
      vertex 10 -9.4 7
      vertex 1.50351 -9.4 0.547232
    endloop
  endfacet
  facet normal 0 -1 0
    outer loop
      vertex 1.57569 -9.4 0.277837
      vertex 10 -9.4 7
      vertex 1.54548 -9.4 0.41411
    endloop
  endfacet
  facet normal 0 -1 0
    outer loop
      vertex 1.59391 -9.4 0.139449
      vertex 10 -9.4 7
      vertex 1.57569 -9.4 0.277837
    endloop
  endfacet
  facet normal 0 -1 0
    outer loop
      vertex 1.6 -9.4 0
      vertex 10 -9.4 7
      vertex 1.59391 -9.4 0.139449
    endloop
  endfacet
  facet normal 0 -1 0
    outer loop
      vertex 1.59391 -9.4 -0.139449
      vertex 10 -9.4 7
      vertex 1.6 -9.4 0
    endloop
  endfacet
  facet normal 0 -1 0
    outer loop
      vertex 10 -9.4 -8
      vertex 1.59391 -9.4 -0.139449
      vertex 1.57569 -9.4 -0.277837
    endloop
  endfacet
  facet normal 0 -1 0
    outer loop
      vertex 10 -9.4 -8
      vertex 1.57569 -9.4 -0.277837
      vertex 1.54548 -9.4 -0.41411
    endloop
  endfacet
  facet normal 0 -1 0
    outer loop
      vertex 10 -9.4 -8
      vertex 1.54548 -9.4 -0.41411
      vertex 1.50351 -9.4 -0.547232
    endloop
  endfacet
  facet normal 0 -1 0
    outer loop
      vertex 10 -9.4 -8
      vertex 1.50351 -9.4 -0.547232
      vertex 1.45009 -9.4 -0.676188
    endloop
  endfacet
  facet normal 0 -1 0
    outer loop
      vertex 10 -9.4 -8
      vertex 1.45009 -9.4 -0.676188
      vertex 1.38564 -9.4 -0.799999
    endloop
  endfacet
  facet normal 0 -1 0
    outer loop
      vertex 10 -9.4 -8
      vertex 1.38564 -9.4 -0.799999
      vertex 1.31064 -9.4 -0.917722
    endloop
  endfacet
  facet normal 0 -1 0
    outer loop
      vertex 10 -9.4 -8
      vertex 1.31064 -9.4 -0.917722
      vertex 1.22567 -9.4 -1.02846
    endloop
  endfacet
  facet normal 0 -1 0
    outer loop
      vertex 10 -9.4 -8
      vertex 1.22567 -9.4 -1.02846
      vertex 1.13137 -9.4 -1.13137
    endloop
  endfacet
  facet normal 0 -1 0
    outer loop
      vertex 10 -9.4 -8
      vertex 0 -9.4 -1.6
      vertex -10 -9.4 -8
    endloop
  endfacet
  facet normal 0 -1 0
    outer loop
      vertex 0 -9.4 -1.6
      vertex 10 -9.4 -8
      vertex 0.139449 -9.4 -1.59391
    endloop
  endfacet
  facet normal 0 -1 0
    outer loop
      vertex 0.139449 -9.4 -1.59391
      vertex 10 -9.4 -8
      vertex 0.277837 -9.4 -1.57569
    endloop
  endfacet
  facet normal 0 -1 0
    outer loop
      vertex 0.277837 -9.4 -1.57569
      vertex 10 -9.4 -8
      vertex 0.41411 -9.4 -1.54548
    endloop
  endfacet
  facet normal 0 -1 0
    outer loop
      vertex 0.41411 -9.4 -1.54548
      vertex 10 -9.4 -8
      vertex 0.547232 -9.4 -1.50351
    endloop
  endfacet
  facet normal 0 -1 0
    outer loop
      vertex 0.547232 -9.4 -1.50351
      vertex 10 -9.4 -8
      vertex 0.676188 -9.4 -1.45009
    endloop
  endfacet
  facet normal 0 -1 0
    outer loop
      vertex 1.59391 -9.4 -0.139449
      vertex 10 -9.4 -8
      vertex 10 -9.4 7
    endloop
  endfacet
  facet normal 0 -1 0
    outer loop
      vertex 1.02846 -9.4 -1.22567
      vertex 10 -9.4 -8
      vertex 1.13137 -9.4 -1.13137
    endloop
  endfacet
  facet normal 0 -1 0
    outer loop
      vertex 0.917722 -9.4 -1.31064
      vertex 10 -9.4 -8
      vertex 1.02846 -9.4 -1.22567
    endloop
  endfacet
  facet normal 0 -1 0
    outer loop
      vertex 0.799999 -9.4 -1.38564
      vertex 10 -9.4 -8
      vertex 0.917722 -9.4 -1.31064
    endloop
  endfacet
  facet normal 0 -1 0
    outer loop
      vertex 0.676188 -9.4 -1.45009
      vertex 10 -9.4 -8
      vertex 0.799999 -9.4 -1.38564
    endloop
  endfacet
  facet normal 1 -0 0
    outer loop
      vertex 10 5.4 7
      vertex 10 9.4 -8
      vertex 10 9.4 7
    endloop
  endfacet
  facet normal 1 0 0
    outer loop
      vertex 10 9.4 -8
      vertex 10 5.4 7
      vertex 10 5.4 -8
    endloop
  endfacet
  facet normal 0 0 -1
    outer loop
      vertex -10 5.4 -8
      vertex 10 9.4 -8
      vertex 10 5.4 -8
    endloop
  endfacet
  facet normal -0 0 -1
    outer loop
      vertex 10 9.4 -8
      vertex -10 5.4 -8
      vertex -10 9.4 -8
    endloop
  endfacet
  facet normal -1 0 0
    outer loop
      vertex -10 5.4 -8
      vertex -10 9.4 7
      vertex -10 9.4 -8
    endloop
  endfacet
  facet normal -1 -0 0
    outer loop
      vertex -10 9.4 7
      vertex -10 5.4 -8
      vertex -10 5.4 7
    endloop
  endfacet
  facet normal 0 1 0
    outer loop
      vertex 10 9.4 7
      vertex 0 9.4 1.6
      vertex -10 9.4 7
    endloop
  endfacet
  facet normal 0 1 0
    outer loop
      vertex 10 9.4 7
      vertex 0.139449 9.4 1.59391
      vertex 0 9.4 1.6
    endloop
  endfacet
  facet normal 0 1 0
    outer loop
      vertex 10 9.4 7
      vertex 0.277837 9.4 1.57569
      vertex 0.139449 9.4 1.59391
    endloop
  endfacet
  facet normal 0 1 0
    outer loop
      vertex 10 9.4 7
      vertex 0.41411 9.4 1.54548
      vertex 0.277837 9.4 1.57569
    endloop
  endfacet
  facet normal 0 1 0
    outer loop
      vertex 10 9.4 7
      vertex 0.547232 9.4 1.50351
      vertex 0.41411 9.4 1.54548
    endloop
  endfacet
  facet normal 0 1 0
    outer loop
      vertex 10 9.4 7
      vertex 0.676188 9.4 1.45009
      vertex 0.547232 9.4 1.50351
    endloop
  endfacet
  facet normal 0 1 0
    outer loop
      vertex 10 9.4 7
      vertex 0.799999 9.4 1.38564
      vertex 0.676188 9.4 1.45009
    endloop
  endfacet
  facet normal 0 1 0
    outer loop
      vertex 10 9.4 7
      vertex 0.917722 9.4 1.31064
      vertex 0.799999 9.4 1.38564
    endloop
  endfacet
  facet normal 0 1 0
    outer loop
      vertex 10 9.4 7
      vertex 1.02846 9.4 1.22567
      vertex 0.917722 9.4 1.31064
    endloop
  endfacet
  facet normal 0 1 0
    outer loop
      vertex 10 9.4 7
      vertex 1.13137 9.4 1.13137
      vertex 1.02846 9.4 1.22567
    endloop
  endfacet
  facet normal 0 1 0
    outer loop
      vertex 10 9.4 7
      vertex 1.22567 9.4 1.02846
      vertex 1.13137 9.4 1.13137
    endloop
  endfacet
  facet normal 0 1 0
    outer loop
      vertex 10 9.4 7
      vertex 1.31064 9.4 0.917722
      vertex 1.22567 9.4 1.02846
    endloop
  endfacet
  facet normal 0 1 0
    outer loop
      vertex 10 9.4 7
      vertex 1.38564 9.4 0.799999
      vertex 1.31064 9.4 0.917722
    endloop
  endfacet
  facet normal 0 1 0
    outer loop
      vertex 10 9.4 7
      vertex 1.45009 9.4 0.676188
      vertex 1.38564 9.4 0.799999
    endloop
  endfacet
  facet normal 0 1 0
    outer loop
      vertex 10 9.4 7
      vertex 1.50351 9.4 0.547232
      vertex 1.45009 9.4 0.676188
    endloop
  endfacet
  facet normal 0 1 0
    outer loop
      vertex 10 9.4 7
      vertex 1.54548 9.4 0.41411
      vertex 1.50351 9.4 0.547232
    endloop
  endfacet
  facet normal 0 1 0
    outer loop
      vertex 10 9.4 7
      vertex 1.57569 9.4 0.277837
      vertex 1.54548 9.4 0.41411
    endloop
  endfacet
  facet normal 0 1 0
    outer loop
      vertex 10 9.4 7
      vertex 1.59391 9.4 0.139449
      vertex 1.57569 9.4 0.277837
    endloop
  endfacet
  facet normal 0 1 0
    outer loop
      vertex 10 9.4 7
      vertex 1.6 9.4 0
      vertex 1.59391 9.4 0.139449
    endloop
  endfacet
  facet normal 0 1 0
    outer loop
      vertex 10 9.4 7
      vertex 1.59391 9.4 -0.139449
      vertex 1.6 9.4 0
    endloop
  endfacet
  facet normal 0 1 -0
    outer loop
      vertex 10 9.4 -8
      vertex 1.59391 9.4 -0.139449
      vertex 10 9.4 7
    endloop
  endfacet
  facet normal 0 1 0
    outer loop
      vertex 1.59391 9.4 -0.139449
      vertex 10 9.4 -8
      vertex 1.57569 9.4 -0.277837
    endloop
  endfacet
  facet normal 0 1 0
    outer loop
      vertex 1.57569 9.4 -0.277837
      vertex 10 9.4 -8
      vertex 1.54548 9.4 -0.41411
    endloop
  endfacet
  facet normal 0 1 0
    outer loop
      vertex 1.54548 9.4 -0.41411
      vertex 10 9.4 -8
      vertex 1.50351 9.4 -0.547232
    endloop
  endfacet
  facet normal 0 1 0
    outer loop
      vertex 1.50351 9.4 -0.547232
      vertex 10 9.4 -8
      vertex 1.45009 9.4 -0.676188
    endloop
  endfacet
  facet normal 0 1 0
    outer loop
      vertex 1.45009 9.4 -0.676188
      vertex 10 9.4 -8
      vertex 1.38564 9.4 -0.799999
    endloop
  endfacet
  facet normal 0 1 0
    outer loop
      vertex 1.38564 9.4 -0.799999
      vertex 10 9.4 -8
      vertex 1.31064 9.4 -0.917722
    endloop
  endfacet
  facet normal 0 1 0
    outer loop
      vertex 1.31064 9.4 -0.917722
      vertex 10 9.4 -8
      vertex 1.22567 9.4 -1.02846
    endloop
  endfacet
  facet normal 0 1 0
    outer loop
      vertex 0.139449 9.4 -1.59391
      vertex 10 9.4 -8
      vertex 0 9.4 -1.6
    endloop
  endfacet
  facet normal 0 1 0
    outer loop
      vertex 0.277837 9.4 -1.57569
      vertex 10 9.4 -8
      vertex 0.139449 9.4 -1.59391
    endloop
  endfacet
  facet normal 0 1 0
    outer loop
      vertex 0.41411 9.4 -1.54548
      vertex 10 9.4 -8
      vertex 0.277837 9.4 -1.57569
    endloop
  endfacet
  facet normal 0 1 0
    outer loop
      vertex 0.547232 9.4 -1.50351
      vertex 10 9.4 -8
      vertex 0.41411 9.4 -1.54548
    endloop
  endfacet
  facet normal 0 1 0
    outer loop
      vertex 0.676188 9.4 -1.45009
      vertex 10 9.4 -8
      vertex 0.547232 9.4 -1.50351
    endloop
  endfacet
  facet normal 0 1 0
    outer loop
      vertex 0.799999 9.4 -1.38564
      vertex 10 9.4 -8
      vertex 0.676188 9.4 -1.45009
    endloop
  endfacet
  facet normal 0 1 0
    outer loop
      vertex 0.917722 9.4 -1.31064
      vertex 10 9.4 -8
      vertex 0.799999 9.4 -1.38564
    endloop
  endfacet
  facet normal 0 1 0
    outer loop
      vertex 1.02846 9.4 -1.22567
      vertex 10 9.4 -8
      vertex 0.917722 9.4 -1.31064
    endloop
  endfacet
  facet normal 0 1 0
    outer loop
      vertex 1.13137 9.4 -1.13137
      vertex 10 9.4 -8
      vertex 1.02846 9.4 -1.22567
    endloop
  endfacet
  facet normal 0 1 0
    outer loop
      vertex 1.22567 9.4 -1.02846
      vertex 10 9.4 -8
      vertex 1.13137 9.4 -1.13137
    endloop
  endfacet
  facet normal 0 1 -0
    outer loop
      vertex -0.139449 9.4 1.59391
      vertex -10 9.4 7
      vertex 0 9.4 1.6
    endloop
  endfacet
  facet normal 0 1 -0
    outer loop
      vertex -0.277837 9.4 1.57569
      vertex -10 9.4 7
      vertex -0.139449 9.4 1.59391
    endloop
  endfacet
  facet normal 0 1 -0
    outer loop
      vertex -0.41411 9.4 1.54548
      vertex -10 9.4 7
      vertex -0.277837 9.4 1.57569
    endloop
  endfacet
  facet normal 0 1 -0
    outer loop
      vertex -0.547232 9.4 1.50351
      vertex -10 9.4 7
      vertex -0.41411 9.4 1.54548
    endloop
  endfacet
  facet normal 0 1 -0
    outer loop
      vertex -0.676188 9.4 1.45009
      vertex -10 9.4 7
      vertex -0.547232 9.4 1.50351
    endloop
  endfacet
  facet normal 0 1 -0
    outer loop
      vertex -0.799999 9.4 1.38564
      vertex -10 9.4 7
      vertex -0.676188 9.4 1.45009
    endloop
  endfacet
  facet normal 0 1 -0
    outer loop
      vertex -0.917722 9.4 1.31064
      vertex -10 9.4 7
      vertex -0.799999 9.4 1.38564
    endloop
  endfacet
  facet normal 0 1 -0
    outer loop
      vertex -1.02846 9.4 1.22567
      vertex -10 9.4 7
      vertex -0.917722 9.4 1.31064
    endloop
  endfacet
  facet normal 0 1 -0
    outer loop
      vertex -1.13137 9.4 1.13137
      vertex -10 9.4 7
      vertex -1.02846 9.4 1.22567
    endloop
  endfacet
  facet normal 0 1 -0
    outer loop
      vertex -1.22567 9.4 1.02846
      vertex -10 9.4 7
      vertex -1.13137 9.4 1.13137
    endloop
  endfacet
  facet normal 0 1 -0
    outer loop
      vertex -1.31064 9.4 0.917722
      vertex -10 9.4 7
      vertex -1.22567 9.4 1.02846
    endloop
  endfacet
  facet normal 0 1 -0
    outer loop
      vertex -1.38564 9.4 0.799999
      vertex -10 9.4 7
      vertex -1.31064 9.4 0.917722
    endloop
  endfacet
  facet normal 0 1 -0
    outer loop
      vertex -1.45009 9.4 0.676188
      vertex -10 9.4 7
      vertex -1.38564 9.4 0.799999
    endloop
  endfacet
  facet normal 0 1 -0
    outer loop
      vertex -1.50351 9.4 0.547232
      vertex -10 9.4 7
      vertex -1.45009 9.4 0.676188
    endloop
  endfacet
  facet normal 0 1 -0
    outer loop
      vertex -1.54548 9.4 0.41411
      vertex -10 9.4 7
      vertex -1.50351 9.4 0.547232
    endloop
  endfacet
  facet normal 0 1 -0
    outer loop
      vertex -1.57569 9.4 0.277837
      vertex -10 9.4 7
      vertex -1.54548 9.4 0.41411
    endloop
  endfacet
  facet normal 0 1 -0
    outer loop
      vertex -1.59391 9.4 0.139449
      vertex -10 9.4 7
      vertex -1.57569 9.4 0.277837
    endloop
  endfacet
  facet normal 0 1 -0
    outer loop
      vertex -1.6 9.4 0
      vertex -10 9.4 7
      vertex -1.59391 9.4 0.139449
    endloop
  endfacet
  facet normal 0 1 0
    outer loop
      vertex -1.59391 9.4 -0.139449
      vertex -10 9.4 7
      vertex -1.6 9.4 0
    endloop
  endfacet
  facet normal 0 1 0
    outer loop
      vertex -10 9.4 -8
      vertex -1.59391 9.4 -0.139449
      vertex -1.57569 9.4 -0.277837
    endloop
  endfacet
  facet normal 0 1 0
    outer loop
      vertex -10 9.4 -8
      vertex -1.57569 9.4 -0.277837
      vertex -1.54548 9.4 -0.41411
    endloop
  endfacet
  facet normal 0 1 0
    outer loop
      vertex -10 9.4 -8
      vertex -1.54548 9.4 -0.41411
      vertex -1.50351 9.4 -0.547232
    endloop
  endfacet
  facet normal 0 1 0
    outer loop
      vertex -10 9.4 -8
      vertex -1.50351 9.4 -0.547232
      vertex -1.45009 9.4 -0.676188
    endloop
  endfacet
  facet normal 0 1 0
    outer loop
      vertex -10 9.4 -8
      vertex -1.45009 9.4 -0.676188
      vertex -1.38564 9.4 -0.799999
    endloop
  endfacet
  facet normal 0 1 0
    outer loop
      vertex -10 9.4 -8
      vertex -1.38564 9.4 -0.799999
      vertex -1.31064 9.4 -0.917722
    endloop
  endfacet
  facet normal 0 1 0
    outer loop
      vertex -10 9.4 -8
      vertex -1.31064 9.4 -0.917722
      vertex -1.22567 9.4 -1.02846
    endloop
  endfacet
  facet normal 0 1 0
    outer loop
      vertex -10 9.4 -8
      vertex -1.22567 9.4 -1.02846
      vertex -1.13137 9.4 -1.13137
    endloop
  endfacet
  facet normal 0 1 0
    outer loop
      vertex -10 9.4 -8
      vertex 0 9.4 -1.6
      vertex 10 9.4 -8
    endloop
  endfacet
  facet normal 0 1 0
    outer loop
      vertex 0 9.4 -1.6
      vertex -10 9.4 -8
      vertex -0.139449 9.4 -1.59391
    endloop
  endfacet
  facet normal 0 1 0
    outer loop
      vertex -0.139449 9.4 -1.59391
      vertex -10 9.4 -8
      vertex -0.277837 9.4 -1.57569
    endloop
  endfacet
  facet normal 0 1 0
    outer loop
      vertex -0.277837 9.4 -1.57569
      vertex -10 9.4 -8
      vertex -0.41411 9.4 -1.54548
    endloop
  endfacet
  facet normal 0 1 0
    outer loop
      vertex -0.41411 9.4 -1.54548
      vertex -10 9.4 -8
      vertex -0.547232 9.4 -1.50351
    endloop
  endfacet
  facet normal 0 1 0
    outer loop
      vertex -0.547232 9.4 -1.50351
      vertex -10 9.4 -8
      vertex -0.676188 9.4 -1.45009
    endloop
  endfacet
  facet normal 0 1 0
    outer loop
      vertex -1.59391 9.4 -0.139449
      vertex -10 9.4 -8
      vertex -10 9.4 7
    endloop
  endfacet
  facet normal 0 1 0
    outer loop
      vertex -1.02846 9.4 -1.22567
      vertex -10 9.4 -8
      vertex -1.13137 9.4 -1.13137
    endloop
  endfacet
  facet normal 0 1 0
    outer loop
      vertex -0.917722 9.4 -1.31064
      vertex -10 9.4 -8
      vertex -1.02846 9.4 -1.22567
    endloop
  endfacet
  facet normal 0 1 0
    outer loop
      vertex -0.799999 9.4 -1.38564
      vertex -10 9.4 -8
      vertex -0.917722 9.4 -1.31064
    endloop
  endfacet
  facet normal 0 1 0
    outer loop
      vertex -0.676188 9.4 -1.45009
      vertex -10 9.4 -8
      vertex -0.799999 9.4 -1.38564
    endloop
  endfacet
  facet normal 0 -1 0
    outer loop
      vertex -10 5.4 7
      vertex 0 5.4 1.6
      vertex 10 5.4 7
    endloop
  endfacet
  facet normal 0 -1 0
    outer loop
      vertex -10 5.4 7
      vertex -0.139449 5.4 1.59391
      vertex 0 5.4 1.6
    endloop
  endfacet
  facet normal 0 -1 0
    outer loop
      vertex -10 5.4 7
      vertex -0.277837 5.4 1.57569
      vertex -0.139449 5.4 1.59391
    endloop
  endfacet
  facet normal 0 -1 0
    outer loop
      vertex -10 5.4 7
      vertex -0.41411 5.4 1.54548
      vertex -0.277837 5.4 1.57569
    endloop
  endfacet
  facet normal 0 -1 0
    outer loop
      vertex -10 5.4 7
      vertex -0.547232 5.4 1.50351
      vertex -0.41411 5.4 1.54548
    endloop
  endfacet
  facet normal 0 -1 0
    outer loop
      vertex -10 5.4 7
      vertex -0.676188 5.4 1.45009
      vertex -0.547232 5.4 1.50351
    endloop
  endfacet
  facet normal 0 -1 0
    outer loop
      vertex -10 5.4 7
      vertex -0.799999 5.4 1.38564
      vertex -0.676188 5.4 1.45009
    endloop
  endfacet
  facet normal 0 -1 0
    outer loop
      vertex -10 5.4 7
      vertex -0.917722 5.4 1.31064
      vertex -0.799999 5.4 1.38564
    endloop
  endfacet
  facet normal 0 -1 0
    outer loop
      vertex -10 5.4 7
      vertex -1.02846 5.4 1.22567
      vertex -0.917722 5.4 1.31064
    endloop
  endfacet
  facet normal 0 -1 0
    outer loop
      vertex -10 5.4 7
      vertex -1.13137 5.4 1.13137
      vertex -1.02846 5.4 1.22567
    endloop
  endfacet
  facet normal 0 -1 0
    outer loop
      vertex -10 5.4 7
      vertex -1.22567 5.4 1.02846
      vertex -1.13137 5.4 1.13137
    endloop
  endfacet
  facet normal 0 -1 0
    outer loop
      vertex -10 5.4 7
      vertex -1.31064 5.4 0.917722
      vertex -1.22567 5.4 1.02846
    endloop
  endfacet
  facet normal 0 -1 0
    outer loop
      vertex -10 5.4 7
      vertex -1.38564 5.4 0.799999
      vertex -1.31064 5.4 0.917722
    endloop
  endfacet
  facet normal 0 -1 0
    outer loop
      vertex -10 5.4 7
      vertex -1.45009 5.4 0.676188
      vertex -1.38564 5.4 0.799999
    endloop
  endfacet
  facet normal 0 -1 0
    outer loop
      vertex -10 5.4 7
      vertex -1.50351 5.4 0.547232
      vertex -1.45009 5.4 0.676188
    endloop
  endfacet
  facet normal 0 -1 0
    outer loop
      vertex -10 5.4 7
      vertex -1.54548 5.4 0.41411
      vertex -1.50351 5.4 0.547232
    endloop
  endfacet
  facet normal 0 -1 0
    outer loop
      vertex -10 5.4 7
      vertex -1.57569 5.4 0.277837
      vertex -1.54548 5.4 0.41411
    endloop
  endfacet
  facet normal 0 -1 0
    outer loop
      vertex -10 5.4 7
      vertex -1.59391 5.4 0.139449
      vertex -1.57569 5.4 0.277837
    endloop
  endfacet
  facet normal 0 -1 0
    outer loop
      vertex -10 5.4 7
      vertex -1.6 5.4 0
      vertex -1.59391 5.4 0.139449
    endloop
  endfacet
  facet normal 0 -1 0
    outer loop
      vertex -10 5.4 7
      vertex -1.59391 5.4 -0.139449
      vertex -1.6 5.4 0
    endloop
  endfacet
  facet normal 0 -1 0
    outer loop
      vertex -10 5.4 -8
      vertex -1.59391 5.4 -0.139449
      vertex -10 5.4 7
    endloop
  endfacet
  facet normal 0 -1 -0
    outer loop
      vertex -1.59391 5.4 -0.139449
      vertex -10 5.4 -8
      vertex -1.57569 5.4 -0.277837
    endloop
  endfacet
  facet normal 0 -1 -0
    outer loop
      vertex -1.57569 5.4 -0.277837
      vertex -10 5.4 -8
      vertex -1.54548 5.4 -0.41411
    endloop
  endfacet
  facet normal 0 -1 -0
    outer loop
      vertex -1.54548 5.4 -0.41411
      vertex -10 5.4 -8
      vertex -1.50351 5.4 -0.547232
    endloop
  endfacet
  facet normal 0 -1 -0
    outer loop
      vertex -1.50351 5.4 -0.547232
      vertex -10 5.4 -8
      vertex -1.45009 5.4 -0.676188
    endloop
  endfacet
  facet normal 0 -1 -0
    outer loop
      vertex -1.45009 5.4 -0.676188
      vertex -10 5.4 -8
      vertex -1.38564 5.4 -0.799999
    endloop
  endfacet
  facet normal 0 -1 -0
    outer loop
      vertex -1.38564 5.4 -0.799999
      vertex -10 5.4 -8
      vertex -1.31064 5.4 -0.917722
    endloop
  endfacet
  facet normal 0 -1 -0
    outer loop
      vertex -1.31064 5.4 -0.917722
      vertex -10 5.4 -8
      vertex -1.22567 5.4 -1.02846
    endloop
  endfacet
  facet normal 0 -1 -0
    outer loop
      vertex -0.139449 5.4 -1.59391
      vertex -10 5.4 -8
      vertex 0 5.4 -1.6
    endloop
  endfacet
  facet normal 0 -1 -0
    outer loop
      vertex -0.277837 5.4 -1.57569
      vertex -10 5.4 -8
      vertex -0.139449 5.4 -1.59391
    endloop
  endfacet
  facet normal 0 -1 -0
    outer loop
      vertex -0.41411 5.4 -1.54548
      vertex -10 5.4 -8
      vertex -0.277837 5.4 -1.57569
    endloop
  endfacet
  facet normal 0 -1 -0
    outer loop
      vertex -0.547232 5.4 -1.50351
      vertex -10 5.4 -8
      vertex -0.41411 5.4 -1.54548
    endloop
  endfacet
  facet normal 0 -1 -0
    outer loop
      vertex -0.676188 5.4 -1.45009
      vertex -10 5.4 -8
      vertex -0.547232 5.4 -1.50351
    endloop
  endfacet
  facet normal 0 -1 -0
    outer loop
      vertex -0.799999 5.4 -1.38564
      vertex -10 5.4 -8
      vertex -0.676188 5.4 -1.45009
    endloop
  endfacet
  facet normal 0 -1 -0
    outer loop
      vertex -0.917722 5.4 -1.31064
      vertex -10 5.4 -8
      vertex -0.799999 5.4 -1.38564
    endloop
  endfacet
  facet normal 0 -1 -0
    outer loop
      vertex -1.02846 5.4 -1.22567
      vertex -10 5.4 -8
      vertex -0.917722 5.4 -1.31064
    endloop
  endfacet
  facet normal 0 -1 -0
    outer loop
      vertex -1.13137 5.4 -1.13137
      vertex -10 5.4 -8
      vertex -1.02846 5.4 -1.22567
    endloop
  endfacet
  facet normal 0 -1 -0
    outer loop
      vertex -1.22567 5.4 -1.02846
      vertex -10 5.4 -8
      vertex -1.13137 5.4 -1.13137
    endloop
  endfacet
  facet normal 0 -1 0
    outer loop
      vertex 0.139449 5.4 1.59391
      vertex 10 5.4 7
      vertex 0 5.4 1.6
    endloop
  endfacet
  facet normal 0 -1 0
    outer loop
      vertex 0.277837 5.4 1.57569
      vertex 10 5.4 7
      vertex 0.139449 5.4 1.59391
    endloop
  endfacet
  facet normal 0 -1 0
    outer loop
      vertex 0.41411 5.4 1.54548
      vertex 10 5.4 7
      vertex 0.277837 5.4 1.57569
    endloop
  endfacet
  facet normal 0 -1 0
    outer loop
      vertex 0.547232 5.4 1.50351
      vertex 10 5.4 7
      vertex 0.41411 5.4 1.54548
    endloop
  endfacet
  facet normal 0 -1 0
    outer loop
      vertex 0.676188 5.4 1.45009
      vertex 10 5.4 7
      vertex 0.547232 5.4 1.50351
    endloop
  endfacet
  facet normal 0 -1 0
    outer loop
      vertex 0.799999 5.4 1.38564
      vertex 10 5.4 7
      vertex 0.676188 5.4 1.45009
    endloop
  endfacet
  facet normal 0 -1 0
    outer loop
      vertex 0.917722 5.4 1.31064
      vertex 10 5.4 7
      vertex 0.799999 5.4 1.38564
    endloop
  endfacet
  facet normal 0 -1 0
    outer loop
      vertex 1.02846 5.4 1.22567
      vertex 10 5.4 7
      vertex 0.917722 5.4 1.31064
    endloop
  endfacet
  facet normal 0 -1 0
    outer loop
      vertex 1.13137 5.4 1.13137
      vertex 10 5.4 7
      vertex 1.02846 5.4 1.22567
    endloop
  endfacet
  facet normal 0 -1 0
    outer loop
      vertex 1.22567 5.4 1.02846
      vertex 10 5.4 7
      vertex 1.13137 5.4 1.13137
    endloop
  endfacet
  facet normal 0 -1 0
    outer loop
      vertex 1.31064 5.4 0.917722
      vertex 10 5.4 7
      vertex 1.22567 5.4 1.02846
    endloop
  endfacet
  facet normal 0 -1 0
    outer loop
      vertex 1.38564 5.4 0.799999
      vertex 10 5.4 7
      vertex 1.31064 5.4 0.917722
    endloop
  endfacet
  facet normal 0 -1 0
    outer loop
      vertex 1.45009 5.4 0.676188
      vertex 10 5.4 7
      vertex 1.38564 5.4 0.799999
    endloop
  endfacet
  facet normal 0 -1 0
    outer loop
      vertex 1.50351 5.4 0.547232
      vertex 10 5.4 7
      vertex 1.45009 5.4 0.676188
    endloop
  endfacet
  facet normal 0 -1 0
    outer loop
      vertex 1.54548 5.4 0.41411
      vertex 10 5.4 7
      vertex 1.50351 5.4 0.547232
    endloop
  endfacet
  facet normal 0 -1 0
    outer loop
      vertex 1.57569 5.4 0.277837
      vertex 10 5.4 7
      vertex 1.54548 5.4 0.41411
    endloop
  endfacet
  facet normal 0 -1 0
    outer loop
      vertex 1.59391 5.4 0.139449
      vertex 10 5.4 7
      vertex 1.57569 5.4 0.277837
    endloop
  endfacet
  facet normal 0 -1 0
    outer loop
      vertex 1.6 5.4 0
      vertex 10 5.4 7
      vertex 1.59391 5.4 0.139449
    endloop
  endfacet
  facet normal 0 -1 0
    outer loop
      vertex 1.59391 5.4 -0.139449
      vertex 10 5.4 7
      vertex 1.6 5.4 0
    endloop
  endfacet
  facet normal 0 -1 0
    outer loop
      vertex 10 5.4 -8
      vertex 1.59391 5.4 -0.139449
      vertex 1.57569 5.4 -0.277837
    endloop
  endfacet
  facet normal 0 -1 0
    outer loop
      vertex 10 5.4 -8
      vertex 1.57569 5.4 -0.277837
      vertex 1.54548 5.4 -0.41411
    endloop
  endfacet
  facet normal 0 -1 0
    outer loop
      vertex 10 5.4 -8
      vertex 1.54548 5.4 -0.41411
      vertex 1.50351 5.4 -0.547232
    endloop
  endfacet
  facet normal 0 -1 0
    outer loop
      vertex 10 5.4 -8
      vertex 1.50351 5.4 -0.547232
      vertex 1.45009 5.4 -0.676188
    endloop
  endfacet
  facet normal 0 -1 0
    outer loop
      vertex 10 5.4 -8
      vertex 1.45009 5.4 -0.676188
      vertex 1.38564 5.4 -0.799999
    endloop
  endfacet
  facet normal 0 -1 0
    outer loop
      vertex 10 5.4 -8
      vertex 1.38564 5.4 -0.799999
      vertex 1.31064 5.4 -0.917722
    endloop
  endfacet
  facet normal 0 -1 0
    outer loop
      vertex 10 5.4 -8
      vertex 1.31064 5.4 -0.917722
      vertex 1.22567 5.4 -1.02846
    endloop
  endfacet
  facet normal 0 -1 0
    outer loop
      vertex 10 5.4 -8
      vertex 1.22567 5.4 -1.02846
      vertex 1.13137 5.4 -1.13137
    endloop
  endfacet
  facet normal 0 -1 0
    outer loop
      vertex 10 5.4 -8
      vertex 0 5.4 -1.6
      vertex -10 5.4 -8
    endloop
  endfacet
  facet normal 0 -1 0
    outer loop
      vertex 0 5.4 -1.6
      vertex 10 5.4 -8
      vertex 0.139449 5.4 -1.59391
    endloop
  endfacet
  facet normal 0 -1 0
    outer loop
      vertex 0.139449 5.4 -1.59391
      vertex 10 5.4 -8
      vertex 0.277837 5.4 -1.57569
    endloop
  endfacet
  facet normal 0 -1 0
    outer loop
      vertex 0.277837 5.4 -1.57569
      vertex 10 5.4 -8
      vertex 0.41411 5.4 -1.54548
    endloop
  endfacet
  facet normal 0 -1 0
    outer loop
      vertex 0.41411 5.4 -1.54548
      vertex 10 5.4 -8
      vertex 0.547232 5.4 -1.50351
    endloop
  endfacet
  facet normal 0 -1 0
    outer loop
      vertex 0.547232 5.4 -1.50351
      vertex 10 5.4 -8
      vertex 0.676188 5.4 -1.45009
    endloop
  endfacet
  facet normal 0 -1 0
    outer loop
      vertex 1.59391 5.4 -0.139449
      vertex 10 5.4 -8
      vertex 10 5.4 7
    endloop
  endfacet
  facet normal 0 -1 0
    outer loop
      vertex 1.02846 5.4 -1.22567
      vertex 10 5.4 -8
      vertex 1.13137 5.4 -1.13137
    endloop
  endfacet
  facet normal 0 -1 0
    outer loop
      vertex 0.917722 5.4 -1.31064
      vertex 10 5.4 -8
      vertex 1.02846 5.4 -1.22567
    endloop
  endfacet
  facet normal 0 -1 0
    outer loop
      vertex 0.799999 5.4 -1.38564
      vertex 10 5.4 -8
      vertex 0.917722 5.4 -1.31064
    endloop
  endfacet
  facet normal 0 -1 0
    outer loop
      vertex 0.676188 5.4 -1.45009
      vertex 10 5.4 -8
      vertex 0.799999 5.4 -1.38564
    endloop
  endfacet
  facet normal 1 -0 0
    outer loop
      vertex -9.5 -18.5 17.7
      vertex -9.5 -13.5 12.8
      vertex -9.5 -13.5 17.7
    endloop
  endfacet
  facet normal 1 0 0
    outer loop
      vertex -9.5 -18.5 10.7
      vertex -9.5 -13.5 12.8
      vertex -9.5 -18.5 17.7
    endloop
  endfacet
  facet normal 1 0 0
    outer loop
      vertex -9.5 -13.5 12.8
      vertex -9.5 -18.5 10.7
      vertex -9.5 -13.5 10.8
    endloop
  endfacet
  facet normal 1 0 0
    outer loop
      vertex -9.5 -13.5 10.8
      vertex -9.5 -18.5 10.7
      vertex -9.5 -13.5 10.7
    endloop
  endfacet
  facet normal 1 0 0
    outer loop
      vertex -9.5 -10.5 12.8
      vertex -9.5 -13 11
      vertex -9.5 -10.5 11
    endloop
  endfacet
  facet normal 1 -0 0
    outer loop
      vertex -9.5 -13.5 12.8
      vertex -9.5 -13 11
      vertex -9.5 -10.5 12.8
    endloop
  endfacet
  facet normal 1 0 0
    outer loop
      vertex -9.5 -13.5 10.8
      vertex -9.5 -13 11
      vertex -9.5 -13.5 12.8
    endloop
  endfacet
  facet normal 1 0 0
    outer loop
      vertex -9.5 -13 11
      vertex -9.5 -13.5 10.8
      vertex -9.5 -13 10.8
    endloop
  endfacet
  facet normal -0 0 1
    outer loop
      vertex -22.5 -13.5 17.7
      vertex -9.5 -18.5 17.7
      vertex -9.5 -13.5 17.7
    endloop
  endfacet
  facet normal 0 0 1
    outer loop
      vertex -9.5 -18.5 17.7
      vertex -22.5 -13.5 17.7
      vertex -22.5 -18.5 17.7
    endloop
  endfacet
  facet normal 0 0 -1
    outer loop
      vertex -22.5 -18.5 10.7
      vertex -9.5 -13.5 10.7
      vertex -9.5 -18.5 10.7
    endloop
  endfacet
  facet normal -0 0 -1
    outer loop
      vertex -9.5 -13.5 10.7
      vertex -22.5 -18.5 10.7
      vertex -22.5 -13.5 10.7
    endloop
  endfacet
  facet normal -1 0 0
    outer loop
      vertex -22.5 -13 10.8
      vertex -22.5 -13.5 10.8
      vertex -22.5 -13 11
    endloop
  endfacet
  facet normal -1 0 0
    outer loop
      vertex -22.5 -13 11
      vertex -22.5 -10.5 12.8
      vertex -22.5 -10.5 11
    endloop
  endfacet
  facet normal -1 0 0
    outer loop
      vertex -22.5 -13.5 12.8
      vertex -22.5 -13 11
      vertex -22.5 -13.5 10.8
    endloop
  endfacet
  facet normal -1 0 0
    outer loop
      vertex -22.5 -13 11
      vertex -22.5 -13.5 12.8
      vertex -22.5 -10.5 12.8
    endloop
  endfacet
  facet normal -1 0 0
    outer loop
      vertex -22.5 -18.5 10.7
      vertex -22.5 -13.5 10.8
      vertex -22.5 -13.5 10.7
    endloop
  endfacet
  facet normal -1 -0 0
    outer loop
      vertex -22.5 -13.5 10.8
      vertex -22.5 -18.5 10.7
      vertex -22.5 -13.5 12.8
    endloop
  endfacet
  facet normal -1 0 0
    outer loop
      vertex -22.5 -18.5 17.7
      vertex -22.5 -13.5 12.8
      vertex -22.5 -18.5 10.7
    endloop
  endfacet
  facet normal -1 0 0
    outer loop
      vertex -22.5 -13.5 12.8
      vertex -22.5 -18.5 17.7
      vertex -22.5 -13.5 17.7
    endloop
  endfacet
  facet normal 0 1 -0
    outer loop
      vertex -9.5 -13.5 12.8
      vertex -22.5 -13.5 17.7
      vertex -9.5 -13.5 17.7
    endloop
  endfacet
  facet normal 0 1 0
    outer loop
      vertex -22.5 -13.5 17.7
      vertex -9.5 -13.5 12.8
      vertex -22.5 -13.5 12.8
    endloop
  endfacet
  facet normal 0 1 -0
    outer loop
      vertex -9.5 -13.5 10.7
      vertex -22.5 -13.5 10.8
      vertex -9.5 -13.5 10.8
    endloop
  endfacet
  facet normal 0 1 0
    outer loop
      vertex -22.5 -13.5 10.8
      vertex -9.5 -13.5 10.7
      vertex -22.5 -13.5 10.7
    endloop
  endfacet
  facet normal 0 -1 0
    outer loop
      vertex -22.5 -18.5 10.7
      vertex -9.5 -18.5 17.7
      vertex -22.5 -18.5 17.7
    endloop
  endfacet
  facet normal 0 -1 -0
    outer loop
      vertex -9.5 -18.5 17.7
      vertex -22.5 -18.5 10.7
      vertex -9.5 -18.5 10.7
    endloop
  endfacet
  facet normal -0 0 1
    outer loop
      vertex -22.5 -10.5 12.8
      vertex -9.5 -13.5 12.8
      vertex -9.5 -10.5 12.8
    endloop
  endfacet
  facet normal 0 0 1
    outer loop
      vertex -9.5 -13.5 12.8
      vertex -22.5 -10.5 12.8
      vertex -22.5 -13.5 12.8
    endloop
  endfacet
  facet normal 0 0 -1
    outer loop
      vertex -22.5 -13.5 10.8
      vertex -9.5 -13 10.8
      vertex -9.5 -13.5 10.8
    endloop
  endfacet
  facet normal -0 0 -1
    outer loop
      vertex -9.5 -13 10.8
      vertex -22.5 -13.5 10.8
      vertex -22.5 -13 10.8
    endloop
  endfacet
  facet normal 0 1 -0
    outer loop
      vertex -9.5 -10.5 11
      vertex -22.5 -10.5 12.8
      vertex -9.5 -10.5 12.8
    endloop
  endfacet
  facet normal 0 1 0
    outer loop
      vertex -22.5 -10.5 12.8
      vertex -9.5 -10.5 11
      vertex -22.5 -10.5 11
    endloop
  endfacet
  facet normal 1 0 0
    outer loop
      vertex -9.5 13.5 12.8
      vertex -9.5 13 11
      vertex -9.5 13.5 10.8
    endloop
  endfacet
  facet normal 1 -0 0
    outer loop
      vertex -9.5 10.5 12.8
      vertex -9.5 13 11
      vertex -9.5 13.5 12.8
    endloop
  endfacet
  facet normal 1 0 0
    outer loop
      vertex -9.5 13 11
      vertex -9.5 10.5 12.8
      vertex -9.5 10.5 11
    endloop
  endfacet
  facet normal 1 0 0
    outer loop
      vertex -9.5 13.5 12.8
      vertex -9.5 18.5 17.7
      vertex -9.5 13.5 17.7
    endloop
  endfacet
  facet normal 1 0 0
    outer loop
      vertex -9.5 18.5 17.7
      vertex -9.5 13.5 12.8
      vertex -9.5 18.5 10.7
    endloop
  endfacet
  facet normal 1 -0 0
    outer loop
      vertex -9.5 13.5 10.8
      vertex -9.5 18.5 10.7
      vertex -9.5 13.5 12.8
    endloop
  endfacet
  facet normal 1 0 0
    outer loop
      vertex -9.5 18.5 10.7
      vertex -9.5 13.5 10.8
      vertex -9.5 13.5 10.7
    endloop
  endfacet
  facet normal 1 0 0
    outer loop
      vertex -9.5 13.5 10.8
      vertex -9.5 13 11
      vertex -9.5 13 10.8
    endloop
  endfacet
  facet normal -0 0 1
    outer loop
      vertex -22.5 18.5 17.7
      vertex -9.5 13.5 17.7
      vertex -9.5 18.5 17.7
    endloop
  endfacet
  facet normal 0 0 1
    outer loop
      vertex -9.5 13.5 17.7
      vertex -22.5 18.5 17.7
      vertex -22.5 13.5 17.7
    endloop
  endfacet
  facet normal 0 0 -1
    outer loop
      vertex -22.5 13.5 10.7
      vertex -9.5 18.5 10.7
      vertex -9.5 13.5 10.7
    endloop
  endfacet
  facet normal -0 0 -1
    outer loop
      vertex -9.5 18.5 10.7
      vertex -22.5 13.5 10.7
      vertex -22.5 18.5 10.7
    endloop
  endfacet
  facet normal -1 0 0
    outer loop
      vertex -22.5 13 11
      vertex -22.5 13.5 10.8
      vertex -22.5 13 10.8
    endloop
  endfacet
  facet normal -1 0 0
    outer loop
      vertex -22.5 13.5 10.8
      vertex -22.5 13 11
      vertex -22.5 13.5 12.8
    endloop
  endfacet
  facet normal -1 0 0
    outer loop
      vertex -22.5 10.5 12.8
      vertex -22.5 13 11
      vertex -22.5 10.5 11
    endloop
  endfacet
  facet normal -1 0 0
    outer loop
      vertex -22.5 13 11
      vertex -22.5 10.5 12.8
      vertex -22.5 13.5 12.8
    endloop
  endfacet
  facet normal -1 0 0
    outer loop
      vertex -22.5 13.5 10.8
      vertex -22.5 18.5 10.7
      vertex -22.5 13.5 10.7
    endloop
  endfacet
  facet normal -1 0 0
    outer loop
      vertex -22.5 13.5 12.8
      vertex -22.5 18.5 10.7
      vertex -22.5 13.5 10.8
    endloop
  endfacet
  facet normal -1 0 0
    outer loop
      vertex -22.5 18.5 10.7
      vertex -22.5 13.5 12.8
      vertex -22.5 18.5 17.7
    endloop
  endfacet
  facet normal -1 -0 0
    outer loop
      vertex -22.5 18.5 17.7
      vertex -22.5 13.5 12.8
      vertex -22.5 13.5 17.7
    endloop
  endfacet
  facet normal 0 1 -0
    outer loop
      vertex -9.5 18.5 10.7
      vertex -22.5 18.5 17.7
      vertex -9.5 18.5 17.7
    endloop
  endfacet
  facet normal 0 1 0
    outer loop
      vertex -22.5 18.5 17.7
      vertex -9.5 18.5 10.7
      vertex -22.5 18.5 10.7
    endloop
  endfacet
  facet normal 0 -1 0
    outer loop
      vertex -22.5 13.5 12.8
      vertex -9.5 13.5 17.7
      vertex -22.5 13.5 17.7
    endloop
  endfacet
  facet normal 0 -1 -0
    outer loop
      vertex -9.5 13.5 17.7
      vertex -22.5 13.5 12.8
      vertex -9.5 13.5 12.8
    endloop
  endfacet
  facet normal 0 -1 0
    outer loop
      vertex -22.5 13.5 10.7
      vertex -9.5 13.5 10.8
      vertex -22.5 13.5 10.8
    endloop
  endfacet
  facet normal 0 -1 -0
    outer loop
      vertex -9.5 13.5 10.8
      vertex -22.5 13.5 10.7
      vertex -9.5 13.5 10.7
    endloop
  endfacet
  facet normal -0 0 1
    outer loop
      vertex -22.5 13.5 12.8
      vertex -9.5 10.5 12.8
      vertex -9.5 13.5 12.8
    endloop
  endfacet
  facet normal 0 0 1
    outer loop
      vertex -9.5 10.5 12.8
      vertex -22.5 13.5 12.8
      vertex -22.5 10.5 12.8
    endloop
  endfacet
  facet normal 0 0 -1
    outer loop
      vertex -22.5 13 10.8
      vertex -9.5 13.5 10.8
      vertex -9.5 13 10.8
    endloop
  endfacet
  facet normal -0 0 -1
    outer loop
      vertex -9.5 13.5 10.8
      vertex -22.5 13 10.8
      vertex -22.5 13.5 10.8
    endloop
  endfacet
  facet normal 0 -1 0
    outer loop
      vertex -22.5 10.5 11
      vertex -9.5 10.5 12.8
      vertex -22.5 10.5 12.8
    endloop
  endfacet
  facet normal 0 -1 -0
    outer loop
      vertex -9.5 10.5 12.8
      vertex -22.5 10.5 11
      vertex -9.5 10.5 11
    endloop
  endfacet
  facet normal 1 -0 0
    outer loop
      vertex 22.5 -18.5 17.7
      vertex 22.5 -13.5 12.8
      vertex 22.5 -13.5 17.7
    endloop
  endfacet
  facet normal 1 0 0
    outer loop
      vertex 22.5 -18.5 10.7
      vertex 22.5 -13.5 12.8
      vertex 22.5 -18.5 17.7
    endloop
  endfacet
  facet normal 1 0 0
    outer loop
      vertex 22.5 -13.5 12.8
      vertex 22.5 -18.5 10.7
      vertex 22.5 -13.5 10.8
    endloop
  endfacet
  facet normal 1 0 0
    outer loop
      vertex 22.5 -13.5 10.8
      vertex 22.5 -18.5 10.7
      vertex 22.5 -13.5 10.7
    endloop
  endfacet
  facet normal 1 0 0
    outer loop
      vertex 22.5 -10.5 12.8
      vertex 22.5 -13 11
      vertex 22.5 -10.5 11
    endloop
  endfacet
  facet normal 1 -0 0
    outer loop
      vertex 22.5 -13.5 12.8
      vertex 22.5 -13 11
      vertex 22.5 -10.5 12.8
    endloop
  endfacet
  facet normal 1 0 0
    outer loop
      vertex 22.5 -13.5 10.8
      vertex 22.5 -13 11
      vertex 22.5 -13.5 12.8
    endloop
  endfacet
  facet normal 1 0 0
    outer loop
      vertex 22.5 -13 11
      vertex 22.5 -13.5 10.8
      vertex 22.5 -13 10.8
    endloop
  endfacet
  facet normal -0 0 1
    outer loop
      vertex 9.5 -13.5 17.7
      vertex 22.5 -18.5 17.7
      vertex 22.5 -13.5 17.7
    endloop
  endfacet
  facet normal 0 0 1
    outer loop
      vertex 22.5 -18.5 17.7
      vertex 9.5 -13.5 17.7
      vertex 9.5 -18.5 17.7
    endloop
  endfacet
  facet normal 0 0 -1
    outer loop
      vertex 9.5 -18.5 10.7
      vertex 22.5 -13.5 10.7
      vertex 22.5 -18.5 10.7
    endloop
  endfacet
  facet normal -0 0 -1
    outer loop
      vertex 22.5 -13.5 10.7
      vertex 9.5 -18.5 10.7
      vertex 9.5 -13.5 10.7
    endloop
  endfacet
  facet normal -1 0 0
    outer loop
      vertex 9.5 -13 10.8
      vertex 9.5 -13.5 10.8
      vertex 9.5 -13 11
    endloop
  endfacet
  facet normal -1 0 0
    outer loop
      vertex 9.5 -13 11
      vertex 9.5 -10.5 12.8
      vertex 9.5 -10.5 11
    endloop
  endfacet
  facet normal -1 0 0
    outer loop
      vertex 9.5 -13.5 12.8
      vertex 9.5 -13 11
      vertex 9.5 -13.5 10.8
    endloop
  endfacet
  facet normal -1 0 0
    outer loop
      vertex 9.5 -13 11
      vertex 9.5 -13.5 12.8
      vertex 9.5 -10.5 12.8
    endloop
  endfacet
  facet normal -1 0 0
    outer loop
      vertex 9.5 -18.5 10.7
      vertex 9.5 -13.5 10.8
      vertex 9.5 -13.5 10.7
    endloop
  endfacet
  facet normal -1 -0 0
    outer loop
      vertex 9.5 -13.5 10.8
      vertex 9.5 -18.5 10.7
      vertex 9.5 -13.5 12.8
    endloop
  endfacet
  facet normal -1 0 0
    outer loop
      vertex 9.5 -18.5 17.7
      vertex 9.5 -13.5 12.8
      vertex 9.5 -18.5 10.7
    endloop
  endfacet
  facet normal -1 0 0
    outer loop
      vertex 9.5 -13.5 12.8
      vertex 9.5 -18.5 17.7
      vertex 9.5 -13.5 17.7
    endloop
  endfacet
  facet normal 0 1 -0
    outer loop
      vertex 22.5 -13.5 12.8
      vertex 9.5 -13.5 17.7
      vertex 22.5 -13.5 17.7
    endloop
  endfacet
  facet normal 0 1 0
    outer loop
      vertex 9.5 -13.5 17.7
      vertex 22.5 -13.5 12.8
      vertex 9.5 -13.5 12.8
    endloop
  endfacet
  facet normal 0 1 -0
    outer loop
      vertex 22.5 -13.5 10.7
      vertex 9.5 -13.5 10.8
      vertex 22.5 -13.5 10.8
    endloop
  endfacet
  facet normal 0 1 0
    outer loop
      vertex 9.5 -13.5 10.8
      vertex 22.5 -13.5 10.7
      vertex 9.5 -13.5 10.7
    endloop
  endfacet
  facet normal 0 -1 0
    outer loop
      vertex 9.5 -18.5 10.7
      vertex 22.5 -18.5 17.7
      vertex 9.5 -18.5 17.7
    endloop
  endfacet
  facet normal 0 -1 -0
    outer loop
      vertex 22.5 -18.5 17.7
      vertex 9.5 -18.5 10.7
      vertex 22.5 -18.5 10.7
    endloop
  endfacet
  facet normal -0 0 1
    outer loop
      vertex 9.5 -10.5 12.8
      vertex 22.5 -13.5 12.8
      vertex 22.5 -10.5 12.8
    endloop
  endfacet
  facet normal 0 0 1
    outer loop
      vertex 22.5 -13.5 12.8
      vertex 9.5 -10.5 12.8
      vertex 9.5 -13.5 12.8
    endloop
  endfacet
  facet normal 0 0 -1
    outer loop
      vertex 9.5 -13.5 10.8
      vertex 22.5 -13 10.8
      vertex 22.5 -13.5 10.8
    endloop
  endfacet
  facet normal -0 0 -1
    outer loop
      vertex 22.5 -13 10.8
      vertex 9.5 -13.5 10.8
      vertex 9.5 -13 10.8
    endloop
  endfacet
  facet normal 0 1 -0
    outer loop
      vertex 22.5 -10.5 11
      vertex 9.5 -10.5 12.8
      vertex 22.5 -10.5 12.8
    endloop
  endfacet
  facet normal 0 1 0
    outer loop
      vertex 9.5 -10.5 12.8
      vertex 22.5 -10.5 11
      vertex 9.5 -10.5 11
    endloop
  endfacet
  facet normal 1 0 0
    outer loop
      vertex 22.5 13.5 12.8
      vertex 22.5 13 11
      vertex 22.5 13.5 10.8
    endloop
  endfacet
  facet normal 1 -0 0
    outer loop
      vertex 22.5 10.5 12.8
      vertex 22.5 13 11
      vertex 22.5 13.5 12.8
    endloop
  endfacet
  facet normal 1 0 0
    outer loop
      vertex 22.5 13 11
      vertex 22.5 10.5 12.8
      vertex 22.5 10.5 11
    endloop
  endfacet
  facet normal 1 0 0
    outer loop
      vertex 22.5 13.5 12.8
      vertex 22.5 18.5 17.7
      vertex 22.5 13.5 17.7
    endloop
  endfacet
  facet normal 1 0 0
    outer loop
      vertex 22.5 18.5 17.7
      vertex 22.5 13.5 12.8
      vertex 22.5 18.5 10.7
    endloop
  endfacet
  facet normal 1 -0 0
    outer loop
      vertex 22.5 13.5 10.8
      vertex 22.5 18.5 10.7
      vertex 22.5 13.5 12.8
    endloop
  endfacet
  facet normal 1 0 0
    outer loop
      vertex 22.5 18.5 10.7
      vertex 22.5 13.5 10.8
      vertex 22.5 13.5 10.7
    endloop
  endfacet
  facet normal 1 0 0
    outer loop
      vertex 22.5 13.5 10.8
      vertex 22.5 13 11
      vertex 22.5 13 10.8
    endloop
  endfacet
  facet normal -0 0 1
    outer loop
      vertex 9.5 18.5 17.7
      vertex 22.5 13.5 17.7
      vertex 22.5 18.5 17.7
    endloop
  endfacet
  facet normal 0 0 1
    outer loop
      vertex 22.5 13.5 17.7
      vertex 9.5 18.5 17.7
      vertex 9.5 13.5 17.7
    endloop
  endfacet
  facet normal 0 0 -1
    outer loop
      vertex 9.5 13.5 10.7
      vertex 22.5 18.5 10.7
      vertex 22.5 13.5 10.7
    endloop
  endfacet
  facet normal -0 0 -1
    outer loop
      vertex 22.5 18.5 10.7
      vertex 9.5 13.5 10.7
      vertex 9.5 18.5 10.7
    endloop
  endfacet
  facet normal -1 0 0
    outer loop
      vertex 9.5 13 11
      vertex 9.5 13.5 10.8
      vertex 9.5 13 10.8
    endloop
  endfacet
  facet normal -1 0 0
    outer loop
      vertex 9.5 13.5 10.8
      vertex 9.5 13 11
      vertex 9.5 13.5 12.8
    endloop
  endfacet
  facet normal -1 0 0
    outer loop
      vertex 9.5 10.5 12.8
      vertex 9.5 13 11
      vertex 9.5 10.5 11
    endloop
  endfacet
  facet normal -1 0 0
    outer loop
      vertex 9.5 13 11
      vertex 9.5 10.5 12.8
      vertex 9.5 13.5 12.8
    endloop
  endfacet
  facet normal -1 0 0
    outer loop
      vertex 9.5 13.5 10.8
      vertex 9.5 18.5 10.7
      vertex 9.5 13.5 10.7
    endloop
  endfacet
  facet normal -1 0 0
    outer loop
      vertex 9.5 13.5 12.8
      vertex 9.5 18.5 10.7
      vertex 9.5 13.5 10.8
    endloop
  endfacet
  facet normal -1 0 0
    outer loop
      vertex 9.5 18.5 10.7
      vertex 9.5 13.5 12.8
      vertex 9.5 18.5 17.7
    endloop
  endfacet
  facet normal -1 -0 0
    outer loop
      vertex 9.5 18.5 17.7
      vertex 9.5 13.5 12.8
      vertex 9.5 13.5 17.7
    endloop
  endfacet
  facet normal 0 1 -0
    outer loop
      vertex 22.5 18.5 10.7
      vertex 9.5 18.5 17.7
      vertex 22.5 18.5 17.7
    endloop
  endfacet
  facet normal 0 1 0
    outer loop
      vertex 9.5 18.5 17.7
      vertex 22.5 18.5 10.7
      vertex 9.5 18.5 10.7
    endloop
  endfacet
  facet normal 0 -1 0
    outer loop
      vertex 9.5 13.5 12.8
      vertex 22.5 13.5 17.7
      vertex 9.5 13.5 17.7
    endloop
  endfacet
  facet normal 0 -1 -0
    outer loop
      vertex 22.5 13.5 17.7
      vertex 9.5 13.5 12.8
      vertex 22.5 13.5 12.8
    endloop
  endfacet
  facet normal 0 -1 0
    outer loop
      vertex 9.5 13.5 10.7
      vertex 22.5 13.5 10.8
      vertex 9.5 13.5 10.8
    endloop
  endfacet
  facet normal 0 -1 -0
    outer loop
      vertex 22.5 13.5 10.8
      vertex 9.5 13.5 10.7
      vertex 22.5 13.5 10.7
    endloop
  endfacet
  facet normal -0 0 1
    outer loop
      vertex 9.5 13.5 12.8
      vertex 22.5 10.5 12.8
      vertex 22.5 13.5 12.8
    endloop
  endfacet
  facet normal 0 0 1
    outer loop
      vertex 22.5 10.5 12.8
      vertex 9.5 13.5 12.8
      vertex 9.5 10.5 12.8
    endloop
  endfacet
  facet normal 0 0 -1
    outer loop
      vertex 9.5 13 10.8
      vertex 22.5 13.5 10.8
      vertex 22.5 13 10.8
    endloop
  endfacet
  facet normal -0 0 -1
    outer loop
      vertex 22.5 13.5 10.8
      vertex 9.5 13 10.8
      vertex 9.5 13.5 10.8
    endloop
  endfacet
  facet normal 0 -1 0
    outer loop
      vertex 9.5 10.5 11
      vertex 22.5 10.5 12.8
      vertex 9.5 10.5 12.8
    endloop
  endfacet
  facet normal 0 -1 -0
    outer loop
      vertex 22.5 10.5 12.8
      vertex 9.5 10.5 11
      vertex 22.5 10.5 11
    endloop
  endfacet
  facet normal 1 -0 0
    outer loop
      vertex 24 -13 11
      vertex 24 13 7
      vertex 24 13 11
    endloop
  endfacet
  facet normal 1 0 0
    outer loop
      vertex 24 13 7
      vertex 24 -13 11
      vertex 24 -13 7
    endloop
  endfacet
  facet normal -0 0 1
    outer loop
      vertex -24 13 11
      vertex -22.5 10.5 11
      vertex -22.5 13 11
    endloop
  endfacet
  facet normal 0 0 1
    outer loop
      vertex -22.5 10.5 11
      vertex -24 13 11
      vertex -22.5 -10.5 11
    endloop
  endfacet
  facet normal 0 0 1
    outer loop
      vertex -24 -13 11
      vertex -22.5 -10.5 11
      vertex -24 13 11
    endloop
  endfacet
  facet normal 0 0 1
    outer loop
      vertex -22.5 -10.5 11
      vertex -24 -13 11
      vertex -22.5 -13 11
    endloop
  endfacet
  facet normal 0 0 1
    outer loop
      vertex -9.5 10.5 11
      vertex -14 8 11
      vertex -9.5 -10.5 11
    endloop
  endfacet
  facet normal 0 0 1
    outer loop
      vertex -9.5 10.5 11
      vertex -18 8 11
      vertex -14 8 11
    endloop
  endfacet
  facet normal 0 0 1
    outer loop
      vertex -18 8 11
      vertex -22.5 10.5 11
      vertex -18 -8 11
    endloop
  endfacet
  facet normal -0 0 1
    outer loop
      vertex -22.5 10.5 11
      vertex -18 8 11
      vertex -9.5 10.5 11
    endloop
  endfacet
  facet normal 0 0 1
    outer loop
      vertex -9.5 10.5 11
      vertex 9.5 10.5 11
      vertex 9.5 13 11
    endloop
  endfacet
  facet normal 0 0 1
    outer loop
      vertex 9.5 10.5 11
      vertex -9.5 10.5 11
      vertex 9.5 -10.5 11
    endloop
  endfacet
  facet normal 0 0 1
    outer loop
      vertex -9.5 10.5 11
      vertex 9.5 13 11
      vertex -9.5 13 11
    endloop
  endfacet
  facet normal 0 0 1
    outer loop
      vertex -9.5 -10.5 11
      vertex 9.5 -10.5 11
      vertex -9.5 10.5 11
    endloop
  endfacet
  facet normal 0 0 1
    outer loop
      vertex 9.5 -10.5 11
      vertex -9.5 -10.5 11
      vertex 9.5 -13 11
    endloop
  endfacet
  facet normal 0 0 1
    outer loop
      vertex 9.5 -13 11
      vertex -9.5 -10.5 11
      vertex -9.5 -13 11
    endloop
  endfacet
  facet normal -0 0 1
    outer loop
      vertex -14 -8 11
      vertex -9.5 -10.5 11
      vertex -14 8 11
    endloop
  endfacet
  facet normal -0 0 1
    outer loop
      vertex -18 -8 11
      vertex -9.5 -10.5 11
      vertex -14 -8 11
    endloop
  endfacet
  facet normal 0 0 1
    outer loop
      vertex -18 -8 11
      vertex -22.5 -10.5 11
      vertex -9.5 -10.5 11
    endloop
  endfacet
  facet normal 0 0 1
    outer loop
      vertex -22.5 -10.5 11
      vertex -18 -8 11
      vertex -22.5 10.5 11
    endloop
  endfacet
  facet normal 0 0 1
    outer loop
      vertex 22.5 10.5 11
      vertex 18 8 11
      vertex 22.5 -10.5 11
    endloop
  endfacet
  facet normal 0 0 1
    outer loop
      vertex 22.5 10.5 11
      vertex 14 8 11
      vertex 18 8 11
    endloop
  endfacet
  facet normal 0 0 1
    outer loop
      vertex 14 8 11
      vertex 9.5 10.5 11
      vertex 14 -8 11
    endloop
  endfacet
  facet normal -0 0 1
    outer loop
      vertex 9.5 10.5 11
      vertex 14 8 11
      vertex 22.5 10.5 11
    endloop
  endfacet
  facet normal 0 0 1
    outer loop
      vertex 22.5 10.5 11
      vertex 24 13 11
      vertex 22.5 13 11
    endloop
  endfacet
  facet normal 0 0 1
    outer loop
      vertex 24 13 11
      vertex 22.5 10.5 11
      vertex 24 -13 11
    endloop
  endfacet
  facet normal -0 0 1
    outer loop
      vertex 22.5 -10.5 11
      vertex 24 -13 11
      vertex 22.5 10.5 11
    endloop
  endfacet
  facet normal 0 0 1
    outer loop
      vertex 24 -13 11
      vertex 22.5 -10.5 11
      vertex 22.5 -13 11
    endloop
  endfacet
  facet normal -0 0 1
    outer loop
      vertex 18 -8 11
      vertex 22.5 -10.5 11
      vertex 18 8 11
    endloop
  endfacet
  facet normal -0 0 1
    outer loop
      vertex 14 -8 11
      vertex 22.5 -10.5 11
      vertex 18 -8 11
    endloop
  endfacet
  facet normal 0 0 1
    outer loop
      vertex 14 -8 11
      vertex 9.5 -10.5 11
      vertex 22.5 -10.5 11
    endloop
  endfacet
  facet normal 0 0 1
    outer loop
      vertex 9.5 -10.5 11
      vertex 14 -8 11
      vertex 9.5 10.5 11
    endloop
  endfacet
  facet normal 0 0 -1
    outer loop
      vertex -10 -5.4 7
      vertex 10 5.4 7
      vertex 10 -5.4 7
    endloop
  endfacet
  facet normal -0 0 -1
    outer loop
      vertex 10 5.4 7
      vertex -10 -5.4 7
      vertex -10 5.4 7
    endloop
  endfacet
  facet normal 0 0 -1
    outer loop
      vertex 10 -5.4 7
      vertex 24 -13 7
      vertex 10 -9.4 7
    endloop
  endfacet
  facet normal 0 0 -1
    outer loop
      vertex 24 -13 7
      vertex -10 -9.4 7
      vertex 10 -9.4 7
    endloop
  endfacet
  facet normal 0 0 -1
    outer loop
      vertex -24 -13 7
      vertex -10 -5.4 7
      vertex -10 -9.4 7
    endloop
  endfacet
  facet normal -0 0 -1
    outer loop
      vertex -10 -5.4 7
      vertex -24 -13 7
      vertex -10 5.4 7
    endloop
  endfacet
  facet normal 0 0 -1
    outer loop
      vertex -24 13 7
      vertex -10 5.4 7
      vertex -24 -13 7
    endloop
  endfacet
  facet normal 0 0 -1
    outer loop
      vertex -24 -13 7
      vertex -10 -9.4 7
      vertex 24 -13 7
    endloop
  endfacet
  facet normal 0 0 -1
    outer loop
      vertex 24 -13 7
      vertex 10 -5.4 7
      vertex 24 13 7
    endloop
  endfacet
  facet normal 0 0 -1
    outer loop
      vertex 10 5.4 7
      vertex 24 13 7
      vertex 10 -5.4 7
    endloop
  endfacet
  facet normal 0 0 -1
    outer loop
      vertex 10 9.4 7
      vertex 24 13 7
      vertex 10 5.4 7
    endloop
  endfacet
  facet normal 0 0 -1
    outer loop
      vertex -10 9.4 7
      vertex 24 13 7
      vertex 10 9.4 7
    endloop
  endfacet
  facet normal 0 0 -1
    outer loop
      vertex -10 9.4 7
      vertex -24 13 7
      vertex 24 13 7
    endloop
  endfacet
  facet normal 0 0 -1
    outer loop
      vertex -10 5.4 7
      vertex -24 13 7
      vertex -10 9.4 7
    endloop
  endfacet
  facet normal -1 0 0
    outer loop
      vertex -24 -13 7
      vertex -24 13 11
      vertex -24 13 7
    endloop
  endfacet
  facet normal -1 -0 0
    outer loop
      vertex -24 13 11
      vertex -24 -13 7
      vertex -24 -13 11
    endloop
  endfacet
  facet normal 0 1 0
    outer loop
      vertex 24 13 11
      vertex 22.5 13 10.8
      vertex 22.5 13 11
    endloop
  endfacet
  facet normal 0 1 0
    outer loop
      vertex 24 13 7
      vertex 9.5 13 10.8
      vertex 22.5 13 10.8
    endloop
  endfacet
  facet normal 0 1 0
    outer loop
      vertex 9.5 13 10.8
      vertex 24 13 7
      vertex -9.5 13 10.8
    endloop
  endfacet
  facet normal 0 1 0
    outer loop
      vertex -24 13 7
      vertex -9.5 13 10.8
      vertex 24 13 7
    endloop
  endfacet
  facet normal 0 1 -0
    outer loop
      vertex 24 13 7
      vertex 22.5 13 10.8
      vertex 24 13 11
    endloop
  endfacet
  facet normal 0 1 -0
    outer loop
      vertex 9.5 13 10.8
      vertex -9.5 13 11
      vertex 9.5 13 11
    endloop
  endfacet
  facet normal 0 1 0
    outer loop
      vertex -9.5 13 11
      vertex 9.5 13 10.8
      vertex -9.5 13 10.8
    endloop
  endfacet
  facet normal 0 1 -0
    outer loop
      vertex -22.5 13 10.8
      vertex -24 13 11
      vertex -22.5 13 11
    endloop
  endfacet
  facet normal 0 1 0
    outer loop
      vertex -22.5 13 10.8
      vertex -24 13 7
      vertex -24 13 11
    endloop
  endfacet
  facet normal 0 1 0
    outer loop
      vertex -9.5 13 10.8
      vertex -24 13 7
      vertex -22.5 13 10.8
    endloop
  endfacet
  facet normal 0 -1 0
    outer loop
      vertex -24 -13 11
      vertex -22.5 -13 10.8
      vertex -22.5 -13 11
    endloop
  endfacet
  facet normal 0 -1 0
    outer loop
      vertex -24 -13 7
      vertex -9.5 -13 10.8
      vertex -22.5 -13 10.8
    endloop
  endfacet
  facet normal 0 -1 -0
    outer loop
      vertex -9.5 -13 10.8
      vertex -24 -13 7
      vertex 9.5 -13 10.8
    endloop
  endfacet
  facet normal 0 -1 0
    outer loop
      vertex 24 -13 7
      vertex 9.5 -13 10.8
      vertex -24 -13 7
    endloop
  endfacet
  facet normal 0 -1 0
    outer loop
      vertex -24 -13 7
      vertex -22.5 -13 10.8
      vertex -24 -13 11
    endloop
  endfacet
  facet normal 0 -1 0
    outer loop
      vertex -9.5 -13 10.8
      vertex 9.5 -13 11
      vertex -9.5 -13 11
    endloop
  endfacet
  facet normal 0 -1 -0
    outer loop
      vertex 9.5 -13 11
      vertex -9.5 -13 10.8
      vertex 9.5 -13 10.8
    endloop
  endfacet
  facet normal 0 -1 0
    outer loop
      vertex 22.5 -13 10.8
      vertex 24 -13 11
      vertex 22.5 -13 11
    endloop
  endfacet
  facet normal 0 -1 0
    outer loop
      vertex 22.5 -13 10.8
      vertex 24 -13 7
      vertex 24 -13 11
    endloop
  endfacet
  facet normal 0 -1 0
    outer loop
      vertex 9.5 -13 10.8
      vertex 24 -13 7
      vertex 22.5 -13 10.8
    endloop
  endfacet
  facet normal -0 0.537311 0.843384
    outer loop
      vertex -18 -0.799999 12.8144
      vertex -14 -0.917722 12.8894
      vertex -14 -0.799999 12.8144
    endloop
  endfacet
  facet normal 0 0.537311 0.843384
    outer loop
      vertex -14 -0.917722 12.8894
      vertex -18 -0.799999 12.8144
      vertex -18 -0.917722 12.8894
    endloop
  endfacet
  facet normal 0 0.38259 -0.923918
    outer loop
      vertex -18 -0.676188 15.6501
      vertex -14 -0.547232 15.7035
      vertex -14 -0.676188 15.6501
    endloop
  endfacet
  facet normal 0 0.38259 -0.923918
    outer loop
      vertex -14 -0.547232 15.7035
      vertex -18 -0.676188 15.6501
      vertex -18 -0.547232 15.7035
    endloop
  endfacet
  facet normal 0 0.675592 -0.737276
    outer loop
      vertex -18 -1.13137 15.3314
      vertex -14 -1.02846 15.4257
      vertex -14 -1.13137 15.3314
    endloop
  endfacet
  facet normal 0 0.675592 -0.737276
    outer loop
      vertex -14 -1.02846 15.4257
      vertex -18 -1.13137 15.3314
      vertex -18 -1.02846 15.4257
    endloop
  endfacet
  facet normal 0 0.887 0.46177
    outer loop
      vertex -14 -1.38564 13.4
      vertex -18 -1.45009 13.5238
      vertex -14 -1.45009 13.5238
    endloop
  endfacet
  facet normal 0 0.887 0.46177
    outer loop
      vertex -18 -1.45009 13.5238
      vertex -14 -1.38564 13.4
      vertex -18 -1.38564 13.4
    endloop
  endfacet
  facet normal 0 -0.923914 -0.382601
    outer loop
      vertex -18 1.50351 14.7472
      vertex -14 1.45009 14.8762
      vertex -18 1.45009 14.8762
    endloop
  endfacet
  facet normal 0 -0.923914 -0.382601
    outer loop
      vertex -14 1.45009 14.8762
      vertex -18 1.50351 14.7472
      vertex -14 1.50351 14.7472
    endloop
  endfacet
  facet normal 0 -0.793526 0.608537
    outer loop
      vertex -18 1.22567 13.1715
      vertex -14 1.31064 13.2823
      vertex -18 1.31064 13.2823
    endloop
  endfacet
  facet normal 0 -0.793526 0.608537
    outer loop
      vertex -14 1.31064 13.2823
      vertex -18 1.22567 13.1715
      vertex -14 1.22567 13.1715
    endloop
  endfacet
  facet normal 0 -0.608435 0.793603
    outer loop
      vertex -18 1.02846 12.9743
      vertex -14 0.917722 12.8894
      vertex -14 1.02846 12.9743
    endloop
  endfacet
  facet normal 0 -0.608435 0.793603
    outer loop
      vertex -14 0.917722 12.8894
      vertex -18 1.02846 12.9743
      vertex -18 0.917722 12.8894
    endloop
  endfacet
  facet normal 0 -0.793526 -0.608537
    outer loop
      vertex -18 1.31064 15.1177
      vertex -14 1.22567 15.2285
      vertex -18 1.22567 15.2285
    endloop
  endfacet
  facet normal 0 -0.793526 -0.608537
    outer loop
      vertex -14 1.22567 15.2285
      vertex -18 1.31064 15.1177
      vertex -14 1.31064 15.1177
    endloop
  endfacet
  facet normal 0 0.0437018 -0.999045
    outer loop
      vertex -18 -0.139449 15.7939
      vertex -14 0 15.8
      vertex -14 -0.139449 15.7939
    endloop
  endfacet
  facet normal 0 0.0437018 -0.999045
    outer loop
      vertex -14 0 15.8
      vertex -18 -0.139449 15.7939
      vertex -18 0 15.8
    endloop
  endfacet
  facet normal 0 -0.0437018 0.999045
    outer loop
      vertex -18 0.139449 12.6061
      vertex -14 0 12.6
      vertex -14 0.139449 12.6061
    endloop
  endfacet
  facet normal 0 -0.0437018 0.999045
    outer loop
      vertex -14 0 12.6
      vertex -18 0.139449 12.6061
      vertex -18 0 12.6
    endloop
  endfacet
  facet normal 0 -0.216365 -0.976313
    outer loop
      vertex -18 0.277837 15.7757
      vertex -14 0.41411 15.7455
      vertex -14 0.277837 15.7757
    endloop
  endfacet
  facet normal -0 -0.216365 -0.976313
    outer loop
      vertex -14 0.41411 15.7455
      vertex -18 0.277837 15.7757
      vertex -18 0.41411 15.7455
    endloop
  endfacet
  facet normal 0 0.976307 -0.216392
    outer loop
      vertex -14 -1.57569 14.4778
      vertex -18 -1.54548 14.6141
      vertex -14 -1.54548 14.6141
    endloop
  endfacet
  facet normal 0 0.976307 -0.216392
    outer loop
      vertex -18 -1.54548 14.6141
      vertex -14 -1.57569 14.4778
      vertex -18 -1.57569 14.4778
    endloop
  endfacet
  facet normal -0 0.216365 0.976313
    outer loop
      vertex -18 -0.277837 12.6243
      vertex -14 -0.41411 12.6545
      vertex -14 -0.277837 12.6243
    endloop
  endfacet
  facet normal 0 0.216365 0.976313
    outer loop
      vertex -14 -0.41411 12.6545
      vertex -18 -0.277837 12.6243
      vertex -18 -0.41411 12.6545
    endloop
  endfacet
  facet normal 0 0.953709 0.30073
    outer loop
      vertex -14 -1.50351 13.6528
      vertex -18 -1.54548 13.7859
      vertex -14 -1.54548 13.7859
    endloop
  endfacet
  facet normal 0 0.953709 0.30073
    outer loop
      vertex -18 -1.54548 13.7859
      vertex -14 -1.50351 13.6528
      vertex -18 -1.50351 13.6528
    endloop
  endfacet
  facet normal 0 0.843337 -0.537385
    outer loop
      vertex -14 -1.38564 15
      vertex -18 -1.31064 15.1177
      vertex -14 -1.31064 15.1177
    endloop
  endfacet
  facet normal 0 0.843337 -0.537385
    outer loop
      vertex -18 -1.31064 15.1177
      vertex -14 -1.38564 15
      vertex -18 -1.38564 15
    endloop
  endfacet
  facet normal 0 -0.675592 0.737276
    outer loop
      vertex -18 1.13137 13.0686
      vertex -14 1.02846 12.9743
      vertex -14 1.13137 13.0686
    endloop
  endfacet
  facet normal 0 -0.675592 0.737276
    outer loop
      vertex -14 1.02846 12.9743
      vertex -18 1.13137 13.0686
      vertex -18 1.02846 12.9743
    endloop
  endfacet
  facet normal 0 -0.923914 0.382601
    outer loop
      vertex -18 1.45009 13.5238
      vertex -14 1.50351 13.6528
      vertex -18 1.50351 13.6528
    endloop
  endfacet
  facet normal 0 -0.923914 0.382601
    outer loop
      vertex -14 1.50351 13.6528
      vertex -18 1.45009 13.5238
      vertex -14 1.45009 13.5238
    endloop
  endfacet
  facet normal -0 0.46202 0.88687
    outer loop
      vertex -18 -0.676188 12.7499
      vertex -14 -0.799999 12.8144
      vertex -14 -0.676188 12.7499
    endloop
  endfacet
  facet normal 0 0.46202 0.88687
    outer loop
      vertex -14 -0.799999 12.8144
      vertex -18 -0.676188 12.7499
      vertex -18 -0.799999 12.8144
    endloop
  endfacet
  facet normal -0 0.30088 0.953662
    outer loop
      vertex -18 -0.41411 12.6545
      vertex -14 -0.547232 12.6965
      vertex -14 -0.41411 12.6545
    endloop
  endfacet
  facet normal 0 0.30088 0.953662
    outer loop
      vertex -14 -0.547232 12.6965
      vertex -18 -0.41411 12.6545
      vertex -18 -0.547232 12.6965
    endloop
  endfacet
  facet normal 0 -0.130392 0.991463
    outer loop
      vertex -18 0.277837 12.6243
      vertex -14 0.139449 12.6061
      vertex -14 0.277837 12.6243
    endloop
  endfacet
  facet normal 0 -0.130392 0.991463
    outer loop
      vertex -14 0.139449 12.6061
      vertex -18 0.277837 12.6243
      vertex -18 0.139449 12.6061
    endloop
  endfacet
  facet normal 0 -0.537311 -0.843384
    outer loop
      vertex -18 0.799999 15.5856
      vertex -14 0.917722 15.5106
      vertex -14 0.799999 15.5856
    endloop
  endfacet
  facet normal -0 -0.537311 -0.843384
    outer loop
      vertex -14 0.917722 15.5106
      vertex -18 0.799999 15.5856
      vertex -18 0.917722 15.5106
    endloop
  endfacet
  facet normal 0 0.923914 -0.382601
    outer loop
      vertex -14 -1.50351 14.7472
      vertex -18 -1.45009 14.8762
      vertex -14 -1.45009 14.8762
    endloop
  endfacet
  facet normal 0 0.923914 -0.382601
    outer loop
      vertex -18 -1.45009 14.8762
      vertex -14 -1.50351 14.7472
      vertex -18 -1.50351 14.7472
    endloop
  endfacet
  facet normal 0 0.991446 0.130521
    outer loop
      vertex -14 -1.57569 13.9222
      vertex -18 -1.59391 14.0606
      vertex -14 -1.59391 14.0606
    endloop
  endfacet
  facet normal 0 0.991446 0.130521
    outer loop
      vertex -18 -1.59391 14.0606
      vertex -14 -1.57569 13.9222
      vertex -18 -1.57569 13.9222
    endloop
  endfacet
  facet normal 0 0.999047 0.0436456
    outer loop
      vertex -14 -1.59391 14.0606
      vertex -18 -1.6 14.2
      vertex -14 -1.6 14.2
    endloop
  endfacet
  facet normal 0 0.999047 0.0436456
    outer loop
      vertex -18 -1.6 14.2
      vertex -14 -1.59391 14.0606
      vertex -18 -1.59391 14.0606
    endloop
  endfacet
  facet normal 0 -0.737243 -0.675627
    outer loop
      vertex -18 1.22567 15.2285
      vertex -14 1.13137 15.3314
      vertex -18 1.13137 15.3314
    endloop
  endfacet
  facet normal 0 -0.737243 -0.675627
    outer loop
      vertex -14 1.13137 15.3314
      vertex -18 1.22567 15.2285
      vertex -14 1.22567 15.2285
    endloop
  endfacet
  facet normal -0 0.130392 0.991463
    outer loop
      vertex -18 -0.139449 12.6061
      vertex -14 -0.277837 12.6243
      vertex -14 -0.139449 12.6061
    endloop
  endfacet
  facet normal 0 0.130392 0.991463
    outer loop
      vertex -14 -0.277837 12.6243
      vertex -18 -0.139449 12.6061
      vertex -18 -0.277837 12.6243
    endloop
  endfacet
  facet normal -0 0.0437018 0.999045
    outer loop
      vertex -18 0 12.6
      vertex -14 -0.139449 12.6061
      vertex -14 0 12.6
    endloop
  endfacet
  facet normal 0 0.0437018 0.999045
    outer loop
      vertex -14 -0.139449 12.6061
      vertex -18 0 12.6
      vertex -18 -0.139449 12.6061
    endloop
  endfacet
  facet normal 0 -0.46202 0.88687
    outer loop
      vertex -18 0.799999 12.8144
      vertex -14 0.676188 12.7499
      vertex -14 0.799999 12.8144
    endloop
  endfacet
  facet normal 0 -0.46202 0.88687
    outer loop
      vertex -14 0.676188 12.7499
      vertex -18 0.799999 12.8144
      vertex -18 0.676188 12.7499
    endloop
  endfacet
  facet normal 0 -0.38259 0.923918
    outer loop
      vertex -18 0.676188 12.7499
      vertex -14 0.547232 12.6965
      vertex -14 0.676188 12.7499
    endloop
  endfacet
  facet normal 0 -0.38259 0.923918
    outer loop
      vertex -14 0.547232 12.6965
      vertex -18 0.676188 12.7499
      vertex -18 0.547232 12.6965
    endloop
  endfacet
  facet normal 0 0.793526 0.608537
    outer loop
      vertex -14 -1.22567 13.1715
      vertex -18 -1.31064 13.2823
      vertex -14 -1.31064 13.2823
    endloop
  endfacet
  facet normal 0 0.793526 0.608537
    outer loop
      vertex -18 -1.31064 13.2823
      vertex -14 -1.22567 13.1715
      vertex -18 -1.22567 13.1715
    endloop
  endfacet
  facet normal 0 -0.843337 -0.537385
    outer loop
      vertex -18 1.38564 15
      vertex -14 1.31064 15.1177
      vertex -18 1.31064 15.1177
    endloop
  endfacet
  facet normal 0 -0.843337 -0.537385
    outer loop
      vertex -14 1.31064 15.1177
      vertex -18 1.38564 15
      vertex -14 1.38564 15
    endloop
  endfacet
  facet normal 0 0.46202 -0.88687
    outer loop
      vertex -18 -0.799999 15.5856
      vertex -14 -0.676188 15.6501
      vertex -14 -0.799999 15.5856
    endloop
  endfacet
  facet normal 0 0.46202 -0.88687
    outer loop
      vertex -14 -0.676188 15.6501
      vertex -18 -0.799999 15.5856
      vertex -18 -0.676188 15.6501
    endloop
  endfacet
  facet normal 0 -0.737243 0.675627
    outer loop
      vertex -18 1.13137 13.0686
      vertex -14 1.22567 13.1715
      vertex -18 1.22567 13.1715
    endloop
  endfacet
  facet normal 0 -0.737243 0.675627
    outer loop
      vertex -14 1.22567 13.1715
      vertex -18 1.13137 13.0686
      vertex -14 1.13137 13.0686
    endloop
  endfacet
  facet normal 0 -0.991446 0.130521
    outer loop
      vertex -18 1.57569 13.9222
      vertex -14 1.59391 14.0606
      vertex -18 1.59391 14.0606
    endloop
  endfacet
  facet normal 0 -0.991446 0.130521
    outer loop
      vertex -14 1.59391 14.0606
      vertex -18 1.57569 13.9222
      vertex -14 1.57569 13.9222
    endloop
  endfacet
  facet normal 0 -0.953709 0.30073
    outer loop
      vertex -18 1.50351 13.6528
      vertex -14 1.54548 13.7859
      vertex -18 1.54548 13.7859
    endloop
  endfacet
  facet normal 0 -0.953709 0.30073
    outer loop
      vertex -14 1.54548 13.7859
      vertex -18 1.50351 13.6528
      vertex -14 1.50351 13.6528
    endloop
  endfacet
  facet normal 0 0.976307 0.216392
    outer loop
      vertex -14 -1.54548 13.7859
      vertex -18 -1.57569 13.9222
      vertex -14 -1.57569 13.9222
    endloop
  endfacet
  facet normal 0 0.976307 0.216392
    outer loop
      vertex -18 -1.57569 13.9222
      vertex -14 -1.54548 13.7859
      vertex -18 -1.54548 13.7859
    endloop
  endfacet
  facet normal 0 -0.537311 0.843384
    outer loop
      vertex -18 0.917722 12.8894
      vertex -14 0.799999 12.8144
      vertex -14 0.917722 12.8894
    endloop
  endfacet
  facet normal 0 -0.537311 0.843384
    outer loop
      vertex -14 0.799999 12.8144
      vertex -18 0.917722 12.8894
      vertex -18 0.799999 12.8144
    endloop
  endfacet
  facet normal 0 0.537311 -0.843384
    outer loop
      vertex -18 -0.917722 15.5106
      vertex -14 -0.799999 15.5856
      vertex -14 -0.917722 15.5106
    endloop
  endfacet
  facet normal 0 0.537311 -0.843384
    outer loop
      vertex -14 -0.799999 15.5856
      vertex -18 -0.917722 15.5106
      vertex -18 -0.799999 15.5856
    endloop
  endfacet
  facet normal 0 -0.887 -0.46177
    outer loop
      vertex -18 1.45009 14.8762
      vertex -14 1.38564 15
      vertex -18 1.38564 15
    endloop
  endfacet
  facet normal 0 -0.887 -0.46177
    outer loop
      vertex -14 1.38564 15
      vertex -18 1.45009 14.8762
      vertex -14 1.45009 14.8762
    endloop
  endfacet
  facet normal -0 0.675592 0.737276
    outer loop
      vertex -18 -1.02846 12.9743
      vertex -14 -1.13137 13.0686
      vertex -14 -1.02846 12.9743
    endloop
  endfacet
  facet normal 0 0.675592 0.737276
    outer loop
      vertex -14 -1.13137 13.0686
      vertex -18 -1.02846 12.9743
      vertex -18 -1.13137 13.0686
    endloop
  endfacet
  facet normal 0 -0.976307 -0.216392
    outer loop
      vertex -18 1.57569 14.4778
      vertex -14 1.54548 14.6141
      vertex -18 1.54548 14.6141
    endloop
  endfacet
  facet normal 0 -0.976307 -0.216392
    outer loop
      vertex -14 1.54548 14.6141
      vertex -18 1.57569 14.4778
      vertex -14 1.57569 14.4778
    endloop
  endfacet
  facet normal 0 -0.999047 -0.0436456
    outer loop
      vertex -18 1.6 14.2
      vertex -14 1.59391 14.3394
      vertex -18 1.59391 14.3394
    endloop
  endfacet
  facet normal 0 -0.999047 -0.0436456
    outer loop
      vertex -14 1.59391 14.3394
      vertex -18 1.6 14.2
      vertex -14 1.6 14.2
    endloop
  endfacet
  facet normal 0 -0.999047 0.0436456
    outer loop
      vertex -18 1.59391 14.0606
      vertex -14 1.6 14.2
      vertex -18 1.6 14.2
    endloop
  endfacet
  facet normal 0 -0.999047 0.0436456
    outer loop
      vertex -14 1.6 14.2
      vertex -18 1.59391 14.0606
      vertex -14 1.59391 14.0606
    endloop
  endfacet
  facet normal -0 0.38259 0.923918
    outer loop
      vertex -18 -0.547232 12.6965
      vertex -14 -0.676188 12.7499
      vertex -14 -0.547232 12.6965
    endloop
  endfacet
  facet normal 0 0.38259 0.923918
    outer loop
      vertex -14 -0.676188 12.7499
      vertex -18 -0.547232 12.6965
      vertex -18 -0.676188 12.7499
    endloop
  endfacet
  facet normal 0 -0.991446 -0.130521
    outer loop
      vertex -18 1.59391 14.3394
      vertex -14 1.57569 14.4778
      vertex -18 1.57569 14.4778
    endloop
  endfacet
  facet normal 0 -0.991446 -0.130521
    outer loop
      vertex -14 1.57569 14.4778
      vertex -18 1.59391 14.3394
      vertex -14 1.59391 14.3394
    endloop
  endfacet
  facet normal 0 0.130392 -0.991463
    outer loop
      vertex -18 -0.277837 15.7757
      vertex -14 -0.139449 15.7939
      vertex -14 -0.277837 15.7757
    endloop
  endfacet
  facet normal 0 0.130392 -0.991463
    outer loop
      vertex -14 -0.139449 15.7939
      vertex -18 -0.277837 15.7757
      vertex -18 -0.139449 15.7939
    endloop
  endfacet
  facet normal 0 -0.953709 -0.30073
    outer loop
      vertex -18 1.54548 14.6141
      vertex -14 1.50351 14.7472
      vertex -18 1.50351 14.7472
    endloop
  endfacet
  facet normal 0 -0.953709 -0.30073
    outer loop
      vertex -14 1.50351 14.7472
      vertex -18 1.54548 14.6141
      vertex -14 1.54548 14.6141
    endloop
  endfacet
  facet normal 0 -0.675592 -0.737276
    outer loop
      vertex -18 1.02846 15.4257
      vertex -14 1.13137 15.3314
      vertex -14 1.02846 15.4257
    endloop
  endfacet
  facet normal -0 -0.675592 -0.737276
    outer loop
      vertex -14 1.13137 15.3314
      vertex -18 1.02846 15.4257
      vertex -18 1.13137 15.3314
    endloop
  endfacet
  facet normal 0 -0.30088 -0.953662
    outer loop
      vertex -18 0.41411 15.7455
      vertex -14 0.547232 15.7035
      vertex -14 0.41411 15.7455
    endloop
  endfacet
  facet normal -0 -0.30088 -0.953662
    outer loop
      vertex -14 0.547232 15.7035
      vertex -18 0.41411 15.7455
      vertex -18 0.547232 15.7035
    endloop
  endfacet
  facet normal 0 0.216365 -0.976313
    outer loop
      vertex -18 -0.41411 15.7455
      vertex -14 -0.277837 15.7757
      vertex -14 -0.41411 15.7455
    endloop
  endfacet
  facet normal 0 0.216365 -0.976313
    outer loop
      vertex -14 -0.277837 15.7757
      vertex -18 -0.41411 15.7455
      vertex -18 -0.277837 15.7757
    endloop
  endfacet
  facet normal 0 -0.608435 -0.793603
    outer loop
      vertex -18 0.917722 15.5106
      vertex -14 1.02846 15.4257
      vertex -14 0.917722 15.5106
    endloop
  endfacet
  facet normal -0 -0.608435 -0.793603
    outer loop
      vertex -14 1.02846 15.4257
      vertex -18 0.917722 15.5106
      vertex -18 1.02846 15.4257
    endloop
  endfacet
  facet normal 0 0.30088 -0.953662
    outer loop
      vertex -18 -0.547232 15.7035
      vertex -14 -0.41411 15.7455
      vertex -14 -0.547232 15.7035
    endloop
  endfacet
  facet normal 0 0.30088 -0.953662
    outer loop
      vertex -14 -0.41411 15.7455
      vertex -18 -0.547232 15.7035
      vertex -18 -0.41411 15.7455
    endloop
  endfacet
  facet normal 0 -0.38259 -0.923918
    outer loop
      vertex -18 0.547232 15.7035
      vertex -14 0.676188 15.6501
      vertex -14 0.547232 15.7035
    endloop
  endfacet
  facet normal -0 -0.38259 -0.923918
    outer loop
      vertex -14 0.676188 15.6501
      vertex -18 0.547232 15.7035
      vertex -18 0.676188 15.6501
    endloop
  endfacet
  facet normal -0 0.608435 0.793603
    outer loop
      vertex -18 -0.917722 12.8894
      vertex -14 -1.02846 12.9743
      vertex -14 -0.917722 12.8894
    endloop
  endfacet
  facet normal 0 0.608435 0.793603
    outer loop
      vertex -14 -1.02846 12.9743
      vertex -18 -0.917722 12.8894
      vertex -18 -1.02846 12.9743
    endloop
  endfacet
  facet normal 0 -0.887 0.46177
    outer loop
      vertex -18 1.38564 13.4
      vertex -14 1.45009 13.5238
      vertex -18 1.45009 13.5238
    endloop
  endfacet
  facet normal 0 -0.887 0.46177
    outer loop
      vertex -14 1.45009 13.5238
      vertex -18 1.38564 13.4
      vertex -14 1.38564 13.4
    endloop
  endfacet
  facet normal 0 -0.843337 0.537385
    outer loop
      vertex -18 1.31064 13.2823
      vertex -14 1.38564 13.4
      vertex -18 1.38564 13.4
    endloop
  endfacet
  facet normal 0 -0.843337 0.537385
    outer loop
      vertex -14 1.38564 13.4
      vertex -18 1.31064 13.2823
      vertex -14 1.31064 13.2823
    endloop
  endfacet
  facet normal 0 0.793526 -0.608537
    outer loop
      vertex -14 -1.31064 15.1177
      vertex -18 -1.22567 15.2285
      vertex -14 -1.22567 15.2285
    endloop
  endfacet
  facet normal 0 0.793526 -0.608537
    outer loop
      vertex -18 -1.22567 15.2285
      vertex -14 -1.31064 15.1177
      vertex -18 -1.31064 15.1177
    endloop
  endfacet
  facet normal 0 0.608435 -0.793603
    outer loop
      vertex -18 -1.02846 15.4257
      vertex -14 -0.917722 15.5106
      vertex -14 -1.02846 15.4257
    endloop
  endfacet
  facet normal 0 0.608435 -0.793603
    outer loop
      vertex -14 -0.917722 15.5106
      vertex -18 -1.02846 15.4257
      vertex -18 -0.917722 15.5106
    endloop
  endfacet
  facet normal 0 0.953709 -0.30073
    outer loop
      vertex -14 -1.54548 14.6141
      vertex -18 -1.50351 14.7472
      vertex -14 -1.50351 14.7472
    endloop
  endfacet
  facet normal 0 0.953709 -0.30073
    outer loop
      vertex -18 -1.50351 14.7472
      vertex -14 -1.54548 14.6141
      vertex -18 -1.54548 14.6141
    endloop
  endfacet
  facet normal 0 -0.30088 0.953662
    outer loop
      vertex -18 0.547232 12.6965
      vertex -14 0.41411 12.6545
      vertex -14 0.547232 12.6965
    endloop
  endfacet
  facet normal 0 -0.30088 0.953662
    outer loop
      vertex -14 0.41411 12.6545
      vertex -18 0.547232 12.6965
      vertex -18 0.41411 12.6545
    endloop
  endfacet
  facet normal 0 0.923914 0.382601
    outer loop
      vertex -14 -1.45009 13.5238
      vertex -18 -1.50351 13.6528
      vertex -14 -1.50351 13.6528
    endloop
  endfacet
  facet normal 0 0.923914 0.382601
    outer loop
      vertex -18 -1.50351 13.6528
      vertex -14 -1.45009 13.5238
      vertex -18 -1.45009 13.5238
    endloop
  endfacet
  facet normal 0 0.843337 0.537385
    outer loop
      vertex -14 -1.31064 13.2823
      vertex -18 -1.38564 13.4
      vertex -14 -1.38564 13.4
    endloop
  endfacet
  facet normal 0 0.843337 0.537385
    outer loop
      vertex -18 -1.38564 13.4
      vertex -14 -1.31064 13.2823
      vertex -18 -1.31064 13.2823
    endloop
  endfacet
  facet normal 0 -0.216365 0.976313
    outer loop
      vertex -18 0.41411 12.6545
      vertex -14 0.277837 12.6243
      vertex -14 0.41411 12.6545
    endloop
  endfacet
  facet normal 0 -0.216365 0.976313
    outer loop
      vertex -14 0.277837 12.6243
      vertex -18 0.41411 12.6545
      vertex -18 0.277837 12.6243
    endloop
  endfacet
  facet normal 0 0.999047 -0.0436456
    outer loop
      vertex -14 -1.6 14.2
      vertex -18 -1.59391 14.3394
      vertex -14 -1.59391 14.3394
    endloop
  endfacet
  facet normal 0 0.999047 -0.0436456
    outer loop
      vertex -18 -1.59391 14.3394
      vertex -14 -1.6 14.2
      vertex -18 -1.6 14.2
    endloop
  endfacet
  facet normal 0 -0.130392 -0.991463
    outer loop
      vertex -18 0.139449 15.7939
      vertex -14 0.277837 15.7757
      vertex -14 0.139449 15.7939
    endloop
  endfacet
  facet normal -0 -0.130392 -0.991463
    outer loop
      vertex -14 0.277837 15.7757
      vertex -18 0.139449 15.7939
      vertex -18 0.277837 15.7757
    endloop
  endfacet
  facet normal 0 -0.0437018 -0.999045
    outer loop
      vertex -18 0 15.8
      vertex -14 0.139449 15.7939
      vertex -14 0 15.8
    endloop
  endfacet
  facet normal -0 -0.0437018 -0.999045
    outer loop
      vertex -14 0.139449 15.7939
      vertex -18 0 15.8
      vertex -18 0.139449 15.7939
    endloop
  endfacet
  facet normal 0 -0.46202 -0.88687
    outer loop
      vertex -18 0.676188 15.6501
      vertex -14 0.799999 15.5856
      vertex -14 0.676188 15.6501
    endloop
  endfacet
  facet normal -0 -0.46202 -0.88687
    outer loop
      vertex -14 0.799999 15.5856
      vertex -18 0.676188 15.6501
      vertex -18 0.799999 15.5856
    endloop
  endfacet
  facet normal 0 0.737243 0.675627
    outer loop
      vertex -14 -1.13137 13.0686
      vertex -18 -1.22567 13.1715
      vertex -14 -1.22567 13.1715
    endloop
  endfacet
  facet normal 0 0.737243 0.675627
    outer loop
      vertex -18 -1.22567 13.1715
      vertex -14 -1.13137 13.0686
      vertex -18 -1.13137 13.0686
    endloop
  endfacet
  facet normal 0 0.887 -0.46177
    outer loop
      vertex -14 -1.45009 14.8762
      vertex -18 -1.38564 15
      vertex -14 -1.38564 15
    endloop
  endfacet
  facet normal 0 0.887 -0.46177
    outer loop
      vertex -18 -1.38564 15
      vertex -14 -1.45009 14.8762
      vertex -18 -1.45009 14.8762
    endloop
  endfacet
  facet normal 0 0.991446 -0.130521
    outer loop
      vertex -14 -1.59391 14.3394
      vertex -18 -1.57569 14.4778
      vertex -14 -1.57569 14.4778
    endloop
  endfacet
  facet normal 0 0.991446 -0.130521
    outer loop
      vertex -18 -1.57569 14.4778
      vertex -14 -1.59391 14.3394
      vertex -18 -1.59391 14.3394
    endloop
  endfacet
  facet normal 0 -0.976307 0.216392
    outer loop
      vertex -18 1.54548 13.7859
      vertex -14 1.57569 13.9222
      vertex -18 1.57569 13.9222
    endloop
  endfacet
  facet normal 0 -0.976307 0.216392
    outer loop
      vertex -14 1.57569 13.9222
      vertex -18 1.54548 13.7859
      vertex -14 1.54548 13.7859
    endloop
  endfacet
  facet normal 0 0.737243 -0.675627
    outer loop
      vertex -14 -1.22567 15.2285
      vertex -18 -1.13137 15.3314
      vertex -14 -1.13137 15.3314
    endloop
  endfacet
  facet normal 0 0.737243 -0.675627
    outer loop
      vertex -18 -1.13137 15.3314
      vertex -14 -1.22567 15.2285
      vertex -18 -1.22567 15.2285
    endloop
  endfacet
  facet normal -0 0.537311 0.843384
    outer loop
      vertex 14 -0.799999 12.8144
      vertex 18 -0.917722 12.8894
      vertex 18 -0.799999 12.8144
    endloop
  endfacet
  facet normal 0 0.537311 0.843384
    outer loop
      vertex 18 -0.917722 12.8894
      vertex 14 -0.799999 12.8144
      vertex 14 -0.917722 12.8894
    endloop
  endfacet
  facet normal 0 0.38259 -0.923918
    outer loop
      vertex 14 -0.676188 15.6501
      vertex 18 -0.547232 15.7035
      vertex 18 -0.676188 15.6501
    endloop
  endfacet
  facet normal 0 0.38259 -0.923918
    outer loop
      vertex 18 -0.547232 15.7035
      vertex 14 -0.676188 15.6501
      vertex 14 -0.547232 15.7035
    endloop
  endfacet
  facet normal 0 0.675592 -0.737276
    outer loop
      vertex 14 -1.13137 15.3314
      vertex 18 -1.02846 15.4257
      vertex 18 -1.13137 15.3314
    endloop
  endfacet
  facet normal 0 0.675592 -0.737276
    outer loop
      vertex 18 -1.02846 15.4257
      vertex 14 -1.13137 15.3314
      vertex 14 -1.02846 15.4257
    endloop
  endfacet
  facet normal 0 0.887 0.46177
    outer loop
      vertex 18 -1.38564 13.4
      vertex 14 -1.45009 13.5238
      vertex 18 -1.45009 13.5238
    endloop
  endfacet
  facet normal 0 0.887 0.46177
    outer loop
      vertex 14 -1.45009 13.5238
      vertex 18 -1.38564 13.4
      vertex 14 -1.38564 13.4
    endloop
  endfacet
  facet normal 0 -0.923914 -0.382601
    outer loop
      vertex 14 1.50351 14.7472
      vertex 18 1.45009 14.8762
      vertex 14 1.45009 14.8762
    endloop
  endfacet
  facet normal 0 -0.923914 -0.382601
    outer loop
      vertex 18 1.45009 14.8762
      vertex 14 1.50351 14.7472
      vertex 18 1.50351 14.7472
    endloop
  endfacet
  facet normal 0 -0.793526 0.608537
    outer loop
      vertex 14 1.22567 13.1715
      vertex 18 1.31064 13.2823
      vertex 14 1.31064 13.2823
    endloop
  endfacet
  facet normal 0 -0.793526 0.608537
    outer loop
      vertex 18 1.31064 13.2823
      vertex 14 1.22567 13.1715
      vertex 18 1.22567 13.1715
    endloop
  endfacet
  facet normal 0 -0.608435 0.793603
    outer loop
      vertex 14 1.02846 12.9743
      vertex 18 0.917722 12.8894
      vertex 18 1.02846 12.9743
    endloop
  endfacet
  facet normal 0 -0.608435 0.793603
    outer loop
      vertex 18 0.917722 12.8894
      vertex 14 1.02846 12.9743
      vertex 14 0.917722 12.8894
    endloop
  endfacet
  facet normal 0 -0.793526 -0.608537
    outer loop
      vertex 14 1.31064 15.1177
      vertex 18 1.22567 15.2285
      vertex 14 1.22567 15.2285
    endloop
  endfacet
  facet normal 0 -0.793526 -0.608537
    outer loop
      vertex 18 1.22567 15.2285
      vertex 14 1.31064 15.1177
      vertex 18 1.31064 15.1177
    endloop
  endfacet
  facet normal 0 0.0437018 -0.999045
    outer loop
      vertex 14 -0.139449 15.7939
      vertex 18 0 15.8
      vertex 18 -0.139449 15.7939
    endloop
  endfacet
  facet normal 0 0.0437018 -0.999045
    outer loop
      vertex 18 0 15.8
      vertex 14 -0.139449 15.7939
      vertex 14 0 15.8
    endloop
  endfacet
  facet normal 0 -0.0437018 0.999045
    outer loop
      vertex 14 0.139449 12.6061
      vertex 18 0 12.6
      vertex 18 0.139449 12.6061
    endloop
  endfacet
  facet normal 0 -0.0437018 0.999045
    outer loop
      vertex 18 0 12.6
      vertex 14 0.139449 12.6061
      vertex 14 0 12.6
    endloop
  endfacet
  facet normal 0 -0.216365 -0.976313
    outer loop
      vertex 14 0.277837 15.7757
      vertex 18 0.41411 15.7455
      vertex 18 0.277837 15.7757
    endloop
  endfacet
  facet normal -0 -0.216365 -0.976313
    outer loop
      vertex 18 0.41411 15.7455
      vertex 14 0.277837 15.7757
      vertex 14 0.41411 15.7455
    endloop
  endfacet
  facet normal 0 0.737243 -0.675627
    outer loop
      vertex 18 -1.22567 15.2285
      vertex 14 -1.13137 15.3314
      vertex 18 -1.13137 15.3314
    endloop
  endfacet
  facet normal 0 0.737243 -0.675627
    outer loop
      vertex 14 -1.13137 15.3314
      vertex 18 -1.22567 15.2285
      vertex 14 -1.22567 15.2285
    endloop
  endfacet
  facet normal 0 0.976307 -0.216392
    outer loop
      vertex 18 -1.57569 14.4778
      vertex 14 -1.54548 14.6141
      vertex 18 -1.54548 14.6141
    endloop
  endfacet
  facet normal 0 0.976307 -0.216392
    outer loop
      vertex 14 -1.54548 14.6141
      vertex 18 -1.57569 14.4778
      vertex 14 -1.57569 14.4778
    endloop
  endfacet
  facet normal -0 0.216365 0.976313
    outer loop
      vertex 14 -0.277837 12.6243
      vertex 18 -0.41411 12.6545
      vertex 18 -0.277837 12.6243
    endloop
  endfacet
  facet normal 0 0.216365 0.976313
    outer loop
      vertex 18 -0.41411 12.6545
      vertex 14 -0.277837 12.6243
      vertex 14 -0.41411 12.6545
    endloop
  endfacet
  facet normal 0 0.953709 0.30073
    outer loop
      vertex 18 -1.50351 13.6528
      vertex 14 -1.54548 13.7859
      vertex 18 -1.54548 13.7859
    endloop
  endfacet
  facet normal 0 0.953709 0.30073
    outer loop
      vertex 14 -1.54548 13.7859
      vertex 18 -1.50351 13.6528
      vertex 14 -1.50351 13.6528
    endloop
  endfacet
  facet normal 0 0.843337 -0.537385
    outer loop
      vertex 18 -1.38564 15
      vertex 14 -1.31064 15.1177
      vertex 18 -1.31064 15.1177
    endloop
  endfacet
  facet normal 0 0.843337 -0.537385
    outer loop
      vertex 14 -1.31064 15.1177
      vertex 18 -1.38564 15
      vertex 14 -1.38564 15
    endloop
  endfacet
  facet normal 0 -0.675592 0.737276
    outer loop
      vertex 14 1.13137 13.0686
      vertex 18 1.02846 12.9743
      vertex 18 1.13137 13.0686
    endloop
  endfacet
  facet normal 0 -0.675592 0.737276
    outer loop
      vertex 18 1.02846 12.9743
      vertex 14 1.13137 13.0686
      vertex 14 1.02846 12.9743
    endloop
  endfacet
  facet normal 0 -0.923914 0.382601
    outer loop
      vertex 14 1.45009 13.5238
      vertex 18 1.50351 13.6528
      vertex 14 1.50351 13.6528
    endloop
  endfacet
  facet normal 0 -0.923914 0.382601
    outer loop
      vertex 18 1.50351 13.6528
      vertex 14 1.45009 13.5238
      vertex 18 1.45009 13.5238
    endloop
  endfacet
  facet normal -0 0.46202 0.88687
    outer loop
      vertex 14 -0.676188 12.7499
      vertex 18 -0.799999 12.8144
      vertex 18 -0.676188 12.7499
    endloop
  endfacet
  facet normal 0 0.46202 0.88687
    outer loop
      vertex 18 -0.799999 12.8144
      vertex 14 -0.676188 12.7499
      vertex 14 -0.799999 12.8144
    endloop
  endfacet
  facet normal -0 0.30088 0.953662
    outer loop
      vertex 14 -0.41411 12.6545
      vertex 18 -0.547232 12.6965
      vertex 18 -0.41411 12.6545
    endloop
  endfacet
  facet normal 0 0.30088 0.953662
    outer loop
      vertex 18 -0.547232 12.6965
      vertex 14 -0.41411 12.6545
      vertex 14 -0.547232 12.6965
    endloop
  endfacet
  facet normal 0 -0.130392 0.991463
    outer loop
      vertex 14 0.277837 12.6243
      vertex 18 0.139449 12.6061
      vertex 18 0.277837 12.6243
    endloop
  endfacet
  facet normal 0 -0.130392 0.991463
    outer loop
      vertex 18 0.139449 12.6061
      vertex 14 0.277837 12.6243
      vertex 14 0.139449 12.6061
    endloop
  endfacet
  facet normal 0 -0.537311 -0.843384
    outer loop
      vertex 14 0.799999 15.5856
      vertex 18 0.917722 15.5106
      vertex 18 0.799999 15.5856
    endloop
  endfacet
  facet normal -0 -0.537311 -0.843384
    outer loop
      vertex 18 0.917722 15.5106
      vertex 14 0.799999 15.5856
      vertex 14 0.917722 15.5106
    endloop
  endfacet
  facet normal 0 0.923914 -0.382601
    outer loop
      vertex 18 -1.50351 14.7472
      vertex 14 -1.45009 14.8762
      vertex 18 -1.45009 14.8762
    endloop
  endfacet
  facet normal 0 0.923914 -0.382601
    outer loop
      vertex 14 -1.45009 14.8762
      vertex 18 -1.50351 14.7472
      vertex 14 -1.50351 14.7472
    endloop
  endfacet
  facet normal 0 0.991446 0.130521
    outer loop
      vertex 18 -1.57569 13.9222
      vertex 14 -1.59391 14.0606
      vertex 18 -1.59391 14.0606
    endloop
  endfacet
  facet normal 0 0.991446 0.130521
    outer loop
      vertex 14 -1.59391 14.0606
      vertex 18 -1.57569 13.9222
      vertex 14 -1.57569 13.9222
    endloop
  endfacet
  facet normal 0 0.999047 0.0436456
    outer loop
      vertex 18 -1.59391 14.0606
      vertex 14 -1.6 14.2
      vertex 18 -1.6 14.2
    endloop
  endfacet
  facet normal 0 0.999047 0.0436456
    outer loop
      vertex 14 -1.6 14.2
      vertex 18 -1.59391 14.0606
      vertex 14 -1.59391 14.0606
    endloop
  endfacet
  facet normal 0 -0.737243 -0.675627
    outer loop
      vertex 14 1.22567 15.2285
      vertex 18 1.13137 15.3314
      vertex 14 1.13137 15.3314
    endloop
  endfacet
  facet normal 0 -0.737243 -0.675627
    outer loop
      vertex 18 1.13137 15.3314
      vertex 14 1.22567 15.2285
      vertex 18 1.22567 15.2285
    endloop
  endfacet
  facet normal -0 0.130392 0.991463
    outer loop
      vertex 14 -0.139449 12.6061
      vertex 18 -0.277837 12.6243
      vertex 18 -0.139449 12.6061
    endloop
  endfacet
  facet normal 0 0.130392 0.991463
    outer loop
      vertex 18 -0.277837 12.6243
      vertex 14 -0.139449 12.6061
      vertex 14 -0.277837 12.6243
    endloop
  endfacet
  facet normal -0 0.0437018 0.999045
    outer loop
      vertex 14 0 12.6
      vertex 18 -0.139449 12.6061
      vertex 18 0 12.6
    endloop
  endfacet
  facet normal 0 0.0437018 0.999045
    outer loop
      vertex 18 -0.139449 12.6061
      vertex 14 0 12.6
      vertex 14 -0.139449 12.6061
    endloop
  endfacet
  facet normal 0 -0.46202 0.88687
    outer loop
      vertex 14 0.799999 12.8144
      vertex 18 0.676188 12.7499
      vertex 18 0.799999 12.8144
    endloop
  endfacet
  facet normal 0 -0.46202 0.88687
    outer loop
      vertex 18 0.676188 12.7499
      vertex 14 0.799999 12.8144
      vertex 14 0.676188 12.7499
    endloop
  endfacet
  facet normal 0 -0.38259 0.923918
    outer loop
      vertex 14 0.676188 12.7499
      vertex 18 0.547232 12.6965
      vertex 18 0.676188 12.7499
    endloop
  endfacet
  facet normal 0 -0.38259 0.923918
    outer loop
      vertex 18 0.547232 12.6965
      vertex 14 0.676188 12.7499
      vertex 14 0.547232 12.6965
    endloop
  endfacet
  facet normal 0 0.793526 0.608537
    outer loop
      vertex 18 -1.22567 13.1715
      vertex 14 -1.31064 13.2823
      vertex 18 -1.31064 13.2823
    endloop
  endfacet
  facet normal 0 0.793526 0.608537
    outer loop
      vertex 14 -1.31064 13.2823
      vertex 18 -1.22567 13.1715
      vertex 14 -1.22567 13.1715
    endloop
  endfacet
  facet normal 0 -0.843337 -0.537385
    outer loop
      vertex 14 1.38564 15
      vertex 18 1.31064 15.1177
      vertex 14 1.31064 15.1177
    endloop
  endfacet
  facet normal 0 -0.843337 -0.537385
    outer loop
      vertex 18 1.31064 15.1177
      vertex 14 1.38564 15
      vertex 18 1.38564 15
    endloop
  endfacet
  facet normal 0 0.46202 -0.88687
    outer loop
      vertex 14 -0.799999 15.5856
      vertex 18 -0.676188 15.6501
      vertex 18 -0.799999 15.5856
    endloop
  endfacet
  facet normal 0 0.46202 -0.88687
    outer loop
      vertex 18 -0.676188 15.6501
      vertex 14 -0.799999 15.5856
      vertex 14 -0.676188 15.6501
    endloop
  endfacet
  facet normal 0 -0.737243 0.675627
    outer loop
      vertex 14 1.13137 13.0686
      vertex 18 1.22567 13.1715
      vertex 14 1.22567 13.1715
    endloop
  endfacet
  facet normal 0 -0.737243 0.675627
    outer loop
      vertex 18 1.22567 13.1715
      vertex 14 1.13137 13.0686
      vertex 18 1.13137 13.0686
    endloop
  endfacet
  facet normal 0 0.843337 0.537385
    outer loop
      vertex 18 -1.31064 13.2823
      vertex 14 -1.38564 13.4
      vertex 18 -1.38564 13.4
    endloop
  endfacet
  facet normal 0 0.843337 0.537385
    outer loop
      vertex 14 -1.38564 13.4
      vertex 18 -1.31064 13.2823
      vertex 14 -1.31064 13.2823
    endloop
  endfacet
  facet normal 0 -0.953709 0.30073
    outer loop
      vertex 14 1.50351 13.6528
      vertex 18 1.54548 13.7859
      vertex 14 1.54548 13.7859
    endloop
  endfacet
  facet normal 0 -0.953709 0.30073
    outer loop
      vertex 18 1.54548 13.7859
      vertex 14 1.50351 13.6528
      vertex 18 1.50351 13.6528
    endloop
  endfacet
  facet normal 0 0.976307 0.216392
    outer loop
      vertex 18 -1.54548 13.7859
      vertex 14 -1.57569 13.9222
      vertex 18 -1.57569 13.9222
    endloop
  endfacet
  facet normal 0 0.976307 0.216392
    outer loop
      vertex 14 -1.57569 13.9222
      vertex 18 -1.54548 13.7859
      vertex 14 -1.54548 13.7859
    endloop
  endfacet
  facet normal 0 -0.537311 0.843384
    outer loop
      vertex 14 0.917722 12.8894
      vertex 18 0.799999 12.8144
      vertex 18 0.917722 12.8894
    endloop
  endfacet
  facet normal 0 -0.537311 0.843384
    outer loop
      vertex 18 0.799999 12.8144
      vertex 14 0.917722 12.8894
      vertex 14 0.799999 12.8144
    endloop
  endfacet
  facet normal 0 0.537311 -0.843384
    outer loop
      vertex 14 -0.917722 15.5106
      vertex 18 -0.799999 15.5856
      vertex 18 -0.917722 15.5106
    endloop
  endfacet
  facet normal 0 0.537311 -0.843384
    outer loop
      vertex 18 -0.799999 15.5856
      vertex 14 -0.917722 15.5106
      vertex 14 -0.799999 15.5856
    endloop
  endfacet
  facet normal 0 -0.887 -0.46177
    outer loop
      vertex 14 1.45009 14.8762
      vertex 18 1.38564 15
      vertex 14 1.38564 15
    endloop
  endfacet
  facet normal 0 -0.887 -0.46177
    outer loop
      vertex 18 1.38564 15
      vertex 14 1.45009 14.8762
      vertex 18 1.45009 14.8762
    endloop
  endfacet
  facet normal 0 0.991446 -0.130521
    outer loop
      vertex 18 -1.59391 14.3394
      vertex 14 -1.57569 14.4778
      vertex 18 -1.57569 14.4778
    endloop
  endfacet
  facet normal 0 0.991446 -0.130521
    outer loop
      vertex 14 -1.57569 14.4778
      vertex 18 -1.59391 14.3394
      vertex 14 -1.59391 14.3394
    endloop
  endfacet
  facet normal -0 0.675592 0.737276
    outer loop
      vertex 14 -1.02846 12.9743
      vertex 18 -1.13137 13.0686
      vertex 18 -1.02846 12.9743
    endloop
  endfacet
  facet normal 0 0.675592 0.737276
    outer loop
      vertex 18 -1.13137 13.0686
      vertex 14 -1.02846 12.9743
      vertex 14 -1.13137 13.0686
    endloop
  endfacet
  facet normal 0 -0.976307 -0.216392
    outer loop
      vertex 14 1.57569 14.4778
      vertex 18 1.54548 14.6141
      vertex 14 1.54548 14.6141
    endloop
  endfacet
  facet normal 0 -0.976307 -0.216392
    outer loop
      vertex 18 1.54548 14.6141
      vertex 14 1.57569 14.4778
      vertex 18 1.57569 14.4778
    endloop
  endfacet
  facet normal 0 -0.999047 -0.0436456
    outer loop
      vertex 14 1.6 14.2
      vertex 18 1.59391 14.3394
      vertex 14 1.59391 14.3394
    endloop
  endfacet
  facet normal 0 -0.999047 -0.0436456
    outer loop
      vertex 18 1.59391 14.3394
      vertex 14 1.6 14.2
      vertex 18 1.6 14.2
    endloop
  endfacet
  facet normal 0 -0.999047 0.0436456
    outer loop
      vertex 14 1.59391 14.0606
      vertex 18 1.6 14.2
      vertex 14 1.6 14.2
    endloop
  endfacet
  facet normal 0 -0.999047 0.0436456
    outer loop
      vertex 18 1.6 14.2
      vertex 14 1.59391 14.0606
      vertex 18 1.59391 14.0606
    endloop
  endfacet
  facet normal -0 0.38259 0.923918
    outer loop
      vertex 14 -0.547232 12.6965
      vertex 18 -0.676188 12.7499
      vertex 18 -0.547232 12.6965
    endloop
  endfacet
  facet normal 0 0.38259 0.923918
    outer loop
      vertex 18 -0.676188 12.7499
      vertex 14 -0.547232 12.6965
      vertex 14 -0.676188 12.7499
    endloop
  endfacet
  facet normal 0 -0.991446 -0.130521
    outer loop
      vertex 14 1.59391 14.3394
      vertex 18 1.57569 14.4778
      vertex 14 1.57569 14.4778
    endloop
  endfacet
  facet normal 0 -0.991446 -0.130521
    outer loop
      vertex 18 1.57569 14.4778
      vertex 14 1.59391 14.3394
      vertex 18 1.59391 14.3394
    endloop
  endfacet
  facet normal 0 0.130392 -0.991463
    outer loop
      vertex 14 -0.277837 15.7757
      vertex 18 -0.139449 15.7939
      vertex 18 -0.277837 15.7757
    endloop
  endfacet
  facet normal 0 0.130392 -0.991463
    outer loop
      vertex 18 -0.139449 15.7939
      vertex 14 -0.277837 15.7757
      vertex 14 -0.139449 15.7939
    endloop
  endfacet
  facet normal 0 -0.953709 -0.30073
    outer loop
      vertex 14 1.54548 14.6141
      vertex 18 1.50351 14.7472
      vertex 14 1.50351 14.7472
    endloop
  endfacet
  facet normal 0 -0.953709 -0.30073
    outer loop
      vertex 18 1.50351 14.7472
      vertex 14 1.54548 14.6141
      vertex 18 1.54548 14.6141
    endloop
  endfacet
  facet normal 0 -0.675592 -0.737276
    outer loop
      vertex 14 1.02846 15.4257
      vertex 18 1.13137 15.3314
      vertex 18 1.02846 15.4257
    endloop
  endfacet
  facet normal -0 -0.675592 -0.737276
    outer loop
      vertex 18 1.13137 15.3314
      vertex 14 1.02846 15.4257
      vertex 14 1.13137 15.3314
    endloop
  endfacet
  facet normal 0 -0.30088 -0.953662
    outer loop
      vertex 14 0.41411 15.7455
      vertex 18 0.547232 15.7035
      vertex 18 0.41411 15.7455
    endloop
  endfacet
  facet normal -0 -0.30088 -0.953662
    outer loop
      vertex 18 0.547232 15.7035
      vertex 14 0.41411 15.7455
      vertex 14 0.547232 15.7035
    endloop
  endfacet
  facet normal 0 0.216365 -0.976313
    outer loop
      vertex 14 -0.41411 15.7455
      vertex 18 -0.277837 15.7757
      vertex 18 -0.41411 15.7455
    endloop
  endfacet
  facet normal 0 0.216365 -0.976313
    outer loop
      vertex 18 -0.277837 15.7757
      vertex 14 -0.41411 15.7455
      vertex 14 -0.277837 15.7757
    endloop
  endfacet
  facet normal 0 -0.608435 -0.793603
    outer loop
      vertex 14 0.917722 15.5106
      vertex 18 1.02846 15.4257
      vertex 18 0.917722 15.5106
    endloop
  endfacet
  facet normal -0 -0.608435 -0.793603
    outer loop
      vertex 18 1.02846 15.4257
      vertex 14 0.917722 15.5106
      vertex 14 1.02846 15.4257
    endloop
  endfacet
  facet normal 0 -0.38259 -0.923918
    outer loop
      vertex 14 0.547232 15.7035
      vertex 18 0.676188 15.6501
      vertex 18 0.547232 15.7035
    endloop
  endfacet
  facet normal -0 -0.38259 -0.923918
    outer loop
      vertex 18 0.676188 15.6501
      vertex 14 0.547232 15.7035
      vertex 14 0.676188 15.6501
    endloop
  endfacet
  facet normal -0 0.608435 0.793603
    outer loop
      vertex 14 -0.917722 12.8894
      vertex 18 -1.02846 12.9743
      vertex 18 -0.917722 12.8894
    endloop
  endfacet
  facet normal 0 0.608435 0.793603
    outer loop
      vertex 18 -1.02846 12.9743
      vertex 14 -0.917722 12.8894
      vertex 14 -1.02846 12.9743
    endloop
  endfacet
  facet normal 0 -0.887 0.46177
    outer loop
      vertex 14 1.38564 13.4
      vertex 18 1.45009 13.5238
      vertex 14 1.45009 13.5238
    endloop
  endfacet
  facet normal 0 -0.887 0.46177
    outer loop
      vertex 18 1.45009 13.5238
      vertex 14 1.38564 13.4
      vertex 18 1.38564 13.4
    endloop
  endfacet
  facet normal 0 -0.843337 0.537385
    outer loop
      vertex 14 1.31064 13.2823
      vertex 18 1.38564 13.4
      vertex 14 1.38564 13.4
    endloop
  endfacet
  facet normal 0 -0.843337 0.537385
    outer loop
      vertex 18 1.38564 13.4
      vertex 14 1.31064 13.2823
      vertex 18 1.31064 13.2823
    endloop
  endfacet
  facet normal 0 0.793526 -0.608537
    outer loop
      vertex 18 -1.31064 15.1177
      vertex 14 -1.22567 15.2285
      vertex 18 -1.22567 15.2285
    endloop
  endfacet
  facet normal 0 0.793526 -0.608537
    outer loop
      vertex 14 -1.22567 15.2285
      vertex 18 -1.31064 15.1177
      vertex 14 -1.31064 15.1177
    endloop
  endfacet
  facet normal 0 0.608435 -0.793603
    outer loop
      vertex 14 -1.02846 15.4257
      vertex 18 -0.917722 15.5106
      vertex 18 -1.02846 15.4257
    endloop
  endfacet
  facet normal 0 0.608435 -0.793603
    outer loop
      vertex 18 -0.917722 15.5106
      vertex 14 -1.02846 15.4257
      vertex 14 -0.917722 15.5106
    endloop
  endfacet
  facet normal 0 0.953709 -0.30073
    outer loop
      vertex 18 -1.54548 14.6141
      vertex 14 -1.50351 14.7472
      vertex 18 -1.50351 14.7472
    endloop
  endfacet
  facet normal 0 0.953709 -0.30073
    outer loop
      vertex 14 -1.50351 14.7472
      vertex 18 -1.54548 14.6141
      vertex 14 -1.54548 14.6141
    endloop
  endfacet
  facet normal 0 -0.30088 0.953662
    outer loop
      vertex 14 0.547232 12.6965
      vertex 18 0.41411 12.6545
      vertex 18 0.547232 12.6965
    endloop
  endfacet
  facet normal 0 -0.30088 0.953662
    outer loop
      vertex 18 0.41411 12.6545
      vertex 14 0.547232 12.6965
      vertex 14 0.41411 12.6545
    endloop
  endfacet
  facet normal 0 0.923914 0.382601
    outer loop
      vertex 18 -1.45009 13.5238
      vertex 14 -1.50351 13.6528
      vertex 18 -1.50351 13.6528
    endloop
  endfacet
  facet normal 0 0.923914 0.382601
    outer loop
      vertex 14 -1.50351 13.6528
      vertex 18 -1.45009 13.5238
      vertex 14 -1.45009 13.5238
    endloop
  endfacet
  facet normal 0 -0.216365 0.976313
    outer loop
      vertex 14 0.41411 12.6545
      vertex 18 0.277837 12.6243
      vertex 18 0.41411 12.6545
    endloop
  endfacet
  facet normal 0 -0.216365 0.976313
    outer loop
      vertex 18 0.277837 12.6243
      vertex 14 0.41411 12.6545
      vertex 14 0.277837 12.6243
    endloop
  endfacet
  facet normal 0 0.999047 -0.0436456
    outer loop
      vertex 18 -1.6 14.2
      vertex 14 -1.59391 14.3394
      vertex 18 -1.59391 14.3394
    endloop
  endfacet
  facet normal 0 0.999047 -0.0436456
    outer loop
      vertex 14 -1.59391 14.3394
      vertex 18 -1.6 14.2
      vertex 14 -1.6 14.2
    endloop
  endfacet
  facet normal 0 -0.130392 -0.991463
    outer loop
      vertex 14 0.139449 15.7939
      vertex 18 0.277837 15.7757
      vertex 18 0.139449 15.7939
    endloop
  endfacet
  facet normal -0 -0.130392 -0.991463
    outer loop
      vertex 18 0.277837 15.7757
      vertex 14 0.139449 15.7939
      vertex 14 0.277837 15.7757
    endloop
  endfacet
  facet normal 0 -0.0437018 -0.999045
    outer loop
      vertex 14 0 15.8
      vertex 18 0.139449 15.7939
      vertex 18 0 15.8
    endloop
  endfacet
  facet normal -0 -0.0437018 -0.999045
    outer loop
      vertex 18 0.139449 15.7939
      vertex 14 0 15.8
      vertex 14 0.139449 15.7939
    endloop
  endfacet
  facet normal 0 -0.46202 -0.88687
    outer loop
      vertex 14 0.676188 15.6501
      vertex 18 0.799999 15.5856
      vertex 18 0.676188 15.6501
    endloop
  endfacet
  facet normal -0 -0.46202 -0.88687
    outer loop
      vertex 18 0.799999 15.5856
      vertex 14 0.676188 15.6501
      vertex 14 0.799999 15.5856
    endloop
  endfacet
  facet normal 0 0.737243 0.675627
    outer loop
      vertex 18 -1.13137 13.0686
      vertex 14 -1.22567 13.1715
      vertex 18 -1.22567 13.1715
    endloop
  endfacet
  facet normal 0 0.737243 0.675627
    outer loop
      vertex 14 -1.22567 13.1715
      vertex 18 -1.13137 13.0686
      vertex 14 -1.13137 13.0686
    endloop
  endfacet
  facet normal 0 0.887 -0.46177
    outer loop
      vertex 18 -1.45009 14.8762
      vertex 14 -1.38564 15
      vertex 18 -1.38564 15
    endloop
  endfacet
  facet normal 0 0.887 -0.46177
    outer loop
      vertex 14 -1.38564 15
      vertex 18 -1.45009 14.8762
      vertex 14 -1.45009 14.8762
    endloop
  endfacet
  facet normal 0 0.30088 -0.953662
    outer loop
      vertex 14 -0.547232 15.7035
      vertex 18 -0.41411 15.7455
      vertex 18 -0.547232 15.7035
    endloop
  endfacet
  facet normal 0 0.30088 -0.953662
    outer loop
      vertex 18 -0.41411 15.7455
      vertex 14 -0.547232 15.7035
      vertex 14 -0.41411 15.7455
    endloop
  endfacet
  facet normal 0 -0.991446 0.130521
    outer loop
      vertex 14 1.57569 13.9222
      vertex 18 1.59391 14.0606
      vertex 14 1.59391 14.0606
    endloop
  endfacet
  facet normal 0 -0.991446 0.130521
    outer loop
      vertex 18 1.59391 14.0606
      vertex 14 1.57569 13.9222
      vertex 18 1.57569 13.9222
    endloop
  endfacet
  facet normal 0 -0.976307 0.216392
    outer loop
      vertex 14 1.54548 13.7859
      vertex 18 1.57569 13.9222
      vertex 14 1.57569 13.9222
    endloop
  endfacet
  facet normal 0 -0.976307 0.216392
    outer loop
      vertex 18 1.57569 13.9222
      vertex 14 1.54548 13.7859
      vertex 18 1.54548 13.7859
    endloop
  endfacet
  facet normal -0.793361 0 0.608751
    outer loop
      vertex 1.22567 -9.4 -1.02846
      vertex 1.31064 -5.4 -0.917722
      vertex 1.22567 -5.4 -1.02846
    endloop
  endfacet
  facet normal -0.793361 0 0.608751
    outer loop
      vertex 1.31064 -5.4 -0.917722
      vertex 1.22567 -9.4 -1.02846
      vertex 1.31064 -9.4 -0.917722
    endloop
  endfacet
  facet normal -0.793361 0 0.608751
    outer loop
      vertex 1.22567 5.4 -1.02846
      vertex 1.31064 9.4 -0.917722
      vertex 1.22567 9.4 -1.02846
    endloop
  endfacet
  facet normal -0.793361 0 0.608751
    outer loop
      vertex 1.31064 9.4 -0.917722
      vertex 1.22567 5.4 -1.02846
      vertex 1.31064 5.4 -0.917722
    endloop
  endfacet
  facet normal -0.991444 0 -0.130532
    outer loop
      vertex 1.59391 -9.4 0.139449
      vertex 1.57569 -5.4 0.277837
      vertex 1.59391 -5.4 0.139449
    endloop
  endfacet
  facet normal -0.991444 -0 -0.130532
    outer loop
      vertex 1.57569 -5.4 0.277837
      vertex 1.59391 -9.4 0.139449
      vertex 1.57569 -9.4 0.277837
    endloop
  endfacet
  facet normal -0.991444 0 -0.130532
    outer loop
      vertex 1.59391 5.4 0.139449
      vertex 1.57569 9.4 0.277837
      vertex 1.59391 9.4 0.139449
    endloop
  endfacet
  facet normal -0.991444 -0 -0.130532
    outer loop
      vertex 1.57569 9.4 0.277837
      vertex 1.59391 5.4 0.139449
      vertex 1.57569 5.4 0.277837
    endloop
  endfacet
  facet normal -0.999048 0 -0.0436303
    outer loop
      vertex 1.6 -9.4 0
      vertex 1.59391 -5.4 0.139449
      vertex 1.6 -5.4 0
    endloop
  endfacet
  facet normal -0.999048 -0 -0.0436303
    outer loop
      vertex 1.59391 -5.4 0.139449
      vertex 1.6 -9.4 0
      vertex 1.59391 -9.4 0.139449
    endloop
  endfacet
  facet normal -0.999048 0 -0.0436303
    outer loop
      vertex 1.6 5.4 0
      vertex 1.59391 9.4 0.139449
      vertex 1.6 9.4 0
    endloop
  endfacet
  facet normal -0.999048 -0 -0.0436303
    outer loop
      vertex 1.59391 9.4 0.139449
      vertex 1.6 5.4 0
      vertex 1.59391 5.4 0.139449
    endloop
  endfacet
  facet normal -0.976298 0 -0.216433
    outer loop
      vertex 1.57569 -9.4 0.277837
      vertex 1.54548 -5.4 0.41411
      vertex 1.57569 -5.4 0.277837
    endloop
  endfacet
  facet normal -0.976298 -0 -0.216433
    outer loop
      vertex 1.54548 -5.4 0.41411
      vertex 1.57569 -9.4 0.277837
      vertex 1.54548 -9.4 0.41411
    endloop
  endfacet
  facet normal -0.976298 0 -0.216433
    outer loop
      vertex 1.57569 5.4 0.277837
      vertex 1.54548 9.4 0.41411
      vertex 1.57569 9.4 0.277837
    endloop
  endfacet
  facet normal -0.976298 -0 -0.216433
    outer loop
      vertex 1.54548 9.4 0.41411
      vertex 1.57569 5.4 0.277837
      vertex 1.54548 5.4 0.41411
    endloop
  endfacet
  facet normal -0.382712 0 -0.923868
    outer loop
      vertex 0.547232 -9.4 1.50351
      vertex 0.676188 -5.4 1.45009
      vertex 0.676188 -9.4 1.45009
    endloop
  endfacet
  facet normal -0.382712 0 -0.923868
    outer loop
      vertex 0.676188 -5.4 1.45009
      vertex 0.547232 -9.4 1.50351
      vertex 0.547232 -5.4 1.50351
    endloop
  endfacet
  facet normal -0.382712 0 -0.923868
    outer loop
      vertex 0.547232 5.4 1.50351
      vertex 0.676188 9.4 1.45009
      vertex 0.676188 5.4 1.45009
    endloop
  endfacet
  facet normal -0.382712 0 -0.923868
    outer loop
      vertex 0.676188 9.4 1.45009
      vertex 0.547232 5.4 1.50351
      vertex 0.547232 9.4 1.50351
    endloop
  endfacet
  facet normal -0.976298 0 0.216433
    outer loop
      vertex 1.54548 -9.4 -0.41411
      vertex 1.57569 -5.4 -0.277837
      vertex 1.54548 -5.4 -0.41411
    endloop
  endfacet
  facet normal -0.976298 0 0.216433
    outer loop
      vertex 1.57569 -5.4 -0.277837
      vertex 1.54548 -9.4 -0.41411
      vertex 1.57569 -9.4 -0.277837
    endloop
  endfacet
  facet normal -0.976298 0 0.216433
    outer loop
      vertex 1.54548 5.4 -0.41411
      vertex 1.57569 9.4 -0.277837
      vertex 1.54548 9.4 -0.41411
    endloop
  endfacet
  facet normal -0.976298 0 0.216433
    outer loop
      vertex 1.57569 9.4 -0.277837
      vertex 1.54548 5.4 -0.41411
      vertex 1.57569 5.4 -0.277837
    endloop
  endfacet
  facet normal -0.737276 0 0.675592
    outer loop
      vertex 1.13137 -9.4 -1.13137
      vertex 1.22567 -5.4 -1.02846
      vertex 1.13137 -5.4 -1.13137
    endloop
  endfacet
  facet normal -0.737276 0 0.675592
    outer loop
      vertex 1.22567 -5.4 -1.02846
      vertex 1.13137 -9.4 -1.13137
      vertex 1.22567 -9.4 -1.02846
    endloop
  endfacet
  facet normal -0.737276 0 0.675592
    outer loop
      vertex 1.13137 5.4 -1.13137
      vertex 1.22567 9.4 -1.02846
      vertex 1.13137 9.4 -1.13137
    endloop
  endfacet
  facet normal -0.737276 0 0.675592
    outer loop
      vertex 1.22567 9.4 -1.02846
      vertex 1.13137 5.4 -1.13137
      vertex 1.22567 5.4 -1.02846
    endloop
  endfacet
  facet normal -0.537311 0 -0.843384
    outer loop
      vertex 0.799999 -9.4 1.38564
      vertex 0.917722 -5.4 1.31064
      vertex 0.917722 -9.4 1.31064
    endloop
  endfacet
  facet normal -0.537311 0 -0.843384
    outer loop
      vertex 0.917722 -5.4 1.31064
      vertex 0.799999 -9.4 1.38564
      vertex 0.799999 -5.4 1.38564
    endloop
  endfacet
  facet normal -0.537311 0 -0.843384
    outer loop
      vertex 0.799999 5.4 1.38564
      vertex 0.917722 9.4 1.31064
      vertex 0.917722 5.4 1.31064
    endloop
  endfacet
  facet normal -0.537311 0 -0.843384
    outer loop
      vertex 0.917722 9.4 1.31064
      vertex 0.799999 5.4 1.38564
      vertex 0.799999 9.4 1.38564
    endloop
  endfacet
  facet normal 0.793361 -0 0.608751
    outer loop
      vertex -1.31064 -9.4 -0.917722
      vertex -1.22567 -5.4 -1.02846
      vertex -1.31064 -5.4 -0.917722
    endloop
  endfacet
  facet normal 0.793361 0 0.608751
    outer loop
      vertex -1.22567 -5.4 -1.02846
      vertex -1.31064 -9.4 -0.917722
      vertex -1.22567 -9.4 -1.02846
    endloop
  endfacet
  facet normal 0.793361 -0 0.608751
    outer loop
      vertex -1.31064 5.4 -0.917722
      vertex -1.22567 9.4 -1.02846
      vertex -1.31064 9.4 -0.917722
    endloop
  endfacet
  facet normal 0.793361 0 0.608751
    outer loop
      vertex -1.22567 9.4 -1.02846
      vertex -1.31064 5.4 -0.917722
      vertex -1.22567 5.4 -1.02846
    endloop
  endfacet
  facet normal -0.461738 0 -0.887016
    outer loop
      vertex 0.676188 -9.4 1.45009
      vertex 0.799999 -5.4 1.38564
      vertex 0.799999 -9.4 1.38564
    endloop
  endfacet
  facet normal -0.461738 0 -0.887016
    outer loop
      vertex 0.799999 -5.4 1.38564
      vertex 0.676188 -9.4 1.45009
      vertex 0.676188 -5.4 1.45009
    endloop
  endfacet
  facet normal -0.461738 0 -0.887016
    outer loop
      vertex 0.676188 5.4 1.45009
      vertex 0.799999 9.4 1.38564
      vertex 0.799999 5.4 1.38564
    endloop
  endfacet
  facet normal -0.461738 0 -0.887016
    outer loop
      vertex 0.799999 9.4 1.38564
      vertex 0.676188 5.4 1.45009
      vertex 0.676188 9.4 1.45009
    endloop
  endfacet
  facet normal 0.461738 0 -0.887016
    outer loop
      vertex -0.799999 -9.4 1.38564
      vertex -0.676188 -5.4 1.45009
      vertex -0.676188 -9.4 1.45009
    endloop
  endfacet
  facet normal 0.461738 0 -0.887016
    outer loop
      vertex -0.676188 -5.4 1.45009
      vertex -0.799999 -9.4 1.38564
      vertex -0.799999 -5.4 1.38564
    endloop
  endfacet
  facet normal 0.461738 0 -0.887016
    outer loop
      vertex -0.799999 5.4 1.38564
      vertex -0.676188 9.4 1.45009
      vertex -0.676188 5.4 1.45009
    endloop
  endfacet
  facet normal 0.461738 0 -0.887016
    outer loop
      vertex -0.676188 9.4 1.45009
      vertex -0.799999 5.4 1.38564
      vertex -0.799999 9.4 1.38564
    endloop
  endfacet
  facet normal 0.382712 0 -0.923868
    outer loop
      vertex -0.676188 -9.4 1.45009
      vertex -0.547232 -5.4 1.50351
      vertex -0.547232 -9.4 1.50351
    endloop
  endfacet
  facet normal 0.382712 0 -0.923868
    outer loop
      vertex -0.547232 -5.4 1.50351
      vertex -0.676188 -9.4 1.45009
      vertex -0.676188 -5.4 1.45009
    endloop
  endfacet
  facet normal 0.382712 0 -0.923868
    outer loop
      vertex -0.676188 5.4 1.45009
      vertex -0.547232 9.4 1.50351
      vertex -0.547232 5.4 1.50351
    endloop
  endfacet
  facet normal 0.382712 0 -0.923868
    outer loop
      vertex -0.547232 9.4 1.50351
      vertex -0.676188 5.4 1.45009
      vertex -0.676188 9.4 1.45009
    endloop
  endfacet
  facet normal 0.793361 0 -0.608751
    outer loop
      vertex -1.22567 -9.4 1.02846
      vertex -1.31064 -5.4 0.917722
      vertex -1.22567 -5.4 1.02846
    endloop
  endfacet
  facet normal 0.793361 0 -0.608751
    outer loop
      vertex -1.31064 -5.4 0.917722
      vertex -1.22567 -9.4 1.02846
      vertex -1.31064 -9.4 0.917722
    endloop
  endfacet
  facet normal 0.793361 0 -0.608751
    outer loop
      vertex -1.22567 5.4 1.02846
      vertex -1.31064 9.4 0.917722
      vertex -1.22567 9.4 1.02846
    endloop
  endfacet
  facet normal 0.793361 0 -0.608751
    outer loop
      vertex -1.31064 9.4 0.917722
      vertex -1.22567 5.4 1.02846
      vertex -1.31064 5.4 0.917722
    endloop
  endfacet
  facet normal 0.608751 0 0.793361
    outer loop
      vertex -1.02846 -5.4 -1.22567
      vertex -0.917722 -9.4 -1.31064
      vertex -0.917722 -5.4 -1.31064
    endloop
  endfacet
  facet normal 0.608751 0 0.793361
    outer loop
      vertex -0.917722 -9.4 -1.31064
      vertex -1.02846 -5.4 -1.22567
      vertex -1.02846 -9.4 -1.22567
    endloop
  endfacet
  facet normal 0.608751 0 0.793361
    outer loop
      vertex -1.02846 9.4 -1.22567
      vertex -0.917722 5.4 -1.31064
      vertex -0.917722 9.4 -1.31064
    endloop
  endfacet
  facet normal 0.608751 0 0.793361
    outer loop
      vertex -0.917722 5.4 -1.31064
      vertex -1.02846 9.4 -1.22567
      vertex -1.02846 5.4 -1.22567
    endloop
  endfacet
  facet normal -0.923868 0 -0.382712
    outer loop
      vertex 1.50351 -9.4 0.547232
      vertex 1.45009 -5.4 0.676188
      vertex 1.50351 -5.4 0.547232
    endloop
  endfacet
  facet normal -0.923868 -0 -0.382712
    outer loop
      vertex 1.45009 -5.4 0.676188
      vertex 1.50351 -9.4 0.547232
      vertex 1.45009 -9.4 0.676188
    endloop
  endfacet
  facet normal -0.923868 0 -0.382712
    outer loop
      vertex 1.50351 5.4 0.547232
      vertex 1.45009 9.4 0.676188
      vertex 1.50351 9.4 0.547232
    endloop
  endfacet
  facet normal -0.923868 -0 -0.382712
    outer loop
      vertex 1.45009 9.4 0.676188
      vertex 1.50351 5.4 0.547232
      vertex 1.45009 5.4 0.676188
    endloop
  endfacet
  facet normal 0.887016 -0 0.461738
    outer loop
      vertex -1.45009 -9.4 -0.676188
      vertex -1.38564 -5.4 -0.799999
      vertex -1.45009 -5.4 -0.676188
    endloop
  endfacet
  facet normal 0.887016 0 0.461738
    outer loop
      vertex -1.38564 -5.4 -0.799999
      vertex -1.45009 -9.4 -0.676188
      vertex -1.38564 -9.4 -0.799999
    endloop
  endfacet
  facet normal 0.887016 -0 0.461738
    outer loop
      vertex -1.45009 5.4 -0.676188
      vertex -1.38564 9.4 -0.799999
      vertex -1.45009 9.4 -0.676188
    endloop
  endfacet
  facet normal 0.887016 0 0.461738
    outer loop
      vertex -1.38564 9.4 -0.799999
      vertex -1.45009 5.4 -0.676188
      vertex -1.38564 5.4 -0.799999
    endloop
  endfacet
  facet normal -0.887016 0 -0.461738
    outer loop
      vertex 1.45009 -9.4 0.676188
      vertex 1.38564 -5.4 0.799999
      vertex 1.45009 -5.4 0.676188
    endloop
  endfacet
  facet normal -0.887016 -0 -0.461738
    outer loop
      vertex 1.38564 -5.4 0.799999
      vertex 1.45009 -9.4 0.676188
      vertex 1.38564 -9.4 0.799999
    endloop
  endfacet
  facet normal -0.887016 0 -0.461738
    outer loop
      vertex 1.45009 5.4 0.676188
      vertex 1.38564 9.4 0.799999
      vertex 1.45009 9.4 0.676188
    endloop
  endfacet
  facet normal -0.887016 -0 -0.461738
    outer loop
      vertex 1.38564 9.4 0.799999
      vertex 1.45009 5.4 0.676188
      vertex 1.38564 5.4 0.799999
    endloop
  endfacet
  facet normal 0.991444 0 -0.130532
    outer loop
      vertex -1.57569 -9.4 0.277837
      vertex -1.59391 -5.4 0.139449
      vertex -1.57569 -5.4 0.277837
    endloop
  endfacet
  facet normal 0.991444 0 -0.130532
    outer loop
      vertex -1.59391 -5.4 0.139449
      vertex -1.57569 -9.4 0.277837
      vertex -1.59391 -9.4 0.139449
    endloop
  endfacet
  facet normal 0.991444 0 -0.130532
    outer loop
      vertex -1.57569 5.4 0.277837
      vertex -1.59391 9.4 0.139449
      vertex -1.57569 9.4 0.277837
    endloop
  endfacet
  facet normal 0.991444 0 -0.130532
    outer loop
      vertex -1.59391 9.4 0.139449
      vertex -1.57569 5.4 0.277837
      vertex -1.59391 5.4 0.139449
    endloop
  endfacet
  facet normal -0.300685 0 0.953724
    outer loop
      vertex 0.41411 -5.4 -1.54548
      vertex 0.547232 -9.4 -1.50351
      vertex 0.547232 -5.4 -1.50351
    endloop
  endfacet
  facet normal -0.300685 0 0.953724
    outer loop
      vertex 0.547232 -9.4 -1.50351
      vertex 0.41411 -5.4 -1.54548
      vertex 0.41411 -9.4 -1.54548
    endloop
  endfacet
  facet normal -0.300685 0 0.953724
    outer loop
      vertex 0.41411 9.4 -1.54548
      vertex 0.547232 5.4 -1.50351
      vertex 0.547232 9.4 -1.50351
    endloop
  endfacet
  facet normal -0.300685 0 0.953724
    outer loop
      vertex 0.547232 5.4 -1.50351
      vertex 0.41411 9.4 -1.54548
      vertex 0.41411 5.4 -1.54548
    endloop
  endfacet
  facet normal 0.300685 0 -0.953724
    outer loop
      vertex -0.547232 -9.4 1.50351
      vertex -0.41411 -5.4 1.54548
      vertex -0.41411 -9.4 1.54548
    endloop
  endfacet
  facet normal 0.300685 0 -0.953724
    outer loop
      vertex -0.41411 -5.4 1.54548
      vertex -0.547232 -9.4 1.50351
      vertex -0.547232 -5.4 1.50351
    endloop
  endfacet
  facet normal 0.300685 0 -0.953724
    outer loop
      vertex -0.547232 5.4 1.50351
      vertex -0.41411 9.4 1.54548
      vertex -0.41411 5.4 1.54548
    endloop
  endfacet
  facet normal 0.300685 0 -0.953724
    outer loop
      vertex -0.41411 9.4 1.54548
      vertex -0.547232 5.4 1.50351
      vertex -0.547232 9.4 1.50351
    endloop
  endfacet
  facet normal -0.130532 0 0.991444
    outer loop
      vertex 0.139449 -5.4 -1.59391
      vertex 0.277837 -9.4 -1.57569
      vertex 0.277837 -5.4 -1.57569
    endloop
  endfacet
  facet normal -0.130532 0 0.991444
    outer loop
      vertex 0.277837 -9.4 -1.57569
      vertex 0.139449 -5.4 -1.59391
      vertex 0.139449 -9.4 -1.59391
    endloop
  endfacet
  facet normal -0.130532 0 0.991444
    outer loop
      vertex 0.139449 9.4 -1.59391
      vertex 0.277837 5.4 -1.57569
      vertex 0.277837 9.4 -1.57569
    endloop
  endfacet
  facet normal -0.130532 0 0.991444
    outer loop
      vertex 0.277837 5.4 -1.57569
      vertex 0.139449 9.4 -1.59391
      vertex 0.139449 5.4 -1.59391
    endloop
  endfacet
  facet normal 0.887016 0 -0.461738
    outer loop
      vertex -1.38564 -9.4 0.799999
      vertex -1.45009 -5.4 0.676188
      vertex -1.38564 -5.4 0.799999
    endloop
  endfacet
  facet normal 0.887016 0 -0.461738
    outer loop
      vertex -1.45009 -5.4 0.676188
      vertex -1.38564 -9.4 0.799999
      vertex -1.45009 -9.4 0.676188
    endloop
  endfacet
  facet normal 0.887016 0 -0.461738
    outer loop
      vertex -1.38564 5.4 0.799999
      vertex -1.45009 9.4 0.676188
      vertex -1.38564 9.4 0.799999
    endloop
  endfacet
  facet normal 0.887016 0 -0.461738
    outer loop
      vertex -1.45009 9.4 0.676188
      vertex -1.38564 5.4 0.799999
      vertex -1.45009 5.4 0.676188
    endloop
  endfacet
  facet normal 0.608751 0 -0.793361
    outer loop
      vertex -1.02846 -9.4 1.22567
      vertex -0.917722 -5.4 1.31064
      vertex -0.917722 -9.4 1.31064
    endloop
  endfacet
  facet normal 0.608751 0 -0.793361
    outer loop
      vertex -0.917722 -5.4 1.31064
      vertex -1.02846 -9.4 1.22567
      vertex -1.02846 -5.4 1.22567
    endloop
  endfacet
  facet normal 0.608751 0 -0.793361
    outer loop
      vertex -1.02846 5.4 1.22567
      vertex -0.917722 9.4 1.31064
      vertex -0.917722 5.4 1.31064
    endloop
  endfacet
  facet normal 0.608751 0 -0.793361
    outer loop
      vertex -0.917722 9.4 1.31064
      vertex -1.02846 5.4 1.22567
      vertex -1.02846 9.4 1.22567
    endloop
  endfacet
  facet normal -0.843384 0 -0.537311
    outer loop
      vertex 1.38564 -9.4 0.799999
      vertex 1.31064 -5.4 0.917722
      vertex 1.38564 -5.4 0.799999
    endloop
  endfacet
  facet normal -0.843384 -0 -0.537311
    outer loop
      vertex 1.31064 -5.4 0.917722
      vertex 1.38564 -9.4 0.799999
      vertex 1.31064 -9.4 0.917722
    endloop
  endfacet
  facet normal -0.843384 0 -0.537311
    outer loop
      vertex 1.38564 5.4 0.799999
      vertex 1.31064 9.4 0.917722
      vertex 1.38564 9.4 0.799999
    endloop
  endfacet
  facet normal -0.843384 -0 -0.537311
    outer loop
      vertex 1.31064 9.4 0.917722
      vertex 1.38564 5.4 0.799999
      vertex 1.31064 5.4 0.917722
    endloop
  endfacet
  facet normal -0.0436303 0 0.999048
    outer loop
      vertex 0 -5.4 -1.6
      vertex 0.139449 -9.4 -1.59391
      vertex 0.139449 -5.4 -1.59391
    endloop
  endfacet
  facet normal -0.0436303 0 0.999048
    outer loop
      vertex 0.139449 -9.4 -1.59391
      vertex 0 -5.4 -1.6
      vertex 0 -9.4 -1.6
    endloop
  endfacet
  facet normal -0.0436303 0 0.999048
    outer loop
      vertex 0 9.4 -1.6
      vertex 0.139449 5.4 -1.59391
      vertex 0.139449 9.4 -1.59391
    endloop
  endfacet
  facet normal -0.0436303 0 0.999048
    outer loop
      vertex 0.139449 5.4 -1.59391
      vertex 0 9.4 -1.6
      vertex 0 5.4 -1.6
    endloop
  endfacet
  facet normal -0.537311 0 0.843384
    outer loop
      vertex 0.799999 -5.4 -1.38564
      vertex 0.917722 -9.4 -1.31064
      vertex 0.917722 -5.4 -1.31064
    endloop
  endfacet
  facet normal -0.537311 0 0.843384
    outer loop
      vertex 0.917722 -9.4 -1.31064
      vertex 0.799999 -5.4 -1.38564
      vertex 0.799999 -9.4 -1.38564
    endloop
  endfacet
  facet normal -0.537311 0 0.843384
    outer loop
      vertex 0.799999 9.4 -1.38564
      vertex 0.917722 5.4 -1.31064
      vertex 0.917722 9.4 -1.31064
    endloop
  endfacet
  facet normal -0.537311 0 0.843384
    outer loop
      vertex 0.917722 5.4 -1.31064
      vertex 0.799999 9.4 -1.38564
      vertex 0.799999 5.4 -1.38564
    endloop
  endfacet
  facet normal -0.300685 0 -0.953724
    outer loop
      vertex 0.41411 -9.4 1.54548
      vertex 0.547232 -5.4 1.50351
      vertex 0.547232 -9.4 1.50351
    endloop
  endfacet
  facet normal -0.300685 0 -0.953724
    outer loop
      vertex 0.547232 -5.4 1.50351
      vertex 0.41411 -9.4 1.54548
      vertex 0.41411 -5.4 1.54548
    endloop
  endfacet
  facet normal -0.300685 0 -0.953724
    outer loop
      vertex 0.41411 5.4 1.54548
      vertex 0.547232 9.4 1.50351
      vertex 0.547232 5.4 1.50351
    endloop
  endfacet
  facet normal -0.300685 0 -0.953724
    outer loop
      vertex 0.547232 9.4 1.50351
      vertex 0.41411 5.4 1.54548
      vertex 0.41411 9.4 1.54548
    endloop
  endfacet
  facet normal -0.953724 0 -0.300685
    outer loop
      vertex 1.54548 -9.4 0.41411
      vertex 1.50351 -5.4 0.547232
      vertex 1.54548 -5.4 0.41411
    endloop
  endfacet
  facet normal -0.953724 -0 -0.300685
    outer loop
      vertex 1.50351 -5.4 0.547232
      vertex 1.54548 -9.4 0.41411
      vertex 1.50351 -9.4 0.547232
    endloop
  endfacet
  facet normal -0.953724 0 -0.300685
    outer loop
      vertex 1.54548 5.4 0.41411
      vertex 1.50351 9.4 0.547232
      vertex 1.54548 9.4 0.41411
    endloop
  endfacet
  facet normal -0.953724 -0 -0.300685
    outer loop
      vertex 1.50351 9.4 0.547232
      vertex 1.54548 5.4 0.41411
      vertex 1.50351 5.4 0.547232
    endloop
  endfacet
  facet normal 0.976298 -0 0.216433
    outer loop
      vertex -1.57569 -9.4 -0.277837
      vertex -1.54548 -5.4 -0.41411
      vertex -1.57569 -5.4 -0.277837
    endloop
  endfacet
  facet normal 0.976298 0 0.216433
    outer loop
      vertex -1.54548 -5.4 -0.41411
      vertex -1.57569 -9.4 -0.277837
      vertex -1.54548 -9.4 -0.41411
    endloop
  endfacet
  facet normal 0.976298 -0 0.216433
    outer loop
      vertex -1.57569 5.4 -0.277837
      vertex -1.54548 9.4 -0.41411
      vertex -1.57569 9.4 -0.277837
    endloop
  endfacet
  facet normal 0.976298 0 0.216433
    outer loop
      vertex -1.54548 9.4 -0.41411
      vertex -1.57569 5.4 -0.277837
      vertex -1.54548 5.4 -0.41411
    endloop
  endfacet
  facet normal 0.0436303 0 0.999048
    outer loop
      vertex -0.139449 -5.4 -1.59391
      vertex 0 -9.4 -1.6
      vertex 0 -5.4 -1.6
    endloop
  endfacet
  facet normal 0.0436303 0 0.999048
    outer loop
      vertex 0 -9.4 -1.6
      vertex -0.139449 -5.4 -1.59391
      vertex -0.139449 -9.4 -1.59391
    endloop
  endfacet
  facet normal 0.0436303 0 0.999048
    outer loop
      vertex -0.139449 9.4 -1.59391
      vertex 0 5.4 -1.6
      vertex 0 9.4 -1.6
    endloop
  endfacet
  facet normal 0.0436303 0 0.999048
    outer loop
      vertex 0 5.4 -1.6
      vertex -0.139449 9.4 -1.59391
      vertex -0.139449 5.4 -1.59391
    endloop
  endfacet
  facet normal 0.675592 0 -0.737276
    outer loop
      vertex -1.13137 -9.4 1.13137
      vertex -1.02846 -5.4 1.22567
      vertex -1.02846 -9.4 1.22567
    endloop
  endfacet
  facet normal 0.675592 0 -0.737276
    outer loop
      vertex -1.02846 -5.4 1.22567
      vertex -1.13137 -9.4 1.13137
      vertex -1.13137 -5.4 1.13137
    endloop
  endfacet
  facet normal 0.675592 0 -0.737276
    outer loop
      vertex -1.13137 5.4 1.13137
      vertex -1.02846 9.4 1.22567
      vertex -1.02846 5.4 1.22567
    endloop
  endfacet
  facet normal 0.675592 0 -0.737276
    outer loop
      vertex -1.02846 9.4 1.22567
      vertex -1.13137 5.4 1.13137
      vertex -1.13137 9.4 1.13137
    endloop
  endfacet
  facet normal 0.923868 -0 0.382712
    outer loop
      vertex -1.50351 -9.4 -0.547232
      vertex -1.45009 -5.4 -0.676188
      vertex -1.50351 -5.4 -0.547232
    endloop
  endfacet
  facet normal 0.923868 0 0.382712
    outer loop
      vertex -1.45009 -5.4 -0.676188
      vertex -1.50351 -9.4 -0.547232
      vertex -1.45009 -9.4 -0.676188
    endloop
  endfacet
  facet normal 0.923868 -0 0.382712
    outer loop
      vertex -1.50351 5.4 -0.547232
      vertex -1.45009 9.4 -0.676188
      vertex -1.50351 9.4 -0.547232
    endloop
  endfacet
  facet normal 0.923868 0 0.382712
    outer loop
      vertex -1.45009 9.4 -0.676188
      vertex -1.50351 5.4 -0.547232
      vertex -1.45009 5.4 -0.676188
    endloop
  endfacet
  facet normal -0.608751 0 -0.793361
    outer loop
      vertex 0.917722 -9.4 1.31064
      vertex 1.02846 -5.4 1.22567
      vertex 1.02846 -9.4 1.22567
    endloop
  endfacet
  facet normal -0.608751 0 -0.793361
    outer loop
      vertex 1.02846 -5.4 1.22567
      vertex 0.917722 -9.4 1.31064
      vertex 0.917722 -5.4 1.31064
    endloop
  endfacet
  facet normal -0.608751 0 -0.793361
    outer loop
      vertex 0.917722 5.4 1.31064
      vertex 1.02846 9.4 1.22567
      vertex 1.02846 5.4 1.22567
    endloop
  endfacet
  facet normal -0.608751 0 -0.793361
    outer loop
      vertex 1.02846 9.4 1.22567
      vertex 0.917722 5.4 1.31064
      vertex 0.917722 9.4 1.31064
    endloop
  endfacet
  facet normal -0.991444 0 0.130532
    outer loop
      vertex 1.57569 -9.4 -0.277837
      vertex 1.59391 -5.4 -0.139449
      vertex 1.57569 -5.4 -0.277837
    endloop
  endfacet
  facet normal -0.991444 0 0.130532
    outer loop
      vertex 1.59391 -5.4 -0.139449
      vertex 1.57569 -9.4 -0.277837
      vertex 1.59391 -9.4 -0.139449
    endloop
  endfacet
  facet normal -0.991444 0 0.130532
    outer loop
      vertex 1.57569 5.4 -0.277837
      vertex 1.59391 9.4 -0.139449
      vertex 1.57569 9.4 -0.277837
    endloop
  endfacet
  facet normal -0.991444 0 0.130532
    outer loop
      vertex 1.59391 9.4 -0.139449
      vertex 1.57569 5.4 -0.277837
      vertex 1.59391 5.4 -0.139449
    endloop
  endfacet
  facet normal -0.675592 0 -0.737276
    outer loop
      vertex 1.02846 -9.4 1.22567
      vertex 1.13137 -5.4 1.13137
      vertex 1.13137 -9.4 1.13137
    endloop
  endfacet
  facet normal -0.675592 0 -0.737276
    outer loop
      vertex 1.13137 -5.4 1.13137
      vertex 1.02846 -9.4 1.22567
      vertex 1.02846 -5.4 1.22567
    endloop
  endfacet
  facet normal -0.675592 0 -0.737276
    outer loop
      vertex 1.02846 5.4 1.22567
      vertex 1.13137 9.4 1.13137
      vertex 1.13137 5.4 1.13137
    endloop
  endfacet
  facet normal -0.675592 0 -0.737276
    outer loop
      vertex 1.13137 9.4 1.13137
      vertex 1.02846 5.4 1.22567
      vertex 1.02846 9.4 1.22567
    endloop
  endfacet
  facet normal -0.999048 0 0.0436303
    outer loop
      vertex 1.59391 -9.4 -0.139449
      vertex 1.6 -5.4 0
      vertex 1.59391 -5.4 -0.139449
    endloop
  endfacet
  facet normal -0.999048 0 0.0436303
    outer loop
      vertex 1.6 -5.4 0
      vertex 1.59391 -9.4 -0.139449
      vertex 1.6 -9.4 0
    endloop
  endfacet
  facet normal -0.999048 0 0.0436303
    outer loop
      vertex 1.59391 5.4 -0.139449
      vertex 1.6 9.4 0
      vertex 1.59391 9.4 -0.139449
    endloop
  endfacet
  facet normal -0.999048 0 0.0436303
    outer loop
      vertex 1.6 9.4 0
      vertex 1.59391 5.4 -0.139449
      vertex 1.6 5.4 0
    endloop
  endfacet
  facet normal 0.537311 0 -0.843384
    outer loop
      vertex -0.917722 -9.4 1.31064
      vertex -0.799999 -5.4 1.38564
      vertex -0.799999 -9.4 1.38564
    endloop
  endfacet
  facet normal 0.537311 0 -0.843384
    outer loop
      vertex -0.799999 -5.4 1.38564
      vertex -0.917722 -9.4 1.31064
      vertex -0.917722 -5.4 1.31064
    endloop
  endfacet
  facet normal 0.537311 0 -0.843384
    outer loop
      vertex -0.917722 5.4 1.31064
      vertex -0.799999 9.4 1.38564
      vertex -0.799999 5.4 1.38564
    endloop
  endfacet
  facet normal 0.537311 0 -0.843384
    outer loop
      vertex -0.799999 9.4 1.38564
      vertex -0.917722 5.4 1.31064
      vertex -0.917722 9.4 1.31064
    endloop
  endfacet
  facet normal 0.991444 -0 0.130532
    outer loop
      vertex -1.59391 -9.4 -0.139449
      vertex -1.57569 -5.4 -0.277837
      vertex -1.59391 -5.4 -0.139449
    endloop
  endfacet
  facet normal 0.991444 0 0.130532
    outer loop
      vertex -1.57569 -5.4 -0.277837
      vertex -1.59391 -9.4 -0.139449
      vertex -1.57569 -9.4 -0.277837
    endloop
  endfacet
  facet normal 0.991444 -0 0.130532
    outer loop
      vertex -1.59391 5.4 -0.139449
      vertex -1.57569 9.4 -0.277837
      vertex -1.59391 9.4 -0.139449
    endloop
  endfacet
  facet normal 0.991444 0 0.130532
    outer loop
      vertex -1.57569 9.4 -0.277837
      vertex -1.59391 5.4 -0.139449
      vertex -1.57569 5.4 -0.277837
    endloop
  endfacet
  facet normal 0.976298 0 -0.216433
    outer loop
      vertex -1.54548 -9.4 0.41411
      vertex -1.57569 -5.4 0.277837
      vertex -1.54548 -5.4 0.41411
    endloop
  endfacet
  facet normal 0.976298 0 -0.216433
    outer loop
      vertex -1.57569 -5.4 0.277837
      vertex -1.54548 -9.4 0.41411
      vertex -1.57569 -9.4 0.277837
    endloop
  endfacet
  facet normal 0.976298 0 -0.216433
    outer loop
      vertex -1.54548 5.4 0.41411
      vertex -1.57569 9.4 0.277837
      vertex -1.54548 9.4 0.41411
    endloop
  endfacet
  facet normal 0.976298 0 -0.216433
    outer loop
      vertex -1.57569 9.4 0.277837
      vertex -1.54548 5.4 0.41411
      vertex -1.57569 5.4 0.277837
    endloop
  endfacet
  facet normal 0.843384 -0 0.537311
    outer loop
      vertex -1.38564 -9.4 -0.799999
      vertex -1.31064 -5.4 -0.917722
      vertex -1.38564 -5.4 -0.799999
    endloop
  endfacet
  facet normal 0.843384 0 0.537311
    outer loop
      vertex -1.31064 -5.4 -0.917722
      vertex -1.38564 -9.4 -0.799999
      vertex -1.31064 -9.4 -0.917722
    endloop
  endfacet
  facet normal 0.843384 -0 0.537311
    outer loop
      vertex -1.38564 5.4 -0.799999
      vertex -1.31064 9.4 -0.917722
      vertex -1.38564 9.4 -0.799999
    endloop
  endfacet
  facet normal 0.843384 0 0.537311
    outer loop
      vertex -1.31064 9.4 -0.917722
      vertex -1.38564 5.4 -0.799999
      vertex -1.31064 5.4 -0.917722
    endloop
  endfacet
  facet normal 0.999048 -0 0.0436303
    outer loop
      vertex -1.6 -9.4 0
      vertex -1.59391 -5.4 -0.139449
      vertex -1.6 -5.4 0
    endloop
  endfacet
  facet normal 0.999048 0 0.0436303
    outer loop
      vertex -1.59391 -5.4 -0.139449
      vertex -1.6 -9.4 0
      vertex -1.59391 -9.4 -0.139449
    endloop
  endfacet
  facet normal 0.999048 -0 0.0436303
    outer loop
      vertex -1.6 5.4 0
      vertex -1.59391 9.4 -0.139449
      vertex -1.6 9.4 0
    endloop
  endfacet
  facet normal 0.999048 0 0.0436303
    outer loop
      vertex -1.59391 9.4 -0.139449
      vertex -1.6 5.4 0
      vertex -1.59391 5.4 -0.139449
    endloop
  endfacet
  facet normal -0.216433 0 0.976298
    outer loop
      vertex 0.277837 -5.4 -1.57569
      vertex 0.41411 -9.4 -1.54548
      vertex 0.41411 -5.4 -1.54548
    endloop
  endfacet
  facet normal -0.216433 0 0.976298
    outer loop
      vertex 0.41411 -9.4 -1.54548
      vertex 0.277837 -5.4 -1.57569
      vertex 0.277837 -9.4 -1.57569
    endloop
  endfacet
  facet normal -0.216433 0 0.976298
    outer loop
      vertex 0.277837 9.4 -1.57569
      vertex 0.41411 5.4 -1.54548
      vertex 0.41411 9.4 -1.54548
    endloop
  endfacet
  facet normal -0.216433 0 0.976298
    outer loop
      vertex 0.41411 5.4 -1.54548
      vertex 0.277837 9.4 -1.57569
      vertex 0.277837 5.4 -1.57569
    endloop
  endfacet
  facet normal -0.0436303 0 -0.999048
    outer loop
      vertex 0 -9.4 1.6
      vertex 0.139449 -5.4 1.59391
      vertex 0.139449 -9.4 1.59391
    endloop
  endfacet
  facet normal -0.0436303 0 -0.999048
    outer loop
      vertex 0.139449 -5.4 1.59391
      vertex 0 -9.4 1.6
      vertex 0 -5.4 1.6
    endloop
  endfacet
  facet normal -0.0436303 0 -0.999048
    outer loop
      vertex 0 5.4 1.6
      vertex 0.139449 9.4 1.59391
      vertex 0.139449 5.4 1.59391
    endloop
  endfacet
  facet normal -0.0436303 0 -0.999048
    outer loop
      vertex 0.139449 9.4 1.59391
      vertex 0 5.4 1.6
      vertex 0 9.4 1.6
    endloop
  endfacet
  facet normal 0.675592 0 0.737276
    outer loop
      vertex -1.13137 -5.4 -1.13137
      vertex -1.02846 -9.4 -1.22567
      vertex -1.02846 -5.4 -1.22567
    endloop
  endfacet
  facet normal 0.675592 0 0.737276
    outer loop
      vertex -1.02846 -9.4 -1.22567
      vertex -1.13137 -5.4 -1.13137
      vertex -1.13137 -9.4 -1.13137
    endloop
  endfacet
  facet normal 0.675592 0 0.737276
    outer loop
      vertex -1.13137 9.4 -1.13137
      vertex -1.02846 5.4 -1.22567
      vertex -1.02846 9.4 -1.22567
    endloop
  endfacet
  facet normal 0.675592 0 0.737276
    outer loop
      vertex -1.02846 5.4 -1.22567
      vertex -1.13137 9.4 -1.13137
      vertex -1.13137 5.4 -1.13137
    endloop
  endfacet
  facet normal 0.843384 0 -0.537311
    outer loop
      vertex -1.31064 -9.4 0.917722
      vertex -1.38564 -5.4 0.799999
      vertex -1.31064 -5.4 0.917722
    endloop
  endfacet
  facet normal 0.843384 0 -0.537311
    outer loop
      vertex -1.38564 -5.4 0.799999
      vertex -1.31064 -9.4 0.917722
      vertex -1.38564 -9.4 0.799999
    endloop
  endfacet
  facet normal 0.843384 0 -0.537311
    outer loop
      vertex -1.31064 5.4 0.917722
      vertex -1.38564 9.4 0.799999
      vertex -1.31064 9.4 0.917722
    endloop
  endfacet
  facet normal 0.843384 0 -0.537311
    outer loop
      vertex -1.38564 9.4 0.799999
      vertex -1.31064 5.4 0.917722
      vertex -1.38564 5.4 0.799999
    endloop
  endfacet
  facet normal -0.461738 0 0.887016
    outer loop
      vertex 0.676188 -5.4 -1.45009
      vertex 0.799999 -9.4 -1.38564
      vertex 0.799999 -5.4 -1.38564
    endloop
  endfacet
  facet normal -0.461738 0 0.887016
    outer loop
      vertex 0.799999 -9.4 -1.38564
      vertex 0.676188 -5.4 -1.45009
      vertex 0.676188 -9.4 -1.45009
    endloop
  endfacet
  facet normal -0.461738 0 0.887016
    outer loop
      vertex 0.676188 9.4 -1.45009
      vertex 0.799999 5.4 -1.38564
      vertex 0.799999 9.4 -1.38564
    endloop
  endfacet
  facet normal -0.461738 0 0.887016
    outer loop
      vertex 0.799999 5.4 -1.38564
      vertex 0.676188 9.4 -1.45009
      vertex 0.676188 5.4 -1.45009
    endloop
  endfacet
  facet normal 0.216433 0 -0.976298
    outer loop
      vertex -0.41411 -9.4 1.54548
      vertex -0.277837 -5.4 1.57569
      vertex -0.277837 -9.4 1.57569
    endloop
  endfacet
  facet normal 0.216433 0 -0.976298
    outer loop
      vertex -0.277837 -5.4 1.57569
      vertex -0.41411 -9.4 1.54548
      vertex -0.41411 -5.4 1.54548
    endloop
  endfacet
  facet normal 0.216433 0 -0.976298
    outer loop
      vertex -0.41411 5.4 1.54548
      vertex -0.277837 9.4 1.57569
      vertex -0.277837 5.4 1.57569
    endloop
  endfacet
  facet normal 0.216433 0 -0.976298
    outer loop
      vertex -0.277837 9.4 1.57569
      vertex -0.41411 5.4 1.54548
      vertex -0.41411 9.4 1.54548
    endloop
  endfacet
  facet normal 0.130532 0 -0.991444
    outer loop
      vertex -0.277837 -9.4 1.57569
      vertex -0.139449 -5.4 1.59391
      vertex -0.139449 -9.4 1.59391
    endloop
  endfacet
  facet normal 0.130532 0 -0.991444
    outer loop
      vertex -0.139449 -5.4 1.59391
      vertex -0.277837 -9.4 1.57569
      vertex -0.277837 -5.4 1.57569
    endloop
  endfacet
  facet normal 0.130532 0 -0.991444
    outer loop
      vertex -0.277837 5.4 1.57569
      vertex -0.139449 9.4 1.59391
      vertex -0.139449 5.4 1.59391
    endloop
  endfacet
  facet normal 0.130532 0 -0.991444
    outer loop
      vertex -0.139449 9.4 1.59391
      vertex -0.277837 5.4 1.57569
      vertex -0.277837 9.4 1.57569
    endloop
  endfacet
  facet normal -0.675592 0 0.737276
    outer loop
      vertex 1.02846 -5.4 -1.22567
      vertex 1.13137 -9.4 -1.13137
      vertex 1.13137 -5.4 -1.13137
    endloop
  endfacet
  facet normal -0.675592 0 0.737276
    outer loop
      vertex 1.13137 -9.4 -1.13137
      vertex 1.02846 -5.4 -1.22567
      vertex 1.02846 -9.4 -1.22567
    endloop
  endfacet
  facet normal -0.675592 0 0.737276
    outer loop
      vertex 1.02846 9.4 -1.22567
      vertex 1.13137 5.4 -1.13137
      vertex 1.13137 9.4 -1.13137
    endloop
  endfacet
  facet normal -0.675592 0 0.737276
    outer loop
      vertex 1.13137 5.4 -1.13137
      vertex 1.02846 9.4 -1.22567
      vertex 1.02846 5.4 -1.22567
    endloop
  endfacet
  facet normal -0.923868 0 0.382712
    outer loop
      vertex 1.45009 -9.4 -0.676188
      vertex 1.50351 -5.4 -0.547232
      vertex 1.45009 -5.4 -0.676188
    endloop
  endfacet
  facet normal -0.923868 0 0.382712
    outer loop
      vertex 1.50351 -5.4 -0.547232
      vertex 1.45009 -9.4 -0.676188
      vertex 1.50351 -9.4 -0.547232
    endloop
  endfacet
  facet normal -0.923868 0 0.382712
    outer loop
      vertex 1.45009 5.4 -0.676188
      vertex 1.50351 9.4 -0.547232
      vertex 1.45009 9.4 -0.676188
    endloop
  endfacet
  facet normal -0.923868 0 0.382712
    outer loop
      vertex 1.50351 9.4 -0.547232
      vertex 1.45009 5.4 -0.676188
      vertex 1.50351 5.4 -0.547232
    endloop
  endfacet
  facet normal 0.0436303 0 -0.999048
    outer loop
      vertex -0.139449 -9.4 1.59391
      vertex 0 -5.4 1.6
      vertex 0 -9.4 1.6
    endloop
  endfacet
  facet normal 0.0436303 0 -0.999048
    outer loop
      vertex 0 -5.4 1.6
      vertex -0.139449 -9.4 1.59391
      vertex -0.139449 -5.4 1.59391
    endloop
  endfacet
  facet normal 0.0436303 0 -0.999048
    outer loop
      vertex -0.139449 5.4 1.59391
      vertex 0 9.4 1.6
      vertex 0 5.4 1.6
    endloop
  endfacet
  facet normal 0.0436303 0 -0.999048
    outer loop
      vertex 0 9.4 1.6
      vertex -0.139449 5.4 1.59391
      vertex -0.139449 9.4 1.59391
    endloop
  endfacet
  facet normal 0.737276 -0 0.675592
    outer loop
      vertex -1.22567 -9.4 -1.02846
      vertex -1.13137 -5.4 -1.13137
      vertex -1.22567 -5.4 -1.02846
    endloop
  endfacet
  facet normal 0.737276 0 0.675592
    outer loop
      vertex -1.13137 -5.4 -1.13137
      vertex -1.22567 -9.4 -1.02846
      vertex -1.13137 -9.4 -1.13137
    endloop
  endfacet
  facet normal 0.737276 -0 0.675592
    outer loop
      vertex -1.22567 5.4 -1.02846
      vertex -1.13137 9.4 -1.13137
      vertex -1.22567 9.4 -1.02846
    endloop
  endfacet
  facet normal 0.737276 0 0.675592
    outer loop
      vertex -1.13137 9.4 -1.13137
      vertex -1.22567 5.4 -1.02846
      vertex -1.13137 5.4 -1.13137
    endloop
  endfacet
  facet normal 0.300685 0 0.953724
    outer loop
      vertex -0.547232 -5.4 -1.50351
      vertex -0.41411 -9.4 -1.54548
      vertex -0.41411 -5.4 -1.54548
    endloop
  endfacet
  facet normal 0.300685 0 0.953724
    outer loop
      vertex -0.41411 -9.4 -1.54548
      vertex -0.547232 -5.4 -1.50351
      vertex -0.547232 -9.4 -1.50351
    endloop
  endfacet
  facet normal 0.300685 0 0.953724
    outer loop
      vertex -0.547232 9.4 -1.50351
      vertex -0.41411 5.4 -1.54548
      vertex -0.41411 9.4 -1.54548
    endloop
  endfacet
  facet normal 0.300685 0 0.953724
    outer loop
      vertex -0.41411 5.4 -1.54548
      vertex -0.547232 9.4 -1.50351
      vertex -0.547232 5.4 -1.50351
    endloop
  endfacet
  facet normal -0.382712 0 0.923868
    outer loop
      vertex 0.547232 -5.4 -1.50351
      vertex 0.676188 -9.4 -1.45009
      vertex 0.676188 -5.4 -1.45009
    endloop
  endfacet
  facet normal -0.382712 0 0.923868
    outer loop
      vertex 0.676188 -9.4 -1.45009
      vertex 0.547232 -5.4 -1.50351
      vertex 0.547232 -9.4 -1.50351
    endloop
  endfacet
  facet normal -0.382712 0 0.923868
    outer loop
      vertex 0.547232 9.4 -1.50351
      vertex 0.676188 5.4 -1.45009
      vertex 0.676188 9.4 -1.45009
    endloop
  endfacet
  facet normal -0.382712 0 0.923868
    outer loop
      vertex 0.676188 5.4 -1.45009
      vertex 0.547232 9.4 -1.50351
      vertex 0.547232 5.4 -1.50351
    endloop
  endfacet
  facet normal -0.843384 0 0.537311
    outer loop
      vertex 1.31064 -9.4 -0.917722
      vertex 1.38564 -5.4 -0.799999
      vertex 1.31064 -5.4 -0.917722
    endloop
  endfacet
  facet normal -0.843384 0 0.537311
    outer loop
      vertex 1.38564 -5.4 -0.799999
      vertex 1.31064 -9.4 -0.917722
      vertex 1.38564 -9.4 -0.799999
    endloop
  endfacet
  facet normal -0.843384 0 0.537311
    outer loop
      vertex 1.31064 5.4 -0.917722
      vertex 1.38564 9.4 -0.799999
      vertex 1.31064 9.4 -0.917722
    endloop
  endfacet
  facet normal -0.843384 0 0.537311
    outer loop
      vertex 1.38564 9.4 -0.799999
      vertex 1.31064 5.4 -0.917722
      vertex 1.38564 5.4 -0.799999
    endloop
  endfacet
  facet normal -0.953724 0 0.300685
    outer loop
      vertex 1.50351 -9.4 -0.547232
      vertex 1.54548 -5.4 -0.41411
      vertex 1.50351 -5.4 -0.547232
    endloop
  endfacet
  facet normal -0.953724 0 0.300685
    outer loop
      vertex 1.54548 -5.4 -0.41411
      vertex 1.50351 -9.4 -0.547232
      vertex 1.54548 -9.4 -0.41411
    endloop
  endfacet
  facet normal -0.953724 0 0.300685
    outer loop
      vertex 1.50351 5.4 -0.547232
      vertex 1.54548 9.4 -0.41411
      vertex 1.50351 9.4 -0.547232
    endloop
  endfacet
  facet normal -0.953724 0 0.300685
    outer loop
      vertex 1.54548 9.4 -0.41411
      vertex 1.50351 5.4 -0.547232
      vertex 1.54548 5.4 -0.41411
    endloop
  endfacet
  facet normal 0.923868 0 -0.382712
    outer loop
      vertex -1.45009 -9.4 0.676188
      vertex -1.50351 -5.4 0.547232
      vertex -1.45009 -5.4 0.676188
    endloop
  endfacet
  facet normal 0.923868 0 -0.382712
    outer loop
      vertex -1.50351 -5.4 0.547232
      vertex -1.45009 -9.4 0.676188
      vertex -1.50351 -9.4 0.547232
    endloop
  endfacet
  facet normal 0.923868 0 -0.382712
    outer loop
      vertex -1.45009 5.4 0.676188
      vertex -1.50351 9.4 0.547232
      vertex -1.45009 9.4 0.676188
    endloop
  endfacet
  facet normal 0.923868 0 -0.382712
    outer loop
      vertex -1.50351 9.4 0.547232
      vertex -1.45009 5.4 0.676188
      vertex -1.50351 5.4 0.547232
    endloop
  endfacet
  facet normal -0.887016 0 0.461738
    outer loop
      vertex 1.38564 -9.4 -0.799999
      vertex 1.45009 -5.4 -0.676188
      vertex 1.38564 -5.4 -0.799999
    endloop
  endfacet
  facet normal -0.887016 0 0.461738
    outer loop
      vertex 1.45009 -5.4 -0.676188
      vertex 1.38564 -9.4 -0.799999
      vertex 1.45009 -9.4 -0.676188
    endloop
  endfacet
  facet normal -0.887016 0 0.461738
    outer loop
      vertex 1.38564 5.4 -0.799999
      vertex 1.45009 9.4 -0.676188
      vertex 1.38564 9.4 -0.799999
    endloop
  endfacet
  facet normal -0.887016 0 0.461738
    outer loop
      vertex 1.45009 9.4 -0.676188
      vertex 1.38564 5.4 -0.799999
      vertex 1.45009 5.4 -0.676188
    endloop
  endfacet
  facet normal 0.953724 0 -0.300685
    outer loop
      vertex -1.50351 -9.4 0.547232
      vertex -1.54548 -5.4 0.41411
      vertex -1.50351 -5.4 0.547232
    endloop
  endfacet
  facet normal 0.953724 0 -0.300685
    outer loop
      vertex -1.54548 -5.4 0.41411
      vertex -1.50351 -9.4 0.547232
      vertex -1.54548 -9.4 0.41411
    endloop
  endfacet
  facet normal 0.953724 0 -0.300685
    outer loop
      vertex -1.50351 5.4 0.547232
      vertex -1.54548 9.4 0.41411
      vertex -1.50351 9.4 0.547232
    endloop
  endfacet
  facet normal 0.953724 0 -0.300685
    outer loop
      vertex -1.54548 9.4 0.41411
      vertex -1.50351 5.4 0.547232
      vertex -1.54548 5.4 0.41411
    endloop
  endfacet
  facet normal -0.608751 0 0.793361
    outer loop
      vertex 0.917722 -5.4 -1.31064
      vertex 1.02846 -9.4 -1.22567
      vertex 1.02846 -5.4 -1.22567
    endloop
  endfacet
  facet normal -0.608751 0 0.793361
    outer loop
      vertex 1.02846 -9.4 -1.22567
      vertex 0.917722 -5.4 -1.31064
      vertex 0.917722 -9.4 -1.31064
    endloop
  endfacet
  facet normal -0.608751 0 0.793361
    outer loop
      vertex 0.917722 9.4 -1.31064
      vertex 1.02846 5.4 -1.22567
      vertex 1.02846 9.4 -1.22567
    endloop
  endfacet
  facet normal -0.608751 0 0.793361
    outer loop
      vertex 1.02846 5.4 -1.22567
      vertex 0.917722 9.4 -1.31064
      vertex 0.917722 5.4 -1.31064
    endloop
  endfacet
  facet normal 0.999048 0 -0.0436303
    outer loop
      vertex -1.59391 -9.4 0.139449
      vertex -1.6 -5.4 0
      vertex -1.59391 -5.4 0.139449
    endloop
  endfacet
  facet normal 0.999048 0 -0.0436303
    outer loop
      vertex -1.6 -5.4 0
      vertex -1.59391 -9.4 0.139449
      vertex -1.6 -9.4 0
    endloop
  endfacet
  facet normal 0.999048 0 -0.0436303
    outer loop
      vertex -1.59391 5.4 0.139449
      vertex -1.6 9.4 0
      vertex -1.59391 9.4 0.139449
    endloop
  endfacet
  facet normal 0.999048 0 -0.0436303
    outer loop
      vertex -1.6 9.4 0
      vertex -1.59391 5.4 0.139449
      vertex -1.6 5.4 0
    endloop
  endfacet
  facet normal 0.737276 0 -0.675592
    outer loop
      vertex -1.13137 -9.4 1.13137
      vertex -1.22567 -5.4 1.02846
      vertex -1.13137 -5.4 1.13137
    endloop
  endfacet
  facet normal 0.737276 0 -0.675592
    outer loop
      vertex -1.22567 -5.4 1.02846
      vertex -1.13137 -9.4 1.13137
      vertex -1.22567 -9.4 1.02846
    endloop
  endfacet
  facet normal 0.737276 0 -0.675592
    outer loop
      vertex -1.13137 5.4 1.13137
      vertex -1.22567 9.4 1.02846
      vertex -1.13137 9.4 1.13137
    endloop
  endfacet
  facet normal 0.737276 0 -0.675592
    outer loop
      vertex -1.22567 9.4 1.02846
      vertex -1.13137 5.4 1.13137
      vertex -1.22567 5.4 1.02846
    endloop
  endfacet
  facet normal 0.953724 -0 0.300685
    outer loop
      vertex -1.54548 -9.4 -0.41411
      vertex -1.50351 -5.4 -0.547232
      vertex -1.54548 -5.4 -0.41411
    endloop
  endfacet
  facet normal 0.953724 0 0.300685
    outer loop
      vertex -1.50351 -5.4 -0.547232
      vertex -1.54548 -9.4 -0.41411
      vertex -1.50351 -9.4 -0.547232
    endloop
  endfacet
  facet normal 0.953724 -0 0.300685
    outer loop
      vertex -1.54548 5.4 -0.41411
      vertex -1.50351 9.4 -0.547232
      vertex -1.54548 9.4 -0.41411
    endloop
  endfacet
  facet normal 0.953724 0 0.300685
    outer loop
      vertex -1.50351 9.4 -0.547232
      vertex -1.54548 5.4 -0.41411
      vertex -1.50351 5.4 -0.547232
    endloop
  endfacet
  facet normal 0.130532 0 0.991444
    outer loop
      vertex -0.277837 -5.4 -1.57569
      vertex -0.139449 -9.4 -1.59391
      vertex -0.139449 -5.4 -1.59391
    endloop
  endfacet
  facet normal 0.130532 0 0.991444
    outer loop
      vertex -0.139449 -9.4 -1.59391
      vertex -0.277837 -5.4 -1.57569
      vertex -0.277837 -9.4 -1.57569
    endloop
  endfacet
  facet normal 0.130532 0 0.991444
    outer loop
      vertex -0.277837 9.4 -1.57569
      vertex -0.139449 5.4 -1.59391
      vertex -0.139449 9.4 -1.59391
    endloop
  endfacet
  facet normal 0.130532 0 0.991444
    outer loop
      vertex -0.139449 5.4 -1.59391
      vertex -0.277837 9.4 -1.57569
      vertex -0.277837 5.4 -1.57569
    endloop
  endfacet
  facet normal -0.130532 0 -0.991444
    outer loop
      vertex 0.139449 -9.4 1.59391
      vertex 0.277837 -5.4 1.57569
      vertex 0.277837 -9.4 1.57569
    endloop
  endfacet
  facet normal -0.130532 0 -0.991444
    outer loop
      vertex 0.277837 -5.4 1.57569
      vertex 0.139449 -9.4 1.59391
      vertex 0.139449 -5.4 1.59391
    endloop
  endfacet
  facet normal -0.130532 0 -0.991444
    outer loop
      vertex 0.139449 5.4 1.59391
      vertex 0.277837 9.4 1.57569
      vertex 0.277837 5.4 1.57569
    endloop
  endfacet
  facet normal -0.130532 0 -0.991444
    outer loop
      vertex 0.277837 9.4 1.57569
      vertex 0.139449 5.4 1.59391
      vertex 0.139449 9.4 1.59391
    endloop
  endfacet
  facet normal -0.216433 0 -0.976298
    outer loop
      vertex 0.277837 -9.4 1.57569
      vertex 0.41411 -5.4 1.54548
      vertex 0.41411 -9.4 1.54548
    endloop
  endfacet
  facet normal -0.216433 0 -0.976298
    outer loop
      vertex 0.41411 -5.4 1.54548
      vertex 0.277837 -9.4 1.57569
      vertex 0.277837 -5.4 1.57569
    endloop
  endfacet
  facet normal -0.216433 0 -0.976298
    outer loop
      vertex 0.277837 5.4 1.57569
      vertex 0.41411 9.4 1.54548
      vertex 0.41411 5.4 1.54548
    endloop
  endfacet
  facet normal -0.216433 0 -0.976298
    outer loop
      vertex 0.41411 9.4 1.54548
      vertex 0.277837 5.4 1.57569
      vertex 0.277837 9.4 1.57569
    endloop
  endfacet
  facet normal 0.537311 0 0.843384
    outer loop
      vertex -0.917722 -5.4 -1.31064
      vertex -0.799999 -9.4 -1.38564
      vertex -0.799999 -5.4 -1.38564
    endloop
  endfacet
  facet normal 0.537311 0 0.843384
    outer loop
      vertex -0.799999 -9.4 -1.38564
      vertex -0.917722 -5.4 -1.31064
      vertex -0.917722 -9.4 -1.31064
    endloop
  endfacet
  facet normal 0.537311 0 0.843384
    outer loop
      vertex -0.917722 9.4 -1.31064
      vertex -0.799999 5.4 -1.38564
      vertex -0.799999 9.4 -1.38564
    endloop
  endfacet
  facet normal 0.537311 0 0.843384
    outer loop
      vertex -0.799999 5.4 -1.38564
      vertex -0.917722 9.4 -1.31064
      vertex -0.917722 5.4 -1.31064
    endloop
  endfacet
  facet normal -0.737276 0 -0.675592
    outer loop
      vertex 1.22567 -9.4 1.02846
      vertex 1.13137 -5.4 1.13137
      vertex 1.22567 -5.4 1.02846
    endloop
  endfacet
  facet normal -0.737276 -0 -0.675592
    outer loop
      vertex 1.13137 -5.4 1.13137
      vertex 1.22567 -9.4 1.02846
      vertex 1.13137 -9.4 1.13137
    endloop
  endfacet
  facet normal -0.737276 0 -0.675592
    outer loop
      vertex 1.22567 5.4 1.02846
      vertex 1.13137 9.4 1.13137
      vertex 1.22567 9.4 1.02846
    endloop
  endfacet
  facet normal -0.737276 -0 -0.675592
    outer loop
      vertex 1.13137 9.4 1.13137
      vertex 1.22567 5.4 1.02846
      vertex 1.13137 5.4 1.13137
    endloop
  endfacet
  facet normal 0.461738 0 0.887016
    outer loop
      vertex -0.799999 -5.4 -1.38564
      vertex -0.676188 -9.4 -1.45009
      vertex -0.676188 -5.4 -1.45009
    endloop
  endfacet
  facet normal 0.461738 0 0.887016
    outer loop
      vertex -0.676188 -9.4 -1.45009
      vertex -0.799999 -5.4 -1.38564
      vertex -0.799999 -9.4 -1.38564
    endloop
  endfacet
  facet normal 0.461738 0 0.887016
    outer loop
      vertex -0.799999 9.4 -1.38564
      vertex -0.676188 5.4 -1.45009
      vertex -0.676188 9.4 -1.45009
    endloop
  endfacet
  facet normal 0.461738 0 0.887016
    outer loop
      vertex -0.676188 5.4 -1.45009
      vertex -0.799999 9.4 -1.38564
      vertex -0.799999 5.4 -1.38564
    endloop
  endfacet
  facet normal 0.382712 0 0.923868
    outer loop
      vertex -0.676188 -5.4 -1.45009
      vertex -0.547232 -9.4 -1.50351
      vertex -0.547232 -5.4 -1.50351
    endloop
  endfacet
  facet normal 0.382712 0 0.923868
    outer loop
      vertex -0.547232 -9.4 -1.50351
      vertex -0.676188 -5.4 -1.45009
      vertex -0.676188 -9.4 -1.45009
    endloop
  endfacet
  facet normal 0.382712 0 0.923868
    outer loop
      vertex -0.676188 9.4 -1.45009
      vertex -0.547232 5.4 -1.50351
      vertex -0.547232 9.4 -1.50351
    endloop
  endfacet
  facet normal 0.382712 0 0.923868
    outer loop
      vertex -0.547232 5.4 -1.50351
      vertex -0.676188 9.4 -1.45009
      vertex -0.676188 5.4 -1.45009
    endloop
  endfacet
  facet normal 0.216433 0 0.976298
    outer loop
      vertex -0.41411 -5.4 -1.54548
      vertex -0.277837 -9.4 -1.57569
      vertex -0.277837 -5.4 -1.57569
    endloop
  endfacet
  facet normal 0.216433 0 0.976298
    outer loop
      vertex -0.277837 -9.4 -1.57569
      vertex -0.41411 -5.4 -1.54548
      vertex -0.41411 -9.4 -1.54548
    endloop
  endfacet
  facet normal 0.216433 0 0.976298
    outer loop
      vertex -0.41411 9.4 -1.54548
      vertex -0.277837 5.4 -1.57569
      vertex -0.277837 9.4 -1.57569
    endloop
  endfacet
  facet normal 0.216433 0 0.976298
    outer loop
      vertex -0.277837 5.4 -1.57569
      vertex -0.41411 9.4 -1.54548
      vertex -0.41411 5.4 -1.54548
    endloop
  endfacet
  facet normal -0.793361 0 -0.608751
    outer loop
      vertex 1.31064 -9.4 0.917722
      vertex 1.22567 -5.4 1.02846
      vertex 1.31064 -5.4 0.917722
    endloop
  endfacet
  facet normal -0.793361 -0 -0.608751
    outer loop
      vertex 1.22567 -5.4 1.02846
      vertex 1.31064 -9.4 0.917722
      vertex 1.22567 -9.4 1.02846
    endloop
  endfacet
  facet normal -0.793361 0 -0.608751
    outer loop
      vertex 1.31064 5.4 0.917722
      vertex 1.22567 9.4 1.02846
      vertex 1.31064 9.4 0.917722
    endloop
  endfacet
  facet normal -0.793361 -0 -0.608751
    outer loop
      vertex 1.22567 9.4 1.02846
      vertex 1.31064 5.4 0.917722
      vertex 1.22567 5.4 1.02846
    endloop
  endfacet
endsolid OpenSCAD_Model
