solid OpenSCAD_Model
  facet normal 0.976321 -0 0.216325
    outer loop
      vertex -4.44593 -6.9 103.488
      vertex -4.33736 -3.9 102.998
      vertex -4.44593 -3.9 103.488
    endloop
  endfacet
  facet normal 0.976321 0 0.216325
    outer loop
      vertex -4.33736 -3.9 102.998
      vertex -4.44593 -6.9 103.488
      vertex -4.33736 -6.9 102.998
    endloop
  endfacet
  facet normal -1 0 0
    outer loop
      vertex -23 -6 97
      vertex -23 -6.9 97
      vertex -23 -6 102.1
    endloop
  endfacet
  facet normal -1 0 0
    outer loop
      vertex -23 -6 102.1
      vertex -23 -3.9 107
      vertex -23 -3.9 102.1
    endloop
  endfacet
  facet normal -1 0 0
    outer loop
      vertex -23 -6 102.1
      vertex -23 -6.9 107
      vertex -23 -3.9 107
    endloop
  endfacet
  facet normal -1 0 0
    outer loop
      vertex -23 -6.9 107
      vertex -23 -6 102.1
      vertex -23 -6.9 97
    endloop
  endfacet
  facet normal 0.608293 0 0.793713
    outer loop
      vertex -6.70194 -3.9 106.71
      vertex -6.30397 -6.9 106.405
      vertex -6.30397 -3.9 106.405
    endloop
  endfacet
  facet normal 0.608293 0 0.793713
    outer loop
      vertex -6.30397 -6.9 106.405
      vertex -6.70194 -3.9 106.71
      vertex -6.70194 -6.9 106.71
    endloop
  endfacet
  facet normal 0.382753 0 0.923851
    outer loop
      vertex -8.03338 -3.9 107.403
      vertex -7.56995 -6.9 107.211
      vertex -7.56995 -3.9 107.211
    endloop
  endfacet
  facet normal 0.382753 0 0.923851
    outer loop
      vertex -7.56995 -6.9 107.211
      vertex -8.03338 -3.9 107.403
      vertex -8.03338 -6.9 107.403
    endloop
  endfacet
  facet normal 0.60867 0 -0.793424
    outer loop
      vertex -6.70194 -6.9 97.2899
      vertex -6.30397 -3.9 97.5952
      vertex -6.30397 -6.9 97.5952
    endloop
  endfacet
  facet normal 0.60867 0 -0.793424
    outer loop
      vertex -6.30397 -3.9 97.5952
      vertex -6.70194 -6.9 97.2899
      vertex -6.70194 -3.9 97.2899
    endloop
  endfacet
  facet normal 0.461864 0 -0.886951
    outer loop
      vertex -7.56995 -6.9 96.7887
      vertex -7.125 -3.9 97.0204
      vertex -7.125 -6.9 97.0204
    endloop
  endfacet
  facet normal 0.461864 0 -0.886951
    outer loop
      vertex -7.125 -3.9 97.0204
      vertex -7.56995 -6.9 96.7887
      vertex -7.56995 -3.9 96.7887
    endloop
  endfacet
  facet normal 0.887037 -0 0.461698
    outer loop
      vertex -5.02035 -6.9 104.875
      vertex -4.78873 -3.9 104.43
      vertex -5.02035 -3.9 104.875
    endloop
  endfacet
  facet normal 0.887037 0 0.461698
    outer loop
      vertex -4.78873 -3.9 104.43
      vertex -5.02035 -6.9 104.875
      vertex -4.78873 -6.9 104.43
    endloop
  endfacet
  facet normal 0.953824 -0 0.300365
    outer loop
      vertex -4.59677 -6.9 103.967
      vertex -4.44593 -3.9 103.488
      vertex -4.59677 -3.9 103.967
    endloop
  endfacet
  facet normal 0.953824 0 0.300365
    outer loop
      vertex -4.44593 -3.9 103.488
      vertex -4.59677 -6.9 103.967
      vertex -4.44593 -6.9 103.488
    endloop
  endfacet
  facet normal 0.537273 0 -0.843409
    outer loop
      vertex -7.125 -6.9 97.0204
      vertex -6.70194 -3.9 97.2899
      vertex -6.70194 -6.9 97.2899
    endloop
  endfacet
  facet normal 0.537273 0 -0.843409
    outer loop
      vertex -6.70194 -3.9 97.2899
      vertex -7.125 -6.9 97.0204
      vertex -7.125 -3.9 97.0204
    endloop
  endfacet
  facet normal 0.976321 0 -0.216325
    outer loop
      vertex -4.33736 -6.9 101.002
      vertex -4.44593 -3.9 100.512
      vertex -4.33736 -3.9 101.002
    endloop
  endfacet
  facet normal 0.976321 0 -0.216325
    outer loop
      vertex -4.44593 -3.9 100.512
      vertex -4.33736 -6.9 101.002
      vertex -4.44593 -6.9 100.512
    endloop
  endfacet
  facet normal 0.793305 0 -0.608825
    outer loop
      vertex -5.28988 -6.9 98.7019
      vertex -5.59525 -3.9 98.304
      vertex -5.28988 -3.9 98.7019
    endloop
  endfacet
  facet normal 0.793305 0 -0.608825
    outer loop
      vertex -5.59525 -3.9 98.304
      vertex -5.28988 -6.9 98.7019
      vertex -5.59525 -6.9 98.304
    endloop
  endfacet
  facet normal -0.0581548 0 -0.998308
    outer loop
      vertex -10.5011 -6.9 96.2719
      vertex -17.3522 -6 96.671
      vertex -10.5011 -3.9 96.2719
    endloop
  endfacet
  facet normal -0.0581545 2.22576e-06 -0.998308
    outer loop
      vertex -23 -6.9 97
      vertex -17.3522 -6 96.671
      vertex -10.5011 -6.9 96.2719
    endloop
  endfacet
  facet normal -0.0581542 0 -0.998308
    outer loop
      vertex -17.3522 -6 96.671
      vertex -23 -6.9 97
      vertex -23 -6 97
    endloop
  endfacet
  facet normal -0.0581548 0 -0.998308
    outer loop
      vertex -10.5011 -3.9 96.2719
      vertex -17.3522 -6 96.671
      vertex -17.3522 -3.9 96.671
    endloop
  endfacet
  facet normal 0.217255 0 0.976115
    outer loop
      vertex -9.00152 -3.9 107.663
      vertex -8.51179 -6.9 107.554
      vertex -8.51179 -3.9 107.554
    endloop
  endfacet
  facet normal 0.217255 0 0.976115
    outer loop
      vertex -8.51179 -6.9 107.554
      vertex -9.00152 -3.9 107.663
      vertex -9.00152 -6.9 107.663
    endloop
  endfacet
  facet normal 0.0438568 0 0.999038
    outer loop
      vertex -10 -3.9 107.75
      vertex -9.49885 -6.9 107.728
      vertex -9.49885 -3.9 107.728
    endloop
  endfacet
  facet normal 0.0438568 0 0.999038
    outer loop
      vertex -9.49885 -6.9 107.728
      vertex -10 -3.9 107.75
      vertex -10 -6.9 107.75
    endloop
  endfacet
  facet normal 0.991432 0 -0.130622
    outer loop
      vertex -4.27188 -6.9 101.499
      vertex -4.33736 -3.9 101.002
      vertex -4.27188 -3.9 101.499
    endloop
  endfacet
  facet normal 0.991432 0 -0.130622
    outer loop
      vertex -4.33736 -3.9 101.002
      vertex -4.27188 -6.9 101.499
      vertex -4.33736 -6.9 101.002
    endloop
  endfacet
  facet normal 0.999048 -0 0.0436311
    outer loop
      vertex -4.27188 -6.9 102.501
      vertex -4.25 -3.9 102
      vertex -4.27188 -3.9 102.501
    endloop
  endfacet
  facet normal 0.999048 0 0.0436311
    outer loop
      vertex -4.25 -3.9 102
      vertex -4.27188 -6.9 102.501
      vertex -4.25 -6.9 102
    endloop
  endfacet
  facet normal 0.793379 -0 0.608729
    outer loop
      vertex -5.59525 -6.9 105.696
      vertex -5.28988 -3.9 105.298
      vertex -5.59525 -3.9 105.696
    endloop
  endfacet
  facet normal 0.793379 0 0.608729
    outer loop
      vertex -5.28988 -3.9 105.298
      vertex -5.59525 -6.9 105.696
      vertex -5.28988 -6.9 105.298
    endloop
  endfacet
  facet normal 0.843347 -0 0.537369
    outer loop
      vertex -5.28988 -6.9 105.298
      vertex -5.02035 -3.9 104.875
      vertex -5.28988 -3.9 105.298
    endloop
  endfacet
  facet normal 0.843347 0 0.537369
    outer loop
      vertex -5.02035 -3.9 104.875
      vertex -5.28988 -6.9 105.298
      vertex -5.02035 -6.9 104.875
    endloop
  endfacet
  facet normal 0.991432 -0 0.130622
    outer loop
      vertex -4.33736 -6.9 102.998
      vertex -4.27188 -3.9 102.501
      vertex -4.33736 -3.9 102.998
    endloop
  endfacet
  facet normal 0.991432 0 0.130622
    outer loop
      vertex -4.27188 -3.9 102.501
      vertex -4.33736 -6.9 102.998
      vertex -4.27188 -6.9 102.501
    endloop
  endfacet
  facet normal 0 1 -0
    outer loop
      vertex -11.7 -3.9 102
      vertex -14.5 -3.9 102.1
      vertex -11.6935 -3.9 102.148
    endloop
  endfacet
  facet normal 0 1 0
    outer loop
      vertex -11.7 -3.9 102
      vertex -14.5 -3.9 101.9
      vertex -14.5 -3.9 102.1
    endloop
  endfacet
  facet normal 0 1 0
    outer loop
      vertex -11.6935 -3.9 101.852
      vertex -14.5 -3.9 101.9
      vertex -11.7 -3.9 102
    endloop
  endfacet
  facet normal 0 1 0
    outer loop
      vertex -11.6742 -3.9 101.705
      vertex -14.5 -3.9 101.9
      vertex -11.6935 -3.9 101.852
    endloop
  endfacet
  facet normal 0 1 0
    outer loop
      vertex -11.6421 -3.9 101.56
      vertex -14.5 -3.9 101.9
      vertex -11.6742 -3.9 101.705
    endloop
  endfacet
  facet normal 0 1 0
    outer loop
      vertex -11.5975 -3.9 101.419
      vertex -14.5 -3.9 101.9
      vertex -11.6421 -3.9 101.56
    endloop
  endfacet
  facet normal 0 1 0
    outer loop
      vertex -11.5407 -3.9 101.282
      vertex -14.5 -3.9 101.9
      vertex -11.5975 -3.9 101.419
    endloop
  endfacet
  facet normal 0 1 0
    outer loop
      vertex -11.4722 -3.9 101.15
      vertex -14.5 -3.9 101.9
      vertex -11.5407 -3.9 101.282
    endloop
  endfacet
  facet normal 0 1 0
    outer loop
      vertex -11.3926 -3.9 101.025
      vertex -14.5 -3.9 101.9
      vertex -11.4722 -3.9 101.15
    endloop
  endfacet
  facet normal 0 1 0
    outer loop
      vertex -11.3023 -3.9 100.907
      vertex -14.5 -3.9 101.9
      vertex -11.3926 -3.9 101.025
    endloop
  endfacet
  facet normal 0 1 0
    outer loop
      vertex -11.2021 -3.9 100.798
      vertex -14.5 -3.9 101.9
      vertex -11.3023 -3.9 100.907
    endloop
  endfacet
  facet normal 0 1 0
    outer loop
      vertex -10.5011 -3.9 96.2719
      vertex -11.2021 -3.9 100.798
      vertex -11.0927 -3.9 100.698
    endloop
  endfacet
  facet normal 0 1 0
    outer loop
      vertex -10.5011 -3.9 96.2719
      vertex -11.0927 -3.9 100.698
      vertex -10.9751 -3.9 100.607
    endloop
  endfacet
  facet normal 0 1 0
    outer loop
      vertex -10.5011 -3.9 96.2719
      vertex -10.9751 -3.9 100.607
      vertex -10.85 -3.9 100.528
    endloop
  endfacet
  facet normal 0 1 0
    outer loop
      vertex -10.5011 -3.9 96.2719
      vertex -10.85 -3.9 100.528
      vertex -10.7185 -3.9 100.459
    endloop
  endfacet
  facet normal 0 1 0
    outer loop
      vertex -10.5011 -3.9 96.2719
      vertex -10.7185 -3.9 100.459
      vertex -10.5814 -3.9 100.403
    endloop
  endfacet
  facet normal 0 1 0
    outer loop
      vertex -9.02492 -3.9 100.607
      vertex -6.70194 -3.9 97.2899
      vertex -9.15 -3.9 100.528
    endloop
  endfacet
  facet normal 0 1 -0
    outer loop
      vertex -7.125 -3.9 97.0204
      vertex -9.15 -3.9 100.528
      vertex -6.70194 -3.9 97.2899
    endloop
  endfacet
  facet normal 0 1 0
    outer loop
      vertex -9.15 -3.9 100.528
      vertex -7.125 -3.9 97.0204
      vertex -9.28155 -3.9 100.459
    endloop
  endfacet
  facet normal 0 1 -0
    outer loop
      vertex -7.56995 -3.9 96.7887
      vertex -9.28155 -3.9 100.459
      vertex -7.125 -3.9 97.0204
    endloop
  endfacet
  facet normal 0 1 0
    outer loop
      vertex -9.28155 -3.9 100.459
      vertex -7.56995 -3.9 96.7887
      vertex -9.41857 -3.9 100.403
    endloop
  endfacet
  facet normal 0 1 -0
    outer loop
      vertex -8.03338 -3.9 96.5968
      vertex -9.41857 -3.9 100.403
      vertex -7.56995 -3.9 96.7887
    endloop
  endfacet
  facet normal 0 1 0
    outer loop
      vertex -9.41857 -3.9 100.403
      vertex -8.03338 -3.9 96.5968
      vertex -9.56001 -3.9 100.358
    endloop
  endfacet
  facet normal 0 1 -0
    outer loop
      vertex -8.51179 -3.9 96.4459
      vertex -9.56001 -3.9 100.358
      vertex -8.03338 -3.9 96.5968
    endloop
  endfacet
  facet normal 0 1 0
    outer loop
      vertex -9.56001 -3.9 100.358
      vertex -8.51179 -3.9 96.4459
      vertex -9.7048 -3.9 100.326
    endloop
  endfacet
  facet normal 0 1 -0
    outer loop
      vertex -9.00152 -3.9 96.3374
      vertex -9.7048 -3.9 100.326
      vertex -8.51179 -3.9 96.4459
    endloop
  endfacet
  facet normal 0 1 0
    outer loop
      vertex -9.7048 -3.9 100.326
      vertex -9.00152 -3.9 96.3374
      vertex -9.85184 -3.9 100.306
    endloop
  endfacet
  facet normal 0 1 -0
    outer loop
      vertex -9.49885 -3.9 96.2719
      vertex -9.85184 -3.9 100.306
      vertex -9.00152 -3.9 96.3374
    endloop
  endfacet
  facet normal 0 1 0
    outer loop
      vertex -9.85184 -3.9 100.306
      vertex -9.49885 -3.9 96.2719
      vertex -10 -3.9 100.3
    endloop
  endfacet
  facet normal 0 1 0
    outer loop
      vertex -10 -3.9 96.25
      vertex -10 -3.9 100.3
      vertex -9.49885 -3.9 96.2719
    endloop
  endfacet
  facet normal 0 1 0
    outer loop
      vertex -10 -3.9 100.3
      vertex -10 -3.9 96.25
      vertex -10.1482 -3.9 100.306
    endloop
  endfacet
  facet normal -0 1 0
    outer loop
      vertex -10.5011 -3.9 96.2719
      vertex -10.1482 -3.9 100.306
      vertex -10 -3.9 96.25
    endloop
  endfacet
  facet normal 0 1 0
    outer loop
      vertex -10.1482 -3.9 100.306
      vertex -10.5011 -3.9 96.2719
      vertex -10.2952 -3.9 100.326
    endloop
  endfacet
  facet normal 0 1 0
    outer loop
      vertex -10.2952 -3.9 100.326
      vertex -10.5011 -3.9 96.2719
      vertex -10.44 -3.9 100.358
    endloop
  endfacet
  facet normal 0 1 0
    outer loop
      vertex -10.44 -3.9 100.358
      vertex -10.5011 -3.9 96.2719
      vertex -10.5814 -3.9 100.403
    endloop
  endfacet
  facet normal 0 1 0
    outer loop
      vertex -11.2021 -3.9 100.798
      vertex -17.3522 -3.9 96.671
      vertex -14.5 -3.9 101.9
    endloop
  endfacet
  facet normal 0 1 0
    outer loop
      vertex -11.2021 -3.9 100.798
      vertex -10.5011 -3.9 96.2719
      vertex -17.3522 -3.9 96.671
    endloop
  endfacet
  facet normal 0 1 0
    outer loop
      vertex -9.49885 -3.9 107.728
      vertex -9.85184 -3.9 103.694
      vertex -10 -3.9 103.7
    endloop
  endfacet
  facet normal 0 1 0
    outer loop
      vertex -4.78873 -3.9 104.43
      vertex -9.7048 -3.9 103.674
      vertex -9.85184 -3.9 103.694
    endloop
  endfacet
  facet normal 0 1 0
    outer loop
      vertex -4.78873 -3.9 104.43
      vertex -9.56001 -3.9 103.642
      vertex -9.7048 -3.9 103.674
    endloop
  endfacet
  facet normal 0 1 0
    outer loop
      vertex -4.78873 -3.9 104.43
      vertex -9.41857 -3.9 103.597
      vertex -9.56001 -3.9 103.642
    endloop
  endfacet
  facet normal 0 1 0
    outer loop
      vertex -4.78873 -3.9 104.43
      vertex -9.28155 -3.9 103.541
      vertex -9.41857 -3.9 103.597
    endloop
  endfacet
  facet normal 0 1 0
    outer loop
      vertex -8.40252 -3.9 102.581
      vertex -4.59677 -3.9 103.967
      vertex -4.44593 -3.9 103.488
    endloop
  endfacet
  facet normal 0 1 0
    outer loop
      vertex -4.78873 -3.9 104.43
      vertex -9.15 -3.9 103.472
      vertex -9.28155 -3.9 103.541
    endloop
  endfacet
  facet normal 0 1 0
    outer loop
      vertex -4.78873 -3.9 104.43
      vertex -9.02492 -3.9 103.393
      vertex -9.15 -3.9 103.472
    endloop
  endfacet
  facet normal 0 1 0
    outer loop
      vertex -4.78873 -3.9 104.43
      vertex -8.90726 -3.9 103.302
      vertex -9.02492 -3.9 103.393
    endloop
  endfacet
  facet normal 0 1 0
    outer loop
      vertex -4.78873 -3.9 104.43
      vertex -8.79792 -3.9 103.202
      vertex -8.90726 -3.9 103.302
    endloop
  endfacet
  facet normal 0 1 0
    outer loop
      vertex -4.78873 -3.9 104.43
      vertex -8.69773 -3.9 103.093
      vertex -8.79792 -3.9 103.202
    endloop
  endfacet
  facet normal 0 1 0
    outer loop
      vertex -8.35793 -3.9 102.44
      vertex -4.44593 -3.9 103.488
      vertex -4.33736 -3.9 102.998
    endloop
  endfacet
  facet normal 0 1 0
    outer loop
      vertex -4.78873 -3.9 104.43
      vertex -8.60744 -3.9 102.975
      vertex -8.69773 -3.9 103.093
    endloop
  endfacet
  facet normal 0 1 0
    outer loop
      vertex -4.78873 -3.9 104.43
      vertex -8.52776 -3.9 102.85
      vertex -8.60744 -3.9 102.975
    endloop
  endfacet
  facet normal 0 1 0
    outer loop
      vertex -4.78873 -3.9 104.43
      vertex -8.45928 -3.9 102.718
      vertex -8.52776 -3.9 102.85
    endloop
  endfacet
  facet normal 0 1 0
    outer loop
      vertex -4.59677 -3.9 103.967
      vertex -8.40252 -3.9 102.581
      vertex -8.45928 -3.9 102.718
    endloop
  endfacet
  facet normal 0 1 0
    outer loop
      vertex -8.32583 -3.9 102.295
      vertex -4.33736 -3.9 102.998
      vertex -4.27188 -3.9 102.501
    endloop
  endfacet
  facet normal 0 1 0
    outer loop
      vertex -4.44593 -3.9 103.488
      vertex -8.35793 -3.9 102.44
      vertex -8.40252 -3.9 102.581
    endloop
  endfacet
  facet normal 0 1 0
    outer loop
      vertex -4.33736 -3.9 102.998
      vertex -8.32583 -3.9 102.295
      vertex -8.35793 -3.9 102.44
    endloop
  endfacet
  facet normal 0 1 0
    outer loop
      vertex -4.27188 -3.9 102.501
      vertex -8.30647 -3.9 102.148
      vertex -8.32583 -3.9 102.295
    endloop
  endfacet
  facet normal 0 1 0
    outer loop
      vertex -4.25 -3.9 102
      vertex -8.30647 -3.9 102.148
      vertex -4.27188 -3.9 102.501
    endloop
  endfacet
  facet normal 0 1 0
    outer loop
      vertex -4.25 -3.9 102
      vertex -8.3 -3.9 102
      vertex -8.30647 -3.9 102.148
    endloop
  endfacet
  facet normal 0 1 0
    outer loop
      vertex -4.25 -3.9 102
      vertex -8.30647 -3.9 101.852
      vertex -8.3 -3.9 102
    endloop
  endfacet
  facet normal 0 1 -0
    outer loop
      vertex -4.27188 -3.9 101.499
      vertex -8.30647 -3.9 101.852
      vertex -4.25 -3.9 102
    endloop
  endfacet
  facet normal 0 1 0
    outer loop
      vertex -8.30647 -3.9 101.852
      vertex -4.27188 -3.9 101.499
      vertex -8.32583 -3.9 101.705
    endloop
  endfacet
  facet normal 0 1 -0
    outer loop
      vertex -4.33736 -3.9 101.002
      vertex -8.32583 -3.9 101.705
      vertex -4.27188 -3.9 101.499
    endloop
  endfacet
  facet normal 0 1 0
    outer loop
      vertex -8.32583 -3.9 101.705
      vertex -4.33736 -3.9 101.002
      vertex -8.35793 -3.9 101.56
    endloop
  endfacet
  facet normal 0 1 -0
    outer loop
      vertex -4.44593 -3.9 100.512
      vertex -8.35793 -3.9 101.56
      vertex -4.33736 -3.9 101.002
    endloop
  endfacet
  facet normal 0 1 0
    outer loop
      vertex -8.35793 -3.9 101.56
      vertex -4.44593 -3.9 100.512
      vertex -8.40252 -3.9 101.419
    endloop
  endfacet
  facet normal 0 1 -0
    outer loop
      vertex -4.59677 -3.9 100.033
      vertex -8.40252 -3.9 101.419
      vertex -4.44593 -3.9 100.512
    endloop
  endfacet
  facet normal 0 1 0
    outer loop
      vertex -8.40252 -3.9 101.419
      vertex -4.59677 -3.9 100.033
      vertex -8.45928 -3.9 101.282
    endloop
  endfacet
  facet normal 0 1 -0
    outer loop
      vertex -4.78873 -3.9 99.5699
      vertex -8.45928 -3.9 101.282
      vertex -4.59677 -3.9 100.033
    endloop
  endfacet
  facet normal 0 1 0
    outer loop
      vertex -8.45928 -3.9 101.282
      vertex -4.78873 -3.9 99.5699
      vertex -8.52776 -3.9 101.15
    endloop
  endfacet
  facet normal 0 1 -0
    outer loop
      vertex -5.02035 -3.9 99.125
      vertex -8.52776 -3.9 101.15
      vertex -4.78873 -3.9 99.5699
    endloop
  endfacet
  facet normal 0 1 0
    outer loop
      vertex -8.52776 -3.9 101.15
      vertex -5.02035 -3.9 99.125
      vertex -8.60744 -3.9 101.025
    endloop
  endfacet
  facet normal 0 1 -0
    outer loop
      vertex -5.28988 -3.9 98.7019
      vertex -8.60744 -3.9 101.025
      vertex -5.02035 -3.9 99.125
    endloop
  endfacet
  facet normal 0 1 0
    outer loop
      vertex -8.60744 -3.9 101.025
      vertex -5.28988 -3.9 98.7019
      vertex -8.69773 -3.9 100.907
    endloop
  endfacet
  facet normal 0 1 -0
    outer loop
      vertex -5.59525 -3.9 98.304
      vertex -8.69773 -3.9 100.907
      vertex -5.28988 -3.9 98.7019
    endloop
  endfacet
  facet normal 0 1 0
    outer loop
      vertex -8.69773 -3.9 100.907
      vertex -5.59525 -3.9 98.304
      vertex -8.79792 -3.9 100.798
    endloop
  endfacet
  facet normal 0 1 -0
    outer loop
      vertex -5.93414 -3.9 97.9341
      vertex -8.79792 -3.9 100.798
      vertex -5.59525 -3.9 98.304
    endloop
  endfacet
  facet normal 0 1 0
    outer loop
      vertex -8.79792 -3.9 100.798
      vertex -5.93414 -3.9 97.9341
      vertex -8.90726 -3.9 100.698
    endloop
  endfacet
  facet normal 0 1 -0
    outer loop
      vertex -6.30397 -3.9 97.5952
      vertex -8.90726 -3.9 100.698
      vertex -5.93414 -3.9 97.9341
    endloop
  endfacet
  facet normal 0 1 0
    outer loop
      vertex -8.90726 -3.9 100.698
      vertex -6.30397 -3.9 97.5952
      vertex -9.02492 -3.9 100.607
    endloop
  endfacet
  facet normal 0 1 -0
    outer loop
      vertex -6.70194 -3.9 97.2899
      vertex -9.02492 -3.9 100.607
      vertex -6.30397 -3.9 97.5952
    endloop
  endfacet
  facet normal 0 1 0
    outer loop
      vertex -10 -3.9 103.7
      vertex -10 -3.9 107.75
      vertex -9.49885 -3.9 107.728
    endloop
  endfacet
  facet normal 0 1 0
    outer loop
      vertex -9.85184 -3.9 103.694
      vertex -9.49885 -3.9 107.728
      vertex -9.00152 -3.9 107.663
    endloop
  endfacet
  facet normal 0 1 0
    outer loop
      vertex -9.85184 -3.9 103.694
      vertex -9.00152 -3.9 107.663
      vertex -8.51179 -3.9 107.554
    endloop
  endfacet
  facet normal 0 1 0
    outer loop
      vertex -9.85184 -3.9 103.694
      vertex -8.51179 -3.9 107.554
      vertex -8.03338 -3.9 107.403
    endloop
  endfacet
  facet normal 0 1 0
    outer loop
      vertex -9.85184 -3.9 103.694
      vertex -8.03338 -3.9 107.403
      vertex -7.56995 -3.9 107.211
    endloop
  endfacet
  facet normal 0 1 0
    outer loop
      vertex -10 -3.9 107.75
      vertex -10 -3.9 103.7
      vertex -10.5011 -3.9 107.728
    endloop
  endfacet
  facet normal 0 1 0
    outer loop
      vertex -9.85184 -3.9 103.694
      vertex -7.56995 -3.9 107.211
      vertex -7.125 -3.9 106.98
    endloop
  endfacet
  facet normal 0 1 0
    outer loop
      vertex -9.85184 -3.9 103.694
      vertex -7.125 -3.9 106.98
      vertex -6.70194 -3.9 106.71
    endloop
  endfacet
  facet normal 0 1 0
    outer loop
      vertex -9.85184 -3.9 103.694
      vertex -6.70194 -3.9 106.71
      vertex -6.30397 -3.9 106.405
    endloop
  endfacet
  facet normal 0 1 0
    outer loop
      vertex -9.85184 -3.9 103.694
      vertex -6.30397 -3.9 106.405
      vertex -5.93414 -3.9 106.066
    endloop
  endfacet
  facet normal 0 1 0
    outer loop
      vertex -9.85184 -3.9 103.694
      vertex -5.93414 -3.9 106.066
      vertex -5.59525 -3.9 105.696
    endloop
  endfacet
  facet normal 0 1 0
    outer loop
      vertex -9.85184 -3.9 103.694
      vertex -5.59525 -3.9 105.696
      vertex -5.28988 -3.9 105.298
    endloop
  endfacet
  facet normal 0 1 0
    outer loop
      vertex -9.85184 -3.9 103.694
      vertex -5.28988 -3.9 105.298
      vertex -5.02035 -3.9 104.875
    endloop
  endfacet
  facet normal 0 1 0
    outer loop
      vertex -9.85184 -3.9 103.694
      vertex -5.02035 -3.9 104.875
      vertex -4.78873 -3.9 104.43
    endloop
  endfacet
  facet normal 0 1 0
    outer loop
      vertex -8.45928 -3.9 102.718
      vertex -4.78873 -3.9 104.43
      vertex -4.59677 -3.9 103.967
    endloop
  endfacet
  facet normal 0 1 0
    outer loop
      vertex -10.5011 -3.9 107.728
      vertex -10 -3.9 103.7
      vertex -10.1482 -3.9 103.694
    endloop
  endfacet
  facet normal 0 1 0
    outer loop
      vertex -10.5011 -3.9 107.728
      vertex -10.1482 -3.9 103.694
      vertex -10.2952 -3.9 103.674
    endloop
  endfacet
  facet normal 0 1 0
    outer loop
      vertex -10.5011 -3.9 107.728
      vertex -10.2952 -3.9 103.674
      vertex -10.44 -3.9 103.642
    endloop
  endfacet
  facet normal 0 1 0
    outer loop
      vertex -10.5011 -3.9 107.728
      vertex -10.44 -3.9 103.642
      vertex -10.5814 -3.9 103.597
    endloop
  endfacet
  facet normal 0 1 0
    outer loop
      vertex -10.5011 -3.9 107.728
      vertex -10.5814 -3.9 103.597
      vertex -10.7185 -3.9 103.541
    endloop
  endfacet
  facet normal 0 1 0
    outer loop
      vertex -10.5011 -3.9 107.728
      vertex -10.7185 -3.9 103.541
      vertex -10.85 -3.9 103.472
    endloop
  endfacet
  facet normal 0 1 0
    outer loop
      vertex -10.9751 -3.9 103.393
      vertex -10.5011 -3.9 107.728
      vertex -10.85 -3.9 103.472
    endloop
  endfacet
  facet normal 0 1 0
    outer loop
      vertex -11.0927 -3.9 103.302
      vertex -10.5011 -3.9 107.728
      vertex -10.9751 -3.9 103.393
    endloop
  endfacet
  facet normal 0 1 0
    outer loop
      vertex -11.2021 -3.9 103.202
      vertex -10.5011 -3.9 107.728
      vertex -11.0927 -3.9 103.302
    endloop
  endfacet
  facet normal 0 1 0
    outer loop
      vertex -10.5011 -3.9 107.728
      vertex -11.2021 -3.9 103.202
      vertex -14.5 -3.9 102.1
    endloop
  endfacet
  facet normal 0 1 0
    outer loop
      vertex -14.5 -3.9 102.1
      vertex -11.2021 -3.9 103.202
      vertex -11.3023 -3.9 103.093
    endloop
  endfacet
  facet normal 0 1 0
    outer loop
      vertex -14.5 -3.9 102.1
      vertex -11.3023 -3.9 103.093
      vertex -11.3926 -3.9 102.975
    endloop
  endfacet
  facet normal 0 1 0
    outer loop
      vertex -14.5 -3.9 102.1
      vertex -11.3926 -3.9 102.975
      vertex -11.4722 -3.9 102.85
    endloop
  endfacet
  facet normal 0 1 0
    outer loop
      vertex -14.5 -3.9 102.1
      vertex -11.4722 -3.9 102.85
      vertex -11.5407 -3.9 102.718
    endloop
  endfacet
  facet normal 0 1 0
    outer loop
      vertex -14.5 -3.9 102.1
      vertex -11.5407 -3.9 102.718
      vertex -11.5975 -3.9 102.581
    endloop
  endfacet
  facet normal 0 1 0
    outer loop
      vertex -14.5 -3.9 102.1
      vertex -11.5975 -3.9 102.581
      vertex -11.6421 -3.9 102.44
    endloop
  endfacet
  facet normal 0 1 0
    outer loop
      vertex -14.5 -3.9 102.1
      vertex -11.6421 -3.9 102.44
      vertex -11.6742 -3.9 102.295
    endloop
  endfacet
  facet normal 0 1 0
    outer loop
      vertex -14.5 -3.9 102.1
      vertex -11.6742 -3.9 102.295
      vertex -11.6935 -3.9 102.148
    endloop
  endfacet
  facet normal 0 1 0
    outer loop
      vertex -10.5011 -3.9 107.728
      vertex -14.5 -3.9 102.1
      vertex -23 -3.9 107
    endloop
  endfacet
  facet normal 0 1 0
    outer loop
      vertex -23 -3.9 107
      vertex -14.5 -3.9 102.1
      vertex -23 -3.9 102.1
    endloop
  endfacet
  facet normal 0.382583 0 -0.923921
    outer loop
      vertex -8.03338 -6.9 96.5968
      vertex -7.56995 -3.9 96.7887
      vertex -7.56995 -6.9 96.7887
    endloop
  endfacet
  facet normal 0.382583 0 -0.923921
    outer loop
      vertex -7.56995 -3.9 96.7887
      vertex -8.03338 -6.9 96.5968
      vertex -8.03338 -3.9 96.5968
    endloop
  endfacet
  facet normal 0.999048 0 -0.0436311
    outer loop
      vertex -4.25 -6.9 102
      vertex -4.27188 -3.9 101.499
      vertex -4.25 -3.9 102
    endloop
  endfacet
  facet normal 0.999048 0 -0.0436311
    outer loop
      vertex -4.27188 -3.9 101.499
      vertex -4.25 -6.9 102
      vertex -4.27188 -6.9 101.499
    endloop
  endfacet
  facet normal 0.923753 -0 0.382988
    outer loop
      vertex -4.78873 -6.9 104.43
      vertex -4.59677 -3.9 103.967
      vertex -4.78873 -3.9 104.43
    endloop
  endfacet
  facet normal 0.923753 0 0.382988
    outer loop
      vertex -4.59677 -3.9 103.967
      vertex -4.78873 -6.9 104.43
      vertex -4.59677 -6.9 103.967
    endloop
  endfacet
  facet normal 0.737338 0 -0.675524
    outer loop
      vertex -5.59525 -6.9 98.304
      vertex -5.93414 -3.9 97.9341
      vertex -5.59525 -3.9 98.304
    endloop
  endfacet
  facet normal 0.737338 0 -0.675524
    outer loop
      vertex -5.93414 -3.9 97.9341
      vertex -5.59525 -6.9 98.304
      vertex -5.93414 -6.9 97.9341
    endloop
  endfacet
  facet normal 0.300992 0 0.953627
    outer loop
      vertex -8.51179 -3.9 107.554
      vertex -8.03338 -6.9 107.403
      vertex -8.03338 -3.9 107.403
    endloop
  endfacet
  facet normal 0.300992 0 0.953627
    outer loop
      vertex -8.03338 -6.9 107.403
      vertex -8.51179 -3.9 107.554
      vertex -8.51179 -6.9 107.554
    endloop
  endfacet
  facet normal -0.0581466 0 0.998308
    outer loop
      vertex -23 -3.9 107
      vertex -10.5011 -6.9 107.728
      vertex -10.5011 -3.9 107.728
    endloop
  endfacet
  facet normal -0.0581466 0 0.998308
    outer loop
      vertex -10.5011 -6.9 107.728
      vertex -23 -3.9 107
      vertex -23 -6.9 107
    endloop
  endfacet
  facet normal -0.0438612 0 0.999038
    outer loop
      vertex -10.5011 -3.9 107.728
      vertex -10 -6.9 107.75
      vertex -10 -3.9 107.75
    endloop
  endfacet
  facet normal -0.0438612 0 0.999038
    outer loop
      vertex -10 -6.9 107.75
      vertex -10.5011 -3.9 107.728
      vertex -10.5011 -6.9 107.728
    endloop
  endfacet
  facet normal 0.843404 0 -0.537279
    outer loop
      vertex -5.02035 -6.9 99.125
      vertex -5.28988 -3.9 98.7019
      vertex -5.02035 -3.9 99.125
    endloop
  endfacet
  facet normal 0.843404 0 -0.537279
    outer loop
      vertex -5.28988 -3.9 98.7019
      vertex -5.02035 -6.9 99.125
      vertex -5.28988 -6.9 98.7019
    endloop
  endfacet
  facet normal 0.130576 0 -0.991438
    outer loop
      vertex -9.49885 -6.9 96.2719
      vertex -9.00152 -3.9 96.3374
      vertex -9.00152 -6.9 96.3374
    endloop
  endfacet
  facet normal 0.130576 0 -0.991438
    outer loop
      vertex -9.00152 -3.9 96.3374
      vertex -9.49885 -6.9 96.2719
      vertex -9.49885 -3.9 96.2719
    endloop
  endfacet
  facet normal 0.953824 0 -0.300365
    outer loop
      vertex -4.44593 -6.9 100.512
      vertex -4.59677 -3.9 100.033
      vertex -4.44593 -3.9 100.512
    endloop
  endfacet
  facet normal 0.953824 0 -0.300365
    outer loop
      vertex -4.59677 -3.9 100.033
      vertex -4.44593 -6.9 100.512
      vertex -4.59677 -6.9 100.033
    endloop
  endfacet
  facet normal 0.886995 0 -0.46178
    outer loop
      vertex -4.78873 -6.9 99.5699
      vertex -5.02035 -3.9 99.125
      vertex -4.78873 -3.9 99.5699
    endloop
  endfacet
  facet normal 0.886995 0 -0.46178
    outer loop
      vertex -5.02035 -3.9 99.125
      vertex -4.78873 -6.9 99.5699
      vertex -5.02035 -6.9 99.125
    endloop
  endfacet
  facet normal 0.129596 0 0.991567
    outer loop
      vertex -9.49885 -3.9 107.728
      vertex -9.00152 -6.9 107.663
      vertex -9.00152 -3.9 107.663
    endloop
  endfacet
  facet normal 0.129596 0 0.991567
    outer loop
      vertex -9.00152 -6.9 107.663
      vertex -9.49885 -3.9 107.728
      vertex -9.49885 -6.9 107.728
    endloop
  endfacet
  facet normal 0.737429 -0 0.675425
    outer loop
      vertex -5.93414 -6.9 106.066
      vertex -5.59525 -3.9 105.696
      vertex -5.93414 -3.9 106.066
    endloop
  endfacet
  facet normal 0.737429 0 0.675425
    outer loop
      vertex -5.59525 -3.9 105.696
      vertex -5.93414 -6.9 106.066
      vertex -5.59525 -6.9 105.696
    endloop
  endfacet
  facet normal 0.675605 0 -0.737264
    outer loop
      vertex -6.30397 -6.9 97.5952
      vertex -5.93414 -3.9 97.9341
      vertex -5.93414 -6.9 97.9341
    endloop
  endfacet
  facet normal 0.675605 0 -0.737264
    outer loop
      vertex -5.93414 -3.9 97.9341
      vertex -6.30397 -6.9 97.5952
      vertex -6.30397 -3.9 97.5952
    endloop
  endfacet
  facet normal 0.460765 0 0.887522
    outer loop
      vertex -7.56995 -3.9 107.211
      vertex -7.125 -6.9 106.98
      vertex -7.125 -3.9 106.98
    endloop
  endfacet
  facet normal 0.460765 0 0.887522
    outer loop
      vertex -7.125 -6.9 106.98
      vertex -7.56995 -3.9 107.211
      vertex -7.56995 -6.9 107.211
    endloop
  endfacet
  facet normal 0.537981 0 0.842957
    outer loop
      vertex -7.125 -3.9 106.98
      vertex -6.70194 -6.9 106.71
      vertex -6.70194 -3.9 106.71
    endloop
  endfacet
  facet normal 0.537981 0 0.842957
    outer loop
      vertex -6.70194 -6.9 106.71
      vertex -7.125 -3.9 106.98
      vertex -7.125 -6.9 106.98
    endloop
  endfacet
  facet normal 0.923782 0 -0.382918
    outer loop
      vertex -4.59677 -6.9 100.033
      vertex -4.78873 -3.9 99.5699
      vertex -4.59677 -3.9 100.033
    endloop
  endfacet
  facet normal 0.923782 0 -0.382918
    outer loop
      vertex -4.78873 -3.9 99.5699
      vertex -4.59677 -6.9 100.033
      vertex -4.78873 -6.9 99.5699
    endloop
  endfacet
  facet normal 0.216306 0 -0.976326
    outer loop
      vertex -9.00152 -6.9 96.3374
      vertex -8.51179 -3.9 96.4459
      vertex -8.51179 -6.9 96.4459
    endloop
  endfacet
  facet normal 0.216306 0 -0.976326
    outer loop
      vertex -8.51179 -3.9 96.4459
      vertex -9.00152 -6.9 96.3374
      vertex -9.00152 -3.9 96.3374
    endloop
  endfacet
  facet normal -0.0436622 0 -0.999046
    outer loop
      vertex -10.5011 -6.9 96.2719
      vertex -10 -3.9 96.25
      vertex -10 -6.9 96.25
    endloop
  endfacet
  facet normal -0.0436622 0 -0.999046
    outer loop
      vertex -10 -3.9 96.25
      vertex -10.5011 -6.9 96.2719
      vertex -10.5011 -3.9 96.2719
    endloop
  endfacet
  facet normal 0.675713 0 0.737165
    outer loop
      vertex -6.30397 -3.9 106.405
      vertex -5.93414 -6.9 106.066
      vertex -5.93414 -3.9 106.066
    endloop
  endfacet
  facet normal 0.675713 0 0.737165
    outer loop
      vertex -5.93414 -6.9 106.066
      vertex -6.30397 -3.9 106.405
      vertex -6.30397 -6.9 106.405
    endloop
  endfacet
  facet normal 0.300811 0 -0.953684
    outer loop
      vertex -8.51179 -6.9 96.4459
      vertex -8.03338 -3.9 96.5968
      vertex -8.03338 -6.9 96.5968
    endloop
  endfacet
  facet normal 0.300811 0 -0.953684
    outer loop
      vertex -8.03338 -3.9 96.5968
      vertex -8.51179 -6.9 96.4459
      vertex -8.51179 -3.9 96.4459
    endloop
  endfacet
  facet normal 0 -1 0
    outer loop
      vertex -10 -6.9 103.7
      vertex -10 -6.9 107.75
      vertex -10.5011 -6.9 107.728
    endloop
  endfacet
  facet normal 0 -1 0
    outer loop
      vertex -10 -6.9 107.75
      vertex -10 -6.9 103.7
      vertex -9.49885 -6.9 107.728
    endloop
  endfacet
  facet normal 0 -1 -0
    outer loop
      vertex -9.49885 -6.9 107.728
      vertex -9.85184 -6.9 103.694
      vertex -9.00152 -6.9 107.663
    endloop
  endfacet
  facet normal 0 -1 0
    outer loop
      vertex -9.7048 -6.9 103.674
      vertex -9.00152 -6.9 107.663
      vertex -9.85184 -6.9 103.694
    endloop
  endfacet
  facet normal 0 -1 0
    outer loop
      vertex -9.56001 -6.9 103.642
      vertex -8.51179 -6.9 107.554
      vertex -9.7048 -6.9 103.674
    endloop
  endfacet
  facet normal 0 -1 0
    outer loop
      vertex -11.3926 -6.9 102.975
      vertex -10.5011 -6.9 107.728
      vertex -23 -6.9 107
    endloop
  endfacet
  facet normal -0 -1 0
    outer loop
      vertex -10.7185 -6.9 103.541
      vertex -10.5011 -6.9 107.728
      vertex -10.85 -6.9 103.472
    endloop
  endfacet
  facet normal -0 -1 0
    outer loop
      vertex -10.44 -6.9 103.642
      vertex -10.5011 -6.9 107.728
      vertex -10.5814 -6.9 103.597
    endloop
  endfacet
  facet normal -0 -1 0
    outer loop
      vertex -10.2952 -6.9 103.674
      vertex -10.5011 -6.9 107.728
      vertex -10.44 -6.9 103.642
    endloop
  endfacet
  facet normal -0 -1 0
    outer loop
      vertex -10 -6.9 103.7
      vertex -10.5011 -6.9 107.728
      vertex -10.1482 -6.9 103.694
    endloop
  endfacet
  facet normal 0 -1 -0
    outer loop
      vertex -9.00152 -6.9 107.663
      vertex -9.7048 -6.9 103.674
      vertex -8.51179 -6.9 107.554
    endloop
  endfacet
  facet normal 0 -1 0
    outer loop
      vertex -9.41857 -6.9 103.597
      vertex -8.03338 -6.9 107.403
      vertex -9.56001 -6.9 103.642
    endloop
  endfacet
  facet normal 0 -1 -0
    outer loop
      vertex -8.03338 -6.9 107.403
      vertex -9.41857 -6.9 103.597
      vertex -7.56995 -6.9 107.211
    endloop
  endfacet
  facet normal 0 -1 -0
    outer loop
      vertex -7.56995 -6.9 107.211
      vertex -9.28155 -6.9 103.541
      vertex -7.125 -6.9 106.98
    endloop
  endfacet
  facet normal 0 -1 -0
    outer loop
      vertex -7.125 -6.9 106.98
      vertex -9.15 -6.9 103.472
      vertex -6.70194 -6.9 106.71
    endloop
  endfacet
  facet normal 0 -1 0
    outer loop
      vertex -9.02492 -6.9 103.393
      vertex -6.70194 -6.9 106.71
      vertex -9.15 -6.9 103.472
    endloop
  endfacet
  facet normal 0 -1 0
    outer loop
      vertex -9.15 -6.9 103.472
      vertex -7.125 -6.9 106.98
      vertex -9.28155 -6.9 103.541
    endloop
  endfacet
  facet normal 0 -1 0
    outer loop
      vertex -9.28155 -6.9 103.541
      vertex -7.56995 -6.9 107.211
      vertex -9.41857 -6.9 103.597
    endloop
  endfacet
  facet normal 0 -1 -0
    outer loop
      vertex -8.51179 -6.9 107.554
      vertex -9.56001 -6.9 103.642
      vertex -8.03338 -6.9 107.403
    endloop
  endfacet
  facet normal 0 -1 0
    outer loop
      vertex -9.49885 -6.9 107.728
      vertex -10 -6.9 103.7
      vertex -9.85184 -6.9 103.694
    endloop
  endfacet
  facet normal -0 -1 0
    outer loop
      vertex -10.1482 -6.9 103.694
      vertex -10.5011 -6.9 107.728
      vertex -10.2952 -6.9 103.674
    endloop
  endfacet
  facet normal -0 -1 0
    outer loop
      vertex -10.5814 -6.9 103.597
      vertex -10.5011 -6.9 107.728
      vertex -10.7185 -6.9 103.541
    endloop
  endfacet
  facet normal 0 -1 0
    outer loop
      vertex -10.5011 -6.9 107.728
      vertex -10.9751 -6.9 103.393
      vertex -10.85 -6.9 103.472
    endloop
  endfacet
  facet normal 0 -1 0
    outer loop
      vertex -10.5011 -6.9 107.728
      vertex -11.0927 -6.9 103.302
      vertex -10.9751 -6.9 103.393
    endloop
  endfacet
  facet normal 0 -1 0
    outer loop
      vertex -10.5011 -6.9 107.728
      vertex -11.2021 -6.9 103.202
      vertex -11.0927 -6.9 103.302
    endloop
  endfacet
  facet normal 0 -1 0
    outer loop
      vertex -10.5011 -6.9 107.728
      vertex -11.3023 -6.9 103.093
      vertex -11.2021 -6.9 103.202
    endloop
  endfacet
  facet normal 0 -1 0
    outer loop
      vertex -10.5011 -6.9 107.728
      vertex -11.3926 -6.9 102.975
      vertex -11.3023 -6.9 103.093
    endloop
  endfacet
  facet normal 0 -1 0
    outer loop
      vertex -23 -6.9 107
      vertex -11.4722 -6.9 102.85
      vertex -11.3926 -6.9 102.975
    endloop
  endfacet
  facet normal 0 -1 0
    outer loop
      vertex -23 -6.9 107
      vertex -11.5407 -6.9 102.718
      vertex -11.4722 -6.9 102.85
    endloop
  endfacet
  facet normal 0 -1 0
    outer loop
      vertex -23 -6.9 107
      vertex -11.5975 -6.9 102.581
      vertex -11.5407 -6.9 102.718
    endloop
  endfacet
  facet normal 0 -1 0
    outer loop
      vertex -23 -6.9 107
      vertex -11.6421 -6.9 102.44
      vertex -11.5975 -6.9 102.581
    endloop
  endfacet
  facet normal 0 -1 0
    outer loop
      vertex -23 -6.9 107
      vertex -11.6742 -6.9 102.295
      vertex -11.6421 -6.9 102.44
    endloop
  endfacet
  facet normal 0 -1 0
    outer loop
      vertex -23 -6.9 107
      vertex -11.6935 -6.9 102.148
      vertex -11.6742 -6.9 102.295
    endloop
  endfacet
  facet normal 0 -1 0
    outer loop
      vertex -23 -6.9 107
      vertex -11.7 -6.9 102
      vertex -11.6935 -6.9 102.148
    endloop
  endfacet
  facet normal 0 -1 0
    outer loop
      vertex -23 -6.9 97
      vertex -11.7 -6.9 102
      vertex -23 -6.9 107
    endloop
  endfacet
  facet normal 0 -1 -0
    outer loop
      vertex -11.7 -6.9 102
      vertex -23 -6.9 97
      vertex -11.6935 -6.9 101.852
    endloop
  endfacet
  facet normal 0 -1 -0
    outer loop
      vertex -11.6935 -6.9 101.852
      vertex -23 -6.9 97
      vertex -11.6742 -6.9 101.705
    endloop
  endfacet
  facet normal 0 -1 -0
    outer loop
      vertex -11.6742 -6.9 101.705
      vertex -23 -6.9 97
      vertex -11.6421 -6.9 101.56
    endloop
  endfacet
  facet normal 0 -1 -0
    outer loop
      vertex -11.6421 -6.9 101.56
      vertex -23 -6.9 97
      vertex -11.5975 -6.9 101.419
    endloop
  endfacet
  facet normal 0 -1 -0
    outer loop
      vertex -11.5975 -6.9 101.419
      vertex -23 -6.9 97
      vertex -11.5407 -6.9 101.282
    endloop
  endfacet
  facet normal 0 -1 -0
    outer loop
      vertex -11.5407 -6.9 101.282
      vertex -23 -6.9 97
      vertex -11.4722 -6.9 101.15
    endloop
  endfacet
  facet normal 0 -1 -0
    outer loop
      vertex -11.4722 -6.9 101.15
      vertex -23 -6.9 97
      vertex -11.3926 -6.9 101.025
    endloop
  endfacet
  facet normal 0 -1 0
    outer loop
      vertex -10.5011 -6.9 96.2719
      vertex -11.3926 -6.9 101.025
      vertex -23 -6.9 97
    endloop
  endfacet
  facet normal 0 -1 0
    outer loop
      vertex -11.3926 -6.9 101.025
      vertex -10.5011 -6.9 96.2719
      vertex -11.3023 -6.9 100.907
    endloop
  endfacet
  facet normal 0 -1 0
    outer loop
      vertex -11.3023 -6.9 100.907
      vertex -10.5011 -6.9 96.2719
      vertex -11.2021 -6.9 100.798
    endloop
  endfacet
  facet normal 0 -1 0
    outer loop
      vertex -11.2021 -6.9 100.798
      vertex -10.5011 -6.9 96.2719
      vertex -11.0927 -6.9 100.698
    endloop
  endfacet
  facet normal 0 -1 0
    outer loop
      vertex -10 -6.9 96.25
      vertex -10 -6.9 100.3
      vertex -10.1482 -6.9 100.306
    endloop
  endfacet
  facet normal 0 -1 0
    outer loop
      vertex -10 -6.9 100.3
      vertex -4.78873 -6.9 99.5699
      vertex -4.59677 -6.9 100.033
    endloop
  endfacet
  facet normal 0 -1 0
    outer loop
      vertex -10.5011 -6.9 96.2719
      vertex -10.1482 -6.9 100.306
      vertex -10.2952 -6.9 100.326
    endloop
  endfacet
  facet normal 0 -1 0
    outer loop
      vertex -10 -6.9 100.3
      vertex -5.02035 -6.9 99.125
      vertex -4.78873 -6.9 99.5699
    endloop
  endfacet
  facet normal 0 -1 0
    outer loop
      vertex -10.5011 -6.9 96.2719
      vertex -10.2952 -6.9 100.326
      vertex -10.44 -6.9 100.358
    endloop
  endfacet
  facet normal 0 -1 0
    outer loop
      vertex -10 -6.9 100.3
      vertex -5.28988 -6.9 98.7019
      vertex -5.02035 -6.9 99.125
    endloop
  endfacet
  facet normal 0 -1 0
    outer loop
      vertex -10.5011 -6.9 96.2719
      vertex -10.44 -6.9 100.358
      vertex -10.5814 -6.9 100.403
    endloop
  endfacet
  facet normal 0 -1 0
    outer loop
      vertex -10 -6.9 100.3
      vertex -5.59525 -6.9 98.304
      vertex -5.28988 -6.9 98.7019
    endloop
  endfacet
  facet normal 0 -1 0
    outer loop
      vertex -10.5011 -6.9 96.2719
      vertex -10.5814 -6.9 100.403
      vertex -10.7185 -6.9 100.459
    endloop
  endfacet
  facet normal 0 -1 0
    outer loop
      vertex -10 -6.9 100.3
      vertex -5.93414 -6.9 97.9341
      vertex -5.59525 -6.9 98.304
    endloop
  endfacet
  facet normal 0 -1 0
    outer loop
      vertex -10.5011 -6.9 96.2719
      vertex -10.7185 -6.9 100.459
      vertex -10.85 -6.9 100.528
    endloop
  endfacet
  facet normal 0 -1 0
    outer loop
      vertex -10 -6.9 100.3
      vertex -6.30397 -6.9 97.5952
      vertex -5.93414 -6.9 97.9341
    endloop
  endfacet
  facet normal 0 -1 0
    outer loop
      vertex -11.0927 -6.9 100.698
      vertex -10.5011 -6.9 96.2719
      vertex -10.9751 -6.9 100.607
    endloop
  endfacet
  facet normal 0 -1 -0
    outer loop
      vertex -10.1482 -6.9 100.306
      vertex -10.5011 -6.9 96.2719
      vertex -10 -6.9 96.25
    endloop
  endfacet
  facet normal 0 -1 0
    outer loop
      vertex -10 -6.9 100.3
      vertex -6.70194 -6.9 97.2899
      vertex -6.30397 -6.9 97.5952
    endloop
  endfacet
  facet normal 0 -1 0
    outer loop
      vertex -10.9751 -6.9 100.607
      vertex -10.5011 -6.9 96.2719
      vertex -10.85 -6.9 100.528
    endloop
  endfacet
  facet normal 0 -1 0
    outer loop
      vertex -10 -6.9 100.3
      vertex -7.125 -6.9 97.0204
      vertex -6.70194 -6.9 97.2899
    endloop
  endfacet
  facet normal 0 -1 0
    outer loop
      vertex -10 -6.9 100.3
      vertex -7.56995 -6.9 96.7887
      vertex -7.125 -6.9 97.0204
    endloop
  endfacet
  facet normal 0 -1 0
    outer loop
      vertex -10 -6.9 100.3
      vertex -8.03338 -6.9 96.5968
      vertex -7.56995 -6.9 96.7887
    endloop
  endfacet
  facet normal 0 -1 0
    outer loop
      vertex -10 -6.9 100.3
      vertex -8.51179 -6.9 96.4459
      vertex -8.03338 -6.9 96.5968
    endloop
  endfacet
  facet normal 0 -1 0
    outer loop
      vertex -10 -6.9 100.3
      vertex -9.00152 -6.9 96.3374
      vertex -8.51179 -6.9 96.4459
    endloop
  endfacet
  facet normal 0 -1 0
    outer loop
      vertex -10 -6.9 100.3
      vertex -9.49885 -6.9 96.2719
      vertex -9.00152 -6.9 96.3374
    endloop
  endfacet
  facet normal 0 -1 0
    outer loop
      vertex -10 -6.9 100.3
      vertex -10 -6.9 96.25
      vertex -9.49885 -6.9 96.2719
    endloop
  endfacet
  facet normal 0 -1 -0
    outer loop
      vertex -6.70194 -6.9 106.71
      vertex -9.02492 -6.9 103.393
      vertex -6.30397 -6.9 106.405
    endloop
  endfacet
  facet normal 0 -1 0
    outer loop
      vertex -8.90726 -6.9 103.302
      vertex -6.30397 -6.9 106.405
      vertex -9.02492 -6.9 103.393
    endloop
  endfacet
  facet normal 0 -1 -0
    outer loop
      vertex -6.30397 -6.9 106.405
      vertex -8.90726 -6.9 103.302
      vertex -5.93414 -6.9 106.066
    endloop
  endfacet
  facet normal 0 -1 0
    outer loop
      vertex -8.79792 -6.9 103.202
      vertex -5.93414 -6.9 106.066
      vertex -8.90726 -6.9 103.302
    endloop
  endfacet
  facet normal 0 -1 -0
    outer loop
      vertex -5.93414 -6.9 106.066
      vertex -8.79792 -6.9 103.202
      vertex -5.59525 -6.9 105.696
    endloop
  endfacet
  facet normal 0 -1 0
    outer loop
      vertex -8.69773 -6.9 103.093
      vertex -5.59525 -6.9 105.696
      vertex -8.79792 -6.9 103.202
    endloop
  endfacet
  facet normal 0 -1 -0
    outer loop
      vertex -5.59525 -6.9 105.696
      vertex -8.69773 -6.9 103.093
      vertex -5.28988 -6.9 105.298
    endloop
  endfacet
  facet normal 0 -1 0
    outer loop
      vertex -8.60744 -6.9 102.975
      vertex -5.28988 -6.9 105.298
      vertex -8.69773 -6.9 103.093
    endloop
  endfacet
  facet normal 0 -1 -0
    outer loop
      vertex -5.28988 -6.9 105.298
      vertex -8.60744 -6.9 102.975
      vertex -5.02035 -6.9 104.875
    endloop
  endfacet
  facet normal 0 -1 0
    outer loop
      vertex -8.52776 -6.9 102.85
      vertex -5.02035 -6.9 104.875
      vertex -8.60744 -6.9 102.975
    endloop
  endfacet
  facet normal 0 -1 -0
    outer loop
      vertex -5.02035 -6.9 104.875
      vertex -8.52776 -6.9 102.85
      vertex -4.78873 -6.9 104.43
    endloop
  endfacet
  facet normal 0 -1 0
    outer loop
      vertex -8.45928 -6.9 102.718
      vertex -4.78873 -6.9 104.43
      vertex -8.52776 -6.9 102.85
    endloop
  endfacet
  facet normal 0 -1 -0
    outer loop
      vertex -4.78873 -6.9 104.43
      vertex -8.45928 -6.9 102.718
      vertex -4.59677 -6.9 103.967
    endloop
  endfacet
  facet normal 0 -1 0
    outer loop
      vertex -8.40252 -6.9 102.581
      vertex -4.59677 -6.9 103.967
      vertex -8.45928 -6.9 102.718
    endloop
  endfacet
  facet normal 0 -1 -0
    outer loop
      vertex -4.59677 -6.9 103.967
      vertex -8.40252 -6.9 102.581
      vertex -4.44593 -6.9 103.488
    endloop
  endfacet
  facet normal 0 -1 0
    outer loop
      vertex -8.35793 -6.9 102.44
      vertex -4.44593 -6.9 103.488
      vertex -8.40252 -6.9 102.581
    endloop
  endfacet
  facet normal 0 -1 -0
    outer loop
      vertex -4.44593 -6.9 103.488
      vertex -8.35793 -6.9 102.44
      vertex -4.33736 -6.9 102.998
    endloop
  endfacet
  facet normal 0 -1 0
    outer loop
      vertex -8.32583 -6.9 102.295
      vertex -4.33736 -6.9 102.998
      vertex -8.35793 -6.9 102.44
    endloop
  endfacet
  facet normal 0 -1 -0
    outer loop
      vertex -4.33736 -6.9 102.998
      vertex -8.32583 -6.9 102.295
      vertex -4.27188 -6.9 102.501
    endloop
  endfacet
  facet normal 0 -1 0
    outer loop
      vertex -8.30647 -6.9 102.148
      vertex -4.27188 -6.9 102.501
      vertex -8.32583 -6.9 102.295
    endloop
  endfacet
  facet normal 0 -1 0
    outer loop
      vertex -8.3 -6.9 102
      vertex -4.27188 -6.9 102.501
      vertex -8.30647 -6.9 102.148
    endloop
  endfacet
  facet normal 0 -1 0
    outer loop
      vertex -8.3 -6.9 102
      vertex -4.25 -6.9 102
      vertex -4.27188 -6.9 102.501
    endloop
  endfacet
  facet normal 0 -1 0
    outer loop
      vertex -8.30647 -6.9 101.852
      vertex -4.25 -6.9 102
      vertex -8.3 -6.9 102
    endloop
  endfacet
  facet normal 0 -1 0
    outer loop
      vertex -4.27188 -6.9 101.499
      vertex -8.30647 -6.9 101.852
      vertex -8.32583 -6.9 101.705
    endloop
  endfacet
  facet normal 0 -1 0
    outer loop
      vertex -4.33736 -6.9 101.002
      vertex -8.32583 -6.9 101.705
      vertex -8.35793 -6.9 101.56
    endloop
  endfacet
  facet normal 0 -1 0
    outer loop
      vertex -8.30647 -6.9 101.852
      vertex -4.27188 -6.9 101.499
      vertex -4.25 -6.9 102
    endloop
  endfacet
  facet normal 0 -1 0
    outer loop
      vertex -4.44593 -6.9 100.512
      vertex -8.35793 -6.9 101.56
      vertex -8.40252 -6.9 101.419
    endloop
  endfacet
  facet normal 0 -1 0
    outer loop
      vertex -4.59677 -6.9 100.033
      vertex -8.40252 -6.9 101.419
      vertex -8.45928 -6.9 101.282
    endloop
  endfacet
  facet normal 0 -1 0
    outer loop
      vertex -4.59677 -6.9 100.033
      vertex -8.45928 -6.9 101.282
      vertex -8.52776 -6.9 101.15
    endloop
  endfacet
  facet normal 0 -1 0
    outer loop
      vertex -4.59677 -6.9 100.033
      vertex -8.52776 -6.9 101.15
      vertex -8.60744 -6.9 101.025
    endloop
  endfacet
  facet normal 0 -1 0
    outer loop
      vertex -8.32583 -6.9 101.705
      vertex -4.33736 -6.9 101.002
      vertex -4.27188 -6.9 101.499
    endloop
  endfacet
  facet normal 0 -1 0
    outer loop
      vertex -4.59677 -6.9 100.033
      vertex -8.60744 -6.9 101.025
      vertex -8.69773 -6.9 100.907
    endloop
  endfacet
  facet normal 0 -1 0
    outer loop
      vertex -4.59677 -6.9 100.033
      vertex -8.69773 -6.9 100.907
      vertex -8.79792 -6.9 100.798
    endloop
  endfacet
  facet normal 0 -1 0
    outer loop
      vertex -4.59677 -6.9 100.033
      vertex -8.79792 -6.9 100.798
      vertex -8.90726 -6.9 100.698
    endloop
  endfacet
  facet normal 0 -1 0
    outer loop
      vertex -4.59677 -6.9 100.033
      vertex -8.90726 -6.9 100.698
      vertex -9.02492 -6.9 100.607
    endloop
  endfacet
  facet normal 0 -1 0
    outer loop
      vertex -4.59677 -6.9 100.033
      vertex -9.02492 -6.9 100.607
      vertex -9.15 -6.9 100.528
    endloop
  endfacet
  facet normal 0 -1 0
    outer loop
      vertex -8.35793 -6.9 101.56
      vertex -4.44593 -6.9 100.512
      vertex -4.33736 -6.9 101.002
    endloop
  endfacet
  facet normal 0 -1 0
    outer loop
      vertex -4.59677 -6.9 100.033
      vertex -9.15 -6.9 100.528
      vertex -9.28155 -6.9 100.459
    endloop
  endfacet
  facet normal 0 -1 0
    outer loop
      vertex -4.59677 -6.9 100.033
      vertex -9.28155 -6.9 100.459
      vertex -9.41857 -6.9 100.403
    endloop
  endfacet
  facet normal 0 -1 0
    outer loop
      vertex -4.59677 -6.9 100.033
      vertex -9.41857 -6.9 100.403
      vertex -9.56001 -6.9 100.358
    endloop
  endfacet
  facet normal 0 -1 0
    outer loop
      vertex -4.59677 -6.9 100.033
      vertex -9.56001 -6.9 100.358
      vertex -9.7048 -6.9 100.326
    endloop
  endfacet
  facet normal 0 -1 0
    outer loop
      vertex -4.59677 -6.9 100.033
      vertex -9.7048 -6.9 100.326
      vertex -9.85184 -6.9 100.306
    endloop
  endfacet
  facet normal 0 -1 0
    outer loop
      vertex -4.59677 -6.9 100.033
      vertex -9.85184 -6.9 100.306
      vertex -10 -6.9 100.3
    endloop
  endfacet
  facet normal 0 -1 0
    outer loop
      vertex -8.40252 -6.9 101.419
      vertex -4.59677 -6.9 100.033
      vertex -4.44593 -6.9 100.512
    endloop
  endfacet
  facet normal 0.0436578 0 -0.999047
    outer loop
      vertex -10 -6.9 96.25
      vertex -9.49885 -3.9 96.2719
      vertex -9.49885 -6.9 96.2719
    endloop
  endfacet
  facet normal 0.0436578 0 -0.999047
    outer loop
      vertex -9.49885 -3.9 96.2719
      vertex -10 -6.9 96.25
      vertex -10 -3.9 96.25
    endloop
  endfacet
  facet normal 0.976321 -0 0.216325
    outer loop
      vertex -4.44593 3.9 103.488
      vertex -4.33736 6.9 102.998
      vertex -4.44593 6.9 103.488
    endloop
  endfacet
  facet normal 0.976321 0 0.216325
    outer loop
      vertex -4.33736 6.9 102.998
      vertex -4.44593 3.9 103.488
      vertex -4.33736 3.9 102.998
    endloop
  endfacet
  facet normal -1 0 0
    outer loop
      vertex -23 6 102.1
      vertex -23 6.9 97
      vertex -23 6 97
    endloop
  endfacet
  facet normal -1 0 0
    outer loop
      vertex -23 6.9 97
      vertex -23 6 102.1
      vertex -23 6.9 107
    endloop
  endfacet
  facet normal -1 0 0
    outer loop
      vertex -23 3.9 107
      vertex -23 6 102.1
      vertex -23 3.9 102.1
    endloop
  endfacet
  facet normal -1 0 0
    outer loop
      vertex -23 6 102.1
      vertex -23 3.9 107
      vertex -23 6.9 107
    endloop
  endfacet
  facet normal 0.608293 0 0.793713
    outer loop
      vertex -6.70194 6.9 106.71
      vertex -6.30397 3.9 106.405
      vertex -6.30397 6.9 106.405
    endloop
  endfacet
  facet normal 0.608293 0 0.793713
    outer loop
      vertex -6.30397 3.9 106.405
      vertex -6.70194 6.9 106.71
      vertex -6.70194 3.9 106.71
    endloop
  endfacet
  facet normal 0.382753 0 0.923851
    outer loop
      vertex -8.03338 6.9 107.403
      vertex -7.56995 3.9 107.211
      vertex -7.56995 6.9 107.211
    endloop
  endfacet
  facet normal 0.382753 0 0.923851
    outer loop
      vertex -7.56995 3.9 107.211
      vertex -8.03338 6.9 107.403
      vertex -8.03338 3.9 107.403
    endloop
  endfacet
  facet normal 0.60867 0 -0.793424
    outer loop
      vertex -6.70194 3.9 97.2899
      vertex -6.30397 6.9 97.5952
      vertex -6.30397 3.9 97.5952
    endloop
  endfacet
  facet normal 0.60867 0 -0.793424
    outer loop
      vertex -6.30397 6.9 97.5952
      vertex -6.70194 3.9 97.2899
      vertex -6.70194 6.9 97.2899
    endloop
  endfacet
  facet normal 0.461864 0 -0.886951
    outer loop
      vertex -7.56995 3.9 96.7887
      vertex -7.125 6.9 97.0204
      vertex -7.125 3.9 97.0204
    endloop
  endfacet
  facet normal 0.461864 0 -0.886951
    outer loop
      vertex -7.125 6.9 97.0204
      vertex -7.56995 3.9 96.7887
      vertex -7.56995 6.9 96.7887
    endloop
  endfacet
  facet normal 0.887037 -0 0.461698
    outer loop
      vertex -5.02035 3.9 104.875
      vertex -4.78873 6.9 104.43
      vertex -5.02035 6.9 104.875
    endloop
  endfacet
  facet normal 0.887037 0 0.461698
    outer loop
      vertex -4.78873 6.9 104.43
      vertex -5.02035 3.9 104.875
      vertex -4.78873 3.9 104.43
    endloop
  endfacet
  facet normal 0.953824 -0 0.300365
    outer loop
      vertex -4.59677 3.9 103.967
      vertex -4.44593 6.9 103.488
      vertex -4.59677 6.9 103.967
    endloop
  endfacet
  facet normal 0.953824 0 0.300365
    outer loop
      vertex -4.44593 6.9 103.488
      vertex -4.59677 3.9 103.967
      vertex -4.44593 3.9 103.488
    endloop
  endfacet
  facet normal 0.537273 0 -0.843409
    outer loop
      vertex -7.125 3.9 97.0204
      vertex -6.70194 6.9 97.2899
      vertex -6.70194 3.9 97.2899
    endloop
  endfacet
  facet normal 0.537273 0 -0.843409
    outer loop
      vertex -6.70194 6.9 97.2899
      vertex -7.125 3.9 97.0204
      vertex -7.125 6.9 97.0204
    endloop
  endfacet
  facet normal 0.976321 0 -0.216325
    outer loop
      vertex -4.33736 3.9 101.002
      vertex -4.44593 6.9 100.512
      vertex -4.33736 6.9 101.002
    endloop
  endfacet
  facet normal 0.976321 0 -0.216325
    outer loop
      vertex -4.44593 6.9 100.512
      vertex -4.33736 3.9 101.002
      vertex -4.44593 3.9 100.512
    endloop
  endfacet
  facet normal 0.793305 0 -0.608825
    outer loop
      vertex -5.28988 3.9 98.7019
      vertex -5.59525 6.9 98.304
      vertex -5.28988 6.9 98.7019
    endloop
  endfacet
  facet normal 0.793305 0 -0.608825
    outer loop
      vertex -5.59525 6.9 98.304
      vertex -5.28988 3.9 98.7019
      vertex -5.59525 3.9 98.304
    endloop
  endfacet
  facet normal -0.0581548 -0 -0.998308
    outer loop
      vertex -17.3522 6 96.671
      vertex -10.5011 3.9 96.2719
      vertex -17.3522 3.9 96.671
    endloop
  endfacet
  facet normal -0.0581548 0 -0.998308
    outer loop
      vertex -10.5011 3.9 96.2719
      vertex -17.3522 6 96.671
      vertex -10.5011 6.9 96.2719
    endloop
  endfacet
  facet normal -0.0581542 -0 -0.998308
    outer loop
      vertex -23 6.9 97
      vertex -17.3522 6 96.671
      vertex -23 6 97
    endloop
  endfacet
  facet normal -0.0581545 -2.22576e-06 -0.998308
    outer loop
      vertex -17.3522 6 96.671
      vertex -23 6.9 97
      vertex -10.5011 6.9 96.2719
    endloop
  endfacet
  facet normal 0.217255 0 0.976115
    outer loop
      vertex -9.00152 6.9 107.663
      vertex -8.51179 3.9 107.554
      vertex -8.51179 6.9 107.554
    endloop
  endfacet
  facet normal 0.217255 0 0.976115
    outer loop
      vertex -8.51179 3.9 107.554
      vertex -9.00152 6.9 107.663
      vertex -9.00152 3.9 107.663
    endloop
  endfacet
  facet normal 0.0438568 0 0.999038
    outer loop
      vertex -10 6.9 107.75
      vertex -9.49885 3.9 107.728
      vertex -9.49885 6.9 107.728
    endloop
  endfacet
  facet normal 0.0438568 0 0.999038
    outer loop
      vertex -9.49885 3.9 107.728
      vertex -10 6.9 107.75
      vertex -10 3.9 107.75
    endloop
  endfacet
  facet normal 0.991432 0 -0.130622
    outer loop
      vertex -4.27188 3.9 101.499
      vertex -4.33736 6.9 101.002
      vertex -4.27188 6.9 101.499
    endloop
  endfacet
  facet normal 0.991432 0 -0.130622
    outer loop
      vertex -4.33736 6.9 101.002
      vertex -4.27188 3.9 101.499
      vertex -4.33736 3.9 101.002
    endloop
  endfacet
  facet normal 0.999048 -0 0.0436311
    outer loop
      vertex -4.27188 3.9 102.501
      vertex -4.25 6.9 102
      vertex -4.27188 6.9 102.501
    endloop
  endfacet
  facet normal 0.999048 0 0.0436311
    outer loop
      vertex -4.25 6.9 102
      vertex -4.27188 3.9 102.501
      vertex -4.25 3.9 102
    endloop
  endfacet
  facet normal 0.793379 -0 0.608729
    outer loop
      vertex -5.59525 3.9 105.696
      vertex -5.28988 6.9 105.298
      vertex -5.59525 6.9 105.696
    endloop
  endfacet
  facet normal 0.793379 0 0.608729
    outer loop
      vertex -5.28988 6.9 105.298
      vertex -5.59525 3.9 105.696
      vertex -5.28988 3.9 105.298
    endloop
  endfacet
  facet normal 0.843347 -0 0.537369
    outer loop
      vertex -5.28988 3.9 105.298
      vertex -5.02035 6.9 104.875
      vertex -5.28988 6.9 105.298
    endloop
  endfacet
  facet normal 0.843347 0 0.537369
    outer loop
      vertex -5.02035 6.9 104.875
      vertex -5.28988 3.9 105.298
      vertex -5.02035 3.9 104.875
    endloop
  endfacet
  facet normal 0.991432 -0 0.130622
    outer loop
      vertex -4.33736 3.9 102.998
      vertex -4.27188 6.9 102.501
      vertex -4.33736 6.9 102.998
    endloop
  endfacet
  facet normal 0.991432 0 0.130622
    outer loop
      vertex -4.27188 6.9 102.501
      vertex -4.33736 3.9 102.998
      vertex -4.27188 3.9 102.501
    endloop
  endfacet
  facet normal 0 1 0
    outer loop
      vertex -9.49885 6.9 107.728
      vertex -9.85184 6.9 103.694
      vertex -10 6.9 103.7
    endloop
  endfacet
  facet normal 0 1 0
    outer loop
      vertex -4.78873 6.9 104.43
      vertex -9.7048 6.9 103.674
      vertex -9.85184 6.9 103.694
    endloop
  endfacet
  facet normal 0 1 0
    outer loop
      vertex -4.78873 6.9 104.43
      vertex -9.56001 6.9 103.642
      vertex -9.7048 6.9 103.674
    endloop
  endfacet
  facet normal 0 1 0
    outer loop
      vertex -4.78873 6.9 104.43
      vertex -9.41857 6.9 103.597
      vertex -9.56001 6.9 103.642
    endloop
  endfacet
  facet normal 0 1 0
    outer loop
      vertex -4.78873 6.9 104.43
      vertex -9.28155 6.9 103.541
      vertex -9.41857 6.9 103.597
    endloop
  endfacet
  facet normal 0 1 0
    outer loop
      vertex -8.40252 6.9 102.581
      vertex -4.59677 6.9 103.967
      vertex -4.44593 6.9 103.488
    endloop
  endfacet
  facet normal 0 1 0
    outer loop
      vertex -4.78873 6.9 104.43
      vertex -9.15 6.9 103.472
      vertex -9.28155 6.9 103.541
    endloop
  endfacet
  facet normal 0 1 0
    outer loop
      vertex -4.78873 6.9 104.43
      vertex -9.02492 6.9 103.393
      vertex -9.15 6.9 103.472
    endloop
  endfacet
  facet normal 0 1 0
    outer loop
      vertex -4.78873 6.9 104.43
      vertex -8.90726 6.9 103.302
      vertex -9.02492 6.9 103.393
    endloop
  endfacet
  facet normal 0 1 0
    outer loop
      vertex -4.78873 6.9 104.43
      vertex -8.79792 6.9 103.202
      vertex -8.90726 6.9 103.302
    endloop
  endfacet
  facet normal 0 1 0
    outer loop
      vertex -4.78873 6.9 104.43
      vertex -8.69773 6.9 103.093
      vertex -8.79792 6.9 103.202
    endloop
  endfacet
  facet normal 0 1 0
    outer loop
      vertex -8.35793 6.9 102.44
      vertex -4.44593 6.9 103.488
      vertex -4.33736 6.9 102.998
    endloop
  endfacet
  facet normal 0 1 0
    outer loop
      vertex -4.78873 6.9 104.43
      vertex -8.60744 6.9 102.975
      vertex -8.69773 6.9 103.093
    endloop
  endfacet
  facet normal 0 1 0
    outer loop
      vertex -4.78873 6.9 104.43
      vertex -8.52776 6.9 102.85
      vertex -8.60744 6.9 102.975
    endloop
  endfacet
  facet normal 0 1 0
    outer loop
      vertex -4.78873 6.9 104.43
      vertex -8.45928 6.9 102.718
      vertex -8.52776 6.9 102.85
    endloop
  endfacet
  facet normal 0 1 0
    outer loop
      vertex -4.59677 6.9 103.967
      vertex -8.40252 6.9 102.581
      vertex -8.45928 6.9 102.718
    endloop
  endfacet
  facet normal 0 1 0
    outer loop
      vertex -8.32583 6.9 102.295
      vertex -4.33736 6.9 102.998
      vertex -4.27188 6.9 102.501
    endloop
  endfacet
  facet normal 0 1 0
    outer loop
      vertex -4.44593 6.9 103.488
      vertex -8.35793 6.9 102.44
      vertex -8.40252 6.9 102.581
    endloop
  endfacet
  facet normal 0 1 0
    outer loop
      vertex -4.33736 6.9 102.998
      vertex -8.32583 6.9 102.295
      vertex -8.35793 6.9 102.44
    endloop
  endfacet
  facet normal 0 1 0
    outer loop
      vertex -4.27188 6.9 102.501
      vertex -8.30647 6.9 102.148
      vertex -8.32583 6.9 102.295
    endloop
  endfacet
  facet normal 0 1 0
    outer loop
      vertex -4.25 6.9 102
      vertex -8.30647 6.9 102.148
      vertex -4.27188 6.9 102.501
    endloop
  endfacet
  facet normal 0 1 0
    outer loop
      vertex -4.25 6.9 102
      vertex -8.3 6.9 102
      vertex -8.30647 6.9 102.148
    endloop
  endfacet
  facet normal 0 1 0
    outer loop
      vertex -4.25 6.9 102
      vertex -8.30647 6.9 101.852
      vertex -8.3 6.9 102
    endloop
  endfacet
  facet normal 0 1 -0
    outer loop
      vertex -4.27188 6.9 101.499
      vertex -8.30647 6.9 101.852
      vertex -4.25 6.9 102
    endloop
  endfacet
  facet normal 0 1 0
    outer loop
      vertex -8.30647 6.9 101.852
      vertex -4.27188 6.9 101.499
      vertex -8.32583 6.9 101.705
    endloop
  endfacet
  facet normal 0 1 -0
    outer loop
      vertex -4.33736 6.9 101.002
      vertex -8.32583 6.9 101.705
      vertex -4.27188 6.9 101.499
    endloop
  endfacet
  facet normal 0 1 0
    outer loop
      vertex -8.32583 6.9 101.705
      vertex -4.33736 6.9 101.002
      vertex -8.35793 6.9 101.56
    endloop
  endfacet
  facet normal 0 1 -0
    outer loop
      vertex -4.44593 6.9 100.512
      vertex -8.35793 6.9 101.56
      vertex -4.33736 6.9 101.002
    endloop
  endfacet
  facet normal 0 1 0
    outer loop
      vertex -8.35793 6.9 101.56
      vertex -4.44593 6.9 100.512
      vertex -8.40252 6.9 101.419
    endloop
  endfacet
  facet normal 0 1 -0
    outer loop
      vertex -4.59677 6.9 100.033
      vertex -8.40252 6.9 101.419
      vertex -4.44593 6.9 100.512
    endloop
  endfacet
  facet normal 0 1 0
    outer loop
      vertex -8.40252 6.9 101.419
      vertex -4.59677 6.9 100.033
      vertex -8.45928 6.9 101.282
    endloop
  endfacet
  facet normal 0 1 -0
    outer loop
      vertex -4.78873 6.9 99.5699
      vertex -8.45928 6.9 101.282
      vertex -4.59677 6.9 100.033
    endloop
  endfacet
  facet normal 0 1 0
    outer loop
      vertex -8.45928 6.9 101.282
      vertex -4.78873 6.9 99.5699
      vertex -8.52776 6.9 101.15
    endloop
  endfacet
  facet normal 0 1 -0
    outer loop
      vertex -5.02035 6.9 99.125
      vertex -8.52776 6.9 101.15
      vertex -4.78873 6.9 99.5699
    endloop
  endfacet
  facet normal 0 1 0
    outer loop
      vertex -8.52776 6.9 101.15
      vertex -5.02035 6.9 99.125
      vertex -8.60744 6.9 101.025
    endloop
  endfacet
  facet normal 0 1 -0
    outer loop
      vertex -5.28988 6.9 98.7019
      vertex -8.60744 6.9 101.025
      vertex -5.02035 6.9 99.125
    endloop
  endfacet
  facet normal 0 1 0
    outer loop
      vertex -8.60744 6.9 101.025
      vertex -5.28988 6.9 98.7019
      vertex -8.69773 6.9 100.907
    endloop
  endfacet
  facet normal 0 1 -0
    outer loop
      vertex -5.59525 6.9 98.304
      vertex -8.69773 6.9 100.907
      vertex -5.28988 6.9 98.7019
    endloop
  endfacet
  facet normal 0 1 0
    outer loop
      vertex -8.69773 6.9 100.907
      vertex -5.59525 6.9 98.304
      vertex -8.79792 6.9 100.798
    endloop
  endfacet
  facet normal 0 1 -0
    outer loop
      vertex -5.93414 6.9 97.9341
      vertex -8.79792 6.9 100.798
      vertex -5.59525 6.9 98.304
    endloop
  endfacet
  facet normal 0 1 0
    outer loop
      vertex -8.79792 6.9 100.798
      vertex -5.93414 6.9 97.9341
      vertex -8.90726 6.9 100.698
    endloop
  endfacet
  facet normal 0 1 -0
    outer loop
      vertex -6.30397 6.9 97.5952
      vertex -8.90726 6.9 100.698
      vertex -5.93414 6.9 97.9341
    endloop
  endfacet
  facet normal 0 1 0
    outer loop
      vertex -8.90726 6.9 100.698
      vertex -6.30397 6.9 97.5952
      vertex -9.02492 6.9 100.607
    endloop
  endfacet
  facet normal 0 1 -0
    outer loop
      vertex -6.70194 6.9 97.2899
      vertex -9.02492 6.9 100.607
      vertex -6.30397 6.9 97.5952
    endloop
  endfacet
  facet normal 0 1 0
    outer loop
      vertex -10 6.9 103.7
      vertex -10 6.9 107.75
      vertex -9.49885 6.9 107.728
    endloop
  endfacet
  facet normal 0 1 0
    outer loop
      vertex -9.85184 6.9 103.694
      vertex -9.49885 6.9 107.728
      vertex -9.00152 6.9 107.663
    endloop
  endfacet
  facet normal 0 1 0
    outer loop
      vertex -9.85184 6.9 103.694
      vertex -9.00152 6.9 107.663
      vertex -8.51179 6.9 107.554
    endloop
  endfacet
  facet normal 0 1 0
    outer loop
      vertex -9.85184 6.9 103.694
      vertex -8.51179 6.9 107.554
      vertex -8.03338 6.9 107.403
    endloop
  endfacet
  facet normal 0 1 0
    outer loop
      vertex -9.85184 6.9 103.694
      vertex -8.03338 6.9 107.403
      vertex -7.56995 6.9 107.211
    endloop
  endfacet
  facet normal 0 1 0
    outer loop
      vertex -10 6.9 107.75
      vertex -10 6.9 103.7
      vertex -10.5011 6.9 107.728
    endloop
  endfacet
  facet normal 0 1 0
    outer loop
      vertex -9.85184 6.9 103.694
      vertex -7.56995 6.9 107.211
      vertex -7.125 6.9 106.98
    endloop
  endfacet
  facet normal 0 1 0
    outer loop
      vertex -9.85184 6.9 103.694
      vertex -7.125 6.9 106.98
      vertex -6.70194 6.9 106.71
    endloop
  endfacet
  facet normal 0 1 0
    outer loop
      vertex -9.85184 6.9 103.694
      vertex -6.70194 6.9 106.71
      vertex -6.30397 6.9 106.405
    endloop
  endfacet
  facet normal 0 1 0
    outer loop
      vertex -9.85184 6.9 103.694
      vertex -6.30397 6.9 106.405
      vertex -5.93414 6.9 106.066
    endloop
  endfacet
  facet normal 0 1 0
    outer loop
      vertex -9.85184 6.9 103.694
      vertex -5.93414 6.9 106.066
      vertex -5.59525 6.9 105.696
    endloop
  endfacet
  facet normal 0 1 0
    outer loop
      vertex -9.85184 6.9 103.694
      vertex -5.59525 6.9 105.696
      vertex -5.28988 6.9 105.298
    endloop
  endfacet
  facet normal 0 1 0
    outer loop
      vertex -9.85184 6.9 103.694
      vertex -5.28988 6.9 105.298
      vertex -5.02035 6.9 104.875
    endloop
  endfacet
  facet normal 0 1 0
    outer loop
      vertex -9.85184 6.9 103.694
      vertex -5.02035 6.9 104.875
      vertex -4.78873 6.9 104.43
    endloop
  endfacet
  facet normal 0 1 0
    outer loop
      vertex -8.45928 6.9 102.718
      vertex -4.78873 6.9 104.43
      vertex -4.59677 6.9 103.967
    endloop
  endfacet
  facet normal 0 1 0
    outer loop
      vertex -10.5011 6.9 107.728
      vertex -10 6.9 103.7
      vertex -10.1482 6.9 103.694
    endloop
  endfacet
  facet normal 0 1 0
    outer loop
      vertex -10.5011 6.9 107.728
      vertex -10.1482 6.9 103.694
      vertex -10.2952 6.9 103.674
    endloop
  endfacet
  facet normal 0 1 0
    outer loop
      vertex -10.5011 6.9 107.728
      vertex -10.2952 6.9 103.674
      vertex -10.44 6.9 103.642
    endloop
  endfacet
  facet normal 0 1 0
    outer loop
      vertex -10.5011 6.9 107.728
      vertex -10.44 6.9 103.642
      vertex -10.5814 6.9 103.597
    endloop
  endfacet
  facet normal 0 1 0
    outer loop
      vertex -10.5011 6.9 107.728
      vertex -10.5814 6.9 103.597
      vertex -10.7185 6.9 103.541
    endloop
  endfacet
  facet normal 0 1 0
    outer loop
      vertex -10.5011 6.9 107.728
      vertex -10.7185 6.9 103.541
      vertex -10.85 6.9 103.472
    endloop
  endfacet
  facet normal 0 1 0
    outer loop
      vertex -10.9751 6.9 103.393
      vertex -10.5011 6.9 107.728
      vertex -10.85 6.9 103.472
    endloop
  endfacet
  facet normal 0 1 0
    outer loop
      vertex -11.0927 6.9 103.302
      vertex -10.5011 6.9 107.728
      vertex -10.9751 6.9 103.393
    endloop
  endfacet
  facet normal 0 1 0
    outer loop
      vertex -11.2021 6.9 103.202
      vertex -10.5011 6.9 107.728
      vertex -11.0927 6.9 103.302
    endloop
  endfacet
  facet normal 0 1 0
    outer loop
      vertex -11.3023 6.9 103.093
      vertex -10.5011 6.9 107.728
      vertex -11.2021 6.9 103.202
    endloop
  endfacet
  facet normal 0 1 0
    outer loop
      vertex -11.3926 6.9 102.975
      vertex -10.5011 6.9 107.728
      vertex -11.3023 6.9 103.093
    endloop
  endfacet
  facet normal 0 1 0
    outer loop
      vertex -10.5011 6.9 107.728
      vertex -11.3926 6.9 102.975
      vertex -23 6.9 107
    endloop
  endfacet
  facet normal 0 1 -0
    outer loop
      vertex -11.4722 6.9 102.85
      vertex -23 6.9 107
      vertex -11.3926 6.9 102.975
    endloop
  endfacet
  facet normal 0 1 -0
    outer loop
      vertex -11.5407 6.9 102.718
      vertex -23 6.9 107
      vertex -11.4722 6.9 102.85
    endloop
  endfacet
  facet normal 0 1 -0
    outer loop
      vertex -11.5975 6.9 102.581
      vertex -23 6.9 107
      vertex -11.5407 6.9 102.718
    endloop
  endfacet
  facet normal 0 1 -0
    outer loop
      vertex -11.6421 6.9 102.44
      vertex -23 6.9 107
      vertex -11.5975 6.9 102.581
    endloop
  endfacet
  facet normal 0 1 -0
    outer loop
      vertex -11.6742 6.9 102.295
      vertex -23 6.9 107
      vertex -11.6421 6.9 102.44
    endloop
  endfacet
  facet normal 0 1 -0
    outer loop
      vertex -11.6935 6.9 102.148
      vertex -23 6.9 107
      vertex -11.6742 6.9 102.295
    endloop
  endfacet
  facet normal 0 1 -0
    outer loop
      vertex -11.7 6.9 102
      vertex -23 6.9 107
      vertex -11.6935 6.9 102.148
    endloop
  endfacet
  facet normal 0 1 0
    outer loop
      vertex -23 6.9 97
      vertex -11.7 6.9 102
      vertex -11.6935 6.9 101.852
    endloop
  endfacet
  facet normal 0 1 0
    outer loop
      vertex -23 6.9 97
      vertex -11.6935 6.9 101.852
      vertex -11.6742 6.9 101.705
    endloop
  endfacet
  facet normal 0 1 0
    outer loop
      vertex -23 6.9 97
      vertex -11.6742 6.9 101.705
      vertex -11.6421 6.9 101.56
    endloop
  endfacet
  facet normal 0 1 0
    outer loop
      vertex -23 6.9 97
      vertex -11.6421 6.9 101.56
      vertex -11.5975 6.9 101.419
    endloop
  endfacet
  facet normal 0 1 0
    outer loop
      vertex -23 6.9 97
      vertex -11.5975 6.9 101.419
      vertex -11.5407 6.9 101.282
    endloop
  endfacet
  facet normal 0 1 0
    outer loop
      vertex -23 6.9 97
      vertex -11.5407 6.9 101.282
      vertex -11.4722 6.9 101.15
    endloop
  endfacet
  facet normal 0 1 0
    outer loop
      vertex -23 6.9 97
      vertex -11.4722 6.9 101.15
      vertex -11.3926 6.9 101.025
    endloop
  endfacet
  facet normal 0 1 0
    outer loop
      vertex -10.5011 6.9 96.2719
      vertex -11.3926 6.9 101.025
      vertex -11.3023 6.9 100.907
    endloop
  endfacet
  facet normal 0 1 0
    outer loop
      vertex -10.5011 6.9 96.2719
      vertex -11.3023 6.9 100.907
      vertex -11.2021 6.9 100.798
    endloop
  endfacet
  facet normal 0 1 0
    outer loop
      vertex -10.5011 6.9 96.2719
      vertex -11.2021 6.9 100.798
      vertex -11.0927 6.9 100.698
    endloop
  endfacet
  facet normal 0 1 0
    outer loop
      vertex -10.5011 6.9 96.2719
      vertex -11.0927 6.9 100.698
      vertex -10.9751 6.9 100.607
    endloop
  endfacet
  facet normal 0 1 0
    outer loop
      vertex -10.5011 6.9 96.2719
      vertex -10.9751 6.9 100.607
      vertex -10.85 6.9 100.528
    endloop
  endfacet
  facet normal 0 1 0
    outer loop
      vertex -9.02492 6.9 100.607
      vertex -6.70194 6.9 97.2899
      vertex -9.15 6.9 100.528
    endloop
  endfacet
  facet normal 0 1 -0
    outer loop
      vertex -7.125 6.9 97.0204
      vertex -9.15 6.9 100.528
      vertex -6.70194 6.9 97.2899
    endloop
  endfacet
  facet normal 0 1 0
    outer loop
      vertex -9.15 6.9 100.528
      vertex -7.125 6.9 97.0204
      vertex -9.28155 6.9 100.459
    endloop
  endfacet
  facet normal 0 1 -0
    outer loop
      vertex -7.56995 6.9 96.7887
      vertex -9.28155 6.9 100.459
      vertex -7.125 6.9 97.0204
    endloop
  endfacet
  facet normal 0 1 0
    outer loop
      vertex -9.28155 6.9 100.459
      vertex -7.56995 6.9 96.7887
      vertex -9.41857 6.9 100.403
    endloop
  endfacet
  facet normal 0 1 -0
    outer loop
      vertex -8.03338 6.9 96.5968
      vertex -9.41857 6.9 100.403
      vertex -7.56995 6.9 96.7887
    endloop
  endfacet
  facet normal 0 1 0
    outer loop
      vertex -9.41857 6.9 100.403
      vertex -8.03338 6.9 96.5968
      vertex -9.56001 6.9 100.358
    endloop
  endfacet
  facet normal 0 1 -0
    outer loop
      vertex -8.51179 6.9 96.4459
      vertex -9.56001 6.9 100.358
      vertex -8.03338 6.9 96.5968
    endloop
  endfacet
  facet normal 0 1 0
    outer loop
      vertex -9.56001 6.9 100.358
      vertex -8.51179 6.9 96.4459
      vertex -9.7048 6.9 100.326
    endloop
  endfacet
  facet normal 0 1 -0
    outer loop
      vertex -9.00152 6.9 96.3374
      vertex -9.7048 6.9 100.326
      vertex -8.51179 6.9 96.4459
    endloop
  endfacet
  facet normal 0 1 0
    outer loop
      vertex -9.7048 6.9 100.326
      vertex -9.00152 6.9 96.3374
      vertex -9.85184 6.9 100.306
    endloop
  endfacet
  facet normal 0 1 -0
    outer loop
      vertex -9.49885 6.9 96.2719
      vertex -9.85184 6.9 100.306
      vertex -9.00152 6.9 96.3374
    endloop
  endfacet
  facet normal 0 1 0
    outer loop
      vertex -9.85184 6.9 100.306
      vertex -9.49885 6.9 96.2719
      vertex -10 6.9 100.3
    endloop
  endfacet
  facet normal 0 1 0
    outer loop
      vertex -10 6.9 96.25
      vertex -10 6.9 100.3
      vertex -9.49885 6.9 96.2719
    endloop
  endfacet
  facet normal 0 1 0
    outer loop
      vertex -10 6.9 100.3
      vertex -10 6.9 96.25
      vertex -10.1482 6.9 100.306
    endloop
  endfacet
  facet normal 0 1 0
    outer loop
      vertex -11.3926 6.9 101.025
      vertex -10.5011 6.9 96.2719
      vertex -23 6.9 97
    endloop
  endfacet
  facet normal -0 1 0
    outer loop
      vertex -10.5011 6.9 96.2719
      vertex -10.1482 6.9 100.306
      vertex -10 6.9 96.25
    endloop
  endfacet
  facet normal 0 1 0
    outer loop
      vertex -10.1482 6.9 100.306
      vertex -10.5011 6.9 96.2719
      vertex -10.2952 6.9 100.326
    endloop
  endfacet
  facet normal 0 1 0
    outer loop
      vertex -10.2952 6.9 100.326
      vertex -10.5011 6.9 96.2719
      vertex -10.44 6.9 100.358
    endloop
  endfacet
  facet normal 0 1 0
    outer loop
      vertex -10.44 6.9 100.358
      vertex -10.5011 6.9 96.2719
      vertex -10.5814 6.9 100.403
    endloop
  endfacet
  facet normal 0 1 0
    outer loop
      vertex -10.5814 6.9 100.403
      vertex -10.5011 6.9 96.2719
      vertex -10.7185 6.9 100.459
    endloop
  endfacet
  facet normal 0 1 0
    outer loop
      vertex -11.7 6.9 102
      vertex -23 6.9 97
      vertex -23 6.9 107
    endloop
  endfacet
  facet normal 0 1 0
    outer loop
      vertex -10.7185 6.9 100.459
      vertex -10.5011 6.9 96.2719
      vertex -10.85 6.9 100.528
    endloop
  endfacet
  facet normal 0.382583 0 -0.923921
    outer loop
      vertex -8.03338 3.9 96.5968
      vertex -7.56995 6.9 96.7887
      vertex -7.56995 3.9 96.7887
    endloop
  endfacet
  facet normal 0.382583 0 -0.923921
    outer loop
      vertex -7.56995 6.9 96.7887
      vertex -8.03338 3.9 96.5968
      vertex -8.03338 6.9 96.5968
    endloop
  endfacet
  facet normal 0.999048 0 -0.0436311
    outer loop
      vertex -4.25 3.9 102
      vertex -4.27188 6.9 101.499
      vertex -4.25 6.9 102
    endloop
  endfacet
  facet normal 0.999048 0 -0.0436311
    outer loop
      vertex -4.27188 6.9 101.499
      vertex -4.25 3.9 102
      vertex -4.27188 3.9 101.499
    endloop
  endfacet
  facet normal 0.923753 -0 0.382988
    outer loop
      vertex -4.78873 3.9 104.43
      vertex -4.59677 6.9 103.967
      vertex -4.78873 6.9 104.43
    endloop
  endfacet
  facet normal 0.923753 0 0.382988
    outer loop
      vertex -4.59677 6.9 103.967
      vertex -4.78873 3.9 104.43
      vertex -4.59677 3.9 103.967
    endloop
  endfacet
  facet normal 0.737338 0 -0.675524
    outer loop
      vertex -5.59525 3.9 98.304
      vertex -5.93414 6.9 97.9341
      vertex -5.59525 6.9 98.304
    endloop
  endfacet
  facet normal 0.737338 0 -0.675524
    outer loop
      vertex -5.93414 6.9 97.9341
      vertex -5.59525 3.9 98.304
      vertex -5.93414 3.9 97.9341
    endloop
  endfacet
  facet normal 0.300992 0 0.953627
    outer loop
      vertex -8.51179 6.9 107.554
      vertex -8.03338 3.9 107.403
      vertex -8.03338 6.9 107.403
    endloop
  endfacet
  facet normal 0.300992 0 0.953627
    outer loop
      vertex -8.03338 3.9 107.403
      vertex -8.51179 6.9 107.554
      vertex -8.51179 3.9 107.554
    endloop
  endfacet
  facet normal -0.0581466 0 0.998308
    outer loop
      vertex -23 6.9 107
      vertex -10.5011 3.9 107.728
      vertex -10.5011 6.9 107.728
    endloop
  endfacet
  facet normal -0.0581466 0 0.998308
    outer loop
      vertex -10.5011 3.9 107.728
      vertex -23 6.9 107
      vertex -23 3.9 107
    endloop
  endfacet
  facet normal -0.0438612 0 0.999038
    outer loop
      vertex -10.5011 6.9 107.728
      vertex -10 3.9 107.75
      vertex -10 6.9 107.75
    endloop
  endfacet
  facet normal -0.0438612 0 0.999038
    outer loop
      vertex -10 3.9 107.75
      vertex -10.5011 6.9 107.728
      vertex -10.5011 3.9 107.728
    endloop
  endfacet
  facet normal 0.843404 0 -0.537279
    outer loop
      vertex -5.02035 3.9 99.125
      vertex -5.28988 6.9 98.7019
      vertex -5.02035 6.9 99.125
    endloop
  endfacet
  facet normal 0.843404 0 -0.537279
    outer loop
      vertex -5.28988 6.9 98.7019
      vertex -5.02035 3.9 99.125
      vertex -5.28988 3.9 98.7019
    endloop
  endfacet
  facet normal 0.130576 0 -0.991438
    outer loop
      vertex -9.49885 3.9 96.2719
      vertex -9.00152 6.9 96.3374
      vertex -9.00152 3.9 96.3374
    endloop
  endfacet
  facet normal 0.130576 0 -0.991438
    outer loop
      vertex -9.00152 6.9 96.3374
      vertex -9.49885 3.9 96.2719
      vertex -9.49885 6.9 96.2719
    endloop
  endfacet
  facet normal 0.953824 0 -0.300365
    outer loop
      vertex -4.44593 3.9 100.512
      vertex -4.59677 6.9 100.033
      vertex -4.44593 6.9 100.512
    endloop
  endfacet
  facet normal 0.953824 0 -0.300365
    outer loop
      vertex -4.59677 6.9 100.033
      vertex -4.44593 3.9 100.512
      vertex -4.59677 3.9 100.033
    endloop
  endfacet
  facet normal 0.886995 0 -0.46178
    outer loop
      vertex -4.78873 3.9 99.5699
      vertex -5.02035 6.9 99.125
      vertex -4.78873 6.9 99.5699
    endloop
  endfacet
  facet normal 0.886995 0 -0.46178
    outer loop
      vertex -5.02035 6.9 99.125
      vertex -4.78873 3.9 99.5699
      vertex -5.02035 3.9 99.125
    endloop
  endfacet
  facet normal 0.129596 0 0.991567
    outer loop
      vertex -9.49885 6.9 107.728
      vertex -9.00152 3.9 107.663
      vertex -9.00152 6.9 107.663
    endloop
  endfacet
  facet normal 0.129596 0 0.991567
    outer loop
      vertex -9.00152 3.9 107.663
      vertex -9.49885 6.9 107.728
      vertex -9.49885 3.9 107.728
    endloop
  endfacet
  facet normal 0.737429 -0 0.675425
    outer loop
      vertex -5.93414 3.9 106.066
      vertex -5.59525 6.9 105.696
      vertex -5.93414 6.9 106.066
    endloop
  endfacet
  facet normal 0.737429 0 0.675425
    outer loop
      vertex -5.59525 6.9 105.696
      vertex -5.93414 3.9 106.066
      vertex -5.59525 3.9 105.696
    endloop
  endfacet
  facet normal 0.675605 0 -0.737264
    outer loop
      vertex -6.30397 3.9 97.5952
      vertex -5.93414 6.9 97.9341
      vertex -5.93414 3.9 97.9341
    endloop
  endfacet
  facet normal 0.675605 0 -0.737264
    outer loop
      vertex -5.93414 6.9 97.9341
      vertex -6.30397 3.9 97.5952
      vertex -6.30397 6.9 97.5952
    endloop
  endfacet
  facet normal 0.460765 0 0.887522
    outer loop
      vertex -7.56995 6.9 107.211
      vertex -7.125 3.9 106.98
      vertex -7.125 6.9 106.98
    endloop
  endfacet
  facet normal 0.460765 0 0.887522
    outer loop
      vertex -7.125 3.9 106.98
      vertex -7.56995 6.9 107.211
      vertex -7.56995 3.9 107.211
    endloop
  endfacet
  facet normal 0.537981 0 0.842957
    outer loop
      vertex -7.125 6.9 106.98
      vertex -6.70194 3.9 106.71
      vertex -6.70194 6.9 106.71
    endloop
  endfacet
  facet normal 0.537981 0 0.842957
    outer loop
      vertex -6.70194 3.9 106.71
      vertex -7.125 6.9 106.98
      vertex -7.125 3.9 106.98
    endloop
  endfacet
  facet normal 0.675713 0 0.737165
    outer loop
      vertex -6.30397 6.9 106.405
      vertex -5.93414 3.9 106.066
      vertex -5.93414 6.9 106.066
    endloop
  endfacet
  facet normal 0.675713 0 0.737165
    outer loop
      vertex -5.93414 3.9 106.066
      vertex -6.30397 6.9 106.405
      vertex -6.30397 3.9 106.405
    endloop
  endfacet
  facet normal 0.923782 0 -0.382918
    outer loop
      vertex -4.59677 3.9 100.033
      vertex -4.78873 6.9 99.5699
      vertex -4.59677 6.9 100.033
    endloop
  endfacet
  facet normal 0.923782 0 -0.382918
    outer loop
      vertex -4.78873 6.9 99.5699
      vertex -4.59677 3.9 100.033
      vertex -4.78873 3.9 99.5699
    endloop
  endfacet
  facet normal 0.216306 0 -0.976326
    outer loop
      vertex -9.00152 3.9 96.3374
      vertex -8.51179 6.9 96.4459
      vertex -8.51179 3.9 96.4459
    endloop
  endfacet
  facet normal 0.216306 0 -0.976326
    outer loop
      vertex -8.51179 6.9 96.4459
      vertex -9.00152 3.9 96.3374
      vertex -9.00152 6.9 96.3374
    endloop
  endfacet
  facet normal -0.0436622 0 -0.999046
    outer loop
      vertex -10.5011 3.9 96.2719
      vertex -10 6.9 96.25
      vertex -10 3.9 96.25
    endloop
  endfacet
  facet normal -0.0436622 0 -0.999046
    outer loop
      vertex -10 6.9 96.25
      vertex -10.5011 3.9 96.2719
      vertex -10.5011 6.9 96.2719
    endloop
  endfacet
  facet normal 0.300811 0 -0.953684
    outer loop
      vertex -8.51179 3.9 96.4459
      vertex -8.03338 6.9 96.5968
      vertex -8.03338 3.9 96.5968
    endloop
  endfacet
  facet normal 0.300811 0 -0.953684
    outer loop
      vertex -8.03338 6.9 96.5968
      vertex -8.51179 3.9 96.4459
      vertex -8.51179 6.9 96.4459
    endloop
  endfacet
  facet normal 0 -1 0
    outer loop
      vertex -10 3.9 103.7
      vertex -10 3.9 107.75
      vertex -10.5011 3.9 107.728
    endloop
  endfacet
  facet normal 0 -1 0
    outer loop
      vertex -10 3.9 107.75
      vertex -10 3.9 103.7
      vertex -9.49885 3.9 107.728
    endloop
  endfacet
  facet normal 0 -1 -0
    outer loop
      vertex -9.49885 3.9 107.728
      vertex -9.85184 3.9 103.694
      vertex -9.00152 3.9 107.663
    endloop
  endfacet
  facet normal 0 -1 0
    outer loop
      vertex -9.7048 3.9 103.674
      vertex -9.00152 3.9 107.663
      vertex -9.85184 3.9 103.694
    endloop
  endfacet
  facet normal 0 -1 0
    outer loop
      vertex -9.56001 3.9 103.642
      vertex -8.51179 3.9 107.554
      vertex -9.7048 3.9 103.674
    endloop
  endfacet
  facet normal 0 -1 0
    outer loop
      vertex -14.5 3.9 102.1
      vertex -10.5011 3.9 107.728
      vertex -23 3.9 107
    endloop
  endfacet
  facet normal -0 -1 0
    outer loop
      vertex -10.7185 3.9 103.541
      vertex -10.5011 3.9 107.728
      vertex -10.85 3.9 103.472
    endloop
  endfacet
  facet normal -0 -1 0
    outer loop
      vertex -10.44 3.9 103.642
      vertex -10.5011 3.9 107.728
      vertex -10.5814 3.9 103.597
    endloop
  endfacet
  facet normal -0 -1 0
    outer loop
      vertex -10.2952 3.9 103.674
      vertex -10.5011 3.9 107.728
      vertex -10.44 3.9 103.642
    endloop
  endfacet
  facet normal -0 -1 0
    outer loop
      vertex -10 3.9 103.7
      vertex -10.5011 3.9 107.728
      vertex -10.1482 3.9 103.694
    endloop
  endfacet
  facet normal 0 -1 -0
    outer loop
      vertex -9.00152 3.9 107.663
      vertex -9.7048 3.9 103.674
      vertex -8.51179 3.9 107.554
    endloop
  endfacet
  facet normal 0 -1 0
    outer loop
      vertex -9.41857 3.9 103.597
      vertex -8.03338 3.9 107.403
      vertex -9.56001 3.9 103.642
    endloop
  endfacet
  facet normal 0 -1 -0
    outer loop
      vertex -8.03338 3.9 107.403
      vertex -9.41857 3.9 103.597
      vertex -7.56995 3.9 107.211
    endloop
  endfacet
  facet normal 0 -1 -0
    outer loop
      vertex -7.56995 3.9 107.211
      vertex -9.28155 3.9 103.541
      vertex -7.125 3.9 106.98
    endloop
  endfacet
  facet normal 0 -1 -0
    outer loop
      vertex -7.125 3.9 106.98
      vertex -9.15 3.9 103.472
      vertex -6.70194 3.9 106.71
    endloop
  endfacet
  facet normal 0 -1 0
    outer loop
      vertex -9.02492 3.9 103.393
      vertex -6.70194 3.9 106.71
      vertex -9.15 3.9 103.472
    endloop
  endfacet
  facet normal 0 -1 0
    outer loop
      vertex -9.15 3.9 103.472
      vertex -7.125 3.9 106.98
      vertex -9.28155 3.9 103.541
    endloop
  endfacet
  facet normal 0 -1 0
    outer loop
      vertex -9.28155 3.9 103.541
      vertex -7.56995 3.9 107.211
      vertex -9.41857 3.9 103.597
    endloop
  endfacet
  facet normal 0 -1 -0
    outer loop
      vertex -8.51179 3.9 107.554
      vertex -9.56001 3.9 103.642
      vertex -8.03338 3.9 107.403
    endloop
  endfacet
  facet normal 0 -1 0
    outer loop
      vertex -9.49885 3.9 107.728
      vertex -10 3.9 103.7
      vertex -9.85184 3.9 103.694
    endloop
  endfacet
  facet normal -0 -1 0
    outer loop
      vertex -10.1482 3.9 103.694
      vertex -10.5011 3.9 107.728
      vertex -10.2952 3.9 103.674
    endloop
  endfacet
  facet normal -0 -1 0
    outer loop
      vertex -10.5814 3.9 103.597
      vertex -10.5011 3.9 107.728
      vertex -10.7185 3.9 103.541
    endloop
  endfacet
  facet normal 0 -1 0
    outer loop
      vertex -10.5011 3.9 107.728
      vertex -10.9751 3.9 103.393
      vertex -10.85 3.9 103.472
    endloop
  endfacet
  facet normal -0 -1 0
    outer loop
      vertex -11.2021 3.9 103.202
      vertex -10.5011 3.9 107.728
      vertex -14.5 3.9 102.1
    endloop
  endfacet
  facet normal 0 -1 0
    outer loop
      vertex -10.5011 3.9 107.728
      vertex -11.0927 3.9 103.302
      vertex -10.9751 3.9 103.393
    endloop
  endfacet
  facet normal 0 -1 0
    outer loop
      vertex -10.5011 3.9 107.728
      vertex -11.2021 3.9 103.202
      vertex -11.0927 3.9 103.302
    endloop
  endfacet
  facet normal 0 -1 0
    outer loop
      vertex -11.2021 3.9 103.202
      vertex -14.5 3.9 102.1
      vertex -11.3023 3.9 103.093
    endloop
  endfacet
  facet normal 0 -1 0
    outer loop
      vertex -11.3023 3.9 103.093
      vertex -14.5 3.9 102.1
      vertex -11.3926 3.9 102.975
    endloop
  endfacet
  facet normal 0 -1 0
    outer loop
      vertex -11.3926 3.9 102.975
      vertex -14.5 3.9 102.1
      vertex -11.4722 3.9 102.85
    endloop
  endfacet
  facet normal 0 -1 0
    outer loop
      vertex -11.4722 3.9 102.85
      vertex -14.5 3.9 102.1
      vertex -11.5407 3.9 102.718
    endloop
  endfacet
  facet normal 0 -1 0
    outer loop
      vertex -11.5407 3.9 102.718
      vertex -14.5 3.9 102.1
      vertex -11.5975 3.9 102.581
    endloop
  endfacet
  facet normal 0 -1 0
    outer loop
      vertex -11.5975 3.9 102.581
      vertex -14.5 3.9 102.1
      vertex -11.6421 3.9 102.44
    endloop
  endfacet
  facet normal 0 -1 0
    outer loop
      vertex -11.6421 3.9 102.44
      vertex -14.5 3.9 102.1
      vertex -11.6742 3.9 102.295
    endloop
  endfacet
  facet normal 0 -1 0
    outer loop
      vertex -14.5 3.9 102.1
      vertex -23 3.9 107
      vertex -23 3.9 102.1
    endloop
  endfacet
  facet normal 0 -1 0
    outer loop
      vertex -11.6742 3.9 102.295
      vertex -14.5 3.9 102.1
      vertex -11.6935 3.9 102.148
    endloop
  endfacet
  facet normal 0 -1 0
    outer loop
      vertex -14.5 3.9 102.1
      vertex -11.7 3.9 102
      vertex -11.6935 3.9 102.148
    endloop
  endfacet
  facet normal 0 -1 0
    outer loop
      vertex -14.5 3.9 101.9
      vertex -11.7 3.9 102
      vertex -14.5 3.9 102.1
    endloop
  endfacet
  facet normal 0 -1 0
    outer loop
      vertex -14.5 3.9 101.9
      vertex -11.6935 3.9 101.852
      vertex -11.7 3.9 102
    endloop
  endfacet
  facet normal 0 -1 0
    outer loop
      vertex -14.5 3.9 101.9
      vertex -11.6742 3.9 101.705
      vertex -11.6935 3.9 101.852
    endloop
  endfacet
  facet normal 0 -1 0
    outer loop
      vertex -14.5 3.9 101.9
      vertex -11.6421 3.9 101.56
      vertex -11.6742 3.9 101.705
    endloop
  endfacet
  facet normal 0 -1 0
    outer loop
      vertex -14.5 3.9 101.9
      vertex -11.5975 3.9 101.419
      vertex -11.6421 3.9 101.56
    endloop
  endfacet
  facet normal 0 -1 0
    outer loop
      vertex -14.5 3.9 101.9
      vertex -11.5407 3.9 101.282
      vertex -11.5975 3.9 101.419
    endloop
  endfacet
  facet normal 0 -1 0
    outer loop
      vertex -14.5 3.9 101.9
      vertex -11.4722 3.9 101.15
      vertex -11.5407 3.9 101.282
    endloop
  endfacet
  facet normal 0 -1 0
    outer loop
      vertex -14.5 3.9 101.9
      vertex -11.3926 3.9 101.025
      vertex -11.4722 3.9 101.15
    endloop
  endfacet
  facet normal 0 -1 0
    outer loop
      vertex -14.5 3.9 101.9
      vertex -11.3023 3.9 100.907
      vertex -11.3926 3.9 101.025
    endloop
  endfacet
  facet normal 0 -1 0
    outer loop
      vertex -14.5 3.9 101.9
      vertex -11.2021 3.9 100.798
      vertex -11.3023 3.9 100.907
    endloop
  endfacet
  facet normal 0 -1 0
    outer loop
      vertex -17.3522 3.9 96.671
      vertex -11.2021 3.9 100.798
      vertex -14.5 3.9 101.9
    endloop
  endfacet
  facet normal 0 -1 0
    outer loop
      vertex -10.5011 3.9 96.2719
      vertex -11.2021 3.9 100.798
      vertex -17.3522 3.9 96.671
    endloop
  endfacet
  facet normal 0 -1 0
    outer loop
      vertex -11.2021 3.9 100.798
      vertex -10.5011 3.9 96.2719
      vertex -11.0927 3.9 100.698
    endloop
  endfacet
  facet normal 0 -1 0
    outer loop
      vertex -10.9751 3.9 100.607
      vertex -10.5011 3.9 96.2719
      vertex -10.85 3.9 100.528
    endloop
  endfacet
  facet normal 0 -1 0
    outer loop
      vertex -10.85 3.9 100.528
      vertex -10.5011 3.9 96.2719
      vertex -10.7185 3.9 100.459
    endloop
  endfacet
  facet normal 0 -1 0
    outer loop
      vertex -10 3.9 96.25
      vertex -10 3.9 100.3
      vertex -10.1482 3.9 100.306
    endloop
  endfacet
  facet normal 0 -1 0
    outer loop
      vertex -10 3.9 100.3
      vertex -4.78873 3.9 99.5699
      vertex -4.59677 3.9 100.033
    endloop
  endfacet
  facet normal 0 -1 0
    outer loop
      vertex -10.5011 3.9 96.2719
      vertex -10.1482 3.9 100.306
      vertex -10.2952 3.9 100.326
    endloop
  endfacet
  facet normal 0 -1 0
    outer loop
      vertex -10 3.9 100.3
      vertex -5.02035 3.9 99.125
      vertex -4.78873 3.9 99.5699
    endloop
  endfacet
  facet normal 0 -1 0
    outer loop
      vertex -10.5011 3.9 96.2719
      vertex -10.2952 3.9 100.326
      vertex -10.44 3.9 100.358
    endloop
  endfacet
  facet normal 0 -1 0
    outer loop
      vertex -10 3.9 100.3
      vertex -5.28988 3.9 98.7019
      vertex -5.02035 3.9 99.125
    endloop
  endfacet
  facet normal 0 -1 0
    outer loop
      vertex -10.5011 3.9 96.2719
      vertex -10.44 3.9 100.358
      vertex -10.5814 3.9 100.403
    endloop
  endfacet
  facet normal 0 -1 0
    outer loop
      vertex -10 3.9 100.3
      vertex -5.59525 3.9 98.304
      vertex -5.28988 3.9 98.7019
    endloop
  endfacet
  facet normal 0 -1 0
    outer loop
      vertex -10.7185 3.9 100.459
      vertex -10.5011 3.9 96.2719
      vertex -10.5814 3.9 100.403
    endloop
  endfacet
  facet normal 0 -1 0
    outer loop
      vertex -10 3.9 100.3
      vertex -5.93414 3.9 97.9341
      vertex -5.59525 3.9 98.304
    endloop
  endfacet
  facet normal 0 -1 0
    outer loop
      vertex -10 3.9 100.3
      vertex -6.30397 3.9 97.5952
      vertex -5.93414 3.9 97.9341
    endloop
  endfacet
  facet normal 0 -1 0
    outer loop
      vertex -10 3.9 100.3
      vertex -6.70194 3.9 97.2899
      vertex -6.30397 3.9 97.5952
    endloop
  endfacet
  facet normal 0 -1 0
    outer loop
      vertex -10 3.9 100.3
      vertex -7.125 3.9 97.0204
      vertex -6.70194 3.9 97.2899
    endloop
  endfacet
  facet normal 0 -1 0
    outer loop
      vertex -10 3.9 100.3
      vertex -7.56995 3.9 96.7887
      vertex -7.125 3.9 97.0204
    endloop
  endfacet
  facet normal 0 -1 0
    outer loop
      vertex -11.0927 3.9 100.698
      vertex -10.5011 3.9 96.2719
      vertex -10.9751 3.9 100.607
    endloop
  endfacet
  facet normal 0 -1 -0
    outer loop
      vertex -10.1482 3.9 100.306
      vertex -10.5011 3.9 96.2719
      vertex -10 3.9 96.25
    endloop
  endfacet
  facet normal 0 -1 0
    outer loop
      vertex -10 3.9 100.3
      vertex -8.03338 3.9 96.5968
      vertex -7.56995 3.9 96.7887
    endloop
  endfacet
  facet normal 0 -1 0
    outer loop
      vertex -10 3.9 100.3
      vertex -8.51179 3.9 96.4459
      vertex -8.03338 3.9 96.5968
    endloop
  endfacet
  facet normal 0 -1 0
    outer loop
      vertex -10 3.9 100.3
      vertex -9.00152 3.9 96.3374
      vertex -8.51179 3.9 96.4459
    endloop
  endfacet
  facet normal 0 -1 0
    outer loop
      vertex -10 3.9 100.3
      vertex -9.49885 3.9 96.2719
      vertex -9.00152 3.9 96.3374
    endloop
  endfacet
  facet normal 0 -1 0
    outer loop
      vertex -10 3.9 100.3
      vertex -10 3.9 96.25
      vertex -9.49885 3.9 96.2719
    endloop
  endfacet
  facet normal 0 -1 -0
    outer loop
      vertex -6.70194 3.9 106.71
      vertex -9.02492 3.9 103.393
      vertex -6.30397 3.9 106.405
    endloop
  endfacet
  facet normal 0 -1 0
    outer loop
      vertex -8.90726 3.9 103.302
      vertex -6.30397 3.9 106.405
      vertex -9.02492 3.9 103.393
    endloop
  endfacet
  facet normal 0 -1 -0
    outer loop
      vertex -6.30397 3.9 106.405
      vertex -8.90726 3.9 103.302
      vertex -5.93414 3.9 106.066
    endloop
  endfacet
  facet normal 0 -1 0
    outer loop
      vertex -8.79792 3.9 103.202
      vertex -5.93414 3.9 106.066
      vertex -8.90726 3.9 103.302
    endloop
  endfacet
  facet normal 0 -1 -0
    outer loop
      vertex -5.93414 3.9 106.066
      vertex -8.79792 3.9 103.202
      vertex -5.59525 3.9 105.696
    endloop
  endfacet
  facet normal 0 -1 0
    outer loop
      vertex -8.69773 3.9 103.093
      vertex -5.59525 3.9 105.696
      vertex -8.79792 3.9 103.202
    endloop
  endfacet
  facet normal 0 -1 -0
    outer loop
      vertex -5.59525 3.9 105.696
      vertex -8.69773 3.9 103.093
      vertex -5.28988 3.9 105.298
    endloop
  endfacet
  facet normal 0 -1 0
    outer loop
      vertex -8.60744 3.9 102.975
      vertex -5.28988 3.9 105.298
      vertex -8.69773 3.9 103.093
    endloop
  endfacet
  facet normal 0 -1 -0
    outer loop
      vertex -5.28988 3.9 105.298
      vertex -8.60744 3.9 102.975
      vertex -5.02035 3.9 104.875
    endloop
  endfacet
  facet normal 0 -1 0
    outer loop
      vertex -8.52776 3.9 102.85
      vertex -5.02035 3.9 104.875
      vertex -8.60744 3.9 102.975
    endloop
  endfacet
  facet normal 0 -1 -0
    outer loop
      vertex -5.02035 3.9 104.875
      vertex -8.52776 3.9 102.85
      vertex -4.78873 3.9 104.43
    endloop
  endfacet
  facet normal 0 -1 0
    outer loop
      vertex -8.45928 3.9 102.718
      vertex -4.78873 3.9 104.43
      vertex -8.52776 3.9 102.85
    endloop
  endfacet
  facet normal 0 -1 -0
    outer loop
      vertex -4.78873 3.9 104.43
      vertex -8.45928 3.9 102.718
      vertex -4.59677 3.9 103.967
    endloop
  endfacet
  facet normal 0 -1 0
    outer loop
      vertex -8.40252 3.9 102.581
      vertex -4.59677 3.9 103.967
      vertex -8.45928 3.9 102.718
    endloop
  endfacet
  facet normal 0 -1 -0
    outer loop
      vertex -4.59677 3.9 103.967
      vertex -8.40252 3.9 102.581
      vertex -4.44593 3.9 103.488
    endloop
  endfacet
  facet normal 0 -1 0
    outer loop
      vertex -8.35793 3.9 102.44
      vertex -4.44593 3.9 103.488
      vertex -8.40252 3.9 102.581
    endloop
  endfacet
  facet normal 0 -1 -0
    outer loop
      vertex -4.44593 3.9 103.488
      vertex -8.35793 3.9 102.44
      vertex -4.33736 3.9 102.998
    endloop
  endfacet
  facet normal 0 -1 0
    outer loop
      vertex -8.32583 3.9 102.295
      vertex -4.33736 3.9 102.998
      vertex -8.35793 3.9 102.44
    endloop
  endfacet
  facet normal 0 -1 -0
    outer loop
      vertex -4.33736 3.9 102.998
      vertex -8.32583 3.9 102.295
      vertex -4.27188 3.9 102.501
    endloop
  endfacet
  facet normal 0 -1 0
    outer loop
      vertex -8.30647 3.9 102.148
      vertex -4.27188 3.9 102.501
      vertex -8.32583 3.9 102.295
    endloop
  endfacet
  facet normal 0 -1 0
    outer loop
      vertex -8.3 3.9 102
      vertex -4.27188 3.9 102.501
      vertex -8.30647 3.9 102.148
    endloop
  endfacet
  facet normal 0 -1 0
    outer loop
      vertex -8.3 3.9 102
      vertex -4.25 3.9 102
      vertex -4.27188 3.9 102.501
    endloop
  endfacet
  facet normal 0 -1 0
    outer loop
      vertex -8.30647 3.9 101.852
      vertex -4.25 3.9 102
      vertex -8.3 3.9 102
    endloop
  endfacet
  facet normal 0 -1 0
    outer loop
      vertex -4.27188 3.9 101.499
      vertex -8.30647 3.9 101.852
      vertex -8.32583 3.9 101.705
    endloop
  endfacet
  facet normal 0 -1 0
    outer loop
      vertex -4.33736 3.9 101.002
      vertex -8.32583 3.9 101.705
      vertex -8.35793 3.9 101.56
    endloop
  endfacet
  facet normal 0 -1 0
    outer loop
      vertex -8.30647 3.9 101.852
      vertex -4.27188 3.9 101.499
      vertex -4.25 3.9 102
    endloop
  endfacet
  facet normal 0 -1 0
    outer loop
      vertex -4.44593 3.9 100.512
      vertex -8.35793 3.9 101.56
      vertex -8.40252 3.9 101.419
    endloop
  endfacet
  facet normal 0 -1 0
    outer loop
      vertex -4.59677 3.9 100.033
      vertex -8.40252 3.9 101.419
      vertex -8.45928 3.9 101.282
    endloop
  endfacet
  facet normal 0 -1 0
    outer loop
      vertex -4.59677 3.9 100.033
      vertex -8.45928 3.9 101.282
      vertex -8.52776 3.9 101.15
    endloop
  endfacet
  facet normal 0 -1 0
    outer loop
      vertex -4.59677 3.9 100.033
      vertex -8.52776 3.9 101.15
      vertex -8.60744 3.9 101.025
    endloop
  endfacet
  facet normal 0 -1 0
    outer loop
      vertex -8.32583 3.9 101.705
      vertex -4.33736 3.9 101.002
      vertex -4.27188 3.9 101.499
    endloop
  endfacet
  facet normal 0 -1 0
    outer loop
      vertex -4.59677 3.9 100.033
      vertex -8.60744 3.9 101.025
      vertex -8.69773 3.9 100.907
    endloop
  endfacet
  facet normal 0 -1 0
    outer loop
      vertex -4.59677 3.9 100.033
      vertex -8.69773 3.9 100.907
      vertex -8.79792 3.9 100.798
    endloop
  endfacet
  facet normal 0 -1 0
    outer loop
      vertex -4.59677 3.9 100.033
      vertex -8.79792 3.9 100.798
      vertex -8.90726 3.9 100.698
    endloop
  endfacet
  facet normal 0 -1 0
    outer loop
      vertex -4.59677 3.9 100.033
      vertex -8.90726 3.9 100.698
      vertex -9.02492 3.9 100.607
    endloop
  endfacet
  facet normal 0 -1 0
    outer loop
      vertex -4.59677 3.9 100.033
      vertex -9.02492 3.9 100.607
      vertex -9.15 3.9 100.528
    endloop
  endfacet
  facet normal 0 -1 0
    outer loop
      vertex -8.35793 3.9 101.56
      vertex -4.44593 3.9 100.512
      vertex -4.33736 3.9 101.002
    endloop
  endfacet
  facet normal 0 -1 0
    outer loop
      vertex -4.59677 3.9 100.033
      vertex -9.15 3.9 100.528
      vertex -9.28155 3.9 100.459
    endloop
  endfacet
  facet normal 0 -1 0
    outer loop
      vertex -4.59677 3.9 100.033
      vertex -9.28155 3.9 100.459
      vertex -9.41857 3.9 100.403
    endloop
  endfacet
  facet normal 0 -1 0
    outer loop
      vertex -4.59677 3.9 100.033
      vertex -9.41857 3.9 100.403
      vertex -9.56001 3.9 100.358
    endloop
  endfacet
  facet normal 0 -1 0
    outer loop
      vertex -4.59677 3.9 100.033
      vertex -9.56001 3.9 100.358
      vertex -9.7048 3.9 100.326
    endloop
  endfacet
  facet normal 0 -1 0
    outer loop
      vertex -4.59677 3.9 100.033
      vertex -9.7048 3.9 100.326
      vertex -9.85184 3.9 100.306
    endloop
  endfacet
  facet normal 0 -1 0
    outer loop
      vertex -4.59677 3.9 100.033
      vertex -9.85184 3.9 100.306
      vertex -10 3.9 100.3
    endloop
  endfacet
  facet normal 0 -1 0
    outer loop
      vertex -8.40252 3.9 101.419
      vertex -4.59677 3.9 100.033
      vertex -4.44593 3.9 100.512
    endloop
  endfacet
  facet normal 0.0436578 0 -0.999047
    outer loop
      vertex -10 3.9 96.25
      vertex -9.49885 6.9 96.2719
      vertex -9.49885 3.9 96.2719
    endloop
  endfacet
  facet normal 0.0436578 0 -0.999047
    outer loop
      vertex -9.49885 6.9 96.2719
      vertex -10 3.9 96.25
      vertex -10 6.9 96.25
    endloop
  endfacet
  facet normal -0.991439 0 -0.130573
    outer loop
      vertex -8.30647 -6.9 102.148
      vertex -8.32583 -3.9 102.295
      vertex -8.30647 -3.9 102.148
    endloop
  endfacet
  facet normal -0.991439 -0 -0.130573
    outer loop
      vertex -8.32583 -3.9 102.295
      vertex -8.30647 -6.9 102.148
      vertex -8.32583 -6.9 102.295
    endloop
  endfacet
  facet normal -0.991439 0 -0.130573
    outer loop
      vertex -8.30647 3.9 102.148
      vertex -8.32583 6.9 102.295
      vertex -8.30647 6.9 102.148
    endloop
  endfacet
  facet normal -0.991439 -0 -0.130573
    outer loop
      vertex -8.32583 6.9 102.295
      vertex -8.30647 3.9 102.148
      vertex -8.32583 3.9 102.295
    endloop
  endfacet
  facet normal -0.999046 0 -0.0436745
    outer loop
      vertex -8.3 -6.9 102
      vertex -8.30647 -3.9 102.148
      vertex -8.3 -3.9 102
    endloop
  endfacet
  facet normal -0.999046 -0 -0.0436745
    outer loop
      vertex -8.30647 -3.9 102.148
      vertex -8.3 -6.9 102
      vertex -8.30647 -6.9 102.148
    endloop
  endfacet
  facet normal -0.999046 0 -0.0436745
    outer loop
      vertex -8.3 3.9 102
      vertex -8.30647 6.9 102.148
      vertex -8.3 6.9 102
    endloop
  endfacet
  facet normal -0.999046 -0 -0.0436745
    outer loop
      vertex -8.30647 6.9 102.148
      vertex -8.3 3.9 102
      vertex -8.30647 3.9 102.148
    endloop
  endfacet
  facet normal -0.976361 0 -0.216146
    outer loop
      vertex -8.32583 -6.9 102.295
      vertex -8.35793 -3.9 102.44
      vertex -8.32583 -3.9 102.295
    endloop
  endfacet
  facet normal -0.976361 -0 -0.216146
    outer loop
      vertex -8.35793 -3.9 102.44
      vertex -8.32583 -6.9 102.295
      vertex -8.35793 -6.9 102.44
    endloop
  endfacet
  facet normal -0.976361 0 -0.216146
    outer loop
      vertex -8.32583 3.9 102.295
      vertex -8.35793 6.9 102.44
      vertex -8.32583 6.9 102.295
    endloop
  endfacet
  facet normal -0.976361 -0 -0.216146
    outer loop
      vertex -8.35793 6.9 102.44
      vertex -8.32583 3.9 102.295
      vertex -8.35793 3.9 102.44
    endloop
  endfacet
  facet normal -0.953459 0 -0.301523
    outer loop
      vertex -8.35793 -6.9 102.44
      vertex -8.40252 -3.9 102.581
      vertex -8.35793 -3.9 102.44
    endloop
  endfacet
  facet normal -0.953459 -0 -0.301523
    outer loop
      vertex -8.40252 -3.9 102.581
      vertex -8.35793 -6.9 102.44
      vertex -8.40252 -6.9 102.581
    endloop
  endfacet
  facet normal -0.953459 0 -0.301523
    outer loop
      vertex -8.35793 3.9 102.44
      vertex -8.40252 6.9 102.581
      vertex -8.35793 6.9 102.44
    endloop
  endfacet
  facet normal -0.953459 -0 -0.301523
    outer loop
      vertex -8.40252 6.9 102.581
      vertex -8.35793 3.9 102.44
      vertex -8.40252 3.9 102.581
    endloop
  endfacet
  facet normal 0.215788 0 -0.97644
    outer loop
      vertex -10.44 -6.9 103.642
      vertex -10.2952 -3.9 103.674
      vertex -10.2952 -6.9 103.674
    endloop
  endfacet
  facet normal 0.215788 0 -0.97644
    outer loop
      vertex -10.2952 -3.9 103.674
      vertex -10.44 -6.9 103.642
      vertex -10.44 -3.9 103.642
    endloop
  endfacet
  facet normal 0.215788 0 -0.97644
    outer loop
      vertex -10.44 3.9 103.642
      vertex -10.2952 6.9 103.674
      vertex -10.2952 3.9 103.674
    endloop
  endfacet
  facet normal 0.215788 0 -0.97644
    outer loop
      vertex -10.2952 6.9 103.674
      vertex -10.44 3.9 103.642
      vertex -10.44 6.9 103.642
    endloop
  endfacet
  facet normal 0.923754 -0 0.382987
    outer loop
      vertex -11.5975 -6.9 101.419
      vertex -11.5407 -3.9 101.282
      vertex -11.5975 -3.9 101.419
    endloop
  endfacet
  facet normal 0.923754 0 0.382987
    outer loop
      vertex -11.5407 -3.9 101.282
      vertex -11.5975 -6.9 101.419
      vertex -11.5407 -6.9 101.282
    endloop
  endfacet
  facet normal 0.923754 -0 0.382987
    outer loop
      vertex -11.5975 3.9 101.419
      vertex -11.5407 6.9 101.282
      vertex -11.5975 6.9 101.419
    endloop
  endfacet
  facet normal 0.923754 0 0.382987
    outer loop
      vertex -11.5407 6.9 101.282
      vertex -11.5975 3.9 101.419
      vertex -11.5407 3.9 101.282
    endloop
  endfacet
  facet normal -0.84325 0 -0.537521
    outer loop
      vertex -8.52776 -6.9 102.85
      vertex -8.60744 -3.9 102.975
      vertex -8.52776 -3.9 102.85
    endloop
  endfacet
  facet normal -0.84325 -0 -0.537521
    outer loop
      vertex -8.60744 -3.9 102.975
      vertex -8.52776 -6.9 102.85
      vertex -8.60744 -6.9 102.975
    endloop
  endfacet
  facet normal -0.84325 0 -0.537521
    outer loop
      vertex -8.52776 3.9 102.85
      vertex -8.60744 6.9 102.975
      vertex -8.52776 6.9 102.85
    endloop
  endfacet
  facet normal -0.84325 -0 -0.537521
    outer loop
      vertex -8.60744 6.9 102.975
      vertex -8.52776 3.9 102.85
      vertex -8.60744 3.9 102.975
    endloop
  endfacet
  facet normal -0.611788 0 -0.791022
    outer loop
      vertex -9.02492 -6.9 103.393
      vertex -8.90726 -3.9 103.302
      vertex -8.90726 -6.9 103.302
    endloop
  endfacet
  facet normal -0.611788 0 -0.791022
    outer loop
      vertex -8.90726 -3.9 103.302
      vertex -9.02492 -6.9 103.393
      vertex -9.02492 -3.9 103.393
    endloop
  endfacet
  facet normal -0.611788 0 -0.791022
    outer loop
      vertex -9.02492 3.9 103.393
      vertex -8.90726 6.9 103.302
      vertex -8.90726 3.9 103.302
    endloop
  endfacet
  facet normal -0.611788 0 -0.791022
    outer loop
      vertex -8.90726 6.9 103.302
      vertex -9.02492 3.9 103.393
      vertex -9.02492 6.9 103.393
    endloop
  endfacet
  facet normal -0.736234 0 -0.676727
    outer loop
      vertex -8.69773 -6.9 103.093
      vertex -8.79792 -3.9 103.202
      vertex -8.69773 -3.9 103.093
    endloop
  endfacet
  facet normal -0.736234 -0 -0.676727
    outer loop
      vertex -8.79792 -3.9 103.202
      vertex -8.69773 -6.9 103.093
      vertex -8.79792 -6.9 103.202
    endloop
  endfacet
  facet normal -0.736234 0 -0.676727
    outer loop
      vertex -8.69773 3.9 103.093
      vertex -8.79792 6.9 103.202
      vertex -8.69773 6.9 103.093
    endloop
  endfacet
  facet normal -0.736234 -0 -0.676727
    outer loop
      vertex -8.79792 6.9 103.202
      vertex -8.69773 3.9 103.093
      vertex -8.79792 3.9 103.202
    endloop
  endfacet
  facet normal 0.953439 0 -0.301584
    outer loop
      vertex -11.5975 -6.9 102.581
      vertex -11.6421 -3.9 102.44
      vertex -11.5975 -3.9 102.581
    endloop
  endfacet
  facet normal 0.953439 0 -0.301584
    outer loop
      vertex -11.6421 -3.9 102.44
      vertex -11.5975 -6.9 102.581
      vertex -11.6421 -6.9 102.44
    endloop
  endfacet
  facet normal 0.953439 0 -0.301584
    outer loop
      vertex -11.5975 3.9 102.581
      vertex -11.6421 6.9 102.44
      vertex -11.5975 6.9 102.581
    endloop
  endfacet
  facet normal 0.953439 0 -0.301584
    outer loop
      vertex -11.6421 6.9 102.44
      vertex -11.5975 3.9 102.581
      vertex -11.6421 3.9 102.44
    endloop
  endfacet
  facet normal -0.378322 0 -0.925674
    outer loop
      vertex -9.41857 -6.9 103.597
      vertex -9.28155 -3.9 103.541
      vertex -9.28155 -6.9 103.541
    endloop
  endfacet
  facet normal -0.378322 0 -0.925674
    outer loop
      vertex -9.28155 -3.9 103.541
      vertex -9.41857 -6.9 103.597
      vertex -9.41857 -3.9 103.597
    endloop
  endfacet
  facet normal -0.378322 0 -0.925674
    outer loop
      vertex -9.41857 3.9 103.597
      vertex -9.28155 6.9 103.541
      vertex -9.28155 3.9 103.541
    endloop
  endfacet
  facet normal -0.378322 0 -0.925674
    outer loop
      vertex -9.28155 6.9 103.541
      vertex -9.41857 3.9 103.597
      vertex -9.41857 6.9 103.597
    endloop
  endfacet
  facet normal -0.79418 0 0.607682
    outer loop
      vertex -8.69773 -6.9 100.907
      vertex -8.60744 -3.9 101.025
      vertex -8.69773 -3.9 100.907
    endloop
  endfacet
  facet normal -0.79418 0 0.607682
    outer loop
      vertex -8.60744 -3.9 101.025
      vertex -8.69773 -6.9 100.907
      vertex -8.60744 -6.9 101.025
    endloop
  endfacet
  facet normal -0.79418 0 0.607682
    outer loop
      vertex -8.69773 3.9 100.907
      vertex -8.60744 6.9 101.025
      vertex -8.69773 6.9 100.907
    endloop
  endfacet
  facet normal -0.79418 0 0.607682
    outer loop
      vertex -8.60744 6.9 101.025
      vertex -8.69773 3.9 100.907
      vertex -8.60744 3.9 101.025
    endloop
  endfacet
  facet normal 0.378133 0 0.925751
    outer loop
      vertex -10.7185 -3.9 100.459
      vertex -10.5814 -6.9 100.403
      vertex -10.5814 -3.9 100.403
    endloop
  endfacet
  facet normal 0.378133 0 0.925751
    outer loop
      vertex -10.5814 -6.9 100.403
      vertex -10.7185 -3.9 100.459
      vertex -10.7185 -6.9 100.459
    endloop
  endfacet
  facet normal 0.378133 0 0.925751
    outer loop
      vertex -10.7185 6.9 100.459
      vertex -10.5814 3.9 100.403
      vertex -10.5814 6.9 100.403
    endloop
  endfacet
  facet normal 0.378133 0 0.925751
    outer loop
      vertex -10.5814 3.9 100.403
      vertex -10.7185 6.9 100.459
      vertex -10.7185 3.9 100.459
    endloop
  endfacet
  facet normal 0.794148 0 -0.607725
    outer loop
      vertex -11.3023 -6.9 103.093
      vertex -11.3926 -3.9 102.975
      vertex -11.3023 -3.9 103.093
    endloop
  endfacet
  facet normal 0.794148 0 -0.607725
    outer loop
      vertex -11.3926 -3.9 102.975
      vertex -11.3023 -6.9 103.093
      vertex -11.3926 -6.9 102.975
    endloop
  endfacet
  facet normal 0.794148 0 -0.607725
    outer loop
      vertex -11.3023 3.9 103.093
      vertex -11.3926 6.9 102.975
      vertex -11.3023 6.9 103.093
    endloop
  endfacet
  facet normal 0.794148 0 -0.607725
    outer loop
      vertex -11.3926 6.9 102.975
      vertex -11.3023 3.9 103.093
      vertex -11.3926 3.9 102.975
    endloop
  endfacet
  facet normal 0.976361 -0 0.216146
    outer loop
      vertex -11.6742 -6.9 101.705
      vertex -11.6421 -3.9 101.56
      vertex -11.6742 -3.9 101.705
    endloop
  endfacet
  facet normal 0.976361 0 0.216146
    outer loop
      vertex -11.6421 -3.9 101.56
      vertex -11.6742 -6.9 101.705
      vertex -11.6421 -6.9 101.56
    endloop
  endfacet
  facet normal 0.976361 -0 0.216146
    outer loop
      vertex -11.6742 3.9 101.705
      vertex -11.6421 6.9 101.56
      vertex -11.6742 6.9 101.705
    endloop
  endfacet
  facet normal 0.976361 0 0.216146
    outer loop
      vertex -11.6421 6.9 101.56
      vertex -11.6742 3.9 101.705
      vertex -11.6421 3.9 101.56
    endloop
  endfacet
  facet normal 0.674685 0 -0.738106
    outer loop
      vertex -11.2021 -6.9 103.202
      vertex -11.0927 -3.9 103.302
      vertex -11.0927 -6.9 103.302
    endloop
  endfacet
  facet normal 0.674685 0 -0.738106
    outer loop
      vertex -11.0927 -3.9 103.302
      vertex -11.2021 -6.9 103.202
      vertex -11.2021 -3.9 103.202
    endloop
  endfacet
  facet normal 0.674685 0 -0.738106
    outer loop
      vertex -11.2021 3.9 103.202
      vertex -11.0927 6.9 103.302
      vertex -11.0927 3.9 103.302
    endloop
  endfacet
  facet normal 0.674685 0 -0.738106
    outer loop
      vertex -11.0927 6.9 103.302
      vertex -11.2021 3.9 103.202
      vertex -11.2021 6.9 103.202
    endloop
  endfacet
  facet normal 0.0404527 0 -0.999181
    outer loop
      vertex -10.1482 -6.9 103.694
      vertex -10 -3.9 103.7
      vertex -10 -6.9 103.7
    endloop
  endfacet
  facet normal 0.0404527 0 -0.999181
    outer loop
      vertex -10 -3.9 103.7
      vertex -10.1482 -6.9 103.694
      vertex -10.1482 -3.9 103.694
    endloop
  endfacet
  facet normal 0.0404527 0 -0.999181
    outer loop
      vertex -10.1482 3.9 103.694
      vertex -10 6.9 103.7
      vertex -10 3.9 103.7
    endloop
  endfacet
  facet normal 0.0404527 0 -0.999181
    outer loop
      vertex -10 6.9 103.7
      vertex -10.1482 3.9 103.694
      vertex -10.1482 6.9 103.694
    endloop
  endfacet
  facet normal 0.976361 0 -0.216146
    outer loop
      vertex -11.6421 -6.9 102.44
      vertex -11.6742 -3.9 102.295
      vertex -11.6421 -3.9 102.44
    endloop
  endfacet
  facet normal 0.976361 0 -0.216146
    outer loop
      vertex -11.6742 -3.9 102.295
      vertex -11.6421 -6.9 102.44
      vertex -11.6742 -6.9 102.295
    endloop
  endfacet
  facet normal 0.976361 0 -0.216146
    outer loop
      vertex -11.6421 3.9 102.44
      vertex -11.6742 6.9 102.295
      vertex -11.6421 6.9 102.44
    endloop
  endfacet
  facet normal 0.976361 0 -0.216146
    outer loop
      vertex -11.6742 6.9 102.295
      vertex -11.6421 3.9 102.44
      vertex -11.6742 3.9 102.295
    endloop
  endfacet
  facet normal -0.378322 0 0.925674
    outer loop
      vertex -9.41857 -3.9 100.403
      vertex -9.28155 -6.9 100.459
      vertex -9.28155 -3.9 100.459
    endloop
  endfacet
  facet normal -0.378322 0 0.925674
    outer loop
      vertex -9.28155 -6.9 100.459
      vertex -9.41857 -3.9 100.403
      vertex -9.41857 -6.9 100.403
    endloop
  endfacet
  facet normal -0.378322 0 0.925674
    outer loop
      vertex -9.41857 6.9 100.403
      vertex -9.28155 3.9 100.459
      vertex -9.28155 6.9 100.459
    endloop
  endfacet
  facet normal -0.378322 0 0.925674
    outer loop
      vertex -9.28155 3.9 100.459
      vertex -9.41857 6.9 100.403
      vertex -9.41857 3.9 100.403
    endloop
  endfacet
  facet normal 0.533942 0 -0.845521
    outer loop
      vertex -10.9751 -6.9 103.393
      vertex -10.85 -3.9 103.472
      vertex -10.85 -6.9 103.472
    endloop
  endfacet
  facet normal 0.533942 0 -0.845521
    outer loop
      vertex -10.85 -3.9 103.472
      vertex -10.9751 -6.9 103.393
      vertex -10.9751 -3.9 103.393
    endloop
  endfacet
  facet normal 0.533942 0 -0.845521
    outer loop
      vertex -10.9751 3.9 103.393
      vertex -10.85 6.9 103.472
      vertex -10.85 3.9 103.472
    endloop
  endfacet
  facet normal 0.533942 0 -0.845521
    outer loop
      vertex -10.85 6.9 103.472
      vertex -10.9751 3.9 103.393
      vertex -10.9751 6.9 103.393
    endloop
  endfacet
  facet normal 0.611983 0 -0.790871
    outer loop
      vertex -11.0927 -6.9 103.302
      vertex -10.9751 -3.9 103.393
      vertex -10.9751 -6.9 103.393
    endloop
  endfacet
  facet normal 0.611983 0 -0.790871
    outer loop
      vertex -10.9751 -3.9 103.393
      vertex -11.0927 -6.9 103.302
      vertex -11.0927 -3.9 103.302
    endloop
  endfacet
  facet normal 0.611983 0 -0.790871
    outer loop
      vertex -11.0927 3.9 103.302
      vertex -10.9751 6.9 103.393
      vertex -10.9751 3.9 103.393
    endloop
  endfacet
  facet normal 0.611983 0 -0.790871
    outer loop
      vertex -10.9751 6.9 103.393
      vertex -11.0927 3.9 103.302
      vertex -11.0927 6.9 103.302
    endloop
  endfacet
  facet normal 0.953439 -0 0.301584
    outer loop
      vertex -11.6421 -6.9 101.56
      vertex -11.5975 -3.9 101.419
      vertex -11.6421 -3.9 101.56
    endloop
  endfacet
  facet normal 0.953439 0 0.301584
    outer loop
      vertex -11.5975 -3.9 101.419
      vertex -11.6421 -6.9 101.56
      vertex -11.5975 -6.9 101.419
    endloop
  endfacet
  facet normal 0.953439 -0 0.301584
    outer loop
      vertex -11.6421 3.9 101.56
      vertex -11.5975 6.9 101.419
      vertex -11.6421 6.9 101.56
    endloop
  endfacet
  facet normal 0.953439 0 0.301584
    outer loop
      vertex -11.5975 6.9 101.419
      vertex -11.6421 3.9 101.56
      vertex -11.5975 3.9 101.419
    endloop
  endfacet
  facet normal 0.378133 0 -0.925751
    outer loop
      vertex -10.7185 -6.9 103.541
      vertex -10.5814 -3.9 103.597
      vertex -10.5814 -6.9 103.597
    endloop
  endfacet
  facet normal 0.378133 0 -0.925751
    outer loop
      vertex -10.5814 -3.9 103.597
      vertex -10.7185 -6.9 103.541
      vertex -10.7185 -3.9 103.541
    endloop
  endfacet
  facet normal 0.378133 0 -0.925751
    outer loop
      vertex -10.7185 3.9 103.541
      vertex -10.5814 6.9 103.597
      vertex -10.5814 3.9 103.597
    endloop
  endfacet
  facet normal 0.378133 0 -0.925751
    outer loop
      vertex -10.5814 6.9 103.597
      vertex -10.7185 3.9 103.541
      vertex -10.7185 6.9 103.541
    endloop
  endfacet
  facet normal -0.976361 0 0.216146
    outer loop
      vertex -8.35793 -6.9 101.56
      vertex -8.32583 -3.9 101.705
      vertex -8.35793 -3.9 101.56
    endloop
  endfacet
  facet normal -0.976361 0 0.216146
    outer loop
      vertex -8.32583 -3.9 101.705
      vertex -8.35793 -6.9 101.56
      vertex -8.32583 -6.9 101.705
    endloop
  endfacet
  facet normal -0.976361 0 0.216146
    outer loop
      vertex -8.35793 3.9 101.56
      vertex -8.32583 6.9 101.705
      vertex -8.35793 6.9 101.56
    endloop
  endfacet
  facet normal -0.976361 0 0.216146
    outer loop
      vertex -8.32583 6.9 101.705
      vertex -8.35793 3.9 101.56
      vertex -8.32583 3.9 101.705
    endloop
  endfacet
  facet normal -0.464497 0 0.885574
    outer loop
      vertex -9.28155 -3.9 100.459
      vertex -9.15 -6.9 100.528
      vertex -9.15 -3.9 100.528
    endloop
  endfacet
  facet normal -0.464497 0 0.885574
    outer loop
      vertex -9.15 -6.9 100.528
      vertex -9.28155 -3.9 100.459
      vertex -9.28155 -6.9 100.459
    endloop
  endfacet
  facet normal -0.464497 0 0.885574
    outer loop
      vertex -9.28155 6.9 100.459
      vertex -9.15 3.9 100.528
      vertex -9.15 6.9 100.528
    endloop
  endfacet
  facet normal -0.464497 0 0.885574
    outer loop
      vertex -9.15 3.9 100.528
      vertex -9.28155 6.9 100.459
      vertex -9.28155 3.9 100.459
    endloop
  endfacet
  facet normal 0.999037 0 -0.0438766
    outer loop
      vertex -11.6935 -6.9 102.148
      vertex -11.7 -3.9 102
      vertex -11.6935 -3.9 102.148
    endloop
  endfacet
  facet normal 0.999037 0 -0.0438766
    outer loop
      vertex -11.7 -3.9 102
      vertex -11.6935 -6.9 102.148
      vertex -11.7 -6.9 102
    endloop
  endfacet
  facet normal 0.999037 0 -0.0438766
    outer loop
      vertex -11.6935 3.9 102.148
      vertex -11.7 6.9 102
      vertex -11.6935 6.9 102.148
    endloop
  endfacet
  facet normal 0.999037 0 -0.0438766
    outer loop
      vertex -11.7 6.9 102
      vertex -11.6935 3.9 102.148
      vertex -11.7 3.9 102
    endloop
  endfacet
  facet normal -0.303181 0 -0.952933
    outer loop
      vertex -9.56001 -6.9 103.642
      vertex -9.41857 -3.9 103.597
      vertex -9.41857 -6.9 103.597
    endloop
  endfacet
  facet normal -0.303181 0 -0.952933
    outer loop
      vertex -9.41857 -3.9 103.597
      vertex -9.56001 -6.9 103.642
      vertex -9.56001 -3.9 103.642
    endloop
  endfacet
  facet normal -0.303181 0 -0.952933
    outer loop
      vertex -9.56001 3.9 103.642
      vertex -9.41857 6.9 103.597
      vertex -9.41857 3.9 103.597
    endloop
  endfacet
  facet normal -0.303181 0 -0.952933
    outer loop
      vertex -9.41857 6.9 103.597
      vertex -9.56001 3.9 103.642
      vertex -9.56001 6.9 103.642
    endloop
  endfacet
  facet normal -0.999046 0 0.0436745
    outer loop
      vertex -8.30647 -6.9 101.852
      vertex -8.3 -3.9 102
      vertex -8.30647 -3.9 101.852
    endloop
  endfacet
  facet normal -0.999046 0 0.0436745
    outer loop
      vertex -8.3 -3.9 102
      vertex -8.30647 -6.9 101.852
      vertex -8.3 -6.9 102
    endloop
  endfacet
  facet normal -0.999046 0 0.0436745
    outer loop
      vertex -8.30647 3.9 101.852
      vertex -8.3 6.9 102
      vertex -8.30647 6.9 101.852
    endloop
  endfacet
  facet normal -0.999046 0 0.0436745
    outer loop
      vertex -8.3 6.9 102
      vertex -8.30647 3.9 101.852
      vertex -8.3 3.9 102
    endloop
  endfacet
  facet normal -0.923849 0 -0.382757
    outer loop
      vertex -8.40252 -6.9 102.581
      vertex -8.45928 -3.9 102.718
      vertex -8.40252 -3.9 102.581
    endloop
  endfacet
  facet normal -0.923849 -0 -0.382757
    outer loop
      vertex -8.45928 -3.9 102.718
      vertex -8.40252 -6.9 102.581
      vertex -8.45928 -6.9 102.718
    endloop
  endfacet
  facet normal -0.923849 0 -0.382757
    outer loop
      vertex -8.40252 3.9 102.581
      vertex -8.45928 6.9 102.718
      vertex -8.40252 6.9 102.581
    endloop
  endfacet
  facet normal -0.923849 -0 -0.382757
    outer loop
      vertex -8.45928 6.9 102.718
      vertex -8.40252 3.9 102.581
      vertex -8.45928 3.9 102.718
    endloop
  endfacet
  facet normal -0.134776 0 0.990876
    outer loop
      vertex -9.85184 -3.9 100.306
      vertex -9.7048 -6.9 100.326
      vertex -9.7048 -3.9 100.326
    endloop
  endfacet
  facet normal -0.134776 0 0.990876
    outer loop
      vertex -9.7048 -6.9 100.326
      vertex -9.85184 -3.9 100.306
      vertex -9.85184 -6.9 100.306
    endloop
  endfacet
  facet normal -0.134776 0 0.990876
    outer loop
      vertex -9.85184 6.9 100.306
      vertex -9.7048 3.9 100.326
      vertex -9.7048 6.9 100.326
    endloop
  endfacet
  facet normal -0.134776 0 0.990876
    outer loop
      vertex -9.7048 3.9 100.326
      vertex -9.85184 6.9 100.306
      vertex -9.85184 3.9 100.306
    endloop
  endfacet
  facet normal -0.303181 0 0.952933
    outer loop
      vertex -9.56001 -3.9 100.358
      vertex -9.41857 -6.9 100.403
      vertex -9.41857 -3.9 100.403
    endloop
  endfacet
  facet normal -0.303181 0 0.952933
    outer loop
      vertex -9.41857 -6.9 100.403
      vertex -9.56001 -3.9 100.358
      vertex -9.56001 -6.9 100.358
    endloop
  endfacet
  facet normal -0.303181 0 0.952933
    outer loop
      vertex -9.56001 6.9 100.358
      vertex -9.41857 3.9 100.403
      vertex -9.41857 6.9 100.403
    endloop
  endfacet
  facet normal -0.303181 0 0.952933
    outer loop
      vertex -9.41857 3.9 100.403
      vertex -9.56001 6.9 100.358
      vertex -9.56001 3.9 100.358
    endloop
  endfacet
  facet normal -0.215802 0 0.976437
    outer loop
      vertex -9.7048 -3.9 100.326
      vertex -9.56001 -6.9 100.358
      vertex -9.56001 -3.9 100.358
    endloop
  endfacet
  facet normal -0.215802 0 0.976437
    outer loop
      vertex -9.56001 -6.9 100.358
      vertex -9.7048 -3.9 100.326
      vertex -9.7048 -6.9 100.326
    endloop
  endfacet
  facet normal -0.215802 0 0.976437
    outer loop
      vertex -9.7048 6.9 100.326
      vertex -9.56001 3.9 100.358
      vertex -9.56001 6.9 100.358
    endloop
  endfacet
  facet normal -0.215802 0 0.976437
    outer loop
      vertex -9.56001 3.9 100.358
      vertex -9.7048 6.9 100.326
      vertex -9.7048 3.9 100.326
    endloop
  endfacet
  facet normal -0.0404636 0 -0.999181
    outer loop
      vertex -10 -6.9 103.7
      vertex -9.85184 -3.9 103.694
      vertex -9.85184 -6.9 103.694
    endloop
  endfacet
  facet normal -0.0404636 0 -0.999181
    outer loop
      vertex -9.85184 -3.9 103.694
      vertex -10 -6.9 103.7
      vertex -10 -3.9 103.7
    endloop
  endfacet
  facet normal -0.0404636 0 -0.999181
    outer loop
      vertex -10 3.9 103.7
      vertex -9.85184 6.9 103.694
      vertex -9.85184 3.9 103.694
    endloop
  endfacet
  facet normal -0.0404636 0 -0.999181
    outer loop
      vertex -9.85184 6.9 103.694
      vertex -10 3.9 103.7
      vertex -10 6.9 103.7
    endloop
  endfacet
  facet normal -0.134776 0 -0.990876
    outer loop
      vertex -9.85184 -6.9 103.694
      vertex -9.7048 -3.9 103.674
      vertex -9.7048 -6.9 103.674
    endloop
  endfacet
  facet normal -0.134776 0 -0.990876
    outer loop
      vertex -9.7048 -3.9 103.674
      vertex -9.85184 -6.9 103.694
      vertex -9.85184 -3.9 103.694
    endloop
  endfacet
  facet normal -0.134776 0 -0.990876
    outer loop
      vertex -9.85184 3.9 103.694
      vertex -9.7048 6.9 103.674
      vertex -9.7048 3.9 103.674
    endloop
  endfacet
  facet normal -0.134776 0 -0.990876
    outer loop
      vertex -9.7048 6.9 103.674
      vertex -9.85184 3.9 103.694
      vertex -9.85184 6.9 103.694
    endloop
  endfacet
  facet normal 0.464636 0 0.885502
    outer loop
      vertex -10.85 -3.9 100.528
      vertex -10.7185 -6.9 100.459
      vertex -10.7185 -3.9 100.459
    endloop
  endfacet
  facet normal 0.464636 0 0.885502
    outer loop
      vertex -10.7185 -6.9 100.459
      vertex -10.85 -3.9 100.528
      vertex -10.85 -6.9 100.528
    endloop
  endfacet
  facet normal 0.464636 0 0.885502
    outer loop
      vertex -10.85 6.9 100.528
      vertex -10.7185 3.9 100.459
      vertex -10.7185 6.9 100.459
    endloop
  endfacet
  facet normal 0.464636 0 0.885502
    outer loop
      vertex -10.7185 3.9 100.459
      vertex -10.85 6.9 100.528
      vertex -10.85 3.9 100.528
    endloop
  endfacet
  facet normal -0.991439 0 0.130573
    outer loop
      vertex -8.32583 -6.9 101.705
      vertex -8.30647 -3.9 101.852
      vertex -8.32583 -3.9 101.705
    endloop
  endfacet
  facet normal -0.991439 0 0.130573
    outer loop
      vertex -8.30647 -3.9 101.852
      vertex -8.32583 -6.9 101.705
      vertex -8.30647 -6.9 101.852
    endloop
  endfacet
  facet normal -0.991439 0 0.130573
    outer loop
      vertex -8.32583 3.9 101.705
      vertex -8.30647 6.9 101.852
      vertex -8.32583 6.9 101.705
    endloop
  endfacet
  facet normal -0.991439 0 0.130573
    outer loop
      vertex -8.30647 6.9 101.852
      vertex -8.32583 3.9 101.705
      vertex -8.30647 3.9 101.852
    endloop
  endfacet
  facet normal 0.887602 -0 0.460612
    outer loop
      vertex -11.5407 -6.9 101.282
      vertex -11.4722 -3.9 101.15
      vertex -11.5407 -3.9 101.282
    endloop
  endfacet
  facet normal 0.887602 0 0.460612
    outer loop
      vertex -11.4722 -3.9 101.15
      vertex -11.5407 -6.9 101.282
      vertex -11.4722 -6.9 101.15
    endloop
  endfacet
  facet normal 0.887602 -0 0.460612
    outer loop
      vertex -11.5407 3.9 101.282
      vertex -11.4722 6.9 101.15
      vertex -11.5407 6.9 101.282
    endloop
  endfacet
  facet normal 0.887602 0 0.460612
    outer loop
      vertex -11.4722 6.9 101.15
      vertex -11.5407 3.9 101.282
      vertex -11.4722 3.9 101.15
    endloop
  endfacet
  facet normal -0.887657 0 -0.460506
    outer loop
      vertex -8.45928 -6.9 102.718
      vertex -8.52776 -3.9 102.85
      vertex -8.45928 -3.9 102.718
    endloop
  endfacet
  facet normal -0.887657 -0 -0.460506
    outer loop
      vertex -8.52776 -3.9 102.85
      vertex -8.45928 -6.9 102.718
      vertex -8.52776 -6.9 102.85
    endloop
  endfacet
  facet normal -0.887657 0 -0.460506
    outer loop
      vertex -8.45928 3.9 102.718
      vertex -8.52776 6.9 102.85
      vertex -8.45928 6.9 102.718
    endloop
  endfacet
  facet normal -0.887657 -0 -0.460506
    outer loop
      vertex -8.52776 6.9 102.85
      vertex -8.45928 3.9 102.718
      vertex -8.52776 3.9 102.85
    endloop
  endfacet
  facet normal 0.303259 0 -0.952908
    outer loop
      vertex -10.5814 -6.9 103.597
      vertex -10.44 -3.9 103.642
      vertex -10.44 -6.9 103.642
    endloop
  endfacet
  facet normal 0.303259 0 -0.952908
    outer loop
      vertex -10.44 -3.9 103.642
      vertex -10.5814 -6.9 103.597
      vertex -10.5814 -3.9 103.597
    endloop
  endfacet
  facet normal 0.303259 0 -0.952908
    outer loop
      vertex -10.5814 3.9 103.597
      vertex -10.44 6.9 103.642
      vertex -10.44 3.9 103.642
    endloop
  endfacet
  facet normal 0.303259 0 -0.952908
    outer loop
      vertex -10.44 6.9 103.642
      vertex -10.5814 3.9 103.597
      vertex -10.5814 6.9 103.597
    endloop
  endfacet
  facet normal 0.303259 0 0.952908
    outer loop
      vertex -10.5814 -3.9 100.403
      vertex -10.44 -6.9 100.358
      vertex -10.44 -3.9 100.358
    endloop
  endfacet
  facet normal 0.303259 0 0.952908
    outer loop
      vertex -10.44 -6.9 100.358
      vertex -10.5814 -3.9 100.403
      vertex -10.5814 -6.9 100.403
    endloop
  endfacet
  facet normal 0.303259 0 0.952908
    outer loop
      vertex -10.5814 6.9 100.403
      vertex -10.44 3.9 100.358
      vertex -10.44 6.9 100.358
    endloop
  endfacet
  facet normal 0.303259 0 0.952908
    outer loop
      vertex -10.44 3.9 100.358
      vertex -10.5814 6.9 100.403
      vertex -10.5814 3.9 100.403
    endloop
  endfacet
  facet normal -0.953459 0 0.301523
    outer loop
      vertex -8.40252 -6.9 101.419
      vertex -8.35793 -3.9 101.56
      vertex -8.40252 -3.9 101.419
    endloop
  endfacet
  facet normal -0.953459 0 0.301523
    outer loop
      vertex -8.35793 -3.9 101.56
      vertex -8.40252 -6.9 101.419
      vertex -8.35793 -6.9 101.56
    endloop
  endfacet
  facet normal -0.953459 0 0.301523
    outer loop
      vertex -8.40252 3.9 101.419
      vertex -8.35793 6.9 101.56
      vertex -8.40252 6.9 101.419
    endloop
  endfacet
  facet normal -0.953459 0 0.301523
    outer loop
      vertex -8.35793 6.9 101.56
      vertex -8.40252 3.9 101.419
      vertex -8.35793 3.9 101.56
    endloop
  endfacet
  facet normal -0.674887 0 -0.737921
    outer loop
      vertex -8.90726 -6.9 103.302
      vertex -8.79792 -3.9 103.202
      vertex -8.79792 -6.9 103.202
    endloop
  endfacet
  facet normal -0.674887 0 -0.737921
    outer loop
      vertex -8.79792 -3.9 103.202
      vertex -8.90726 -6.9 103.302
      vertex -8.90726 -3.9 103.302
    endloop
  endfacet
  facet normal -0.674887 0 -0.737921
    outer loop
      vertex -8.90726 3.9 103.302
      vertex -8.79792 6.9 103.202
      vertex -8.79792 3.9 103.202
    endloop
  endfacet
  facet normal -0.674887 0 -0.737921
    outer loop
      vertex -8.79792 6.9 103.202
      vertex -8.90726 3.9 103.302
      vertex -8.90726 6.9 103.302
    endloop
  endfacet
  facet normal 0.991491 0 -0.130175
    outer loop
      vertex -11.6742 -6.9 102.295
      vertex -11.6935 -3.9 102.148
      vertex -11.6742 -3.9 102.295
    endloop
  endfacet
  facet normal 0.991491 0 -0.130175
    outer loop
      vertex -11.6935 -3.9 102.148
      vertex -11.6742 -6.9 102.295
      vertex -11.6935 -6.9 102.148
    endloop
  endfacet
  facet normal 0.991491 0 -0.130175
    outer loop
      vertex -11.6742 3.9 102.295
      vertex -11.6935 6.9 102.148
      vertex -11.6742 6.9 102.295
    endloop
  endfacet
  facet normal 0.991491 0 -0.130175
    outer loop
      vertex -11.6935 6.9 102.148
      vertex -11.6742 3.9 102.295
      vertex -11.6935 3.9 102.148
    endloop
  endfacet
  facet normal -0.215802 0 -0.976437
    outer loop
      vertex -9.7048 -6.9 103.674
      vertex -9.56001 -3.9 103.642
      vertex -9.56001 -6.9 103.642
    endloop
  endfacet
  facet normal -0.215802 0 -0.976437
    outer loop
      vertex -9.56001 -3.9 103.642
      vertex -9.7048 -6.9 103.674
      vertex -9.7048 -3.9 103.674
    endloop
  endfacet
  facet normal -0.215802 0 -0.976437
    outer loop
      vertex -9.7048 3.9 103.674
      vertex -9.56001 6.9 103.642
      vertex -9.56001 3.9 103.642
    endloop
  endfacet
  facet normal -0.215802 0 -0.976437
    outer loop
      vertex -9.56001 6.9 103.642
      vertex -9.7048 3.9 103.674
      vertex -9.7048 6.9 103.674
    endloop
  endfacet
  facet normal -0.0404636 0 0.999181
    outer loop
      vertex -10 -3.9 100.3
      vertex -9.85184 -6.9 100.306
      vertex -9.85184 -3.9 100.306
    endloop
  endfacet
  facet normal -0.0404636 0 0.999181
    outer loop
      vertex -9.85184 -6.9 100.306
      vertex -10 -3.9 100.3
      vertex -10 -6.9 100.3
    endloop
  endfacet
  facet normal -0.0404636 0 0.999181
    outer loop
      vertex -10 6.9 100.3
      vertex -9.85184 3.9 100.306
      vertex -9.85184 6.9 100.306
    endloop
  endfacet
  facet normal -0.0404636 0 0.999181
    outer loop
      vertex -9.85184 3.9 100.306
      vertex -10 6.9 100.3
      vertex -10 3.9 100.3
    endloop
  endfacet
  facet normal 0.991491 -0 0.130175
    outer loop
      vertex -11.6935 -6.9 101.852
      vertex -11.6742 -3.9 101.705
      vertex -11.6935 -3.9 101.852
    endloop
  endfacet
  facet normal 0.991491 0 0.130175
    outer loop
      vertex -11.6742 -3.9 101.705
      vertex -11.6935 -6.9 101.852
      vertex -11.6742 -6.9 101.705
    endloop
  endfacet
  facet normal 0.991491 -0 0.130175
    outer loop
      vertex -11.6935 3.9 101.852
      vertex -11.6742 6.9 101.705
      vertex -11.6935 6.9 101.852
    endloop
  endfacet
  facet normal 0.991491 0 0.130175
    outer loop
      vertex -11.6742 6.9 101.705
      vertex -11.6935 3.9 101.852
      vertex -11.6742 3.9 101.705
    endloop
  endfacet
  facet normal 0.134812 0 -0.990871
    outer loop
      vertex -10.2952 -6.9 103.674
      vertex -10.1482 -3.9 103.694
      vertex -10.1482 -6.9 103.694
    endloop
  endfacet
  facet normal 0.134812 0 -0.990871
    outer loop
      vertex -10.1482 -3.9 103.694
      vertex -10.2952 -6.9 103.674
      vertex -10.2952 -3.9 103.674
    endloop
  endfacet
  facet normal 0.134812 0 -0.990871
    outer loop
      vertex -10.2952 3.9 103.674
      vertex -10.1482 6.9 103.694
      vertex -10.1482 3.9 103.694
    endloop
  endfacet
  facet normal 0.134812 0 -0.990871
    outer loop
      vertex -10.1482 6.9 103.694
      vertex -10.2952 3.9 103.674
      vertex -10.2952 6.9 103.674
    endloop
  endfacet
  facet normal -0.923849 0 0.382757
    outer loop
      vertex -8.45928 -6.9 101.282
      vertex -8.40252 -3.9 101.419
      vertex -8.45928 -3.9 101.282
    endloop
  endfacet
  facet normal -0.923849 0 0.382757
    outer loop
      vertex -8.40252 -3.9 101.419
      vertex -8.45928 -6.9 101.282
      vertex -8.40252 -6.9 101.419
    endloop
  endfacet
  facet normal -0.923849 0 0.382757
    outer loop
      vertex -8.45928 3.9 101.282
      vertex -8.40252 6.9 101.419
      vertex -8.45928 6.9 101.282
    endloop
  endfacet
  facet normal -0.923849 0 0.382757
    outer loop
      vertex -8.40252 6.9 101.419
      vertex -8.45928 3.9 101.282
      vertex -8.40252 3.9 101.419
    endloop
  endfacet
  facet normal 0.887602 0 -0.460612
    outer loop
      vertex -11.4722 -6.9 102.85
      vertex -11.5407 -3.9 102.718
      vertex -11.4722 -3.9 102.85
    endloop
  endfacet
  facet normal 0.887602 0 -0.460612
    outer loop
      vertex -11.5407 -3.9 102.718
      vertex -11.4722 -6.9 102.85
      vertex -11.5407 -6.9 102.718
    endloop
  endfacet
  facet normal 0.887602 0 -0.460612
    outer loop
      vertex -11.4722 3.9 102.85
      vertex -11.5407 6.9 102.718
      vertex -11.4722 6.9 102.85
    endloop
  endfacet
  facet normal 0.887602 0 -0.460612
    outer loop
      vertex -11.5407 6.9 102.718
      vertex -11.4722 3.9 102.85
      vertex -11.5407 3.9 102.718
    endloop
  endfacet
  facet normal 0.464636 0 -0.885502
    outer loop
      vertex -10.85 -6.9 103.472
      vertex -10.7185 -3.9 103.541
      vertex -10.7185 -6.9 103.541
    endloop
  endfacet
  facet normal 0.464636 0 -0.885502
    outer loop
      vertex -10.7185 -3.9 103.541
      vertex -10.85 -6.9 103.472
      vertex -10.85 -3.9 103.472
    endloop
  endfacet
  facet normal 0.464636 0 -0.885502
    outer loop
      vertex -10.85 3.9 103.472
      vertex -10.7185 6.9 103.541
      vertex -10.7185 3.9 103.541
    endloop
  endfacet
  facet normal 0.464636 0 -0.885502
    outer loop
      vertex -10.7185 6.9 103.541
      vertex -10.85 3.9 103.472
      vertex -10.85 6.9 103.472
    endloop
  endfacet
  facet normal -0.79418 0 -0.607682
    outer loop
      vertex -8.60744 -6.9 102.975
      vertex -8.69773 -3.9 103.093
      vertex -8.60744 -3.9 102.975
    endloop
  endfacet
  facet normal -0.79418 -0 -0.607682
    outer loop
      vertex -8.69773 -3.9 103.093
      vertex -8.60744 -6.9 102.975
      vertex -8.69773 -6.9 103.093
    endloop
  endfacet
  facet normal -0.79418 0 -0.607682
    outer loop
      vertex -8.60744 3.9 102.975
      vertex -8.69773 6.9 103.093
      vertex -8.60744 6.9 102.975
    endloop
  endfacet
  facet normal -0.79418 -0 -0.607682
    outer loop
      vertex -8.69773 6.9 103.093
      vertex -8.60744 3.9 102.975
      vertex -8.69773 3.9 103.093
    endloop
  endfacet
  facet normal 0.7362 0 -0.676764
    outer loop
      vertex -11.2021 -6.9 103.202
      vertex -11.3023 -3.9 103.093
      vertex -11.2021 -3.9 103.202
    endloop
  endfacet
  facet normal 0.7362 0 -0.676764
    outer loop
      vertex -11.3023 -3.9 103.093
      vertex -11.2021 -6.9 103.202
      vertex -11.3023 -6.9 103.093
    endloop
  endfacet
  facet normal 0.7362 0 -0.676764
    outer loop
      vertex -11.2021 3.9 103.202
      vertex -11.3023 6.9 103.093
      vertex -11.2021 6.9 103.202
    endloop
  endfacet
  facet normal 0.7362 0 -0.676764
    outer loop
      vertex -11.3023 6.9 103.093
      vertex -11.2021 3.9 103.202
      vertex -11.3023 3.9 103.093
    endloop
  endfacet
  facet normal -0.887657 0 0.460506
    outer loop
      vertex -8.52776 -6.9 101.15
      vertex -8.45928 -3.9 101.282
      vertex -8.52776 -3.9 101.15
    endloop
  endfacet
  facet normal -0.887657 0 0.460506
    outer loop
      vertex -8.45928 -3.9 101.282
      vertex -8.52776 -6.9 101.15
      vertex -8.45928 -6.9 101.282
    endloop
  endfacet
  facet normal -0.887657 0 0.460506
    outer loop
      vertex -8.52776 3.9 101.15
      vertex -8.45928 6.9 101.282
      vertex -8.52776 6.9 101.15
    endloop
  endfacet
  facet normal -0.887657 0 0.460506
    outer loop
      vertex -8.45928 6.9 101.282
      vertex -8.52776 3.9 101.15
      vertex -8.45928 3.9 101.282
    endloop
  endfacet
  facet normal 0.794148 -0 0.607725
    outer loop
      vertex -11.3926 -6.9 101.025
      vertex -11.3023 -3.9 100.907
      vertex -11.3926 -3.9 101.025
    endloop
  endfacet
  facet normal 0.794148 0 0.607725
    outer loop
      vertex -11.3023 -3.9 100.907
      vertex -11.3926 -6.9 101.025
      vertex -11.3023 -6.9 100.907
    endloop
  endfacet
  facet normal 0.794148 -0 0.607725
    outer loop
      vertex -11.3926 3.9 101.025
      vertex -11.3023 6.9 100.907
      vertex -11.3926 6.9 101.025
    endloop
  endfacet
  facet normal 0.794148 0 0.607725
    outer loop
      vertex -11.3023 6.9 100.907
      vertex -11.3926 3.9 101.025
      vertex -11.3023 3.9 100.907
    endloop
  endfacet
  facet normal 0.0404527 0 0.999181
    outer loop
      vertex -10.1482 -3.9 100.306
      vertex -10 -6.9 100.3
      vertex -10 -3.9 100.3
    endloop
  endfacet
  facet normal 0.0404527 0 0.999181
    outer loop
      vertex -10 -6.9 100.3
      vertex -10.1482 -3.9 100.306
      vertex -10.1482 -6.9 100.306
    endloop
  endfacet
  facet normal 0.0404527 0 0.999181
    outer loop
      vertex -10.1482 6.9 100.306
      vertex -10 3.9 100.3
      vertex -10 6.9 100.3
    endloop
  endfacet
  facet normal 0.0404527 0 0.999181
    outer loop
      vertex -10 3.9 100.3
      vertex -10.1482 6.9 100.306
      vertex -10.1482 3.9 100.306
    endloop
  endfacet
  facet normal 0.674685 0 0.738106
    outer loop
      vertex -11.2021 -3.9 100.798
      vertex -11.0927 -6.9 100.698
      vertex -11.0927 -3.9 100.698
    endloop
  endfacet
  facet normal 0.674685 0 0.738106
    outer loop
      vertex -11.0927 -6.9 100.698
      vertex -11.2021 -3.9 100.798
      vertex -11.2021 -6.9 100.798
    endloop
  endfacet
  facet normal 0.674685 0 0.738106
    outer loop
      vertex -11.2021 6.9 100.798
      vertex -11.0927 3.9 100.698
      vertex -11.0927 6.9 100.698
    endloop
  endfacet
  facet normal 0.674685 0 0.738106
    outer loop
      vertex -11.0927 3.9 100.698
      vertex -11.2021 6.9 100.798
      vertex -11.2021 3.9 100.798
    endloop
  endfacet
  facet normal -0.464497 0 -0.885574
    outer loop
      vertex -9.28155 -6.9 103.541
      vertex -9.15 -3.9 103.472
      vertex -9.15 -6.9 103.472
    endloop
  endfacet
  facet normal -0.464497 0 -0.885574
    outer loop
      vertex -9.15 -3.9 103.472
      vertex -9.28155 -6.9 103.541
      vertex -9.28155 -3.9 103.541
    endloop
  endfacet
  facet normal -0.464497 0 -0.885574
    outer loop
      vertex -9.28155 3.9 103.541
      vertex -9.15 6.9 103.472
      vertex -9.15 3.9 103.472
    endloop
  endfacet
  facet normal -0.464497 0 -0.885574
    outer loop
      vertex -9.15 6.9 103.472
      vertex -9.28155 3.9 103.541
      vertex -9.28155 6.9 103.541
    endloop
  endfacet
  facet normal -0.534003 0 0.845482
    outer loop
      vertex -9.15 -3.9 100.528
      vertex -9.02492 -6.9 100.607
      vertex -9.02492 -3.9 100.607
    endloop
  endfacet
  facet normal -0.534003 0 0.845482
    outer loop
      vertex -9.02492 -6.9 100.607
      vertex -9.15 -3.9 100.528
      vertex -9.15 -6.9 100.528
    endloop
  endfacet
  facet normal -0.534003 0 0.845482
    outer loop
      vertex -9.15 6.9 100.528
      vertex -9.02492 3.9 100.607
      vertex -9.02492 6.9 100.607
    endloop
  endfacet
  facet normal -0.534003 0 0.845482
    outer loop
      vertex -9.02492 3.9 100.607
      vertex -9.15 6.9 100.528
      vertex -9.15 3.9 100.528
    endloop
  endfacet
  facet normal 0.923754 0 -0.382987
    outer loop
      vertex -11.5407 -6.9 102.718
      vertex -11.5975 -3.9 102.581
      vertex -11.5407 -3.9 102.718
    endloop
  endfacet
  facet normal 0.923754 0 -0.382987
    outer loop
      vertex -11.5975 -3.9 102.581
      vertex -11.5407 -6.9 102.718
      vertex -11.5975 -6.9 102.581
    endloop
  endfacet
  facet normal 0.923754 0 -0.382987
    outer loop
      vertex -11.5407 3.9 102.718
      vertex -11.5975 6.9 102.581
      vertex -11.5407 6.9 102.718
    endloop
  endfacet
  facet normal 0.923754 0 -0.382987
    outer loop
      vertex -11.5975 6.9 102.581
      vertex -11.5407 3.9 102.718
      vertex -11.5975 3.9 102.581
    endloop
  endfacet
  facet normal -0.534003 0 -0.845482
    outer loop
      vertex -9.15 -6.9 103.472
      vertex -9.02492 -3.9 103.393
      vertex -9.02492 -6.9 103.393
    endloop
  endfacet
  facet normal -0.534003 0 -0.845482
    outer loop
      vertex -9.02492 -3.9 103.393
      vertex -9.15 -6.9 103.472
      vertex -9.15 -3.9 103.472
    endloop
  endfacet
  facet normal -0.534003 0 -0.845482
    outer loop
      vertex -9.15 3.9 103.472
      vertex -9.02492 6.9 103.393
      vertex -9.02492 3.9 103.393
    endloop
  endfacet
  facet normal -0.534003 0 -0.845482
    outer loop
      vertex -9.02492 6.9 103.393
      vertex -9.15 3.9 103.472
      vertex -9.15 6.9 103.472
    endloop
  endfacet
  facet normal 0.843495 0 -0.537137
    outer loop
      vertex -11.3926 -6.9 102.975
      vertex -11.4722 -3.9 102.85
      vertex -11.3926 -3.9 102.975
    endloop
  endfacet
  facet normal 0.843495 0 -0.537137
    outer loop
      vertex -11.4722 -3.9 102.85
      vertex -11.3926 -6.9 102.975
      vertex -11.4722 -6.9 102.85
    endloop
  endfacet
  facet normal 0.843495 0 -0.537137
    outer loop
      vertex -11.3926 3.9 102.975
      vertex -11.4722 6.9 102.85
      vertex -11.3926 6.9 102.975
    endloop
  endfacet
  facet normal 0.843495 0 -0.537137
    outer loop
      vertex -11.4722 6.9 102.85
      vertex -11.3926 3.9 102.975
      vertex -11.4722 3.9 102.85
    endloop
  endfacet
  facet normal 0.7362 -0 0.676764
    outer loop
      vertex -11.3023 -6.9 100.907
      vertex -11.2021 -3.9 100.798
      vertex -11.3023 -3.9 100.907
    endloop
  endfacet
  facet normal 0.7362 0 0.676764
    outer loop
      vertex -11.2021 -3.9 100.798
      vertex -11.3023 -6.9 100.907
      vertex -11.2021 -6.9 100.798
    endloop
  endfacet
  facet normal 0.7362 -0 0.676764
    outer loop
      vertex -11.3023 3.9 100.907
      vertex -11.2021 6.9 100.798
      vertex -11.3023 6.9 100.907
    endloop
  endfacet
  facet normal 0.7362 0 0.676764
    outer loop
      vertex -11.2021 6.9 100.798
      vertex -11.3023 3.9 100.907
      vertex -11.2021 3.9 100.798
    endloop
  endfacet
  facet normal -0.611788 0 0.791022
    outer loop
      vertex -9.02492 -3.9 100.607
      vertex -8.90726 -6.9 100.698
      vertex -8.90726 -3.9 100.698
    endloop
  endfacet
  facet normal -0.611788 0 0.791022
    outer loop
      vertex -8.90726 -6.9 100.698
      vertex -9.02492 -3.9 100.607
      vertex -9.02492 -6.9 100.607
    endloop
  endfacet
  facet normal -0.611788 0 0.791022
    outer loop
      vertex -9.02492 6.9 100.607
      vertex -8.90726 3.9 100.698
      vertex -8.90726 6.9 100.698
    endloop
  endfacet
  facet normal -0.611788 0 0.791022
    outer loop
      vertex -8.90726 3.9 100.698
      vertex -9.02492 6.9 100.607
      vertex -9.02492 3.9 100.607
    endloop
  endfacet
  facet normal 0.999037 -0 0.0438766
    outer loop
      vertex -11.7 -6.9 102
      vertex -11.6935 -3.9 101.852
      vertex -11.7 -3.9 102
    endloop
  endfacet
  facet normal 0.999037 0 0.0438766
    outer loop
      vertex -11.6935 -3.9 101.852
      vertex -11.7 -6.9 102
      vertex -11.6935 -6.9 101.852
    endloop
  endfacet
  facet normal 0.999037 -0 0.0438766
    outer loop
      vertex -11.7 3.9 102
      vertex -11.6935 6.9 101.852
      vertex -11.7 6.9 102
    endloop
  endfacet
  facet normal 0.999037 0 0.0438766
    outer loop
      vertex -11.6935 6.9 101.852
      vertex -11.7 3.9 102
      vertex -11.6935 3.9 101.852
    endloop
  endfacet
  facet normal -0.674887 0 0.737921
    outer loop
      vertex -8.90726 -3.9 100.698
      vertex -8.79792 -6.9 100.798
      vertex -8.79792 -3.9 100.798
    endloop
  endfacet
  facet normal -0.674887 0 0.737921
    outer loop
      vertex -8.79792 -6.9 100.798
      vertex -8.90726 -3.9 100.698
      vertex -8.90726 -6.9 100.698
    endloop
  endfacet
  facet normal -0.674887 0 0.737921
    outer loop
      vertex -8.90726 6.9 100.698
      vertex -8.79792 3.9 100.798
      vertex -8.79792 6.9 100.798
    endloop
  endfacet
  facet normal -0.674887 0 0.737921
    outer loop
      vertex -8.79792 3.9 100.798
      vertex -8.90726 6.9 100.698
      vertex -8.90726 3.9 100.698
    endloop
  endfacet
  facet normal 0.843495 -0 0.537137
    outer loop
      vertex -11.4722 -6.9 101.15
      vertex -11.3926 -3.9 101.025
      vertex -11.4722 -3.9 101.15
    endloop
  endfacet
  facet normal 0.843495 0 0.537137
    outer loop
      vertex -11.3926 -3.9 101.025
      vertex -11.4722 -6.9 101.15
      vertex -11.3926 -6.9 101.025
    endloop
  endfacet
  facet normal 0.843495 -0 0.537137
    outer loop
      vertex -11.4722 3.9 101.15
      vertex -11.3926 6.9 101.025
      vertex -11.4722 6.9 101.15
    endloop
  endfacet
  facet normal 0.843495 0 0.537137
    outer loop
      vertex -11.3926 6.9 101.025
      vertex -11.4722 3.9 101.15
      vertex -11.3926 3.9 101.025
    endloop
  endfacet
  facet normal -0.84325 0 0.537521
    outer loop
      vertex -8.60744 -6.9 101.025
      vertex -8.52776 -3.9 101.15
      vertex -8.60744 -3.9 101.025
    endloop
  endfacet
  facet normal -0.84325 0 0.537521
    outer loop
      vertex -8.52776 -3.9 101.15
      vertex -8.60744 -6.9 101.025
      vertex -8.52776 -6.9 101.15
    endloop
  endfacet
  facet normal -0.84325 0 0.537521
    outer loop
      vertex -8.60744 3.9 101.025
      vertex -8.52776 6.9 101.15
      vertex -8.60744 6.9 101.025
    endloop
  endfacet
  facet normal -0.84325 0 0.537521
    outer loop
      vertex -8.52776 6.9 101.15
      vertex -8.60744 3.9 101.025
      vertex -8.52776 3.9 101.15
    endloop
  endfacet
  facet normal -0.736234 0 0.676727
    outer loop
      vertex -8.79792 -6.9 100.798
      vertex -8.69773 -3.9 100.907
      vertex -8.79792 -3.9 100.798
    endloop
  endfacet
  facet normal -0.736234 0 0.676727
    outer loop
      vertex -8.69773 -3.9 100.907
      vertex -8.79792 -6.9 100.798
      vertex -8.69773 -6.9 100.907
    endloop
  endfacet
  facet normal -0.736234 0 0.676727
    outer loop
      vertex -8.79792 3.9 100.798
      vertex -8.69773 6.9 100.907
      vertex -8.79792 6.9 100.798
    endloop
  endfacet
  facet normal -0.736234 0 0.676727
    outer loop
      vertex -8.69773 6.9 100.907
      vertex -8.79792 3.9 100.798
      vertex -8.69773 3.9 100.907
    endloop
  endfacet
  facet normal 0.533942 0 0.845521
    outer loop
      vertex -10.9751 -3.9 100.607
      vertex -10.85 -6.9 100.528
      vertex -10.85 -3.9 100.528
    endloop
  endfacet
  facet normal 0.533942 0 0.845521
    outer loop
      vertex -10.85 -6.9 100.528
      vertex -10.9751 -3.9 100.607
      vertex -10.9751 -6.9 100.607
    endloop
  endfacet
  facet normal 0.533942 0 0.845521
    outer loop
      vertex -10.9751 6.9 100.607
      vertex -10.85 3.9 100.528
      vertex -10.85 6.9 100.528
    endloop
  endfacet
  facet normal 0.533942 0 0.845521
    outer loop
      vertex -10.85 3.9 100.528
      vertex -10.9751 6.9 100.607
      vertex -10.9751 3.9 100.607
    endloop
  endfacet
  facet normal 0.611983 0 0.790871
    outer loop
      vertex -11.0927 -3.9 100.698
      vertex -10.9751 -6.9 100.607
      vertex -10.9751 -3.9 100.607
    endloop
  endfacet
  facet normal 0.611983 0 0.790871
    outer loop
      vertex -10.9751 -6.9 100.607
      vertex -11.0927 -3.9 100.698
      vertex -11.0927 -6.9 100.698
    endloop
  endfacet
  facet normal 0.611983 0 0.790871
    outer loop
      vertex -11.0927 6.9 100.698
      vertex -10.9751 3.9 100.607
      vertex -10.9751 6.9 100.607
    endloop
  endfacet
  facet normal 0.611983 0 0.790871
    outer loop
      vertex -10.9751 3.9 100.607
      vertex -11.0927 6.9 100.698
      vertex -11.0927 3.9 100.698
    endloop
  endfacet
  facet normal 0.215788 0 0.97644
    outer loop
      vertex -10.44 -3.9 100.358
      vertex -10.2952 -6.9 100.326
      vertex -10.2952 -3.9 100.326
    endloop
  endfacet
  facet normal 0.215788 0 0.97644
    outer loop
      vertex -10.2952 -6.9 100.326
      vertex -10.44 -3.9 100.358
      vertex -10.44 -6.9 100.358
    endloop
  endfacet
  facet normal 0.215788 0 0.97644
    outer loop
      vertex -10.44 6.9 100.358
      vertex -10.2952 3.9 100.326
      vertex -10.2952 6.9 100.326
    endloop
  endfacet
  facet normal 0.215788 0 0.97644
    outer loop
      vertex -10.2952 3.9 100.326
      vertex -10.44 6.9 100.358
      vertex -10.44 3.9 100.358
    endloop
  endfacet
  facet normal 0.134812 0 0.990871
    outer loop
      vertex -10.2952 -3.9 100.326
      vertex -10.1482 -6.9 100.306
      vertex -10.1482 -3.9 100.306
    endloop
  endfacet
  facet normal 0.134812 0 0.990871
    outer loop
      vertex -10.1482 -6.9 100.306
      vertex -10.2952 -3.9 100.326
      vertex -10.2952 -6.9 100.326
    endloop
  endfacet
  facet normal 0.134812 0 0.990871
    outer loop
      vertex -10.2952 6.9 100.326
      vertex -10.1482 3.9 100.306
      vertex -10.1482 6.9 100.306
    endloop
  endfacet
  facet normal 0.134812 0 0.990871
    outer loop
      vertex -10.1482 3.9 100.306
      vertex -10.2952 6.9 100.326
      vertex -10.2952 3.9 100.326
    endloop
  endfacet
  facet normal -0.755689 -1.89417e-05 0.654931
    outer loop
      vertex -45 6 18.1
      vertex -42.3133 4.67015 21.2
      vertex -20.8551 6 45.9595
    endloop
  endfacet
  facet normal -0.755546 0.000652934 0.655095
    outer loop
      vertex -45 6 18.1
      vertex -42.44 4.64207 21.0539
      vertex -42.3133 4.67015 21.2
    endloop
  endfacet
  facet normal -0.755749 -0.000236438 0.654862
    outer loop
      vertex -45 6 18.1
      vertex -42.5814 4.59748 20.8907
      vertex -42.44 4.64207 21.0539
    endloop
  endfacet
  facet normal -0.755579 0.000445848 0.655057
    outer loop
      vertex -45 6 18.1
      vertex -42.7185 4.54072 20.7326
      vertex -42.5814 4.59748 20.8907
    endloop
  endfacet
  facet normal -0.755776 -0.000272366 0.65483
    outer loop
      vertex -45 6 18.1
      vertex -42.85 4.47224 20.5808
      vertex -42.7185 4.54072 20.7326
    endloop
  endfacet
  facet normal -0.755755 -0.000202219 0.654855
    outer loop
      vertex -45 6 18.1
      vertex -42.9751 4.39256 20.4364
      vertex -42.85 4.47224 20.5808
    endloop
  endfacet
  facet normal -0.755697 -3.22122e-05 0.654922
    outer loop
      vertex -45 6 18.1
      vertex -43.0927 4.30227 20.3007
      vertex -42.9751 4.39256 20.4364
    endloop
  endfacet
  facet normal -0.755648 9.61547e-05 0.654978
    outer loop
      vertex -45 6 18.1
      vertex -43.2021 4.20208 20.1745
      vertex -43.0927 4.30227 20.3007
    endloop
  endfacet
  facet normal -0.755668 4.80871e-05 0.654954
    outer loop
      vertex -45 6 18.1
      vertex -43.3023 4.09274 20.0589
      vertex -43.2021 4.20208 20.1745
    endloop
  endfacet
  facet normal -0.755702 -2.05466e-05 0.654916
    outer loop
      vertex -45 6 18.1
      vertex -43.3926 3.97508 19.9547
      vertex -43.3023 4.09274 20.0589
    endloop
  endfacet
  facet normal -0.755774 -0.000155358 0.654832
    outer loop
      vertex -45 6 18.1
      vertex -43.4722 3.85 19.8628
      vertex -43.3926 3.97508 19.9547
    endloop
  endfacet
  facet normal -0.755617 0.000104574 0.655013
    outer loop
      vertex -45 6 18.1
      vertex -43.5407 3.71845 19.7838
      vertex -43.4722 3.85 19.8628
    endloop
  endfacet
  facet normal -0.755613 0.000110692 0.655018
    outer loop
      vertex -45 6 18.1
      vertex -43.5975 3.58143 19.7183
      vertex -43.5407 3.71845 19.7838
    endloop
  endfacet
  facet normal -0.755778 -0.00011241 0.654827
    outer loop
      vertex -45 6 18.1
      vertex -43.6421 3.43999 19.6668
      vertex -43.5975 3.58143 19.7183
    endloop
  endfacet
  facet normal -0.755589 0.000122134 0.655046
    outer loop
      vertex -45 6 18.1
      vertex -43.6742 3.2952 19.6298
      vertex -43.6421 3.43999 19.6668
    endloop
  endfacet
  facet normal -0.755789 -0.000106509 0.654815
    outer loop
      vertex -45 6 18.1
      vertex -43.6935 3.14816 19.6075
      vertex -43.6742 3.2952 19.6298
    endloop
  endfacet
  facet normal -0.755689 1.09698e-14 0.654931
    outer loop
      vertex -45 6 18.1
      vertex -43.7 3 19.6
      vertex -43.6935 3.14816 19.6075
    endloop
  endfacet
  facet normal -0.755689 -1.34402e-14 0.654931
    outer loop
      vertex -45 6 18.1
      vertex -43.6935 2.85183 19.6075
      vertex -43.7 3 19.6
    endloop
  endfacet
  facet normal -0.755482 0.000200539 0.65517
    outer loop
      vertex -45 6 18.1
      vertex -43.6742 2.7048 19.6298
      vertex -43.6935 2.85183 19.6075
    endloop
  endfacet
  facet normal -0.756116 -0.000394697 0.654437
    outer loop
      vertex -45 6 18.1
      vertex -43.6421 2.56001 19.6668
      vertex -43.6742 2.7048 19.6298
    endloop
  endfacet
  facet normal -0.755687 0 0.654932
    outer loop
      vertex -43.6421 -2.56001 19.6668
      vertex -43.6421 2.56001 19.6668
      vertex -45 6 18.1
    endloop
  endfacet
  facet normal -0.755484 0 0.655167
    outer loop
      vertex -42.44 1.35793 21.0539
      vertex -42.3133 -1.32985 21.2
      vertex -42.3133 1.32985 21.2
    endloop
  endfacet
  facet normal -0.755781 0 0.654825
    outer loop
      vertex -42.44 -1.35793 21.0539
      vertex -42.44 1.35793 21.0539
      vertex -42.5814 1.40252 20.8907
    endloop
  endfacet
  facet normal -0.7555 0 0.655149
    outer loop
      vertex -42.5814 -1.40252 20.8907
      vertex -42.5814 1.40252 20.8907
      vertex -42.7185 1.45928 20.7326
    endloop
  endfacet
  facet normal -0.755837 0 0.65476
    outer loop
      vertex -42.7185 -1.45928 20.7326
      vertex -42.7185 1.45928 20.7326
      vertex -42.85 1.52776 20.5808
    endloop
  endfacet
  facet normal -0.75581 0 0.654791
    outer loop
      vertex -42.85 -1.52776 20.5808
      vertex -42.85 1.52776 20.5808
      vertex -42.9751 1.60744 20.4364
    endloop
  endfacet
  facet normal -0.755707 0 0.654909
    outer loop
      vertex -42.9751 -1.60744 20.4364
      vertex -42.9751 1.60744 20.4364
      vertex -43.0927 1.69772 20.3007
    endloop
  endfacet
  facet normal -0.75561 0 0.655022
    outer loop
      vertex -43.0927 -1.69772 20.3007
      vertex -43.0927 1.69772 20.3007
      vertex -43.2021 1.79792 20.1745
    endloop
  endfacet
  facet normal -0.755646 0 0.65498
    outer loop
      vertex -43.2021 -1.79792 20.1745
      vertex -43.2021 1.79792 20.1745
      vertex -43.3023 1.90726 20.0589
    endloop
  endfacet
  facet normal -0.755713 0 0.654903
    outer loop
      vertex -43.3023 -1.90726 20.0589
      vertex -43.3023 1.90726 20.0589
      vertex -43.3926 2.02492 19.9547
    endloop
  endfacet
  facet normal -0.755879 0 0.654711
    outer loop
      vertex -43.3926 -2.02492 19.9547
      vertex -43.3926 2.02492 19.9547
      vertex -43.4722 2.15 19.8628
    endloop
  endfacet
  facet normal -0.755531 0 0.655113
    outer loop
      vertex -43.4722 -2.15 19.8628
      vertex -43.4722 2.15 19.8628
      vertex -43.5407 2.28155 19.7838
    endloop
  endfacet
  facet normal -0.755499 0 0.65515
    outer loop
      vertex -43.5407 -2.28155 19.7838
      vertex -43.5407 2.28155 19.7838
      vertex -43.5975 2.41857 19.7183
    endloop
  endfacet
  facet normal -0.755931 0 0.654651
    outer loop
      vertex -43.6421 2.56001 19.6668
      vertex -43.6421 -2.56001 19.6668
      vertex -43.5975 2.41857 19.7183
    endloop
  endfacet
  facet normal -0.755484 0 0.655167
    outer loop
      vertex -42.44 1.35793 21.0539
      vertex -42.44 -1.35793 21.0539
      vertex -42.3133 -1.32985 21.2
    endloop
  endfacet
  facet normal -0.755781 0 0.654825
    outer loop
      vertex -42.5814 1.40252 20.8907
      vertex -42.5814 -1.40252 20.8907
      vertex -42.44 -1.35793 21.0539
    endloop
  endfacet
  facet normal -0.7555 0 0.655149
    outer loop
      vertex -42.7185 1.45928 20.7326
      vertex -42.7185 -1.45928 20.7326
      vertex -42.5814 -1.40252 20.8907
    endloop
  endfacet
  facet normal -0.755837 0 0.65476
    outer loop
      vertex -42.85 1.52776 20.5808
      vertex -42.85 -1.52776 20.5808
      vertex -42.7185 -1.45928 20.7326
    endloop
  endfacet
  facet normal -0.75581 0 0.654791
    outer loop
      vertex -42.9751 1.60744 20.4364
      vertex -42.9751 -1.60744 20.4364
      vertex -42.85 -1.52776 20.5808
    endloop
  endfacet
  facet normal -0.755707 0 0.654909
    outer loop
      vertex -43.0927 1.69772 20.3007
      vertex -43.0927 -1.69772 20.3007
      vertex -42.9751 -1.60744 20.4364
    endloop
  endfacet
  facet normal -0.75561 0 0.655022
    outer loop
      vertex -43.2021 1.79792 20.1745
      vertex -43.2021 -1.79792 20.1745
      vertex -43.0927 -1.69772 20.3007
    endloop
  endfacet
  facet normal -0.755646 0 0.65498
    outer loop
      vertex -43.3023 1.90726 20.0589
      vertex -43.3023 -1.90726 20.0589
      vertex -43.2021 -1.79792 20.1745
    endloop
  endfacet
  facet normal -0.755713 0 0.654903
    outer loop
      vertex -43.3926 2.02492 19.9547
      vertex -43.3926 -2.02492 19.9547
      vertex -43.3023 -1.90726 20.0589
    endloop
  endfacet
  facet normal -0.755879 0 0.654711
    outer loop
      vertex -43.4722 2.15 19.8628
      vertex -43.4722 -2.15 19.8628
      vertex -43.3926 -2.02492 19.9547
    endloop
  endfacet
  facet normal -0.755531 0 0.655113
    outer loop
      vertex -43.5407 2.28155 19.7838
      vertex -43.5407 -2.28155 19.7838
      vertex -43.4722 -2.15 19.8628
    endloop
  endfacet
  facet normal -0.755499 0 0.65515
    outer loop
      vertex -43.5975 2.41857 19.7183
      vertex -43.5975 -2.41857 19.7183
      vertex -43.5407 -2.28155 19.7838
    endloop
  endfacet
  facet normal -0.755931 0 0.654651
    outer loop
      vertex -43.5975 2.41857 19.7183
      vertex -43.6421 -2.56001 19.6668
      vertex -43.5975 -2.41857 19.7183
    endloop
  endfacet
  facet normal -0.755492 7.22445e-05 0.655158
    outer loop
      vertex -45 6 18.1
      vertex -43.6742 -2.7048 19.6298
      vertex -43.6421 -2.56001 19.6668
    endloop
  endfacet
  facet normal -0.755696 0 0.654923
    outer loop
      vertex -45 -6 18.1
      vertex -43.6742 -2.7048 19.6298
      vertex -45 6 18.1
    endloop
  endfacet
  facet normal -0.755482 -0.000200539 0.65517
    outer loop
      vertex -43.6742 -2.7048 19.6298
      vertex -45 -6 18.1
      vertex -43.6935 -2.85183 19.6075
    endloop
  endfacet
  facet normal -0.755689 1.3519e-14 0.654931
    outer loop
      vertex -43.6935 -2.85183 19.6075
      vertex -45 -6 18.1
      vertex -43.7 -3 19.6
    endloop
  endfacet
  facet normal -0.755689 -1.10341e-14 0.654931
    outer loop
      vertex -43.7 -3 19.6
      vertex -45 -6 18.1
      vertex -43.6935 -3.14816 19.6075
    endloop
  endfacet
  facet normal -0.755546 -0.000652934 0.655095
    outer loop
      vertex -42.44 -4.64207 21.0539
      vertex -45 -6 18.1
      vertex -42.3133 -4.67015 21.2
    endloop
  endfacet
  facet normal -0.755749 0.000236438 0.654862
    outer loop
      vertex -42.5814 -4.59748 20.8907
      vertex -45 -6 18.1
      vertex -42.44 -4.64207 21.0539
    endloop
  endfacet
  facet normal -0.755579 -0.000445848 0.655057
    outer loop
      vertex -42.7185 -4.54072 20.7326
      vertex -45 -6 18.1
      vertex -42.5814 -4.59748 20.8907
    endloop
  endfacet
  facet normal -0.755776 0.000272366 0.65483
    outer loop
      vertex -42.85 -4.47224 20.5808
      vertex -45 -6 18.1
      vertex -42.7185 -4.54072 20.7326
    endloop
  endfacet
  facet normal -0.755755 0.000202219 0.654855
    outer loop
      vertex -42.9751 -4.39256 20.4364
      vertex -45 -6 18.1
      vertex -42.85 -4.47224 20.5808
    endloop
  endfacet
  facet normal -0.755697 3.22122e-05 0.654922
    outer loop
      vertex -43.0927 -4.30227 20.3007
      vertex -45 -6 18.1
      vertex -42.9751 -4.39256 20.4364
    endloop
  endfacet
  facet normal -0.755648 -9.61547e-05 0.654978
    outer loop
      vertex -43.2021 -4.20208 20.1745
      vertex -45 -6 18.1
      vertex -43.0927 -4.30227 20.3007
    endloop
  endfacet
  facet normal -0.755668 -4.80871e-05 0.654954
    outer loop
      vertex -43.3023 -4.09274 20.0589
      vertex -45 -6 18.1
      vertex -43.2021 -4.20208 20.1745
    endloop
  endfacet
  facet normal -0.755702 2.05466e-05 0.654916
    outer loop
      vertex -43.3926 -3.97508 19.9547
      vertex -45 -6 18.1
      vertex -43.3023 -4.09274 20.0589
    endloop
  endfacet
  facet normal -0.755774 0.000155358 0.654832
    outer loop
      vertex -43.4722 -3.85 19.8628
      vertex -45 -6 18.1
      vertex -43.3926 -3.97508 19.9547
    endloop
  endfacet
  facet normal -0.755617 -0.000104574 0.655013
    outer loop
      vertex -43.5407 -3.71845 19.7838
      vertex -45 -6 18.1
      vertex -43.4722 -3.85 19.8628
    endloop
  endfacet
  facet normal -0.755613 -0.000110692 0.655018
    outer loop
      vertex -43.5975 -3.58143 19.7183
      vertex -45 -6 18.1
      vertex -43.5407 -3.71845 19.7838
    endloop
  endfacet
  facet normal -0.755778 0.00011241 0.654827
    outer loop
      vertex -43.6421 -3.43999 19.6668
      vertex -45 -6 18.1
      vertex -43.5975 -3.58143 19.7183
    endloop
  endfacet
  facet normal -0.755589 -0.000122134 0.655046
    outer loop
      vertex -43.6742 -3.2952 19.6298
      vertex -45 -6 18.1
      vertex -43.6421 -3.43999 19.6668
    endloop
  endfacet
  facet normal -0.755789 0.000106509 0.654815
    outer loop
      vertex -43.6935 -3.14816 19.6075
      vertex -45 -6 18.1
      vertex -43.6742 -3.2952 19.6298
    endloop
  endfacet
  facet normal -0.75569 0 0.65493
    outer loop
      vertex -42.3133 1.32985 21.2
      vertex -20.8551 6 45.9595
      vertex -42.3133 4.67015 21.2
    endloop
  endfacet
  facet normal -0.75569 0 0.65493
    outer loop
      vertex -42.3133 -1.32985 21.2
      vertex -20.8551 6 45.9595
      vertex -42.3133 1.32985 21.2
    endloop
  endfacet
  facet normal -0.75569 0 0.65493
    outer loop
      vertex -20.8551 -6 45.9595
      vertex -42.3133 -1.32985 21.2
      vertex -42.3133 -4.67015 21.2
    endloop
  endfacet
  facet normal -0.75569 0 0.65493
    outer loop
      vertex -42.3133 -1.32985 21.2
      vertex -20.8551 -6 45.9595
      vertex -20.8551 6 45.9595
    endloop
  endfacet
  facet normal -0.755689 1.89417e-05 0.654931
    outer loop
      vertex -20.8551 -6 45.9595
      vertex -42.3133 -4.67015 21.2
      vertex -45 -6 18.1
    endloop
  endfacet
  facet normal -1 0 0
    outer loop
      vertex -45 -6 17.9
      vertex -45 6 18.1
      vertex -45 6 17.9
    endloop
  endfacet
  facet normal -1 -0 0
    outer loop
      vertex -45 6 18.1
      vertex -45 -6 17.9
      vertex -45 -6 18.1
    endloop
  endfacet
  facet normal 0 0 -1
    outer loop
      vertex -39 -6 17.9
      vertex -40.3258 -2.7048 17.9
      vertex -39 6 17.9
    endloop
  endfacet
  facet normal 0 0 -1
    outer loop
      vertex -39 6 17.9
      vertex -40.3065 2.85183 17.9
      vertex -40.3 3 17.9
    endloop
  endfacet
  facet normal 0 0 -1
    outer loop
      vertex -40.3258 2.7048 17.9
      vertex -39 6 17.9
      vertex -40.3258 -2.7048 17.9
    endloop
  endfacet
  facet normal 0 0 -1
    outer loop
      vertex -39 6 17.9
      vertex -40.3258 2.7048 17.9
      vertex -40.3065 2.85183 17.9
    endloop
  endfacet
  facet normal 0 0 -1
    outer loop
      vertex -40.3579 -2.56001 17.9
      vertex -40.3258 2.7048 17.9
      vertex -40.3258 -2.7048 17.9
    endloop
  endfacet
  facet normal 0 0 -1
    outer loop
      vertex -40.3579 -2.56001 17.9
      vertex -40.3579 2.56001 17.9
      vertex -40.3258 2.7048 17.9
    endloop
  endfacet
  facet normal 0 0 -1
    outer loop
      vertex -40.4025 -2.41857 17.9
      vertex -40.3579 2.56001 17.9
      vertex -40.3579 -2.56001 17.9
    endloop
  endfacet
  facet normal 0 0 -1
    outer loop
      vertex -40.4025 -2.41857 17.9
      vertex -40.4025 2.41857 17.9
      vertex -40.3579 2.56001 17.9
    endloop
  endfacet
  facet normal 0 0 -1
    outer loop
      vertex -40.4593 -2.28155 17.9
      vertex -40.4025 2.41857 17.9
      vertex -40.4025 -2.41857 17.9
    endloop
  endfacet
  facet normal 0 0 -1
    outer loop
      vertex -40.4593 -2.28155 17.9
      vertex -40.4593 2.28155 17.9
      vertex -40.4025 2.41857 17.9
    endloop
  endfacet
  facet normal 0 0 -1
    outer loop
      vertex -40.5278 -2.15 17.9
      vertex -40.4593 2.28155 17.9
      vertex -40.4593 -2.28155 17.9
    endloop
  endfacet
  facet normal 0 0 -1
    outer loop
      vertex -40.5278 -2.15 17.9
      vertex -40.5278 2.15 17.9
      vertex -40.4593 2.28155 17.9
    endloop
  endfacet
  facet normal 0 0 -1
    outer loop
      vertex -40.6074 -2.02492 17.9
      vertex -40.5278 2.15 17.9
      vertex -40.5278 -2.15 17.9
    endloop
  endfacet
  facet normal 0 0 -1
    outer loop
      vertex -40.6074 -2.02492 17.9
      vertex -40.6074 2.02492 17.9
      vertex -40.5278 2.15 17.9
    endloop
  endfacet
  facet normal 0 0 -1
    outer loop
      vertex -40.6977 -1.90726 17.9
      vertex -40.6074 2.02492 17.9
      vertex -40.6074 -2.02492 17.9
    endloop
  endfacet
  facet normal 0 0 -1
    outer loop
      vertex -40.6977 -1.90726 17.9
      vertex -40.6977 1.90726 17.9
      vertex -40.6074 2.02492 17.9
    endloop
  endfacet
  facet normal 0 0 -1
    outer loop
      vertex -40.7979 -1.79792 17.9
      vertex -40.6977 1.90726 17.9
      vertex -40.6977 -1.90726 17.9
    endloop
  endfacet
  facet normal 0 0 -1
    outer loop
      vertex -40.7979 -1.79792 17.9
      vertex -40.7979 1.79792 17.9
      vertex -40.6977 1.90726 17.9
    endloop
  endfacet
  facet normal 0 0 -1
    outer loop
      vertex -40.9073 -1.69772 17.9
      vertex -40.7979 1.79792 17.9
      vertex -40.7979 -1.79792 17.9
    endloop
  endfacet
  facet normal 0 0 -1
    outer loop
      vertex -40.9073 -1.69772 17.9
      vertex -40.9073 1.69772 17.9
      vertex -40.7979 1.79792 17.9
    endloop
  endfacet
  facet normal 0 0 -1
    outer loop
      vertex -41.0249 -1.60744 17.9
      vertex -40.9073 1.69772 17.9
      vertex -40.9073 -1.69772 17.9
    endloop
  endfacet
  facet normal 0 0 -1
    outer loop
      vertex -41.0249 -1.60744 17.9
      vertex -41.0249 1.60744 17.9
      vertex -40.9073 1.69772 17.9
    endloop
  endfacet
  facet normal 0 0 -1
    outer loop
      vertex -41.15 -1.52776 17.9
      vertex -41.0249 1.60744 17.9
      vertex -41.0249 -1.60744 17.9
    endloop
  endfacet
  facet normal 0 0 -1
    outer loop
      vertex -41.15 -1.52776 17.9
      vertex -41.15 1.52776 17.9
      vertex -41.0249 1.60744 17.9
    endloop
  endfacet
  facet normal 0 0 -1
    outer loop
      vertex -41.2815 -1.45928 17.9
      vertex -41.15 1.52776 17.9
      vertex -41.15 -1.52776 17.9
    endloop
  endfacet
  facet normal 0 0 -1
    outer loop
      vertex -41.2815 -1.45928 17.9
      vertex -41.2815 1.45928 17.9
      vertex -41.15 1.52776 17.9
    endloop
  endfacet
  facet normal 0 0 -1
    outer loop
      vertex -41.4186 -1.40252 17.9
      vertex -41.2815 1.45928 17.9
      vertex -41.2815 -1.45928 17.9
    endloop
  endfacet
  facet normal 0 0 -1
    outer loop
      vertex -41.4186 -1.40252 17.9
      vertex -41.4186 1.40252 17.9
      vertex -41.2815 1.45928 17.9
    endloop
  endfacet
  facet normal 0 0 -1
    outer loop
      vertex -41.56 -1.35793 17.9
      vertex -41.4186 1.40252 17.9
      vertex -41.4186 -1.40252 17.9
    endloop
  endfacet
  facet normal 0 0 -1
    outer loop
      vertex -41.56 -1.35793 17.9
      vertex -41.56 1.35793 17.9
      vertex -41.4186 1.40252 17.9
    endloop
  endfacet
  facet normal 0 0 -1
    outer loop
      vertex -41.7048 -1.32583 17.9
      vertex -41.56 1.35793 17.9
      vertex -41.56 -1.35793 17.9
    endloop
  endfacet
  facet normal 0 0 -1
    outer loop
      vertex -41.7048 -1.32583 17.9
      vertex -41.7048 1.32583 17.9
      vertex -41.56 1.35793 17.9
    endloop
  endfacet
  facet normal 0 0 -1
    outer loop
      vertex -41.8518 -1.30647 17.9
      vertex -41.7048 1.32583 17.9
      vertex -41.7048 -1.32583 17.9
    endloop
  endfacet
  facet normal 0 0 -1
    outer loop
      vertex -41.8518 -1.30647 17.9
      vertex -41.8518 1.30647 17.9
      vertex -41.7048 1.32583 17.9
    endloop
  endfacet
  facet normal 0 0 -1
    outer loop
      vertex -42 -1.3 17.9
      vertex -41.8518 1.30647 17.9
      vertex -41.8518 -1.30647 17.9
    endloop
  endfacet
  facet normal 0 0 -1
    outer loop
      vertex -42 -1.3 17.9
      vertex -42 1.3 17.9
      vertex -41.8518 1.30647 17.9
    endloop
  endfacet
  facet normal 0 0 -1
    outer loop
      vertex -42.1482 -1.30647 17.9
      vertex -42 1.3 17.9
      vertex -42 -1.3 17.9
    endloop
  endfacet
  facet normal 0 0 -1
    outer loop
      vertex -42.1482 -1.30647 17.9
      vertex -42.1482 1.30647 17.9
      vertex -42 1.3 17.9
    endloop
  endfacet
  facet normal 0 0 -1
    outer loop
      vertex -42.2952 -1.32583 17.9
      vertex -42.1482 1.30647 17.9
      vertex -42.1482 -1.30647 17.9
    endloop
  endfacet
  facet normal 0 0 -1
    outer loop
      vertex -42.2952 -1.32583 17.9
      vertex -42.2952 1.32583 17.9
      vertex -42.1482 1.30647 17.9
    endloop
  endfacet
  facet normal 0 0 -1
    outer loop
      vertex -42.44 -1.35793 17.9
      vertex -42.2952 1.32583 17.9
      vertex -42.2952 -1.32583 17.9
    endloop
  endfacet
  facet normal 0 0 -1
    outer loop
      vertex -42.44 -1.35793 17.9
      vertex -42.44 1.35793 17.9
      vertex -42.2952 1.32583 17.9
    endloop
  endfacet
  facet normal 0 0 -1
    outer loop
      vertex -42.5814 -1.40252 17.9
      vertex -42.44 1.35793 17.9
      vertex -42.44 -1.35793 17.9
    endloop
  endfacet
  facet normal 0 0 -1
    outer loop
      vertex -42.5814 -1.40252 17.9
      vertex -42.5814 1.40252 17.9
      vertex -42.44 1.35793 17.9
    endloop
  endfacet
  facet normal 0 0 -1
    outer loop
      vertex -42.7185 -1.45928 17.9
      vertex -42.5814 1.40252 17.9
      vertex -42.5814 -1.40252 17.9
    endloop
  endfacet
  facet normal 0 0 -1
    outer loop
      vertex -42.7185 -1.45928 17.9
      vertex -42.7185 1.45928 17.9
      vertex -42.5814 1.40252 17.9
    endloop
  endfacet
  facet normal 0 0 -1
    outer loop
      vertex -42.85 -1.52776 17.9
      vertex -42.7185 1.45928 17.9
      vertex -42.7185 -1.45928 17.9
    endloop
  endfacet
  facet normal 0 0 -1
    outer loop
      vertex -42.85 -1.52776 17.9
      vertex -42.85 1.52776 17.9
      vertex -42.7185 1.45928 17.9
    endloop
  endfacet
  facet normal 0 0 -1
    outer loop
      vertex -42.9751 -1.60744 17.9
      vertex -42.85 1.52776 17.9
      vertex -42.85 -1.52776 17.9
    endloop
  endfacet
  facet normal 0 0 -1
    outer loop
      vertex -42.9751 -1.60744 17.9
      vertex -42.9751 1.60744 17.9
      vertex -42.85 1.52776 17.9
    endloop
  endfacet
  facet normal 0 0 -1
    outer loop
      vertex -43.0927 -1.69772 17.9
      vertex -42.9751 1.60744 17.9
      vertex -42.9751 -1.60744 17.9
    endloop
  endfacet
  facet normal 0 0 -1
    outer loop
      vertex -43.0927 -1.69772 17.9
      vertex -43.0927 1.69772 17.9
      vertex -42.9751 1.60744 17.9
    endloop
  endfacet
  facet normal 0 0 -1
    outer loop
      vertex -43.2021 -1.79792 17.9
      vertex -43.0927 1.69772 17.9
      vertex -43.0927 -1.69772 17.9
    endloop
  endfacet
  facet normal 0 0 -1
    outer loop
      vertex -43.2021 -1.79792 17.9
      vertex -43.2021 1.79792 17.9
      vertex -43.0927 1.69772 17.9
    endloop
  endfacet
  facet normal 0 0 -1
    outer loop
      vertex -43.3023 -1.90726 17.9
      vertex -43.2021 1.79792 17.9
      vertex -43.2021 -1.79792 17.9
    endloop
  endfacet
  facet normal 0 0 -1
    outer loop
      vertex -43.3023 -1.90726 17.9
      vertex -43.3023 1.90726 17.9
      vertex -43.2021 1.79792 17.9
    endloop
  endfacet
  facet normal 0 0 -1
    outer loop
      vertex -43.3926 -2.02492 17.9
      vertex -43.3023 1.90726 17.9
      vertex -43.3023 -1.90726 17.9
    endloop
  endfacet
  facet normal 0 0 -1
    outer loop
      vertex -43.3926 -2.02492 17.9
      vertex -43.3926 2.02492 17.9
      vertex -43.3023 1.90726 17.9
    endloop
  endfacet
  facet normal 0 0 -1
    outer loop
      vertex -43.4722 -2.15 17.9
      vertex -43.3926 2.02492 17.9
      vertex -43.3926 -2.02492 17.9
    endloop
  endfacet
  facet normal 0 0 -1
    outer loop
      vertex -43.4722 -2.15 17.9
      vertex -43.4722 2.15 17.9
      vertex -43.3926 2.02492 17.9
    endloop
  endfacet
  facet normal 0 0 -1
    outer loop
      vertex -43.5407 -2.28155 17.9
      vertex -43.4722 2.15 17.9
      vertex -43.4722 -2.15 17.9
    endloop
  endfacet
  facet normal 0 0 -1
    outer loop
      vertex -43.5407 -2.28155 17.9
      vertex -43.5407 2.28155 17.9
      vertex -43.4722 2.15 17.9
    endloop
  endfacet
  facet normal 0 0 -1
    outer loop
      vertex -43.5975 -2.41857 17.9
      vertex -43.5407 2.28155 17.9
      vertex -43.5407 -2.28155 17.9
    endloop
  endfacet
  facet normal 0 0 -1
    outer loop
      vertex -43.5975 -2.41857 17.9
      vertex -43.5975 2.41857 17.9
      vertex -43.5407 2.28155 17.9
    endloop
  endfacet
  facet normal 0 0 -1
    outer loop
      vertex -43.6421 -2.56001 17.9
      vertex -43.5975 2.41857 17.9
      vertex -43.5975 -2.41857 17.9
    endloop
  endfacet
  facet normal 0 0 -1
    outer loop
      vertex -43.6421 -2.56001 17.9
      vertex -43.6421 2.56001 17.9
      vertex -43.5975 2.41857 17.9
    endloop
  endfacet
  facet normal 0 0 -1
    outer loop
      vertex -43.6742 -2.7048 17.9
      vertex -43.6421 2.56001 17.9
      vertex -43.6421 -2.56001 17.9
    endloop
  endfacet
  facet normal 0 0 -1
    outer loop
      vertex -43.6742 -2.7048 17.9
      vertex -43.6742 2.7048 17.9
      vertex -43.6421 2.56001 17.9
    endloop
  endfacet
  facet normal 0 0 -1
    outer loop
      vertex -45 -6 17.9
      vertex -43.6742 -2.7048 17.9
      vertex -43.6935 -2.85183 17.9
    endloop
  endfacet
  facet normal -0 0 -1
    outer loop
      vertex -43.6742 -2.7048 17.9
      vertex -45 -6 17.9
      vertex -43.6742 2.7048 17.9
    endloop
  endfacet
  facet normal 0 0 -1
    outer loop
      vertex -45 -6 17.9
      vertex -43.6935 -2.85183 17.9
      vertex -43.7 -3 17.9
    endloop
  endfacet
  facet normal 0 0 -1
    outer loop
      vertex -45 6 17.9
      vertex -43.6742 2.7048 17.9
      vertex -45 -6 17.9
    endloop
  endfacet
  facet normal 0 0 -1
    outer loop
      vertex -40.3065 -2.85183 17.9
      vertex -39 -6 17.9
      vertex -40.3 -3 17.9
    endloop
  endfacet
  facet normal 0 0 -1
    outer loop
      vertex -39 -6 17.9
      vertex -40.3065 -3.14816 17.9
      vertex -40.3 -3 17.9
    endloop
  endfacet
  facet normal 0 0 -1
    outer loop
      vertex -39 -6 17.9
      vertex -40.3258 -3.2952 17.9
      vertex -40.3065 -3.14816 17.9
    endloop
  endfacet
  facet normal 0 0 -1
    outer loop
      vertex -39 -6 17.9
      vertex -40.3579 -3.43999 17.9
      vertex -40.3258 -3.2952 17.9
    endloop
  endfacet
  facet normal 0 0 -1
    outer loop
      vertex -39 -6 17.9
      vertex -40.4025 -3.58143 17.9
      vertex -40.3579 -3.43999 17.9
    endloop
  endfacet
  facet normal 0 0 -1
    outer loop
      vertex -39 -6 17.9
      vertex -40.4593 -3.71845 17.9
      vertex -40.4025 -3.58143 17.9
    endloop
  endfacet
  facet normal 0 0 -1
    outer loop
      vertex -39 -6 17.9
      vertex -40.5278 -3.85 17.9
      vertex -40.4593 -3.71845 17.9
    endloop
  endfacet
  facet normal 0 0 -1
    outer loop
      vertex -39 -6 17.9
      vertex -40.6074 -3.97508 17.9
      vertex -40.5278 -3.85 17.9
    endloop
  endfacet
  facet normal 0 0 -1
    outer loop
      vertex -39 -6 17.9
      vertex -40.6977 -4.09274 17.9
      vertex -40.6074 -3.97508 17.9
    endloop
  endfacet
  facet normal 0 0 -1
    outer loop
      vertex -39 -6 17.9
      vertex -40.7979 -4.20208 17.9
      vertex -40.6977 -4.09274 17.9
    endloop
  endfacet
  facet normal 0 0 -1
    outer loop
      vertex -39 -6 17.9
      vertex -40.9073 -4.30227 17.9
      vertex -40.7979 -4.20208 17.9
    endloop
  endfacet
  facet normal 0 0 -1
    outer loop
      vertex -39 -6 17.9
      vertex -41.0249 -4.39256 17.9
      vertex -40.9073 -4.30227 17.9
    endloop
  endfacet
  facet normal 0 0 -1
    outer loop
      vertex -39 -6 17.9
      vertex -41.15 -4.47224 17.9
      vertex -41.0249 -4.39256 17.9
    endloop
  endfacet
  facet normal 0 0 -1
    outer loop
      vertex -39 -6 17.9
      vertex -41.2815 -4.54072 17.9
      vertex -41.15 -4.47224 17.9
    endloop
  endfacet
  facet normal 0 0 -1
    outer loop
      vertex -39 -6 17.9
      vertex -41.4186 -4.59748 17.9
      vertex -41.2815 -4.54072 17.9
    endloop
  endfacet
  facet normal 0 0 -1
    outer loop
      vertex -39 -6 17.9
      vertex -41.56 -4.64207 17.9
      vertex -41.4186 -4.59748 17.9
    endloop
  endfacet
  facet normal 0 0 -1
    outer loop
      vertex -39 -6 17.9
      vertex -41.7048 -4.67417 17.9
      vertex -41.56 -4.64207 17.9
    endloop
  endfacet
  facet normal 0 0 -1
    outer loop
      vertex -39 -6 17.9
      vertex -41.8518 -4.69353 17.9
      vertex -41.7048 -4.67417 17.9
    endloop
  endfacet
  facet normal 0 0 -1
    outer loop
      vertex -39 -6 17.9
      vertex -42 -4.7 17.9
      vertex -41.8518 -4.69353 17.9
    endloop
  endfacet
  facet normal 0 0 -1
    outer loop
      vertex -45 -6 17.9
      vertex -42 -4.7 17.9
      vertex -39 -6 17.9
    endloop
  endfacet
  facet normal -0 0 -1
    outer loop
      vertex -42 -4.7 17.9
      vertex -45 -6 17.9
      vertex -42.1482 -4.69353 17.9
    endloop
  endfacet
  facet normal -0 0 -1
    outer loop
      vertex -42.1482 -4.69353 17.9
      vertex -45 -6 17.9
      vertex -42.2952 -4.67417 17.9
    endloop
  endfacet
  facet normal -0 0 -1
    outer loop
      vertex -42.2952 -4.67417 17.9
      vertex -45 -6 17.9
      vertex -42.44 -4.64207 17.9
    endloop
  endfacet
  facet normal 0 0 -1
    outer loop
      vertex -43.6742 2.7048 17.9
      vertex -45 6 17.9
      vertex -43.6935 2.85183 17.9
    endloop
  endfacet
  facet normal -0 0 -1
    outer loop
      vertex -43.6935 -3.14816 17.9
      vertex -45 -6 17.9
      vertex -43.7 -3 17.9
    endloop
  endfacet
  facet normal -0 0 -1
    outer loop
      vertex -43.6742 -3.2952 17.9
      vertex -45 -6 17.9
      vertex -43.6935 -3.14816 17.9
    endloop
  endfacet
  facet normal -0 0 -1
    outer loop
      vertex -43.6421 -3.43999 17.9
      vertex -45 -6 17.9
      vertex -43.6742 -3.2952 17.9
    endloop
  endfacet
  facet normal -0 0 -1
    outer loop
      vertex -43.5975 -3.58143 17.9
      vertex -45 -6 17.9
      vertex -43.6421 -3.43999 17.9
    endloop
  endfacet
  facet normal -0 0 -1
    outer loop
      vertex -43.5407 -3.71845 17.9
      vertex -45 -6 17.9
      vertex -43.5975 -3.58143 17.9
    endloop
  endfacet
  facet normal -0 0 -1
    outer loop
      vertex -43.4722 -3.85 17.9
      vertex -45 -6 17.9
      vertex -43.5407 -3.71845 17.9
    endloop
  endfacet
  facet normal -0 0 -1
    outer loop
      vertex -43.3926 -3.97508 17.9
      vertex -45 -6 17.9
      vertex -43.4722 -3.85 17.9
    endloop
  endfacet
  facet normal -0 0 -1
    outer loop
      vertex -43.3023 -4.09274 17.9
      vertex -45 -6 17.9
      vertex -43.3926 -3.97508 17.9
    endloop
  endfacet
  facet normal -0 0 -1
    outer loop
      vertex -43.2021 -4.20208 17.9
      vertex -45 -6 17.9
      vertex -43.3023 -4.09274 17.9
    endloop
  endfacet
  facet normal -0 0 -1
    outer loop
      vertex -43.0927 -4.30227 17.9
      vertex -45 -6 17.9
      vertex -43.2021 -4.20208 17.9
    endloop
  endfacet
  facet normal -0 0 -1
    outer loop
      vertex -42.9751 -4.39256 17.9
      vertex -45 -6 17.9
      vertex -43.0927 -4.30227 17.9
    endloop
  endfacet
  facet normal -0 0 -1
    outer loop
      vertex -42.85 -4.47224 17.9
      vertex -45 -6 17.9
      vertex -42.9751 -4.39256 17.9
    endloop
  endfacet
  facet normal -0 0 -1
    outer loop
      vertex -42.7185 -4.54072 17.9
      vertex -45 -6 17.9
      vertex -42.85 -4.47224 17.9
    endloop
  endfacet
  facet normal -0 0 -1
    outer loop
      vertex -42.5814 -4.59748 17.9
      vertex -45 -6 17.9
      vertex -42.7185 -4.54072 17.9
    endloop
  endfacet
  facet normal -0 0 -1
    outer loop
      vertex -42.44 -4.64207 17.9
      vertex -45 -6 17.9
      vertex -42.5814 -4.59748 17.9
    endloop
  endfacet
  facet normal 0 0 -1
    outer loop
      vertex -40.3258 -2.7048 17.9
      vertex -39 -6 17.9
      vertex -40.3065 -2.85183 17.9
    endloop
  endfacet
  facet normal 0 0 -1
    outer loop
      vertex -40.3065 3.14816 17.9
      vertex -39 6 17.9
      vertex -40.3 3 17.9
    endloop
  endfacet
  facet normal 0 0 -1
    outer loop
      vertex -40.3258 3.2952 17.9
      vertex -39 6 17.9
      vertex -40.3065 3.14816 17.9
    endloop
  endfacet
  facet normal 0 0 -1
    outer loop
      vertex -40.3579 3.43999 17.9
      vertex -39 6 17.9
      vertex -40.3258 3.2952 17.9
    endloop
  endfacet
  facet normal 0 0 -1
    outer loop
      vertex -40.4025 3.58143 17.9
      vertex -39 6 17.9
      vertex -40.3579 3.43999 17.9
    endloop
  endfacet
  facet normal 0 0 -1
    outer loop
      vertex -40.4593 3.71845 17.9
      vertex -39 6 17.9
      vertex -40.4025 3.58143 17.9
    endloop
  endfacet
  facet normal 0 0 -1
    outer loop
      vertex -40.5278 3.85 17.9
      vertex -39 6 17.9
      vertex -40.4593 3.71845 17.9
    endloop
  endfacet
  facet normal 0 0 -1
    outer loop
      vertex -40.6074 3.97508 17.9
      vertex -39 6 17.9
      vertex -40.5278 3.85 17.9
    endloop
  endfacet
  facet normal 0 0 -1
    outer loop
      vertex -40.6977 4.09274 17.9
      vertex -39 6 17.9
      vertex -40.6074 3.97508 17.9
    endloop
  endfacet
  facet normal 0 0 -1
    outer loop
      vertex -40.7979 4.20208 17.9
      vertex -39 6 17.9
      vertex -40.6977 4.09274 17.9
    endloop
  endfacet
  facet normal 0 0 -1
    outer loop
      vertex -40.9073 4.30227 17.9
      vertex -39 6 17.9
      vertex -40.7979 4.20208 17.9
    endloop
  endfacet
  facet normal 0 0 -1
    outer loop
      vertex -41.0249 4.39256 17.9
      vertex -39 6 17.9
      vertex -40.9073 4.30227 17.9
    endloop
  endfacet
  facet normal 0 0 -1
    outer loop
      vertex -41.15 4.47224 17.9
      vertex -39 6 17.9
      vertex -41.0249 4.39256 17.9
    endloop
  endfacet
  facet normal 0 0 -1
    outer loop
      vertex -41.2815 4.54072 17.9
      vertex -39 6 17.9
      vertex -41.15 4.47224 17.9
    endloop
  endfacet
  facet normal 0 0 -1
    outer loop
      vertex -41.4186 4.59748 17.9
      vertex -39 6 17.9
      vertex -41.2815 4.54072 17.9
    endloop
  endfacet
  facet normal 0 0 -1
    outer loop
      vertex -41.56 4.64207 17.9
      vertex -39 6 17.9
      vertex -41.4186 4.59748 17.9
    endloop
  endfacet
  facet normal 0 0 -1
    outer loop
      vertex -41.7048 4.67417 17.9
      vertex -39 6 17.9
      vertex -41.56 4.64207 17.9
    endloop
  endfacet
  facet normal 0 0 -1
    outer loop
      vertex -41.8518 4.69353 17.9
      vertex -39 6 17.9
      vertex -41.7048 4.67417 17.9
    endloop
  endfacet
  facet normal 0 0 -1
    outer loop
      vertex -42 4.7 17.9
      vertex -39 6 17.9
      vertex -41.8518 4.69353 17.9
    endloop
  endfacet
  facet normal 0 0 -1
    outer loop
      vertex -45 6 17.9
      vertex -42 4.7 17.9
      vertex -42.1482 4.69353 17.9
    endloop
  endfacet
  facet normal 0 0 -1
    outer loop
      vertex -45 6 17.9
      vertex -42.1482 4.69353 17.9
      vertex -42.2952 4.67417 17.9
    endloop
  endfacet
  facet normal 0 0 -1
    outer loop
      vertex -45 6 17.9
      vertex -42.2952 4.67417 17.9
      vertex -42.44 4.64207 17.9
    endloop
  endfacet
  facet normal 0 0 -1
    outer loop
      vertex -45 6 17.9
      vertex -42.44 4.64207 17.9
      vertex -42.5814 4.59748 17.9
    endloop
  endfacet
  facet normal 0 0 -1
    outer loop
      vertex -43.6935 2.85183 17.9
      vertex -45 6 17.9
      vertex -43.7 3 17.9
    endloop
  endfacet
  facet normal 0 0 -1
    outer loop
      vertex -43.7 3 17.9
      vertex -45 6 17.9
      vertex -43.6935 3.14816 17.9
    endloop
  endfacet
  facet normal 0 0 -1
    outer loop
      vertex -42 4.7 17.9
      vertex -45 6 17.9
      vertex -39 6 17.9
    endloop
  endfacet
  facet normal 0 0 -1
    outer loop
      vertex -42.7185 4.54072 17.9
      vertex -45 6 17.9
      vertex -42.5814 4.59748 17.9
    endloop
  endfacet
  facet normal 0 0 -1
    outer loop
      vertex -42.85 4.47224 17.9
      vertex -45 6 17.9
      vertex -42.7185 4.54072 17.9
    endloop
  endfacet
  facet normal 0 0 -1
    outer loop
      vertex -42.9751 4.39256 17.9
      vertex -45 6 17.9
      vertex -42.85 4.47224 17.9
    endloop
  endfacet
  facet normal 0 0 -1
    outer loop
      vertex -43.0927 4.30227 17.9
      vertex -45 6 17.9
      vertex -42.9751 4.39256 17.9
    endloop
  endfacet
  facet normal 0 0 -1
    outer loop
      vertex -43.2021 4.20208 17.9
      vertex -45 6 17.9
      vertex -43.0927 4.30227 17.9
    endloop
  endfacet
  facet normal 0 0 -1
    outer loop
      vertex -43.3023 4.09274 17.9
      vertex -45 6 17.9
      vertex -43.2021 4.20208 17.9
    endloop
  endfacet
  facet normal 0 0 -1
    outer loop
      vertex -43.3926 3.97508 17.9
      vertex -45 6 17.9
      vertex -43.3023 4.09274 17.9
    endloop
  endfacet
  facet normal 0 0 -1
    outer loop
      vertex -43.4722 3.85 17.9
      vertex -45 6 17.9
      vertex -43.3926 3.97508 17.9
    endloop
  endfacet
  facet normal 0 0 -1
    outer loop
      vertex -43.5407 3.71845 17.9
      vertex -45 6 17.9
      vertex -43.4722 3.85 17.9
    endloop
  endfacet
  facet normal 0 0 -1
    outer loop
      vertex -43.5975 3.58143 17.9
      vertex -45 6 17.9
      vertex -43.5407 3.71845 17.9
    endloop
  endfacet
  facet normal 0 0 -1
    outer loop
      vertex -43.6421 3.43999 17.9
      vertex -45 6 17.9
      vertex -43.5975 3.58143 17.9
    endloop
  endfacet
  facet normal 0 0 -1
    outer loop
      vertex -43.6742 3.2952 17.9
      vertex -45 6 17.9
      vertex -43.6421 3.43999 17.9
    endloop
  endfacet
  facet normal 0 0 -1
    outer loop
      vertex -43.6935 3.14816 17.9
      vertex -45 6 17.9
      vertex -43.6742 3.2952 17.9
    endloop
  endfacet
  facet normal 0 -1 0
    outer loop
      vertex -39 -6 17.9
      vertex -20.8551 -6 45.9595
      vertex -45 -6 18.1
    endloop
  endfacet
  facet normal 0 -1 0
    outer loop
      vertex -39 -6 17.9
      vertex -45 -6 18.1
      vertex -45 -6 17.9
    endloop
  endfacet
  facet normal 0 -1 -0
    outer loop
      vertex -20.8551 -6 45.9595
      vertex -39 -6 17.9
      vertex -18.514 -6 41.5376
    endloop
  endfacet
  facet normal 0.755688 0 -0.654932
    outer loop
      vertex -18.514 -6 41.5376
      vertex -39 6 17.9
      vertex -18.514 6 41.5376
    endloop
  endfacet
  facet normal 0.755688 0 -0.654932
    outer loop
      vertex -39 6 17.9
      vertex -18.514 -6 41.5376
      vertex -39 -6 17.9
    endloop
  endfacet
  facet normal 0 1 0
    outer loop
      vertex -39 6 17.9
      vertex -20.8551 6 45.9595
      vertex -18.514 6 41.5376
    endloop
  endfacet
  facet normal 0 1 0
    outer loop
      vertex -20.8551 6 45.9595
      vertex -39 6 17.9
      vertex -45 6 18.1
    endloop
  endfacet
  facet normal 0 1 0
    outer loop
      vertex -45 6 18.1
      vertex -39 6 17.9
      vertex -45 6 17.9
    endloop
  endfacet
  facet normal 1 -0 0
    outer loop
      vertex 6 -9 26
      vertex 6 9 17.9
      vertex 6 9 26
    endloop
  endfacet
  facet normal 1 0 0
    outer loop
      vertex 6 9 17.9
      vertex 6 -9 26
      vertex 6 -9 17.9
    endloop
  endfacet
  facet normal -0 0 1
    outer loop
      vertex 1.81765 9 26
      vertex 6 -9 26
      vertex 6 9 26
    endloop
  endfacet
  facet normal 0 0 1
    outer loop
      vertex 6 -9 26
      vertex 1.81765 9 26
      vertex 1.81765 -9 26
    endloop
  endfacet
  facet normal 0 1 0
    outer loop
      vertex -30 9 86.1
      vertex -42 9 85.9
      vertex -42 9 86.1
    endloop
  endfacet
  facet normal 0 1 0
    outer loop
      vertex -33.1482 9 78.6935
      vertex -30 9 86.1
      vertex -33 9 78.7
    endloop
  endfacet
  facet normal 0 1 0
    outer loop
      vertex -30 9 86.1
      vertex -32.8518 9 78.6935
      vertex -33 9 78.7
    endloop
  endfacet
  facet normal 0 1 0
    outer loop
      vertex -30 9 86.1
      vertex -32.7048 9 78.6742
      vertex -32.8518 9 78.6935
    endloop
  endfacet
  facet normal 0 1 0
    outer loop
      vertex -30 9 86.1
      vertex -32.56 9 78.6421
      vertex -32.7048 9 78.6742
    endloop
  endfacet
  facet normal 0 1 0
    outer loop
      vertex -30 9 86.1
      vertex -32.4186 9 78.5975
      vertex -32.56 9 78.6421
    endloop
  endfacet
  facet normal 0 1 0
    outer loop
      vertex -30 9 86.1
      vertex -32.2815 9 78.5407
      vertex -32.4186 9 78.5975
    endloop
  endfacet
  facet normal 0 1 0
    outer loop
      vertex -30 9 86.1
      vertex -32.15 9 78.4722
      vertex -32.2815 9 78.5407
    endloop
  endfacet
  facet normal 0 1 0
    outer loop
      vertex -30 9 86.1
      vertex -32.0249 9 78.3926
      vertex -32.15 9 78.4722
    endloop
  endfacet
  facet normal 0 1 0
    outer loop
      vertex -30 9 86.1
      vertex -31.9073 9 78.3023
      vertex -32.0249 9 78.3926
    endloop
  endfacet
  facet normal 0 1 0
    outer loop
      vertex -30 9 86.1
      vertex -31.7979 9 78.2021
      vertex -31.9073 9 78.3023
    endloop
  endfacet
  facet normal 0 1 0
    outer loop
      vertex -30 9 86.1
      vertex -31.6977 9 78.0927
      vertex -31.7979 9 78.2021
    endloop
  endfacet
  facet normal 0 1 0
    outer loop
      vertex -25.1824 9 77
      vertex -31.6977 9 78.0927
      vertex -30 9 86.1
    endloop
  endfacet
  facet normal 0 1 0
    outer loop
      vertex -31.6977 9 78.0927
      vertex -25.1824 9 77
      vertex -31.6074 9 77.9751
    endloop
  endfacet
  facet normal 0 1 0
    outer loop
      vertex -31.6074 9 77.9751
      vertex -25.1824 9 77
      vertex -31.5278 9 77.85
    endloop
  endfacet
  facet normal 0 1 0
    outer loop
      vertex -31.5278 9 77.85
      vertex -25.1824 9 77
      vertex -31.4593 9 77.7185
    endloop
  endfacet
  facet normal 0 1 0
    outer loop
      vertex -31.4593 9 77.7185
      vertex -25.1824 9 77
      vertex -31.4025 9 77.5814
    endloop
  endfacet
  facet normal 0 1 0
    outer loop
      vertex -31.4025 9 77.5814
      vertex -25.1824 9 77
      vertex -31.3579 9 77.44
    endloop
  endfacet
  facet normal 0 1 0
    outer loop
      vertex -31.3579 9 77.44
      vertex -25.1824 9 77
      vertex -31.3258 9 77.2952
    endloop
  endfacet
  facet normal 0 1 0
    outer loop
      vertex -31.3258 9 77.2952
      vertex -25.1824 9 77
      vertex -31.3065 9 77.1482
    endloop
  endfacet
  facet normal 0 1 0
    outer loop
      vertex -31.3065 9 77.1482
      vertex -25.1824 9 77
      vertex -31.3 9 77
    endloop
  endfacet
  facet normal 0 1 0
    outer loop
      vertex -33.2952 9 78.6742
      vertex -30 9 86.1
      vertex -33.1482 9 78.6935
    endloop
  endfacet
  facet normal 0 1 0
    outer loop
      vertex -33.44 9 78.6421
      vertex -30 9 86.1
      vertex -33.2952 9 78.6742
    endloop
  endfacet
  facet normal 0 1 0
    outer loop
      vertex -33.5814 9 78.5975
      vertex -30 9 86.1
      vertex -33.44 9 78.6421
    endloop
  endfacet
  facet normal 0 1 0
    outer loop
      vertex -30 9 86.1
      vertex -33.5814 9 78.5975
      vertex -42 9 85.9
    endloop
  endfacet
  facet normal 0 1 -0
    outer loop
      vertex -33.7185 9 78.5407
      vertex -42 9 85.9
      vertex -33.5814 9 78.5975
    endloop
  endfacet
  facet normal 0 1 -0
    outer loop
      vertex -33.85 9 78.4722
      vertex -42 9 85.9
      vertex -33.7185 9 78.5407
    endloop
  endfacet
  facet normal 0 1 -0
    outer loop
      vertex -33.9751 9 78.3926
      vertex -42 9 85.9
      vertex -33.85 9 78.4722
    endloop
  endfacet
  facet normal 0 1 -0
    outer loop
      vertex -34.0927 9 78.3023
      vertex -42 9 85.9
      vertex -33.9751 9 78.3926
    endloop
  endfacet
  facet normal 0 1 0
    outer loop
      vertex -37.2882 9 77
      vertex -34.0927 9 78.3023
      vertex -34.2021 9 78.2021
    endloop
  endfacet
  facet normal 0 1 0
    outer loop
      vertex -37.2882 9 77
      vertex -34.2021 9 78.2021
      vertex -34.3023 9 78.0927
    endloop
  endfacet
  facet normal 0 1 0
    outer loop
      vertex -37.2882 9 77
      vertex -34.3023 9 78.0927
      vertex -34.3926 9 77.9751
    endloop
  endfacet
  facet normal 0 1 0
    outer loop
      vertex -37.2882 9 77
      vertex -34.3926 9 77.9751
      vertex -34.4722 9 77.85
    endloop
  endfacet
  facet normal 0 1 0
    outer loop
      vertex -37.2882 9 77
      vertex -34.4722 9 77.85
      vertex -34.5407 9 77.7185
    endloop
  endfacet
  facet normal 0 1 0
    outer loop
      vertex -37.2882 9 77
      vertex -34.5407 9 77.7185
      vertex -34.5975 9 77.5814
    endloop
  endfacet
  facet normal 0 1 0
    outer loop
      vertex -37.2882 9 77
      vertex -34.5975 9 77.5814
      vertex -34.6421 9 77.44
    endloop
  endfacet
  facet normal 0 1 0
    outer loop
      vertex -37.2882 9 77
      vertex -34.6421 9 77.44
      vertex -34.6742 9 77.2952
    endloop
  endfacet
  facet normal 0 1 0
    outer loop
      vertex -37.2882 9 77
      vertex -34.6742 9 77.2952
      vertex -34.6935 9 77.1482
    endloop
  endfacet
  facet normal 0 1 0
    outer loop
      vertex -37.2882 9 77
      vertex -34.6935 9 77.1482
      vertex -34.7 9 77
    endloop
  endfacet
  facet normal 0 1 0
    outer loop
      vertex -34.0927 9 78.3023
      vertex -37.2882 9 77
      vertex -42 9 85.9
    endloop
  endfacet
  facet normal 0 1 0
    outer loop
      vertex 6 9 26
      vertex 6 9 17.9
      vertex 1.81765 9 26
    endloop
  endfacet
  facet normal 0 1 -0
    outer loop
      vertex -6 9 17.9
      vertex -22.5353 9 72
      vertex 1.81765 9 26
    endloop
  endfacet
  facet normal 0 1 0
    outer loop
      vertex -6 9 17.9
      vertex 1.81765 9 26
      vertex 6 9 17.9
    endloop
  endfacet
  facet normal 0 1 0
    outer loop
      vertex -22.5353 9 72
      vertex -6 9 17.9
      vertex -34.6412 9 72
    endloop
  endfacet
  facet normal 0 -1 0
    outer loop
      vertex -6 -9 17.9
      vertex -22.5353 -9 72
      vertex -34.6412 -9 72
    endloop
  endfacet
  facet normal 0 -1 0
    outer loop
      vertex -22.5353 -9 72
      vertex -6 -9 17.9
      vertex 1.81765 -9 26
    endloop
  endfacet
  facet normal 0 -1 0
    outer loop
      vertex 6 -9 17.9
      vertex 1.81765 -9 26
      vertex -6 -9 17.9
    endloop
  endfacet
  facet normal 0 -1 0
    outer loop
      vertex 1.81765 -9 26
      vertex 6 -9 17.9
      vertex 6 -9 26
    endloop
  endfacet
  facet normal 0 -1 0
    outer loop
      vertex -30 -9 86.1
      vertex -33.1482 -9 78.6935
      vertex -33 -9 78.7
    endloop
  endfacet
  facet normal 0 -1 0
    outer loop
      vertex -30 -9 86.1
      vertex -33.2952 -9 78.6742
      vertex -33.1482 -9 78.6935
    endloop
  endfacet
  facet normal 0 -1 0
    outer loop
      vertex -30 -9 86.1
      vertex -33.44 -9 78.6421
      vertex -33.2952 -9 78.6742
    endloop
  endfacet
  facet normal 0 -1 0
    outer loop
      vertex -30 -9 86.1
      vertex -33.5814 -9 78.5975
      vertex -33.44 -9 78.6421
    endloop
  endfacet
  facet normal 0 -1 0
    outer loop
      vertex -42 -9 85.9
      vertex -33.7185 -9 78.5407
      vertex -33.5814 -9 78.5975
    endloop
  endfacet
  facet normal 0 -1 0
    outer loop
      vertex -42 -9 85.9
      vertex -33.85 -9 78.4722
      vertex -33.7185 -9 78.5407
    endloop
  endfacet
  facet normal 0 -1 0
    outer loop
      vertex -42 -9 85.9
      vertex -33.9751 -9 78.3926
      vertex -33.85 -9 78.4722
    endloop
  endfacet
  facet normal 0 -1 0
    outer loop
      vertex -42 -9 85.9
      vertex -34.0927 -9 78.3023
      vertex -33.9751 -9 78.3926
    endloop
  endfacet
  facet normal 0 -1 0
    outer loop
      vertex -37.2882 -9 77
      vertex -34.0927 -9 78.3023
      vertex -42 -9 85.9
    endloop
  endfacet
  facet normal 0 -1 0
    outer loop
      vertex -34.0927 -9 78.3023
      vertex -37.2882 -9 77
      vertex -34.2021 -9 78.2021
    endloop
  endfacet
  facet normal 0 -1 0
    outer loop
      vertex -34.2021 -9 78.2021
      vertex -37.2882 -9 77
      vertex -34.3023 -9 78.0927
    endloop
  endfacet
  facet normal 0 -1 0
    outer loop
      vertex -34.3023 -9 78.0927
      vertex -37.2882 -9 77
      vertex -34.3926 -9 77.9751
    endloop
  endfacet
  facet normal 0 -1 0
    outer loop
      vertex -34.3926 -9 77.9751
      vertex -37.2882 -9 77
      vertex -34.4722 -9 77.85
    endloop
  endfacet
  facet normal 0 -1 0
    outer loop
      vertex -34.4722 -9 77.85
      vertex -37.2882 -9 77
      vertex -34.5407 -9 77.7185
    endloop
  endfacet
  facet normal 0 -1 0
    outer loop
      vertex -34.5407 -9 77.7185
      vertex -37.2882 -9 77
      vertex -34.5975 -9 77.5814
    endloop
  endfacet
  facet normal 0 -1 0
    outer loop
      vertex -34.5975 -9 77.5814
      vertex -37.2882 -9 77
      vertex -34.6421 -9 77.44
    endloop
  endfacet
  facet normal 0 -1 0
    outer loop
      vertex -34.6421 -9 77.44
      vertex -37.2882 -9 77
      vertex -34.6742 -9 77.2952
    endloop
  endfacet
  facet normal 0 -1 0
    outer loop
      vertex -34.6742 -9 77.2952
      vertex -37.2882 -9 77
      vertex -34.6935 -9 77.1482
    endloop
  endfacet
  facet normal 0 -1 0
    outer loop
      vertex -34.6935 -9 77.1482
      vertex -37.2882 -9 77
      vertex -34.7 -9 77
    endloop
  endfacet
  facet normal 0 -1 0
    outer loop
      vertex -42 -9 85.9
      vertex -30 -9 86.1
      vertex -42 -9 86.1
    endloop
  endfacet
  facet normal 0 -1 0
    outer loop
      vertex -33.5814 -9 78.5975
      vertex -30 -9 86.1
      vertex -42 -9 85.9
    endloop
  endfacet
  facet normal 0 -1 0
    outer loop
      vertex -32.8518 -9 78.6935
      vertex -30 -9 86.1
      vertex -33 -9 78.7
    endloop
  endfacet
  facet normal 0 -1 0
    outer loop
      vertex -32.7048 -9 78.6742
      vertex -30 -9 86.1
      vertex -32.8518 -9 78.6935
    endloop
  endfacet
  facet normal 0 -1 0
    outer loop
      vertex -32.56 -9 78.6421
      vertex -30 -9 86.1
      vertex -32.7048 -9 78.6742
    endloop
  endfacet
  facet normal 0 -1 0
    outer loop
      vertex -32.4186 -9 78.5975
      vertex -30 -9 86.1
      vertex -32.56 -9 78.6421
    endloop
  endfacet
  facet normal 0 -1 0
    outer loop
      vertex -32.2815 -9 78.5407
      vertex -30 -9 86.1
      vertex -32.4186 -9 78.5975
    endloop
  endfacet
  facet normal 0 -1 0
    outer loop
      vertex -32.15 -9 78.4722
      vertex -30 -9 86.1
      vertex -32.2815 -9 78.5407
    endloop
  endfacet
  facet normal 0 -1 0
    outer loop
      vertex -32.0249 -9 78.3926
      vertex -30 -9 86.1
      vertex -32.15 -9 78.4722
    endloop
  endfacet
  facet normal 0 -1 0
    outer loop
      vertex -31.9073 -9 78.3023
      vertex -30 -9 86.1
      vertex -32.0249 -9 78.3926
    endloop
  endfacet
  facet normal 0 -1 0
    outer loop
      vertex -31.7979 -9 78.2021
      vertex -30 -9 86.1
      vertex -31.9073 -9 78.3023
    endloop
  endfacet
  facet normal 0 -1 0
    outer loop
      vertex -31.6977 -9 78.0927
      vertex -30 -9 86.1
      vertex -31.7979 -9 78.2021
    endloop
  endfacet
  facet normal 0 -1 0
    outer loop
      vertex -25.1824 -9 77
      vertex -31.6977 -9 78.0927
      vertex -31.6074 -9 77.9751
    endloop
  endfacet
  facet normal 0 -1 0
    outer loop
      vertex -25.1824 -9 77
      vertex -31.6074 -9 77.9751
      vertex -31.5278 -9 77.85
    endloop
  endfacet
  facet normal 0 -1 0
    outer loop
      vertex -25.1824 -9 77
      vertex -31.5278 -9 77.85
      vertex -31.4593 -9 77.7185
    endloop
  endfacet
  facet normal 0 -1 0
    outer loop
      vertex -25.1824 -9 77
      vertex -31.4593 -9 77.7185
      vertex -31.4025 -9 77.5814
    endloop
  endfacet
  facet normal 0 -1 0
    outer loop
      vertex -25.1824 -9 77
      vertex -31.4025 -9 77.5814
      vertex -31.3579 -9 77.44
    endloop
  endfacet
  facet normal 0 -1 0
    outer loop
      vertex -25.1824 -9 77
      vertex -31.3579 -9 77.44
      vertex -31.3258 -9 77.2952
    endloop
  endfacet
  facet normal 0 -1 0
    outer loop
      vertex -25.1824 -9 77
      vertex -31.3258 -9 77.2952
      vertex -31.3065 -9 77.1482
    endloop
  endfacet
  facet normal 0 -1 0
    outer loop
      vertex -25.1824 -9 77
      vertex -31.3065 -9 77.1482
      vertex -31.3 -9 77
    endloop
  endfacet
  facet normal 0 -1 0
    outer loop
      vertex -31.6977 -9 78.0927
      vertex -25.1824 -9 77
      vertex -30 -9 86.1
    endloop
  endfacet
  facet normal -0.88378 -0.000155145 -0.467902
    outer loop
      vertex -20.8551 6 45.9595
      vertex -6 9 17.9
      vertex -18.514 6 41.5376
    endloop
  endfacet
  facet normal -0.883788 0 -0.467887
    outer loop
      vertex -6 9 17.9
      vertex -18.514 -6 41.5376
      vertex -18.514 6 41.5376
    endloop
  endfacet
  facet normal -0.88378 0.000155145 -0.467902
    outer loop
      vertex -18.514 -6 41.5376
      vertex -6 -9 17.9
      vertex -20.8551 -6 45.9595
    endloop
  endfacet
  facet normal -0.883788 0 -0.467887
    outer loop
      vertex -6 -9 17.9
      vertex -18.514 -6 41.5376
      vertex -6 9 17.9
    endloop
  endfacet
  facet normal -0.883788 1.71998e-05 -0.467888
    outer loop
      vertex -6 9 17.9
      vertex -20.8551 6 45.9595
      vertex -34.6412 9 72
    endloop
  endfacet
  facet normal -0.883789 0 -0.467886
    outer loop
      vertex -20.8551 -6 45.9595
      vertex -34.6412 9 72
      vertex -20.8551 6 45.9595
    endloop
  endfacet
  facet normal -0.883789 0 -0.467886
    outer loop
      vertex -20.8551 -6 45.9595
      vertex -34.6412 -9 72
      vertex -34.6412 9 72
    endloop
  endfacet
  facet normal -0.883788 -1.71998e-05 -0.467888
    outer loop
      vertex -34.6412 -9 72
      vertex -20.8551 -6 45.9595
      vertex -6 -9 17.9
    endloop
  endfacet
  facet normal -0.883786 0 -0.46789
    outer loop
      vertex -37.2882 -9 77
      vertex -42 9 85.9
      vertex -37.2882 9 77
    endloop
  endfacet
  facet normal -0.883786 -0 -0.46789
    outer loop
      vertex -42 9 85.9
      vertex -37.2882 -9 77
      vertex -42 -9 85.9
    endloop
  endfacet
  facet normal 0 0 1
    outer loop
      vertex -30 9 86.1
      vertex -32.2273 6 86.1
      vertex -30 6 86.1
    endloop
  endfacet
  facet normal 0 0 1
    outer loop
      vertex -32.2273 6 86.1
      vertex -42 9 86.1
      vertex -32.2273 -6 86.1
    endloop
  endfacet
  facet normal -0 0 1
    outer loop
      vertex -42 9 86.1
      vertex -32.2273 6 86.1
      vertex -30 9 86.1
    endloop
  endfacet
  facet normal -0 0 1
    outer loop
      vertex -32.2273 -6 86.1
      vertex -30 -9 86.1
      vertex -30 -6 86.1
    endloop
  endfacet
  facet normal 0 0 1
    outer loop
      vertex -32.2273 -6 86.1
      vertex -42 -9 86.1
      vertex -30 -9 86.1
    endloop
  endfacet
  facet normal 0 0 1
    outer loop
      vertex -42 -9 86.1
      vertex -32.2273 -6 86.1
      vertex -42 9 86.1
    endloop
  endfacet
  facet normal 0.883785 0 0.467893
    outer loop
      vertex -30 -6 86.1
      vertex -30 -9 86.1
      vertex -26.7176 -6 79.9
    endloop
  endfacet
  facet normal 0.883785 0 0.467893
    outer loop
      vertex -26.7176 6 79.9
      vertex -30 9 86.1
      vertex -30 6 86.1
    endloop
  endfacet
  facet normal 0.88379 2.33087e-05 0.467884
    outer loop
      vertex -30 9 86.1
      vertex -26.7176 6 79.9
      vertex -25.1824 9 77
    endloop
  endfacet
  facet normal 0.8838 -0 0.467865
    outer loop
      vertex -26.7176 -6 79.9
      vertex -25.1824 9 77
      vertex -26.7176 6 79.9
    endloop
  endfacet
  facet normal 0.8838 0 0.467865
    outer loop
      vertex -26.7176 -6 79.9
      vertex -25.1824 -9 77
      vertex -25.1824 9 77
    endloop
  endfacet
  facet normal 0.88379 -2.33087e-05 0.467884
    outer loop
      vertex -25.1824 -9 77
      vertex -26.7176 -6 79.9
      vertex -30 -9 86.1
    endloop
  endfacet
  facet normal 0.883788 -0 0.467888
    outer loop
      vertex -22.5353 -9 72
      vertex 1.81765 9 26
      vertex -22.5353 9 72
    endloop
  endfacet
  facet normal 0.883788 0 0.467888
    outer loop
      vertex 1.81765 9 26
      vertex -22.5353 -9 72
      vertex 1.81765 -9 26
    endloop
  endfacet
  facet normal 0 0 -1
    outer loop
      vertex 6 -9 17.9
      vertex 1.7 0 17.9
      vertex 6 9 17.9
    endloop
  endfacet
  facet normal 0 0 -1
    outer loop
      vertex 6 -9 17.9
      vertex 1.69353 -0.148165 17.9
      vertex 1.7 0 17.9
    endloop
  endfacet
  facet normal 0 0 -1
    outer loop
      vertex 6 -9 17.9
      vertex 1.67417 -0.295201 17.9
      vertex 1.69353 -0.148165 17.9
    endloop
  endfacet
  facet normal 0 0 -1
    outer loop
      vertex 6 -9 17.9
      vertex 1.64207 -0.439992 17.9
      vertex 1.67417 -0.295201 17.9
    endloop
  endfacet
  facet normal 0 0 -1
    outer loop
      vertex 6 -9 17.9
      vertex 1.59748 -0.581433 17.9
      vertex 1.64207 -0.439992 17.9
    endloop
  endfacet
  facet normal 0 0 -1
    outer loop
      vertex 6 -9 17.9
      vertex 1.54072 -0.718451 17.9
      vertex 1.59748 -0.581433 17.9
    endloop
  endfacet
  facet normal 0 0 -1
    outer loop
      vertex 6 -9 17.9
      vertex 1.47224 -0.849999 17.9
      vertex 1.54072 -0.718451 17.9
    endloop
  endfacet
  facet normal 0 0 -1
    outer loop
      vertex 6 -9 17.9
      vertex 1.39256 -0.97508 17.9
      vertex 1.47224 -0.849999 17.9
    endloop
  endfacet
  facet normal 0 0 -1
    outer loop
      vertex 6 -9 17.9
      vertex 1.30227 -1.09274 17.9
      vertex 1.39256 -0.97508 17.9
    endloop
  endfacet
  facet normal 0 0 -1
    outer loop
      vertex 6 -9 17.9
      vertex 1.20208 -1.20208 17.9
      vertex 1.30227 -1.09274 17.9
    endloop
  endfacet
  facet normal 0 0 -1
    outer loop
      vertex 6 -9 17.9
      vertex 1.09274 -1.30227 17.9
      vertex 1.20208 -1.20208 17.9
    endloop
  endfacet
  facet normal 0 0 -1
    outer loop
      vertex 6 -9 17.9
      vertex 0.97508 -1.39256 17.9
      vertex 1.09274 -1.30227 17.9
    endloop
  endfacet
  facet normal 0 0 -1
    outer loop
      vertex 6 -9 17.9
      vertex 0.849999 -1.47224 17.9
      vertex 0.97508 -1.39256 17.9
    endloop
  endfacet
  facet normal 0 0 -1
    outer loop
      vertex 6 -9 17.9
      vertex 0.718451 -1.54072 17.9
      vertex 0.849999 -1.47224 17.9
    endloop
  endfacet
  facet normal 0 0 -1
    outer loop
      vertex 6 -9 17.9
      vertex 0.581433 -1.59748 17.9
      vertex 0.718451 -1.54072 17.9
    endloop
  endfacet
  facet normal 0 0 -1
    outer loop
      vertex 6 -9 17.9
      vertex 0.439992 -1.64207 17.9
      vertex 0.581433 -1.59748 17.9
    endloop
  endfacet
  facet normal 0 0 -1
    outer loop
      vertex 6 -9 17.9
      vertex 0.295201 -1.67417 17.9
      vertex 0.439992 -1.64207 17.9
    endloop
  endfacet
  facet normal 0 0 -1
    outer loop
      vertex 6 -9 17.9
      vertex 0.148165 -1.69353 17.9
      vertex 0.295201 -1.67417 17.9
    endloop
  endfacet
  facet normal 0 0 -1
    outer loop
      vertex 6 -9 17.9
      vertex 0 -1.7 17.9
      vertex 0.148165 -1.69353 17.9
    endloop
  endfacet
  facet normal 0 0 -1
    outer loop
      vertex -6 -9 17.9
      vertex 0 -1.7 17.9
      vertex 6 -9 17.9
    endloop
  endfacet
  facet normal -0 0 -1
    outer loop
      vertex 0 -1.7 17.9
      vertex -6 -9 17.9
      vertex -0.148166 -1.69353 17.9
    endloop
  endfacet
  facet normal -0 0 -1
    outer loop
      vertex -0.148166 -1.69353 17.9
      vertex -6 -9 17.9
      vertex -0.295202 -1.67417 17.9
    endloop
  endfacet
  facet normal -0 0 -1
    outer loop
      vertex -0.295202 -1.67417 17.9
      vertex -6 -9 17.9
      vertex -0.439993 -1.64207 17.9
    endloop
  endfacet
  facet normal -0 0 -1
    outer loop
      vertex -0.439993 -1.64207 17.9
      vertex -6 -9 17.9
      vertex -0.581434 -1.59748 17.9
    endloop
  endfacet
  facet normal -0 0 -1
    outer loop
      vertex -0.581434 -1.59748 17.9
      vertex -6 -9 17.9
      vertex -0.718451 -1.54072 17.9
    endloop
  endfacet
  facet normal -0 0 -1
    outer loop
      vertex -0.718451 -1.54072 17.9
      vertex -6 -9 17.9
      vertex -0.85 -1.47224 17.9
    endloop
  endfacet
  facet normal -0 0 -1
    outer loop
      vertex -0.85 -1.47224 17.9
      vertex -6 -9 17.9
      vertex -0.97508 -1.39256 17.9
    endloop
  endfacet
  facet normal -0 0 -1
    outer loop
      vertex -0.97508 -1.39256 17.9
      vertex -6 -9 17.9
      vertex -1.09274 -1.30227 17.9
    endloop
  endfacet
  facet normal -0 0 -1
    outer loop
      vertex -1.69353 -0.148165 17.9
      vertex -6 -9 17.9
      vertex -1.7 0 17.9
    endloop
  endfacet
  facet normal -0 0 -1
    outer loop
      vertex -1.67417 -0.295201 17.9
      vertex -6 -9 17.9
      vertex -1.69353 -0.148165 17.9
    endloop
  endfacet
  facet normal -0 0 -1
    outer loop
      vertex -1.64207 -0.439992 17.9
      vertex -6 -9 17.9
      vertex -1.67417 -0.295201 17.9
    endloop
  endfacet
  facet normal -0 0 -1
    outer loop
      vertex -1.59748 -0.581433 17.9
      vertex -6 -9 17.9
      vertex -1.64207 -0.439992 17.9
    endloop
  endfacet
  facet normal -0 0 -1
    outer loop
      vertex -1.54072 -0.718451 17.9
      vertex -6 -9 17.9
      vertex -1.59748 -0.581433 17.9
    endloop
  endfacet
  facet normal -0 0 -1
    outer loop
      vertex -1.47224 -0.849999 17.9
      vertex -6 -9 17.9
      vertex -1.54072 -0.718451 17.9
    endloop
  endfacet
  facet normal -0 0 -1
    outer loop
      vertex -1.39256 -0.97508 17.9
      vertex -6 -9 17.9
      vertex -1.47224 -0.849999 17.9
    endloop
  endfacet
  facet normal -0 0 -1
    outer loop
      vertex -1.30228 -1.09274 17.9
      vertex -6 -9 17.9
      vertex -1.39256 -0.97508 17.9
    endloop
  endfacet
  facet normal -0 0 -1
    outer loop
      vertex -1.20208 -1.20208 17.9
      vertex -6 -9 17.9
      vertex -1.30228 -1.09274 17.9
    endloop
  endfacet
  facet normal -0 0 -1
    outer loop
      vertex -1.09274 -1.30227 17.9
      vertex -6 -9 17.9
      vertex -1.20208 -1.20208 17.9
    endloop
  endfacet
  facet normal 0 0 -1
    outer loop
      vertex 1.69353 0.148165 17.9
      vertex 6 9 17.9
      vertex 1.7 0 17.9
    endloop
  endfacet
  facet normal 0 0 -1
    outer loop
      vertex 1.67417 0.295201 17.9
      vertex 6 9 17.9
      vertex 1.69353 0.148165 17.9
    endloop
  endfacet
  facet normal 0 0 -1
    outer loop
      vertex 1.64207 0.439992 17.9
      vertex 6 9 17.9
      vertex 1.67417 0.295201 17.9
    endloop
  endfacet
  facet normal 0 0 -1
    outer loop
      vertex 1.59748 0.581433 17.9
      vertex 6 9 17.9
      vertex 1.64207 0.439992 17.9
    endloop
  endfacet
  facet normal 0 0 -1
    outer loop
      vertex 1.54072 0.718451 17.9
      vertex 6 9 17.9
      vertex 1.59748 0.581433 17.9
    endloop
  endfacet
  facet normal 0 0 -1
    outer loop
      vertex 1.47224 0.849999 17.9
      vertex 6 9 17.9
      vertex 1.54072 0.718451 17.9
    endloop
  endfacet
  facet normal 0 0 -1
    outer loop
      vertex 1.39256 0.97508 17.9
      vertex 6 9 17.9
      vertex 1.47224 0.849999 17.9
    endloop
  endfacet
  facet normal 0 0 -1
    outer loop
      vertex 1.30227 1.09274 17.9
      vertex 6 9 17.9
      vertex 1.39256 0.97508 17.9
    endloop
  endfacet
  facet normal 0 0 -1
    outer loop
      vertex 1.20208 1.20208 17.9
      vertex 6 9 17.9
      vertex 1.30227 1.09274 17.9
    endloop
  endfacet
  facet normal 0 0 -1
    outer loop
      vertex 1.09274 1.30227 17.9
      vertex 6 9 17.9
      vertex 1.20208 1.20208 17.9
    endloop
  endfacet
  facet normal 0 0 -1
    outer loop
      vertex 0.97508 1.39256 17.9
      vertex 6 9 17.9
      vertex 1.09274 1.30227 17.9
    endloop
  endfacet
  facet normal 0 0 -1
    outer loop
      vertex 0.849999 1.47224 17.9
      vertex 6 9 17.9
      vertex 0.97508 1.39256 17.9
    endloop
  endfacet
  facet normal 0 0 -1
    outer loop
      vertex 0.718451 1.54072 17.9
      vertex 6 9 17.9
      vertex 0.849999 1.47224 17.9
    endloop
  endfacet
  facet normal 0 0 -1
    outer loop
      vertex 0.581433 1.59748 17.9
      vertex 6 9 17.9
      vertex 0.718451 1.54072 17.9
    endloop
  endfacet
  facet normal 0 0 -1
    outer loop
      vertex 0.439992 1.64207 17.9
      vertex 6 9 17.9
      vertex 0.581433 1.59748 17.9
    endloop
  endfacet
  facet normal 0 0 -1
    outer loop
      vertex 0.295201 1.67417 17.9
      vertex 6 9 17.9
      vertex 0.439992 1.64207 17.9
    endloop
  endfacet
  facet normal 0 0 -1
    outer loop
      vertex 0.148165 1.69353 17.9
      vertex 6 9 17.9
      vertex 0.295201 1.67417 17.9
    endloop
  endfacet
  facet normal 0 0 -1
    outer loop
      vertex 0 1.7 17.9
      vertex 6 9 17.9
      vertex 0.148165 1.69353 17.9
    endloop
  endfacet
  facet normal 0 0 -1
    outer loop
      vertex -6 9 17.9
      vertex 0 1.7 17.9
      vertex -0.148166 1.69353 17.9
    endloop
  endfacet
  facet normal 0 0 -1
    outer loop
      vertex -6 9 17.9
      vertex -0.148166 1.69353 17.9
      vertex -0.295202 1.67417 17.9
    endloop
  endfacet
  facet normal 0 0 -1
    outer loop
      vertex -6 9 17.9
      vertex -0.295202 1.67417 17.9
      vertex -0.439993 1.64207 17.9
    endloop
  endfacet
  facet normal 0 0 -1
    outer loop
      vertex -6 9 17.9
      vertex -0.439993 1.64207 17.9
      vertex -0.581434 1.59748 17.9
    endloop
  endfacet
  facet normal 0 0 -1
    outer loop
      vertex -6 9 17.9
      vertex -0.581434 1.59748 17.9
      vertex -0.718451 1.54072 17.9
    endloop
  endfacet
  facet normal 0 0 -1
    outer loop
      vertex -6 9 17.9
      vertex -0.718451 1.54072 17.9
      vertex -0.85 1.47224 17.9
    endloop
  endfacet
  facet normal 0 0 -1
    outer loop
      vertex -6 9 17.9
      vertex -0.85 1.47224 17.9
      vertex -0.97508 1.39256 17.9
    endloop
  endfacet
  facet normal 0 0 -1
    outer loop
      vertex -6 9 17.9
      vertex -0.97508 1.39256 17.9
      vertex -1.09274 1.30227 17.9
    endloop
  endfacet
  facet normal 0 0 -1
    outer loop
      vertex -6 9 17.9
      vertex -1.09274 1.30227 17.9
      vertex -1.20208 1.20208 17.9
    endloop
  endfacet
  facet normal 0 0 -1
    outer loop
      vertex -6 9 17.9
      vertex -1.7 0 17.9
      vertex -6 -9 17.9
    endloop
  endfacet
  facet normal 0 0 -1
    outer loop
      vertex -1.7 0 17.9
      vertex -6 9 17.9
      vertex -1.69353 0.148165 17.9
    endloop
  endfacet
  facet normal 0 0 -1
    outer loop
      vertex -1.69353 0.148165 17.9
      vertex -6 9 17.9
      vertex -1.67417 0.295201 17.9
    endloop
  endfacet
  facet normal 0 0 -1
    outer loop
      vertex -1.67417 0.295201 17.9
      vertex -6 9 17.9
      vertex -1.64207 0.439992 17.9
    endloop
  endfacet
  facet normal 0 0 -1
    outer loop
      vertex -1.64207 0.439992 17.9
      vertex -6 9 17.9
      vertex -1.59748 0.581433 17.9
    endloop
  endfacet
  facet normal 0 0 -1
    outer loop
      vertex 0 1.7 17.9
      vertex -6 9 17.9
      vertex 6 9 17.9
    endloop
  endfacet
  facet normal 0 0 -1
    outer loop
      vertex -1.30228 1.09274 17.9
      vertex -6 9 17.9
      vertex -1.20208 1.20208 17.9
    endloop
  endfacet
  facet normal 0 0 -1
    outer loop
      vertex -1.39256 0.97508 17.9
      vertex -6 9 17.9
      vertex -1.30228 1.09274 17.9
    endloop
  endfacet
  facet normal 0 0 -1
    outer loop
      vertex -1.47224 0.849999 17.9
      vertex -6 9 17.9
      vertex -1.39256 0.97508 17.9
    endloop
  endfacet
  facet normal 0 0 -1
    outer loop
      vertex -1.54072 0.718451 17.9
      vertex -6 9 17.9
      vertex -1.47224 0.849999 17.9
    endloop
  endfacet
  facet normal 0 0 -1
    outer loop
      vertex -1.59748 0.581433 17.9
      vertex -6 9 17.9
      vertex -1.54072 0.718451 17.9
    endloop
  endfacet
  facet normal -1 0 0
    outer loop
      vertex -42 -9 85.9
      vertex -42 9 86.1
      vertex -42 9 85.9
    endloop
  endfacet
  facet normal -1 -0 0
    outer loop
      vertex -42 9 86.1
      vertex -42 -9 85.9
      vertex -42 -9 86.1
    endloop
  endfacet
  facet normal 1 -0 0
    outer loop
      vertex -15 -14 77
      vertex -15 14 72
      vertex -15 14 77
    endloop
  endfacet
  facet normal 1 0 0
    outer loop
      vertex -15 14 72
      vertex -15 -14 77
      vertex -15 -14 72
    endloop
  endfacet
  facet normal 0 0 1
    outer loop
      vertex -34.7 14 77
      vertex -37.2882 9 77
      vertex -34.7 9 77
    endloop
  endfacet
  facet normal 0 0 1
    outer loop
      vertex -37.2882 9 77
      vertex -51 14 77
      vertex -37.2882 -9 77
    endloop
  endfacet
  facet normal -0 0 1
    outer loop
      vertex -51 14 77
      vertex -37.2882 9 77
      vertex -34.7 14 77
    endloop
  endfacet
  facet normal -0 0 1
    outer loop
      vertex -37.2882 -9 77
      vertex -34.7 -14 77
      vertex -34.7 -9 77
    endloop
  endfacet
  facet normal 0 0 1
    outer loop
      vertex -51 -14 77
      vertex -37.2882 -9 77
      vertex -51 14 77
    endloop
  endfacet
  facet normal 0 0 1
    outer loop
      vertex -37.2882 -9 77
      vertex -51 -14 77
      vertex -34.7 -14 77
    endloop
  endfacet
  facet normal 0 0 1
    outer loop
      vertex -15 14 77
      vertex -25.1824 9 77
      vertex -15 -14 77
    endloop
  endfacet
  facet normal -0 0 1
    outer loop
      vertex -31.3 14 77
      vertex -25.1824 9 77
      vertex -15 14 77
    endloop
  endfacet
  facet normal 0 0 1
    outer loop
      vertex -25.1824 9 77
      vertex -31.3 14 77
      vertex -31.3 9 77
    endloop
  endfacet
  facet normal -0 0 1
    outer loop
      vertex -25.1824 -9 77
      vertex -15 -14 77
      vertex -25.1824 9 77
    endloop
  endfacet
  facet normal 0 0 1
    outer loop
      vertex -31.3 -14 77
      vertex -25.1824 -9 77
      vertex -31.3 -9 77
    endloop
  endfacet
  facet normal 0 0 1
    outer loop
      vertex -25.1824 -9 77
      vertex -31.3 -14 77
      vertex -15 -14 77
    endloop
  endfacet
  facet normal 0 0 -1
    outer loop
      vertex -15 -14 72
      vertex -22.5353 -9 72
      vertex -15 14 72
    endloop
  endfacet
  facet normal 0 0 -1
    outer loop
      vertex -15 -14 72
      vertex -34.6412 -9 72
      vertex -22.5353 -9 72
    endloop
  endfacet
  facet normal -0 0 -1
    outer loop
      vertex -34.6412 -9 72
      vertex -51 -14 72
      vertex -34.6412 9 72
    endloop
  endfacet
  facet normal 0 0 -1
    outer loop
      vertex -51 -14 72
      vertex -34.6412 -9 72
      vertex -15 -14 72
    endloop
  endfacet
  facet normal 0 0 -1
    outer loop
      vertex -22.5353 9 72
      vertex -15 14 72
      vertex -22.5353 -9 72
    endloop
  endfacet
  facet normal 0 0 -1
    outer loop
      vertex -34.6412 9 72
      vertex -15 14 72
      vertex -22.5353 9 72
    endloop
  endfacet
  facet normal 0 0 -1
    outer loop
      vertex -34.6412 9 72
      vertex -51 14 72
      vertex -15 14 72
    endloop
  endfacet
  facet normal 0 0 -1
    outer loop
      vertex -51 14 72
      vertex -34.6412 9 72
      vertex -51 -14 72
    endloop
  endfacet
  facet normal -1 0 0
    outer loop
      vertex -51 -14 72
      vertex -51 14 77
      vertex -51 14 72
    endloop
  endfacet
  facet normal -1 -0 0
    outer loop
      vertex -51 14 77
      vertex -51 -14 72
      vertex -51 -14 77
    endloop
  endfacet
  facet normal 0 1 0
    outer loop
      vertex -15 14 77
      vertex -31.3065 14 76.8518
      vertex -31.3 14 77
    endloop
  endfacet
  facet normal 0 1 0
    outer loop
      vertex -15 14 77
      vertex -31.3258 14 76.7048
      vertex -31.3065 14 76.8518
    endloop
  endfacet
  facet normal 0 1 0
    outer loop
      vertex -15 14 77
      vertex -31.3579 14 76.56
      vertex -31.3258 14 76.7048
    endloop
  endfacet
  facet normal 0 1 -0
    outer loop
      vertex -15 14 72
      vertex -31.3579 14 76.56
      vertex -15 14 77
    endloop
  endfacet
  facet normal 0 1 0
    outer loop
      vertex -31.3579 14 76.56
      vertex -15 14 72
      vertex -31.4025 14 76.4186
    endloop
  endfacet
  facet normal 0 1 0
    outer loop
      vertex -31.4025 14 76.4186
      vertex -15 14 72
      vertex -31.4593 14 76.2815
    endloop
  endfacet
  facet normal 0 1 0
    outer loop
      vertex -31.4593 14 76.2815
      vertex -15 14 72
      vertex -31.5278 14 76.15
    endloop
  endfacet
  facet normal 0 1 0
    outer loop
      vertex -31.5278 14 76.15
      vertex -15 14 72
      vertex -31.6074 14 76.0249
    endloop
  endfacet
  facet normal 0 1 0
    outer loop
      vertex -31.6074 14 76.0249
      vertex -15 14 72
      vertex -31.6977 14 75.9073
    endloop
  endfacet
  facet normal 0 1 0
    outer loop
      vertex -31.6977 14 75.9073
      vertex -15 14 72
      vertex -31.7979 14 75.7979
    endloop
  endfacet
  facet normal 0 1 0
    outer loop
      vertex -31.7979 14 75.7979
      vertex -15 14 72
      vertex -31.9073 14 75.6977
    endloop
  endfacet
  facet normal 0 1 0
    outer loop
      vertex -31.9073 14 75.6977
      vertex -15 14 72
      vertex -32.0249 14 75.6074
    endloop
  endfacet
  facet normal 0 1 0
    outer loop
      vertex -32.0249 14 75.6074
      vertex -15 14 72
      vertex -32.15 14 75.5278
    endloop
  endfacet
  facet normal 0 1 0
    outer loop
      vertex -32.15 14 75.5278
      vertex -15 14 72
      vertex -32.2815 14 75.4593
    endloop
  endfacet
  facet normal 0 1 0
    outer loop
      vertex -32.2815 14 75.4593
      vertex -15 14 72
      vertex -32.4186 14 75.4025
    endloop
  endfacet
  facet normal 0 1 0
    outer loop
      vertex -32.4186 14 75.4025
      vertex -15 14 72
      vertex -32.56 14 75.3579
    endloop
  endfacet
  facet normal 0 1 0
    outer loop
      vertex -32.56 14 75.3579
      vertex -15 14 72
      vertex -32.7048 14 75.3258
    endloop
  endfacet
  facet normal 0 1 0
    outer loop
      vertex -32.8518 14 75.3065
      vertex -15 14 72
      vertex -33 14 75.3
    endloop
  endfacet
  facet normal 0 1 0
    outer loop
      vertex -32.7048 14 75.3258
      vertex -15 14 72
      vertex -32.8518 14 75.3065
    endloop
  endfacet
  facet normal 0 1 0
    outer loop
      vertex -34.6935 14 76.8518
      vertex -51 14 77
      vertex -34.7 14 77
    endloop
  endfacet
  facet normal 0 1 0
    outer loop
      vertex -34.6742 14 76.7048
      vertex -51 14 77
      vertex -34.6935 14 76.8518
    endloop
  endfacet
  facet normal 0 1 0
    outer loop
      vertex -34.6421 14 76.56
      vertex -51 14 77
      vertex -34.6742 14 76.7048
    endloop
  endfacet
  facet normal 0 1 0
    outer loop
      vertex -51 14 72
      vertex -34.6421 14 76.56
      vertex -34.5975 14 76.4186
    endloop
  endfacet
  facet normal 0 1 0
    outer loop
      vertex -51 14 72
      vertex -34.5975 14 76.4186
      vertex -34.5407 14 76.2815
    endloop
  endfacet
  facet normal 0 1 0
    outer loop
      vertex -51 14 72
      vertex -34.5407 14 76.2815
      vertex -34.4722 14 76.15
    endloop
  endfacet
  facet normal 0 1 0
    outer loop
      vertex -51 14 72
      vertex -34.4722 14 76.15
      vertex -34.3926 14 76.0249
    endloop
  endfacet
  facet normal 0 1 0
    outer loop
      vertex -51 14 72
      vertex -34.3926 14 76.0249
      vertex -34.3023 14 75.9073
    endloop
  endfacet
  facet normal 0 1 0
    outer loop
      vertex -51 14 72
      vertex -34.3023 14 75.9073
      vertex -34.2021 14 75.7979
    endloop
  endfacet
  facet normal 0 1 0
    outer loop
      vertex -51 14 72
      vertex -34.2021 14 75.7979
      vertex -34.0927 14 75.6977
    endloop
  endfacet
  facet normal 0 1 0
    outer loop
      vertex -51 14 72
      vertex -34.0927 14 75.6977
      vertex -33.9751 14 75.6074
    endloop
  endfacet
  facet normal 0 1 0
    outer loop
      vertex -51 14 72
      vertex -33.9751 14 75.6074
      vertex -33.85 14 75.5278
    endloop
  endfacet
  facet normal 0 1 0
    outer loop
      vertex -51 14 72
      vertex -33.85 14 75.5278
      vertex -33.7185 14 75.4593
    endloop
  endfacet
  facet normal 0 1 0
    outer loop
      vertex -51 14 72
      vertex -33.7185 14 75.4593
      vertex -33.5814 14 75.4025
    endloop
  endfacet
  facet normal 0 1 0
    outer loop
      vertex -51 14 72
      vertex -33.5814 14 75.4025
      vertex -33.44 14 75.3579
    endloop
  endfacet
  facet normal 0 1 0
    outer loop
      vertex -51 14 72
      vertex -33.44 14 75.3579
      vertex -33.2952 14 75.3258
    endloop
  endfacet
  facet normal 0 1 0
    outer loop
      vertex -51 14 72
      vertex -33.2952 14 75.3258
      vertex -33.1482 14 75.3065
    endloop
  endfacet
  facet normal 0 1 0
    outer loop
      vertex -51 14 72
      vertex -33 14 75.3
      vertex -15 14 72
    endloop
  endfacet
  facet normal 0 1 0
    outer loop
      vertex -33 14 75.3
      vertex -51 14 72
      vertex -33.1482 14 75.3065
    endloop
  endfacet
  facet normal 0 1 0
    outer loop
      vertex -34.6421 14 76.56
      vertex -51 14 72
      vertex -51 14 77
    endloop
  endfacet
  facet normal 0 -1 0
    outer loop
      vertex -51 -14 77
      vertex -34.6935 -14 76.8518
      vertex -34.7 -14 77
    endloop
  endfacet
  facet normal 0 -1 0
    outer loop
      vertex -51 -14 77
      vertex -34.6742 -14 76.7048
      vertex -34.6935 -14 76.8518
    endloop
  endfacet
  facet normal 0 -1 0
    outer loop
      vertex -51 -14 77
      vertex -34.6421 -14 76.56
      vertex -34.6742 -14 76.7048
    endloop
  endfacet
  facet normal 0 -1 0
    outer loop
      vertex -51 -14 72
      vertex -34.6421 -14 76.56
      vertex -51 -14 77
    endloop
  endfacet
  facet normal 0 -1 -0
    outer loop
      vertex -34.6421 -14 76.56
      vertex -51 -14 72
      vertex -34.5975 -14 76.4186
    endloop
  endfacet
  facet normal 0 -1 -0
    outer loop
      vertex -34.5975 -14 76.4186
      vertex -51 -14 72
      vertex -34.5407 -14 76.2815
    endloop
  endfacet
  facet normal 0 -1 -0
    outer loop
      vertex -34.5407 -14 76.2815
      vertex -51 -14 72
      vertex -34.4722 -14 76.15
    endloop
  endfacet
  facet normal 0 -1 -0
    outer loop
      vertex -34.4722 -14 76.15
      vertex -51 -14 72
      vertex -34.3926 -14 76.0249
    endloop
  endfacet
  facet normal 0 -1 -0
    outer loop
      vertex -34.3926 -14 76.0249
      vertex -51 -14 72
      vertex -34.3023 -14 75.9073
    endloop
  endfacet
  facet normal 0 -1 -0
    outer loop
      vertex -34.3023 -14 75.9073
      vertex -51 -14 72
      vertex -34.2021 -14 75.7979
    endloop
  endfacet
  facet normal 0 -1 -0
    outer loop
      vertex -34.2021 -14 75.7979
      vertex -51 -14 72
      vertex -34.0927 -14 75.6977
    endloop
  endfacet
  facet normal 0 -1 -0
    outer loop
      vertex -34.0927 -14 75.6977
      vertex -51 -14 72
      vertex -33.9751 -14 75.6074
    endloop
  endfacet
  facet normal 0 -1 -0
    outer loop
      vertex -33.9751 -14 75.6074
      vertex -51 -14 72
      vertex -33.85 -14 75.5278
    endloop
  endfacet
  facet normal 0 -1 -0
    outer loop
      vertex -33.85 -14 75.5278
      vertex -51 -14 72
      vertex -33.7185 -14 75.4593
    endloop
  endfacet
  facet normal 0 -1 -0
    outer loop
      vertex -33.7185 -14 75.4593
      vertex -51 -14 72
      vertex -33.5814 -14 75.4025
    endloop
  endfacet
  facet normal 0 -1 -0
    outer loop
      vertex -33.5814 -14 75.4025
      vertex -51 -14 72
      vertex -33.44 -14 75.3579
    endloop
  endfacet
  facet normal 0 -1 -0
    outer loop
      vertex -33.44 -14 75.3579
      vertex -51 -14 72
      vertex -33.2952 -14 75.3258
    endloop
  endfacet
  facet normal 0 -1 -0
    outer loop
      vertex -33.1482 -14 75.3065
      vertex -51 -14 72
      vertex -33 -14 75.3
    endloop
  endfacet
  facet normal 0 -1 -0
    outer loop
      vertex -33.2952 -14 75.3258
      vertex -51 -14 72
      vertex -33.1482 -14 75.3065
    endloop
  endfacet
  facet normal 0 -1 0
    outer loop
      vertex -31.3065 -14 76.8518
      vertex -15 -14 77
      vertex -31.3 -14 77
    endloop
  endfacet
  facet normal 0 -1 0
    outer loop
      vertex -31.3258 -14 76.7048
      vertex -15 -14 77
      vertex -31.3065 -14 76.8518
    endloop
  endfacet
  facet normal 0 -1 0
    outer loop
      vertex -31.3579 -14 76.56
      vertex -15 -14 77
      vertex -31.3258 -14 76.7048
    endloop
  endfacet
  facet normal 0 -1 0
    outer loop
      vertex -15 -14 72
      vertex -31.3579 -14 76.56
      vertex -31.4025 -14 76.4186
    endloop
  endfacet
  facet normal 0 -1 0
    outer loop
      vertex -15 -14 72
      vertex -31.4025 -14 76.4186
      vertex -31.4593 -14 76.2815
    endloop
  endfacet
  facet normal 0 -1 0
    outer loop
      vertex -15 -14 72
      vertex -31.4593 -14 76.2815
      vertex -31.5278 -14 76.15
    endloop
  endfacet
  facet normal 0 -1 0
    outer loop
      vertex -15 -14 72
      vertex -31.5278 -14 76.15
      vertex -31.6074 -14 76.0249
    endloop
  endfacet
  facet normal 0 -1 0
    outer loop
      vertex -15 -14 72
      vertex -31.6074 -14 76.0249
      vertex -31.6977 -14 75.9073
    endloop
  endfacet
  facet normal 0 -1 0
    outer loop
      vertex -15 -14 72
      vertex -31.6977 -14 75.9073
      vertex -31.7979 -14 75.7979
    endloop
  endfacet
  facet normal 0 -1 0
    outer loop
      vertex -15 -14 72
      vertex -31.7979 -14 75.7979
      vertex -31.9073 -14 75.6977
    endloop
  endfacet
  facet normal 0 -1 0
    outer loop
      vertex -15 -14 72
      vertex -31.9073 -14 75.6977
      vertex -32.0249 -14 75.6074
    endloop
  endfacet
  facet normal 0 -1 0
    outer loop
      vertex -15 -14 72
      vertex -32.0249 -14 75.6074
      vertex -32.15 -14 75.5278
    endloop
  endfacet
  facet normal 0 -1 0
    outer loop
      vertex -15 -14 72
      vertex -32.15 -14 75.5278
      vertex -32.2815 -14 75.4593
    endloop
  endfacet
  facet normal 0 -1 0
    outer loop
      vertex -15 -14 72
      vertex -32.2815 -14 75.4593
      vertex -32.4186 -14 75.4025
    endloop
  endfacet
  facet normal 0 -1 0
    outer loop
      vertex -15 -14 72
      vertex -32.4186 -14 75.4025
      vertex -32.56 -14 75.3579
    endloop
  endfacet
  facet normal 0 -1 0
    outer loop
      vertex -15 -14 72
      vertex -32.56 -14 75.3579
      vertex -32.7048 -14 75.3258
    endloop
  endfacet
  facet normal 0 -1 0
    outer loop
      vertex -15 -14 72
      vertex -32.7048 -14 75.3258
      vertex -32.8518 -14 75.3065
    endloop
  endfacet
  facet normal 0 -1 0
    outer loop
      vertex -15 -14 72
      vertex -33 -14 75.3
      vertex -51 -14 72
    endloop
  endfacet
  facet normal 0 -1 0
    outer loop
      vertex -33 -14 75.3
      vertex -15 -14 72
      vertex -32.8518 -14 75.3065
    endloop
  endfacet
  facet normal 0 -1 0
    outer loop
      vertex -31.3579 -14 76.56
      vertex -15 -14 72
      vertex -15 -14 77
    endloop
  endfacet
  facet normal -0 0 1
    outer loop
      vertex -23.5 6 102.1
      vertex -23 3.9 102.1
      vertex -23 6 102.1
    endloop
  endfacet
  facet normal 0 0 1
    outer loop
      vertex -23 3.9 102.1
      vertex -23.5 6 102.1
      vertex -23 -3.9 102.1
    endloop
  endfacet
  facet normal 0 0 1
    outer loop
      vertex -23.5 -6 102.1
      vertex -23 -3.9 102.1
      vertex -23.5 6 102.1
    endloop
  endfacet
  facet normal 0 0 1
    outer loop
      vertex -23 -3.9 102.1
      vertex -23.5 -6 102.1
      vertex -23 -6 102.1
    endloop
  endfacet
  facet normal -0 0 1
    outer loop
      vertex -23 3.9 102.1
      vertex -14.5 -3.9 102.1
      vertex -14.5 3.9 102.1
    endloop
  endfacet
  facet normal 0 0 1
    outer loop
      vertex -14.5 -3.9 102.1
      vertex -23 3.9 102.1
      vertex -23 -3.9 102.1
    endloop
  endfacet
  facet normal 1 -0 0
    outer loop
      vertex -14.5 -3.9 102.1
      vertex -14.5 3.9 101.9
      vertex -14.5 3.9 102.1
    endloop
  endfacet
  facet normal 1 0 0
    outer loop
      vertex -14.5 3.9 101.9
      vertex -14.5 -3.9 102.1
      vertex -14.5 -3.9 101.9
    endloop
  endfacet
  facet normal -0.877895 0 0.478853
    outer loop
      vertex -32.2273 -6 86.1
      vertex -23.5 6 102.1
      vertex -32.2273 6 86.1
    endloop
  endfacet
  facet normal -0.877895 0 0.478853
    outer loop
      vertex -23.5 6 102.1
      vertex -32.2273 -6 86.1
      vertex -23.5 -6 102.1
    endloop
  endfacet
  facet normal 0 0 -1
    outer loop
      vertex -26.7176 -6 79.9
      vertex -26.5 6 79.9
      vertex -26.5 -6 79.9
    endloop
  endfacet
  facet normal -0 0 -1
    outer loop
      vertex -26.5 6 79.9
      vertex -26.7176 -6 79.9
      vertex -26.7176 6 79.9
    endloop
  endfacet
  facet normal 0 -1 0
    outer loop
      vertex -23.5 -6 102.1
      vertex -23 -6 97
      vertex -23 -6 102.1
    endloop
  endfacet
  facet normal 0 -1 0
    outer loop
      vertex -32.2273 -6 86.1
      vertex -23 -6 97
      vertex -23.5 -6 102.1
    endloop
  endfacet
  facet normal 0 -1 0
    outer loop
      vertex -30 -6 86.1
      vertex -23 -6 97
      vertex -32.2273 -6 86.1
    endloop
  endfacet
  facet normal 0 -1 -0
    outer loop
      vertex -23 -6 97
      vertex -30 -6 86.1
      vertex -17.3522 -6 96.671
    endloop
  endfacet
  facet normal 0 -1 0
    outer loop
      vertex -26.5 -6 79.9
      vertex -30 -6 86.1
      vertex -26.7176 -6 79.9
    endloop
  endfacet
  facet normal 0 -1 0
    outer loop
      vertex -30 -6 86.1
      vertex -26.5 -6 79.9
      vertex -17.3522 -6 96.671
    endloop
  endfacet
  facet normal 0 1 -0
    outer loop
      vertex -26.5 6 79.9
      vertex -30 6 86.1
      vertex -17.3522 6 96.671
    endloop
  endfacet
  facet normal 0 1 0
    outer loop
      vertex -30 6 86.1
      vertex -26.5 6 79.9
      vertex -26.7176 6 79.9
    endloop
  endfacet
  facet normal 0 1 -0
    outer loop
      vertex -23 6 97
      vertex -23.5 6 102.1
      vertex -23 6 102.1
    endloop
  endfacet
  facet normal 0 1 0
    outer loop
      vertex -30 6 86.1
      vertex -23 6 97
      vertex -17.3522 6 96.671
    endloop
  endfacet
  facet normal 0 1 0
    outer loop
      vertex -32.2273 6 86.1
      vertex -23 6 97
      vertex -30 6 86.1
    endloop
  endfacet
  facet normal 0 1 0
    outer loop
      vertex -23 6 97
      vertex -32.2273 6 86.1
      vertex -23.5 6 102.1
    endloop
  endfacet
  facet normal 0.877894 0 -0.478854
    outer loop
      vertex -14.5 3.9 101.9
      vertex -14.5 -3.9 101.9
      vertex -17.3522 3.9 96.671
    endloop
  endfacet
  facet normal 0.877896 0 -0.478851
    outer loop
      vertex -17.3522 3.9 96.671
      vertex -26.5 6 79.9
      vertex -17.3522 6 96.671
    endloop
  endfacet
  facet normal 0.877894 0 -0.478854
    outer loop
      vertex -17.3522 -3.9 96.671
      vertex -17.3522 3.9 96.671
      vertex -14.5 -3.9 101.9
    endloop
  endfacet
  facet normal 0.877896 0 -0.478851
    outer loop
      vertex -17.3522 3.9 96.671
      vertex -17.3522 -3.9 96.671
      vertex -26.5 6 79.9
    endloop
  endfacet
  facet normal 0.877896 0 -0.478851
    outer loop
      vertex -26.5 -6 79.9
      vertex -17.3522 -3.9 96.671
      vertex -17.3522 -6 96.671
    endloop
  endfacet
  facet normal 0.877896 0 -0.478851
    outer loop
      vertex -17.3522 -3.9 96.671
      vertex -26.5 -6 79.9
      vertex -26.5 6 79.9
    endloop
  endfacet
  facet normal -0.991494 -0.130149 0
    outer loop
      vertex -40.3065 -2.85183 17.9
      vertex -40.3258 -2.7048 21.2
      vertex -40.3258 -2.7048 17.9
    endloop
  endfacet
  facet normal -0.991494 -0.130149 0
    outer loop
      vertex -40.3258 -2.7048 21.2
      vertex -40.3065 -2.85183 17.9
      vertex -40.3065 -2.85183 21.2
    endloop
  endfacet
  facet normal -0.999039 -0.0438264 0
    outer loop
      vertex -40.3 -3 17.9
      vertex -40.3065 -2.85183 21.2
      vertex -40.3065 -2.85183 17.9
    endloop
  endfacet
  facet normal -0.999039 -0.0438264 0
    outer loop
      vertex -40.3065 -2.85183 21.2
      vertex -40.3 -3 17.9
      vertex -40.3 -3 21.2
    endloop
  endfacet
  facet normal -0.976295 -0.216445 0
    outer loop
      vertex -40.3258 -2.7048 17.9
      vertex -40.3579 -2.56001 21.2
      vertex -40.3579 -2.56001 17.9
    endloop
  endfacet
  facet normal -0.976295 -0.216445 0
    outer loop
      vertex -40.3579 -2.56001 21.2
      vertex -40.3258 -2.7048 17.9
      vertex -40.3258 -2.7048 21.2
    endloop
  endfacet
  facet normal -0.130573 0.991439 0
    outer loop
      vertex -41.7048 -4.67417 17.9
      vertex -41.8518 -4.69353 21.2
      vertex -41.7048 -4.67417 21.2
    endloop
  endfacet
  facet normal -0.130573 0.991439 0
    outer loop
      vertex -41.8518 -4.69353 21.2
      vertex -41.7048 -4.67417 17.9
      vertex -41.8518 -4.69353 17.9
    endloop
  endfacet
  facet normal -0.300747 0.953704 0
    outer loop
      vertex -41.4186 -4.59748 17.9
      vertex -41.56 -4.64207 21.2
      vertex -41.4186 -4.59748 21.2
    endloop
  endfacet
  facet normal -0.300747 0.953704 0
    outer loop
      vertex -41.56 -4.64207 21.2
      vertex -41.4186 -4.59748 17.9
      vertex -41.56 -4.64207 17.9
    endloop
  endfacet
  facet normal 0.953709 -0.300731 0
    outer loop
      vertex -43.6421 -2.56001 19.6668
      vertex -43.5975 -2.41857 17.9
      vertex -43.5975 -2.41857 19.7183
    endloop
  endfacet
  facet normal 0.953709 -0.300731 0
    outer loop
      vertex -43.5975 -2.41857 17.9
      vertex -43.6421 -2.56001 19.6668
      vertex -43.6421 -2.56001 17.9
    endloop
  endfacet
  facet normal 0.7933 0.608831 -0
    outer loop
      vertex -43.3023 -4.09274 17.9
      vertex -43.3926 -3.97508 19.9547
      vertex -43.3023 -4.09274 20.0589
    endloop
  endfacet
  facet normal 0.7933 0.608831 0
    outer loop
      vertex -43.3926 -3.97508 19.9547
      vertex -43.3023 -4.09274 17.9
      vertex -43.3926 -3.97508 17.9
    endloop
  endfacet
  facet normal -0.953709 -0.300731 0
    outer loop
      vertex -40.3579 -2.56001 17.9
      vertex -40.4025 -2.41857 21.2
      vertex -40.4025 -2.41857 17.9
    endloop
  endfacet
  facet normal -0.953709 -0.300731 0
    outer loop
      vertex -40.4025 -2.41857 21.2
      vertex -40.3579 -2.56001 17.9
      vertex -40.3579 -2.56001 21.2
    endloop
  endfacet
  facet normal -0.7933 -0.608831 0
    outer loop
      vertex -40.6074 -2.02492 17.9
      vertex -40.6977 -1.90726 21.2
      vertex -40.6977 -1.90726 17.9
    endloop
  endfacet
  facet normal -0.7933 -0.608831 0
    outer loop
      vertex -40.6977 -1.90726 21.2
      vertex -40.6074 -2.02492 17.9
      vertex -40.6074 -2.02492 21.2
    endloop
  endfacet
  facet normal 0.537216 -0.843445 0
    outer loop
      vertex -42.85 -1.52776 17.9
      vertex -42.9751 -1.60744 20.4364
      vertex -42.9751 -1.60744 17.9
    endloop
  endfacet
  facet normal 0.537216 -0.843445 0
    outer loop
      vertex -42.9751 -1.60744 20.4364
      vertex -42.85 -1.52776 17.9
      vertex -42.85 -1.52776 20.5808
    endloop
  endfacet
  facet normal 0.300747 -0.953704 0
    outer loop
      vertex -42.44 -1.35793 17.9
      vertex -42.5814 -1.40252 20.8907
      vertex -42.5814 -1.40252 17.9
    endloop
  endfacet
  facet normal 0.300747 -0.953704 0
    outer loop
      vertex -42.5814 -1.40252 20.8907
      vertex -42.44 -1.35793 17.9
      vertex -42.44 -1.35793 21.0539
    endloop
  endfacet
  facet normal 0.216816 -0.976212 -0.000400909
    outer loop
      vertex -42.44 -1.35793 21.0539
      vertex -42.2952 -1.32583 21.2
      vertex -42.3133 -1.32985 21.2
    endloop
  endfacet
  facet normal 0.216431 -0.976298 0
    outer loop
      vertex -42.2952 -1.32583 17.9
      vertex -42.44 -1.35793 21.0539
      vertex -42.44 -1.35793 17.9
    endloop
  endfacet
  facet normal 0.216431 -0.976298 0
    outer loop
      vertex -42.44 -1.35793 21.0539
      vertex -42.2952 -1.32583 17.9
      vertex -42.2952 -1.32583 21.2
    endloop
  endfacet
  facet normal 0.923774 0.382939 -0
    outer loop
      vertex -43.5407 -3.71845 17.9
      vertex -43.5975 -3.58143 19.7183
      vertex -43.5407 -3.71845 19.7838
    endloop
  endfacet
  facet normal 0.923774 0.382939 0
    outer loop
      vertex -43.5975 -3.58143 19.7183
      vertex -43.5407 -3.71845 17.9
      vertex -43.5975 -3.58143 17.9
    endloop
  endfacet
  facet normal -0.84365 -0.536893 0
    outer loop
      vertex -40.5278 -2.15 17.9
      vertex -40.6074 -2.02492 21.2
      vertex -40.6074 -2.02492 17.9
    endloop
  endfacet
  facet normal -0.84365 -0.536893 0
    outer loop
      vertex -40.6074 -2.02492 21.2
      vertex -40.5278 -2.15 17.9
      vertex -40.5278 -2.15 21.2
    endloop
  endfacet
  facet normal -0.953709 0.300731 0
    outer loop
      vertex -40.4025 -3.58143 17.9
      vertex -40.3579 -3.43999 21.2
      vertex -40.3579 -3.43999 17.9
    endloop
  endfacet
  facet normal -0.953709 0.300731 0
    outer loop
      vertex -40.3579 -3.43999 21.2
      vertex -40.4025 -3.58143 17.9
      vertex -40.4025 -3.58143 21.2
    endloop
  endfacet
  facet normal -0.675419 -0.737434 0
    outer loop
      vertex -40.9073 -1.69772 17.9
      vertex -40.7979 -1.79792 21.2
      vertex -40.9073 -1.69772 21.2
    endloop
  endfacet
  facet normal -0.675419 -0.737434 -0
    outer loop
      vertex -40.7979 -1.79792 21.2
      vertex -40.9073 -1.69772 17.9
      vertex -40.7979 -1.79792 17.9
    endloop
  endfacet
  facet normal -0.537216 -0.843445 0
    outer loop
      vertex -41.15 -1.52776 17.9
      vertex -41.0249 -1.60744 21.2
      vertex -41.15 -1.52776 21.2
    endloop
  endfacet
  facet normal -0.537216 -0.843445 -0
    outer loop
      vertex -41.0249 -1.60744 21.2
      vertex -41.15 -1.52776 17.9
      vertex -41.0249 -1.60744 17.9
    endloop
  endfacet
  facet normal -0.999039 0.0438293 0
    outer loop
      vertex -40.3065 -3.14816 17.9
      vertex -40.3 -3 21.2
      vertex -40.3 -3 17.9
    endloop
  endfacet
  facet normal -0.999039 0.0438293 0
    outer loop
      vertex -40.3 -3 21.2
      vertex -40.3065 -3.14816 17.9
      vertex -40.3065 -3.14816 21.2
    endloop
  endfacet
  facet normal 0.216816 0.976212 -0.000400909
    outer loop
      vertex -42.2952 -4.67417 21.2
      vertex -42.44 -4.64207 21.0539
      vertex -42.3133 -4.67015 21.2
    endloop
  endfacet
  facet normal 0.216431 0.976298 -0
    outer loop
      vertex -42.2952 -4.67417 17.9
      vertex -42.44 -4.64207 21.0539
      vertex -42.2952 -4.67417 21.2
    endloop
  endfacet
  facet normal 0.216431 0.976298 0
    outer loop
      vertex -42.44 -4.64207 21.0539
      vertex -42.2952 -4.67417 17.9
      vertex -42.44 -4.64207 17.9
    endloop
  endfacet
  facet normal -0.608941 -0.793215 0
    outer loop
      vertex -41.0249 -1.60744 17.9
      vertex -40.9073 -1.69772 21.2
      vertex -41.0249 -1.60744 21.2
    endloop
  endfacet
  facet normal -0.608941 -0.793215 -0
    outer loop
      vertex -40.9073 -1.69772 21.2
      vertex -41.0249 -1.60744 17.9
      vertex -40.9073 -1.69772 17.9
    endloop
  endfacet
  facet normal 0.953709 0.300731 -0
    outer loop
      vertex -43.5975 -3.58143 17.9
      vertex -43.6421 -3.43999 19.6668
      vertex -43.5975 -3.58143 19.7183
    endloop
  endfacet
  facet normal 0.953709 0.300731 0
    outer loop
      vertex -43.6421 -3.43999 19.6668
      vertex -43.5975 -3.58143 17.9
      vertex -43.6421 -3.43999 17.9
    endloop
  endfacet
  facet normal 0.608941 -0.793215 0
    outer loop
      vertex -42.9751 -1.60744 17.9
      vertex -43.0927 -1.69772 20.3007
      vertex -43.0927 -1.69772 17.9
    endloop
  endfacet
  facet normal 0.608941 -0.793215 0
    outer loop
      vertex -43.0927 -1.69772 20.3007
      vertex -42.9751 -1.60744 17.9
      vertex -42.9751 -1.60744 20.4364
    endloop
  endfacet
  facet normal -0.216431 0.976298 0
    outer loop
      vertex -41.56 -4.64207 17.9
      vertex -41.7048 -4.67417 21.2
      vertex -41.56 -4.64207 21.2
    endloop
  endfacet
  facet normal -0.216431 0.976298 0
    outer loop
      vertex -41.7048 -4.67417 21.2
      vertex -41.56 -4.64207 17.9
      vertex -41.7048 -4.67417 17.9
    endloop
  endfacet
  facet normal 0.382518 0.923948 -0
    outer loop
      vertex -42.5814 -4.59748 17.9
      vertex -42.7185 -4.54072 20.7326
      vertex -42.5814 -4.59748 20.8907
    endloop
  endfacet
  facet normal 0.382518 0.923948 0
    outer loop
      vertex -42.7185 -4.54072 20.7326
      vertex -42.5814 -4.59748 17.9
      vertex -42.7185 -4.54072 17.9
    endloop
  endfacet
  facet normal -0.461884 0.886941 0
    outer loop
      vertex -41.15 -4.47224 17.9
      vertex -41.2815 -4.54072 21.2
      vertex -41.15 -4.47224 21.2
    endloop
  endfacet
  facet normal -0.461884 0.886941 0
    outer loop
      vertex -41.2815 -4.54072 21.2
      vertex -41.15 -4.47224 17.9
      vertex -41.2815 -4.54072 17.9
    endloop
  endfacet
  facet normal 0.0436157 -0.999048 0
    outer loop
      vertex -42.1482 -1.30647 17.9
      vertex -42 -1.3 21.2
      vertex -42.1482 -1.30647 21.2
    endloop
  endfacet
  facet normal 0.0436157 -0.999048 0
    outer loop
      vertex -42 -1.3 21.2
      vertex -42.1482 -1.30647 17.9
      vertex -42 -1.3 17.9
    endloop
  endfacet
  facet normal 0.537216 0.843445 -0
    outer loop
      vertex -42.85 -4.47224 17.9
      vertex -42.9751 -4.39256 20.4364
      vertex -42.85 -4.47224 20.5808
    endloop
  endfacet
  facet normal 0.537216 0.843445 0
    outer loop
      vertex -42.9751 -4.39256 20.4364
      vertex -42.85 -4.47224 17.9
      vertex -42.9751 -4.39256 17.9
    endloop
  endfacet
  facet normal -0.0436157 0.999048 0
    outer loop
      vertex -41.8518 -4.69353 17.9
      vertex -42 -4.7 21.2
      vertex -41.8518 -4.69353 21.2
    endloop
  endfacet
  facet normal -0.0436157 0.999048 0
    outer loop
      vertex -42 -4.7 21.2
      vertex -41.8518 -4.69353 17.9
      vertex -42 -4.7 17.9
    endloop
  endfacet
  facet normal 0.886957 0.461852 -0
    outer loop
      vertex -43.4722 -3.85 17.9
      vertex -43.5407 -3.71845 19.7838
      vertex -43.4722 -3.85 19.8628
    endloop
  endfacet
  facet normal 0.886957 0.461852 0
    outer loop
      vertex -43.5407 -3.71845 19.7838
      vertex -43.4722 -3.85 17.9
      vertex -43.5407 -3.71845 17.9
    endloop
  endfacet
  facet normal -0.461884 -0.886941 0
    outer loop
      vertex -41.2815 -1.45928 17.9
      vertex -41.15 -1.52776 21.2
      vertex -41.2815 -1.45928 21.2
    endloop
  endfacet
  facet normal -0.461884 -0.886941 -0
    outer loop
      vertex -41.15 -1.52776 21.2
      vertex -41.2815 -1.45928 17.9
      vertex -41.15 -1.52776 17.9
    endloop
  endfacet
  facet normal -0.675383 0.737467 0
    outer loop
      vertex -40.7979 -4.20208 17.9
      vertex -40.9073 -4.30227 21.2
      vertex -40.7979 -4.20208 21.2
    endloop
  endfacet
  facet normal -0.675383 0.737467 0
    outer loop
      vertex -40.9073 -4.30227 21.2
      vertex -40.7979 -4.20208 17.9
      vertex -40.9073 -4.30227 17.9
    endloop
  endfacet
  facet normal -0.537216 0.843445 0
    outer loop
      vertex -41.0249 -4.39256 17.9
      vertex -41.15 -4.47224 21.2
      vertex -41.0249 -4.39256 21.2
    endloop
  endfacet
  facet normal -0.537216 0.843445 0
    outer loop
      vertex -41.15 -4.47224 21.2
      vertex -41.0249 -4.39256 17.9
      vertex -41.15 -4.47224 17.9
    endloop
  endfacet
  facet normal -0.7933 0.608831 0
    outer loop
      vertex -40.6977 -4.09274 17.9
      vertex -40.6074 -3.97508 21.2
      vertex -40.6074 -3.97508 17.9
    endloop
  endfacet
  facet normal -0.7933 0.608831 0
    outer loop
      vertex -40.6074 -3.97508 21.2
      vertex -40.6977 -4.09274 17.9
      vertex -40.6977 -4.09274 21.2
    endloop
  endfacet
  facet normal 0.999039 -0.0438264 0
    outer loop
      vertex -43.7 -3 19.6
      vertex -43.6935 -2.85183 17.9
      vertex -43.6935 -2.85183 19.6075
    endloop
  endfacet
  facet normal 0.999039 -0.0438264 0
    outer loop
      vertex -43.6935 -2.85183 17.9
      vertex -43.7 -3 19.6
      vertex -43.7 -3 17.9
    endloop
  endfacet
  facet normal -0.608984 0.793183 0
    outer loop
      vertex -40.9073 -4.30227 17.9
      vertex -41.0249 -4.39256 21.2
      vertex -40.9073 -4.30227 21.2
    endloop
  endfacet
  facet normal -0.608984 0.793183 0
    outer loop
      vertex -41.0249 -4.39256 21.2
      vertex -40.9073 -4.30227 17.9
      vertex -41.0249 -4.39256 17.9
    endloop
  endfacet
  facet normal -0.923774 -0.382939 0
    outer loop
      vertex -40.4025 -2.41857 17.9
      vertex -40.4593 -2.28155 21.2
      vertex -40.4593 -2.28155 17.9
    endloop
  endfacet
  facet normal -0.923774 -0.382939 0
    outer loop
      vertex -40.4593 -2.28155 21.2
      vertex -40.4025 -2.41857 17.9
      vertex -40.4025 -2.41857 21.2
    endloop
  endfacet
  facet normal -0.737249 -0.675621 0
    outer loop
      vertex -40.6977 -1.90726 17.9
      vertex -40.7979 -1.79792 21.2
      vertex -40.7979 -1.79792 17.9
    endloop
  endfacet
  facet normal -0.737249 -0.675621 0
    outer loop
      vertex -40.7979 -1.79792 21.2
      vertex -40.6977 -1.90726 17.9
      vertex -40.6977 -1.90726 21.2
    endloop
  endfacet
  facet normal 0.923774 -0.382939 0
    outer loop
      vertex -43.5975 -2.41857 19.7183
      vertex -43.5407 -2.28155 17.9
      vertex -43.5407 -2.28155 19.7838
    endloop
  endfacet
  facet normal 0.923774 -0.382939 0
    outer loop
      vertex -43.5407 -2.28155 17.9
      vertex -43.5975 -2.41857 19.7183
      vertex -43.5975 -2.41857 17.9
    endloop
  endfacet
  facet normal -0.382518 0.923948 0
    outer loop
      vertex -41.2815 -4.54072 17.9
      vertex -41.4186 -4.59748 21.2
      vertex -41.2815 -4.54072 21.2
    endloop
  endfacet
  facet normal -0.382518 0.923948 0
    outer loop
      vertex -41.4186 -4.59748 21.2
      vertex -41.2815 -4.54072 17.9
      vertex -41.4186 -4.59748 17.9
    endloop
  endfacet
  facet normal -0.886957 -0.461852 0
    outer loop
      vertex -40.4593 -2.28155 17.9
      vertex -40.5278 -2.15 21.2
      vertex -40.5278 -2.15 17.9
    endloop
  endfacet
  facet normal -0.886957 -0.461852 0
    outer loop
      vertex -40.5278 -2.15 21.2
      vertex -40.4593 -2.28155 17.9
      vertex -40.4593 -2.28155 21.2
    endloop
  endfacet
  facet normal 0.675419 -0.737434 0
    outer loop
      vertex -43.0927 -1.69772 17.9
      vertex -43.2021 -1.79792 20.1745
      vertex -43.2021 -1.79792 17.9
    endloop
  endfacet
  facet normal 0.675419 -0.737434 0
    outer loop
      vertex -43.2021 -1.79792 20.1745
      vertex -43.0927 -1.69772 17.9
      vertex -43.0927 -1.69772 20.3007
    endloop
  endfacet
  facet normal 0.675383 0.737467 -0
    outer loop
      vertex -43.0927 -4.30227 17.9
      vertex -43.2021 -4.20208 20.1745
      vertex -43.0927 -4.30227 20.3007
    endloop
  endfacet
  facet normal 0.675383 0.737467 0
    outer loop
      vertex -43.2021 -4.20208 20.1745
      vertex -43.0927 -4.30227 17.9
      vertex -43.2021 -4.20208 17.9
    endloop
  endfacet
  facet normal -0.130573 -0.991439 0
    outer loop
      vertex -41.8518 -1.30647 17.9
      vertex -41.7048 -1.32583 21.2
      vertex -41.8518 -1.30647 21.2
    endloop
  endfacet
  facet normal -0.130573 -0.991439 -0
    outer loop
      vertex -41.7048 -1.32583 21.2
      vertex -41.8518 -1.30647 17.9
      vertex -41.7048 -1.32583 17.9
    endloop
  endfacet
  facet normal 0.461884 -0.886941 0
    outer loop
      vertex -42.7185 -1.45928 17.9
      vertex -42.85 -1.52776 20.5808
      vertex -42.85 -1.52776 17.9
    endloop
  endfacet
  facet normal 0.461884 -0.886941 0
    outer loop
      vertex -42.85 -1.52776 20.5808
      vertex -42.7185 -1.45928 17.9
      vertex -42.7185 -1.45928 20.7326
    endloop
  endfacet
  facet normal 0.382518 -0.923948 0
    outer loop
      vertex -42.5814 -1.40252 17.9
      vertex -42.7185 -1.45928 20.7326
      vertex -42.7185 -1.45928 17.9
    endloop
  endfacet
  facet normal 0.382518 -0.923948 0
    outer loop
      vertex -42.7185 -1.45928 20.7326
      vertex -42.5814 -1.40252 17.9
      vertex -42.5814 -1.40252 20.8907
    endloop
  endfacet
  facet normal 0.991494 -0.130149 0
    outer loop
      vertex -43.6935 -2.85183 19.6075
      vertex -43.6742 -2.7048 17.9
      vertex -43.6742 -2.7048 19.6298
    endloop
  endfacet
  facet normal 0.991494 -0.130149 0
    outer loop
      vertex -43.6742 -2.7048 17.9
      vertex -43.6935 -2.85183 19.6075
      vertex -43.6935 -2.85183 17.9
    endloop
  endfacet
  facet normal 0.976295 -0.216445 0
    outer loop
      vertex -43.6742 -2.7048 19.6298
      vertex -43.6421 -2.56001 17.9
      vertex -43.6421 -2.56001 19.6668
    endloop
  endfacet
  facet normal 0.976295 -0.216445 0
    outer loop
      vertex -43.6421 -2.56001 17.9
      vertex -43.6742 -2.7048 19.6298
      vertex -43.6742 -2.7048 17.9
    endloop
  endfacet
  facet normal -0.923774 0.382939 0
    outer loop
      vertex -40.4593 -3.71845 17.9
      vertex -40.4025 -3.58143 21.2
      vertex -40.4025 -3.58143 17.9
    endloop
  endfacet
  facet normal -0.923774 0.382939 0
    outer loop
      vertex -40.4025 -3.58143 21.2
      vertex -40.4593 -3.71845 17.9
      vertex -40.4593 -3.71845 21.2
    endloop
  endfacet
  facet normal -0.216431 -0.976298 0
    outer loop
      vertex -41.7048 -1.32583 17.9
      vertex -41.56 -1.35793 21.2
      vertex -41.7048 -1.32583 21.2
    endloop
  endfacet
  facet normal -0.216431 -0.976298 -0
    outer loop
      vertex -41.56 -1.35793 21.2
      vertex -41.7048 -1.32583 17.9
      vertex -41.56 -1.35793 17.9
    endloop
  endfacet
  facet normal 0.7933 -0.608831 0
    outer loop
      vertex -43.3926 -2.02492 19.9547
      vertex -43.3023 -1.90726 17.9
      vertex -43.3023 -1.90726 20.0589
    endloop
  endfacet
  facet normal 0.7933 -0.608831 0
    outer loop
      vertex -43.3023 -1.90726 17.9
      vertex -43.3926 -2.02492 19.9547
      vertex -43.3926 -2.02492 17.9
    endloop
  endfacet
  facet normal 0.999039 0.0438293 -0
    outer loop
      vertex -43.6935 -3.14816 17.9
      vertex -43.7 -3 19.6
      vertex -43.6935 -3.14816 19.6075
    endloop
  endfacet
  facet normal 0.999039 0.0438293 0
    outer loop
      vertex -43.7 -3 19.6
      vertex -43.6935 -3.14816 17.9
      vertex -43.7 -3 17.9
    endloop
  endfacet
  facet normal 0.461884 0.886941 -0
    outer loop
      vertex -42.7185 -4.54072 17.9
      vertex -42.85 -4.47224 20.5808
      vertex -42.7185 -4.54072 20.7326
    endloop
  endfacet
  facet normal 0.461884 0.886941 0
    outer loop
      vertex -42.85 -4.47224 20.5808
      vertex -42.7185 -4.54072 17.9
      vertex -42.85 -4.47224 17.9
    endloop
  endfacet
  facet normal -0.0436157 -0.999048 0
    outer loop
      vertex -42 -1.3 17.9
      vertex -41.8518 -1.30647 21.2
      vertex -42 -1.3 21.2
    endloop
  endfacet
  facet normal -0.0436157 -0.999048 -0
    outer loop
      vertex -41.8518 -1.30647 21.2
      vertex -42 -1.3 17.9
      vertex -41.8518 -1.30647 17.9
    endloop
  endfacet
  facet normal -0.976295 0.216445 0
    outer loop
      vertex -40.3579 -3.43999 17.9
      vertex -40.3258 -3.2952 21.2
      vertex -40.3258 -3.2952 17.9
    endloop
  endfacet
  facet normal -0.976295 0.216445 0
    outer loop
      vertex -40.3258 -3.2952 21.2
      vertex -40.3579 -3.43999 17.9
      vertex -40.3579 -3.43999 21.2
    endloop
  endfacet
  facet normal 0.737249 0.675621 -0
    outer loop
      vertex -43.2021 -4.20208 17.9
      vertex -43.3023 -4.09274 20.0589
      vertex -43.2021 -4.20208 20.1745
    endloop
  endfacet
  facet normal 0.737249 0.675621 0
    outer loop
      vertex -43.3023 -4.09274 20.0589
      vertex -43.2021 -4.20208 17.9
      vertex -43.3023 -4.09274 17.9
    endloop
  endfacet
  facet normal 0.976295 0.216445 -0
    outer loop
      vertex -43.6421 -3.43999 17.9
      vertex -43.6742 -3.2952 19.6298
      vertex -43.6421 -3.43999 19.6668
    endloop
  endfacet
  facet normal 0.976295 0.216445 0
    outer loop
      vertex -43.6742 -3.2952 19.6298
      vertex -43.6421 -3.43999 17.9
      vertex -43.6742 -3.2952 17.9
    endloop
  endfacet
  facet normal -0.886957 0.461852 0
    outer loop
      vertex -40.5278 -3.85 17.9
      vertex -40.4593 -3.71845 21.2
      vertex -40.4593 -3.71845 17.9
    endloop
  endfacet
  facet normal -0.886957 0.461852 0
    outer loop
      vertex -40.4593 -3.71845 21.2
      vertex -40.5278 -3.85 17.9
      vertex -40.5278 -3.85 21.2
    endloop
  endfacet
  facet normal -0.382518 -0.923948 0
    outer loop
      vertex -41.4186 -1.40252 17.9
      vertex -41.2815 -1.45928 21.2
      vertex -41.4186 -1.40252 21.2
    endloop
  endfacet
  facet normal -0.382518 -0.923948 -0
    outer loop
      vertex -41.2815 -1.45928 21.2
      vertex -41.4186 -1.40252 17.9
      vertex -41.2815 -1.45928 17.9
    endloop
  endfacet
  facet normal -0.300747 -0.953704 0
    outer loop
      vertex -41.56 -1.35793 17.9
      vertex -41.4186 -1.40252 21.2
      vertex -41.56 -1.35793 21.2
    endloop
  endfacet
  facet normal -0.300747 -0.953704 -0
    outer loop
      vertex -41.4186 -1.40252 21.2
      vertex -41.56 -1.35793 17.9
      vertex -41.4186 -1.40252 17.9
    endloop
  endfacet
  facet normal 0.737249 -0.675621 0
    outer loop
      vertex -43.3023 -1.90726 20.0589
      vertex -43.2021 -1.79792 17.9
      vertex -43.2021 -1.79792 20.1745
    endloop
  endfacet
  facet normal 0.737249 -0.675621 0
    outer loop
      vertex -43.2021 -1.79792 17.9
      vertex -43.3023 -1.90726 20.0589
      vertex -43.3023 -1.90726 17.9
    endloop
  endfacet
  facet normal 0.130573 -0.991439 0
    outer loop
      vertex -42.2952 -1.32583 17.9
      vertex -42.1482 -1.30647 21.2
      vertex -42.2952 -1.32583 21.2
    endloop
  endfacet
  facet normal 0.130573 -0.991439 0
    outer loop
      vertex -42.1482 -1.30647 21.2
      vertex -42.2952 -1.32583 17.9
      vertex -42.1482 -1.30647 17.9
    endloop
  endfacet
  facet normal 0.608984 0.793183 -0
    outer loop
      vertex -42.9751 -4.39256 17.9
      vertex -43.0927 -4.30227 20.3007
      vertex -42.9751 -4.39256 20.4364
    endloop
  endfacet
  facet normal 0.608984 0.793183 0
    outer loop
      vertex -43.0927 -4.30227 20.3007
      vertex -42.9751 -4.39256 17.9
      vertex -43.0927 -4.30227 17.9
    endloop
  endfacet
  facet normal -0.84365 0.536893 0
    outer loop
      vertex -40.6074 -3.97508 17.9
      vertex -40.5278 -3.85 21.2
      vertex -40.5278 -3.85 17.9
    endloop
  endfacet
  facet normal -0.84365 0.536893 0
    outer loop
      vertex -40.5278 -3.85 21.2
      vertex -40.6074 -3.97508 17.9
      vertex -40.6074 -3.97508 21.2
    endloop
  endfacet
  facet normal 0.300747 0.953704 -0
    outer loop
      vertex -42.44 -4.64207 17.9
      vertex -42.5814 -4.59748 20.8907
      vertex -42.44 -4.64207 21.0539
    endloop
  endfacet
  facet normal 0.300747 0.953704 0
    outer loop
      vertex -42.5814 -4.59748 20.8907
      vertex -42.44 -4.64207 17.9
      vertex -42.5814 -4.59748 17.9
    endloop
  endfacet
  facet normal 0.991496 0.130141 -0
    outer loop
      vertex -43.6742 -3.2952 17.9
      vertex -43.6935 -3.14816 19.6075
      vertex -43.6742 -3.2952 19.6298
    endloop
  endfacet
  facet normal 0.991496 0.130141 0
    outer loop
      vertex -43.6935 -3.14816 19.6075
      vertex -43.6742 -3.2952 17.9
      vertex -43.6935 -3.14816 17.9
    endloop
  endfacet
  facet normal 0 0 -1
    outer loop
      vertex -40.3065 -3.14816 21.2
      vertex -40.3065 -2.85183 21.2
      vertex -40.3 -3 21.2
    endloop
  endfacet
  facet normal 0 0 -1
    outer loop
      vertex -40.3258 -3.2952 21.2
      vertex -40.3065 -2.85183 21.2
      vertex -40.3065 -3.14816 21.2
    endloop
  endfacet
  facet normal 0 0 -1
    outer loop
      vertex -40.3258 -3.2952 21.2
      vertex -40.3258 -2.7048 21.2
      vertex -40.3065 -2.85183 21.2
    endloop
  endfacet
  facet normal 0 0 -1
    outer loop
      vertex -40.3579 -3.43999 21.2
      vertex -40.3258 -2.7048 21.2
      vertex -40.3258 -3.2952 21.2
    endloop
  endfacet
  facet normal 0 0 -1
    outer loop
      vertex -40.3579 -3.43999 21.2
      vertex -40.3579 -2.56001 21.2
      vertex -40.3258 -2.7048 21.2
    endloop
  endfacet
  facet normal 0 0 -1
    outer loop
      vertex -40.4025 -3.58143 21.2
      vertex -40.3579 -2.56001 21.2
      vertex -40.3579 -3.43999 21.2
    endloop
  endfacet
  facet normal 0 0 -1
    outer loop
      vertex -40.4025 -3.58143 21.2
      vertex -40.4025 -2.41857 21.2
      vertex -40.3579 -2.56001 21.2
    endloop
  endfacet
  facet normal 0 0 -1
    outer loop
      vertex -40.4593 -3.71845 21.2
      vertex -40.4025 -2.41857 21.2
      vertex -40.4025 -3.58143 21.2
    endloop
  endfacet
  facet normal 0 0 -1
    outer loop
      vertex -40.4593 -3.71845 21.2
      vertex -40.4593 -2.28155 21.2
      vertex -40.4025 -2.41857 21.2
    endloop
  endfacet
  facet normal 0 0 -1
    outer loop
      vertex -40.5278 -3.85 21.2
      vertex -40.4593 -2.28155 21.2
      vertex -40.4593 -3.71845 21.2
    endloop
  endfacet
  facet normal 0 0 -1
    outer loop
      vertex -40.5278 -3.85 21.2
      vertex -40.5278 -2.15 21.2
      vertex -40.4593 -2.28155 21.2
    endloop
  endfacet
  facet normal 0 0 -1
    outer loop
      vertex -40.6074 -3.97508 21.2
      vertex -40.5278 -2.15 21.2
      vertex -40.5278 -3.85 21.2
    endloop
  endfacet
  facet normal 0 0 -1
    outer loop
      vertex -40.6074 -3.97508 21.2
      vertex -40.6074 -2.02492 21.2
      vertex -40.5278 -2.15 21.2
    endloop
  endfacet
  facet normal 0 0 -1
    outer loop
      vertex -40.6977 -4.09274 21.2
      vertex -40.6074 -2.02492 21.2
      vertex -40.6074 -3.97508 21.2
    endloop
  endfacet
  facet normal 0 0 -1
    outer loop
      vertex -40.6977 -4.09274 21.2
      vertex -40.6977 -1.90726 21.2
      vertex -40.6074 -2.02492 21.2
    endloop
  endfacet
  facet normal 0 0 -1
    outer loop
      vertex -40.7979 -4.20208 21.2
      vertex -40.6977 -1.90726 21.2
      vertex -40.6977 -4.09274 21.2
    endloop
  endfacet
  facet normal 0 0 -1
    outer loop
      vertex -40.7979 -4.20208 21.2
      vertex -40.7979 -1.79792 21.2
      vertex -40.6977 -1.90726 21.2
    endloop
  endfacet
  facet normal 0 0 -1
    outer loop
      vertex -40.9073 -4.30227 21.2
      vertex -40.7979 -1.79792 21.2
      vertex -40.7979 -4.20208 21.2
    endloop
  endfacet
  facet normal 0 0 -1
    outer loop
      vertex -40.9073 -4.30227 21.2
      vertex -40.9073 -1.69772 21.2
      vertex -40.7979 -1.79792 21.2
    endloop
  endfacet
  facet normal 0 0 -1
    outer loop
      vertex -41.0249 -4.39256 21.2
      vertex -40.9073 -1.69772 21.2
      vertex -40.9073 -4.30227 21.2
    endloop
  endfacet
  facet normal 0 0 -1
    outer loop
      vertex -41.0249 -4.39256 21.2
      vertex -41.0249 -1.60744 21.2
      vertex -40.9073 -1.69772 21.2
    endloop
  endfacet
  facet normal 0 0 -1
    outer loop
      vertex -41.15 -4.47224 21.2
      vertex -41.0249 -1.60744 21.2
      vertex -41.0249 -4.39256 21.2
    endloop
  endfacet
  facet normal 0 0 -1
    outer loop
      vertex -41.15 -4.47224 21.2
      vertex -41.15 -1.52776 21.2
      vertex -41.0249 -1.60744 21.2
    endloop
  endfacet
  facet normal 0 0 -1
    outer loop
      vertex -41.2815 -4.54072 21.2
      vertex -41.15 -1.52776 21.2
      vertex -41.15 -4.47224 21.2
    endloop
  endfacet
  facet normal 0 0 -1
    outer loop
      vertex -41.2815 -4.54072 21.2
      vertex -41.2815 -1.45928 21.2
      vertex -41.15 -1.52776 21.2
    endloop
  endfacet
  facet normal 0 0 -1
    outer loop
      vertex -41.4186 -4.59748 21.2
      vertex -41.2815 -1.45928 21.2
      vertex -41.2815 -4.54072 21.2
    endloop
  endfacet
  facet normal 0 0 -1
    outer loop
      vertex -41.4186 -4.59748 21.2
      vertex -41.4186 -1.40252 21.2
      vertex -41.2815 -1.45928 21.2
    endloop
  endfacet
  facet normal 0 0 -1
    outer loop
      vertex -41.56 -4.64207 21.2
      vertex -41.4186 -1.40252 21.2
      vertex -41.4186 -4.59748 21.2
    endloop
  endfacet
  facet normal 0 0 -1
    outer loop
      vertex -41.56 -4.64207 21.2
      vertex -41.56 -1.35793 21.2
      vertex -41.4186 -1.40252 21.2
    endloop
  endfacet
  facet normal 0 0 -1
    outer loop
      vertex -41.7048 -4.67417 21.2
      vertex -41.56 -1.35793 21.2
      vertex -41.56 -4.64207 21.2
    endloop
  endfacet
  facet normal 0 0 -1
    outer loop
      vertex -41.7048 -4.67417 21.2
      vertex -41.7048 -1.32583 21.2
      vertex -41.56 -1.35793 21.2
    endloop
  endfacet
  facet normal 0 0 -1
    outer loop
      vertex -41.8518 -4.69353 21.2
      vertex -41.7048 -1.32583 21.2
      vertex -41.7048 -4.67417 21.2
    endloop
  endfacet
  facet normal 0 0 -1
    outer loop
      vertex -41.8518 -4.69353 21.2
      vertex -41.8518 -1.30647 21.2
      vertex -41.7048 -1.32583 21.2
    endloop
  endfacet
  facet normal 0 0 -1
    outer loop
      vertex -42 -4.7 21.2
      vertex -41.8518 -1.30647 21.2
      vertex -41.8518 -4.69353 21.2
    endloop
  endfacet
  facet normal 0 0 -1
    outer loop
      vertex -42 -4.7 21.2
      vertex -42 -1.3 21.2
      vertex -41.8518 -1.30647 21.2
    endloop
  endfacet
  facet normal 0 0 -1
    outer loop
      vertex -42.1482 -4.69353 21.2
      vertex -42 -1.3 21.2
      vertex -42 -4.7 21.2
    endloop
  endfacet
  facet normal 0 0 -1
    outer loop
      vertex -42.1482 -4.69353 21.2
      vertex -42.1482 -1.30647 21.2
      vertex -42 -1.3 21.2
    endloop
  endfacet
  facet normal 0 0 -1
    outer loop
      vertex -42.3133 -4.67015 21.2
      vertex -42.1482 -4.69353 21.2
      vertex -42.2952 -4.67417 21.2
    endloop
  endfacet
  facet normal 0 0 -1
    outer loop
      vertex -42.1482 -4.69353 21.2
      vertex -42.3133 -4.67015 21.2
      vertex -42.1482 -1.30647 21.2
    endloop
  endfacet
  facet normal 0 0 -1
    outer loop
      vertex -42.3133 -1.32985 21.2
      vertex -42.1482 -1.30647 21.2
      vertex -42.3133 -4.67015 21.2
    endloop
  endfacet
  facet normal 0 0 -1
    outer loop
      vertex -42.1482 -1.30647 21.2
      vertex -42.3133 -1.32985 21.2
      vertex -42.2952 -1.32583 21.2
    endloop
  endfacet
  facet normal 0.84365 0.536893 -0
    outer loop
      vertex -43.3926 -3.97508 17.9
      vertex -43.4722 -3.85 19.8628
      vertex -43.3926 -3.97508 19.9547
    endloop
  endfacet
  facet normal 0.84365 0.536893 0
    outer loop
      vertex -43.4722 -3.85 19.8628
      vertex -43.3926 -3.97508 17.9
      vertex -43.4722 -3.85 17.9
    endloop
  endfacet
  facet normal 0.886957 -0.461852 0
    outer loop
      vertex -43.5407 -2.28155 19.7838
      vertex -43.4722 -2.15 17.9
      vertex -43.4722 -2.15 19.8628
    endloop
  endfacet
  facet normal 0.886957 -0.461852 0
    outer loop
      vertex -43.4722 -2.15 17.9
      vertex -43.5407 -2.28155 19.7838
      vertex -43.5407 -2.28155 17.9
    endloop
  endfacet
  facet normal -0.991496 0.130141 0
    outer loop
      vertex -40.3258 -3.2952 17.9
      vertex -40.3065 -3.14816 21.2
      vertex -40.3065 -3.14816 17.9
    endloop
  endfacet
  facet normal -0.991496 0.130141 0
    outer loop
      vertex -40.3065 -3.14816 21.2
      vertex -40.3258 -3.2952 17.9
      vertex -40.3258 -3.2952 21.2
    endloop
  endfacet
  facet normal -0.737249 0.675621 0
    outer loop
      vertex -40.7979 -4.20208 17.9
      vertex -40.6977 -4.09274 21.2
      vertex -40.6977 -4.09274 17.9
    endloop
  endfacet
  facet normal -0.737249 0.675621 0
    outer loop
      vertex -40.6977 -4.09274 21.2
      vertex -40.7979 -4.20208 17.9
      vertex -40.7979 -4.20208 21.2
    endloop
  endfacet
  facet normal 0.0436157 0.999048 -0
    outer loop
      vertex -42 -4.7 17.9
      vertex -42.1482 -4.69353 21.2
      vertex -42 -4.7 21.2
    endloop
  endfacet
  facet normal 0.0436157 0.999048 0
    outer loop
      vertex -42.1482 -4.69353 21.2
      vertex -42 -4.7 17.9
      vertex -42.1482 -4.69353 17.9
    endloop
  endfacet
  facet normal 0.130573 0.991439 -0
    outer loop
      vertex -42.1482 -4.69353 17.9
      vertex -42.2952 -4.67417 21.2
      vertex -42.1482 -4.69353 21.2
    endloop
  endfacet
  facet normal 0.130573 0.991439 0
    outer loop
      vertex -42.2952 -4.67417 21.2
      vertex -42.1482 -4.69353 17.9
      vertex -42.2952 -4.67417 17.9
    endloop
  endfacet
  facet normal 0.84365 -0.536893 0
    outer loop
      vertex -43.4722 -2.15 19.8628
      vertex -43.3926 -2.02492 17.9
      vertex -43.3926 -2.02492 19.9547
    endloop
  endfacet
  facet normal 0.84365 -0.536893 0
    outer loop
      vertex -43.3926 -2.02492 17.9
      vertex -43.4722 -2.15 19.8628
      vertex -43.4722 -2.15 17.9
    endloop
  endfacet
  facet normal -0.991496 -0.130141 0
    outer loop
      vertex -40.3065 3.14816 17.9
      vertex -40.3258 3.2952 21.2
      vertex -40.3258 3.2952 17.9
    endloop
  endfacet
  facet normal -0.991496 -0.130141 0
    outer loop
      vertex -40.3258 3.2952 21.2
      vertex -40.3065 3.14816 17.9
      vertex -40.3065 3.14816 21.2
    endloop
  endfacet
  facet normal -0.999039 -0.0438293 0
    outer loop
      vertex -40.3 3 17.9
      vertex -40.3065 3.14816 21.2
      vertex -40.3065 3.14816 17.9
    endloop
  endfacet
  facet normal -0.999039 -0.0438293 0
    outer loop
      vertex -40.3065 3.14816 21.2
      vertex -40.3 3 17.9
      vertex -40.3 3 21.2
    endloop
  endfacet
  facet normal -0.976295 -0.216445 0
    outer loop
      vertex -40.3258 3.2952 17.9
      vertex -40.3579 3.43999 21.2
      vertex -40.3579 3.43999 17.9
    endloop
  endfacet
  facet normal -0.976295 -0.216445 0
    outer loop
      vertex -40.3579 3.43999 21.2
      vertex -40.3258 3.2952 17.9
      vertex -40.3258 3.2952 21.2
    endloop
  endfacet
  facet normal 0.216816 -0.976212 -0.000400909
    outer loop
      vertex -42.44 4.64207 21.0539
      vertex -42.2952 4.67417 21.2
      vertex -42.3133 4.67015 21.2
    endloop
  endfacet
  facet normal 0.216431 -0.976298 0
    outer loop
      vertex -42.2952 4.67417 17.9
      vertex -42.44 4.64207 21.0539
      vertex -42.44 4.64207 17.9
    endloop
  endfacet
  facet normal 0.216431 -0.976298 0
    outer loop
      vertex -42.44 4.64207 21.0539
      vertex -42.2952 4.67417 17.9
      vertex -42.2952 4.67417 21.2
    endloop
  endfacet
  facet normal 0.130573 -0.991439 0
    outer loop
      vertex -42.2952 4.67417 17.9
      vertex -42.1482 4.69353 21.2
      vertex -42.2952 4.67417 21.2
    endloop
  endfacet
  facet normal 0.130573 -0.991439 0
    outer loop
      vertex -42.1482 4.69353 21.2
      vertex -42.2952 4.67417 17.9
      vertex -42.1482 4.69353 17.9
    endloop
  endfacet
  facet normal -0.84365 -0.536893 0
    outer loop
      vertex -40.5278 3.85 17.9
      vertex -40.6074 3.97508 21.2
      vertex -40.6074 3.97508 17.9
    endloop
  endfacet
  facet normal -0.84365 -0.536893 0
    outer loop
      vertex -40.6074 3.97508 21.2
      vertex -40.5278 3.85 17.9
      vertex -40.5278 3.85 21.2
    endloop
  endfacet
  facet normal 0.976295 0.216445 -0
    outer loop
      vertex -43.6421 2.56001 17.9
      vertex -43.6742 2.7048 19.6298
      vertex -43.6421 2.56001 19.6668
    endloop
  endfacet
  facet normal 0.976295 0.216445 0
    outer loop
      vertex -43.6742 2.7048 19.6298
      vertex -43.6421 2.56001 17.9
      vertex -43.6742 2.7048 17.9
    endloop
  endfacet
  facet normal -0.737249 -0.675621 0
    outer loop
      vertex -40.6977 4.09274 17.9
      vertex -40.7979 4.20208 21.2
      vertex -40.7979 4.20208 17.9
    endloop
  endfacet
  facet normal -0.737249 -0.675621 0
    outer loop
      vertex -40.7979 4.20208 21.2
      vertex -40.6977 4.09274 17.9
      vertex -40.6977 4.09274 21.2
    endloop
  endfacet
  facet normal -0.999039 0.0438264 0
    outer loop
      vertex -40.3065 2.85183 17.9
      vertex -40.3 3 21.2
      vertex -40.3 3 17.9
    endloop
  endfacet
  facet normal -0.999039 0.0438264 0
    outer loop
      vertex -40.3 3 21.2
      vertex -40.3065 2.85183 17.9
      vertex -40.3065 2.85183 21.2
    endloop
  endfacet
  facet normal -0.675419 0.737434 0
    outer loop
      vertex -40.7979 1.79792 17.9
      vertex -40.9073 1.69772 21.2
      vertex -40.7979 1.79792 21.2
    endloop
  endfacet
  facet normal -0.675419 0.737434 0
    outer loop
      vertex -40.9073 1.69772 21.2
      vertex -40.7979 1.79792 17.9
      vertex -40.9073 1.69772 17.9
    endloop
  endfacet
  facet normal -0.382518 0.923948 0
    outer loop
      vertex -41.2815 1.45928 17.9
      vertex -41.4186 1.40252 21.2
      vertex -41.2815 1.45928 21.2
    endloop
  endfacet
  facet normal -0.382518 0.923948 0
    outer loop
      vertex -41.4186 1.40252 21.2
      vertex -41.2815 1.45928 17.9
      vertex -41.4186 1.40252 17.9
    endloop
  endfacet
  facet normal -0.953709 -0.300731 0
    outer loop
      vertex -40.3579 3.43999 17.9
      vertex -40.4025 3.58143 21.2
      vertex -40.4025 3.58143 17.9
    endloop
  endfacet
  facet normal -0.953709 -0.300731 0
    outer loop
      vertex -40.4025 3.58143 21.2
      vertex -40.3579 3.43999 17.9
      vertex -40.3579 3.43999 21.2
    endloop
  endfacet
  facet normal -0.130573 0.991439 0
    outer loop
      vertex -41.7048 1.32583 17.9
      vertex -41.8518 1.30647 21.2
      vertex -41.7048 1.32583 21.2
    endloop
  endfacet
  facet normal -0.130573 0.991439 0
    outer loop
      vertex -41.8518 1.30647 21.2
      vertex -41.7048 1.32583 17.9
      vertex -41.8518 1.30647 17.9
    endloop
  endfacet
  facet normal 0.976295 -0.216445 0
    outer loop
      vertex -43.6742 3.2952 19.6298
      vertex -43.6421 3.43999 17.9
      vertex -43.6421 3.43999 19.6668
    endloop
  endfacet
  facet normal 0.976295 -0.216445 0
    outer loop
      vertex -43.6421 3.43999 17.9
      vertex -43.6742 3.2952 19.6298
      vertex -43.6742 3.2952 17.9
    endloop
  endfacet
  facet normal 0.608984 -0.793183 0
    outer loop
      vertex -42.9751 4.39256 17.9
      vertex -43.0927 4.30227 20.3007
      vertex -43.0927 4.30227 17.9
    endloop
  endfacet
  facet normal 0.608984 -0.793183 0
    outer loop
      vertex -43.0927 4.30227 20.3007
      vertex -42.9751 4.39256 17.9
      vertex -42.9751 4.39256 20.4364
    endloop
  endfacet
  facet normal 0.0436157 -0.999048 0
    outer loop
      vertex -42.1482 4.69353 17.9
      vertex -42 4.7 21.2
      vertex -42.1482 4.69353 21.2
    endloop
  endfacet
  facet normal 0.0436157 -0.999048 0
    outer loop
      vertex -42 4.7 21.2
      vertex -42.1482 4.69353 17.9
      vertex -42 4.7 17.9
    endloop
  endfacet
  facet normal 0.608941 0.793215 -0
    outer loop
      vertex -42.9751 1.60744 17.9
      vertex -43.0927 1.69772 20.3007
      vertex -42.9751 1.60744 20.4364
    endloop
  endfacet
  facet normal 0.608941 0.793215 0
    outer loop
      vertex -43.0927 1.69772 20.3007
      vertex -42.9751 1.60744 17.9
      vertex -43.0927 1.69772 17.9
    endloop
  endfacet
  facet normal 0.953709 0.300731 -0
    outer loop
      vertex -43.5975 2.41857 17.9
      vertex -43.6421 2.56001 19.6668
      vertex -43.5975 2.41857 19.7183
    endloop
  endfacet
  facet normal 0.953709 0.300731 0
    outer loop
      vertex -43.6421 2.56001 19.6668
      vertex -43.5975 2.41857 17.9
      vertex -43.6421 2.56001 17.9
    endloop
  endfacet
  facet normal 0.382518 -0.923948 0
    outer loop
      vertex -42.5814 4.59748 17.9
      vertex -42.7185 4.54072 20.7326
      vertex -42.7185 4.54072 17.9
    endloop
  endfacet
  facet normal 0.382518 -0.923948 0
    outer loop
      vertex -42.7185 4.54072 20.7326
      vertex -42.5814 4.59748 17.9
      vertex -42.5814 4.59748 20.8907
    endloop
  endfacet
  facet normal 0.999039 -0.0438293 0
    outer loop
      vertex -43.7 3 19.6
      vertex -43.6935 3.14816 17.9
      vertex -43.6935 3.14816 19.6075
    endloop
  endfacet
  facet normal 0.999039 -0.0438293 0
    outer loop
      vertex -43.6935 3.14816 17.9
      vertex -43.7 3 19.6
      vertex -43.7 3 17.9
    endloop
  endfacet
  facet normal -0.300747 -0.953704 0
    outer loop
      vertex -41.56 4.64207 17.9
      vertex -41.4186 4.59748 21.2
      vertex -41.56 4.64207 21.2
    endloop
  endfacet
  facet normal -0.300747 -0.953704 -0
    outer loop
      vertex -41.4186 4.59748 21.2
      vertex -41.56 4.64207 17.9
      vertex -41.4186 4.59748 17.9
    endloop
  endfacet
  facet normal 0.300747 -0.953704 0
    outer loop
      vertex -42.44 4.64207 17.9
      vertex -42.5814 4.59748 20.8907
      vertex -42.5814 4.59748 17.9
    endloop
  endfacet
  facet normal 0.300747 -0.953704 0
    outer loop
      vertex -42.5814 4.59748 20.8907
      vertex -42.44 4.64207 17.9
      vertex -42.44 4.64207 21.0539
    endloop
  endfacet
  facet normal -0.923774 -0.382939 0
    outer loop
      vertex -40.4025 3.58143 17.9
      vertex -40.4593 3.71845 21.2
      vertex -40.4593 3.71845 17.9
    endloop
  endfacet
  facet normal -0.923774 -0.382939 0
    outer loop
      vertex -40.4593 3.71845 21.2
      vertex -40.4025 3.58143 17.9
      vertex -40.4025 3.58143 21.2
    endloop
  endfacet
  facet normal -0.300747 0.953704 0
    outer loop
      vertex -41.4186 1.40252 17.9
      vertex -41.56 1.35793 21.2
      vertex -41.4186 1.40252 21.2
    endloop
  endfacet
  facet normal -0.300747 0.953704 0
    outer loop
      vertex -41.56 1.35793 21.2
      vertex -41.4186 1.40252 17.9
      vertex -41.56 1.35793 17.9
    endloop
  endfacet
  facet normal -0.216431 0.976298 0
    outer loop
      vertex -41.56 1.35793 17.9
      vertex -41.7048 1.32583 21.2
      vertex -41.56 1.35793 21.2
    endloop
  endfacet
  facet normal -0.216431 0.976298 0
    outer loop
      vertex -41.7048 1.32583 21.2
      vertex -41.56 1.35793 17.9
      vertex -41.7048 1.32583 17.9
    endloop
  endfacet
  facet normal -0.608984 -0.793183 0
    outer loop
      vertex -41.0249 4.39256 17.9
      vertex -40.9073 4.30227 21.2
      vertex -41.0249 4.39256 21.2
    endloop
  endfacet
  facet normal -0.608984 -0.793183 -0
    outer loop
      vertex -40.9073 4.30227 21.2
      vertex -41.0249 4.39256 17.9
      vertex -40.9073 4.30227 17.9
    endloop
  endfacet
  facet normal 0.461884 0.886941 -0
    outer loop
      vertex -42.7185 1.45928 17.9
      vertex -42.85 1.52776 20.5808
      vertex -42.7185 1.45928 20.7326
    endloop
  endfacet
  facet normal 0.461884 0.886941 0
    outer loop
      vertex -42.85 1.52776 20.5808
      vertex -42.7185 1.45928 17.9
      vertex -42.85 1.52776 17.9
    endloop
  endfacet
  facet normal -0.0436157 -0.999048 0
    outer loop
      vertex -42 4.7 17.9
      vertex -41.8518 4.69353 21.2
      vertex -42 4.7 21.2
    endloop
  endfacet
  facet normal -0.0436157 -0.999048 -0
    outer loop
      vertex -41.8518 4.69353 21.2
      vertex -42 4.7 17.9
      vertex -41.8518 4.69353 17.9
    endloop
  endfacet
  facet normal 0.537216 -0.843445 0
    outer loop
      vertex -42.85 4.47224 17.9
      vertex -42.9751 4.39256 20.4364
      vertex -42.9751 4.39256 17.9
    endloop
  endfacet
  facet normal 0.537216 -0.843445 0
    outer loop
      vertex -42.9751 4.39256 20.4364
      vertex -42.85 4.47224 17.9
      vertex -42.85 4.47224 20.5808
    endloop
  endfacet
  facet normal -0.130573 -0.991439 0
    outer loop
      vertex -41.8518 4.69353 17.9
      vertex -41.7048 4.67417 21.2
      vertex -41.8518 4.69353 21.2
    endloop
  endfacet
  facet normal -0.130573 -0.991439 -0
    outer loop
      vertex -41.7048 4.67417 21.2
      vertex -41.8518 4.69353 17.9
      vertex -41.7048 4.67417 17.9
    endloop
  endfacet
  facet normal -0.537216 -0.843445 0
    outer loop
      vertex -41.15 4.47224 17.9
      vertex -41.0249 4.39256 21.2
      vertex -41.15 4.47224 21.2
    endloop
  endfacet
  facet normal -0.537216 -0.843445 -0
    outer loop
      vertex -41.0249 4.39256 21.2
      vertex -41.15 4.47224 17.9
      vertex -41.0249 4.39256 17.9
    endloop
  endfacet
  facet normal -0.7933 0.608831 0
    outer loop
      vertex -40.6977 1.90726 17.9
      vertex -40.6074 2.02492 21.2
      vertex -40.6074 2.02492 17.9
    endloop
  endfacet
  facet normal -0.7933 0.608831 0
    outer loop
      vertex -40.6074 2.02492 21.2
      vertex -40.6977 1.90726 17.9
      vertex -40.6977 1.90726 21.2
    endloop
  endfacet
  facet normal -0.991494 0.130149 0
    outer loop
      vertex -40.3258 2.7048 17.9
      vertex -40.3065 2.85183 21.2
      vertex -40.3065 2.85183 17.9
    endloop
  endfacet
  facet normal -0.991494 0.130149 0
    outer loop
      vertex -40.3065 2.85183 21.2
      vertex -40.3258 2.7048 17.9
      vertex -40.3258 2.7048 21.2
    endloop
  endfacet
  facet normal -0.382518 -0.923948 0
    outer loop
      vertex -41.4186 4.59748 17.9
      vertex -41.2815 4.54072 21.2
      vertex -41.4186 4.59748 21.2
    endloop
  endfacet
  facet normal -0.382518 -0.923948 -0
    outer loop
      vertex -41.2815 4.54072 21.2
      vertex -41.4186 4.59748 17.9
      vertex -41.2815 4.54072 17.9
    endloop
  endfacet
  facet normal 0.675383 -0.737467 0
    outer loop
      vertex -43.0927 4.30227 17.9
      vertex -43.2021 4.20208 20.1745
      vertex -43.2021 4.20208 17.9
    endloop
  endfacet
  facet normal 0.675383 -0.737467 0
    outer loop
      vertex -43.2021 4.20208 20.1745
      vertex -43.0927 4.30227 17.9
      vertex -43.0927 4.30227 20.3007
    endloop
  endfacet
  facet normal 0.84365 -0.536893 0
    outer loop
      vertex -43.4722 3.85 19.8628
      vertex -43.3926 3.97508 17.9
      vertex -43.3926 3.97508 19.9547
    endloop
  endfacet
  facet normal 0.84365 -0.536893 0
    outer loop
      vertex -43.3926 3.97508 17.9
      vertex -43.4722 3.85 19.8628
      vertex -43.4722 3.85 17.9
    endloop
  endfacet
  facet normal 0.382518 0.923948 -0
    outer loop
      vertex -42.5814 1.40252 17.9
      vertex -42.7185 1.45928 20.7326
      vertex -42.5814 1.40252 20.8907
    endloop
  endfacet
  facet normal 0.382518 0.923948 0
    outer loop
      vertex -42.7185 1.45928 20.7326
      vertex -42.5814 1.40252 17.9
      vertex -42.7185 1.45928 17.9
    endloop
  endfacet
  facet normal -0.461884 0.886941 0
    outer loop
      vertex -41.15 1.52776 17.9
      vertex -41.2815 1.45928 21.2
      vertex -41.15 1.52776 21.2
    endloop
  endfacet
  facet normal -0.461884 0.886941 0
    outer loop
      vertex -41.2815 1.45928 21.2
      vertex -41.15 1.52776 17.9
      vertex -41.2815 1.45928 17.9
    endloop
  endfacet
  facet normal 0.300747 0.953704 -0
    outer loop
      vertex -42.44 1.35793 17.9
      vertex -42.5814 1.40252 20.8907
      vertex -42.44 1.35793 21.0539
    endloop
  endfacet
  facet normal 0.300747 0.953704 0
    outer loop
      vertex -42.5814 1.40252 20.8907
      vertex -42.44 1.35793 17.9
      vertex -42.5814 1.40252 17.9
    endloop
  endfacet
  facet normal -0.976295 0.216445 0
    outer loop
      vertex -40.3579 2.56001 17.9
      vertex -40.3258 2.7048 21.2
      vertex -40.3258 2.7048 17.9
    endloop
  endfacet
  facet normal -0.976295 0.216445 0
    outer loop
      vertex -40.3258 2.7048 21.2
      vertex -40.3579 2.56001 17.9
      vertex -40.3579 2.56001 21.2
    endloop
  endfacet
  facet normal -0.953709 0.300731 0
    outer loop
      vertex -40.4025 2.41857 17.9
      vertex -40.3579 2.56001 21.2
      vertex -40.3579 2.56001 17.9
    endloop
  endfacet
  facet normal -0.953709 0.300731 0
    outer loop
      vertex -40.3579 2.56001 21.2
      vertex -40.4025 2.41857 17.9
      vertex -40.4025 2.41857 21.2
    endloop
  endfacet
  facet normal -0.886957 -0.461852 0
    outer loop
      vertex -40.4593 3.71845 17.9
      vertex -40.5278 3.85 21.2
      vertex -40.5278 3.85 17.9
    endloop
  endfacet
  facet normal -0.886957 -0.461852 0
    outer loop
      vertex -40.5278 3.85 21.2
      vertex -40.4593 3.71845 17.9
      vertex -40.4593 3.71845 21.2
    endloop
  endfacet
  facet normal -0.675383 -0.737467 0
    outer loop
      vertex -40.9073 4.30227 17.9
      vertex -40.7979 4.20208 21.2
      vertex -40.9073 4.30227 21.2
    endloop
  endfacet
  facet normal -0.675383 -0.737467 -0
    outer loop
      vertex -40.7979 4.20208 21.2
      vertex -40.9073 4.30227 17.9
      vertex -40.7979 4.20208 17.9
    endloop
  endfacet
  facet normal -0.0436157 0.999048 0
    outer loop
      vertex -41.8518 1.30647 17.9
      vertex -42 1.3 21.2
      vertex -41.8518 1.30647 21.2
    endloop
  endfacet
  facet normal -0.0436157 0.999048 0
    outer loop
      vertex -42 1.3 21.2
      vertex -41.8518 1.30647 17.9
      vertex -42 1.3 17.9
    endloop
  endfacet
  facet normal -0.886957 0.461852 0
    outer loop
      vertex -40.5278 2.15 17.9
      vertex -40.4593 2.28155 21.2
      vertex -40.4593 2.28155 17.9
    endloop
  endfacet
  facet normal -0.886957 0.461852 0
    outer loop
      vertex -40.4593 2.28155 21.2
      vertex -40.5278 2.15 17.9
      vertex -40.5278 2.15 21.2
    endloop
  endfacet
  facet normal 0.216816 0.976212 -0.000400909
    outer loop
      vertex -42.2952 1.32583 21.2
      vertex -42.44 1.35793 21.0539
      vertex -42.3133 1.32985 21.2
    endloop
  endfacet
  facet normal 0.216431 0.976298 -0
    outer loop
      vertex -42.2952 1.32583 17.9
      vertex -42.44 1.35793 21.0539
      vertex -42.2952 1.32583 21.2
    endloop
  endfacet
  facet normal 0.216431 0.976298 0
    outer loop
      vertex -42.44 1.35793 21.0539
      vertex -42.2952 1.32583 17.9
      vertex -42.44 1.35793 17.9
    endloop
  endfacet
  facet normal 0.953709 -0.300731 0
    outer loop
      vertex -43.6421 3.43999 19.6668
      vertex -43.5975 3.58143 17.9
      vertex -43.5975 3.58143 19.7183
    endloop
  endfacet
  facet normal 0.953709 -0.300731 0
    outer loop
      vertex -43.5975 3.58143 17.9
      vertex -43.6421 3.43999 19.6668
      vertex -43.6421 3.43999 17.9
    endloop
  endfacet
  facet normal -0.923774 0.382939 0
    outer loop
      vertex -40.4593 2.28155 17.9
      vertex -40.4025 2.41857 21.2
      vertex -40.4025 2.41857 17.9
    endloop
  endfacet
  facet normal -0.923774 0.382939 0
    outer loop
      vertex -40.4025 2.41857 21.2
      vertex -40.4593 2.28155 17.9
      vertex -40.4593 2.28155 21.2
    endloop
  endfacet
  facet normal 0.886957 -0.461852 0
    outer loop
      vertex -43.5407 3.71845 19.7838
      vertex -43.4722 3.85 17.9
      vertex -43.4722 3.85 19.8628
    endloop
  endfacet
  facet normal 0.886957 -0.461852 0
    outer loop
      vertex -43.4722 3.85 17.9
      vertex -43.5407 3.71845 19.7838
      vertex -43.5407 3.71845 17.9
    endloop
  endfacet
  facet normal 0.461884 -0.886941 0
    outer loop
      vertex -42.7185 4.54072 17.9
      vertex -42.85 4.47224 20.5808
      vertex -42.85 4.47224 17.9
    endloop
  endfacet
  facet normal 0.461884 -0.886941 0
    outer loop
      vertex -42.85 4.47224 20.5808
      vertex -42.7185 4.54072 17.9
      vertex -42.7185 4.54072 20.7326
    endloop
  endfacet
  facet normal 0.84365 0.536893 -0
    outer loop
      vertex -43.3926 2.02492 17.9
      vertex -43.4722 2.15 19.8628
      vertex -43.3926 2.02492 19.9547
    endloop
  endfacet
  facet normal 0.84365 0.536893 0
    outer loop
      vertex -43.4722 2.15 19.8628
      vertex -43.3926 2.02492 17.9
      vertex -43.4722 2.15 17.9
    endloop
  endfacet
  facet normal -0.7933 -0.608831 0
    outer loop
      vertex -40.6074 3.97508 17.9
      vertex -40.6977 4.09274 21.2
      vertex -40.6977 4.09274 17.9
    endloop
  endfacet
  facet normal -0.7933 -0.608831 0
    outer loop
      vertex -40.6977 4.09274 21.2
      vertex -40.6074 3.97508 17.9
      vertex -40.6074 3.97508 21.2
    endloop
  endfacet
  facet normal 0.991496 -0.130141 0
    outer loop
      vertex -43.6935 3.14816 19.6075
      vertex -43.6742 3.2952 17.9
      vertex -43.6742 3.2952 19.6298
    endloop
  endfacet
  facet normal 0.991496 -0.130141 0
    outer loop
      vertex -43.6742 3.2952 17.9
      vertex -43.6935 3.14816 19.6075
      vertex -43.6935 3.14816 17.9
    endloop
  endfacet
  facet normal 0.737249 -0.675621 0
    outer loop
      vertex -43.3023 4.09274 20.0589
      vertex -43.2021 4.20208 17.9
      vertex -43.2021 4.20208 20.1745
    endloop
  endfacet
  facet normal 0.737249 -0.675621 0
    outer loop
      vertex -43.2021 4.20208 17.9
      vertex -43.3023 4.09274 20.0589
      vertex -43.3023 4.09274 17.9
    endloop
  endfacet
  facet normal 0.886957 0.461852 -0
    outer loop
      vertex -43.4722 2.15 17.9
      vertex -43.5407 2.28155 19.7838
      vertex -43.4722 2.15 19.8628
    endloop
  endfacet
  facet normal 0.886957 0.461852 0
    outer loop
      vertex -43.5407 2.28155 19.7838
      vertex -43.4722 2.15 17.9
      vertex -43.5407 2.28155 17.9
    endloop
  endfacet
  facet normal 0.991494 0.130149 -0
    outer loop
      vertex -43.6742 2.7048 17.9
      vertex -43.6935 2.85183 19.6075
      vertex -43.6742 2.7048 19.6298
    endloop
  endfacet
  facet normal 0.991494 0.130149 0
    outer loop
      vertex -43.6935 2.85183 19.6075
      vertex -43.6742 2.7048 17.9
      vertex -43.6935 2.85183 17.9
    endloop
  endfacet
  facet normal 0.0436157 0.999048 -0
    outer loop
      vertex -42 1.3 17.9
      vertex -42.1482 1.30647 21.2
      vertex -42 1.3 21.2
    endloop
  endfacet
  facet normal 0.0436157 0.999048 0
    outer loop
      vertex -42.1482 1.30647 21.2
      vertex -42 1.3 17.9
      vertex -42.1482 1.30647 17.9
    endloop
  endfacet
  facet normal 0.675419 0.737434 -0
    outer loop
      vertex -43.0927 1.69772 17.9
      vertex -43.2021 1.79792 20.1745
      vertex -43.0927 1.69772 20.3007
    endloop
  endfacet
  facet normal 0.675419 0.737434 0
    outer loop
      vertex -43.2021 1.79792 20.1745
      vertex -43.0927 1.69772 17.9
      vertex -43.2021 1.79792 17.9
    endloop
  endfacet
  facet normal -0.461884 -0.886941 0
    outer loop
      vertex -41.2815 4.54072 17.9
      vertex -41.15 4.47224 21.2
      vertex -41.2815 4.54072 21.2
    endloop
  endfacet
  facet normal -0.461884 -0.886941 -0
    outer loop
      vertex -41.15 4.47224 21.2
      vertex -41.2815 4.54072 17.9
      vertex -41.15 4.47224 17.9
    endloop
  endfacet
  facet normal -0.537216 0.843445 0
    outer loop
      vertex -41.0249 1.60744 17.9
      vertex -41.15 1.52776 21.2
      vertex -41.0249 1.60744 21.2
    endloop
  endfacet
  facet normal -0.537216 0.843445 0
    outer loop
      vertex -41.15 1.52776 21.2
      vertex -41.0249 1.60744 17.9
      vertex -41.15 1.52776 17.9
    endloop
  endfacet
  facet normal 0.923774 0.382939 -0
    outer loop
      vertex -43.5407 2.28155 17.9
      vertex -43.5975 2.41857 19.7183
      vertex -43.5407 2.28155 19.7838
    endloop
  endfacet
  facet normal 0.923774 0.382939 0
    outer loop
      vertex -43.5975 2.41857 19.7183
      vertex -43.5407 2.28155 17.9
      vertex -43.5975 2.41857 17.9
    endloop
  endfacet
  facet normal 0.923774 -0.382939 0
    outer loop
      vertex -43.5975 3.58143 19.7183
      vertex -43.5407 3.71845 17.9
      vertex -43.5407 3.71845 19.7838
    endloop
  endfacet
  facet normal 0.923774 -0.382939 0
    outer loop
      vertex -43.5407 3.71845 17.9
      vertex -43.5975 3.58143 19.7183
      vertex -43.5975 3.58143 17.9
    endloop
  endfacet
  facet normal 0.737249 0.675621 -0
    outer loop
      vertex -43.2021 1.79792 17.9
      vertex -43.3023 1.90726 20.0589
      vertex -43.2021 1.79792 20.1745
    endloop
  endfacet
  facet normal 0.737249 0.675621 0
    outer loop
      vertex -43.3023 1.90726 20.0589
      vertex -43.2021 1.79792 17.9
      vertex -43.3023 1.90726 17.9
    endloop
  endfacet
  facet normal 0.7933 0.608831 -0
    outer loop
      vertex -43.3023 1.90726 17.9
      vertex -43.3926 2.02492 19.9547
      vertex -43.3023 1.90726 20.0589
    endloop
  endfacet
  facet normal 0.7933 0.608831 0
    outer loop
      vertex -43.3926 2.02492 19.9547
      vertex -43.3023 1.90726 17.9
      vertex -43.3926 2.02492 17.9
    endloop
  endfacet
  facet normal -0.608941 0.793215 0
    outer loop
      vertex -40.9073 1.69772 17.9
      vertex -41.0249 1.60744 21.2
      vertex -40.9073 1.69772 21.2
    endloop
  endfacet
  facet normal -0.608941 0.793215 0
    outer loop
      vertex -41.0249 1.60744 21.2
      vertex -40.9073 1.69772 17.9
      vertex -41.0249 1.60744 17.9
    endloop
  endfacet
  facet normal 0.999039 0.0438264 -0
    outer loop
      vertex -43.6935 2.85183 17.9
      vertex -43.7 3 19.6
      vertex -43.6935 2.85183 19.6075
    endloop
  endfacet
  facet normal 0.999039 0.0438264 0
    outer loop
      vertex -43.7 3 19.6
      vertex -43.6935 2.85183 17.9
      vertex -43.7 3 17.9
    endloop
  endfacet
  facet normal -0.84365 0.536893 0
    outer loop
      vertex -40.6074 2.02492 17.9
      vertex -40.5278 2.15 21.2
      vertex -40.5278 2.15 17.9
    endloop
  endfacet
  facet normal -0.84365 0.536893 0
    outer loop
      vertex -40.5278 2.15 21.2
      vertex -40.6074 2.02492 17.9
      vertex -40.6074 2.02492 21.2
    endloop
  endfacet
  facet normal -0.737249 0.675621 0
    outer loop
      vertex -40.7979 1.79792 17.9
      vertex -40.6977 1.90726 21.2
      vertex -40.6977 1.90726 17.9
    endloop
  endfacet
  facet normal -0.737249 0.675621 0
    outer loop
      vertex -40.6977 1.90726 21.2
      vertex -40.7979 1.79792 17.9
      vertex -40.7979 1.79792 21.2
    endloop
  endfacet
  facet normal 0.7933 -0.608831 0
    outer loop
      vertex -43.3926 3.97508 19.9547
      vertex -43.3023 4.09274 17.9
      vertex -43.3023 4.09274 20.0589
    endloop
  endfacet
  facet normal 0.7933 -0.608831 0
    outer loop
      vertex -43.3023 4.09274 17.9
      vertex -43.3926 3.97508 19.9547
      vertex -43.3926 3.97508 17.9
    endloop
  endfacet
  facet normal 0.537216 0.843445 -0
    outer loop
      vertex -42.85 1.52776 17.9
      vertex -42.9751 1.60744 20.4364
      vertex -42.85 1.52776 20.5808
    endloop
  endfacet
  facet normal 0.537216 0.843445 0
    outer loop
      vertex -42.9751 1.60744 20.4364
      vertex -42.85 1.52776 17.9
      vertex -42.9751 1.60744 17.9
    endloop
  endfacet
  facet normal -0.216431 -0.976298 0
    outer loop
      vertex -41.7048 4.67417 17.9
      vertex -41.56 4.64207 21.2
      vertex -41.7048 4.67417 21.2
    endloop
  endfacet
  facet normal -0.216431 -0.976298 -0
    outer loop
      vertex -41.56 4.64207 21.2
      vertex -41.7048 4.67417 17.9
      vertex -41.56 4.64207 17.9
    endloop
  endfacet
  facet normal 0.130573 0.991439 -0
    outer loop
      vertex -42.1482 1.30647 17.9
      vertex -42.2952 1.32583 21.2
      vertex -42.1482 1.30647 21.2
    endloop
  endfacet
  facet normal 0.130573 0.991439 0
    outer loop
      vertex -42.2952 1.32583 21.2
      vertex -42.1482 1.30647 17.9
      vertex -42.2952 1.32583 17.9
    endloop
  endfacet
  facet normal 0 0 -1
    outer loop
      vertex -40.3065 2.85183 21.2
      vertex -40.3065 3.14816 21.2
      vertex -40.3 3 21.2
    endloop
  endfacet
  facet normal 0 0 -1
    outer loop
      vertex -40.3258 2.7048 21.2
      vertex -40.3065 3.14816 21.2
      vertex -40.3065 2.85183 21.2
    endloop
  endfacet
  facet normal 0 0 -1
    outer loop
      vertex -40.3258 2.7048 21.2
      vertex -40.3258 3.2952 21.2
      vertex -40.3065 3.14816 21.2
    endloop
  endfacet
  facet normal 0 0 -1
    outer loop
      vertex -40.3579 2.56001 21.2
      vertex -40.3258 3.2952 21.2
      vertex -40.3258 2.7048 21.2
    endloop
  endfacet
  facet normal 0 0 -1
    outer loop
      vertex -40.3579 2.56001 21.2
      vertex -40.3579 3.43999 21.2
      vertex -40.3258 3.2952 21.2
    endloop
  endfacet
  facet normal 0 0 -1
    outer loop
      vertex -40.4025 2.41857 21.2
      vertex -40.3579 3.43999 21.2
      vertex -40.3579 2.56001 21.2
    endloop
  endfacet
  facet normal 0 0 -1
    outer loop
      vertex -40.4025 2.41857 21.2
      vertex -40.4025 3.58143 21.2
      vertex -40.3579 3.43999 21.2
    endloop
  endfacet
  facet normal 0 0 -1
    outer loop
      vertex -40.4593 2.28155 21.2
      vertex -40.4025 3.58143 21.2
      vertex -40.4025 2.41857 21.2
    endloop
  endfacet
  facet normal 0 0 -1
    outer loop
      vertex -40.4593 2.28155 21.2
      vertex -40.4593 3.71845 21.2
      vertex -40.4025 3.58143 21.2
    endloop
  endfacet
  facet normal 0 0 -1
    outer loop
      vertex -40.5278 2.15 21.2
      vertex -40.4593 3.71845 21.2
      vertex -40.4593 2.28155 21.2
    endloop
  endfacet
  facet normal 0 0 -1
    outer loop
      vertex -40.5278 2.15 21.2
      vertex -40.5278 3.85 21.2
      vertex -40.4593 3.71845 21.2
    endloop
  endfacet
  facet normal 0 0 -1
    outer loop
      vertex -40.6074 2.02492 21.2
      vertex -40.5278 3.85 21.2
      vertex -40.5278 2.15 21.2
    endloop
  endfacet
  facet normal 0 0 -1
    outer loop
      vertex -40.6074 2.02492 21.2
      vertex -40.6074 3.97508 21.2
      vertex -40.5278 3.85 21.2
    endloop
  endfacet
  facet normal 0 0 -1
    outer loop
      vertex -40.6977 1.90726 21.2
      vertex -40.6074 3.97508 21.2
      vertex -40.6074 2.02492 21.2
    endloop
  endfacet
  facet normal 0 0 -1
    outer loop
      vertex -40.6977 1.90726 21.2
      vertex -40.6977 4.09274 21.2
      vertex -40.6074 3.97508 21.2
    endloop
  endfacet
  facet normal 0 0 -1
    outer loop
      vertex -40.7979 1.79792 21.2
      vertex -40.6977 4.09274 21.2
      vertex -40.6977 1.90726 21.2
    endloop
  endfacet
  facet normal 0 0 -1
    outer loop
      vertex -40.7979 1.79792 21.2
      vertex -40.7979 4.20208 21.2
      vertex -40.6977 4.09274 21.2
    endloop
  endfacet
  facet normal 0 0 -1
    outer loop
      vertex -40.9073 1.69772 21.2
      vertex -40.7979 4.20208 21.2
      vertex -40.7979 1.79792 21.2
    endloop
  endfacet
  facet normal 0 0 -1
    outer loop
      vertex -40.9073 1.69772 21.2
      vertex -40.9073 4.30227 21.2
      vertex -40.7979 4.20208 21.2
    endloop
  endfacet
  facet normal 0 0 -1
    outer loop
      vertex -41.0249 1.60744 21.2
      vertex -40.9073 4.30227 21.2
      vertex -40.9073 1.69772 21.2
    endloop
  endfacet
  facet normal 0 0 -1
    outer loop
      vertex -41.0249 1.60744 21.2
      vertex -41.0249 4.39256 21.2
      vertex -40.9073 4.30227 21.2
    endloop
  endfacet
  facet normal 0 0 -1
    outer loop
      vertex -41.15 1.52776 21.2
      vertex -41.0249 4.39256 21.2
      vertex -41.0249 1.60744 21.2
    endloop
  endfacet
  facet normal 0 0 -1
    outer loop
      vertex -41.15 1.52776 21.2
      vertex -41.15 4.47224 21.2
      vertex -41.0249 4.39256 21.2
    endloop
  endfacet
  facet normal 0 0 -1
    outer loop
      vertex -41.2815 1.45928 21.2
      vertex -41.15 4.47224 21.2
      vertex -41.15 1.52776 21.2
    endloop
  endfacet
  facet normal 0 0 -1
    outer loop
      vertex -41.2815 1.45928 21.2
      vertex -41.2815 4.54072 21.2
      vertex -41.15 4.47224 21.2
    endloop
  endfacet
  facet normal 0 0 -1
    outer loop
      vertex -41.4186 1.40252 21.2
      vertex -41.2815 4.54072 21.2
      vertex -41.2815 1.45928 21.2
    endloop
  endfacet
  facet normal 0 0 -1
    outer loop
      vertex -41.4186 1.40252 21.2
      vertex -41.4186 4.59748 21.2
      vertex -41.2815 4.54072 21.2
    endloop
  endfacet
  facet normal 0 0 -1
    outer loop
      vertex -41.56 1.35793 21.2
      vertex -41.4186 4.59748 21.2
      vertex -41.4186 1.40252 21.2
    endloop
  endfacet
  facet normal 0 0 -1
    outer loop
      vertex -41.56 1.35793 21.2
      vertex -41.56 4.64207 21.2
      vertex -41.4186 4.59748 21.2
    endloop
  endfacet
  facet normal 0 0 -1
    outer loop
      vertex -41.7048 1.32583 21.2
      vertex -41.56 4.64207 21.2
      vertex -41.56 1.35793 21.2
    endloop
  endfacet
  facet normal 0 0 -1
    outer loop
      vertex -41.7048 1.32583 21.2
      vertex -41.7048 4.67417 21.2
      vertex -41.56 4.64207 21.2
    endloop
  endfacet
  facet normal 0 0 -1
    outer loop
      vertex -41.8518 1.30647 21.2
      vertex -41.7048 4.67417 21.2
      vertex -41.7048 1.32583 21.2
    endloop
  endfacet
  facet normal 0 0 -1
    outer loop
      vertex -41.8518 1.30647 21.2
      vertex -41.8518 4.69353 21.2
      vertex -41.7048 4.67417 21.2
    endloop
  endfacet
  facet normal 0 0 -1
    outer loop
      vertex -42 1.3 21.2
      vertex -41.8518 4.69353 21.2
      vertex -41.8518 1.30647 21.2
    endloop
  endfacet
  facet normal 0 0 -1
    outer loop
      vertex -42 1.3 21.2
      vertex -42 4.7 21.2
      vertex -41.8518 4.69353 21.2
    endloop
  endfacet
  facet normal 0 0 -1
    outer loop
      vertex -42.1482 1.30647 21.2
      vertex -42 4.7 21.2
      vertex -42 1.3 21.2
    endloop
  endfacet
  facet normal 0 0 -1
    outer loop
      vertex -42.1482 1.30647 21.2
      vertex -42.1482 4.69353 21.2
      vertex -42 4.7 21.2
    endloop
  endfacet
  facet normal 0 0 -1
    outer loop
      vertex -42.3133 1.32985 21.2
      vertex -42.1482 1.30647 21.2
      vertex -42.2952 1.32583 21.2
    endloop
  endfacet
  facet normal 0 0 -1
    outer loop
      vertex -42.1482 1.30647 21.2
      vertex -42.3133 1.32985 21.2
      vertex -42.1482 4.69353 21.2
    endloop
  endfacet
  facet normal 0 0 -1
    outer loop
      vertex -42.3133 4.67015 21.2
      vertex -42.1482 4.69353 21.2
      vertex -42.3133 1.32985 21.2
    endloop
  endfacet
  facet normal 0 0 -1
    outer loop
      vertex -42.1482 4.69353 21.2
      vertex -42.3133 4.67015 21.2
      vertex -42.2952 4.67417 21.2
    endloop
  endfacet
  facet normal -0.991491 0 -0.130175
    outer loop
      vertex -31.3065 -9 77.1482
      vertex -31.3258 9 77.2952
      vertex -31.3065 9 77.1482
    endloop
  endfacet
  facet normal -0.991491 -0 -0.130175
    outer loop
      vertex -31.3258 9 77.2952
      vertex -31.3065 -9 77.1482
      vertex -31.3258 -9 77.2952
    endloop
  endfacet
  facet normal -0.99904 0 -0.0438175
    outer loop
      vertex -31.3 -9 77
      vertex -31.3065 9 77.1482
      vertex -31.3 9 77
    endloop
  endfacet
  facet normal -0.99904 -0 -0.0438175
    outer loop
      vertex -31.3065 9 77.1482
      vertex -31.3 -9 77
      vertex -31.3065 -9 77.1482
    endloop
  endfacet
  facet normal -0.976298 0 -0.216431
    outer loop
      vertex -31.3258 -9 77.2952
      vertex -31.3579 9 77.44
      vertex -31.3258 9 77.2952
    endloop
  endfacet
  facet normal -0.976298 -0 -0.216431
    outer loop
      vertex -31.3579 9 77.44
      vertex -31.3258 -9 77.2952
      vertex -31.3579 -9 77.44
    endloop
  endfacet
  facet normal -0.953685 0 -0.300809
    outer loop
      vertex -31.3579 -9 77.44
      vertex -31.4025 9 77.5814
      vertex -31.3579 9 77.44
    endloop
  endfacet
  facet normal -0.953685 -0 -0.300809
    outer loop
      vertex -31.4025 9 77.5814
      vertex -31.3579 -9 77.44
      vertex -31.4025 -9 77.5814
    endloop
  endfacet
  facet normal 0.216431 0 -0.976298
    outer loop
      vertex -33.44 -9 78.6421
      vertex -33.2952 9 78.6742
      vertex -33.2952 -9 78.6742
    endloop
  endfacet
  facet normal 0.216431 0 -0.976298
    outer loop
      vertex -33.2952 9 78.6742
      vertex -33.44 -9 78.6421
      vertex -33.44 9 78.6421
    endloop
  endfacet
  facet normal 0.923853 -0 0.382749
    outer loop
      vertex -34.5975 -14 76.4186
      vertex -34.5407 14 76.2815
      vertex -34.5975 14 76.4186
    endloop
  endfacet
  facet normal 0.923853 0 0.382749
    outer loop
      vertex -34.5407 14 76.2815
      vertex -34.5975 -14 76.4186
      vertex -34.5407 -14 76.2815
    endloop
  endfacet
  facet normal -0.843689 0 -0.536832
    outer loop
      vertex -31.5278 -9 77.85
      vertex -31.6074 9 77.9751
      vertex -31.5278 9 77.85
    endloop
  endfacet
  facet normal -0.843689 -0 -0.536832
    outer loop
      vertex -31.6074 9 77.9751
      vertex -31.5278 -9 77.85
      vertex -31.6074 -9 77.9751
    endloop
  endfacet
  facet normal -0.609026 0 -0.79315
    outer loop
      vertex -32.0249 -9 78.3926
      vertex -31.9073 9 78.3023
      vertex -31.9073 -9 78.3023
    endloop
  endfacet
  facet normal -0.609026 0 -0.79315
    outer loop
      vertex -31.9073 9 78.3023
      vertex -32.0249 -9 78.3926
      vertex -32.0249 9 78.3926
    endloop
  endfacet
  facet normal -0.737434 0 -0.675419
    outer loop
      vertex -31.6977 -9 78.0927
      vertex -31.7979 9 78.2021
      vertex -31.6977 9 78.0927
    endloop
  endfacet
  facet normal -0.737434 -0 -0.675419
    outer loop
      vertex -31.7979 9 78.2021
      vertex -31.6977 -9 78.0927
      vertex -31.7979 -9 78.2021
    endloop
  endfacet
  facet normal 0.843689 0 -0.536832
    outer loop
      vertex -34.3926 -9 77.9751
      vertex -34.4722 9 77.85
      vertex -34.3926 9 77.9751
    endloop
  endfacet
  facet normal 0.843689 0 -0.536832
    outer loop
      vertex -34.4722 9 77.85
      vertex -34.3926 -9 77.9751
      vertex -34.4722 -9 77.85
    endloop
  endfacet
  facet normal -0.382749 0 -0.923853
    outer loop
      vertex -32.4186 -9 78.5975
      vertex -32.2815 9 78.5407
      vertex -32.2815 -9 78.5407
    endloop
  endfacet
  facet normal -0.382749 0 -0.923853
    outer loop
      vertex -32.2815 9 78.5407
      vertex -32.4186 -9 78.5975
      vertex -32.4186 9 78.5975
    endloop
  endfacet
  facet normal -0.79315 0 0.609026
    outer loop
      vertex -31.6977 -14 75.9073
      vertex -31.6074 14 76.0249
      vertex -31.6977 14 75.9073
    endloop
  endfacet
  facet normal -0.79315 0 0.609026
    outer loop
      vertex -31.6074 14 76.0249
      vertex -31.6977 -14 75.9073
      vertex -31.6074 -14 76.0249
    endloop
  endfacet
  facet normal 0.382749 0 0.923853
    outer loop
      vertex -33.7185 14 75.4593
      vertex -33.5814 -14 75.4025
      vertex -33.5814 14 75.4025
    endloop
  endfacet
  facet normal 0.382749 0 0.923853
    outer loop
      vertex -33.5814 -14 75.4025
      vertex -33.7185 14 75.4593
      vertex -33.7185 -14 75.4593
    endloop
  endfacet
  facet normal 0.79315 0 -0.609026
    outer loop
      vertex -34.3023 -9 78.0927
      vertex -34.3926 9 77.9751
      vertex -34.3023 9 78.0927
    endloop
  endfacet
  facet normal 0.79315 0 -0.609026
    outer loop
      vertex -34.3926 9 77.9751
      vertex -34.3023 -9 78.0927
      vertex -34.3926 -9 77.9751
    endloop
  endfacet
  facet normal 0.976298 -0 0.216431
    outer loop
      vertex -34.6742 -14 76.7048
      vertex -34.6421 14 76.56
      vertex -34.6742 14 76.7048
    endloop
  endfacet
  facet normal 0.976298 0 0.216431
    outer loop
      vertex -34.6421 14 76.56
      vertex -34.6742 -14 76.7048
      vertex -34.6421 -14 76.56
    endloop
  endfacet
  facet normal 0.0438175 0 -0.99904
    outer loop
      vertex -33.1482 -9 78.6935
      vertex -33 9 78.7
      vertex -33 -9 78.7
    endloop
  endfacet
  facet normal 0.0438175 0 -0.99904
    outer loop
      vertex -33 9 78.7
      vertex -33.1482 -9 78.6935
      vertex -33.1482 9 78.6935
    endloop
  endfacet
  facet normal 0.976298 0 -0.216431
    outer loop
      vertex -34.6421 -9 77.44
      vertex -34.6742 9 77.2952
      vertex -34.6421 9 77.44
    endloop
  endfacet
  facet normal 0.976298 0 -0.216431
    outer loop
      vertex -34.6742 9 77.2952
      vertex -34.6421 -9 77.44
      vertex -34.6742 -9 77.2952
    endloop
  endfacet
  facet normal -0.382749 0 0.923853
    outer loop
      vertex -32.4186 14 75.4025
      vertex -32.2815 -14 75.4593
      vertex -32.2815 14 75.4593
    endloop
  endfacet
  facet normal -0.382749 0 0.923853
    outer loop
      vertex -32.2815 -14 75.4593
      vertex -32.4186 14 75.4025
      vertex -32.4186 -14 75.4025
    endloop
  endfacet
  facet normal 0.536832 0 -0.843689
    outer loop
      vertex -33.9751 -9 78.3926
      vertex -33.85 9 78.4722
      vertex -33.85 -9 78.4722
    endloop
  endfacet
  facet normal 0.536832 0 -0.843689
    outer loop
      vertex -33.85 9 78.4722
      vertex -33.9751 -9 78.3926
      vertex -33.9751 9 78.3926
    endloop
  endfacet
  facet normal 0.953685 -0 0.300809
    outer loop
      vertex -34.6421 -14 76.56
      vertex -34.5975 14 76.4186
      vertex -34.6421 14 76.56
    endloop
  endfacet
  facet normal 0.953685 0 0.300809
    outer loop
      vertex -34.5975 14 76.4186
      vertex -34.6421 -14 76.56
      vertex -34.5975 -14 76.4186
    endloop
  endfacet
  facet normal 0.382749 0 -0.923853
    outer loop
      vertex -33.7185 -9 78.5407
      vertex -33.5814 9 78.5975
      vertex -33.5814 -9 78.5975
    endloop
  endfacet
  facet normal 0.382749 0 -0.923853
    outer loop
      vertex -33.5814 9 78.5975
      vertex -33.7185 -9 78.5407
      vertex -33.7185 9 78.5407
    endloop
  endfacet
  facet normal -0.976298 0 0.216431
    outer loop
      vertex -31.3579 -14 76.56
      vertex -31.3258 14 76.7048
      vertex -31.3579 14 76.56
    endloop
  endfacet
  facet normal -0.976298 0 0.216431
    outer loop
      vertex -31.3258 14 76.7048
      vertex -31.3579 -14 76.56
      vertex -31.3258 -14 76.7048
    endloop
  endfacet
  facet normal -0.46199 0 0.886885
    outer loop
      vertex -32.2815 14 75.4593
      vertex -32.15 -14 75.5278
      vertex -32.15 14 75.5278
    endloop
  endfacet
  facet normal -0.46199 0 0.886885
    outer loop
      vertex -32.15 -14 75.5278
      vertex -32.2815 14 75.4593
      vertex -32.2815 -14 75.4593
    endloop
  endfacet
  facet normal 0.99904 0 -0.0438175
    outer loop
      vertex -34.6935 -9 77.1482
      vertex -34.7 9 77
      vertex -34.6935 9 77.1482
    endloop
  endfacet
  facet normal 0.99904 0 -0.0438175
    outer loop
      vertex -34.7 9 77
      vertex -34.6935 -9 77.1482
      vertex -34.7 -9 77
    endloop
  endfacet
  facet normal -0.300809 0 -0.953685
    outer loop
      vertex -32.56 -9 78.6421
      vertex -32.4186 9 78.5975
      vertex -32.4186 -9 78.5975
    endloop
  endfacet
  facet normal -0.300809 0 -0.953685
    outer loop
      vertex -32.4186 9 78.5975
      vertex -32.56 -9 78.6421
      vertex -32.56 9 78.6421
    endloop
  endfacet
  facet normal -0.99904 0 0.0438175
    outer loop
      vertex -31.3065 14 76.8518
      vertex -31.3 9 77
      vertex -31.3 14 77
    endloop
  endfacet
  facet normal -0.99904 0 0.0438175
    outer loop
      vertex -31.3065 14 76.8518
      vertex -31.3 -9 77
      vertex -31.3 9 77
    endloop
  endfacet
  facet normal -0.99904 0 0.0438175
    outer loop
      vertex -31.3065 -14 76.8518
      vertex -31.3 -9 77
      vertex -31.3065 14 76.8518
    endloop
  endfacet
  facet normal -0.99904 0 0.0438175
    outer loop
      vertex -31.3 -9 77
      vertex -31.3065 -14 76.8518
      vertex -31.3 -14 77
    endloop
  endfacet
  facet normal -0.923853 0 -0.382749
    outer loop
      vertex -31.4025 -9 77.5814
      vertex -31.4593 9 77.7185
      vertex -31.4025 9 77.5814
    endloop
  endfacet
  facet normal -0.923853 -0 -0.382749
    outer loop
      vertex -31.4593 9 77.7185
      vertex -31.4025 -9 77.5814
      vertex -31.4593 -9 77.7185
    endloop
  endfacet
  facet normal -0.130175 0 0.991491
    outer loop
      vertex -32.8518 14 75.3065
      vertex -32.7048 -14 75.3258
      vertex -32.7048 14 75.3258
    endloop
  endfacet
  facet normal -0.130175 0 0.991491
    outer loop
      vertex -32.7048 -14 75.3258
      vertex -32.8518 14 75.3065
      vertex -32.8518 -14 75.3065
    endloop
  endfacet
  facet normal -0.300809 0 0.953685
    outer loop
      vertex -32.56 14 75.3579
      vertex -32.4186 -14 75.4025
      vertex -32.4186 14 75.4025
    endloop
  endfacet
  facet normal -0.300809 0 0.953685
    outer loop
      vertex -32.4186 -14 75.4025
      vertex -32.56 14 75.3579
      vertex -32.56 -14 75.3579
    endloop
  endfacet
  facet normal 0.923853 0 -0.382749
    outer loop
      vertex -34.5407 -9 77.7185
      vertex -34.5975 9 77.5814
      vertex -34.5407 9 77.7185
    endloop
  endfacet
  facet normal 0.923853 0 -0.382749
    outer loop
      vertex -34.5975 9 77.5814
      vertex -34.5407 -9 77.7185
      vertex -34.5975 -9 77.5814
    endloop
  endfacet
  facet normal -0.0438175 0 -0.99904
    outer loop
      vertex -33 -9 78.7
      vertex -32.8518 9 78.6935
      vertex -32.8518 -9 78.6935
    endloop
  endfacet
  facet normal -0.0438175 0 -0.99904
    outer loop
      vertex -32.8518 9 78.6935
      vertex -33 -9 78.7
      vertex -33 9 78.7
    endloop
  endfacet
  facet normal -0.886885 0 0.46199
    outer loop
      vertex -31.5278 -14 76.15
      vertex -31.4593 14 76.2815
      vertex -31.5278 14 76.15
    endloop
  endfacet
  facet normal -0.886885 0 0.46199
    outer loop
      vertex -31.4593 14 76.2815
      vertex -31.5278 -14 76.15
      vertex -31.4593 -14 76.2815
    endloop
  endfacet
  facet normal -0.991491 0 0.130175
    outer loop
      vertex -31.3258 -14 76.7048
      vertex -31.3065 14 76.8518
      vertex -31.3258 14 76.7048
    endloop
  endfacet
  facet normal -0.991491 0 0.130175
    outer loop
      vertex -31.3065 14 76.8518
      vertex -31.3258 -14 76.7048
      vertex -31.3065 -14 76.8518
    endloop
  endfacet
  facet normal -0.886885 0 -0.46199
    outer loop
      vertex -31.4593 -9 77.7185
      vertex -31.5278 9 77.85
      vertex -31.4593 9 77.7185
    endloop
  endfacet
  facet normal -0.886885 -0 -0.46199
    outer loop
      vertex -31.5278 9 77.85
      vertex -31.4593 -9 77.7185
      vertex -31.5278 -9 77.85
    endloop
  endfacet
  facet normal 0.300809 0 -0.953685
    outer loop
      vertex -33.5814 -9 78.5975
      vertex -33.44 9 78.6421
      vertex -33.44 -9 78.6421
    endloop
  endfacet
  facet normal 0.300809 0 -0.953685
    outer loop
      vertex -33.44 9 78.6421
      vertex -33.5814 -9 78.5975
      vertex -33.5814 9 78.5975
    endloop
  endfacet
  facet normal -0.953685 0 0.300809
    outer loop
      vertex -31.4025 -14 76.4186
      vertex -31.3579 14 76.56
      vertex -31.4025 14 76.4186
    endloop
  endfacet
  facet normal -0.953685 0 0.300809
    outer loop
      vertex -31.3579 14 76.56
      vertex -31.4025 -14 76.4186
      vertex -31.3579 -14 76.56
    endloop
  endfacet
  facet normal -0.675419 0 -0.737434
    outer loop
      vertex -31.9073 -9 78.3023
      vertex -31.7979 9 78.2021
      vertex -31.7979 -9 78.2021
    endloop
  endfacet
  facet normal -0.675419 0 -0.737434
    outer loop
      vertex -31.7979 9 78.2021
      vertex -31.9073 -9 78.3023
      vertex -31.9073 9 78.3023
    endloop
  endfacet
  facet normal 0.991491 0 -0.130175
    outer loop
      vertex -34.6742 -9 77.2952
      vertex -34.6935 9 77.1482
      vertex -34.6742 9 77.2952
    endloop
  endfacet
  facet normal 0.991491 0 -0.130175
    outer loop
      vertex -34.6935 9 77.1482
      vertex -34.6742 -9 77.2952
      vertex -34.6935 -9 77.1482
    endloop
  endfacet
  facet normal -0.216431 0 -0.976298
    outer loop
      vertex -32.7048 -9 78.6742
      vertex -32.56 9 78.6421
      vertex -32.56 -9 78.6421
    endloop
  endfacet
  facet normal -0.216431 0 -0.976298
    outer loop
      vertex -32.56 9 78.6421
      vertex -32.7048 -9 78.6742
      vertex -32.7048 9 78.6742
    endloop
  endfacet
  facet normal -0.0438175 0 0.99904
    outer loop
      vertex -33 14 75.3
      vertex -32.8518 -14 75.3065
      vertex -32.8518 14 75.3065
    endloop
  endfacet
  facet normal -0.0438175 0 0.99904
    outer loop
      vertex -32.8518 -14 75.3065
      vertex -33 14 75.3
      vertex -33 -14 75.3
    endloop
  endfacet
  facet normal 0.991491 -0 0.130175
    outer loop
      vertex -34.6935 -14 76.8518
      vertex -34.6742 14 76.7048
      vertex -34.6935 14 76.8518
    endloop
  endfacet
  facet normal 0.991491 0 0.130175
    outer loop
      vertex -34.6742 14 76.7048
      vertex -34.6935 -14 76.8518
      vertex -34.6742 -14 76.7048
    endloop
  endfacet
  facet normal 0.130175 0 -0.991491
    outer loop
      vertex -33.2952 -9 78.6742
      vertex -33.1482 9 78.6935
      vertex -33.1482 -9 78.6935
    endloop
  endfacet
  facet normal 0.130175 0 -0.991491
    outer loop
      vertex -33.1482 9 78.6935
      vertex -33.2952 -9 78.6742
      vertex -33.2952 9 78.6742
    endloop
  endfacet
  facet normal -0.923853 0 0.382749
    outer loop
      vertex -31.4593 -14 76.2815
      vertex -31.4025 14 76.4186
      vertex -31.4593 14 76.2815
    endloop
  endfacet
  facet normal -0.923853 0 0.382749
    outer loop
      vertex -31.4025 14 76.4186
      vertex -31.4593 -14 76.2815
      vertex -31.4025 -14 76.4186
    endloop
  endfacet
  facet normal 0.886885 0 -0.46199
    outer loop
      vertex -34.4722 -9 77.85
      vertex -34.5407 9 77.7185
      vertex -34.4722 9 77.85
    endloop
  endfacet
  facet normal 0.886885 0 -0.46199
    outer loop
      vertex -34.5407 9 77.7185
      vertex -34.4722 -9 77.85
      vertex -34.5407 -9 77.7185
    endloop
  endfacet
  facet normal 0.46199 0 -0.886885
    outer loop
      vertex -33.85 -9 78.4722
      vertex -33.7185 9 78.5407
      vertex -33.7185 -9 78.5407
    endloop
  endfacet
  facet normal 0.46199 0 -0.886885
    outer loop
      vertex -33.7185 9 78.5407
      vertex -33.85 -9 78.4722
      vertex -33.85 9 78.4722
    endloop
  endfacet
  facet normal 0.843689 -0 0.536832
    outer loop
      vertex -34.4722 -14 76.15
      vertex -34.3926 14 76.0249
      vertex -34.4722 14 76.15
    endloop
  endfacet
  facet normal 0.843689 0 0.536832
    outer loop
      vertex -34.3926 14 76.0249
      vertex -34.4722 -14 76.15
      vertex -34.3926 -14 76.0249
    endloop
  endfacet
  facet normal 0.737434 0 -0.675419
    outer loop
      vertex -34.2021 -9 78.2021
      vertex -34.3023 9 78.0927
      vertex -34.2021 9 78.2021
    endloop
  endfacet
  facet normal 0.737434 0 -0.675419
    outer loop
      vertex -34.3023 9 78.0927
      vertex -34.2021 -9 78.2021
      vertex -34.3023 -9 78.0927
    endloop
  endfacet
  facet normal 0.79315 -0 0.609026
    outer loop
      vertex -34.3926 -14 76.0249
      vertex -34.3023 14 75.9073
      vertex -34.3926 14 76.0249
    endloop
  endfacet
  facet normal 0.79315 0 0.609026
    outer loop
      vertex -34.3023 14 75.9073
      vertex -34.3926 -14 76.0249
      vertex -34.3023 -14 75.9073
    endloop
  endfacet
  facet normal -0.216431 0 0.976298
    outer loop
      vertex -32.7048 14 75.3258
      vertex -32.56 -14 75.3579
      vertex -32.56 14 75.3579
    endloop
  endfacet
  facet normal -0.216431 0 0.976298
    outer loop
      vertex -32.56 -14 75.3579
      vertex -32.7048 14 75.3258
      vertex -32.7048 -14 75.3258
    endloop
  endfacet
  facet normal 0.0438175 0 0.99904
    outer loop
      vertex -33.1482 14 75.3065
      vertex -33 -14 75.3
      vertex -33 14 75.3
    endloop
  endfacet
  facet normal 0.0438175 0 0.99904
    outer loop
      vertex -33 -14 75.3
      vertex -33.1482 14 75.3065
      vertex -33.1482 -14 75.3065
    endloop
  endfacet
  facet normal 0.609026 0 -0.79315
    outer loop
      vertex -34.0927 -9 78.3023
      vertex -33.9751 9 78.3926
      vertex -33.9751 -9 78.3926
    endloop
  endfacet
  facet normal 0.609026 0 -0.79315
    outer loop
      vertex -33.9751 9 78.3926
      vertex -34.0927 -9 78.3023
      vertex -34.0927 9 78.3023
    endloop
  endfacet
  facet normal 0.675419 0 0.737434
    outer loop
      vertex -34.2021 14 75.7979
      vertex -34.0927 -14 75.6977
      vertex -34.0927 14 75.6977
    endloop
  endfacet
  facet normal 0.675419 0 0.737434
    outer loop
      vertex -34.0927 -14 75.6977
      vertex -34.2021 14 75.7979
      vertex -34.2021 -14 75.7979
    endloop
  endfacet
  facet normal -0.46199 0 -0.886885
    outer loop
      vertex -32.2815 -9 78.5407
      vertex -32.15 9 78.4722
      vertex -32.15 -9 78.4722
    endloop
  endfacet
  facet normal -0.46199 0 -0.886885
    outer loop
      vertex -32.15 9 78.4722
      vertex -32.2815 -9 78.5407
      vertex -32.2815 9 78.5407
    endloop
  endfacet
  facet normal -0.536832 0 0.843689
    outer loop
      vertex -32.15 14 75.5278
      vertex -32.0249 -14 75.6074
      vertex -32.0249 14 75.6074
    endloop
  endfacet
  facet normal -0.536832 0 0.843689
    outer loop
      vertex -32.0249 -14 75.6074
      vertex -32.15 14 75.5278
      vertex -32.15 -14 75.5278
    endloop
  endfacet
  facet normal -0.609026 0 0.79315
    outer loop
      vertex -32.0249 14 75.6074
      vertex -31.9073 -14 75.6977
      vertex -31.9073 14 75.6977
    endloop
  endfacet
  facet normal -0.609026 0 0.79315
    outer loop
      vertex -31.9073 -14 75.6977
      vertex -32.0249 14 75.6074
      vertex -32.0249 -14 75.6074
    endloop
  endfacet
  facet normal 0.300809 0 0.953685
    outer loop
      vertex -33.5814 14 75.4025
      vertex -33.44 -14 75.3579
      vertex -33.44 14 75.3579
    endloop
  endfacet
  facet normal 0.300809 0 0.953685
    outer loop
      vertex -33.44 -14 75.3579
      vertex -33.5814 14 75.4025
      vertex -33.5814 -14 75.4025
    endloop
  endfacet
  facet normal -0.79315 0 -0.609026
    outer loop
      vertex -31.6074 -9 77.9751
      vertex -31.6977 9 78.0927
      vertex -31.6074 9 77.9751
    endloop
  endfacet
  facet normal -0.79315 -0 -0.609026
    outer loop
      vertex -31.6977 9 78.0927
      vertex -31.6074 -9 77.9751
      vertex -31.6977 -9 78.0927
    endloop
  endfacet
  facet normal -0.536832 0 -0.843689
    outer loop
      vertex -32.15 -9 78.4722
      vertex -32.0249 9 78.3926
      vertex -32.0249 -9 78.3926
    endloop
  endfacet
  facet normal -0.536832 0 -0.843689
    outer loop
      vertex -32.0249 9 78.3926
      vertex -32.15 -9 78.4722
      vertex -32.15 9 78.4722
    endloop
  endfacet
  facet normal 0.536832 0 0.843689
    outer loop
      vertex -33.9751 14 75.6074
      vertex -33.85 -14 75.5278
      vertex -33.85 14 75.5278
    endloop
  endfacet
  facet normal 0.536832 0 0.843689
    outer loop
      vertex -33.85 -14 75.5278
      vertex -33.9751 14 75.6074
      vertex -33.9751 -14 75.6074
    endloop
  endfacet
  facet normal -0.843689 0 0.536832
    outer loop
      vertex -31.6074 -14 76.0249
      vertex -31.5278 14 76.15
      vertex -31.6074 14 76.0249
    endloop
  endfacet
  facet normal -0.843689 0 0.536832
    outer loop
      vertex -31.5278 14 76.15
      vertex -31.6074 -14 76.0249
      vertex -31.5278 -14 76.15
    endloop
  endfacet
  facet normal 0.737434 -0 0.675419
    outer loop
      vertex -34.3023 -14 75.9073
      vertex -34.2021 14 75.7979
      vertex -34.3023 14 75.9073
    endloop
  endfacet
  facet normal 0.737434 0 0.675419
    outer loop
      vertex -34.2021 14 75.7979
      vertex -34.3023 -14 75.9073
      vertex -34.2021 -14 75.7979
    endloop
  endfacet
  facet normal 0.99904 -0 0.0438175
    outer loop
      vertex -34.7 9 77
      vertex -34.6935 14 76.8518
      vertex -34.7 14 77
    endloop
  endfacet
  facet normal 0.99904 -0 0.0438175
    outer loop
      vertex -34.7 -9 77
      vertex -34.6935 14 76.8518
      vertex -34.7 9 77
    endloop
  endfacet
  facet normal 0.99904 0 0.0438175
    outer loop
      vertex -34.6935 -14 76.8518
      vertex -34.7 -9 77
      vertex -34.7 -14 77
    endloop
  endfacet
  facet normal 0.99904 0 0.0438175
    outer loop
      vertex -34.7 -9 77
      vertex -34.6935 -14 76.8518
      vertex -34.6935 14 76.8518
    endloop
  endfacet
  facet normal 0.886885 -0 0.46199
    outer loop
      vertex -34.5407 -14 76.2815
      vertex -34.4722 14 76.15
      vertex -34.5407 14 76.2815
    endloop
  endfacet
  facet normal 0.886885 0 0.46199
    outer loop
      vertex -34.4722 14 76.15
      vertex -34.5407 -14 76.2815
      vertex -34.4722 -14 76.15
    endloop
  endfacet
  facet normal -0.737434 0 0.675419
    outer loop
      vertex -31.7979 -14 75.7979
      vertex -31.6977 14 75.9073
      vertex -31.7979 14 75.7979
    endloop
  endfacet
  facet normal -0.737434 0 0.675419
    outer loop
      vertex -31.6977 14 75.9073
      vertex -31.7979 -14 75.7979
      vertex -31.6977 -14 75.9073
    endloop
  endfacet
  facet normal 0.609026 0 0.79315
    outer loop
      vertex -34.0927 14 75.6977
      vertex -33.9751 -14 75.6074
      vertex -33.9751 14 75.6074
    endloop
  endfacet
  facet normal 0.609026 0 0.79315
    outer loop
      vertex -33.9751 -14 75.6074
      vertex -34.0927 14 75.6977
      vertex -34.0927 -14 75.6977
    endloop
  endfacet
  facet normal -0.130175 0 -0.991491
    outer loop
      vertex -32.8518 -9 78.6935
      vertex -32.7048 9 78.6742
      vertex -32.7048 -9 78.6742
    endloop
  endfacet
  facet normal -0.130175 0 -0.991491
    outer loop
      vertex -32.7048 9 78.6742
      vertex -32.8518 -9 78.6935
      vertex -32.8518 9 78.6935
    endloop
  endfacet
  facet normal 0.675419 0 -0.737434
    outer loop
      vertex -34.2021 -9 78.2021
      vertex -34.0927 9 78.3023
      vertex -34.0927 -9 78.3023
    endloop
  endfacet
  facet normal 0.675419 0 -0.737434
    outer loop
      vertex -34.0927 9 78.3023
      vertex -34.2021 -9 78.2021
      vertex -34.2021 9 78.2021
    endloop
  endfacet
  facet normal 0.46199 0 0.886885
    outer loop
      vertex -33.85 14 75.5278
      vertex -33.7185 -14 75.4593
      vertex -33.7185 14 75.4593
    endloop
  endfacet
  facet normal 0.46199 0 0.886885
    outer loop
      vertex -33.7185 -14 75.4593
      vertex -33.85 14 75.5278
      vertex -33.85 -14 75.5278
    endloop
  endfacet
  facet normal 0.216431 0 0.976298
    outer loop
      vertex -33.44 14 75.3579
      vertex -33.2952 -14 75.3258
      vertex -33.2952 14 75.3258
    endloop
  endfacet
  facet normal 0.216431 0 0.976298
    outer loop
      vertex -33.2952 -14 75.3258
      vertex -33.44 14 75.3579
      vertex -33.44 -14 75.3579
    endloop
  endfacet
  facet normal 0.130175 0 0.991491
    outer loop
      vertex -33.2952 14 75.3258
      vertex -33.1482 -14 75.3065
      vertex -33.1482 14 75.3065
    endloop
  endfacet
  facet normal 0.130175 0 0.991491
    outer loop
      vertex -33.1482 -14 75.3065
      vertex -33.2952 14 75.3258
      vertex -33.2952 -14 75.3258
    endloop
  endfacet
  facet normal 0.953685 0 -0.300809
    outer loop
      vertex -34.5975 -9 77.5814
      vertex -34.6421 9 77.44
      vertex -34.5975 9 77.5814
    endloop
  endfacet
  facet normal 0.953685 0 -0.300809
    outer loop
      vertex -34.6421 9 77.44
      vertex -34.5975 -9 77.5814
      vertex -34.6421 -9 77.44
    endloop
  endfacet
  facet normal -0.675419 0 0.737434
    outer loop
      vertex -31.9073 14 75.6977
      vertex -31.7979 -14 75.7979
      vertex -31.7979 14 75.7979
    endloop
  endfacet
  facet normal -0.675419 0 0.737434
    outer loop
      vertex -31.7979 -14 75.7979
      vertex -31.9073 14 75.6977
      vertex -31.9073 -14 75.6977
    endloop
  endfacet
  facet normal -0.991443 -0.130542 0
    outer loop
      vertex 1.69353 0.148165 17.9
      vertex 1.67417 0.295201 26.2
      vertex 1.67417 0.295201 17.9
    endloop
  endfacet
  facet normal -0.991443 -0.130542 0
    outer loop
      vertex 1.67417 0.295201 26.2
      vertex 1.69353 0.148165 17.9
      vertex 1.69353 0.148165 26.2
    endloop
  endfacet
  facet normal -0.999048 -0.043626 0
    outer loop
      vertex 1.7 0 17.9
      vertex 1.69353 0.148165 26.2
      vertex 1.69353 0.148165 17.9
    endloop
  endfacet
  facet normal -0.999048 -0.043626 0
    outer loop
      vertex 1.69353 0.148165 26.2
      vertex 1.7 0 17.9
      vertex 1.7 0 26.2
    endloop
  endfacet
  facet normal -0.976295 -0.216444 0
    outer loop
      vertex 1.67417 0.295201 17.9
      vertex 1.64207 0.439992 26.2
      vertex 1.64207 0.439992 17.9
    endloop
  endfacet
  facet normal -0.976295 -0.216444 0
    outer loop
      vertex 1.64207 0.439992 26.2
      vertex 1.67417 0.295201 17.9
      vertex 1.67417 0.295201 26.2
    endloop
  endfacet
  facet normal -0.130542 0.991443 0
    outer loop
      vertex 0.295201 -1.67417 17.9
      vertex 0.148165 -1.69353 26.2
      vertex 0.295201 -1.67417 26.2
    endloop
  endfacet
  facet normal -0.130542 0.991443 0
    outer loop
      vertex 0.148165 -1.69353 26.2
      vertex 0.295201 -1.67417 17.9
      vertex 0.148165 -1.69353 17.9
    endloop
  endfacet
  facet normal -0.300668 0.953729 0
    outer loop
      vertex 0.581433 -1.59748 17.9
      vertex 0.439992 -1.64207 26.2
      vertex 0.581433 -1.59748 26.2
    endloop
  endfacet
  facet normal -0.300668 0.953729 0
    outer loop
      vertex 0.439992 -1.64207 26.2
      vertex 0.581433 -1.59748 17.9
      vertex 0.439992 -1.64207 17.9
    endloop
  endfacet
  facet normal 0.953729 -0.300668 0
    outer loop
      vertex -1.64207 0.439992 26.2
      vertex -1.59748 0.581433 17.9
      vertex -1.59748 0.581433 26.2
    endloop
  endfacet
  facet normal 0.953729 -0.300668 0
    outer loop
      vertex -1.59748 0.581433 17.9
      vertex -1.64207 0.439992 26.2
      vertex -1.64207 0.439992 17.9
    endloop
  endfacet
  facet normal 0.793365 0.608746 0
    outer loop
      vertex -1.30228 -1.09274 26.2
      vertex -1.39256 -0.97508 17.9
      vertex -1.39256 -0.97508 26.2
    endloop
  endfacet
  facet normal 0.793365 0.608746 0
    outer loop
      vertex -1.39256 -0.97508 17.9
      vertex -1.30228 -1.09274 26.2
      vertex -1.30228 -1.09274 17.9
    endloop
  endfacet
  facet normal -0.953729 -0.300668 0
    outer loop
      vertex 1.64207 0.439992 17.9
      vertex 1.59748 0.581433 26.2
      vertex 1.59748 0.581433 17.9
    endloop
  endfacet
  facet normal -0.953729 -0.300668 0
    outer loop
      vertex 1.59748 0.581433 26.2
      vertex 1.64207 0.439992 17.9
      vertex 1.64207 0.439992 26.2
    endloop
  endfacet
  facet normal -0.793333 -0.608788 0
    outer loop
      vertex 1.39256 0.97508 17.9
      vertex 1.30227 1.09274 26.2
      vertex 1.30227 1.09274 17.9
    endloop
  endfacet
  facet normal -0.793333 -0.608788 0
    outer loop
      vertex 1.30227 1.09274 26.2
      vertex 1.39256 0.97508 17.9
      vertex 1.39256 0.97508 26.2
    endloop
  endfacet
  facet normal 0.537277 -0.843406 0
    outer loop
      vertex -0.97508 1.39256 17.9
      vertex -0.85 1.47224 26.2
      vertex -0.97508 1.39256 26.2
    endloop
  endfacet
  facet normal 0.537277 -0.843406 0
    outer loop
      vertex -0.85 1.47224 26.2
      vertex -0.97508 1.39256 17.9
      vertex -0.85 1.47224 17.9
    endloop
  endfacet
  facet normal 0.300668 -0.953729 0
    outer loop
      vertex -0.581434 1.59748 17.9
      vertex -0.439993 1.64207 26.2
      vertex -0.581434 1.59748 26.2
    endloop
  endfacet
  facet normal 0.300668 -0.953729 0
    outer loop
      vertex -0.439993 1.64207 26.2
      vertex -0.581434 1.59748 17.9
      vertex -0.439993 1.64207 17.9
    endloop
  endfacet
  facet normal 0.216444 -0.976295 0
    outer loop
      vertex -0.439993 1.64207 17.9
      vertex -0.295202 1.67417 26.2
      vertex -0.439993 1.64207 26.2
    endloop
  endfacet
  facet normal 0.216444 -0.976295 0
    outer loop
      vertex -0.295202 1.67417 26.2
      vertex -0.439993 1.64207 17.9
      vertex -0.295202 1.67417 17.9
    endloop
  endfacet
  facet normal 0.923867 0.382714 0
    outer loop
      vertex -1.54072 -0.718451 26.2
      vertex -1.59748 -0.581433 17.9
      vertex -1.59748 -0.581433 26.2
    endloop
  endfacet
  facet normal 0.923867 0.382714 0
    outer loop
      vertex -1.59748 -0.581433 17.9
      vertex -1.54072 -0.718451 26.2
      vertex -1.54072 -0.718451 17.9
    endloop
  endfacet
  facet normal -0.843408 -0.537274 0
    outer loop
      vertex 1.47224 0.849999 17.9
      vertex 1.39256 0.97508 26.2
      vertex 1.39256 0.97508 17.9
    endloop
  endfacet
  facet normal -0.843408 -0.537274 0
    outer loop
      vertex 1.39256 0.97508 26.2
      vertex 1.47224 0.849999 17.9
      vertex 1.47224 0.849999 26.2
    endloop
  endfacet
  facet normal -0.953729 0.300668 0
    outer loop
      vertex 1.59748 -0.581433 17.9
      vertex 1.64207 -0.439992 26.2
      vertex 1.64207 -0.439992 17.9
    endloop
  endfacet
  facet normal -0.953729 0.300668 0
    outer loop
      vertex 1.64207 -0.439992 26.2
      vertex 1.59748 -0.581433 17.9
      vertex 1.59748 -0.581433 26.2
    endloop
  endfacet
  facet normal -0.675584 -0.737283 0
    outer loop
      vertex 1.09274 1.30227 17.9
      vertex 1.20208 1.20208 26.2
      vertex 1.09274 1.30227 26.2
    endloop
  endfacet
  facet normal -0.675584 -0.737283 -0
    outer loop
      vertex 1.20208 1.20208 26.2
      vertex 1.09274 1.30227 17.9
      vertex 1.20208 1.20208 17.9
    endloop
  endfacet
  facet normal -0.537274 -0.843408 0
    outer loop
      vertex 0.849999 1.47224 17.9
      vertex 0.97508 1.39256 26.2
      vertex 0.849999 1.47224 26.2
    endloop
  endfacet
  facet normal -0.537274 -0.843408 -0
    outer loop
      vertex 0.97508 1.39256 26.2
      vertex 0.849999 1.47224 17.9
      vertex 0.97508 1.39256 17.9
    endloop
  endfacet
  facet normal -0.999048 0.043626 0
    outer loop
      vertex 1.69353 -0.148165 17.9
      vertex 1.7 0 26.2
      vertex 1.7 0 17.9
    endloop
  endfacet
  facet normal -0.999048 0.043626 0
    outer loop
      vertex 1.7 0 26.2
      vertex 1.69353 -0.148165 17.9
      vertex 1.69353 -0.148165 26.2
    endloop
  endfacet
  facet normal 0.216444 0.976295 -0
    outer loop
      vertex -0.295202 -1.67417 17.9
      vertex -0.439993 -1.64207 26.2
      vertex -0.295202 -1.67417 26.2
    endloop
  endfacet
  facet normal 0.216444 0.976295 0
    outer loop
      vertex -0.439993 -1.64207 26.2
      vertex -0.295202 -1.67417 17.9
      vertex -0.439993 -1.64207 17.9
    endloop
  endfacet
  facet normal -0.608788 -0.793333 0
    outer loop
      vertex 0.97508 1.39256 17.9
      vertex 1.09274 1.30227 26.2
      vertex 0.97508 1.39256 26.2
    endloop
  endfacet
  facet normal -0.608788 -0.793333 -0
    outer loop
      vertex 1.09274 1.30227 26.2
      vertex 0.97508 1.39256 17.9
      vertex 1.09274 1.30227 17.9
    endloop
  endfacet
  facet normal 0.953729 0.300668 0
    outer loop
      vertex -1.59748 -0.581433 26.2
      vertex -1.64207 -0.439992 17.9
      vertex -1.64207 -0.439992 26.2
    endloop
  endfacet
  facet normal 0.953729 0.300668 0
    outer loop
      vertex -1.64207 -0.439992 17.9
      vertex -1.59748 -0.581433 26.2
      vertex -1.59748 -0.581433 17.9
    endloop
  endfacet
  facet normal 0.608788 -0.793333 0
    outer loop
      vertex -1.09274 1.30227 17.9
      vertex -0.97508 1.39256 26.2
      vertex -1.09274 1.30227 26.2
    endloop
  endfacet
  facet normal 0.608788 -0.793333 0
    outer loop
      vertex -0.97508 1.39256 26.2
      vertex -1.09274 1.30227 17.9
      vertex -0.97508 1.39256 17.9
    endloop
  endfacet
  facet normal -0.216444 0.976295 0
    outer loop
      vertex 0.439992 -1.64207 17.9
      vertex 0.295201 -1.67417 26.2
      vertex 0.439992 -1.64207 26.2
    endloop
  endfacet
  facet normal -0.216444 0.976295 0
    outer loop
      vertex 0.295201 -1.67417 26.2
      vertex 0.439992 -1.64207 17.9
      vertex 0.295201 -1.67417 17.9
    endloop
  endfacet
  facet normal -0.043626 -0.999048 0
    outer loop
      vertex 0 1.7 17.9
      vertex 0.148165 1.69353 26.2
      vertex 0 1.7 26.2
    endloop
  endfacet
  facet normal -0.043626 -0.999048 -0
    outer loop
      vertex 0.148165 1.69353 26.2
      vertex 0 1.7 17.9
      vertex 0.148165 1.69353 17.9
    endloop
  endfacet
  facet normal 0.382716 0.923866 -0
    outer loop
      vertex -0.581434 -1.59748 17.9
      vertex -0.718451 -1.54072 26.2
      vertex -0.581434 -1.59748 26.2
    endloop
  endfacet
  facet normal 0.382716 0.923866 0
    outer loop
      vertex -0.718451 -1.54072 26.2
      vertex -0.581434 -1.59748 17.9
      vertex -0.718451 -1.54072 17.9
    endloop
  endfacet
  facet normal -0.461751 0.88701 0
    outer loop
      vertex 0.849999 -1.47224 17.9
      vertex 0.718451 -1.54072 26.2
      vertex 0.849999 -1.47224 26.2
    endloop
  endfacet
  facet normal -0.461751 0.88701 0
    outer loop
      vertex 0.718451 -1.54072 26.2
      vertex 0.849999 -1.47224 17.9
      vertex 0.718451 -1.54072 17.9
    endloop
  endfacet
  facet normal 0.0436257 -0.999048 0
    outer loop
      vertex -0.148166 1.69353 17.9
      vertex 0 1.7 26.2
      vertex -0.148166 1.69353 26.2
    endloop
  endfacet
  facet normal 0.0436257 -0.999048 0
    outer loop
      vertex 0 1.7 26.2
      vertex -0.148166 1.69353 17.9
      vertex 0 1.7 17.9
    endloop
  endfacet
  facet normal 0.537277 0.843406 -0
    outer loop
      vertex -0.85 -1.47224 17.9
      vertex -0.97508 -1.39256 26.2
      vertex -0.85 -1.47224 26.2
    endloop
  endfacet
  facet normal 0.537277 0.843406 0
    outer loop
      vertex -0.97508 -1.39256 26.2
      vertex -0.85 -1.47224 17.9
      vertex -0.97508 -1.39256 17.9
    endloop
  endfacet
  facet normal -0.043626 0.999048 0
    outer loop
      vertex 0.148165 -1.69353 17.9
      vertex 0 -1.7 26.2
      vertex 0.148165 -1.69353 26.2
    endloop
  endfacet
  facet normal -0.043626 0.999048 0
    outer loop
      vertex 0 -1.7 26.2
      vertex 0.148165 -1.69353 17.9
      vertex 0 -1.7 17.9
    endloop
  endfacet
  facet normal 0.88701 0.461751 0
    outer loop
      vertex -1.47224 -0.849999 26.2
      vertex -1.54072 -0.718451 17.9
      vertex -1.54072 -0.718451 26.2
    endloop
  endfacet
  facet normal 0.88701 0.461751 0
    outer loop
      vertex -1.54072 -0.718451 17.9
      vertex -1.47224 -0.849999 26.2
      vertex -1.47224 -0.849999 17.9
    endloop
  endfacet
  facet normal -0.461751 -0.88701 0
    outer loop
      vertex 0.718451 1.54072 17.9
      vertex 0.849999 1.47224 26.2
      vertex 0.718451 1.54072 26.2
    endloop
  endfacet
  facet normal -0.461751 -0.88701 -0
    outer loop
      vertex 0.849999 1.47224 26.2
      vertex 0.718451 1.54072 17.9
      vertex 0.849999 1.47224 17.9
    endloop
  endfacet
  facet normal -0.675584 0.737283 0
    outer loop
      vertex 1.20208 -1.20208 17.9
      vertex 1.09274 -1.30227 26.2
      vertex 1.20208 -1.20208 26.2
    endloop
  endfacet
  facet normal -0.675584 0.737283 0
    outer loop
      vertex 1.09274 -1.30227 26.2
      vertex 1.20208 -1.20208 17.9
      vertex 1.09274 -1.30227 17.9
    endloop
  endfacet
  facet normal -0.537274 0.843408 0
    outer loop
      vertex 0.97508 -1.39256 17.9
      vertex 0.849999 -1.47224 26.2
      vertex 0.97508 -1.39256 26.2
    endloop
  endfacet
  facet normal -0.537274 0.843408 0
    outer loop
      vertex 0.849999 -1.47224 26.2
      vertex 0.97508 -1.39256 17.9
      vertex 0.849999 -1.47224 17.9
    endloop
  endfacet
  facet normal -0.793333 0.608788 0
    outer loop
      vertex 1.30227 -1.09274 17.9
      vertex 1.39256 -0.97508 26.2
      vertex 1.39256 -0.97508 17.9
    endloop
  endfacet
  facet normal -0.793333 0.608788 0
    outer loop
      vertex 1.39256 -0.97508 26.2
      vertex 1.30227 -1.09274 17.9
      vertex 1.30227 -1.09274 26.2
    endloop
  endfacet
  facet normal 0.999048 -0.043626 0
    outer loop
      vertex -1.7 0 26.2
      vertex -1.69353 0.148165 17.9
      vertex -1.69353 0.148165 26.2
    endloop
  endfacet
  facet normal 0.999048 -0.043626 0
    outer loop
      vertex -1.69353 0.148165 17.9
      vertex -1.7 0 26.2
      vertex -1.7 0 17.9
    endloop
  endfacet
  facet normal -0.608788 0.793333 0
    outer loop
      vertex 1.09274 -1.30227 17.9
      vertex 0.97508 -1.39256 26.2
      vertex 1.09274 -1.30227 26.2
    endloop
  endfacet
  facet normal -0.608788 0.793333 0
    outer loop
      vertex 0.97508 -1.39256 26.2
      vertex 1.09274 -1.30227 17.9
      vertex 0.97508 -1.39256 17.9
    endloop
  endfacet
  facet normal -0.923867 -0.382714 0
    outer loop
      vertex 1.59748 0.581433 17.9
      vertex 1.54072 0.718451 26.2
      vertex 1.54072 0.718451 17.9
    endloop
  endfacet
  facet normal -0.923867 -0.382714 0
    outer loop
      vertex 1.54072 0.718451 26.2
      vertex 1.59748 0.581433 17.9
      vertex 1.59748 0.581433 26.2
    endloop
  endfacet
  facet normal -0.737283 -0.675584 0
    outer loop
      vertex 1.30227 1.09274 17.9
      vertex 1.20208 1.20208 26.2
      vertex 1.20208 1.20208 17.9
    endloop
  endfacet
  facet normal -0.737283 -0.675584 0
    outer loop
      vertex 1.20208 1.20208 26.2
      vertex 1.30227 1.09274 17.9
      vertex 1.30227 1.09274 26.2
    endloop
  endfacet
  facet normal 0.923867 -0.382714 0
    outer loop
      vertex -1.59748 0.581433 26.2
      vertex -1.54072 0.718451 17.9
      vertex -1.54072 0.718451 26.2
    endloop
  endfacet
  facet normal 0.923867 -0.382714 0
    outer loop
      vertex -1.54072 0.718451 17.9
      vertex -1.59748 0.581433 26.2
      vertex -1.59748 0.581433 17.9
    endloop
  endfacet
  facet normal -0.382714 0.923867 0
    outer loop
      vertex 0.718451 -1.54072 17.9
      vertex 0.581433 -1.59748 26.2
      vertex 0.718451 -1.54072 26.2
    endloop
  endfacet
  facet normal -0.382714 0.923867 0
    outer loop
      vertex 0.581433 -1.59748 26.2
      vertex 0.718451 -1.54072 17.9
      vertex 0.581433 -1.59748 17.9
    endloop
  endfacet
  facet normal -0.88701 -0.461751 0
    outer loop
      vertex 1.54072 0.718451 17.9
      vertex 1.47224 0.849999 26.2
      vertex 1.47224 0.849999 17.9
    endloop
  endfacet
  facet normal -0.88701 -0.461751 0
    outer loop
      vertex 1.47224 0.849999 26.2
      vertex 1.54072 0.718451 17.9
      vertex 1.54072 0.718451 26.2
    endloop
  endfacet
  facet normal 0.675584 -0.737283 0
    outer loop
      vertex -1.20208 1.20208 17.9
      vertex -1.09274 1.30227 26.2
      vertex -1.20208 1.20208 26.2
    endloop
  endfacet
  facet normal 0.675584 -0.737283 0
    outer loop
      vertex -1.09274 1.30227 26.2
      vertex -1.20208 1.20208 17.9
      vertex -1.09274 1.30227 17.9
    endloop
  endfacet
  facet normal 0.675584 0.737283 -0
    outer loop
      vertex -1.09274 -1.30227 17.9
      vertex -1.20208 -1.20208 26.2
      vertex -1.09274 -1.30227 26.2
    endloop
  endfacet
  facet normal 0.675584 0.737283 0
    outer loop
      vertex -1.20208 -1.20208 26.2
      vertex -1.09274 -1.30227 17.9
      vertex -1.20208 -1.20208 17.9
    endloop
  endfacet
  facet normal -0.130542 -0.991443 0
    outer loop
      vertex 0.148165 1.69353 17.9
      vertex 0.295201 1.67417 26.2
      vertex 0.148165 1.69353 26.2
    endloop
  endfacet
  facet normal -0.130542 -0.991443 -0
    outer loop
      vertex 0.295201 1.67417 26.2
      vertex 0.148165 1.69353 17.9
      vertex 0.295201 1.67417 17.9
    endloop
  endfacet
  facet normal 0.461748 -0.887011 0
    outer loop
      vertex -0.85 1.47224 17.9
      vertex -0.718451 1.54072 26.2
      vertex -0.85 1.47224 26.2
    endloop
  endfacet
  facet normal 0.461748 -0.887011 0
    outer loop
      vertex -0.718451 1.54072 26.2
      vertex -0.85 1.47224 17.9
      vertex -0.718451 1.54072 17.9
    endloop
  endfacet
  facet normal 0.382716 -0.923866 0
    outer loop
      vertex -0.718451 1.54072 17.9
      vertex -0.581434 1.59748 26.2
      vertex -0.718451 1.54072 26.2
    endloop
  endfacet
  facet normal 0.382716 -0.923866 0
    outer loop
      vertex -0.581434 1.59748 26.2
      vertex -0.718451 1.54072 17.9
      vertex -0.581434 1.59748 17.9
    endloop
  endfacet
  facet normal 0.991443 -0.130542 0
    outer loop
      vertex -1.69353 0.148165 26.2
      vertex -1.67417 0.295201 17.9
      vertex -1.67417 0.295201 26.2
    endloop
  endfacet
  facet normal 0.991443 -0.130542 0
    outer loop
      vertex -1.67417 0.295201 17.9
      vertex -1.69353 0.148165 26.2
      vertex -1.69353 0.148165 17.9
    endloop
  endfacet
  facet normal 0.976295 -0.216444 0
    outer loop
      vertex -1.67417 0.295201 26.2
      vertex -1.64207 0.439992 17.9
      vertex -1.64207 0.439992 26.2
    endloop
  endfacet
  facet normal 0.976295 -0.216444 0
    outer loop
      vertex -1.64207 0.439992 17.9
      vertex -1.67417 0.295201 26.2
      vertex -1.67417 0.295201 17.9
    endloop
  endfacet
  facet normal -0.923867 0.382714 0
    outer loop
      vertex 1.54072 -0.718451 17.9
      vertex 1.59748 -0.581433 26.2
      vertex 1.59748 -0.581433 17.9
    endloop
  endfacet
  facet normal -0.923867 0.382714 0
    outer loop
      vertex 1.59748 -0.581433 26.2
      vertex 1.54072 -0.718451 17.9
      vertex 1.54072 -0.718451 26.2
    endloop
  endfacet
  facet normal -0.216444 -0.976295 0
    outer loop
      vertex 0.295201 1.67417 17.9
      vertex 0.439992 1.64207 26.2
      vertex 0.295201 1.67417 26.2
    endloop
  endfacet
  facet normal -0.216444 -0.976295 -0
    outer loop
      vertex 0.439992 1.64207 26.2
      vertex 0.295201 1.67417 17.9
      vertex 0.439992 1.64207 17.9
    endloop
  endfacet
  facet normal 0.793365 -0.608746 0
    outer loop
      vertex -1.39256 0.97508 26.2
      vertex -1.30228 1.09274 17.9
      vertex -1.30228 1.09274 26.2
    endloop
  endfacet
  facet normal 0.793365 -0.608746 0
    outer loop
      vertex -1.30228 1.09274 17.9
      vertex -1.39256 0.97508 26.2
      vertex -1.39256 0.97508 17.9
    endloop
  endfacet
  facet normal 0.999048 0.043626 0
    outer loop
      vertex -1.69353 -0.148165 26.2
      vertex -1.7 0 17.9
      vertex -1.7 0 26.2
    endloop
  endfacet
  facet normal 0.999048 0.043626 0
    outer loop
      vertex -1.7 0 17.9
      vertex -1.69353 -0.148165 26.2
      vertex -1.69353 -0.148165 17.9
    endloop
  endfacet
  facet normal 0.130542 0.991443 -0
    outer loop
      vertex -0.148166 -1.69353 17.9
      vertex -0.295202 -1.67417 26.2
      vertex -0.148166 -1.69353 26.2
    endloop
  endfacet
  facet normal 0.130542 0.991443 0
    outer loop
      vertex -0.295202 -1.67417 26.2
      vertex -0.148166 -1.69353 17.9
      vertex -0.295202 -1.67417 17.9
    endloop
  endfacet
  facet normal 0.461748 0.887011 -0
    outer loop
      vertex -0.718451 -1.54072 17.9
      vertex -0.85 -1.47224 26.2
      vertex -0.718451 -1.54072 26.2
    endloop
  endfacet
  facet normal 0.461748 0.887011 0
    outer loop
      vertex -0.85 -1.47224 26.2
      vertex -0.718451 -1.54072 17.9
      vertex -0.85 -1.47224 17.9
    endloop
  endfacet
  facet normal -0.976295 0.216444 0
    outer loop
      vertex 1.64207 -0.439992 17.9
      vertex 1.67417 -0.295201 26.2
      vertex 1.67417 -0.295201 17.9
    endloop
  endfacet
  facet normal -0.976295 0.216444 0
    outer loop
      vertex 1.67417 -0.295201 26.2
      vertex 1.64207 -0.439992 17.9
      vertex 1.64207 -0.439992 26.2
    endloop
  endfacet
  facet normal 0.737249 0.675621 0
    outer loop
      vertex -1.20208 -1.20208 26.2
      vertex -1.30228 -1.09274 17.9
      vertex -1.30228 -1.09274 26.2
    endloop
  endfacet
  facet normal 0.737249 0.675621 0
    outer loop
      vertex -1.30228 -1.09274 17.9
      vertex -1.20208 -1.20208 26.2
      vertex -1.20208 -1.20208 17.9
    endloop
  endfacet
  facet normal 0.976295 0.216444 0
    outer loop
      vertex -1.64207 -0.439992 26.2
      vertex -1.67417 -0.295201 17.9
      vertex -1.67417 -0.295201 26.2
    endloop
  endfacet
  facet normal 0.976295 0.216444 0
    outer loop
      vertex -1.67417 -0.295201 17.9
      vertex -1.64207 -0.439992 26.2
      vertex -1.64207 -0.439992 17.9
    endloop
  endfacet
  facet normal -0.88701 0.461751 0
    outer loop
      vertex 1.47224 -0.849999 17.9
      vertex 1.54072 -0.718451 26.2
      vertex 1.54072 -0.718451 17.9
    endloop
  endfacet
  facet normal -0.88701 0.461751 0
    outer loop
      vertex 1.54072 -0.718451 26.2
      vertex 1.47224 -0.849999 17.9
      vertex 1.47224 -0.849999 26.2
    endloop
  endfacet
  facet normal -0.382714 -0.923867 0
    outer loop
      vertex 0.581433 1.59748 17.9
      vertex 0.718451 1.54072 26.2
      vertex 0.581433 1.59748 26.2
    endloop
  endfacet
  facet normal -0.382714 -0.923867 -0
    outer loop
      vertex 0.718451 1.54072 26.2
      vertex 0.581433 1.59748 17.9
      vertex 0.718451 1.54072 17.9
    endloop
  endfacet
  facet normal -0.300668 -0.953729 0
    outer loop
      vertex 0.439992 1.64207 17.9
      vertex 0.581433 1.59748 26.2
      vertex 0.439992 1.64207 26.2
    endloop
  endfacet
  facet normal -0.300668 -0.953729 -0
    outer loop
      vertex 0.581433 1.59748 26.2
      vertex 0.439992 1.64207 17.9
      vertex 0.581433 1.59748 17.9
    endloop
  endfacet
  facet normal 0.737249 -0.675621 0
    outer loop
      vertex -1.30228 1.09274 26.2
      vertex -1.20208 1.20208 17.9
      vertex -1.20208 1.20208 26.2
    endloop
  endfacet
  facet normal 0.737249 -0.675621 0
    outer loop
      vertex -1.20208 1.20208 17.9
      vertex -1.30228 1.09274 26.2
      vertex -1.30228 1.09274 17.9
    endloop
  endfacet
  facet normal 0.130542 -0.991443 0
    outer loop
      vertex -0.295202 1.67417 17.9
      vertex -0.148166 1.69353 26.2
      vertex -0.295202 1.67417 26.2
    endloop
  endfacet
  facet normal 0.130542 -0.991443 0
    outer loop
      vertex -0.148166 1.69353 26.2
      vertex -0.295202 1.67417 17.9
      vertex -0.148166 1.69353 17.9
    endloop
  endfacet
  facet normal 0.608788 0.793333 -0
    outer loop
      vertex -0.97508 -1.39256 17.9
      vertex -1.09274 -1.30227 26.2
      vertex -0.97508 -1.39256 26.2
    endloop
  endfacet
  facet normal 0.608788 0.793333 0
    outer loop
      vertex -1.09274 -1.30227 26.2
      vertex -0.97508 -1.39256 17.9
      vertex -1.09274 -1.30227 17.9
    endloop
  endfacet
  facet normal -0.843408 0.537274 0
    outer loop
      vertex 1.39256 -0.97508 17.9
      vertex 1.47224 -0.849999 26.2
      vertex 1.47224 -0.849999 17.9
    endloop
  endfacet
  facet normal -0.843408 0.537274 0
    outer loop
      vertex 1.47224 -0.849999 26.2
      vertex 1.39256 -0.97508 17.9
      vertex 1.39256 -0.97508 26.2
    endloop
  endfacet
  facet normal 0.300668 0.953729 -0
    outer loop
      vertex -0.439993 -1.64207 17.9
      vertex -0.581434 -1.59748 26.2
      vertex -0.439993 -1.64207 26.2
    endloop
  endfacet
  facet normal 0.300668 0.953729 0
    outer loop
      vertex -0.581434 -1.59748 26.2
      vertex -0.439993 -1.64207 17.9
      vertex -0.581434 -1.59748 17.9
    endloop
  endfacet
  facet normal 0.991443 0.130542 0
    outer loop
      vertex -1.67417 -0.295201 26.2
      vertex -1.69353 -0.148165 17.9
      vertex -1.69353 -0.148165 26.2
    endloop
  endfacet
  facet normal 0.991443 0.130542 0
    outer loop
      vertex -1.69353 -0.148165 17.9
      vertex -1.67417 -0.295201 26.2
      vertex -1.67417 -0.295201 17.9
    endloop
  endfacet
  facet normal 0 0 -1
    outer loop
      vertex 1.69353 -0.148165 26.2
      vertex 1.69353 0.148165 26.2
      vertex 1.7 0 26.2
    endloop
  endfacet
  facet normal 0 0 -1
    outer loop
      vertex 1.67417 -0.295201 26.2
      vertex 1.69353 0.148165 26.2
      vertex 1.69353 -0.148165 26.2
    endloop
  endfacet
  facet normal 0 0 -1
    outer loop
      vertex 1.67417 -0.295201 26.2
      vertex 1.67417 0.295201 26.2
      vertex 1.69353 0.148165 26.2
    endloop
  endfacet
  facet normal 0 0 -1
    outer loop
      vertex 1.64207 -0.439992 26.2
      vertex 1.67417 0.295201 26.2
      vertex 1.67417 -0.295201 26.2
    endloop
  endfacet
  facet normal 0 0 -1
    outer loop
      vertex 1.64207 -0.439992 26.2
      vertex 1.64207 0.439992 26.2
      vertex 1.67417 0.295201 26.2
    endloop
  endfacet
  facet normal 0 0 -1
    outer loop
      vertex 1.59748 -0.581433 26.2
      vertex 1.64207 0.439992 26.2
      vertex 1.64207 -0.439992 26.2
    endloop
  endfacet
  facet normal 0 0 -1
    outer loop
      vertex 1.59748 -0.581433 26.2
      vertex 1.59748 0.581433 26.2
      vertex 1.64207 0.439992 26.2
    endloop
  endfacet
  facet normal 0 0 -1
    outer loop
      vertex 1.54072 -0.718451 26.2
      vertex 1.59748 0.581433 26.2
      vertex 1.59748 -0.581433 26.2
    endloop
  endfacet
  facet normal 0 0 -1
    outer loop
      vertex 1.54072 -0.718451 26.2
      vertex 1.54072 0.718451 26.2
      vertex 1.59748 0.581433 26.2
    endloop
  endfacet
  facet normal 0 0 -1
    outer loop
      vertex 1.47224 -0.849999 26.2
      vertex 1.54072 0.718451 26.2
      vertex 1.54072 -0.718451 26.2
    endloop
  endfacet
  facet normal 0 0 -1
    outer loop
      vertex 1.47224 -0.849999 26.2
      vertex 1.47224 0.849999 26.2
      vertex 1.54072 0.718451 26.2
    endloop
  endfacet
  facet normal 0 0 -1
    outer loop
      vertex 1.39256 -0.97508 26.2
      vertex 1.47224 0.849999 26.2
      vertex 1.47224 -0.849999 26.2
    endloop
  endfacet
  facet normal 0 0 -1
    outer loop
      vertex 1.39256 -0.97508 26.2
      vertex 1.39256 0.97508 26.2
      vertex 1.47224 0.849999 26.2
    endloop
  endfacet
  facet normal 0 0 -1
    outer loop
      vertex 1.30227 -1.09274 26.2
      vertex 1.39256 0.97508 26.2
      vertex 1.39256 -0.97508 26.2
    endloop
  endfacet
  facet normal 0 0 -1
    outer loop
      vertex 1.30227 -1.09274 26.2
      vertex 1.30227 1.09274 26.2
      vertex 1.39256 0.97508 26.2
    endloop
  endfacet
  facet normal 0 0 -1
    outer loop
      vertex 1.20208 -1.20208 26.2
      vertex 1.30227 1.09274 26.2
      vertex 1.30227 -1.09274 26.2
    endloop
  endfacet
  facet normal 0 0 -1
    outer loop
      vertex 1.20208 -1.20208 26.2
      vertex 1.20208 1.20208 26.2
      vertex 1.30227 1.09274 26.2
    endloop
  endfacet
  facet normal 0 0 -1
    outer loop
      vertex 1.09274 -1.30227 26.2
      vertex 1.20208 1.20208 26.2
      vertex 1.20208 -1.20208 26.2
    endloop
  endfacet
  facet normal 0 0 -1
    outer loop
      vertex 1.09274 -1.30227 26.2
      vertex 1.09274 1.30227 26.2
      vertex 1.20208 1.20208 26.2
    endloop
  endfacet
  facet normal 0 0 -1
    outer loop
      vertex 0.97508 -1.39256 26.2
      vertex 1.09274 1.30227 26.2
      vertex 1.09274 -1.30227 26.2
    endloop
  endfacet
  facet normal 0 0 -1
    outer loop
      vertex 0.97508 -1.39256 26.2
      vertex 0.97508 1.39256 26.2
      vertex 1.09274 1.30227 26.2
    endloop
  endfacet
  facet normal 0 0 -1
    outer loop
      vertex 0.849999 -1.47224 26.2
      vertex 0.97508 1.39256 26.2
      vertex 0.97508 -1.39256 26.2
    endloop
  endfacet
  facet normal 0 0 -1
    outer loop
      vertex 0.849999 -1.47224 26.2
      vertex 0.849999 1.47224 26.2
      vertex 0.97508 1.39256 26.2
    endloop
  endfacet
  facet normal 0 0 -1
    outer loop
      vertex 0.718451 -1.54072 26.2
      vertex 0.849999 1.47224 26.2
      vertex 0.849999 -1.47224 26.2
    endloop
  endfacet
  facet normal 0 0 -1
    outer loop
      vertex 0.718451 -1.54072 26.2
      vertex 0.718451 1.54072 26.2
      vertex 0.849999 1.47224 26.2
    endloop
  endfacet
  facet normal 0 0 -1
    outer loop
      vertex 0.581433 -1.59748 26.2
      vertex 0.718451 1.54072 26.2
      vertex 0.718451 -1.54072 26.2
    endloop
  endfacet
  facet normal 0 0 -1
    outer loop
      vertex 0.581433 -1.59748 26.2
      vertex 0.581433 1.59748 26.2
      vertex 0.718451 1.54072 26.2
    endloop
  endfacet
  facet normal 0 0 -1
    outer loop
      vertex 0.439992 -1.64207 26.2
      vertex 0.581433 1.59748 26.2
      vertex 0.581433 -1.59748 26.2
    endloop
  endfacet
  facet normal 0 0 -1
    outer loop
      vertex 0.439992 -1.64207 26.2
      vertex 0.439992 1.64207 26.2
      vertex 0.581433 1.59748 26.2
    endloop
  endfacet
  facet normal 0 0 -1
    outer loop
      vertex 0.295201 -1.67417 26.2
      vertex 0.439992 1.64207 26.2
      vertex 0.439992 -1.64207 26.2
    endloop
  endfacet
  facet normal 0 0 -1
    outer loop
      vertex 0.295201 -1.67417 26.2
      vertex 0.295201 1.67417 26.2
      vertex 0.439992 1.64207 26.2
    endloop
  endfacet
  facet normal 0 0 -1
    outer loop
      vertex 0.148165 -1.69353 26.2
      vertex 0.295201 1.67417 26.2
      vertex 0.295201 -1.67417 26.2
    endloop
  endfacet
  facet normal 0 0 -1
    outer loop
      vertex 0.148165 -1.69353 26.2
      vertex 0.148165 1.69353 26.2
      vertex 0.295201 1.67417 26.2
    endloop
  endfacet
  facet normal 0 0 -1
    outer loop
      vertex 0 -1.7 26.2
      vertex 0.148165 1.69353 26.2
      vertex 0.148165 -1.69353 26.2
    endloop
  endfacet
  facet normal 0 0 -1
    outer loop
      vertex 0 -1.7 26.2
      vertex 0 1.7 26.2
      vertex 0.148165 1.69353 26.2
    endloop
  endfacet
  facet normal 0 0 -1
    outer loop
      vertex -0.148166 -1.69353 26.2
      vertex 0 1.7 26.2
      vertex 0 -1.7 26.2
    endloop
  endfacet
  facet normal 0 0 -1
    outer loop
      vertex -0.148166 -1.69353 26.2
      vertex -0.148166 1.69353 26.2
      vertex 0 1.7 26.2
    endloop
  endfacet
  facet normal 0 0 -1
    outer loop
      vertex -0.295202 -1.67417 26.2
      vertex -0.148166 1.69353 26.2
      vertex -0.148166 -1.69353 26.2
    endloop
  endfacet
  facet normal 0 0 -1
    outer loop
      vertex -0.295202 -1.67417 26.2
      vertex -0.295202 1.67417 26.2
      vertex -0.148166 1.69353 26.2
    endloop
  endfacet
  facet normal 0 0 -1
    outer loop
      vertex -0.439993 -1.64207 26.2
      vertex -0.295202 1.67417 26.2
      vertex -0.295202 -1.67417 26.2
    endloop
  endfacet
  facet normal 0 0 -1
    outer loop
      vertex -0.439993 -1.64207 26.2
      vertex -0.439993 1.64207 26.2
      vertex -0.295202 1.67417 26.2
    endloop
  endfacet
  facet normal 0 0 -1
    outer loop
      vertex -0.581434 -1.59748 26.2
      vertex -0.439993 1.64207 26.2
      vertex -0.439993 -1.64207 26.2
    endloop
  endfacet
  facet normal 0 0 -1
    outer loop
      vertex -0.581434 -1.59748 26.2
      vertex -0.581434 1.59748 26.2
      vertex -0.439993 1.64207 26.2
    endloop
  endfacet
  facet normal 0 0 -1
    outer loop
      vertex -0.718451 -1.54072 26.2
      vertex -0.581434 1.59748 26.2
      vertex -0.581434 -1.59748 26.2
    endloop
  endfacet
  facet normal 0 0 -1
    outer loop
      vertex -0.718451 -1.54072 26.2
      vertex -0.718451 1.54072 26.2
      vertex -0.581434 1.59748 26.2
    endloop
  endfacet
  facet normal 0 0 -1
    outer loop
      vertex -0.85 -1.47224 26.2
      vertex -0.718451 1.54072 26.2
      vertex -0.718451 -1.54072 26.2
    endloop
  endfacet
  facet normal 0 0 -1
    outer loop
      vertex -0.85 -1.47224 26.2
      vertex -0.85 1.47224 26.2
      vertex -0.718451 1.54072 26.2
    endloop
  endfacet
  facet normal 0 0 -1
    outer loop
      vertex -0.97508 -1.39256 26.2
      vertex -0.85 1.47224 26.2
      vertex -0.85 -1.47224 26.2
    endloop
  endfacet
  facet normal 0 0 -1
    outer loop
      vertex -0.97508 -1.39256 26.2
      vertex -0.97508 1.39256 26.2
      vertex -0.85 1.47224 26.2
    endloop
  endfacet
  facet normal 0 0 -1
    outer loop
      vertex -1.09274 -1.30227 26.2
      vertex -0.97508 1.39256 26.2
      vertex -0.97508 -1.39256 26.2
    endloop
  endfacet
  facet normal 0 0 -1
    outer loop
      vertex -1.09274 -1.30227 26.2
      vertex -1.09274 1.30227 26.2
      vertex -0.97508 1.39256 26.2
    endloop
  endfacet
  facet normal 0 0 -1
    outer loop
      vertex -1.20208 -1.20208 26.2
      vertex -1.09274 1.30227 26.2
      vertex -1.09274 -1.30227 26.2
    endloop
  endfacet
  facet normal 0 0 -1
    outer loop
      vertex -1.20208 -1.20208 26.2
      vertex -1.20208 1.20208 26.2
      vertex -1.09274 1.30227 26.2
    endloop
  endfacet
  facet normal 0 0 -1
    outer loop
      vertex -1.30228 -1.09274 26.2
      vertex -1.20208 1.20208 26.2
      vertex -1.20208 -1.20208 26.2
    endloop
  endfacet
  facet normal 0 0 -1
    outer loop
      vertex -1.30228 -1.09274 26.2
      vertex -1.30228 1.09274 26.2
      vertex -1.20208 1.20208 26.2
    endloop
  endfacet
  facet normal 0 0 -1
    outer loop
      vertex -1.39256 -0.97508 26.2
      vertex -1.30228 1.09274 26.2
      vertex -1.30228 -1.09274 26.2
    endloop
  endfacet
  facet normal 0 0 -1
    outer loop
      vertex -1.39256 -0.97508 26.2
      vertex -1.39256 0.97508 26.2
      vertex -1.30228 1.09274 26.2
    endloop
  endfacet
  facet normal 0 0 -1
    outer loop
      vertex -1.47224 -0.849999 26.2
      vertex -1.39256 0.97508 26.2
      vertex -1.39256 -0.97508 26.2
    endloop
  endfacet
  facet normal 0 0 -1
    outer loop
      vertex -1.47224 -0.849999 26.2
      vertex -1.47224 0.849999 26.2
      vertex -1.39256 0.97508 26.2
    endloop
  endfacet
  facet normal 0 0 -1
    outer loop
      vertex -1.54072 -0.718451 26.2
      vertex -1.47224 0.849999 26.2
      vertex -1.47224 -0.849999 26.2
    endloop
  endfacet
  facet normal 0 0 -1
    outer loop
      vertex -1.54072 -0.718451 26.2
      vertex -1.54072 0.718451 26.2
      vertex -1.47224 0.849999 26.2
    endloop
  endfacet
  facet normal 0 0 -1
    outer loop
      vertex -1.59748 -0.581433 26.2
      vertex -1.54072 0.718451 26.2
      vertex -1.54072 -0.718451 26.2
    endloop
  endfacet
  facet normal 0 0 -1
    outer loop
      vertex -1.59748 -0.581433 26.2
      vertex -1.59748 0.581433 26.2
      vertex -1.54072 0.718451 26.2
    endloop
  endfacet
  facet normal 0 0 -1
    outer loop
      vertex -1.64207 -0.439992 26.2
      vertex -1.59748 0.581433 26.2
      vertex -1.59748 -0.581433 26.2
    endloop
  endfacet
  facet normal 0 0 -1
    outer loop
      vertex -1.64207 -0.439992 26.2
      vertex -1.64207 0.439992 26.2
      vertex -1.59748 0.581433 26.2
    endloop
  endfacet
  facet normal 0 0 -1
    outer loop
      vertex -1.67417 -0.295201 26.2
      vertex -1.64207 0.439992 26.2
      vertex -1.64207 -0.439992 26.2
    endloop
  endfacet
  facet normal 0 0 -1
    outer loop
      vertex -1.67417 -0.295201 26.2
      vertex -1.67417 0.295201 26.2
      vertex -1.64207 0.439992 26.2
    endloop
  endfacet
  facet normal 0 0 -1
    outer loop
      vertex -1.69353 -0.148165 26.2
      vertex -1.67417 0.295201 26.2
      vertex -1.67417 -0.295201 26.2
    endloop
  endfacet
  facet normal 0 0 -1
    outer loop
      vertex -1.69353 -0.148165 26.2
      vertex -1.69353 0.148165 26.2
      vertex -1.67417 0.295201 26.2
    endloop
  endfacet
  facet normal 0 -0 -1
    outer loop
      vertex -1.69353 0.148165 26.2
      vertex -1.69353 -0.148165 26.2
      vertex -1.7 0 26.2
    endloop
  endfacet
  facet normal 0.843408 0.537274 0
    outer loop
      vertex -1.39256 -0.97508 26.2
      vertex -1.47224 -0.849999 17.9
      vertex -1.47224 -0.849999 26.2
    endloop
  endfacet
  facet normal 0.843408 0.537274 0
    outer loop
      vertex -1.47224 -0.849999 17.9
      vertex -1.39256 -0.97508 26.2
      vertex -1.39256 -0.97508 17.9
    endloop
  endfacet
  facet normal 0.88701 -0.461751 0
    outer loop
      vertex -1.54072 0.718451 26.2
      vertex -1.47224 0.849999 17.9
      vertex -1.47224 0.849999 26.2
    endloop
  endfacet
  facet normal 0.88701 -0.461751 0
    outer loop
      vertex -1.47224 0.849999 17.9
      vertex -1.54072 0.718451 26.2
      vertex -1.54072 0.718451 17.9
    endloop
  endfacet
  facet normal -0.991443 0.130542 0
    outer loop
      vertex 1.67417 -0.295201 17.9
      vertex 1.69353 -0.148165 26.2
      vertex 1.69353 -0.148165 17.9
    endloop
  endfacet
  facet normal -0.991443 0.130542 0
    outer loop
      vertex 1.69353 -0.148165 26.2
      vertex 1.67417 -0.295201 17.9
      vertex 1.67417 -0.295201 26.2
    endloop
  endfacet
  facet normal -0.737283 0.675584 0
    outer loop
      vertex 1.20208 -1.20208 17.9
      vertex 1.30227 -1.09274 26.2
      vertex 1.30227 -1.09274 17.9
    endloop
  endfacet
  facet normal -0.737283 0.675584 0
    outer loop
      vertex 1.30227 -1.09274 26.2
      vertex 1.20208 -1.20208 17.9
      vertex 1.20208 -1.20208 26.2
    endloop
  endfacet
  facet normal 0.0436257 0.999048 -0
    outer loop
      vertex 0 -1.7 17.9
      vertex -0.148166 -1.69353 26.2
      vertex 0 -1.7 26.2
    endloop
  endfacet
  facet normal 0.0436257 0.999048 0
    outer loop
      vertex -0.148166 -1.69353 26.2
      vertex 0 -1.7 17.9
      vertex -0.148166 -1.69353 17.9
    endloop
  endfacet
  facet normal 0.843408 -0.537274 0
    outer loop
      vertex -1.47224 0.849999 26.2
      vertex -1.39256 0.97508 17.9
      vertex -1.39256 0.97508 26.2
    endloop
  endfacet
  facet normal 0.843408 -0.537274 0
    outer loop
      vertex -1.39256 0.97508 17.9
      vertex -1.47224 0.849999 26.2
      vertex -1.47224 0.849999 17.9
    endloop
  endfacet
endsolid OpenSCAD_Model
