solid OpenSCAD_Model
  facet normal -0.0848228 0.793167 0.603069
    outer loop
      vertex 573.257 -35.4019 114.973
      vertex 566.325 -35.4019 113.998
      vertex 573.171 -35.8787 115.588
    endloop
  endfacet
  facet normal 0.929481 -0.217049 0.298251
    outer loop
      vertex 569.171 -64.1213 110.588
      vertex 573.257 -40.5981 114.973
      vertex 573.171 -40.1213 115.588
    endloop
  endfacet
  facet normal 0.929481 -0.217049 0.298251
    outer loop
      vertex 573.257 -40.5981 114.973
      vertex 569.171 -64.1213 110.588
      vertex 569.257 -64.5981 109.973
    endloop
  endfacet
  facet normal -0.0846526 0.793635 0.602476
    outer loop
      vertex 566.325 -35.4019 113.998
      vertex 566.239 -35.8787 114.614
      vertex 573.171 -35.8787 115.588
    endloop
  endfacet
  facet normal -0.962178 0.0912764 -0.256674
    outer loop
      vertex 566.896 -36.5 89.9401
      vertex 563.829 -61.8787 92.4122
      vertex 566.829 -35.8787 90.4122
    endloop
  endfacet
  facet normal -0.962178 0.0912764 -0.256674
    outer loop
      vertex 563.829 -61.8787 92.4122
      vertex 566.896 -36.5 89.9401
      vertex 563.896 -62.5 91.9401
    endloop
  endfacet
  facet normal -0.986394 0.164399 0
    outer loop
      vertex 566.239 -35.8787 94.6136
      vertex 562.239 -59.8787 109.614
      vertex 566.239 -35.8787 114.614
    endloop
  endfacet
  facet normal -0.110389 0.608754 0.785642
    outer loop
      vertex 566.239 -35.8787 114.614
      vertex 566.172 -36.5 115.086
      vertex 573.171 -35.8787 115.588
    endloop
  endfacet
  facet normal -0.0846526 -0.793635 0.602476
    outer loop
      vertex 569.171 -64.1213 110.588
      vertex 562.239 -64.1213 109.614
      vertex 562.325 -64.5981 108.998
    endloop
  endfacet
  facet normal -0.996125 -0.0557225 -0.0680507
    outer loop
      vertex 563.172 -65.5 97.0857
      vertex 562.239 -64.1213 109.614
      vertex 562.172 -63.5 110.086
    endloop
  endfacet
  facet normal -0.996125 -0.0557106 -0.068052
    outer loop
      vertex 562.239 -64.1213 109.614
      vertex 563.172 -65.5 97.0857
      vertex 563.239 -66.1213 96.6136
    endloop
  endfacet
  facet normal 0.137999 0.130445 -0.981805
    outer loop
      vertex 566.952 -38 89.5421
      vertex 573.869 -37.2235 90.6175
      vertex 573.883 -38 90.5163
    endloop
  endfacet
  facet normal 0.137977 0.13062 -0.981785
    outer loop
      vertex 573.869 -37.2235 90.6175
      vertex 566.952 -38 89.5421
      vertex 566.937 -37.2235 89.6433
    endloop
  endfacet
  facet normal 0.687334 0.726341 0
    outer loop
      vertex 573.574 -35.1022 112.718
      vertex 573.466 -35 103.987
      vertex 573.466 -35 113.487
    endloop
  endfacet
  facet normal 0.687334 0.726341 0
    outer loop
      vertex 573.466 -35 103.987
      vertex 573.574 -35.1022 112.718
      vertex 573.574 -35.1022 101.072
    endloop
  endfacet
  facet normal -0.990246 0 -0.13933
    outer loop
      vertex 563.325 -61.4019 95.9983
      vertex 563.172 -65.5 97.0857
      vertex 563.172 -62.5 97.0857
    endloop
  endfacet
  facet normal -0.990246 0 -0.13933
    outer loop
      vertex 563.172 -65.5 97.0857
      vertex 563.325 -61.4019 95.9983
      vertex 563.325 -66.5981 95.9983
    endloop
  endfacet
  facet normal -0.990246 0.000615936 -0.13933
    outer loop
      vertex 563.642 -66.8978 93.744
      vertex 563.325 -66.5981 95.9983
      vertex 563.743 -66.5981 93.0275
    endloop
  endfacet
  facet normal 0.0847498 0.79328 -0.60293
    outer loop
      vertex 566.829 -35.8787 90.4122
      vertex 566.761 -35.5 90.9009
      vertex 572.266 -35.5 91.6747
    endloop
  endfacet
  facet normal 0.947635 0.319356 0
    outer loop
      vertex 573.675 -35.4019 112.002
      vertex 573.574 -35.1022 101.072
      vertex 573.574 -35.1022 112.718
    endloop
  endfacet
  facet normal 0.947635 0.319356 0
    outer loop
      vertex 573.574 -35.1022 101.072
      vertex 573.675 -35.4019 112.002
      vertex 573.675 -35.4019 94.0613
    endloop
  endfacet
  facet normal 0.137999 -0.130445 -0.981805
    outer loop
      vertex 570.869 -64.7765 92.6175
      vertex 563.952 -64 91.5421
      vertex 570.883 -64 92.5163
    endloop
  endfacet
  facet normal 0.137977 -0.13062 -0.981785
    outer loop
      vertex 563.952 -64 91.5421
      vertex 570.869 -64.7765 92.6175
      vertex 563.937 -64.7765 91.6433
    endloop
  endfacet
  facet normal 0.97065 -0.215012 0.107745
    outer loop
      vertex 570.466 -67 95.4871
      vertex 569.574 -64.8978 107.718
      vertex 569.466 -65 108.487
    endloop
  endfacet
  facet normal 0.970639 -0.215056 0.107752
    outer loop
      vertex 569.574 -64.8978 107.718
      vertex 570.466 -67 95.4871
      vertex 570.574 -66.8978 94.7182
    endloop
  endfacet
  facet normal -0.0477265 -0.786321 -0.615972
    outer loop
      vertex 566.31 -35.4871 94.1082
      vertex 566.239 -35.8787 94.6136
      vertex 566.307 -35.5 94.1249
    endloop
  endfacet
  facet normal -0.987675 0.155896 -0.0139475
    outer loop
      vertex 562.325 -59.4019 108.998
      vertex 566.31 -35.4871 94.1082
      vertex 566.325 -35.4019 93.9983
    endloop
  endfacet
  facet normal -0.988271 0.151161 -0.0217103
    outer loop
      vertex 562.325 -59.4019 108.998
      vertex 566.239 -35.8787 94.6136
      vertex 566.31 -35.4871 94.1082
    endloop
  endfacet
  facet normal -0.988171 0.152006 -0.0203026
    outer loop
      vertex 566.239 -35.8787 94.6136
      vertex 562.325 -59.4019 108.998
      vertex 562.239 -59.8787 109.614
    endloop
  endfacet
  facet normal -0.913952 0.0690102 0.399912
    outer loop
      vertex 562.131 -61.2235 110.382
      vertex 566.117 -38 115.484
      vertex 566.131 -37.2235 115.382
    endloop
  endfacet
  facet normal -0.913952 0.0690102 0.399912
    outer loop
      vertex 566.117 -38 115.484
      vertex 562.131 -61.2235 110.382
      vertex 562.117 -62 110.484
    endloop
  endfacet
  facet normal 0.990586 0 0.13689
    outer loop
      vertex 573.828 -36.5 110.914
      vertex 573.828 -39.5 110.914
      vertex 573.883 -38 110.516
    endloop
  endfacet
  facet normal 0.976088 -0.186088 0.112353
    outer loop
      vertex 569.466 -65 108.487
      vertex 573.574 -40.8978 112.718
      vertex 573.466 -41 113.487
    endloop
  endfacet
  facet normal 0.976088 -0.186088 0.112353
    outer loop
      vertex 573.574 -40.8978 112.718
      vertex 569.466 -65 108.487
      vertex 569.574 -64.8978 107.718
    endloop
  endfacet
  facet normal 0.1386 -0.0918447 -0.98608
    outer loop
      vertex 570.883 -64 92.5163
      vertex 566.952 -38 89.5421
      vertex 573.883 -38 90.5163
    endloop
  endfacet
  facet normal 0.1386 -0.0918447 -0.98608
    outer loop
      vertex 566.952 -38 89.5421
      vertex 570.883 -64 92.5163
      vertex 563.952 -64 91.5421
    endloop
  endfacet
  facet normal 0.110402 -0.608834 -0.785578
    outer loop
      vertex 570.761 -66.1213 93.3864
      vertex 563.829 -66.1213 92.4122
      vertex 570.828 -65.5 92.9143
    endloop
  endfacet
  facet normal 0.12858 -0.382612 -0.914918
    outer loop
      vertex 570.828 -65.5 92.9143
      vertex 563.896 -65.5 91.9401
      vertex 563.937 -64.7765 91.6433
    endloop
  endfacet
  facet normal -0.978763 0.0991315 -0.179434
    outer loop
      vertex 566.743 -35.4019 91.0275
      vertex 563.642 -61.1022 93.744
      vertex 566.642 -35.1022 91.744
    endloop
  endfacet
  facet normal -0.978763 0.0991315 -0.179434
    outer loop
      vertex 563.642 -61.1022 93.744
      vertex 566.743 -35.4019 91.0275
      vertex 563.743 -61.4019 93.0275
    endloop
  endfacet
  facet normal 0.977367 -0.18447 0.103564
    outer loop
      vertex 573.574 -40.8978 112.718
      vertex 569.574 -64.8978 107.718
      vertex 570.574 -66.8978 94.7182
    endloop
  endfacet
  facet normal -0.990779 -0.0039363 -0.13543
    outer loop
      vertex 563.239 -66.1213 96.6136
      vertex 563.172 -65.5 97.0857
      vertex 563.325 -66.5981 95.9983
    endloop
  endfacet
  facet normal 0.0847291 -0.793307 -0.602897
    outer loop
      vertex 570.675 -66.5981 94.0017
      vertex 563.743 -66.5981 93.0275
      vertex 563.829 -66.1213 92.4122
    endloop
  endfacet
  facet normal -0.990779 0.0039363 -0.13543
    outer loop
      vertex 563.829 -66.1213 92.4122
      vertex 563.743 -66.5981 93.0275
      vertex 563.896 -65.5 91.9401
    endloop
  endfacet
  facet normal 0.0846737 0.79328 -0.602941
    outer loop
      vertex 573.761 -35.8787 91.3864
      vertex 572.266 -35.5 91.6747
      vertex 573.693 -35.5 91.8751
    endloop
  endfacet
  facet normal 0.0847185 0.793366 -0.602821
    outer loop
      vertex 572.266 -35.5 91.6747
      vertex 573.761 -35.8787 91.3864
      vertex 566.829 -35.8787 90.4122
    endloop
  endfacet
  facet normal 0.870065 -0.235256 0.433175
    outer loop
      vertex 569.104 -63.5 111.06
      vertex 573.171 -40.1213 115.588
      vertex 573.104 -39.5 116.06
    endloop
  endfacet
  facet normal 0.870065 -0.235256 0.433175
    outer loop
      vertex 573.171 -40.1213 115.588
      vertex 569.104 -63.5 111.06
      vertex 569.171 -64.1213 110.588
    endloop
  endfacet
  facet normal -0.984217 0.176965 0.00018398
    outer loop
      vertex 566.239 -35.8787 94.6136
      vertex 566.325 -35.4019 96.0579
      vertex 566.307 -35.5 94.1249
    endloop
  endfacet
  facet normal -0.98412 0.177505 0
    outer loop
      vertex 566.239 -35.8787 114.614
      vertex 566.325 -35.4019 96.0579
      vertex 566.239 -35.8787 94.6136
    endloop
  endfacet
  facet normal -0.98412 0.177505 0
    outer loop
      vertex 566.325 -35.4019 96.0579
      vertex 566.239 -35.8787 114.614
      vertex 566.325 -35.4019 113.998
    endloop
  endfacet
  facet normal -0.98657 0.151938 0.0599549
    outer loop
      vertex 562.239 -59.8787 109.614
      vertex 566.172 -36.5 115.086
      vertex 566.239 -35.8787 114.614
    endloop
  endfacet
  facet normal -0.98657 0.151938 0.0599549
    outer loop
      vertex 566.172 -36.5 115.086
      vertex 562.239 -59.8787 109.614
      vertex 562.172 -60.5 110.086
    endloop
  endfacet
  facet normal -0.128733 -0.381748 0.915258
    outer loop
      vertex 569.063 -62.7765 111.357
      vertex 562.131 -62.7765 110.382
      vertex 562.172 -63.5 110.086
    endloop
  endfacet
  facet normal 0.990606 -0 0.13675
    outer loop
      vertex 573.063 -38.7765 116.357
      vertex 573.104 -36.5 116.06
      vertex 573.063 -37.2235 116.357
    endloop
  endfacet
  facet normal 0.990606 0 0.13675
    outer loop
      vertex 573.104 -36.5 116.06
      vertex 573.063 -38.7765 116.357
      vertex 573.104 -39.5 116.06
    endloop
  endfacet
  facet normal -0.990268 0.000595026 -0.139173
    outer loop
      vertex 563.642 -61.1022 93.744
      vertex 563.325 -61.4019 95.9983
      vertex 563.534 -61 94.5129
    endloop
  endfacet
  facet normal -0.687334 0.726341 0
    outer loop
      vertex 566.534 -35 103.013
      vertex 566.426 -35.1022 113.282
      vertex 566.534 -35 112.513
    endloop
  endfacet
  facet normal -0.687334 0.726341 0
    outer loop
      vertex 566.426 -35.1022 113.282
      vertex 566.534 -35 103.013
      vertex 566.426 -35.1022 101.635
    endloop
  endfacet
  facet normal 0.12858 0.382612 -0.914918
    outer loop
      vertex 566.937 -37.2235 89.6433
      vertex 566.896 -36.5 89.9401
      vertex 573.828 -36.5 90.9143
    endloop
  endfacet
  facet normal -0.939673 0.0828949 -0.331877
    outer loop
      vertex 566.937 -37.2235 89.6433
      vertex 563.896 -62.5 91.9401
      vertex 566.896 -36.5 89.9401
    endloop
  endfacet
  facet normal -0.939673 0.0828949 -0.331877
    outer loop
      vertex 563.896 -62.5 91.9401
      vertex 566.937 -37.2235 89.6433
      vertex 563.937 -63.2235 91.6433
    endloop
  endfacet
  facet normal 0.12858 -0.382612 -0.914918
    outer loop
      vertex 570.828 -65.5 92.9143
      vertex 563.937 -64.7765 91.6433
      vertex 570.869 -64.7765 92.6175
    endloop
  endfacet
  facet normal 0.999838 -0.0180267 0
    outer loop
      vertex 573.869 -38.7765 90.6175
      vertex 573.883 -38 110.516
      vertex 573.869 -38.7765 110.618
    endloop
  endfacet
  facet normal 0.999838 -0.0180267 0
    outer loop
      vertex 573.883 -38 110.516
      vertex 573.869 -38.7765 90.6175
      vertex 573.883 -38 90.5163
    endloop
  endfacet
  facet normal 0.990319 -0.00214692 0.138797
    outer loop
      vertex 573.675 -40.5981 112.002
      vertex 573.466 -41 113.487
      vertex 573.574 -40.8978 112.718
    endloop
  endfacet
  facet normal -0.0532667 -0.92398 0.378713
    outer loop
      vertex 569.257 -64.5981 109.973
      vertex 562.325 -64.5981 108.998
      vertex 569.358 -64.8978 109.256
    endloop
  endfacet
  facet normal 0.953774 -0.204786 0.219952
    outer loop
      vertex 569.257 -64.5981 109.973
      vertex 573.358 -40.8978 114.256
      vertex 573.257 -40.5981 114.973
    endloop
  endfacet
  facet normal 0.953774 -0.204786 0.219952
    outer loop
      vertex 573.358 -40.8978 114.256
      vertex 569.257 -64.5981 109.973
      vertex 569.358 -64.8978 109.256
    endloop
  endfacet
  facet normal -0.0211372 -0.988394 0.150435
    outer loop
      vertex 562.426 -64.8978 108.282
      vertex 570.358 -66.8978 96.256
      vertex 569.358 -64.8978 109.256
    endloop
  endfacet
  facet normal -0.0211412 -0.988394 0.150432
    outer loop
      vertex 570.358 -66.8978 96.256
      vertex 562.426 -64.8978 108.282
      vertex 563.426 -66.8978 95.2818
    endloop
  endfacet
  facet normal 0.0532549 -0.923888 -0.37894
    outer loop
      vertex 570.675 -66.5981 94.0017
      vertex 563.642 -66.8978 93.744
      vertex 563.743 -66.5981 93.0275
    endloop
  endfacet
  facet normal -0.990246 -2.42839e-07 -0.13933
    outer loop
      vertex 563.743 -66.5981 93.0275
      vertex 563.325 -66.5981 95.9983
      vertex 563.896 -65.5 91.9401
    endloop
  endfacet
  facet normal 0.0847291 -0.793307 -0.602897
    outer loop
      vertex 570.675 -66.5981 94.0017
      vertex 563.829 -66.1213 92.4122
      vertex 570.761 -66.1213 93.3864
    endloop
  endfacet
  facet normal 0.993253 -0.11545 -0.0109751
    outer loop
      vertex 573.761 -40.1213 91.3864
      vertex 570.828 -65.5 92.9143
      vertex 573.828 -39.5 90.9143
    endloop
  endfacet
  facet normal 0.993253 -0.11545 -0.0109751
    outer loop
      vertex 570.828 -65.5 92.9143
      vertex 573.761 -40.1213 91.3864
      vertex 570.761 -66.1213 93.3864
    endloop
  endfacet
  facet normal -0.110389 0.608754 0.785642
    outer loop
      vertex 573.171 -35.8787 115.588
      vertex 566.172 -36.5 115.086
      vertex 573.104 -36.5 116.06
    endloop
  endfacet
  facet normal -0.990606 3.77981e-05 -0.13675
    outer loop
      vertex 563.172 -62.5 97.0857
      vertex 563.117 -64 97.4837
      vertex 563.131 -63.2235 97.3825
    endloop
  endfacet
  facet normal -0.990606 -3.77981e-05 -0.13675
    outer loop
      vertex 563.131 -64.7765 97.3825
      vertex 563.117 -64 97.4837
      vertex 563.172 -65.5 97.0857
    endloop
  endfacet
  facet normal 0.990247 -5.97951e-05 0.139321
    outer loop
      vertex 573.257 -35.4019 114.973
      vertex 573.104 -36.5 116.06
      vertex 573.675 -35.4019 112.002
    endloop
  endfacet
  facet normal -0.0181556 0.991451 0.129214
    outer loop
      vertex 573.466 -35 113.487
      vertex 566.426 -35.1022 113.282
      vertex 573.358 -35.1022 114.256
    endloop
  endfacet
  facet normal -0.0181556 0.991451 0.129214
    outer loop
      vertex 566.426 -35.1022 113.282
      vertex 573.466 -35 113.487
      vertex 566.534 -35 112.513
    endloop
  endfacet
  facet normal 0.990763 -0.00386717 0.135548
    outer loop
      vertex 573.171 -35.8787 115.588
      vertex 573.104 -36.5 116.06
      vertex 573.257 -35.4019 114.973
    endloop
  endfacet
  facet normal -0.138092 -0.130371 0.981801
    outer loop
      vertex 573.048 -38 116.458
      vertex 566.131 -38.7765 115.382
      vertex 573.063 -38.7765 116.357
    endloop
  endfacet
  facet normal -0.137953 -0.131439 0.981678
    outer loop
      vertex 566.131 -38.7765 115.382
      vertex 573.048 -38 116.458
      vertex 566.117 -38 115.484
    endloop
  endfacet
  facet normal -0.128541 -0.382828 0.914833
    outer loop
      vertex 569.063 -62.7765 111.357
      vertex 562.172 -63.5 110.086
      vertex 569.104 -63.5 111.06
    endloop
  endfacet
  facet normal 0.990268 0.000732771 0.139173
    outer loop
      vertex 573.466 -35 113.487
      vertex 573.358 -35.1022 114.256
      vertex 573.675 -35.4019 112.002
    endloop
  endfacet
  facet normal 0.990319 0.00214692 0.138797
    outer loop
      vertex 573.574 -35.1022 112.718
      vertex 573.466 -35 113.487
      vertex 573.675 -35.4019 112.002
    endloop
  endfacet
  facet normal -0.990779 -0.0039363 -0.13543
    outer loop
      vertex 563.896 -62.5 91.9401
      vertex 563.743 -61.4019 93.0275
      vertex 563.829 -61.8787 92.4122
    endloop
  endfacet
  facet normal 0.12858 0.382612 -0.914918
    outer loop
      vertex 573.869 -37.2235 90.6175
      vertex 566.937 -37.2235 89.6433
      vertex 573.828 -36.5 90.9143
    endloop
  endfacet
  facet normal -0.990309 0.00174424 -0.138867
    outer loop
      vertex 563.534 -61 94.5129
      vertex 563.325 -61.4019 95.9983
      vertex 563.426 -61.1022 95.2818
    endloop
  endfacet
  facet normal 0.993409 -0.114624 0
    outer loop
      vertex 573.761 -40.1213 111.386
      vertex 570.761 -66.1213 93.3864
      vertex 573.761 -40.1213 91.3864
    endloop
  endfacet
  facet normal 0.308735 -0.936232 0.167785
    outer loop
      vertex 570.358 -66.8978 96.256
      vertex 569.466 -65 108.487
      vertex 569.358 -64.8978 109.256
    endloop
  endfacet
  facet normal 0.308444 -0.936329 0.167778
    outer loop
      vertex 569.466 -65 108.487
      vertex 570.358 -66.8978 96.256
      vertex 570.466 -67 95.4871
    endloop
  endfacet
  facet normal 0.0532549 -0.923888 -0.37894
    outer loop
      vertex 570.574 -66.8978 94.7182
      vertex 563.642 -66.8978 93.744
      vertex 570.675 -66.5981 94.0017
    endloop
  endfacet
  facet normal 0.0181615 -0.991448 -0.12923
    outer loop
      vertex 563.534 -67 94.5129
      vertex 570.574 -66.8978 94.7182
      vertex 570.466 -67 95.4871
    endloop
  endfacet
  facet normal 0.0181615 -0.991448 -0.12923
    outer loop
      vertex 570.574 -66.8978 94.7182
      vertex 563.534 -67 94.5129
      vertex 563.642 -66.8978 93.744
    endloop
  endfacet
  facet normal 0.110402 -0.608834 -0.785578
    outer loop
      vertex 570.828 -65.5 92.9143
      vertex 563.829 -66.1213 92.4122
      vertex 563.896 -65.5 91.9401
    endloop
  endfacet
  facet normal -0.990268 -0.000595026 -0.139173
    outer loop
      vertex 563.534 -67 94.5129
      vertex 563.325 -66.5981 95.9983
      vertex 563.642 -66.8978 93.744
    endloop
  endfacet
  facet normal -0.0532753 -0.923795 0.379163
    outer loop
      vertex 569.358 -64.8978 109.256
      vertex 562.325 -64.5981 108.998
      vertex 562.426 -64.8978 108.282
    endloop
  endfacet
  facet normal -0.993952 0.0672559 -0.0868069
    outer loop
      vertex 563.239 -61.8787 96.6136
      vertex 562.325 -59.4019 108.998
      vertex 563.325 -61.4019 95.9983
    endloop
  endfacet
  facet normal -0.993961 0.0671552 -0.0867874
    outer loop
      vertex 562.325 -59.4019 108.998
      vertex 563.239 -61.8787 96.6136
      vertex 562.239 -59.8787 109.614
    endloop
  endfacet
  facet normal -0.996495 0.02354 -0.0802731
    outer loop
      vertex 563.131 -63.2235 97.3825
      vertex 562.172 -60.5 110.086
      vertex 563.172 -62.5 97.0857
    endloop
  endfacet
  facet normal -0.996492 0.0236216 -0.0802904
    outer loop
      vertex 562.172 -60.5 110.086
      vertex 563.131 -63.2235 97.3825
      vertex 562.131 -61.2235 110.382
    endloop
  endfacet
  facet normal -0.989739 0.106908 -0.0947986
    outer loop
      vertex 563.426 -61.1022 95.2818
      vertex 566.325 -35.4019 93.9983
      vertex 566.426 -35.1022 93.2818
    endloop
  endfacet
  facet normal -0.989739 0.106908 -0.0947986
    outer loop
      vertex 566.325 -35.4019 93.9983
      vertex 563.426 -61.1022 95.2818
      vertex 563.325 -61.4019 95.9983
    endloop
  endfacet
  facet normal 0.990257 0 0.139255
    outer loop
      vertex 573.675 -35.4019 112.002
      vertex 573.828 -39.5 110.914
      vertex 573.828 -36.5 110.914
    endloop
  endfacet
  facet normal 0.990257 0 0.139255
    outer loop
      vertex 573.828 -39.5 110.914
      vertex 573.675 -35.4019 112.002
      vertex 573.675 -40.5981 112.002
    endloop
  endfacet
  facet normal -0.128541 0.382828 0.914833
    outer loop
      vertex 573.104 -36.5 116.06
      vertex 566.172 -36.5 115.086
      vertex 573.063 -37.2235 116.357
    endloop
  endfacet
  facet normal 0.990463 -0.000241194 0.137782
    outer loop
      vertex 573.869 -37.2235 110.618
      vertex 573.828 -36.5 110.914
      vertex 573.883 -38 110.516
    endloop
  endfacet
  facet normal 0.990833 0.00427324 0.135023
    outer loop
      vertex 573.761 -35.8787 111.386
      vertex 573.675 -35.4019 112.002
      vertex 573.828 -36.5 110.914
    endloop
  endfacet
  facet normal -0.990246 0 -0.13933
    outer loop
      vertex 563.896 -65.5 91.9401
      vertex 563.325 -61.4019 95.9983
      vertex 563.896 -62.5 91.9401
    endloop
  endfacet
  facet normal -0.990246 -0 -0.13933
    outer loop
      vertex 563.325 -61.4019 95.9983
      vertex 563.896 -65.5 91.9401
      vertex 563.325 -66.5981 95.9983
    endloop
  endfacet
  facet normal -0.947635 0.319356 0
    outer loop
      vertex 566.325 -35.4019 113.998
      vertex 566.426 -35.1022 101.635
      vertex 566.325 -35.4019 96.0579
    endloop
  endfacet
  facet normal -0.947635 0.319356 0
    outer loop
      vertex 566.426 -35.1022 101.635
      vertex 566.325 -35.4019 113.998
      vertex 566.426 -35.1022 113.282
    endloop
  endfacet
  facet normal -0.0848228 -0.793167 0.603069
    outer loop
      vertex 569.171 -64.1213 110.588
      vertex 562.325 -64.5981 108.998
      vertex 569.257 -64.5981 109.973
    endloop
  endfacet
  facet normal 0.984157 -0.16256 0.0707831
    outer loop
      vertex 570.574 -66.8978 94.7182
      vertex 573.675 -40.5981 112.002
      vertex 573.574 -40.8978 112.718
    endloop
  endfacet
  facet normal 0.984163 -0.162535 0.0707448
    outer loop
      vertex 573.675 -40.5981 112.002
      vertex 570.574 -66.8978 94.7182
      vertex 570.675 -66.5981 94.0017
    endloop
  endfacet
  facet normal 0.990247 5.97951e-05 0.139321
    outer loop
      vertex 573.675 -40.5981 112.002
      vertex 573.104 -39.5 116.06
      vertex 573.257 -40.5981 114.973
    endloop
  endfacet
  facet normal 0.990245 -0 0.139337
    outer loop
      vertex 573.104 -39.5 116.06
      vertex 573.675 -35.4019 112.002
      vertex 573.104 -36.5 116.06
    endloop
  endfacet
  facet normal 0.990245 0 0.139337
    outer loop
      vertex 573.675 -35.4019 112.002
      vertex 573.104 -39.5 116.06
      vertex 573.675 -40.5981 112.002
    endloop
  endfacet
  facet normal 0.990763 0.00386717 0.135548
    outer loop
      vertex 573.257 -40.5981 114.973
      vertex 573.104 -39.5 116.06
      vertex 573.171 -40.1213 115.588
    endloop
  endfacet
  facet normal 0.989151 0 0.146904
    outer loop
      vertex 573.063 -37.2235 116.357
      vertex 573.048 -38 116.458
      vertex 573.063 -38.7765 116.357
    endloop
  endfacet
  facet normal -0.137004 -0.180096 0.974061
    outer loop
      vertex 566.131 -38.7765 115.382
      vertex 569.063 -62.7765 111.357
      vertex 573.063 -38.7765 116.357
    endloop
  endfacet
  facet normal -0.137004 -0.180096 0.974061
    outer loop
      vertex 569.063 -62.7765 111.357
      vertex 566.131 -38.7765 115.382
      vertex 562.131 -62.7765 110.382
    endloop
  endfacet
  facet normal 0.976991 -0.125969 -0.172109
    outer loop
      vertex 573.828 -39.5 90.9143
      vertex 570.869 -64.7765 92.6175
      vertex 573.869 -38.7765 90.6175
    endloop
  endfacet
  facet normal 0.976991 -0.125969 -0.172109
    outer loop
      vertex 570.869 -64.7765 92.6175
      vertex 573.828 -39.5 90.9143
      vertex 570.828 -65.5 92.9143
    endloop
  endfacet
  facet normal 0.477357 -0.122018 -0.870196
    outer loop
      vertex 573.869 -38.7765 90.6175
      vertex 570.883 -64 92.5163
      vertex 573.883 -38 90.5163
    endloop
  endfacet
  facet normal 0.477357 -0.122018 -0.870196
    outer loop
      vertex 570.883 -64 92.5163
      vertex 573.869 -38.7765 90.6175
      vertex 570.869 -64.7765 92.6175
    endloop
  endfacet
  facet normal 0.990268 -0.000732771 0.139173
    outer loop
      vertex 573.675 -40.5981 112.002
      vertex 573.358 -40.8978 114.256
      vertex 573.466 -41 113.487
    endloop
  endfacet
  facet normal 0.990247 0.000405926 0.139321
    outer loop
      vertex 573.675 -40.5981 112.002
      vertex 573.257 -40.5981 114.973
      vertex 573.358 -40.8978 114.256
    endloop
  endfacet
  facet normal -0.971162 -0.235289 -0.0385074
    outer loop
      vertex 563.325 -66.5981 95.9983
      vertex 562.426 -64.8978 108.282
      vertex 562.325 -64.5981 108.998
    endloop
  endfacet
  facet normal -0.971184 -0.235198 -0.0385215
    outer loop
      vertex 562.426 -64.8978 108.282
      vertex 563.325 -66.5981 95.9983
      vertex 563.426 -66.8978 95.2818
    endloop
  endfacet
  facet normal -0.0181615 -0.991448 0.12923
    outer loop
      vertex 563.426 -66.8978 95.2818
      vertex 570.466 -67 95.4871
      vertex 570.358 -66.8978 96.256
    endloop
  endfacet
  facet normal -0.0181615 -0.991448 0.12923
    outer loop
      vertex 570.466 -67 95.4871
      vertex 563.426 -66.8978 95.2818
      vertex 563.534 -67 94.5129
    endloop
  endfacet
  facet normal -0.993081 -0.100383 -0.0609454
    outer loop
      vertex 563.239 -66.1213 96.6136
      vertex 562.325 -64.5981 108.998
      vertex 562.239 -64.1213 109.614
    endloop
  endfacet
  facet normal -0.993071 -0.100488 -0.0609317
    outer loop
      vertex 562.325 -64.5981 108.998
      vertex 563.239 -66.1213 96.6136
      vertex 563.325 -66.5981 95.9983
    endloop
  endfacet
  facet normal -0.990593 0 -0.136841
    outer loop
      vertex 563.937 -64.7765 91.6433
      vertex 563.896 -62.5 91.9401
      vertex 563.937 -63.2235 91.6433
    endloop
  endfacet
  facet normal -0.990593 -0 -0.136841
    outer loop
      vertex 563.896 -62.5 91.9401
      vertex 563.937 -64.7765 91.6433
      vertex 563.896 -65.5 91.9401
    endloop
  endfacet
  facet normal -0.996933 0.00774391 -0.0778815
    outer loop
      vertex 563.131 -63.2235 97.3825
      vertex 562.117 -62 110.484
      vertex 562.131 -61.2235 110.382
    endloop
  endfacet
  facet normal -0.996931 0.00782317 -0.0778888
    outer loop
      vertex 562.117 -62 110.484
      vertex 563.131 -63.2235 97.3825
      vertex 563.117 -64 97.4837
    endloop
  endfacet
  facet normal -0.997003 -0.0268088 -0.0725709
    outer loop
      vertex 563.131 -64.7765 97.3825
      vertex 562.172 -63.5 110.086
      vertex 562.131 -62.7765 110.382
    endloop
  endfacet
  facet normal -0.997005 -0.0267251 -0.0725794
    outer loop
      vertex 562.172 -63.5 110.086
      vertex 563.131 -64.7765 97.3825
      vertex 563.172 -65.5 97.0857
    endloop
  endfacet
  facet normal -0.990586 0 -0.13689
    outer loop
      vertex 563.172 -65.5 97.0857
      vertex 563.117 -64 97.4837
      vertex 563.172 -62.5 97.0857
    endloop
  endfacet
  facet normal 0.998398 0.0565782 0
    outer loop
      vertex 573.869 -37.2235 110.618
      vertex 573.828 -36.5 90.9143
      vertex 573.828 -36.5 110.914
    endloop
  endfacet
  facet normal 0.998398 0.0565782 0
    outer loop
      vertex 573.828 -36.5 90.9143
      vertex 573.869 -37.2235 110.618
      vertex 573.869 -37.2235 90.6175
    endloop
  endfacet
  facet normal 0.110402 0.608834 -0.785578
    outer loop
      vertex 566.896 -36.5 89.9401
      vertex 566.829 -35.8787 90.4122
      vertex 573.828 -36.5 90.9143
    endloop
  endfacet
  facet normal 0.110402 0.608834 -0.785578
    outer loop
      vertex 573.828 -36.5 90.9143
      vertex 566.829 -35.8787 90.4122
      vertex 573.761 -35.8787 91.3864
    endloop
  endfacet
  facet normal -0.110389 -0.608754 0.785642
    outer loop
      vertex 569.104 -63.5 111.06
      vertex 562.172 -63.5 110.086
      vertex 569.171 -64.1213 110.588
    endloop
  endfacet
  facet normal -0.110389 -0.608754 0.785642
    outer loop
      vertex 569.171 -64.1213 110.588
      vertex 562.172 -63.5 110.086
      vertex 562.239 -64.1213 109.614
    endloop
  endfacet
  facet normal 0.998398 -0.0565782 0
    outer loop
      vertex 573.828 -39.5 90.9143
      vertex 573.869 -38.7765 110.618
      vertex 573.828 -39.5 110.914
    endloop
  endfacet
  facet normal 0.998398 -0.0565782 0
    outer loop
      vertex 573.869 -38.7765 110.618
      vertex 573.828 -39.5 90.9143
      vertex 573.869 -38.7765 90.6175
    endloop
  endfacet
  facet normal 0.990083 -0.136688 0.0324256
    outer loop
      vertex 573.675 -40.5981 112.002
      vertex 570.761 -66.1213 93.3864
      vertex 573.761 -40.1213 111.386
    endloop
  endfacet
  facet normal 0.99008 -0.136705 0.032449
    outer loop
      vertex 570.761 -66.1213 93.3864
      vertex 573.675 -40.5981 112.002
      vertex 570.675 -66.5981 94.0017
    endloop
  endfacet
  facet normal -0.381569 -0.127145 0.915554
    outer loop
      vertex 562.117 -62 110.484
      vertex 566.131 -38.7765 115.382
      vertex 566.117 -38 115.484
    endloop
  endfacet
  facet normal -0.381569 -0.127145 0.915554
    outer loop
      vertex 566.131 -38.7765 115.382
      vertex 562.117 -62 110.484
      vertex 562.131 -62.7765 110.382
    endloop
  endfacet
  facet normal -0.986698 0.104255 -0.124735
    outer loop
      vertex 563.534 -61 94.5129
      vertex 566.426 -35.1022 93.2818
      vertex 566.534 -35 92.5129
    endloop
  endfacet
  facet normal -0.986698 0.104255 -0.124735
    outer loop
      vertex 566.426 -35.1022 93.2818
      vertex 563.534 -61 94.5129
      vertex 563.426 -61.1022 95.2818
    endloop
  endfacet
  facet normal 0.990833 -0.00427324 0.135023
    outer loop
      vertex 573.828 -39.5 110.914
      vertex 573.675 -40.5981 112.002
      vertex 573.761 -40.1213 111.386
    endloop
  endfacet
  facet normal 0.98412 0.177505 0
    outer loop
      vertex 573.761 -35.8787 111.386
      vertex 573.675 -35.4019 94.0613
      vertex 573.675 -35.4019 112.002
    endloop
  endfacet
  facet normal 0.98412 0.177505 -0
    outer loop
      vertex 573.761 -35.8787 91.3864
      vertex 573.675 -35.4019 94.0613
      vertex 573.761 -35.8787 111.386
    endloop
  endfacet
  facet normal 0.9843 0.176505 0.000183995
    outer loop
      vertex 573.675 -35.4019 94.0613
      vertex 573.761 -35.8787 91.3864
      vertex 573.693 -35.5 91.8751
    endloop
  endfacet
  facet normal 0.967384 -0.194932 0.161768
    outer loop
      vertex 569.358 -64.8978 109.256
      vertex 573.466 -41 113.487
      vertex 573.358 -40.8978 114.256
    endloop
  endfacet
  facet normal 0.967384 -0.194932 0.161768
    outer loop
      vertex 573.466 -41 113.487
      vertex 569.358 -64.8978 109.256
      vertex 569.466 -65 108.487
    endloop
  endfacet
  facet normal -0.990309 -0.00174424 -0.138867
    outer loop
      vertex 563.426 -66.8978 95.2818
      vertex 563.325 -66.5981 95.9983
      vertex 563.534 -67 94.5129
    endloop
  endfacet
  facet normal -0.990779 0.0039363 -0.13543
    outer loop
      vertex 563.325 -61.4019 95.9983
      vertex 563.172 -62.5 97.0857
      vertex 563.239 -61.8787 96.6136
    endloop
  endfacet
  facet normal -0.990246 2.42839e-07 -0.13933
    outer loop
      vertex 563.896 -62.5 91.9401
      vertex 563.325 -61.4019 95.9983
      vertex 563.743 -61.4019 93.0275
    endloop
  endfacet
  facet normal -0.990246 -0.000615936 -0.13933
    outer loop
      vertex 563.743 -61.4019 93.0275
      vertex 563.325 -61.4019 95.9983
      vertex 563.642 -61.1022 93.744
    endloop
  endfacet
  facet normal -0.837207 0.054744 -0.544139
    outer loop
      vertex 566.952 -38 89.5421
      vertex 563.937 -63.2235 91.6433
      vertex 566.937 -37.2235 89.6433
    endloop
  endfacet
  facet normal -0.837207 0.054744 -0.544139
    outer loop
      vertex 563.937 -63.2235 91.6433
      vertex 566.952 -38 89.5421
      vertex 563.952 -64 91.5421
    endloop
  endfacet
  facet normal -0.989193 0 -0.14662
    outer loop
      vertex 563.952 -64 91.5421
      vertex 563.937 -64.7765 91.6433
      vertex 563.937 -63.2235 91.6433
    endloop
  endfacet
  facet normal -0.989925 0.107097 -0.0926266
    outer loop
      vertex 563.325 -61.4019 95.9983
      vertex 562.325 -59.4019 108.998
      vertex 566.325 -35.4019 93.9983
    endloop
  endfacet
  facet normal 0.999838 0.0180267 0
    outer loop
      vertex 573.883 -38 110.516
      vertex 573.869 -37.2235 90.6175
      vertex 573.869 -37.2235 110.618
    endloop
  endfacet
  facet normal 0.999838 0.0180267 0
    outer loop
      vertex 573.869 -37.2235 90.6175
      vertex 573.883 -38 110.516
      vertex 573.883 -38 90.5163
    endloop
  endfacet
  facet normal 0.994236 -0.107217 0
    outer loop
      vertex 573.761 -40.1213 91.3864
      vertex 573.828 -39.5 110.914
      vertex 573.761 -40.1213 111.386
    endloop
  endfacet
  facet normal 0.994236 -0.107217 0
    outer loop
      vertex 573.828 -39.5 110.914
      vertex 573.761 -40.1213 91.3864
      vertex 573.828 -39.5 90.9143
    endloop
  endfacet
  facet normal -0.138092 0.130371 0.981801
    outer loop
      vertex 566.131 -37.2235 115.382
      vertex 573.048 -38 116.458
      vertex 573.063 -37.2235 116.357
    endloop
  endfacet
  facet normal -0.137953 0.131439 0.981678
    outer loop
      vertex 573.048 -38 116.458
      vertex 566.131 -37.2235 115.382
      vertex 566.117 -38 115.484
    endloop
  endfacet
  facet normal -0.128733 0.381748 0.915258
    outer loop
      vertex 566.172 -36.5 115.086
      vertex 566.131 -37.2235 115.382
      vertex 573.063 -37.2235 116.357
    endloop
  endfacet
  facet normal 0.648505 -0.257333 0.716394
    outer loop
      vertex 569.063 -62.7765 111.357
      vertex 573.104 -39.5 116.06
      vertex 573.063 -38.7765 116.357
    endloop
  endfacet
  facet normal 0.648505 -0.257333 0.716394
    outer loop
      vertex 573.104 -39.5 116.06
      vertex 569.063 -62.7765 111.357
      vertex 569.104 -63.5 111.06
    endloop
  endfacet
  facet normal -0.0532753 0.923795 0.379163
    outer loop
      vertex 566.426 -35.1022 113.282
      vertex 566.325 -35.4019 113.998
      vertex 573.358 -35.1022 114.256
    endloop
  endfacet
  facet normal 0.994236 0.107217 0
    outer loop
      vertex 573.828 -36.5 110.914
      vertex 573.761 -35.8787 91.3864
      vertex 573.761 -35.8787 111.386
    endloop
  endfacet
  facet normal 0.994236 0.107217 0
    outer loop
      vertex 573.761 -35.8787 91.3864
      vertex 573.828 -36.5 110.914
      vertex 573.828 -36.5 90.9143
    endloop
  endfacet
  facet normal -0.983262 0.101832 -0.15108
    outer loop
      vertex 566.602 -35.0646 92.0268
      vertex 563.534 -61 94.5129
      vertex 566.534 -35 92.5129
    endloop
  endfacet
  facet normal -0.983051 0.101665 -0.152562
    outer loop
      vertex 566.642 -35.1022 91.744
      vertex 563.534 -61 94.5129
      vertex 566.602 -35.0646 92.0268
    endloop
  endfacet
  facet normal -0.983184 0.101781 -0.151627
    outer loop
      vertex 563.534 -61 94.5129
      vertex 566.642 -35.1022 91.744
      vertex 563.642 -61.1022 93.744
    endloop
  endfacet
  facet normal -0.972988 0.0961373 -0.209884
    outer loop
      vertex 563.743 -61.4019 93.0275
      vertex 566.761 -35.5 90.9009
      vertex 566.829 -35.8787 90.4122
    endloop
  endfacet
  facet normal -0.973464 0.0963561 -0.207566
    outer loop
      vertex 566.758 -35.4871 90.9176
      vertex 563.743 -61.4019 93.0275
      vertex 566.743 -35.4019 91.0275
    endloop
  endfacet
  facet normal -0.965181 0.0923663 -0.244735
    outer loop
      vertex 566.761 -35.5 90.9009
      vertex 563.743 -61.4019 93.0275
      vertex 566.758 -35.4871 90.9176
    endloop
  endfacet
  facet normal -0.972879 0.0960689 -0.210423
    outer loop
      vertex 563.743 -61.4019 93.0275
      vertex 566.829 -35.8787 90.4122
      vertex 563.829 -61.8787 92.4122
    endloop
  endfacet
  facet normal -0.995547 0.0440234 -0.0833508
    outer loop
      vertex 563.172 -62.5 97.0857
      vertex 562.239 -59.8787 109.614
      vertex 563.239 -61.8787 96.6136
    endloop
  endfacet
  facet normal -0.995547 0.044035 -0.0833532
    outer loop
      vertex 562.239 -59.8787 109.614
      vertex 563.172 -62.5 97.0857
      vertex 562.172 -60.5 110.086
    endloop
  endfacet
  facet normal 0.990463 0.000241194 0.137782
    outer loop
      vertex 573.883 -38 110.516
      vertex 573.828 -39.5 110.914
      vertex 573.869 -38.7765 110.618
    endloop
  endfacet
  facet normal -0.976588 0.12652 0.173976
    outer loop
      vertex 562.172 -60.5 110.086
      vertex 566.131 -37.2235 115.382
      vertex 566.172 -36.5 115.086
    endloop
  endfacet
  facet normal -0.976588 0.12652 0.173976
    outer loop
      vertex 566.131 -37.2235 115.382
      vertex 562.172 -60.5 110.086
      vertex 562.131 -61.2235 110.382
    endloop
  endfacet
  facet normal 0.990247 -0.000405926 0.139321
    outer loop
      vertex 573.358 -35.1022 114.256
      vertex 573.257 -35.4019 114.973
      vertex 573.675 -35.4019 112.002
    endloop
  endfacet
  facet normal -0.0532667 0.92398 0.378713
    outer loop
      vertex 573.358 -35.1022 114.256
      vertex 566.325 -35.4019 113.998
      vertex 573.257 -35.4019 114.973
    endloop
  endfacet
  facet normal 0 1 -0
    outer loop
      vertex 573.466 -35 103.987
      vertex 566.534 -35 112.513
      vertex 573.466 -35 113.487
    endloop
  endfacet
  facet normal 0 1 0
    outer loop
      vertex 566.534 -35 112.513
      vertex 573.466 -35 103.987
      vertex 566.534 -35 103.013
    endloop
  endfacet
  facet normal -0.997116 -0.00806548 -0.0754587
    outer loop
      vertex 563.117 -64 97.4837
      vertex 562.131 -62.7765 110.382
      vertex 562.117 -62 110.484
    endloop
  endfacet
  facet normal -0.997116 -0.00814419 -0.0754512
    outer loop
      vertex 562.131 -62.7765 110.382
      vertex 563.117 -64 97.4837
      vertex 563.131 -64.7765 97.3825
    endloop
  endfacet
  facet normal 0.990833 -0.00427324 0.135023
    outer loop
      vertex 573.828 36.5 110.914
      vertex 573.675 35.4019 112.002
      vertex 573.761 35.8787 111.386
    endloop
  endfacet
  facet normal 0.999838 0.0180267 0
    outer loop
      vertex 573.883 38 110.516
      vertex 573.869 38.7765 90.6175
      vertex 573.869 38.7765 110.618
    endloop
  endfacet
  facet normal 0.999838 0.0180267 0
    outer loop
      vertex 573.869 38.7765 90.6175
      vertex 573.883 38 110.516
      vertex 573.883 38 90.5163
    endloop
  endfacet
  facet normal 0.990833 0.00427324 0.135023
    outer loop
      vertex 573.761 40.1213 111.386
      vertex 573.675 40.5981 112.002
      vertex 573.828 39.5 110.914
    endloop
  endfacet
  facet normal -0.990246 0.000615936 -0.13933
    outer loop
      vertex 563.642 61.1022 93.744
      vertex 563.325 61.4019 95.9983
      vertex 563.743 61.4019 93.0275
    endloop
  endfacet
  facet normal 0.998398 -0.0565782 0
    outer loop
      vertex 573.828 36.5 90.9143
      vertex 573.869 37.2235 110.618
      vertex 573.828 36.5 110.914
    endloop
  endfacet
  facet normal 0.998398 -0.0565782 0
    outer loop
      vertex 573.869 37.2235 110.618
      vertex 573.828 36.5 90.9143
      vertex 573.869 37.2235 90.6175
    endloop
  endfacet
  facet normal -0.0846526 0.793635 0.602476
    outer loop
      vertex 562.325 64.5981 108.998
      vertex 562.239 64.1213 109.614
      vertex 569.171 64.1213 110.588
    endloop
  endfacet
  facet normal -0.381569 0.127145 0.915554
    outer loop
      vertex 562.117 62 110.484
      vertex 566.131 38.7765 115.382
      vertex 562.131 62.7765 110.382
    endloop
  endfacet
  facet normal -0.381569 0.127145 0.915554
    outer loop
      vertex 566.131 38.7765 115.382
      vertex 562.117 62 110.484
      vertex 566.117 38 115.484
    endloop
  endfacet
  facet normal -0.939673 -0.0828949 -0.331877
    outer loop
      vertex 566.937 37.2235 89.6433
      vertex 563.896 62.5 91.9401
      vertex 563.937 63.2235 91.6433
    endloop
  endfacet
  facet normal -0.939673 -0.0828949 -0.331877
    outer loop
      vertex 563.896 62.5 91.9401
      vertex 566.937 37.2235 89.6433
      vertex 566.896 36.5 89.9401
    endloop
  endfacet
  facet normal -0.98657 -0.151938 0.0599549
    outer loop
      vertex 562.239 59.8787 109.614
      vertex 566.172 36.5 115.086
      vertex 562.172 60.5 110.086
    endloop
  endfacet
  facet normal -0.98657 -0.151938 0.0599549
    outer loop
      vertex 566.172 36.5 115.086
      vertex 562.239 59.8787 109.614
      vertex 566.239 35.8787 114.614
    endloop
  endfacet
  facet normal 0.990245 -0 0.139337
    outer loop
      vertex 573.104 36.5 116.06
      vertex 573.675 40.5981 112.002
      vertex 573.104 39.5 116.06
    endloop
  endfacet
  facet normal 0.990245 0 0.139337
    outer loop
      vertex 573.675 40.5981 112.002
      vertex 573.104 36.5 116.06
      vertex 573.675 35.4019 112.002
    endloop
  endfacet
  facet normal 0.989151 0 0.146904
    outer loop
      vertex 573.063 38.7765 116.357
      vertex 573.048 38 116.458
      vertex 573.063 37.2235 116.357
    endloop
  endfacet
  facet normal 0.929481 0.217049 0.298251
    outer loop
      vertex 569.171 64.1213 110.588
      vertex 573.257 40.5981 114.973
      vertex 569.257 64.5981 109.973
    endloop
  endfacet
  facet normal 0.929481 0.217049 0.298251
    outer loop
      vertex 573.257 40.5981 114.973
      vertex 569.171 64.1213 110.588
      vertex 573.171 40.1213 115.588
    endloop
  endfacet
  facet normal 0.990463 -0.000241194 0.137782
    outer loop
      vertex 573.869 38.7765 110.618
      vertex 573.828 39.5 110.914
      vertex 573.883 38 110.516
    endloop
  endfacet
  facet normal 0.990586 0 0.13689
    outer loop
      vertex 573.828 39.5 110.914
      vertex 573.828 36.5 110.914
      vertex 573.883 38 110.516
    endloop
  endfacet
  facet normal 0 -1 0
    outer loop
      vertex 566.534 35 112.513
      vertex 573.466 35 103.987
      vertex 573.466 35 113.487
    endloop
  endfacet
  facet normal -0 -1 0
    outer loop
      vertex 573.466 35 103.987
      vertex 566.534 35 112.513
      vertex 566.534 35 103.013
    endloop
  endfacet
  facet normal 0.99008 0.136705 0.032449
    outer loop
      vertex 573.675 40.5981 112.002
      vertex 570.761 66.1213 93.3864
      vertex 570.675 66.5981 94.0017
    endloop
  endfacet
  facet normal 0.990083 0.136688 0.0324256
    outer loop
      vertex 570.761 66.1213 93.3864
      vertex 573.675 40.5981 112.002
      vertex 573.761 40.1213 111.386
    endloop
  endfacet
  facet normal -0.110389 -0.608754 0.785642
    outer loop
      vertex 573.104 36.5 116.06
      vertex 566.172 36.5 115.086
      vertex 573.171 35.8787 115.588
    endloop
  endfacet
  facet normal -0.995547 -0.0440234 -0.0833508
    outer loop
      vertex 562.239 59.8787 109.614
      vertex 563.172 62.5 97.0857
      vertex 563.239 61.8787 96.6136
    endloop
  endfacet
  facet normal -0.995547 -0.044035 -0.0833532
    outer loop
      vertex 563.172 62.5 97.0857
      vertex 562.239 59.8787 109.614
      vertex 562.172 60.5 110.086
    endloop
  endfacet
  facet normal 0.0181615 0.991448 -0.12923
    outer loop
      vertex 570.574 66.8978 94.7182
      vertex 563.534 67 94.5129
      vertex 570.466 67 95.4871
    endloop
  endfacet
  facet normal 0.0181615 0.991448 -0.12923
    outer loop
      vertex 563.534 67 94.5129
      vertex 570.574 66.8978 94.7182
      vertex 563.642 66.8978 93.744
    endloop
  endfacet
  facet normal 0.990463 0.000241194 0.137782
    outer loop
      vertex 573.883 38 110.516
      vertex 573.828 36.5 110.914
      vertex 573.869 37.2235 110.618
    endloop
  endfacet
  facet normal 0.137999 0.130445 -0.981805
    outer loop
      vertex 563.952 64 91.5421
      vertex 570.869 64.7765 92.6175
      vertex 570.883 64 92.5163
    endloop
  endfacet
  facet normal 0.137977 0.13062 -0.981785
    outer loop
      vertex 570.869 64.7765 92.6175
      vertex 563.952 64 91.5421
      vertex 563.937 64.7765 91.6433
    endloop
  endfacet
  facet normal -0.0532667 0.92398 0.378713
    outer loop
      vertex 569.358 64.8978 109.256
      vertex 562.325 64.5981 108.998
      vertex 569.257 64.5981 109.973
    endloop
  endfacet
  facet normal -0.990779 -0.0039363 -0.13543
    outer loop
      vertex 563.896 65.5 91.9401
      vertex 563.743 66.5981 93.0275
      vertex 563.829 66.1213 92.4122
    endloop
  endfacet
  facet normal 0.967384 0.194932 0.161768
    outer loop
      vertex 569.358 64.8978 109.256
      vertex 573.466 41 113.487
      vertex 569.466 65 108.487
    endloop
  endfacet
  facet normal 0.967384 0.194932 0.161768
    outer loop
      vertex 573.466 41 113.487
      vertex 569.358 64.8978 109.256
      vertex 573.358 40.8978 114.256
    endloop
  endfacet
  facet normal -0.990246 2.42839e-07 -0.13933
    outer loop
      vertex 563.896 65.5 91.9401
      vertex 563.325 66.5981 95.9983
      vertex 563.743 66.5981 93.0275
    endloop
  endfacet
  facet normal 0.990247 -0.000405926 0.139321
    outer loop
      vertex 573.358 40.8978 114.256
      vertex 573.257 40.5981 114.973
      vertex 573.675 40.5981 112.002
    endloop
  endfacet
  facet normal -0.0532753 0.923795 0.379163
    outer loop
      vertex 562.426 64.8978 108.282
      vertex 562.325 64.5981 108.998
      vertex 569.358 64.8978 109.256
    endloop
  endfacet
  facet normal -0.128733 0.381748 0.915258
    outer loop
      vertex 562.172 63.5 110.086
      vertex 562.131 62.7765 110.382
      vertex 569.063 62.7765 111.357
    endloop
  endfacet
  facet normal -0.138092 0.130371 0.981801
    outer loop
      vertex 566.131 38.7765 115.382
      vertex 573.048 38 116.458
      vertex 573.063 38.7765 116.357
    endloop
  endfacet
  facet normal -0.137953 0.131439 0.981678
    outer loop
      vertex 573.048 38 116.458
      vertex 566.131 38.7765 115.382
      vertex 566.117 38 115.484
    endloop
  endfacet
  facet normal -0.138092 -0.130371 0.981801
    outer loop
      vertex 573.048 38 116.458
      vertex 566.131 37.2235 115.382
      vertex 573.063 37.2235 116.357
    endloop
  endfacet
  facet normal -0.137953 -0.131439 0.981678
    outer loop
      vertex 566.131 37.2235 115.382
      vertex 573.048 38 116.458
      vertex 566.117 38 115.484
    endloop
  endfacet
  facet normal -0.137004 0.180096 0.974061
    outer loop
      vertex 569.063 62.7765 111.357
      vertex 566.131 38.7765 115.382
      vertex 573.063 38.7765 116.357
    endloop
  endfacet
  facet normal -0.137004 0.180096 0.974061
    outer loop
      vertex 566.131 38.7765 115.382
      vertex 569.063 62.7765 111.357
      vertex 562.131 62.7765 110.382
    endloop
  endfacet
  facet normal 0.947635 -0.319356 0
    outer loop
      vertex 573.574 35.1022 101.072
      vertex 573.675 35.4019 112.002
      vertex 573.574 35.1022 112.718
    endloop
  endfacet
  facet normal 0.947635 -0.319356 0
    outer loop
      vertex 573.675 35.4019 112.002
      vertex 573.574 35.1022 101.072
      vertex 573.675 35.4019 94.0613
    endloop
  endfacet
  facet normal -0.990309 -0.00174424 -0.138867
    outer loop
      vertex 563.426 61.1022 95.2818
      vertex 563.325 61.4019 95.9983
      vertex 563.534 61 94.5129
    endloop
  endfacet
  facet normal 0.477357 0.122018 -0.870196
    outer loop
      vertex 570.883 64 92.5163
      vertex 573.869 38.7765 90.6175
      vertex 573.883 38 90.5163
    endloop
  endfacet
  facet normal 0.477357 0.122018 -0.870196
    outer loop
      vertex 573.869 38.7765 90.6175
      vertex 570.883 64 92.5163
      vertex 570.869 64.7765 92.6175
    endloop
  endfacet
  facet normal 0.976991 0.125969 -0.172109
    outer loop
      vertex 573.828 39.5 90.9143
      vertex 570.869 64.7765 92.6175
      vertex 570.828 65.5 92.9143
    endloop
  endfacet
  facet normal 0.976991 0.125969 -0.172109
    outer loop
      vertex 570.869 64.7765 92.6175
      vertex 573.828 39.5 90.9143
      vertex 573.869 38.7765 90.6175
    endloop
  endfacet
  facet normal 0.110402 -0.608834 -0.785578
    outer loop
      vertex 573.761 35.8787 91.3864
      vertex 566.829 35.8787 90.4122
      vertex 573.828 36.5 90.9143
    endloop
  endfacet
  facet normal -0.990246 0 -0.13933
    outer loop
      vertex 563.896 62.5 91.9401
      vertex 563.325 66.5981 95.9983
      vertex 563.896 65.5 91.9401
    endloop
  endfacet
  facet normal -0.990246 -0 -0.13933
    outer loop
      vertex 563.325 66.5981 95.9983
      vertex 563.896 62.5 91.9401
      vertex 563.325 61.4019 95.9983
    endloop
  endfacet
  facet normal -0.947635 -0.319356 0
    outer loop
      vertex 566.426 35.1022 101.635
      vertex 566.325 35.4019 113.998
      vertex 566.325 35.4019 96.0579
    endloop
  endfacet
  facet normal -0.947635 -0.319356 0
    outer loop
      vertex 566.325 35.4019 113.998
      vertex 566.426 35.1022 101.635
      vertex 566.426 35.1022 113.282
    endloop
  endfacet
  facet normal -0.110389 -0.608754 0.785642
    outer loop
      vertex 573.171 35.8787 115.588
      vertex 566.172 36.5 115.086
      vertex 566.239 35.8787 114.614
    endloop
  endfacet
  facet normal 0.993409 0.114624 -0
    outer loop
      vertex 573.761 40.1213 91.3864
      vertex 570.761 66.1213 93.3864
      vertex 573.761 40.1213 111.386
    endloop
  endfacet
  facet normal 0.993253 0.11545 -0.0109751
    outer loop
      vertex 573.761 40.1213 91.3864
      vertex 570.828 65.5 92.9143
      vertex 570.761 66.1213 93.3864
    endloop
  endfacet
  facet normal 0.993253 0.11545 -0.0109751
    outer loop
      vertex 570.828 65.5 92.9143
      vertex 573.761 40.1213 91.3864
      vertex 573.828 39.5 90.9143
    endloop
  endfacet
  facet normal -0.990246 0 -0.13933
    outer loop
      vertex 563.325 66.5981 95.9983
      vertex 563.172 62.5 97.0857
      vertex 563.172 65.5 97.0857
    endloop
  endfacet
  facet normal -0.990246 0 -0.13933
    outer loop
      vertex 563.172 62.5 97.0857
      vertex 563.325 66.5981 95.9983
      vertex 563.325 61.4019 95.9983
    endloop
  endfacet
  facet normal 0.1386 0.0918447 -0.98608
    outer loop
      vertex 566.952 38 89.5421
      vertex 570.883 64 92.5163
      vertex 573.883 38 90.5163
    endloop
  endfacet
  facet normal 0.1386 0.0918447 -0.98608
    outer loop
      vertex 570.883 64 92.5163
      vertex 566.952 38 89.5421
      vertex 563.952 64 91.5421
    endloop
  endfacet
  facet normal -0.990606 3.77981e-05 -0.13675
    outer loop
      vertex 563.172 65.5 97.0857
      vertex 563.117 64 97.4837
      vertex 563.131 64.7765 97.3825
    endloop
  endfacet
  facet normal 0.0532549 0.923888 -0.37894
    outer loop
      vertex 570.675 66.5981 94.0017
      vertex 563.642 66.8978 93.744
      vertex 570.574 66.8978 94.7182
    endloop
  endfacet
  facet normal 0.0532549 0.923888 -0.37894
    outer loop
      vertex 563.743 66.5981 93.0275
      vertex 563.642 66.8978 93.744
      vertex 570.675 66.5981 94.0017
    endloop
  endfacet
  facet normal 0.98412 -0.177505 0
    outer loop
      vertex 573.675 35.4019 94.0613
      vertex 573.761 35.8787 91.3864
      vertex 573.761 35.8787 111.386
    endloop
  endfacet
  facet normal 0.98412 -0.177505 0
    outer loop
      vertex 573.675 35.4019 94.0613
      vertex 573.761 35.8787 111.386
      vertex 573.675 35.4019 112.002
    endloop
  endfacet
  facet normal 0.9843 -0.176505 0.000183995
    outer loop
      vertex 573.761 35.8787 91.3864
      vertex 573.675 35.4019 94.0613
      vertex 573.693 35.5 91.8751
    endloop
  endfacet
  facet normal 0.870065 0.235256 0.433175
    outer loop
      vertex 569.104 63.5 111.06
      vertex 573.171 40.1213 115.588
      vertex 569.171 64.1213 110.588
    endloop
  endfacet
  facet normal 0.870065 0.235256 0.433175
    outer loop
      vertex 573.171 40.1213 115.588
      vertex 569.104 63.5 111.06
      vertex 573.104 39.5 116.06
    endloop
  endfacet
  facet normal 0.990247 -5.97951e-05 0.139321
    outer loop
      vertex 573.257 40.5981 114.973
      vertex 573.104 39.5 116.06
      vertex 573.675 40.5981 112.002
    endloop
  endfacet
  facet normal 0.990268 -0.000732771 0.139173
    outer loop
      vertex 573.675 35.4019 112.002
      vertex 573.358 35.1022 114.256
      vertex 573.466 35 113.487
    endloop
  endfacet
  facet normal -0.0848228 -0.793167 0.603069
    outer loop
      vertex 573.171 35.8787 115.588
      vertex 566.325 35.4019 113.998
      vertex 573.257 35.4019 114.973
    endloop
  endfacet
  facet normal 0.990606 -0 0.13675
    outer loop
      vertex 573.063 37.2235 116.357
      vertex 573.104 39.5 116.06
      vertex 573.063 38.7765 116.357
    endloop
  endfacet
  facet normal 0.990606 0 0.13675
    outer loop
      vertex 573.104 39.5 116.06
      vertex 573.063 37.2235 116.357
      vertex 573.104 36.5 116.06
    endloop
  endfacet
  facet normal -0.983184 -0.101781 -0.151627
    outer loop
      vertex 566.642 35.1022 91.744
      vertex 563.534 61 94.5129
      vertex 563.642 61.1022 93.744
    endloop
  endfacet
  facet normal -0.983051 -0.101665 -0.152562
    outer loop
      vertex 566.602 35.0646 92.0268
      vertex 563.534 61 94.5129
      vertex 566.642 35.1022 91.744
    endloop
  endfacet
  facet normal -0.983262 -0.101832 -0.15108
    outer loop
      vertex 563.534 61 94.5129
      vertex 566.602 35.0646 92.0268
      vertex 566.534 35 92.5129
    endloop
  endfacet
  facet normal -0.990268 -0.000595026 -0.139173
    outer loop
      vertex 563.534 61 94.5129
      vertex 563.325 61.4019 95.9983
      vertex 563.642 61.1022 93.744
    endloop
  endfacet
  facet normal -0.986698 -0.104255 -0.124735
    outer loop
      vertex 563.534 61 94.5129
      vertex 566.426 35.1022 93.2818
      vertex 563.426 61.1022 95.2818
    endloop
  endfacet
  facet normal -0.986698 -0.104255 -0.124735
    outer loop
      vertex 566.426 35.1022 93.2818
      vertex 563.534 61 94.5129
      vertex 566.534 35 92.5129
    endloop
  endfacet
  facet normal -0.990779 0.0039363 -0.13543
    outer loop
      vertex 563.829 61.8787 92.4122
      vertex 563.743 61.4019 93.0275
      vertex 563.896 62.5 91.9401
    endloop
  endfacet
  facet normal -0.0532667 -0.92398 0.378713
    outer loop
      vertex 573.257 35.4019 114.973
      vertex 566.325 35.4019 113.998
      vertex 573.358 35.1022 114.256
    endloop
  endfacet
  facet normal -0.989925 -0.107097 -0.0926266
    outer loop
      vertex 566.325 35.4019 93.9983
      vertex 562.325 59.4019 108.998
      vertex 563.325 61.4019 95.9983
    endloop
  endfacet
  facet normal -0.997116 0.00814419 -0.0754512
    outer loop
      vertex 563.117 64 97.4837
      vertex 562.131 62.7765 110.382
      vertex 563.131 64.7765 97.3825
    endloop
  endfacet
  facet normal -0.997116 0.00806548 -0.0754587
    outer loop
      vertex 562.131 62.7765 110.382
      vertex 563.117 64 97.4837
      vertex 562.117 62 110.484
    endloop
  endfacet
  facet normal -0.976588 -0.12652 0.173976
    outer loop
      vertex 562.172 60.5 110.086
      vertex 566.131 37.2235 115.382
      vertex 562.131 61.2235 110.382
    endloop
  endfacet
  facet normal -0.976588 -0.12652 0.173976
    outer loop
      vertex 566.131 37.2235 115.382
      vertex 562.172 60.5 110.086
      vertex 566.172 36.5 115.086
    endloop
  endfacet
  facet normal 0.994236 0.107217 0
    outer loop
      vertex 573.828 39.5 110.914
      vertex 573.761 40.1213 91.3864
      vertex 573.761 40.1213 111.386
    endloop
  endfacet
  facet normal 0.994236 0.107217 0
    outer loop
      vertex 573.761 40.1213 91.3864
      vertex 573.828 39.5 110.914
      vertex 573.828 39.5 90.9143
    endloop
  endfacet
  facet normal 0.110402 0.608834 -0.785578
    outer loop
      vertex 570.828 65.5 92.9143
      vertex 563.829 66.1213 92.4122
      vertex 570.761 66.1213 93.3864
    endloop
  endfacet
  facet normal 0.110402 -0.608834 -0.785578
    outer loop
      vertex 573.828 36.5 90.9143
      vertex 566.829 35.8787 90.4122
      vertex 566.896 36.5 89.9401
    endloop
  endfacet
  facet normal 0.984157 0.16256 0.0707831
    outer loop
      vertex 573.675 40.5981 112.002
      vertex 570.574 66.8978 94.7182
      vertex 573.574 40.8978 112.718
    endloop
  endfacet
  facet normal 0.984163 0.162535 0.0707448
    outer loop
      vertex 570.574 66.8978 94.7182
      vertex 573.675 40.5981 112.002
      vertex 570.675 66.5981 94.0017
    endloop
  endfacet
  facet normal 0.308735 0.936232 0.167785
    outer loop
      vertex 569.466 65 108.487
      vertex 570.358 66.8978 96.256
      vertex 569.358 64.8978 109.256
    endloop
  endfacet
  facet normal 0.308444 0.936329 0.167778
    outer loop
      vertex 570.358 66.8978 96.256
      vertex 569.466 65 108.487
      vertex 570.466 67 95.4871
    endloop
  endfacet
  facet normal -0.990309 0.00174424 -0.138867
    outer loop
      vertex 563.534 67 94.5129
      vertex 563.325 66.5981 95.9983
      vertex 563.426 66.8978 95.2818
    endloop
  endfacet
  facet normal 0.97065 0.215012 0.107745
    outer loop
      vertex 569.574 64.8978 107.718
      vertex 570.466 67 95.4871
      vertex 569.466 65 108.487
    endloop
  endfacet
  facet normal 0.970639 0.215056 0.107752
    outer loop
      vertex 570.466 67 95.4871
      vertex 569.574 64.8978 107.718
      vertex 570.574 66.8978 94.7182
    endloop
  endfacet
  facet normal 0.990268 0.000732771 0.139173
    outer loop
      vertex 573.466 41 113.487
      vertex 573.358 40.8978 114.256
      vertex 573.675 40.5981 112.002
    endloop
  endfacet
  facet normal 0.12858 -0.382612 -0.914918
    outer loop
      vertex 573.828 36.5 90.9143
      vertex 566.937 37.2235 89.6433
      vertex 573.869 37.2235 90.6175
    endloop
  endfacet
  facet normal 0.990763 -0.00386717 0.135548
    outer loop
      vertex 573.171 40.1213 115.588
      vertex 573.104 39.5 116.06
      vertex 573.257 40.5981 114.973
    endloop
  endfacet
  facet normal 0.648505 0.257333 0.716394
    outer loop
      vertex 569.063 62.7765 111.357
      vertex 573.104 39.5 116.06
      vertex 569.104 63.5 111.06
    endloop
  endfacet
  facet normal 0.648505 0.257333 0.716394
    outer loop
      vertex 573.104 39.5 116.06
      vertex 569.063 62.7765 111.357
      vertex 573.063 38.7765 116.357
    endloop
  endfacet
  facet normal 0.990257 0 0.139255
    outer loop
      vertex 573.675 40.5981 112.002
      vertex 573.828 36.5 110.914
      vertex 573.828 39.5 110.914
    endloop
  endfacet
  facet normal 0.990257 0 0.139255
    outer loop
      vertex 573.828 36.5 110.914
      vertex 573.675 40.5981 112.002
      vertex 573.675 35.4019 112.002
    endloop
  endfacet
  facet normal -0.837207 -0.054744 -0.544139
    outer loop
      vertex 566.952 38 89.5421
      vertex 563.937 63.2235 91.6433
      vertex 563.952 64 91.5421
    endloop
  endfacet
  facet normal -0.837207 -0.054744 -0.544139
    outer loop
      vertex 563.937 63.2235 91.6433
      vertex 566.952 38 89.5421
      vertex 566.937 37.2235 89.6433
    endloop
  endfacet
  facet normal -0.128541 -0.382828 0.914833
    outer loop
      vertex 573.063 37.2235 116.357
      vertex 566.172 36.5 115.086
      vertex 573.104 36.5 116.06
    endloop
  endfacet
  facet normal -0.128733 -0.381748 0.915258
    outer loop
      vertex 573.063 37.2235 116.357
      vertex 566.131 37.2235 115.382
      vertex 566.172 36.5 115.086
    endloop
  endfacet
  facet normal 0.990247 0.000405926 0.139321
    outer loop
      vertex 573.675 35.4019 112.002
      vertex 573.257 35.4019 114.973
      vertex 573.358 35.1022 114.256
    endloop
  endfacet
  facet normal -0.989739 -0.106908 -0.0947986
    outer loop
      vertex 563.426 61.1022 95.2818
      vertex 566.325 35.4019 93.9983
      vertex 563.325 61.4019 95.9983
    endloop
  endfacet
  facet normal -0.989739 -0.106908 -0.0947986
    outer loop
      vertex 566.325 35.4019 93.9983
      vertex 563.426 61.1022 95.2818
      vertex 566.426 35.1022 93.2818
    endloop
  endfacet
  facet normal -0.984217 -0.176965 0.00018398
    outer loop
      vertex 566.325 35.4019 96.0579
      vertex 566.239 35.8787 94.6136
      vertex 566.307 35.5 94.1249
    endloop
  endfacet
  facet normal -0.98412 -0.177505 0
    outer loop
      vertex 566.239 35.8787 94.6136
      vertex 566.325 35.4019 96.0579
      vertex 566.239 35.8787 114.614
    endloop
  endfacet
  facet normal -0.98412 -0.177505 0
    outer loop
      vertex 566.239 35.8787 114.614
      vertex 566.325 35.4019 96.0579
      vertex 566.325 35.4019 113.998
    endloop
  endfacet
  facet normal -0.986394 -0.164399 -0
    outer loop
      vertex 566.239 35.8787 114.614
      vertex 562.239 59.8787 109.614
      vertex 566.239 35.8787 94.6136
    endloop
  endfacet
  facet normal -0.988171 -0.152006 -0.0203026
    outer loop
      vertex 562.325 59.4019 108.998
      vertex 566.239 35.8787 94.6136
      vertex 562.239 59.8787 109.614
    endloop
  endfacet
  facet normal -0.988089 -0.152685 -0.01917
    outer loop
      vertex 562.325 59.4019 108.998
      vertex 566.307 35.5 94.1249
      vertex 566.239 35.8787 94.6136
    endloop
  endfacet
  facet normal -0.989776 -0.10447 -0.0971061
    outer loop
      vertex 562.325 59.4019 108.998
      vertex 566.31 35.4871 94.1082
      vertex 566.307 35.5 94.1249
    endloop
  endfacet
  facet normal -0.987675 -0.155896 -0.0139475
    outer loop
      vertex 566.31 35.4871 94.1082
      vertex 562.325 59.4019 108.998
      vertex 566.325 35.4019 93.9983
    endloop
  endfacet
  facet normal -0.993952 -0.0672559 -0.0868069
    outer loop
      vertex 562.325 59.4019 108.998
      vertex 563.239 61.8787 96.6136
      vertex 563.325 61.4019 95.9983
    endloop
  endfacet
  facet normal -0.993961 -0.0671552 -0.0867874
    outer loop
      vertex 563.239 61.8787 96.6136
      vertex 562.325 59.4019 108.998
      vertex 562.239 59.8787 109.614
    endloop
  endfacet
  facet normal -0.990586 0 -0.13689
    outer loop
      vertex 563.172 62.5 97.0857
      vertex 563.117 64 97.4837
      vertex 563.172 65.5 97.0857
    endloop
  endfacet
  facet normal -0.997005 0.0267251 -0.0725794
    outer loop
      vertex 563.131 64.7765 97.3825
      vertex 562.172 63.5 110.086
      vertex 563.172 65.5 97.0857
    endloop
  endfacet
  facet normal -0.997003 0.0268088 -0.0725709
    outer loop
      vertex 562.172 63.5 110.086
      vertex 563.131 64.7765 97.3825
      vertex 562.131 62.7765 110.382
    endloop
  endfacet
  facet normal -0.996931 -0.00782317 -0.0778888
    outer loop
      vertex 563.131 63.2235 97.3825
      vertex 562.117 62 110.484
      vertex 563.117 64 97.4837
    endloop
  endfacet
  facet normal -0.996933 -0.00774391 -0.0778815
    outer loop
      vertex 562.117 62 110.484
      vertex 563.131 63.2235 97.3825
      vertex 562.131 61.2235 110.382
    endloop
  endfacet
  facet normal 0.998398 0.0565782 0
    outer loop
      vertex 573.869 38.7765 110.618
      vertex 573.828 39.5 90.9143
      vertex 573.828 39.5 110.914
    endloop
  endfacet
  facet normal 0.998398 0.0565782 0
    outer loop
      vertex 573.828 39.5 90.9143
      vertex 573.869 38.7765 110.618
      vertex 573.869 38.7765 90.6175
    endloop
  endfacet
  facet normal -0.128541 0.382828 0.914833
    outer loop
      vertex 569.104 63.5 111.06
      vertex 562.172 63.5 110.086
      vertex 569.063 62.7765 111.357
    endloop
  endfacet
  facet normal -0.110389 0.608754 0.785642
    outer loop
      vertex 569.171 64.1213 110.588
      vertex 562.172 63.5 110.086
      vertex 569.104 63.5 111.06
    endloop
  endfacet
  facet normal 0.110402 0.608834 -0.785578
    outer loop
      vertex 563.896 65.5 91.9401
      vertex 563.829 66.1213 92.4122
      vertex 570.828 65.5 92.9143
    endloop
  endfacet
  facet normal -0.0211372 0.988394 0.150435
    outer loop
      vertex 570.358 66.8978 96.256
      vertex 562.426 64.8978 108.282
      vertex 569.358 64.8978 109.256
    endloop
  endfacet
  facet normal -0.0211412 0.988394 0.150432
    outer loop
      vertex 562.426 64.8978 108.282
      vertex 570.358 66.8978 96.256
      vertex 563.426 66.8978 95.2818
    endloop
  endfacet
  facet normal -0.0181615 0.991448 0.12923
    outer loop
      vertex 570.466 67 95.4871
      vertex 563.426 66.8978 95.2818
      vertex 570.358 66.8978 96.256
    endloop
  endfacet
  facet normal -0.0181615 0.991448 0.12923
    outer loop
      vertex 563.426 66.8978 95.2818
      vertex 570.466 67 95.4871
      vertex 563.534 67 94.5129
    endloop
  endfacet
  facet normal 0.12858 0.382612 -0.914918
    outer loop
      vertex 563.937 64.7765 91.6433
      vertex 563.896 65.5 91.9401
      vertex 570.828 65.5 92.9143
    endloop
  endfacet
  facet normal 0.12858 0.382612 -0.914918
    outer loop
      vertex 570.869 64.7765 92.6175
      vertex 563.937 64.7765 91.6433
      vertex 570.828 65.5 92.9143
    endloop
  endfacet
  facet normal -0.913952 -0.0690102 0.399912
    outer loop
      vertex 562.131 61.2235 110.382
      vertex 566.117 38 115.484
      vertex 562.117 62 110.484
    endloop
  endfacet
  facet normal -0.913952 -0.0690102 0.399912
    outer loop
      vertex 566.117 38 115.484
      vertex 562.131 61.2235 110.382
      vertex 566.131 37.2235 115.382
    endloop
  endfacet
  facet normal 0.990247 5.97951e-05 0.139321
    outer loop
      vertex 573.675 35.4019 112.002
      vertex 573.104 36.5 116.06
      vertex 573.257 35.4019 114.973
    endloop
  endfacet
  facet normal 0.990763 0.00386717 0.135548
    outer loop
      vertex 573.257 35.4019 114.973
      vertex 573.104 36.5 116.06
      vertex 573.171 35.8787 115.588
    endloop
  endfacet
  facet normal 0.990319 -0.00214692 0.138797
    outer loop
      vertex 573.675 35.4019 112.002
      vertex 573.466 35 113.487
      vertex 573.574 35.1022 112.718
    endloop
  endfacet
  facet normal 0.994236 -0.107217 0
    outer loop
      vertex 573.761 35.8787 91.3864
      vertex 573.828 36.5 110.914
      vertex 573.761 35.8787 111.386
    endloop
  endfacet
  facet normal 0.994236 -0.107217 0
    outer loop
      vertex 573.828 36.5 110.914
      vertex 573.761 35.8787 91.3864
      vertex 573.828 36.5 90.9143
    endloop
  endfacet
  facet normal -0.990593 0 -0.136841
    outer loop
      vertex 563.937 63.2235 91.6433
      vertex 563.896 65.5 91.9401
      vertex 563.937 64.7765 91.6433
    endloop
  endfacet
  facet normal -0.990593 -0 -0.136841
    outer loop
      vertex 563.896 65.5 91.9401
      vertex 563.937 63.2235 91.6433
      vertex 563.896 62.5 91.9401
    endloop
  endfacet
  facet normal 0.999838 -0.0180267 0
    outer loop
      vertex 573.869 37.2235 90.6175
      vertex 573.883 38 110.516
      vertex 573.869 37.2235 110.618
    endloop
  endfacet
  facet normal 0.999838 -0.0180267 0
    outer loop
      vertex 573.883 38 110.516
      vertex 573.869 37.2235 90.6175
      vertex 573.883 38 90.5163
    endloop
  endfacet
  facet normal -0.0846526 -0.793635 0.602476
    outer loop
      vertex 573.171 35.8787 115.588
      vertex 566.239 35.8787 114.614
      vertex 566.325 35.4019 113.998
    endloop
  endfacet
  facet normal -0.687334 -0.726341 0
    outer loop
      vertex 566.426 35.1022 113.282
      vertex 566.534 35 103.013
      vertex 566.534 35 112.513
    endloop
  endfacet
  facet normal -0.687334 -0.726341 0
    outer loop
      vertex 566.534 35 103.013
      vertex 566.426 35.1022 113.282
      vertex 566.426 35.1022 101.635
    endloop
  endfacet
  facet normal -0.990606 -3.77981e-05 -0.13675
    outer loop
      vertex 563.131 63.2235 97.3825
      vertex 563.117 64 97.4837
      vertex 563.172 62.5 97.0857
    endloop
  endfacet
  facet normal -0.990779 -0.0039363 -0.13543
    outer loop
      vertex 563.239 61.8787 96.6136
      vertex 563.172 62.5 97.0857
      vertex 563.325 61.4019 95.9983
    endloop
  endfacet
  facet normal -0.971184 0.235198 -0.0385215
    outer loop
      vertex 563.325 66.5981 95.9983
      vertex 562.426 64.8978 108.282
      vertex 563.426 66.8978 95.2818
    endloop
  endfacet
  facet normal -0.971162 0.235289 -0.0385074
    outer loop
      vertex 562.426 64.8978 108.282
      vertex 563.325 66.5981 95.9983
      vertex 562.325 64.5981 108.998
    endloop
  endfacet
  facet normal -0.996495 -0.02354 -0.0802731
    outer loop
      vertex 562.172 60.5 110.086
      vertex 563.131 63.2235 97.3825
      vertex 563.172 62.5 97.0857
    endloop
  endfacet
  facet normal -0.996492 -0.0236216 -0.0802904
    outer loop
      vertex 563.131 63.2235 97.3825
      vertex 562.172 60.5 110.086
      vertex 562.131 61.2235 110.382
    endloop
  endfacet
  facet normal -0.990779 0.0039363 -0.13543
    outer loop
      vertex 563.325 66.5981 95.9983
      vertex 563.172 65.5 97.0857
      vertex 563.239 66.1213 96.6136
    endloop
  endfacet
  facet normal -0.993071 0.100488 -0.0609317
    outer loop
      vertex 563.239 66.1213 96.6136
      vertex 562.325 64.5981 108.998
      vertex 563.325 66.5981 95.9983
    endloop
  endfacet
  facet normal -0.993081 0.100383 -0.0609454
    outer loop
      vertex 562.325 64.5981 108.998
      vertex 563.239 66.1213 96.6136
      vertex 562.239 64.1213 109.614
    endloop
  endfacet
  facet normal 0.0847291 0.793307 -0.602897
    outer loop
      vertex 563.829 66.1213 92.4122
      vertex 563.743 66.5981 93.0275
      vertex 570.675 66.5981 94.0017
    endloop
  endfacet
  facet normal 0.0847291 0.793307 -0.602897
    outer loop
      vertex 570.761 66.1213 93.3864
      vertex 563.829 66.1213 92.4122
      vertex 570.675 66.5981 94.0017
    endloop
  endfacet
  facet normal -0.990246 -0.000615936 -0.13933
    outer loop
      vertex 563.743 66.5981 93.0275
      vertex 563.325 66.5981 95.9983
      vertex 563.642 66.8978 93.744
    endloop
  endfacet
  facet normal -0.990268 0.000595026 -0.139173
    outer loop
      vertex 563.642 66.8978 93.744
      vertex 563.325 66.5981 95.9983
      vertex 563.534 67 94.5129
    endloop
  endfacet
  facet normal 0.976088 0.186088 0.112353
    outer loop
      vertex 573.574 40.8978 112.718
      vertex 569.466 65 108.487
      vertex 573.466 41 113.487
    endloop
  endfacet
  facet normal 0.976088 0.186088 0.112353
    outer loop
      vertex 569.466 65 108.487
      vertex 573.574 40.8978 112.718
      vertex 569.574 64.8978 107.718
    endloop
  endfacet
  facet normal 0.990319 0.00214692 0.138797
    outer loop
      vertex 573.574 40.8978 112.718
      vertex 573.466 41 113.487
      vertex 573.675 40.5981 112.002
    endloop
  endfacet
  facet normal -0.0848228 0.793167 0.603069
    outer loop
      vertex 569.257 64.5981 109.973
      vertex 562.325 64.5981 108.998
      vertex 569.171 64.1213 110.588
    endloop
  endfacet
  facet normal -0.978763 -0.0991315 -0.179434
    outer loop
      vertex 566.743 35.4019 91.0275
      vertex 563.642 61.1022 93.744
      vertex 563.743 61.4019 93.0275
    endloop
  endfacet
  facet normal -0.978763 -0.0991315 -0.179434
    outer loop
      vertex 563.642 61.1022 93.744
      vertex 566.743 35.4019 91.0275
      vertex 566.642 35.1022 91.744
    endloop
  endfacet
  facet normal 0.0846737 -0.79328 -0.602941
    outer loop
      vertex 572.266 35.5 91.6747
      vertex 573.761 35.8787 91.3864
      vertex 573.693 35.5 91.8751
    endloop
  endfacet
  facet normal 0.0847185 -0.793366 -0.602821
    outer loop
      vertex 573.761 35.8787 91.3864
      vertex 572.266 35.5 91.6747
      vertex 566.829 35.8787 90.4122
    endloop
  endfacet
  facet normal -0.990246 -2.42839e-07 -0.13933
    outer loop
      vertex 563.743 61.4019 93.0275
      vertex 563.325 61.4019 95.9983
      vertex 563.896 62.5 91.9401
    endloop
  endfacet
  facet normal 0.0847498 -0.79328 -0.60293
    outer loop
      vertex 572.266 35.5 91.6747
      vertex 566.761 35.5 90.9009
      vertex 566.829 35.8787 90.4122
    endloop
  endfacet
  facet normal -0.962178 -0.0912764 -0.256674
    outer loop
      vertex 566.896 36.5 89.9401
      vertex 563.829 61.8787 92.4122
      vertex 563.896 62.5 91.9401
    endloop
  endfacet
  facet normal -0.962178 -0.0912764 -0.256674
    outer loop
      vertex 563.829 61.8787 92.4122
      vertex 566.896 36.5 89.9401
      vertex 566.829 35.8787 90.4122
    endloop
  endfacet
  facet normal -0.0532753 -0.923795 0.379163
    outer loop
      vertex 573.358 35.1022 114.256
      vertex 566.325 35.4019 113.998
      vertex 566.426 35.1022 113.282
    endloop
  endfacet
  facet normal -0.0181556 -0.991451 0.129214
    outer loop
      vertex 566.426 35.1022 113.282
      vertex 573.466 35 113.487
      vertex 573.358 35.1022 114.256
    endloop
  endfacet
  facet normal -0.0181556 -0.991451 0.129214
    outer loop
      vertex 573.466 35 113.487
      vertex 566.426 35.1022 113.282
      vertex 566.534 35 112.513
    endloop
  endfacet
  facet normal -0.110389 0.608754 0.785642
    outer loop
      vertex 562.239 64.1213 109.614
      vertex 562.172 63.5 110.086
      vertex 569.171 64.1213 110.588
    endloop
  endfacet
  facet normal 0.977367 0.18447 0.103564
    outer loop
      vertex 570.574 66.8978 94.7182
      vertex 569.574 64.8978 107.718
      vertex 573.574 40.8978 112.718
    endloop
  endfacet
  facet normal 0.953774 0.204786 0.219952
    outer loop
      vertex 569.257 64.5981 109.973
      vertex 573.358 40.8978 114.256
      vertex 569.358 64.8978 109.256
    endloop
  endfacet
  facet normal 0.953774 0.204786 0.219952
    outer loop
      vertex 573.358 40.8978 114.256
      vertex 569.257 64.5981 109.973
      vertex 573.257 40.5981 114.973
    endloop
  endfacet
  facet normal 0.687334 -0.726341 0
    outer loop
      vertex 573.466 35 103.987
      vertex 573.574 35.1022 112.718
      vertex 573.466 35 113.487
    endloop
  endfacet
  facet normal 0.687334 -0.726341 0
    outer loop
      vertex 573.574 35.1022 112.718
      vertex 573.466 35 103.987
      vertex 573.574 35.1022 101.072
    endloop
  endfacet
  facet normal -0.989193 0 -0.14662
    outer loop
      vertex 563.952 64 91.5421
      vertex 563.937 63.2235 91.6433
      vertex 563.937 64.7765 91.6433
    endloop
  endfacet
  facet normal 0.12858 -0.382612 -0.914918
    outer loop
      vertex 573.828 36.5 90.9143
      vertex 566.896 36.5 89.9401
      vertex 566.937 37.2235 89.6433
    endloop
  endfacet
  facet normal -0.972879 -0.0960689 -0.210423
    outer loop
      vertex 566.829 35.8787 90.4122
      vertex 563.743 61.4019 93.0275
      vertex 563.829 61.8787 92.4122
    endloop
  endfacet
  facet normal -0.972988 -0.0961373 -0.209884
    outer loop
      vertex 566.761 35.5 90.9009
      vertex 563.743 61.4019 93.0275
      vertex 566.829 35.8787 90.4122
    endloop
  endfacet
  facet normal -0.965181 -0.0923663 -0.244735
    outer loop
      vertex 566.758 35.4871 90.9176
      vertex 563.743 61.4019 93.0275
      vertex 566.761 35.5 90.9009
    endloop
  endfacet
  facet normal -0.973464 -0.0963561 -0.207566
    outer loop
      vertex 563.743 61.4019 93.0275
      vertex 566.758 35.4871 90.9176
      vertex 566.743 35.4019 91.0275
    endloop
  endfacet
  facet normal -0.996125 0.0557106 -0.068052
    outer loop
      vertex 563.172 65.5 97.0857
      vertex 562.239 64.1213 109.614
      vertex 563.239 66.1213 96.6136
    endloop
  endfacet
  facet normal -0.996125 0.0557225 -0.0680507
    outer loop
      vertex 562.239 64.1213 109.614
      vertex 563.172 65.5 97.0857
      vertex 562.172 63.5 110.086
    endloop
  endfacet
  facet normal 0.137999 -0.130445 -0.981805
    outer loop
      vertex 573.869 37.2235 90.6175
      vertex 566.952 38 89.5421
      vertex 573.883 38 90.5163
    endloop
  endfacet
  facet normal 0.137977 -0.13062 -0.981785
    outer loop
      vertex 566.952 38 89.5421
      vertex 573.869 37.2235 90.6175
      vertex 566.937 37.2235 89.6433
    endloop
  endfacet
  facet normal 0.12858 -0.382612 -0.914918
    outer loop
      vertex 573.828 -34.5 90.9143
      vertex 566.896 -34.5 89.9401
      vertex 566.937 -33.7765 89.6433
    endloop
  endfacet
  facet normal -0.990593 0 -0.136841
    outer loop
      vertex 566.937 -33.7765 89.6433
      vertex 566.896 34.5 89.9401
      vertex 566.937 33.7765 89.6433
    endloop
  endfacet
  facet normal -0.990593 -0 -0.136841
    outer loop
      vertex 566.896 34.5 89.9401
      vertex 566.937 -33.7765 89.6433
      vertex 566.896 -34.5 89.9401
    endloop
  endfacet
  facet normal 0.0846737 0.79328 -0.602941
    outer loop
      vertex 573.761 35.1213 91.3864
      vertex 572.266 35.5 91.6747
      vertex 573.693 35.5 91.8751
    endloop
  endfacet
  facet normal 0.0847185 0.793366 -0.602821
    outer loop
      vertex 572.266 35.5 91.6747
      vertex 573.761 35.1213 91.3864
      vertex 566.829 35.1213 90.4122
    endloop
  endfacet
  facet normal 0.139189 0 -0.990266
    outer loop
      vertex 566.952 -33 89.5421
      vertex 573.883 33 90.5163
      vertex 573.883 -33 90.5163
    endloop
  endfacet
  facet normal 0.139189 0 -0.990266
    outer loop
      vertex 573.883 33 90.5163
      vertex 566.952 -33 89.5421
      vertex 566.952 33 89.5421
    endloop
  endfacet
  facet normal 0.964013 -0.264658 0.0252059
    outer loop
      vertex 573.574 -35.1022 101.072
      vertex 573.675 -33.5981 113.002
      vertex 573.574 -33.8978 113.718
    endloop
  endfacet
  facet normal 0.964025 -0.264614 0.0252002
    outer loop
      vertex 573.675 -33.5981 113.002
      vertex 573.574 -35.1022 101.072
      vertex 573.675 -35.4019 94.0613
    endloop
  endfacet
  facet normal 0.989151 0 0.146904
    outer loop
      vertex 573.063 0.776457 122.357
      vertex 573.048 0 122.458
      vertex 573.063 -0.776457 122.357
    endloop
  endfacet
  facet normal -0.128733 0.381748 0.915258
    outer loop
      vertex 566.172 32.5 116.086
      vertex 566.131 31.7765 116.382
      vertex 573.063 31.7765 117.357
    endloop
  endfacet
  facet normal -0.0532667 -0.92398 0.378713
    outer loop
      vertex 573.257 -33.5981 115.973
      vertex 566.325 -33.5981 114.998
      vertex 573.358 -33.8978 115.256
    endloop
  endfacet
  facet normal 0.12858 0.382612 -0.914918
    outer loop
      vertex 566.937 33.7765 89.6433
      vertex 566.896 34.5 89.9401
      vertex 573.828 34.5 90.9143
    endloop
  endfacet
  facet normal -0.138092 0.130378 0.9818
    outer loop
      vertex 566.131 0.776457 121.382
      vertex 573.048 0 122.458
      vertex 573.063 0.776457 122.357
    endloop
  endfacet
  facet normal -0.137953 0.131446 0.981678
    outer loop
      vertex 573.048 0 122.458
      vertex 566.131 0.776457 121.382
      vertex 566.117 0 121.484
    endloop
  endfacet
  facet normal -0.999832 0.0182532 0.00173844
    outer loop
      vertex 566.117 33 95.4837
      vertex 566.131 31.7765 116.382
      vertex 566.131 33.7765 95.3825
    endloop
  endfacet
  facet normal -0.999832 0.018255 0.00173854
    outer loop
      vertex 566.131 31.7765 116.382
      vertex 566.117 33 95.4837
      vertex 566.117 31 116.484
    endloop
  endfacet
  facet normal -0.128733 -0.381748 0.915258
    outer loop
      vertex 573.063 -31.7765 117.357
      vertex 566.131 -31.7765 116.382
      vertex 566.172 -32.5 116.086
    endloop
  endfacet
  facet normal 0.99984 -0.017804 0.00169558
    outer loop
      vertex 573.869 -33.7765 90.6175
      vertex 573.883 -31 111.516
      vertex 573.869 -31.7765 111.618
    endloop
  endfacet
  facet normal 0.99984 -0.0178057 0.00169581
    outer loop
      vertex 573.883 -31 111.516
      vertex 573.869 -33.7765 90.6175
      vertex 573.883 -33 90.5163
    endloop
  endfacet
  facet normal 0.99984 0.017804 0.00169558
    outer loop
      vertex 573.883 31 111.516
      vertex 573.869 33.7765 90.6175
      vertex 573.869 31.7765 111.618
    endloop
  endfacet
  facet normal 0.99984 0.0178057 0.00169581
    outer loop
      vertex 573.869 33.7765 90.6175
      vertex 573.883 31 111.516
      vertex 573.883 33 90.5163
    endloop
  endfacet
  facet normal -0.915868 0.399671 0.0380635
    outer loop
      vertex 566.325 33.5981 114.998
      vertex 566.426 35.1022 101.635
      vertex 566.325 35.4019 96.0579
    endloop
  endfacet
  facet normal -0.915911 0.399574 0.0380523
    outer loop
      vertex 566.426 35.1022 101.635
      vertex 566.325 33.5981 114.998
      vertex 566.426 33.8978 114.282
    endloop
  endfacet
  facet normal 0.990268 0.000732699 0.139173
    outer loop
      vertex 573.466 3 119.487
      vertex 573.358 2.89778 120.256
      vertex 573.675 2.59808 118.002
    endloop
  endfacet
  facet normal 0.12858 0.382612 -0.914918
    outer loop
      vertex 573.869 33.7765 90.6175
      vertex 566.937 33.7765 89.6433
      vertex 573.828 34.5 90.9143
    endloop
  endfacet
  facet normal -0.990606 -3.77981e-05 -0.13675
    outer loop
      vertex 566.131 -33.7765 95.3825
      vertex 566.117 -33 95.4837
      vertex 566.172 -34.5 95.0857
    endloop
  endfacet
  facet normal -0.128541 -0.382828 0.914833
    outer loop
      vertex 573.063 -31.7765 117.357
      vertex 566.172 -32.5 116.086
      vertex 573.104 -32.5 117.06
    endloop
  endfacet
  facet normal 0.850516 0.523579 0.0498647
    outer loop
      vertex 573.574 33.8978 113.718
      vertex 573.466 35 103.987
      vertex 573.466 34 114.487
    endloop
  endfacet
  facet normal 0.850497 0.523611 0.0498685
    outer loop
      vertex 573.466 35 103.987
      vertex 573.574 33.8978 113.718
      vertex 573.574 35.1022 101.072
    endloop
  endfacet
  facet normal 0.990247 -0.000405926 0.139321
    outer loop
      vertex 573.358 2.89778 120.256
      vertex 573.257 2.59808 120.973
      vertex 573.675 2.59808 118.002
    endloop
  endfacet
  facet normal 0.990441 0.0219645 0.13618
    outer loop
      vertex 573.574 2.89778 118.718
      vertex 573.466 34 114.487
      vertex 573.466 3 119.487
    endloop
  endfacet
  facet normal 0.990441 0.0219646 0.13618
    outer loop
      vertex 573.466 34 114.487
      vertex 573.574 2.89778 118.718
      vertex 573.574 33.8978 113.718
    endloop
  endfacet
  facet normal -0.990169 -0.00135056 -0.139873
    outer loop
      vertex 566.896 -34.5 89.9401
      vertex 566.642 -35.1022 91.744
      vertex 566.602 -35.0646 92.0268
    endloop
  endfacet
  facet normal -0.990222 -0.000206681 -0.139498
    outer loop
      vertex 566.896 -34.5 89.9401
      vertex 566.743 -35.4019 91.0275
      vertex 566.642 -35.1022 91.744
    endloop
  endfacet
  facet normal -0.990538 0.0026018 -0.137213
    outer loop
      vertex 566.743 -35.4019 91.0275
      vertex 566.896 -34.5 89.9401
      vertex 566.758 -35.4871 90.9176
    endloop
  endfacet
  facet normal -0.257925 -0.961813 0.0916012
    outer loop
      vertex 566.426 -33.8978 114.282
      vertex 566.534 -35 103.013
      vertex 566.534 -34 113.513
    endloop
  endfacet
  facet normal -0.25849 -0.961663 0.0915812
    outer loop
      vertex 566.534 -35 103.013
      vertex 566.426 -33.8978 114.282
      vertex 566.426 -35.1022 101.635
    endloop
  endfacet
  facet normal 0.991161 -0.0211246 0.130972
    outer loop
      vertex 573.574 -2.89778 118.718
      vertex 573.675 -33.5981 113.002
      vertex 573.675 -2.59808 118.002
    endloop
  endfacet
  facet normal 0.991161 -0.0211246 0.130972
    outer loop
      vertex 573.675 -33.5981 113.002
      vertex 573.574 -2.89778 118.718
      vertex 573.574 -33.8978 113.718
    endloop
  endfacet
  facet normal 0.989598 0.0229074 0.142026
    outer loop
      vertex 573.358 33.8978 115.256
      vertex 573.466 3 119.487
      vertex 573.466 34 114.487
    endloop
  endfacet
  facet normal 0.989598 0.0229074 0.142026
    outer loop
      vertex 573.466 3 119.487
      vertex 573.358 33.8978 115.256
      vertex 573.358 2.89778 120.256
    endloop
  endfacet
  facet normal 0.990247 -5.97962e-05 0.139321
    outer loop
      vertex 573.257 2.59808 120.973
      vertex 573.104 1.5 122.06
      vertex 573.675 2.59808 118.002
    endloop
  endfacet
  facet normal -0.138092 -0.130378 0.9818
    outer loop
      vertex 573.048 0 122.458
      vertex 566.131 -0.776457 121.382
      vertex 573.063 -0.776457 122.357
    endloop
  endfacet
  facet normal -0.137953 -0.131446 0.981678
    outer loop
      vertex 566.131 -0.776457 121.382
      vertex 573.048 0 122.458
      vertex 566.117 0 121.484
    endloop
  endfacet
  facet normal -0.990169 0.00135056 -0.139873
    outer loop
      vertex 566.642 35.1022 91.744
      vertex 566.896 34.5 89.9401
      vertex 566.602 35.0646 92.0268
    endloop
  endfacet
  facet normal -0.990222 0.000206681 -0.139498
    outer loop
      vertex 566.743 35.4019 91.0275
      vertex 566.896 34.5 89.9401
      vertex 566.642 35.1022 91.744
    endloop
  endfacet
  facet normal -0.990538 -0.0026018 -0.137213
    outer loop
      vertex 566.896 34.5 89.9401
      vertex 566.743 35.4019 91.0275
      vertex 566.758 35.4871 90.9176
    endloop
  endfacet
  facet normal -0.990538 0.0026018 -0.137213
    outer loop
      vertex 566.325 35.4019 93.9983
      vertex 566.172 34.5 95.0857
      vertex 566.31 35.4871 94.1082
    endloop
  endfacet
  facet normal -0.990246 0 -0.13933
    outer loop
      vertex 566.325 35.4019 93.9983
      vertex 566.172 -34.5 95.0857
      vertex 566.172 34.5 95.0857
    endloop
  endfacet
  facet normal -0.990246 0 -0.13933
    outer loop
      vertex 566.325 -35.4019 93.9983
      vertex 566.172 -34.5 95.0857
      vertex 566.325 35.4019 93.9983
    endloop
  endfacet
  facet normal -0.990538 -0.0026018 -0.137213
    outer loop
      vertex 566.172 -34.5 95.0857
      vertex 566.325 -35.4019 93.9983
      vertex 566.31 -35.4871 94.1082
    endloop
  endfacet
  facet normal -0.853647 0.0829364 0.514206
    outer loop
      vertex 566.117 31 116.484
      vertex 566.131 0.776457 121.382
      vertex 566.131 31.7765 116.382
    endloop
  endfacet
  facet normal -0.85358 0.0829541 0.514315
    outer loop
      vertex 566.131 0.776457 121.382
      vertex 566.117 31 116.484
      vertex 566.117 0 121.484
    endloop
  endfacet
  facet normal 0.110402 -0.608834 -0.785578
    outer loop
      vertex 573.761 -35.1213 91.3864
      vertex 566.829 -35.1213 90.4122
      vertex 573.828 -34.5 90.9143
    endloop
  endfacet
  facet normal -0.990606 3.77981e-05 -0.13675
    outer loop
      vertex 566.172 34.5 95.0857
      vertex 566.117 33 95.4837
      vertex 566.131 33.7765 95.3825
    endloop
  endfacet
  facet normal -0.99825 0.0588698 0.00560656
    outer loop
      vertex 566.131 33.7765 95.3825
      vertex 566.172 32.5 116.086
      vertex 566.172 34.5 95.0857
    endloop
  endfacet
  facet normal -0.99825 0.0588634 0.00560617
    outer loop
      vertex 566.172 32.5 116.086
      vertex 566.131 33.7765 95.3825
      vertex 566.131 31.7765 116.382
    endloop
  endfacet
  facet normal -0.993251 -0.115465 0.0109965
    outer loop
      vertex 566.172 -34.5 95.0857
      vertex 566.239 -33.1213 115.614
      vertex 566.172 -32.5 116.086
    endloop
  endfacet
  facet normal -0.993251 -0.115466 0.0109966
    outer loop
      vertex 566.239 -33.1213 115.614
      vertex 566.172 -34.5 95.0857
      vertex 566.239 -35.1213 94.6136
    endloop
  endfacet
  facet normal -0.989193 0 -0.14662
    outer loop
      vertex 566.952 -33 89.5421
      vertex 566.937 33.7765 89.6433
      vertex 566.952 33 89.5421
    endloop
  endfacet
  facet normal -0.989193 -0 -0.14662
    outer loop
      vertex 566.937 33.7765 89.6433
      vertex 566.952 -33 89.5421
      vertex 566.937 -33.7765 89.6433
    endloop
  endfacet
  facet normal 1 0 0
    outer loop
      vertex 573.883 0 116.516
      vertex 573.883 33 90.5163
      vertex 573.883 31 111.516
    endloop
  endfacet
  facet normal 1 0 0
    outer loop
      vertex 573.883 -33 90.5163
      vertex 573.883 0 116.516
      vertex 573.883 -31 111.516
    endloop
  endfacet
  facet normal 1 0 0
    outer loop
      vertex 573.883 0 116.516
      vertex 573.883 -33 90.5163
      vertex 573.883 33 90.5163
    endloop
  endfacet
  facet normal 0.99304 -0.0187539 0.116274
    outer loop
      vertex 573.761 -2.12132 117.386
      vertex 573.828 -32.5 111.914
      vertex 573.828 -1.5 116.914
    endloop
  endfacet
  facet normal 0.99304 -0.018754 0.116275
    outer loop
      vertex 573.828 -32.5 111.914
      vertex 573.761 -2.12132 117.386
      vertex 573.761 -33.1213 112.386
    endloop
  endfacet
  facet normal 0.12858 -0.382612 -0.914918
    outer loop
      vertex 573.828 -34.5 90.9143
      vertex 566.937 -33.7765 89.6433
      vertex 573.869 -33.7765 90.6175
    endloop
  endfacet
  facet normal -0.0133202 -0.995407 0.0948007
    outer loop
      vertex 566.534 -34 113.513
      vertex 573.466 -35 103.987
      vertex 573.466 -34 114.487
    endloop
  endfacet
  facet normal -0.0133202 -0.995407 0.0948007
    outer loop
      vertex 573.466 -35 103.987
      vertex 566.534 -34 113.513
      vertex 566.534 -35 103.013
    endloop
  endfacet
  facet normal 0.0846737 -0.79328 -0.602941
    outer loop
      vertex 572.266 -35.5 91.6747
      vertex 573.761 -35.1213 91.3864
      vertex 573.693 -35.5 91.8751
    endloop
  endfacet
  facet normal 0.0847185 -0.793366 -0.602821
    outer loop
      vertex 573.761 -35.1213 91.3864
      vertex 572.266 -35.5 91.6747
      vertex 566.829 -35.1213 90.4122
    endloop
  endfacet
  facet normal 0.0847498 -0.79328 -0.60293
    outer loop
      vertex 572.266 -35.5 91.6747
      vertex 566.761 -35.5 90.9009
      vertex 566.829 -35.1213 90.4122
    endloop
  endfacet
  facet normal 0.983745 -0.0285938 0.177281
    outer loop
      vertex 573.104 -32.5 117.06
      vertex 573.171 -2.12132 121.588
      vertex 573.104 -1.5 122.06
    endloop
  endfacet
  facet normal 0.983745 -0.0285935 0.17728
    outer loop
      vertex 573.171 -2.12132 121.588
      vertex 573.104 -32.5 117.06
      vertex 573.171 -33.1213 116.588
    endloop
  endfacet
  facet normal 0.110402 0.608834 -0.785578
    outer loop
      vertex 566.896 34.5 89.9401
      vertex 566.829 35.1213 90.4122
      vertex 573.828 34.5 90.9143
    endloop
  endfacet
  facet normal 0.0847498 0.79328 -0.60293
    outer loop
      vertex 566.829 35.1213 90.4122
      vertex 566.761 35.5 90.9009
      vertex 572.266 35.5 91.6747
    endloop
  endfacet
  facet normal -0.137538 0.157719 0.977859
    outer loop
      vertex 566.131 31.7765 116.382
      vertex 573.063 0.776457 122.357
      vertex 573.063 31.7765 117.357
    endloop
  endfacet
  facet normal -0.137538 0.157719 0.977859
    outer loop
      vertex 573.063 0.776457 122.357
      vertex 566.131 31.7765 116.382
      vertex 566.131 0.776457 121.382
    endloop
  endfacet
  facet normal -0.990586 0 -0.13689
    outer loop
      vertex 566.172 34.5 95.0857
      vertex 566.117 -33 95.4837
      vertex 566.117 33 95.4837
    endloop
  endfacet
  facet normal -0.990586 0 -0.13689
    outer loop
      vertex 566.117 -33 95.4837
      vertex 566.172 34.5 95.0857
      vertex 566.172 -34.5 95.0857
    endloop
  endfacet
  facet normal 0.983745 0.0285935 0.17728
    outer loop
      vertex 573.104 32.5 117.06
      vertex 573.171 2.12132 121.588
      vertex 573.171 33.1213 116.588
    endloop
  endfacet
  facet normal 0.983745 0.0285938 0.177281
    outer loop
      vertex 573.171 2.12132 121.588
      vertex 573.104 32.5 117.06
      vertex 573.104 1.5 122.06
    endloop
  endfacet
  facet normal 0.990586 0 0.13689
    outer loop
      vertex 573.828 1.5 116.914
      vertex 573.828 -1.5 116.914
      vertex 573.883 0 116.516
    endloop
  endfacet
  facet normal -0.915911 -0.399574 0.0380523
    outer loop
      vertex 566.325 -33.5981 114.998
      vertex 566.426 -35.1022 101.635
      vertex 566.426 -33.8978 114.282
    endloop
  endfacet
  facet normal -0.915868 -0.399671 0.0380635
    outer loop
      vertex 566.426 -35.1022 101.635
      vertex 566.325 -33.5981 114.998
      vertex 566.325 -35.4019 96.0579
    endloop
  endfacet
  facet normal -0.987199 -0.0258359 -0.157384
    outer loop
      vertex 566.31 35.4871 94.1082
      vertex 566.239 35.1213 94.6136
      vertex 566.307 35.5 94.1249
    endloop
  endfacet
  facet normal -0.990511 0.00240214 -0.137411
    outer loop
      vertex 566.239 35.1213 94.6136
      vertex 566.31 35.4871 94.1082
      vertex 566.172 34.5 95.0857
    endloop
  endfacet
  facet normal -0.0532667 0.92398 0.378713
    outer loop
      vertex 573.358 33.8978 115.256
      vertex 566.325 33.5981 114.998
      vertex 573.257 33.5981 115.973
    endloop
  endfacet
  facet normal -0.0532753 0.923795 0.379163
    outer loop
      vertex 566.426 33.8978 114.282
      vertex 566.325 33.5981 114.998
      vertex 573.358 33.8978 115.256
    endloop
  endfacet
  facet normal -0.987199 0.0258359 -0.157384
    outer loop
      vertex 566.829 35.1213 90.4122
      vertex 566.758 35.4871 90.9176
      vertex 566.761 35.5 90.9009
    endloop
  endfacet
  facet normal -0.990511 -0.00240214 -0.137411
    outer loop
      vertex 566.758 35.4871 90.9176
      vertex 566.829 35.1213 90.4122
      vertex 566.896 34.5 89.9401
    endloop
  endfacet
  facet normal 0.998502 -0.054462 0.00518693
    outer loop
      vertex 573.828 -34.5 90.9143
      vertex 573.869 -31.7765 111.618
      vertex 573.828 -32.5 111.914
    endloop
  endfacet
  facet normal 0.998503 -0.0544566 0.00518622
    outer loop
      vertex 573.869 -31.7765 111.618
      vertex 573.828 -34.5 90.9143
      vertex 573.869 -33.7765 90.6175
    endloop
  endfacet
  facet normal -0.990309 -0.00246287 -0.138861
    outer loop
      vertex 566.602 35.0646 92.0268
      vertex 566.896 34.5 89.9401
      vertex 566.534 35 92.5129
    endloop
  endfacet
  facet normal -0.990343 -0.00390726 -0.138585
    outer loop
      vertex 566.896 34.5 89.9401
      vertex 566.426 35.1022 93.2818
      vertex 566.534 35 92.5129
    endloop
  endfacet
  facet normal -0.990254 0 -0.139276
    outer loop
      vertex 566.896 -34.5 89.9401
      vertex 566.426 35.1022 93.2818
      vertex 566.896 34.5 89.9401
    endloop
  endfacet
  facet normal -0.990254 0 -0.139276
    outer loop
      vertex 566.426 -35.1022 93.2818
      vertex 566.426 35.1022 93.2818
      vertex 566.896 -34.5 89.9401
    endloop
  endfacet
  facet normal -0.990343 0.00390726 -0.138585
    outer loop
      vertex 566.426 -35.1022 93.2818
      vertex 566.896 -34.5 89.9401
      vertex 566.534 -35 92.5129
    endloop
  endfacet
  facet normal -0.99021 -0 -0.139583
    outer loop
      vertex 566.426 35.1022 93.2818
      vertex 566.426 -35.1022 93.2818
      vertex 566.325 35.4019 93.9983
    endloop
  endfacet
  facet normal -0.99021 -0 -0.139583
    outer loop
      vertex 566.325 35.4019 93.9983
      vertex 566.426 -35.1022 93.2818
      vertex 566.325 -35.4019 93.9983
    endloop
  endfacet
  facet normal -0.990309 0.00246287 -0.138861
    outer loop
      vertex 566.896 -34.5 89.9401
      vertex 566.602 -35.0646 92.0268
      vertex 566.534 -35 92.5129
    endloop
  endfacet
  facet normal 0.137999 0.130445 -0.981805
    outer loop
      vertex 566.952 33 89.5421
      vertex 573.869 33.7765 90.6175
      vertex 573.883 33 90.5163
    endloop
  endfacet
  facet normal 0.137977 0.13062 -0.981785
    outer loop
      vertex 573.869 33.7765 90.6175
      vertex 566.952 33 89.5421
      vertex 566.937 33.7765 89.6433
    endloop
  endfacet
  facet normal 0.137999 -0.130445 -0.981805
    outer loop
      vertex 573.869 -33.7765 90.6175
      vertex 566.952 -33 89.5421
      vertex 573.883 -33 90.5163
    endloop
  endfacet
  facet normal 0.137977 -0.13062 -0.981785
    outer loop
      vertex 566.952 -33 89.5421
      vertex 573.869 -33.7765 90.6175
      vertex 566.937 -33.7765 89.6433
    endloop
  endfacet
  facet normal -0.990511 0.00240214 -0.137411
    outer loop
      vertex 566.829 -35.1213 90.4122
      vertex 566.758 -35.4871 90.9176
      vertex 566.896 -34.5 89.9401
    endloop
  endfacet
  facet normal -0.987199 -0.0258359 -0.157384
    outer loop
      vertex 566.758 -35.4871 90.9176
      vertex 566.829 -35.1213 90.4122
      vertex 566.761 -35.5 90.9009
    endloop
  endfacet
  facet normal 0.110402 -0.608834 -0.785578
    outer loop
      vertex 573.828 -34.5 90.9143
      vertex 566.829 -35.1213 90.4122
      vertex 566.896 -34.5 89.9401
    endloop
  endfacet
  facet normal -0.979444 0.20079 0.0193107
    outer loop
      vertex 566.239 35.1213 94.6136
      vertex 566.325 35.4019 96.0579
      vertex 566.307 35.5 94.1249
    endloop
  endfacet
  facet normal -0.979318 0.201414 0.019182
    outer loop
      vertex 566.239 33.1213 115.614
      vertex 566.325 35.4019 96.0579
      vertex 566.239 35.1213 94.6136
    endloop
  endfacet
  facet normal -0.979317 0.201422 0.0191828
    outer loop
      vertex 566.325 35.4019 96.0579
      vertex 566.239 33.1213 115.614
      vertex 566.325 33.5981 114.998
    endloop
  endfacet
  facet normal 0.99304 0.018754 0.116275
    outer loop
      vertex 573.761 2.12132 117.386
      vertex 573.828 32.5 111.914
      vertex 573.761 33.1213 112.386
    endloop
  endfacet
  facet normal 0.99304 0.0187539 0.116274
    outer loop
      vertex 573.828 32.5 111.914
      vertex 573.761 2.12132 117.386
      vertex 573.828 1.5 116.914
    endloop
  endfacet
  facet normal 0.987374 0.157673 0.0152047
    outer loop
      vertex 573.675 35.4019 94.0613
      vertex 573.761 35.1213 91.3864
      vertex 573.693 35.5 91.8751
    endloop
  endfacet
  facet normal 0.987234 0.158558 0.0151001
    outer loop
      vertex 573.761 33.1213 112.386
      vertex 573.675 35.4019 94.0613
      vertex 573.675 33.5981 113.002
    endloop
  endfacet
  facet normal 0.987229 0.158589 0.015104
    outer loop
      vertex 573.675 35.4019 94.0613
      vertex 573.761 33.1213 112.386
      vertex 573.761 35.1213 91.3864
    endloop
  endfacet
  facet normal -0.137538 -0.157719 0.977859
    outer loop
      vertex 566.131 -0.776457 121.382
      vertex 573.063 -31.7765 117.357
      vertex 573.063 -0.776457 122.357
    endloop
  endfacet
  facet normal -0.137538 -0.157719 0.977859
    outer loop
      vertex 573.063 -31.7765 117.357
      vertex 566.131 -0.776457 121.382
      vertex 566.131 -31.7765 116.382
    endloop
  endfacet
  facet normal -0.999832 -0.018255 0.00173854
    outer loop
      vertex 566.117 -33 95.4837
      vertex 566.131 -31.7765 116.382
      vertex 566.117 -31 116.484
    endloop
  endfacet
  facet normal -0.999832 -0.0182532 0.00173844
    outer loop
      vertex 566.131 -31.7765 116.382
      vertex 566.117 -33 95.4837
      vertex 566.131 -33.7765 95.3825
    endloop
  endfacet
  facet normal 0.974485 0.0357401 0.221589
    outer loop
      vertex 573.063 31.7765 117.357
      vertex 573.104 1.5 122.06
      vertex 573.104 32.5 117.06
    endloop
  endfacet
  facet normal 0.974483 0.0357414 0.221597
    outer loop
      vertex 573.104 1.5 122.06
      vertex 573.063 31.7765 117.357
      vertex 573.063 0.776457 122.357
    endloop
  endfacet
  facet normal 0.850516 -0.523579 0.0498647
    outer loop
      vertex 573.466 -35 103.987
      vertex 573.574 -33.8978 113.718
      vertex 573.466 -34 114.487
    endloop
  endfacet
  facet normal 0.850497 -0.523611 0.0498685
    outer loop
      vertex 573.574 -33.8978 113.718
      vertex 573.466 -35 103.987
      vertex 573.574 -35.1022 101.072
    endloop
  endfacet
  facet normal 0.990833 0.00427239 0.135024
    outer loop
      vertex 573.761 2.12132 117.386
      vertex 573.675 2.59808 118.002
      vertex 573.828 1.5 116.914
    endloop
  endfacet
  facet normal 0.990833 -0.00427239 0.135024
    outer loop
      vertex 573.828 -1.5 116.914
      vertex 573.675 -2.59808 118.002
      vertex 573.761 -2.12132 117.386
    endloop
  endfacet
  facet normal -0.993251 0.115466 0.0109966
    outer loop
      vertex 566.172 34.5 95.0857
      vertex 566.239 33.1213 115.614
      vertex 566.239 35.1213 94.6136
    endloop
  endfacet
  facet normal -0.993251 0.115465 0.0109965
    outer loop
      vertex 566.239 33.1213 115.614
      vertex 566.172 34.5 95.0857
      vertex 566.172 32.5 116.086
    endloop
  endfacet
  facet normal -0.257925 0.961813 0.0916012
    outer loop
      vertex 566.534 35 103.013
      vertex 566.426 33.8978 114.282
      vertex 566.534 34 113.513
    endloop
  endfacet
  facet normal -0.25849 0.961663 0.0915812
    outer loop
      vertex 566.426 33.8978 114.282
      vertex 566.534 35 103.013
      vertex 566.426 35.1022 101.635
    endloop
  endfacet
  facet normal -0.990511 -0.00240214 -0.137411
    outer loop
      vertex 566.31 -35.4871 94.1082
      vertex 566.239 -35.1213 94.6136
      vertex 566.172 -34.5 95.0857
    endloop
  endfacet
  facet normal -0.987199 0.0258359 -0.157384
    outer loop
      vertex 566.239 -35.1213 94.6136
      vertex 566.31 -35.4871 94.1082
      vertex 566.307 -35.5 94.1249
    endloop
  endfacet
  facet normal -0.0846526 -0.793635 0.602476
    outer loop
      vertex 573.171 -33.1213 116.588
      vertex 566.239 -33.1213 115.614
      vertex 566.325 -33.5981 114.998
    endloop
  endfacet
  facet normal -0.110389 -0.608754 0.785642
    outer loop
      vertex 573.171 -33.1213 116.588
      vertex 566.172 -32.5 116.086
      vertex 566.239 -33.1213 115.614
    endloop
  endfacet
  facet normal -0.979318 -0.201414 0.019182
    outer loop
      vertex 566.325 -35.4019 96.0579
      vertex 566.239 -33.1213 115.614
      vertex 566.239 -35.1213 94.6136
    endloop
  endfacet
  facet normal -0.979317 -0.201422 0.0191828
    outer loop
      vertex 566.239 -33.1213 115.614
      vertex 566.325 -35.4019 96.0579
      vertex 566.325 -33.5981 114.998
    endloop
  endfacet
  facet normal -0.979444 -0.20079 0.0193107
    outer loop
      vertex 566.325 -35.4019 96.0579
      vertex 566.239 -35.1213 94.6136
      vertex 566.307 -35.5 94.1249
    endloop
  endfacet
  facet normal 0.998502 0.054462 0.00518693
    outer loop
      vertex 573.869 31.7765 111.618
      vertex 573.828 34.5 90.9143
      vertex 573.828 32.5 111.914
    endloop
  endfacet
  facet normal 0.998503 0.0544566 0.00518622
    outer loop
      vertex 573.828 34.5 90.9143
      vertex 573.869 31.7765 111.618
      vertex 573.869 33.7765 90.6175
    endloop
  endfacet
  facet normal 0.99219 0.0198623 0.123146
    outer loop
      vertex 573.675 2.59808 118.002
      vertex 573.761 33.1213 112.386
      vertex 573.675 33.5981 113.002
    endloop
  endfacet
  facet normal 0.99219 0.0198625 0.123147
    outer loop
      vertex 573.761 33.1213 112.386
      vertex 573.675 2.59808 118.002
      vertex 573.761 2.12132 117.386
    endloop
  endfacet
  facet normal 0.988497 0.0240823 0.149311
    outer loop
      vertex 573.257 33.5981 115.973
      vertex 573.358 2.89778 120.256
      vertex 573.358 33.8978 115.256
    endloop
  endfacet
  facet normal 0.988497 0.0240823 0.149311
    outer loop
      vertex 573.358 2.89778 120.256
      vertex 573.257 33.5981 115.973
      vertex 573.257 2.59808 120.973
    endloop
  endfacet
  facet normal 0.990245 -0 0.139337
    outer loop
      vertex 573.104 -1.5 122.06
      vertex 573.675 2.59808 118.002
      vertex 573.104 1.5 122.06
    endloop
  endfacet
  facet normal 0.990245 0 0.139337
    outer loop
      vertex 573.675 2.59808 118.002
      vertex 573.104 -1.5 122.06
      vertex 573.675 -2.59808 118.002
    endloop
  endfacet
  facet normal 0.990319 0.00214712 0.138797
    outer loop
      vertex 573.574 2.89778 118.718
      vertex 573.466 3 119.487
      vertex 573.675 2.59808 118.002
    endloop
  endfacet
  facet normal 0.998059 0.00991753 0.0614888
    outer loop
      vertex 573.869 0.776457 116.618
      vertex 573.883 31 111.516
      vertex 573.869 31.7765 111.618
    endloop
  endfacet
  facet normal 0.998058 0.00991784 0.0614906
    outer loop
      vertex 573.883 31 111.516
      vertex 573.869 0.776457 116.618
      vertex 573.883 0 116.516
    endloop
  endfacet
  facet normal -1 0 0
    outer loop
      vertex 566.117 33 95.4837
      vertex 566.117 0 121.484
      vertex 566.117 31 116.484
    endloop
  endfacet
  facet normal -1 0 0
    outer loop
      vertex 566.117 -33 95.4837
      vertex 566.117 0 121.484
      vertex 566.117 33 95.4837
    endloop
  endfacet
  facet normal -1 0 0
    outer loop
      vertex 566.117 0 121.484
      vertex 566.117 -33 95.4837
      vertex 566.117 -31 116.484
    endloop
  endfacet
  facet normal -0.85358 -0.0829541 0.514315
    outer loop
      vertex 566.117 -31 116.484
      vertex 566.131 -0.776457 121.382
      vertex 566.117 0 121.484
    endloop
  endfacet
  facet normal -0.853647 -0.0829364 0.514206
    outer loop
      vertex 566.131 -0.776457 121.382
      vertex 566.117 -31 116.484
      vertex 566.131 -31.7765 116.382
    endloop
  endfacet
  facet normal -0.99825 -0.0588634 0.00560617
    outer loop
      vertex 566.131 -33.7765 95.3825
      vertex 566.172 -32.5 116.086
      vertex 566.131 -31.7765 116.382
    endloop
  endfacet
  facet normal -0.99825 -0.0588698 0.00560656
    outer loop
      vertex 566.172 -32.5 116.086
      vertex 566.131 -33.7765 95.3825
      vertex 566.172 -34.5 95.0857
    endloop
  endfacet
  facet normal 0.990606 -0 0.13675
    outer loop
      vertex 573.063 -0.776457 122.357
      vertex 573.104 1.5 122.06
      vertex 573.063 0.776457 122.357
    endloop
  endfacet
  facet normal 0.990606 0 0.13675
    outer loop
      vertex 573.104 1.5 122.06
      vertex 573.063 -0.776457 122.357
      vertex 573.104 -1.5 122.06
    endloop
  endfacet
  facet normal 0.987148 -0.0254463 0.157767
    outer loop
      vertex 573.171 -33.1213 116.588
      vertex 573.257 -2.59808 120.973
      vertex 573.171 -2.12132 121.588
    endloop
  endfacet
  facet normal 0.987148 -0.0254465 0.157769
    outer loop
      vertex 573.257 -2.59808 120.973
      vertex 573.171 -33.1213 116.588
      vertex 573.257 -33.5981 115.973
    endloop
  endfacet
  facet normal -0.110389 0.608754 0.785642
    outer loop
      vertex 566.239 33.1213 115.614
      vertex 566.172 32.5 116.086
      vertex 573.171 33.1213 116.588
    endloop
  endfacet
  facet normal 0.994975 -0.015943 0.0988465
    outer loop
      vertex 573.828 -1.5 116.914
      vertex 573.869 -31.7765 111.618
      vertex 573.869 -0.776457 116.618
    endloop
  endfacet
  facet normal 0.994975 -0.0159432 0.0988481
    outer loop
      vertex 573.869 -31.7765 111.618
      vertex 573.828 -1.5 116.914
      vertex 573.828 -32.5 111.914
    endloop
  endfacet
  facet normal 0.998058 -0.00991784 0.0614906
    outer loop
      vertex 573.869 -0.776457 116.618
      vertex 573.883 -31 111.516
      vertex 573.883 0 116.516
    endloop
  endfacet
  facet normal 0.998059 -0.00991753 0.0614888
    outer loop
      vertex 573.883 -31 111.516
      vertex 573.869 -0.776457 116.618
      vertex 573.869 -31.7765 111.618
    endloop
  endfacet
  facet normal -0.0846526 0.793635 0.602476
    outer loop
      vertex 566.325 33.5981 114.998
      vertex 566.239 33.1213 115.614
      vertex 573.171 33.1213 116.588
    endloop
  endfacet
  facet normal -0.0848228 0.793167 0.603069
    outer loop
      vertex 573.257 33.5981 115.973
      vertex 566.325 33.5981 114.998
      vertex 573.171 33.1213 116.588
    endloop
  endfacet
  facet normal -0.0181556 0.991451 0.129214
    outer loop
      vertex 573.466 34 114.487
      vertex 566.426 33.8978 114.282
      vertex 573.358 33.8978 115.256
    endloop
  endfacet
  facet normal -0.0181556 0.991451 0.129214
    outer loop
      vertex 566.426 33.8978 114.282
      vertex 573.466 34 114.487
      vertex 566.534 34 113.513
    endloop
  endfacet
  facet normal -0.0133202 0.995407 0.0948007
    outer loop
      vertex 573.466 35 103.987
      vertex 566.534 34 113.513
      vertex 573.466 34 114.487
    endloop
  endfacet
  facet normal -0.0133202 0.995407 0.0948007
    outer loop
      vertex 566.534 34 113.513
      vertex 573.466 35 103.987
      vertex 566.534 35 103.013
    endloop
  endfacet
  facet normal -0.0848228 -0.793167 0.603069
    outer loop
      vertex 573.171 -33.1213 116.588
      vertex 566.325 -33.5981 114.998
      vertex 573.257 -33.5981 115.973
    endloop
  endfacet
  facet normal -0.110389 -0.608754 0.785642
    outer loop
      vertex 573.104 -32.5 117.06
      vertex 566.172 -32.5 116.086
      vertex 573.171 -33.1213 116.588
    endloop
  endfacet
  facet normal 0.110402 0.608834 -0.785578
    outer loop
      vertex 573.828 34.5 90.9143
      vertex 566.829 35.1213 90.4122
      vertex 573.761 35.1213 91.3864
    endloop
  endfacet
  facet normal 0.990257 0 0.139255
    outer loop
      vertex 573.675 2.59808 118.002
      vertex 573.828 -1.5 116.914
      vertex 573.828 1.5 116.914
    endloop
  endfacet
  facet normal 0.990257 0 0.139255
    outer loop
      vertex 573.828 -1.5 116.914
      vertex 573.675 2.59808 118.002
      vertex 573.675 -2.59808 118.002
    endloop
  endfacet
  facet normal -0.110389 0.608754 0.785642
    outer loop
      vertex 573.171 33.1213 116.588
      vertex 566.172 32.5 116.086
      vertex 573.104 32.5 117.06
    endloop
  endfacet
  facet normal -0.128541 0.382828 0.914833
    outer loop
      vertex 573.104 32.5 117.06
      vertex 566.172 32.5 116.086
      vertex 573.063 31.7765 117.357
    endloop
  endfacet
  facet normal 0.990763 -0.0038664 0.135548
    outer loop
      vertex 573.171 2.12132 121.588
      vertex 573.104 1.5 122.06
      vertex 573.257 2.59808 120.973
    endloop
  endfacet
  facet normal 0.987148 0.0254465 0.157769
    outer loop
      vertex 573.171 33.1213 116.588
      vertex 573.257 2.59808 120.973
      vertex 573.257 33.5981 115.973
    endloop
  endfacet
  facet normal 0.987148 0.0254463 0.157767
    outer loop
      vertex 573.257 2.59808 120.973
      vertex 573.171 33.1213 116.588
      vertex 573.171 2.12132 121.588
    endloop
  endfacet
  facet normal 0.99219 -0.0198625 0.123147
    outer loop
      vertex 573.675 -2.59808 118.002
      vertex 573.761 -33.1213 112.386
      vertex 573.761 -2.12132 117.386
    endloop
  endfacet
  facet normal 0.99219 -0.0198623 0.123146
    outer loop
      vertex 573.761 -33.1213 112.386
      vertex 573.675 -2.59808 118.002
      vertex 573.675 -33.5981 113.002
    endloop
  endfacet
  facet normal 0.964013 0.264658 0.0252059
    outer loop
      vertex 573.675 33.5981 113.002
      vertex 573.574 35.1022 101.072
      vertex 573.574 33.8978 113.718
    endloop
  endfacet
  facet normal 0.964025 0.264614 0.0252002
    outer loop
      vertex 573.574 35.1022 101.072
      vertex 573.675 33.5981 113.002
      vertex 573.675 35.4019 94.0613
    endloop
  endfacet
  facet normal 0.974483 -0.0357414 0.221597
    outer loop
      vertex 573.063 -31.7765 117.357
      vertex 573.104 -1.5 122.06
      vertex 573.063 -0.776457 122.357
    endloop
  endfacet
  facet normal 0.974485 -0.0357401 0.221589
    outer loop
      vertex 573.104 -1.5 122.06
      vertex 573.063 -31.7765 117.357
      vertex 573.104 -32.5 117.06
    endloop
  endfacet
  facet normal 0.990247 0.000405926 0.139321
    outer loop
      vertex 573.675 -2.59808 118.002
      vertex 573.257 -2.59808 120.973
      vertex 573.358 -2.89778 120.256
    endloop
  endfacet
  facet normal 0.988497 -0.0240823 0.149311
    outer loop
      vertex 573.257 -33.5981 115.973
      vertex 573.358 -2.89778 120.256
      vertex 573.257 -2.59808 120.973
    endloop
  endfacet
  facet normal 0.988497 -0.0240823 0.149311
    outer loop
      vertex 573.358 -2.89778 120.256
      vertex 573.257 -33.5981 115.973
      vertex 573.358 -33.8978 115.256
    endloop
  endfacet
  facet normal 0.994936 0.100053 0.00952905
    outer loop
      vertex 573.828 32.5 111.914
      vertex 573.761 35.1213 91.3864
      vertex 573.761 33.1213 112.386
    endloop
  endfacet
  facet normal 0.994937 0.100052 0.00952888
    outer loop
      vertex 573.761 35.1213 91.3864
      vertex 573.828 32.5 111.914
      vertex 573.828 34.5 90.9143
    endloop
  endfacet
  facet normal 0.994975 0.0159432 0.0988481
    outer loop
      vertex 573.828 1.5 116.914
      vertex 573.869 31.7765 111.618
      vertex 573.828 32.5 111.914
    endloop
  endfacet
  facet normal 0.994975 0.015943 0.0988465
    outer loop
      vertex 573.869 31.7765 111.618
      vertex 573.828 1.5 116.914
      vertex 573.869 0.776457 116.618
    endloop
  endfacet
  facet normal 0.990463 -0.00024122 0.137782
    outer loop
      vertex 573.869 0.776457 116.618
      vertex 573.828 1.5 116.914
      vertex 573.883 0 116.516
    endloop
  endfacet
  facet normal 0.991161 0.0211246 0.130972
    outer loop
      vertex 573.574 2.89778 118.718
      vertex 573.675 33.5981 113.002
      vertex 573.574 33.8978 113.718
    endloop
  endfacet
  facet normal 0.991161 0.0211246 0.130972
    outer loop
      vertex 573.675 33.5981 113.002
      vertex 573.574 2.89778 118.718
      vertex 573.675 2.59808 118.002
    endloop
  endfacet
  facet normal 0.990463 0.00024122 0.137782
    outer loop
      vertex 573.883 0 116.516
      vertex 573.828 -1.5 116.914
      vertex 573.869 -0.776457 116.618
    endloop
  endfacet
  facet normal 0.990319 -0.00214712 0.138797
    outer loop
      vertex 573.675 -2.59808 118.002
      vertex 573.466 -3 119.487
      vertex 573.574 -2.89778 118.718
    endloop
  endfacet
  facet normal 0.987234 -0.158558 0.0151001
    outer loop
      vertex 573.675 -35.4019 94.0613
      vertex 573.761 -33.1213 112.386
      vertex 573.675 -33.5981 113.002
    endloop
  endfacet
  facet normal 0.987229 -0.158589 0.015104
    outer loop
      vertex 573.761 -33.1213 112.386
      vertex 573.675 -35.4019 94.0613
      vertex 573.761 -35.1213 91.3864
    endloop
  endfacet
  facet normal 0.987374 -0.157673 0.0152047
    outer loop
      vertex 573.761 -35.1213 91.3864
      vertex 573.675 -35.4019 94.0613
      vertex 573.693 -35.5 91.8751
    endloop
  endfacet
  facet normal 0.994936 -0.100053 0.00952905
    outer loop
      vertex 573.761 -35.1213 91.3864
      vertex 573.828 -32.5 111.914
      vertex 573.761 -33.1213 112.386
    endloop
  endfacet
  facet normal 0.994937 -0.100052 0.00952888
    outer loop
      vertex 573.828 -32.5 111.914
      vertex 573.761 -35.1213 91.3864
      vertex 573.828 -34.5 90.9143
    endloop
  endfacet
  facet normal -0.0532753 -0.923795 0.379163
    outer loop
      vertex 573.358 -33.8978 115.256
      vertex 566.325 -33.5981 114.998
      vertex 566.426 -33.8978 114.282
    endloop
  endfacet
  facet normal -0.0181556 -0.991451 0.129214
    outer loop
      vertex 566.426 -33.8978 114.282
      vertex 573.466 -34 114.487
      vertex 573.358 -33.8978 115.256
    endloop
  endfacet
  facet normal -0.0181556 -0.991451 0.129214
    outer loop
      vertex 573.466 -34 114.487
      vertex 566.426 -33.8978 114.282
      vertex 566.534 -34 113.513
    endloop
  endfacet
  facet normal 0.990268 -0.000732699 0.139173
    outer loop
      vertex 573.675 -2.59808 118.002
      vertex 573.358 -2.89778 120.256
      vertex 573.466 -3 119.487
    endloop
  endfacet
  facet normal 0.990247 5.97962e-05 0.139321
    outer loop
      vertex 573.675 -2.59808 118.002
      vertex 573.104 -1.5 122.06
      vertex 573.257 -2.59808 120.973
    endloop
  endfacet
  facet normal 0.990441 -0.0219645 0.13618
    outer loop
      vertex 573.466 -34 114.487
      vertex 573.574 -2.89778 118.718
      vertex 573.466 -3 119.487
    endloop
  endfacet
  facet normal 0.990441 -0.0219646 0.13618
    outer loop
      vertex 573.574 -2.89778 118.718
      vertex 573.466 -34 114.487
      vertex 573.574 -33.8978 113.718
    endloop
  endfacet
  facet normal 0.990763 0.0038664 0.135548
    outer loop
      vertex 573.257 -2.59808 120.973
      vertex 573.104 -1.5 122.06
      vertex 573.171 -2.12132 121.588
    endloop
  endfacet
  facet normal 0.989598 -0.0229074 0.142026
    outer loop
      vertex 573.358 -33.8978 115.256
      vertex 573.466 -3 119.487
      vertex 573.358 -2.89778 120.256
    endloop
  endfacet
  facet normal 0.989598 -0.0229074 0.142026
    outer loop
      vertex 573.466 -3 119.487
      vertex 573.358 -33.8978 115.256
      vertex 573.466 -34 114.487
    endloop
  endfacet
endsolid OpenSCAD_Model
