solid OpenSCAD_Model
  facet normal 0.976327 0.2163 0
    outer loop
      vertex 2.89778 -18.2235 112
      vertex 2.92647 -18.353 9.41481
      vertex 2.89778 -18.2235 9.37401
    endloop
  endfacet
  facet normal 0.976316 0.216348 -0
    outer loop
      vertex 2.95442 -18.4791 9.44277
      vertex 2.89778 -18.2235 112
      vertex 2.95442 -18.4791 112
    endloop
  endfacet
  facet normal 0.976305 0.216398 -1.29474e-07
    outer loop
      vertex 2.89778 -18.2235 112
      vertex 2.95442 -18.4791 9.44277
      vertex 2.92647 -18.353 9.41481
    endloop
  endfacet
  facet normal 0.976327 0.2163 0
    outer loop
      vertex 2.92647 -18.353 4.58519
      vertex 2.89778 -18.2235 0
      vertex 2.89778 -18.2235 4.62599
    endloop
  endfacet
  facet normal 0.976305 0.216397 2.87952e-06
    outer loop
      vertex 2.95442 -18.4791 4.55723
      vertex 2.89778 -18.2235 0
      vertex 2.92647 -18.353 4.58519
    endloop
  endfacet
  facet normal 0.976316 0.216348 0
    outer loop
      vertex 2.89778 -18.2235 0
      vertex 2.95442 -18.4791 4.55723
      vertex 2.95442 -18.4791 0
    endloop
  endfacet
  facet normal 0.991441 0.130555 0
    outer loop
      vertex 2.95442 -18.4791 112
      vertex 2.96585 -18.5659 9.46202
      vertex 2.95442 -18.4791 9.44277
    endloop
  endfacet
  facet normal 0.99144 0.130561 -0
    outer loop
      vertex 2.98858 -18.7385 9.48475
      vertex 2.95442 -18.4791 112
      vertex 2.98858 -18.7385 112
    endloop
  endfacet
  facet normal 0.99144 0.130564 -8.17797e-09
    outer loop
      vertex 2.95442 -18.4791 112
      vertex 2.98858 -18.7385 9.48475
      vertex 2.96585 -18.5659 9.46202
    endloop
  endfacet
  facet normal 0.991441 0.130555 0
    outer loop
      vertex 2.96585 -18.5659 4.53798
      vertex 2.95442 -18.4791 0
      vertex 2.95442 -18.4791 4.55723
    endloop
  endfacet
  facet normal 0.99144 0.130564 1.84342e-07
    outer loop
      vertex 2.98858 -18.7385 4.51525
      vertex 2.95442 -18.4791 0
      vertex 2.96585 -18.5659 4.53798
    endloop
  endfacet
  facet normal 0.99144 0.130561 0
    outer loop
      vertex 2.95442 -18.4791 0
      vertex 2.98858 -18.7385 4.51525
      vertex 2.98858 -18.7385 0
    endloop
  endfacet
  facet normal 0.999042 0.0437654 0
    outer loop
      vertex 2.99049 -18.7821 4.50951
      vertex 2.98858 -18.7385 0
      vertex 2.98858 -18.7385 4.51525
    endloop
  endfacet
  facet normal 0.999049 0.0436024 -1.5783e-06
    outer loop
      vertex 3 -19 4.5
      vertex 2.98858 -18.7385 0
      vertex 2.99049 -18.7821 4.50951
    endloop
  endfacet
  facet normal 0.999048 0.0436295 0
    outer loop
      vertex 2.98858 -18.7385 0
      vertex 3 -19 4.5
      vertex 3 -19 0
    endloop
  endfacet
  facet normal 0.999042 0.0437654 0
    outer loop
      vertex 2.98858 -18.7385 112
      vertex 2.99049 -18.7821 9.49049
      vertex 2.98858 -18.7385 9.48475
    endloop
  endfacet
  facet normal 0.999048 0.0436295 -0
    outer loop
      vertex 3 -19 9.5
      vertex 2.98858 -18.7385 112
      vertex 3 -19 112
    endloop
  endfacet
  facet normal 0.999049 0.0436024 6.9459e-08
    outer loop
      vertex 2.98858 -18.7385 112
      vertex 3 -19 9.5
      vertex 2.99049 -18.7821 9.49049
    endloop
  endfacet
  facet normal -0.300707 0.953716 0
    outer loop
      vertex -1.02606 -16.1809 0
      vertex -0.776457 -16.1022 15.626
      vertex -0.776457 -16.1022 0
    endloop
  endfacet
  facet normal -0.300922 0.953649 3.77454e-06
    outer loop
      vertex -0.776457 -16.1022 15.626
      vertex -1.02606 -16.1809 0
      vertex -0.85505 -16.127 15.6508
    endloop
  endfacet
  facet normal -0.300608 0.953748 0
    outer loop
      vertex -0.85505 -16.127 15.6508
      vertex -1.02606 -16.1809 0
      vertex -1.02606 -16.1809 15.7216
    endloop
  endfacet
  facet normal -0.300707 0.953716 0
    outer loop
      vertex -0.776457 -16.1022 110.374
      vertex -1.02606 -16.1809 112
      vertex -0.776457 -16.1022 112
    endloop
  endfacet
  facet normal -0.300913 0.953651 -3.47593e-05
    outer loop
      vertex -0.85505 -16.127 110.349
      vertex -1.02606 -16.1809 112
      vertex -0.776457 -16.1022 110.374
    endloop
  endfacet
  facet normal -0.300608 0.953748 0
    outer loop
      vertex -1.02606 -16.1809 112
      vertex -0.85505 -16.127 110.349
      vertex -1.02606 -16.1809 110.278
    endloop
  endfacet
  facet normal -0.300923 0.953648 0
    outer loop
      vertex -0.776457 -16.1022 20.374
      vertex -0.85505 -16.127 45.6508
      vertex -0.776457 -16.1022 45.626
    endloop
  endfacet
  facet normal -0.300923 0.953648 0
    outer loop
      vertex -0.85505 -16.127 20.3492
      vertex -0.85505 -16.127 45.6508
      vertex -0.776457 -16.1022 20.374
    endloop
  endfacet
  facet normal -0.300608 0.953748 0
    outer loop
      vertex -0.85505 -16.127 45.6508
      vertex -0.85505 -16.127 20.3492
      vertex -1.02606 -16.1809 45.7216
    endloop
  endfacet
  facet normal -0.300608 0.953748 0
    outer loop
      vertex -1.02606 -16.1809 45.7216
      vertex -0.85505 -16.127 20.3492
      vertex -1.02606 -16.1809 20.2784
    endloop
  endfacet
  facet normal -0.300923 0.953648 0
    outer loop
      vertex -0.776457 -16.1022 50.374
      vertex -0.85505 -16.127 75.6508
      vertex -0.776457 -16.1022 75.626
    endloop
  endfacet
  facet normal -0.300923 0.953648 0
    outer loop
      vertex -0.85505 -16.127 50.3492
      vertex -0.85505 -16.127 75.6508
      vertex -0.776457 -16.1022 50.374
    endloop
  endfacet
  facet normal -0.300608 0.953748 0
    outer loop
      vertex -0.85505 -16.127 75.6508
      vertex -0.85505 -16.127 50.3492
      vertex -1.02606 -16.1809 75.7216
    endloop
  endfacet
  facet normal -0.300608 0.953748 0
    outer loop
      vertex -1.02606 -16.1809 75.7216
      vertex -0.85505 -16.127 50.3492
      vertex -1.02606 -16.1809 50.2784
    endloop
  endfacet
  facet normal -0.300923 0.953648 0
    outer loop
      vertex -0.776457 -16.1022 80.374
      vertex -0.85505 -16.127 105.651
      vertex -0.776457 -16.1022 105.626
    endloop
  endfacet
  facet normal -0.300923 0.953648 0
    outer loop
      vertex -0.85505 -16.127 80.3492
      vertex -0.85505 -16.127 105.651
      vertex -0.776457 -16.1022 80.374
    endloop
  endfacet
  facet normal -0.300608 0.953748 0
    outer loop
      vertex -0.85505 -16.127 105.651
      vertex -0.85505 -16.127 80.3492
      vertex -1.02606 -16.1809 105.722
    endloop
  endfacet
  facet normal -0.300608 0.953748 0
    outer loop
      vertex -1.02606 -16.1809 105.722
      vertex -0.85505 -16.127 80.3492
      vertex -1.02606 -16.1809 80.2784
    endloop
  endfacet
  facet normal -0.976327 0.2163 0
    outer loop
      vertex -2.92647 -18.353 9.41481
      vertex -2.89778 -18.2235 112
      vertex -2.89778 -18.2235 9.37401
    endloop
  endfacet
  facet normal -0.976305 0.216398 -1.29474e-07
    outer loop
      vertex -2.95442 -18.4791 9.44277
      vertex -2.89778 -18.2235 112
      vertex -2.92647 -18.353 9.41481
    endloop
  endfacet
  facet normal -0.976316 0.216348 0
    outer loop
      vertex -2.89778 -18.2235 112
      vertex -2.95442 -18.4791 9.44277
      vertex -2.95442 -18.4791 112
    endloop
  endfacet
  facet normal -0.976327 0.2163 0
    outer loop
      vertex -2.89778 -18.2235 0
      vertex -2.92647 -18.353 4.58519
      vertex -2.89778 -18.2235 4.62599
    endloop
  endfacet
  facet normal -0.976316 0.216348 0
    outer loop
      vertex -2.95442 -18.4791 4.55723
      vertex -2.89778 -18.2235 0
      vertex -2.95442 -18.4791 0
    endloop
  endfacet
  facet normal -0.976305 0.216397 2.87952e-06
    outer loop
      vertex -2.89778 -18.2235 0
      vertex -2.95442 -18.4791 4.55723
      vertex -2.92647 -18.353 4.58519
    endloop
  endfacet
  facet normal 0.216273 -0.976333 0
    outer loop
      vertex 0.520944 -21.9544 0
      vertex 0.776457 -21.8978 112
      vertex 0.520944 -21.9544 112
    endloop
  endfacet
  facet normal 0.216273 -0.976333 0
    outer loop
      vertex 0.776457 -21.8978 112
      vertex 0.520944 -21.9544 0
      vertex 0.776457 -21.8978 0
    endloop
  endfacet
  facet normal -0.382838 -0.923816 0
    outer loop
      vertex -1.26785 -21.7189 0
      vertex -1.02606 -21.8191 112
      vertex -1.26785 -21.7189 112
    endloop
  endfacet
  facet normal -0.382838 -0.923816 -0
    outer loop
      vertex -1.02606 -21.8191 112
      vertex -1.26785 -21.7189 0
      vertex -1.02606 -21.8191 0
    endloop
  endfacet
  facet normal -0.608954 0.793206 0
    outer loop
      vertex -1.72073 -16.5425 109.811
      vertex -1.92836 -16.7019 112
      vertex -1.72073 -16.5425 112
    endloop
  endfacet
  facet normal -0.608825 0.793305 1.93756e-05
    outer loop
      vertex -1.76777 -16.5786 109.768
      vertex -1.92836 -16.7019 112
      vertex -1.72073 -16.5425 109.811
    endloop
  endfacet
  facet normal -0.60891 0.793239 9.60023e-06
    outer loop
      vertex -1.91511 -16.6917 109.607
      vertex -1.92836 -16.7019 112
      vertex -1.76777 -16.5786 109.768
    endloop
  endfacet
  facet normal -0.61 0.792402 0
    outer loop
      vertex -1.92836 -16.7019 112
      vertex -1.91511 -16.6917 109.607
      vertex -1.92836 -16.7019 109.59
    endloop
  endfacet
  facet normal -0.609297 0.792942 0
    outer loop
      vertex -1.72073 -16.5425 0
      vertex -1.7763 -16.5852 6.35295
      vertex -1.72073 -16.5425 6.5453
    endloop
  endfacet
  facet normal -0.608867 0.793272 5.97516e-06
    outer loop
      vertex -1.72073 -16.5425 0
      vertex -1.86177 -16.6508 6.14495
      vertex -1.7763 -16.5852 6.35295
    endloop
  endfacet
  facet normal -0.608799 0.793324 8.46714e-06
    outer loop
      vertex -1.72073 -16.5425 0
      vertex -1.92836 -16.7019 6.02159
      vertex -1.86177 -16.6508 6.14495
    endloop
  endfacet
  facet normal -0.608954 0.793206 0
    outer loop
      vertex -1.92836 -16.7019 6.02159
      vertex -1.72073 -16.5425 0
      vertex -1.92836 -16.7019 0
    endloop
  endfacet
  facet normal -0.61 0.792402 0
    outer loop
      vertex -1.91511 -16.6917 16.393
      vertex -1.92836 -16.7019 7.97841
      vertex -1.92836 -16.7019 16.4103
    endloop
  endfacet
  facet normal -0.608906 0.793243 -2.742e-06
    outer loop
      vertex -1.76777 -16.5786 16.2322
      vertex -1.92836 -16.7019 7.97841
      vertex -1.91511 -16.6917 16.393
    endloop
  endfacet
  facet normal -0.608817 0.793311 -5.48641e-06
    outer loop
      vertex -1.72073 -16.5425 16.1891
      vertex -1.92836 -16.7019 7.97841
      vertex -1.76777 -16.5786 16.2322
    endloop
  endfacet
  facet normal -0.608797 0.793326 -6.31071e-06
    outer loop
      vertex -1.72073 -16.5425 16.1891
      vertex -1.86177 -16.6508 7.85505
      vertex -1.92836 -16.7019 7.97841
    endloop
  endfacet
  facet normal -0.608865 0.793274 -4.46776e-06
    outer loop
      vertex -1.72073 -16.5425 16.1891
      vertex -1.7763 -16.5852 7.64705
      vertex -1.86177 -16.6508 7.85505
    endloop
  endfacet
  facet normal -0.609297 0.792942 0
    outer loop
      vertex -1.7763 -16.5852 7.64705
      vertex -1.72073 -16.5425 16.1891
      vertex -1.72073 -16.5425 7.4547
    endloop
  endfacet
  facet normal -0.608814 0.793313 0
    outer loop
      vertex -1.72073 -16.5425 19.8109
      vertex -1.76777 -16.5786 46.2322
      vertex -1.72073 -16.5425 46.1891
    endloop
  endfacet
  facet normal -0.608814 0.793313 0
    outer loop
      vertex -1.76777 -16.5786 19.7678
      vertex -1.76777 -16.5786 46.2322
      vertex -1.72073 -16.5425 19.8109
    endloop
  endfacet
  facet normal -0.608904 0.793244 0
    outer loop
      vertex -1.76777 -16.5786 46.2322
      vertex -1.76777 -16.5786 19.7678
      vertex -1.91511 -16.6917 46.393
    endloop
  endfacet
  facet normal -0.608904 0.793244 0
    outer loop
      vertex -1.91511 -16.6917 19.607
      vertex -1.91511 -16.6917 46.393
      vertex -1.76777 -16.5786 19.7678
    endloop
  endfacet
  facet normal -0.61 0.792402 0
    outer loop
      vertex -1.91511 -16.6917 46.393
      vertex -1.91511 -16.6917 19.607
      vertex -1.92836 -16.7019 46.4103
    endloop
  endfacet
  facet normal -0.61 0.792402 0
    outer loop
      vertex -1.92836 -16.7019 46.4103
      vertex -1.91511 -16.6917 19.607
      vertex -1.92836 -16.7019 19.5897
    endloop
  endfacet
  facet normal -0.608814 0.793313 0
    outer loop
      vertex -1.72073 -16.5425 79.8109
      vertex -1.76777 -16.5786 106.232
      vertex -1.72073 -16.5425 106.189
    endloop
  endfacet
  facet normal -0.608814 0.793313 0
    outer loop
      vertex -1.76777 -16.5786 79.7678
      vertex -1.76777 -16.5786 106.232
      vertex -1.72073 -16.5425 79.8109
    endloop
  endfacet
  facet normal -0.608904 0.793244 0
    outer loop
      vertex -1.76777 -16.5786 106.232
      vertex -1.76777 -16.5786 79.7678
      vertex -1.91511 -16.6917 106.393
    endloop
  endfacet
  facet normal -0.608904 0.793244 0
    outer loop
      vertex -1.91511 -16.6917 79.607
      vertex -1.91511 -16.6917 106.393
      vertex -1.76777 -16.5786 79.7678
    endloop
  endfacet
  facet normal -0.61 0.792402 0
    outer loop
      vertex -1.91511 -16.6917 106.393
      vertex -1.91511 -16.6917 79.607
      vertex -1.92836 -16.7019 106.41
    endloop
  endfacet
  facet normal -0.61 0.792402 0
    outer loop
      vertex -1.92836 -16.7019 106.41
      vertex -1.91511 -16.6917 79.607
      vertex -1.92836 -16.7019 79.5897
    endloop
  endfacet
  facet normal -0.608814 0.793313 0
    outer loop
      vertex -1.72073 -16.5425 49.8109
      vertex -1.76777 -16.5786 76.2322
      vertex -1.72073 -16.5425 76.1891
    endloop
  endfacet
  facet normal -0.608814 0.793313 0
    outer loop
      vertex -1.76777 -16.5786 49.7678
      vertex -1.76777 -16.5786 76.2322
      vertex -1.72073 -16.5425 49.8109
    endloop
  endfacet
  facet normal -0.608904 0.793244 0
    outer loop
      vertex -1.76777 -16.5786 76.2322
      vertex -1.76777 -16.5786 49.7678
      vertex -1.91511 -16.6917 76.393
    endloop
  endfacet
  facet normal -0.608904 0.793244 0
    outer loop
      vertex -1.91511 -16.6917 49.607
      vertex -1.91511 -16.6917 76.393
      vertex -1.76777 -16.5786 49.7678
    endloop
  endfacet
  facet normal -0.61 0.792402 0
    outer loop
      vertex -1.91511 -16.6917 76.393
      vertex -1.91511 -16.6917 49.607
      vertex -1.92836 -16.7019 76.4103
    endloop
  endfacet
  facet normal -0.61 0.792402 0
    outer loop
      vertex -1.92836 -16.7019 76.4103
      vertex -1.91511 -16.6917 49.607
      vertex -1.92836 -16.7019 49.5897
    endloop
  endfacet
  facet normal 0.130673 -0.991425 0
    outer loop
      vertex 0.261467 -21.9886 0
      vertex 0.520944 -21.9544 112
      vertex 0.261467 -21.9886 112
    endloop
  endfacet
  facet normal 0.130673 -0.991425 0
    outer loop
      vertex 0.520944 -21.9544 112
      vertex 0.261467 -21.9886 0
      vertex 0.520944 -21.9544 0
    endloop
  endfacet
  facet normal -0.953711 0.300726 0
    outer loop
      vertex -2.873 -18.1449 9.34923
      vertex -2.81908 -17.9739 112
      vertex -2.81908 -17.9739 9.2784
    endloop
  endfacet
  facet normal -0.953726 0.300678 8.64812e-08
    outer loop
      vertex -2.89778 -18.2235 9.37401
      vertex -2.81908 -17.9739 112
      vertex -2.873 -18.1449 9.34923
    endloop
  endfacet
  facet normal -0.953715 0.300711 0
    outer loop
      vertex -2.81908 -17.9739 112
      vertex -2.89778 -18.2235 9.37401
      vertex -2.89778 -18.2235 112
    endloop
  endfacet
  facet normal -0.953711 0.300726 0
    outer loop
      vertex -2.81908 -17.9739 0
      vertex -2.873 -18.1449 4.65077
      vertex -2.81908 -17.9739 4.7216
    endloop
  endfacet
  facet normal -0.953715 0.300711 0
    outer loop
      vertex -2.89778 -18.2235 4.62599
      vertex -2.81908 -17.9739 0
      vertex -2.89778 -18.2235 0
    endloop
  endfacet
  facet normal -0.953725 0.300679 -1.88791e-06
    outer loop
      vertex -2.81908 -17.9739 0
      vertex -2.89778 -18.2235 4.62599
      vertex -2.873 -18.1449 4.65077
    endloop
  endfacet
  facet normal -0.675559 0.737306 0
    outer loop
      vertex -1.92836 -16.7019 109.59
      vertex -2.12132 -16.8787 112
      vertex -1.92836 -16.7019 112
    endloop
  endfacet
  facet normal -0.675527 0.737335 4.6723e-06
    outer loop
      vertex -2.04788 -16.8114 109.434
      vertex -2.12132 -16.8787 112
      vertex -1.92836 -16.7019 109.59
    endloop
  endfacet
  facet normal -0.675616 0.737254 0
    outer loop
      vertex -2.12132 -16.8787 112
      vertex -2.04788 -16.8114 109.434
      vertex -2.12132 -16.8787 109.319
    endloop
  endfacet
  facet normal -0.674854 0.737952 0
    outer loop
      vertex -1.92836 -16.7019 0
      vertex -1.96368 -16.7342 5.94345
      vertex -1.92836 -16.7019 6.02159
    endloop
  endfacet
  facet normal -0.675565 0.7373 -7.76825e-06
    outer loop
      vertex -1.92836 -16.7019 0
      vertex -2.07358 -16.8349 5.75
      vertex -1.96368 -16.7342 5.94345
    endloop
  endfacet
  facet normal -0.676023 0.73688 -2.90529e-05
    outer loop
      vertex -1.92836 -16.7019 0
      vertex -2.12132 -16.8787 5.68134
      vertex -2.07358 -16.8349 5.75
    endloop
  endfacet
  facet normal -0.675559 0.737306 0
    outer loop
      vertex -2.12132 -16.8787 5.68134
      vertex -1.92836 -16.7019 0
      vertex -2.12132 -16.8787 0
    endloop
  endfacet
  facet normal -0.675616 0.737254 0
    outer loop
      vertex -2.04788 -16.8114 16.5661
      vertex -2.12132 -16.8787 8.31866
      vertex -2.12132 -16.8787 16.6813
    endloop
  endfacet
  facet normal -0.675525 0.737338 -1.49068e-06
    outer loop
      vertex -1.92836 -16.7019 16.4103
      vertex -2.12132 -16.8787 8.31866
      vertex -2.04788 -16.8114 16.5661
    endloop
  endfacet
  facet normal -0.67603 0.736874 2.06856e-05
    outer loop
      vertex -1.92836 -16.7019 16.4103
      vertex -2.07358 -16.8349 8.25
      vertex -2.12132 -16.8787 8.31866
    endloop
  endfacet
  facet normal -0.675567 0.737298 5.54343e-06
    outer loop
      vertex -1.92836 -16.7019 16.4103
      vertex -1.96368 -16.7342 8.05655
      vertex -2.07358 -16.8349 8.25
    endloop
  endfacet
  facet normal -0.674854 0.737952 0
    outer loop
      vertex -1.96368 -16.7342 8.05655
      vertex -1.92836 -16.7019 16.4103
      vertex -1.92836 -16.7019 7.97841
    endloop
  endfacet
  facet normal -0.675523 0.737338 0
    outer loop
      vertex -1.92836 -16.7019 19.5897
      vertex -2.04788 -16.8114 46.5661
      vertex -1.92836 -16.7019 46.4103
    endloop
  endfacet
  facet normal -0.675523 0.737338 0
    outer loop
      vertex -2.04788 -16.8114 19.4339
      vertex -2.04788 -16.8114 46.5661
      vertex -1.92836 -16.7019 19.5897
    endloop
  endfacet
  facet normal -0.675616 0.737254 0
    outer loop
      vertex -2.04788 -16.8114 46.5661
      vertex -2.04788 -16.8114 19.4339
      vertex -2.12132 -16.8787 46.6813
    endloop
  endfacet
  facet normal -0.675616 0.737254 0
    outer loop
      vertex -2.12132 -16.8787 46.6813
      vertex -2.04788 -16.8114 19.4339
      vertex -2.12132 -16.8787 19.3187
    endloop
  endfacet
  facet normal -0.675523 0.737338 0
    outer loop
      vertex -1.92836 -16.7019 49.5897
      vertex -2.04788 -16.8114 76.5661
      vertex -1.92836 -16.7019 76.4103
    endloop
  endfacet
  facet normal -0.675523 0.737338 0
    outer loop
      vertex -2.04788 -16.8114 49.4339
      vertex -2.04788 -16.8114 76.5661
      vertex -1.92836 -16.7019 49.5897
    endloop
  endfacet
  facet normal -0.675616 0.737254 0
    outer loop
      vertex -2.04788 -16.8114 76.5661
      vertex -2.04788 -16.8114 49.4339
      vertex -2.12132 -16.8787 76.6813
    endloop
  endfacet
  facet normal -0.675616 0.737254 0
    outer loop
      vertex -2.12132 -16.8787 76.6813
      vertex -2.04788 -16.8114 49.4339
      vertex -2.12132 -16.8787 49.3187
    endloop
  endfacet
  facet normal -0.675523 0.737338 0
    outer loop
      vertex -1.92836 -16.7019 79.5897
      vertex -2.04788 -16.8114 106.566
      vertex -1.92836 -16.7019 106.41
    endloop
  endfacet
  facet normal -0.675523 0.737338 0
    outer loop
      vertex -2.04788 -16.8114 79.4339
      vertex -2.04788 -16.8114 106.566
      vertex -1.92836 -16.7019 79.5897
    endloop
  endfacet
  facet normal -0.675616 0.737254 0
    outer loop
      vertex -2.04788 -16.8114 106.566
      vertex -2.04788 -16.8114 79.4339
      vertex -2.12132 -16.8787 106.681
    endloop
  endfacet
  facet normal -0.675616 0.737254 0
    outer loop
      vertex -2.12132 -16.8787 106.681
      vertex -2.04788 -16.8114 79.4339
      vertex -2.12132 -16.8787 79.3187
    endloop
  endfacet
  facet normal -0.537244 0.843427 0
    outer loop
      vertex -1.5 -16.4019 109.997
      vertex -1.72073 -16.5425 112
      vertex -1.5 -16.4019 112
    endloop
  endfacet
  facet normal -0.537567 0.843221 -5.00937e-05
    outer loop
      vertex -1.60697 -16.4701 109.915
      vertex -1.72073 -16.5425 112
      vertex -1.5 -16.4019 109.997
    endloop
  endfacet
  facet normal -0.536914 0.843637 0
    outer loop
      vertex -1.72073 -16.5425 112
      vertex -1.60697 -16.4701 109.915
      vertex -1.72073 -16.5425 109.811
    endloop
  endfacet
  facet normal -0.536914 0.843637 0
    outer loop
      vertex -1.60697 -16.4701 16.0849
      vertex -1.72073 -16.5425 7.4547
      vertex -1.72073 -16.5425 16.1891
    endloop
  endfacet
  facet normal -0.537588 0.843208 1.2482e-05
    outer loop
      vertex -1.5 -16.4019 16.0028
      vertex -1.72073 -16.5425 7.4547
      vertex -1.60697 -16.4701 16.0849
    endloop
  endfacet
  facet normal -0.532479 0.846443 -0.000172657
    outer loop
      vertex -1.5 -16.4019 16.0028
      vertex -1.71357 -16.538 7.43412
      vertex -1.72073 -16.5425 7.4547
    endloop
  endfacet
  facet normal -0.537663 0.84316 8.71622e-06
    outer loop
      vertex -1.5 -16.4019 16.0028
      vertex -1.66888 -16.5095 7.21789
      vertex -1.71357 -16.538 7.43412
    endloop
  endfacet
  facet normal -0.536949 0.843615 -1.05881e-05
    outer loop
      vertex -1.5 -16.4019 16.0028
      vertex -1.65395 -16.5 7
      vertex -1.66888 -16.5095 7.21789
    endloop
  endfacet
  facet normal -0.537389 0.843334 0
    outer loop
      vertex -1.5 -16.4019 0
      vertex -1.65395 -16.5 7
      vertex -1.5 -16.4019 16.0028
    endloop
  endfacet
  facet normal -0.536973 0.8436 1.28812e-05
    outer loop
      vertex -1.5 -16.4019 0
      vertex -1.66888 -16.5095 6.78211
      vertex -1.65395 -16.5 7
    endloop
  endfacet
  facet normal -0.537655 0.843165 -1.10135e-05
    outer loop
      vertex -1.5 -16.4019 0
      vertex -1.71357 -16.538 6.56588
      vertex -1.66888 -16.5095 6.78211
    endloop
  endfacet
  facet normal -0.532578 0.846381 0.000220803
    outer loop
      vertex -1.5 -16.4019 0
      vertex -1.72073 -16.5425 6.5453
      vertex -1.71357 -16.538 6.56588
    endloop
  endfacet
  facet normal -0.537244 0.843427 0
    outer loop
      vertex -1.72073 -16.5425 6.5453
      vertex -1.5 -16.4019 0
      vertex -1.72073 -16.5425 0
    endloop
  endfacet
  facet normal -0.537594 0.843204 0
    outer loop
      vertex -1.5 -16.4019 19.9972
      vertex -1.60697 -16.4701 46.0849
      vertex -1.5 -16.4019 46.0028
    endloop
  endfacet
  facet normal -0.537594 0.843204 0
    outer loop
      vertex -1.60697 -16.4701 19.9151
      vertex -1.60697 -16.4701 46.0849
      vertex -1.5 -16.4019 19.9972
    endloop
  endfacet
  facet normal -0.536914 0.843637 0
    outer loop
      vertex -1.60697 -16.4701 46.0849
      vertex -1.60697 -16.4701 19.9151
      vertex -1.72073 -16.5425 46.1891
    endloop
  endfacet
  facet normal -0.536914 0.843637 0
    outer loop
      vertex -1.72073 -16.5425 46.1891
      vertex -1.60697 -16.4701 19.9151
      vertex -1.72073 -16.5425 19.8109
    endloop
  endfacet
  facet normal -0.537594 0.843204 0
    outer loop
      vertex -1.5 -16.4019 49.9972
      vertex -1.60697 -16.4701 76.0849
      vertex -1.5 -16.4019 76.0028
    endloop
  endfacet
  facet normal -0.537594 0.843204 0
    outer loop
      vertex -1.60697 -16.4701 49.9151
      vertex -1.60697 -16.4701 76.0849
      vertex -1.5 -16.4019 49.9972
    endloop
  endfacet
  facet normal -0.536914 0.843637 0
    outer loop
      vertex -1.60697 -16.4701 76.0849
      vertex -1.60697 -16.4701 49.9151
      vertex -1.72073 -16.5425 76.1891
    endloop
  endfacet
  facet normal -0.536914 0.843637 0
    outer loop
      vertex -1.72073 -16.5425 76.1891
      vertex -1.60697 -16.4701 49.9151
      vertex -1.72073 -16.5425 49.8109
    endloop
  endfacet
  facet normal -0.537594 0.843204 0
    outer loop
      vertex -1.5 -16.4019 79.9972
      vertex -1.60697 -16.4701 106.085
      vertex -1.5 -16.4019 106.003
    endloop
  endfacet
  facet normal -0.537594 0.843204 0
    outer loop
      vertex -1.60697 -16.4701 79.9151
      vertex -1.60697 -16.4701 106.085
      vertex -1.5 -16.4019 79.9972
    endloop
  endfacet
  facet normal -0.536914 0.843637 0
    outer loop
      vertex -1.60697 -16.4701 106.085
      vertex -1.60697 -16.4701 79.9151
      vertex -1.72073 -16.5425 106.189
    endloop
  endfacet
  facet normal -0.536914 0.843637 0
    outer loop
      vertex -1.72073 -16.5425 106.189
      vertex -1.60697 -16.4701 79.9151
      vertex -1.72073 -16.5425 79.8109
    endloop
  endfacet
  facet normal 0.953711 0.300726 0
    outer loop
      vertex 2.873 -18.1449 4.65077
      vertex 2.81908 -17.9739 0
      vertex 2.81908 -17.9739 4.7216
    endloop
  endfacet
  facet normal 0.953725 0.300679 -1.88791e-06
    outer loop
      vertex 2.89778 -18.2235 4.62599
      vertex 2.81908 -17.9739 0
      vertex 2.873 -18.1449 4.65077
    endloop
  endfacet
  facet normal 0.953715 0.300711 0
    outer loop
      vertex 2.81908 -17.9739 0
      vertex 2.89778 -18.2235 4.62599
      vertex 2.89778 -18.2235 0
    endloop
  endfacet
  facet normal 0.953711 0.300726 0
    outer loop
      vertex 2.81908 -17.9739 112
      vertex 2.873 -18.1449 9.34923
      vertex 2.81908 -17.9739 9.2784
    endloop
  endfacet
  facet normal 0.953715 0.300711 -0
    outer loop
      vertex 2.89778 -18.2235 9.37401
      vertex 2.81908 -17.9739 112
      vertex 2.89778 -18.2235 112
    endloop
  endfacet
  facet normal 0.953726 0.300678 8.64812e-08
    outer loop
      vertex 2.81908 -17.9739 112
      vertex 2.89778 -18.2235 9.37401
      vertex 2.873 -18.1449 9.34923
    endloop
  endfacet
  facet normal -0.953715 -0.300711 0
    outer loop
      vertex -2.81908 -20.0261 0
      vertex -2.89778 -19.7765 4.62599
      vertex -2.89778 -19.7765 0
    endloop
  endfacet
  facet normal -0.953617 -0.301021 1.84307e-05
    outer loop
      vertex -2.89778 -19.7765 4.62599
      vertex -2.81908 -20.0261 0
      vertex -2.873 -19.855 4.65077
    endloop
  endfacet
  facet normal -0.953761 -0.300566 0
    outer loop
      vertex -2.873 -19.855 4.65077
      vertex -2.81908 -20.0261 0
      vertex -2.81908 -20.0261 4.7216
    endloop
  endfacet
  facet normal -0.953616 -0.301026 -8.44286e-07
    outer loop
      vertex -2.81908 -20.0261 112
      vertex -2.89778 -19.7765 9.37401
      vertex -2.873 -19.855 9.34923
    endloop
  endfacet
  facet normal -0.953761 -0.300566 -0
    outer loop
      vertex -2.81908 -20.0261 112
      vertex -2.873 -19.855 9.34923
      vertex -2.81908 -20.0261 9.2784
    endloop
  endfacet
  facet normal -0.953715 -0.300711 0
    outer loop
      vertex -2.89778 -19.7765 9.37401
      vertex -2.81908 -20.0261 112
      vertex -2.89778 -19.7765 112
    endloop
  endfacet
  facet normal 0.537244 -0.843427 0
    outer loop
      vertex 1.5 -21.5981 112
      vertex 1.72073 -21.4575 7.4547
      vertex 1.72073 -21.4575 112
    endloop
  endfacet
  facet normal 0.532154 -0.846647 -1.50771e-05
    outer loop
      vertex 1.5 -21.5981 112
      vertex 1.71357 -21.462 7.43412
      vertex 1.72073 -21.4575 7.4547
    endloop
  endfacet
  facet normal 0.53769 -0.843142 7.9254e-07
    outer loop
      vertex 1.5 -21.5981 112
      vertex 1.66888 -21.4905 7.21789
      vertex 1.71357 -21.462 7.43412
    endloop
  endfacet
  facet normal 0.53685 -0.843677 -1.11072e-06
    outer loop
      vertex 1.5 -21.5981 112
      vertex 1.65395 -21.5 7
      vertex 1.66888 -21.4905 7.21789
    endloop
  endfacet
  facet normal 0.537389 -0.843334 0
    outer loop
      vertex 1.5 -21.5981 0
      vertex 1.65395 -21.5 7
      vertex 1.5 -21.5981 112
    endloop
  endfacet
  facet normal 0.536973 -0.8436 1.28812e-05
    outer loop
      vertex 1.5 -21.5981 0
      vertex 1.66888 -21.4905 6.78211
      vertex 1.65395 -21.5 7
    endloop
  endfacet
  facet normal 0.537655 -0.843165 -1.10135e-05
    outer loop
      vertex 1.5 -21.5981 0
      vertex 1.71357 -21.462 6.56588
      vertex 1.66888 -21.4905 6.78211
    endloop
  endfacet
  facet normal 0.532578 -0.846381 0.000220803
    outer loop
      vertex 1.5 -21.5981 0
      vertex 1.72073 -21.4575 6.5453
      vertex 1.71357 -21.462 6.56588
    endloop
  endfacet
  facet normal 0.537244 -0.843427 0
    outer loop
      vertex 1.72073 -21.4575 6.5453
      vertex 1.5 -21.5981 0
      vertex 1.72073 -21.4575 0
    endloop
  endfacet
  facet normal -0.976316 -0.216348 0
    outer loop
      vertex -2.89778 -19.7765 0
      vertex -2.95442 -19.5209 4.55723
      vertex -2.95442 -19.5209 0
    endloop
  endfacet
  facet normal -0.976305 -0.216397 2.87952e-06
    outer loop
      vertex -2.95442 -19.5209 4.55723
      vertex -2.89778 -19.7765 0
      vertex -2.92647 -19.647 4.58519
    endloop
  endfacet
  facet normal -0.976327 -0.2163 0
    outer loop
      vertex -2.92647 -19.647 4.58519
      vertex -2.89778 -19.7765 0
      vertex -2.89778 -19.7765 4.62599
    endloop
  endfacet
  facet normal -0.976305 -0.216398 -1.29474e-07
    outer loop
      vertex -2.89778 -19.7765 112
      vertex -2.95442 -19.5209 9.44277
      vertex -2.92647 -19.647 9.41481
    endloop
  endfacet
  facet normal -0.976327 -0.2163 -0
    outer loop
      vertex -2.89778 -19.7765 112
      vertex -2.92647 -19.647 9.41481
      vertex -2.89778 -19.7765 9.37401
    endloop
  endfacet
  facet normal -0.976316 -0.216348 0
    outer loop
      vertex -2.95442 -19.5209 9.44277
      vertex -2.89778 -19.7765 112
      vertex -2.95442 -19.5209 112
    endloop
  endfacet
  facet normal 0.674854 -0.737952 0
    outer loop
      vertex 1.92836 -21.2981 0
      vertex 1.96368 -21.2658 5.94345
      vertex 1.92836 -21.2981 6.02159
    endloop
  endfacet
  facet normal 0.675565 -0.7373 -7.76825e-06
    outer loop
      vertex 1.92836 -21.2981 0
      vertex 2.07358 -21.1651 5.75
      vertex 1.96368 -21.2658 5.94345
    endloop
  endfacet
  facet normal 0.676023 -0.73688 -2.90529e-05
    outer loop
      vertex 1.92836 -21.2981 0
      vertex 2.12132 -21.1213 5.68134
      vertex 2.07358 -21.1651 5.75
    endloop
  endfacet
  facet normal 0.675559 -0.737306 0
    outer loop
      vertex 2.12132 -21.1213 5.68134
      vertex 1.92836 -21.2981 0
      vertex 2.12132 -21.1213 0
    endloop
  endfacet
  facet normal 0.675559 -0.737306 0
    outer loop
      vertex 1.92836 -21.2981 112
      vertex 2.12132 -21.1213 8.31866
      vertex 2.12132 -21.1213 112
    endloop
  endfacet
  facet normal 0.676045 -0.736861 1.66525e-06
    outer loop
      vertex 1.92836 -21.2981 112
      vertex 2.07358 -21.1651 8.25
      vertex 2.12132 -21.1213 8.31866
    endloop
  endfacet
  facet normal 0.675572 -0.737294 4.4856e-07
    outer loop
      vertex 1.92836 -21.2981 112
      vertex 1.96368 -21.2658 8.05655
      vertex 2.07358 -21.1651 8.25
    endloop
  endfacet
  facet normal 0.674854 -0.737952 0
    outer loop
      vertex 1.96368 -21.2658 8.05655
      vertex 1.92836 -21.2981 112
      vertex 1.92836 -21.2981 7.97841
    endloop
  endfacet
  facet normal 0.976316 -0.216348 0
    outer loop
      vertex 2.89778 -19.7765 112
      vertex 2.95442 -19.5209 9.44277
      vertex 2.95442 -19.5209 112
    endloop
  endfacet
  facet normal 0.976305 -0.216398 -1.29474e-07
    outer loop
      vertex 2.95442 -19.5209 9.44277
      vertex 2.89778 -19.7765 112
      vertex 2.92647 -19.647 9.41481
    endloop
  endfacet
  facet normal 0.976327 -0.2163 0
    outer loop
      vertex 2.92647 -19.647 9.41481
      vertex 2.89778 -19.7765 112
      vertex 2.89778 -19.7765 9.37401
    endloop
  endfacet
  facet normal 0.976305 -0.216397 2.87952e-06
    outer loop
      vertex 2.89778 -19.7765 0
      vertex 2.95442 -19.5209 4.55723
      vertex 2.92647 -19.647 4.58519
    endloop
  endfacet
  facet normal 0.976327 -0.2163 0
    outer loop
      vertex 2.89778 -19.7765 0
      vertex 2.92647 -19.647 4.58519
      vertex 2.89778 -19.7765 4.62599
    endloop
  endfacet
  facet normal 0.976316 -0.216348 0
    outer loop
      vertex 2.95442 -19.5209 4.55723
      vertex 2.89778 -19.7765 0
      vertex 2.95442 -19.5209 0
    endloop
  endfacet
  facet normal 0.924143 0.382048 0
    outer loop
      vertex 2.72632 -17.75 4.83494
      vertex 2.71892 -17.7321 0
      vertex 2.71892 -17.7321 4.84631
    endloop
  endfacet
  facet normal 0.923914 0.3826 2.39218e-06
    outer loop
      vertex 2.80645 -17.9435 4.73423
      vertex 2.71892 -17.7321 0
      vertex 2.72632 -17.75 4.83494
    endloop
  endfacet
  facet normal 0.92348 0.383646 5.71385e-05
    outer loop
      vertex 2.81908 -17.9739 4.7216
      vertex 2.71892 -17.7321 0
      vertex 2.80645 -17.9435 4.73423
    endloop
  endfacet
  facet normal 0.923875 0.382694 0
    outer loop
      vertex 2.71892 -17.7321 0
      vertex 2.81908 -17.9739 4.7216
      vertex 2.81908 -17.9739 0
    endloop
  endfacet
  facet normal 0.924143 0.382048 0
    outer loop
      vertex 2.71892 -17.7321 112
      vertex 2.72632 -17.75 9.16506
      vertex 2.71892 -17.7321 9.15369
    endloop
  endfacet
  facet normal 0.923914 0.382601 -1.12678e-07
    outer loop
      vertex 2.71892 -17.7321 112
      vertex 2.80645 -17.9435 9.26577
      vertex 2.72632 -17.75 9.16506
    endloop
  endfacet
  facet normal 0.923875 0.382694 -0
    outer loop
      vertex 2.81908 -17.9739 9.2784
      vertex 2.71892 -17.7321 112
      vertex 2.81908 -17.9739 112
    endloop
  endfacet
  facet normal 0.923472 0.383665 -2.67961e-06
    outer loop
      vertex 2.71892 -17.7321 112
      vertex 2.81908 -17.9739 9.2784
      vertex 2.80645 -17.9435 9.26577
    endloop
  endfacet
  facet normal -0.99144 -0.130561 0
    outer loop
      vertex -2.95442 -19.5209 0
      vertex -2.98858 -19.2615 4.51525
      vertex -2.98858 -19.2615 0
    endloop
  endfacet
  facet normal -0.99144 -0.130564 1.84342e-07
    outer loop
      vertex -2.98858 -19.2615 4.51525
      vertex -2.95442 -19.5209 0
      vertex -2.96585 -19.4341 4.53798
    endloop
  endfacet
  facet normal -0.991441 -0.130555 0
    outer loop
      vertex -2.96585 -19.4341 4.53798
      vertex -2.95442 -19.5209 0
      vertex -2.95442 -19.5209 4.55723
    endloop
  endfacet
  facet normal -0.99144 -0.130564 -8.17797e-09
    outer loop
      vertex -2.95442 -19.5209 112
      vertex -2.98858 -19.2615 9.48475
      vertex -2.96585 -19.4341 9.46202
    endloop
  endfacet
  facet normal -0.991441 -0.130555 -0
    outer loop
      vertex -2.95442 -19.5209 112
      vertex -2.96585 -19.4341 9.46202
      vertex -2.95442 -19.5209 9.44277
    endloop
  endfacet
  facet normal -0.99144 -0.130561 0
    outer loop
      vertex -2.98858 -19.2615 9.48475
      vertex -2.95442 -19.5209 112
      vertex -2.98858 -19.2615 112
    endloop
  endfacet
  facet normal 0.130673 0.991425 0
    outer loop
      vertex 0.520944 -16.0456 112
      vertex 0.261467 -16.0114 110.485
      vertex 0.261467 -16.0114 112
    endloop
  endfacet
  facet normal 0.130363 0.991466 5.41236e-05
    outer loop
      vertex 0.520944 -16.0456 112
      vertex 0.43412 -16.0341 110.462
      vertex 0.261467 -16.0114 110.485
    endloop
  endfacet
  facet normal 0.131305 0.991342 0
    outer loop
      vertex 0.43412 -16.0341 110.462
      vertex 0.520944 -16.0456 112
      vertex 0.520944 -16.0456 110.443
    endloop
  endfacet
  facet normal 0.131305 0.991342 -0
    outer loop
      vertex 0.520944 -16.0456 0
      vertex 0.43412 -16.0341 15.538
      vertex 0.520944 -16.0456 15.5572
    endloop
  endfacet
  facet normal 0.130356 0.991467 -5.39365e-06
    outer loop
      vertex 0.520944 -16.0456 0
      vertex 0.261467 -16.0114 15.5153
      vertex 0.43412 -16.0341 15.538
    endloop
  endfacet
  facet normal 0.130673 0.991425 0
    outer loop
      vertex 0.261467 -16.0114 15.5153
      vertex 0.520944 -16.0456 0
      vertex 0.261467 -16.0114 0
    endloop
  endfacet
  facet normal 0.130356 0.991467 0
    outer loop
      vertex 0.43412 -16.0341 45.538
      vertex 0.261467 -16.0114 20.4847
      vertex 0.261467 -16.0114 45.5153
    endloop
  endfacet
  facet normal 0.131305 0.991342 -0
    outer loop
      vertex 0.43412 -16.0341 20.462
      vertex 0.43412 -16.0341 45.538
      vertex 0.520944 -16.0456 45.5572
    endloop
  endfacet
  facet normal 0.130356 0.991467 0
    outer loop
      vertex 0.43412 -16.0341 45.538
      vertex 0.43412 -16.0341 20.462
      vertex 0.261467 -16.0114 20.4847
    endloop
  endfacet
  facet normal 0.131305 0.991342 0
    outer loop
      vertex 0.43412 -16.0341 20.462
      vertex 0.520944 -16.0456 45.5572
      vertex 0.520944 -16.0456 20.4428
    endloop
  endfacet
  facet normal 0.130356 0.991467 0
    outer loop
      vertex 0.43412 -16.0341 75.538
      vertex 0.261467 -16.0114 50.4847
      vertex 0.261467 -16.0114 75.5153
    endloop
  endfacet
  facet normal 0.131305 0.991342 -0
    outer loop
      vertex 0.43412 -16.0341 50.462
      vertex 0.43412 -16.0341 75.538
      vertex 0.520944 -16.0456 75.5572
    endloop
  endfacet
  facet normal 0.130356 0.991467 0
    outer loop
      vertex 0.43412 -16.0341 75.538
      vertex 0.43412 -16.0341 50.462
      vertex 0.261467 -16.0114 50.4847
    endloop
  endfacet
  facet normal 0.131305 0.991342 0
    outer loop
      vertex 0.43412 -16.0341 50.462
      vertex 0.520944 -16.0456 75.5572
      vertex 0.520944 -16.0456 50.4428
    endloop
  endfacet
  facet normal 0.130356 0.991467 0
    outer loop
      vertex 0.43412 -16.0341 105.538
      vertex 0.261467 -16.0114 80.4847
      vertex 0.261467 -16.0114 105.515
    endloop
  endfacet
  facet normal 0.131305 0.991342 -0
    outer loop
      vertex 0.43412 -16.0341 80.462
      vertex 0.43412 -16.0341 105.538
      vertex 0.520944 -16.0456 105.557
    endloop
  endfacet
  facet normal 0.130356 0.991467 0
    outer loop
      vertex 0.43412 -16.0341 105.538
      vertex 0.43412 -16.0341 80.462
      vertex 0.261467 -16.0114 80.4847
    endloop
  endfacet
  facet normal 0.131305 0.991342 0
    outer loop
      vertex 0.43412 -16.0341 80.462
      vertex 0.520944 -16.0456 105.557
      vertex 0.520944 -16.0456 80.4428
    endloop
  endfacet
  facet normal -0.793687 -0.608326 1.05512e-06
    outer loop
      vertex -2.29813 -20.9284 112
      vertex -2.45746 -20.7207 8.81087
      vertex -2.42136 -20.7678 8.76777
    endloop
  endfacet
  facet normal -0.793268 -0.608872 -2.94613e-07
    outer loop
      vertex -2.29813 -20.9284 112
      vertex -2.42136 -20.7678 8.76777
      vertex -2.3083 -20.9151 8.60697
    endloop
  endfacet
  facet normal -0.794375 -0.607428 -0
    outer loop
      vertex -2.29813 -20.9284 112
      vertex -2.3083 -20.9151 8.60697
      vertex -2.29813 -20.9284 8.5897
    endloop
  endfacet
  facet normal -0.793434 -0.608656 0
    outer loop
      vertex -2.45746 -20.7207 8.81087
      vertex -2.29813 -20.9284 112
      vertex -2.45746 -20.7207 112
    endloop
  endfacet
  facet normal -0.793434 -0.608656 0
    outer loop
      vertex -2.29813 -20.9284 0
      vertex -2.45746 -20.7207 5.18913
      vertex -2.45746 -20.7207 0
    endloop
  endfacet
  facet normal -0.793679 -0.608337 -2.02774e-05
    outer loop
      vertex -2.45746 -20.7207 5.18913
      vertex -2.29813 -20.9284 0
      vertex -2.42136 -20.7678 5.23223
    endloop
  endfacet
  facet normal -0.793271 -0.608869 5.63384e-06
    outer loop
      vertex -2.42136 -20.7678 5.23223
      vertex -2.29813 -20.9284 0
      vertex -2.3083 -20.9151 5.39303
    endloop
  endfacet
  facet normal -0.794375 -0.607428 0
    outer loop
      vertex -2.3083 -20.9151 5.39303
      vertex -2.29813 -20.9284 0
      vertex -2.29813 -20.9284 5.4103
    endloop
  endfacet
  facet normal 0.793434 0.608656 0
    outer loop
      vertex 2.45746 -17.2793 112
      vertex 2.29813 -17.0716 108.978
      vertex 2.29813 -17.0716 112
    endloop
  endfacet
  facet normal 0.793383 0.608723 7.31775e-06
    outer loop
      vertex 2.29813 -17.0716 108.978
      vertex 2.45746 -17.2793 112
      vertex 2.34923 -17.1382 108.855
    endloop
  endfacet
  facet normal 0.793471 0.608608 -8.69969e-07
    outer loop
      vertex 2.34923 -17.1382 108.855
      vertex 2.45746 -17.2793 112
      vertex 2.41481 -17.2237 108.647
    endloop
  endfacet
  facet normal 0.793446 0.608641 0
    outer loop
      vertex 2.41481 -17.2237 108.647
      vertex 2.45746 -17.2793 112
      vertex 2.45746 -17.2793 108.455
    endloop
  endfacet
  facet normal 0.794375 0.607428 0
    outer loop
      vertex 2.3083 -17.0849 5.39303
      vertex 2.29813 -17.0716 0
      vertex 2.29813 -17.0716 5.4103
    endloop
  endfacet
  facet normal 0.793271 0.608869 5.63384e-06
    outer loop
      vertex 2.42136 -17.2322 5.23223
      vertex 2.29813 -17.0716 0
      vertex 2.3083 -17.0849 5.39303
    endloop
  endfacet
  facet normal 0.793679 0.608337 -2.02774e-05
    outer loop
      vertex 2.45746 -17.2793 5.18913
      vertex 2.29813 -17.0716 0
      vertex 2.42136 -17.2322 5.23223
    endloop
  endfacet
  facet normal 0.793434 0.608656 0
    outer loop
      vertex 2.29813 -17.0716 0
      vertex 2.45746 -17.2793 5.18913
      vertex 2.45746 -17.2793 0
    endloop
  endfacet
  facet normal 0.794375 0.607428 0
    outer loop
      vertex 2.29813 -17.0716 17.0216
      vertex 2.3083 -17.0849 8.60697
      vertex 2.29813 -17.0716 8.5897
    endloop
  endfacet
  facet normal 0.793379 0.608728 -2.89941e-06
    outer loop
      vertex 2.45746 -17.2793 8.81087
      vertex 2.29813 -17.0716 17.0216
      vertex 2.34923 -17.1382 17.1449
    endloop
  endfacet
  facet normal 0.793471 0.608607 3.4972e-07
    outer loop
      vertex 2.45746 -17.2793 8.81087
      vertex 2.34923 -17.1382 17.1449
      vertex 2.41481 -17.2237 17.353
    endloop
  endfacet
  facet normal 0.79327 0.60887 -3.61427e-06
    outer loop
      vertex 2.29813 -17.0716 17.0216
      vertex 2.42136 -17.2322 8.76777
      vertex 2.3083 -17.0849 8.60697
    endloop
  endfacet
  facet normal 0.793446 0.608641 -0
    outer loop
      vertex 2.45746 -17.2793 8.81087
      vertex 2.41481 -17.2237 17.353
      vertex 2.45746 -17.2793 17.5453
    endloop
  endfacet
  facet normal 0.793682 0.608333 1.29841e-05
    outer loop
      vertex 2.29813 -17.0716 17.0216
      vertex 2.45746 -17.2793 8.81087
      vertex 2.42136 -17.2322 8.76777
    endloop
  endfacet
  facet normal 0.793376 0.608732 0
    outer loop
      vertex 2.34923 -17.1382 47.145
      vertex 2.29813 -17.0716 18.9784
      vertex 2.29813 -17.0716 47.0216
    endloop
  endfacet
  facet normal 0.793376 0.608732 0
    outer loop
      vertex 2.34923 -17.1382 47.145
      vertex 2.34923 -17.1382 18.855
      vertex 2.29813 -17.0716 18.9784
    endloop
  endfacet
  facet normal 0.793472 0.608607 0
    outer loop
      vertex 2.41481 -17.2237 47.353
      vertex 2.34923 -17.1382 18.855
      vertex 2.34923 -17.1382 47.145
    endloop
  endfacet
  facet normal 0.793472 0.608607 0
    outer loop
      vertex 2.41481 -17.2237 47.353
      vertex 2.41481 -17.2237 18.647
      vertex 2.34923 -17.1382 18.855
    endloop
  endfacet
  facet normal 0.793446 0.608641 0
    outer loop
      vertex 2.45746 -17.2793 47.5453
      vertex 2.41481 -17.2237 18.647
      vertex 2.41481 -17.2237 47.353
    endloop
  endfacet
  facet normal 0.793446 0.608641 0
    outer loop
      vertex 2.41481 -17.2237 18.647
      vertex 2.45746 -17.2793 47.5453
      vertex 2.45746 -17.2793 18.4547
    endloop
  endfacet
  facet normal 0.793376 0.608732 0
    outer loop
      vertex 2.34923 -17.1382 107.145
      vertex 2.29813 -17.0716 78.9784
      vertex 2.29813 -17.0716 107.022
    endloop
  endfacet
  facet normal 0.793376 0.608732 0
    outer loop
      vertex 2.34923 -17.1382 107.145
      vertex 2.34923 -17.1382 78.855
      vertex 2.29813 -17.0716 78.9784
    endloop
  endfacet
  facet normal 0.793472 0.608607 0
    outer loop
      vertex 2.41481 -17.2237 107.353
      vertex 2.34923 -17.1382 78.855
      vertex 2.34923 -17.1382 107.145
    endloop
  endfacet
  facet normal 0.793472 0.608607 0
    outer loop
      vertex 2.41481 -17.2237 107.353
      vertex 2.41481 -17.2237 78.647
      vertex 2.34923 -17.1382 78.855
    endloop
  endfacet
  facet normal 0.793446 0.608641 0
    outer loop
      vertex 2.45746 -17.2793 107.545
      vertex 2.41481 -17.2237 78.647
      vertex 2.41481 -17.2237 107.353
    endloop
  endfacet
  facet normal 0.793446 0.608641 0
    outer loop
      vertex 2.41481 -17.2237 78.647
      vertex 2.45746 -17.2793 107.545
      vertex 2.45746 -17.2793 78.4547
    endloop
  endfacet
  facet normal 0.793376 0.608732 0
    outer loop
      vertex 2.34923 -17.1382 77.145
      vertex 2.29813 -17.0716 48.9784
      vertex 2.29813 -17.0716 77.0216
    endloop
  endfacet
  facet normal 0.793376 0.608732 0
    outer loop
      vertex 2.34923 -17.1382 77.145
      vertex 2.34923 -17.1382 48.855
      vertex 2.29813 -17.0716 48.9784
    endloop
  endfacet
  facet normal 0.793472 0.608607 0
    outer loop
      vertex 2.41481 -17.2237 77.353
      vertex 2.34923 -17.1382 48.855
      vertex 2.34923 -17.1382 77.145
    endloop
  endfacet
  facet normal 0.793472 0.608607 0
    outer loop
      vertex 2.41481 -17.2237 77.353
      vertex 2.41481 -17.2237 48.647
      vertex 2.34923 -17.1382 48.855
    endloop
  endfacet
  facet normal 0.793446 0.608641 0
    outer loop
      vertex 2.45746 -17.2793 77.5453
      vertex 2.41481 -17.2237 48.647
      vertex 2.41481 -17.2237 77.353
    endloop
  endfacet
  facet normal 0.793446 0.608641 0
    outer loop
      vertex 2.41481 -17.2237 48.647
      vertex 2.45746 -17.2793 77.5453
      vertex 2.45746 -17.2793 48.4547
    endloop
  endfacet
  facet normal -0.216273 -0.976333 0
    outer loop
      vertex -0.776457 -21.8978 0
      vertex -0.520944 -21.9544 112
      vertex -0.776457 -21.8978 112
    endloop
  endfacet
  facet normal -0.216273 -0.976333 -0
    outer loop
      vertex -0.520944 -21.9544 112
      vertex -0.776457 -21.8978 0
      vertex -0.520944 -21.9544 0
    endloop
  endfacet
  facet normal 0.953715 -0.300711 0
    outer loop
      vertex 2.81908 -20.0261 112
      vertex 2.89778 -19.7765 9.37401
      vertex 2.89778 -19.7765 112
    endloop
  endfacet
  facet normal 0.953616 -0.301026 -8.44286e-07
    outer loop
      vertex 2.89778 -19.7765 9.37401
      vertex 2.81908 -20.0261 112
      vertex 2.873 -19.855 9.34923
    endloop
  endfacet
  facet normal 0.953761 -0.300566 0
    outer loop
      vertex 2.873 -19.855 9.34923
      vertex 2.81908 -20.0261 112
      vertex 2.81908 -20.0261 9.2784
    endloop
  endfacet
  facet normal 0.953617 -0.301021 1.84307e-05
    outer loop
      vertex 2.81908 -20.0261 0
      vertex 2.89778 -19.7765 4.62599
      vertex 2.873 -19.855 4.65077
    endloop
  endfacet
  facet normal 0.953761 -0.300566 0
    outer loop
      vertex 2.81908 -20.0261 0
      vertex 2.873 -19.855 4.65077
      vertex 2.81908 -20.0261 4.7216
    endloop
  endfacet
  facet normal 0.953715 -0.300711 0
    outer loop
      vertex 2.89778 -19.7765 4.62599
      vertex 2.81908 -20.0261 0
      vertex 2.89778 -19.7765 0
    endloop
  endfacet
  facet normal 0.608954 0.793206 0
    outer loop
      vertex 1.92836 -16.7019 112
      vertex 1.72073 -16.5425 109.811
      vertex 1.72073 -16.5425 112
    endloop
  endfacet
  facet normal 0.608825 0.793305 1.93756e-05
    outer loop
      vertex 1.92836 -16.7019 112
      vertex 1.76777 -16.5786 109.768
      vertex 1.72073 -16.5425 109.811
    endloop
  endfacet
  facet normal 0.60891 0.793239 9.60023e-06
    outer loop
      vertex 1.92836 -16.7019 112
      vertex 1.91511 -16.6917 109.607
      vertex 1.76777 -16.5786 109.768
    endloop
  endfacet
  facet normal 0.61 0.792402 0
    outer loop
      vertex 1.91511 -16.6917 109.607
      vertex 1.92836 -16.7019 112
      vertex 1.92836 -16.7019 109.59
    endloop
  endfacet
  facet normal 0.608954 0.793206 0
    outer loop
      vertex 1.72073 -16.5425 0
      vertex 1.92836 -16.7019 6.02159
      vertex 1.92836 -16.7019 0
    endloop
  endfacet
  facet normal 0.608799 0.793324 8.46714e-06
    outer loop
      vertex 1.92836 -16.7019 6.02159
      vertex 1.72073 -16.5425 0
      vertex 1.86177 -16.6508 6.14495
    endloop
  endfacet
  facet normal 0.608867 0.793272 5.97516e-06
    outer loop
      vertex 1.86177 -16.6508 6.14495
      vertex 1.72073 -16.5425 0
      vertex 1.7763 -16.5852 6.35295
    endloop
  endfacet
  facet normal 0.609297 0.792942 0
    outer loop
      vertex 1.7763 -16.5852 6.35295
      vertex 1.72073 -16.5425 0
      vertex 1.72073 -16.5425 6.5453
    endloop
  endfacet
  facet normal 0.61 0.792402 -0
    outer loop
      vertex 1.92836 -16.7019 7.97841
      vertex 1.91511 -16.6917 16.393
      vertex 1.92836 -16.7019 16.4103
    endloop
  endfacet
  facet normal 0.608906 0.793243 -2.742e-06
    outer loop
      vertex 1.92836 -16.7019 7.97841
      vertex 1.76777 -16.5786 16.2322
      vertex 1.91511 -16.6917 16.393
    endloop
  endfacet
  facet normal 0.608817 0.793311 -5.48641e-06
    outer loop
      vertex 1.92836 -16.7019 7.97841
      vertex 1.72073 -16.5425 16.1891
      vertex 1.76777 -16.5786 16.2322
    endloop
  endfacet
  facet normal 0.608797 0.793326 -6.31071e-06
    outer loop
      vertex 1.86177 -16.6508 7.85505
      vertex 1.72073 -16.5425 16.1891
      vertex 1.92836 -16.7019 7.97841
    endloop
  endfacet
  facet normal 0.608865 0.793274 -4.46776e-06
    outer loop
      vertex 1.7763 -16.5852 7.64705
      vertex 1.72073 -16.5425 16.1891
      vertex 1.86177 -16.6508 7.85505
    endloop
  endfacet
  facet normal 0.609297 0.792942 0
    outer loop
      vertex 1.72073 -16.5425 16.1891
      vertex 1.7763 -16.5852 7.64705
      vertex 1.72073 -16.5425 7.4547
    endloop
  endfacet
  facet normal 0.608814 0.793313 0
    outer loop
      vertex 1.76777 -16.5786 46.2322
      vertex 1.72073 -16.5425 19.8109
      vertex 1.72073 -16.5425 46.1891
    endloop
  endfacet
  facet normal 0.608904 0.793244 -0
    outer loop
      vertex 1.76777 -16.5786 19.7678
      vertex 1.76777 -16.5786 46.2322
      vertex 1.91511 -16.6917 46.393
    endloop
  endfacet
  facet normal 0.61 0.792402 -0
    outer loop
      vertex 1.91511 -16.6917 19.607
      vertex 1.91511 -16.6917 46.393
      vertex 1.92836 -16.7019 46.4103
    endloop
  endfacet
  facet normal 0.608814 0.793313 0
    outer loop
      vertex 1.76777 -16.5786 46.2322
      vertex 1.76777 -16.5786 19.7678
      vertex 1.72073 -16.5425 19.8109
    endloop
  endfacet
  facet normal 0.608904 0.793244 0
    outer loop
      vertex 1.91511 -16.6917 46.393
      vertex 1.91511 -16.6917 19.607
      vertex 1.76777 -16.5786 19.7678
    endloop
  endfacet
  facet normal 0.61 0.792402 0
    outer loop
      vertex 1.91511 -16.6917 19.607
      vertex 1.92836 -16.7019 46.4103
      vertex 1.92836 -16.7019 19.5897
    endloop
  endfacet
  facet normal 0.608814 0.793313 0
    outer loop
      vertex 1.76777 -16.5786 106.232
      vertex 1.72073 -16.5425 79.8109
      vertex 1.72073 -16.5425 106.189
    endloop
  endfacet
  facet normal 0.608904 0.793244 -0
    outer loop
      vertex 1.76777 -16.5786 79.7678
      vertex 1.76777 -16.5786 106.232
      vertex 1.91511 -16.6917 106.393
    endloop
  endfacet
  facet normal 0.61 0.792402 -0
    outer loop
      vertex 1.91511 -16.6917 79.607
      vertex 1.91511 -16.6917 106.393
      vertex 1.92836 -16.7019 106.41
    endloop
  endfacet
  facet normal 0.608814 0.793313 0
    outer loop
      vertex 1.76777 -16.5786 106.232
      vertex 1.76777 -16.5786 79.7678
      vertex 1.72073 -16.5425 79.8109
    endloop
  endfacet
  facet normal 0.608904 0.793244 0
    outer loop
      vertex 1.91511 -16.6917 106.393
      vertex 1.91511 -16.6917 79.607
      vertex 1.76777 -16.5786 79.7678
    endloop
  endfacet
  facet normal 0.61 0.792402 0
    outer loop
      vertex 1.91511 -16.6917 79.607
      vertex 1.92836 -16.7019 106.41
      vertex 1.92836 -16.7019 79.5897
    endloop
  endfacet
  facet normal 0.608814 0.793313 0
    outer loop
      vertex 1.76777 -16.5786 76.2322
      vertex 1.72073 -16.5425 49.8109
      vertex 1.72073 -16.5425 76.1891
    endloop
  endfacet
  facet normal 0.608904 0.793244 -0
    outer loop
      vertex 1.76777 -16.5786 49.7678
      vertex 1.76777 -16.5786 76.2322
      vertex 1.91511 -16.6917 76.393
    endloop
  endfacet
  facet normal 0.61 0.792402 -0
    outer loop
      vertex 1.91511 -16.6917 49.607
      vertex 1.91511 -16.6917 76.393
      vertex 1.92836 -16.7019 76.4103
    endloop
  endfacet
  facet normal 0.608814 0.793313 0
    outer loop
      vertex 1.76777 -16.5786 76.2322
      vertex 1.76777 -16.5786 49.7678
      vertex 1.72073 -16.5425 49.8109
    endloop
  endfacet
  facet normal 0.608904 0.793244 0
    outer loop
      vertex 1.91511 -16.6917 76.393
      vertex 1.91511 -16.6917 49.607
      vertex 1.76777 -16.5786 49.7678
    endloop
  endfacet
  facet normal 0.61 0.792402 0
    outer loop
      vertex 1.91511 -16.6917 49.607
      vertex 1.92836 -16.7019 76.4103
      vertex 1.92836 -16.7019 49.5897
    endloop
  endfacet
  facet normal -0.737071 0.675816 0
    outer loop
      vertex -2.12132 -16.8787 0
      vertex -2.18862 -16.9521 5.56606
      vertex -2.12132 -16.8787 5.68134
    endloop
  endfacet
  facet normal -0.737183 0.675693 0
    outer loop
      vertex -2.29813 -17.0716 5.4103
      vertex -2.12132 -16.8787 0
      vertex -2.29813 -17.0716 0
    endloop
  endfacet
  facet normal -0.737248 0.675622 -4.70303e-06
    outer loop
      vertex -2.12132 -16.8787 0
      vertex -2.29813 -17.0716 5.4103
      vertex -2.18862 -16.9521 5.56606
    endloop
  endfacet
  facet normal -0.737052 0.675836 1.88395e-05
    outer loop
      vertex -2.29813 -17.0716 112
      vertex -2.12132 -16.8787 109.319
      vertex -2.16506 -16.9264 109.25
    endloop
  endfacet
  facet normal -0.737257 0.675612 -2.90439e-06
    outer loop
      vertex -2.29813 -17.0716 112
      vertex -2.16506 -16.9264 109.25
      vertex -2.26577 -17.0363 109.057
    endloop
  endfacet
  facet normal -0.737137 0.675744 0
    outer loop
      vertex -2.29813 -17.0716 112
      vertex -2.26577 -17.0363 109.057
      vertex -2.29813 -17.0716 108.978
    endloop
  endfacet
  facet normal -0.737183 0.675693 0
    outer loop
      vertex -2.12132 -16.8787 109.319
      vertex -2.29813 -17.0716 112
      vertex -2.12132 -16.8787 112
    endloop
  endfacet
  facet normal -0.737071 0.675816 0
    outer loop
      vertex -2.18862 -16.9521 8.43394
      vertex -2.12132 -16.8787 16.6813
      vertex -2.12132 -16.8787 8.31866
    endloop
  endfacet
  facet normal -0.737249 0.675621 3.19157e-06
    outer loop
      vertex -2.29813 -17.0716 8.5897
      vertex -2.12132 -16.8787 16.6813
      vertex -2.18862 -16.9521 8.43394
    endloop
  endfacet
  facet normal -0.737043 0.675845 -6.66294e-06
    outer loop
      vertex -2.12132 -16.8787 16.6813
      vertex -2.29813 -17.0716 8.5897
      vertex -2.16506 -16.9264 16.75
    endloop
  endfacet
  facet normal -0.737259 0.67561 1.03704e-06
    outer loop
      vertex -2.16506 -16.9264 16.75
      vertex -2.29813 -17.0716 8.5897
      vertex -2.26577 -17.0363 16.9435
    endloop
  endfacet
  facet normal -0.737137 0.675744 0
    outer loop
      vertex -2.26577 -17.0363 16.9435
      vertex -2.29813 -17.0716 8.5897
      vertex -2.29813 -17.0716 17.0216
    endloop
  endfacet
  facet normal -0.737039 0.675851 0
    outer loop
      vertex -2.16506 -16.9264 19.25
      vertex -2.12132 -16.8787 46.6813
      vertex -2.12132 -16.8787 19.3187
    endloop
  endfacet
  facet normal -0.737039 0.675851 0
    outer loop
      vertex -2.16506 -16.9264 19.25
      vertex -2.16506 -16.9264 46.75
      vertex -2.12132 -16.8787 46.6813
    endloop
  endfacet
  facet normal -0.73726 0.675609 0
    outer loop
      vertex -2.26577 -17.0363 19.0565
      vertex -2.16506 -16.9264 46.75
      vertex -2.16506 -16.9264 19.25
    endloop
  endfacet
  facet normal -0.73726 0.675609 0
    outer loop
      vertex -2.26577 -17.0363 19.0565
      vertex -2.26577 -17.0363 46.9435
      vertex -2.16506 -16.9264 46.75
    endloop
  endfacet
  facet normal -0.737137 0.675744 0
    outer loop
      vertex -2.29813 -17.0716 18.9784
      vertex -2.26577 -17.0363 46.9435
      vertex -2.26577 -17.0363 19.0565
    endloop
  endfacet
  facet normal -0.737137 0.675744 0
    outer loop
      vertex -2.26577 -17.0363 46.9435
      vertex -2.29813 -17.0716 18.9784
      vertex -2.29813 -17.0716 47.0216
    endloop
  endfacet
  facet normal -0.737039 0.675851 0
    outer loop
      vertex -2.16506 -16.9264 49.25
      vertex -2.12132 -16.8787 76.6813
      vertex -2.12132 -16.8787 49.3187
    endloop
  endfacet
  facet normal -0.737039 0.675851 0
    outer loop
      vertex -2.16506 -16.9264 49.25
      vertex -2.16506 -16.9264 76.75
      vertex -2.12132 -16.8787 76.6813
    endloop
  endfacet
  facet normal -0.73726 0.675609 0
    outer loop
      vertex -2.26577 -17.0363 49.0565
      vertex -2.16506 -16.9264 76.75
      vertex -2.16506 -16.9264 49.25
    endloop
  endfacet
  facet normal -0.73726 0.675609 0
    outer loop
      vertex -2.26577 -17.0363 49.0565
      vertex -2.26577 -17.0363 76.9435
      vertex -2.16506 -16.9264 76.75
    endloop
  endfacet
  facet normal -0.737137 0.675744 0
    outer loop
      vertex -2.29813 -17.0716 48.9784
      vertex -2.26577 -17.0363 76.9435
      vertex -2.26577 -17.0363 49.0565
    endloop
  endfacet
  facet normal -0.737137 0.675744 0
    outer loop
      vertex -2.26577 -17.0363 76.9435
      vertex -2.29813 -17.0716 48.9784
      vertex -2.29813 -17.0716 77.0216
    endloop
  endfacet
  facet normal -0.737039 0.675851 0
    outer loop
      vertex -2.16506 -16.9264 79.25
      vertex -2.12132 -16.8787 106.681
      vertex -2.12132 -16.8787 79.3187
    endloop
  endfacet
  facet normal -0.737039 0.675851 0
    outer loop
      vertex -2.16506 -16.9264 79.25
      vertex -2.16506 -16.9264 106.75
      vertex -2.12132 -16.8787 106.681
    endloop
  endfacet
  facet normal -0.73726 0.675609 0
    outer loop
      vertex -2.26577 -17.0363 79.0565
      vertex -2.16506 -16.9264 106.75
      vertex -2.16506 -16.9264 79.25
    endloop
  endfacet
  facet normal -0.73726 0.675609 0
    outer loop
      vertex -2.26577 -17.0363 79.0565
      vertex -2.26577 -17.0363 106.943
      vertex -2.16506 -16.9264 106.75
    endloop
  endfacet
  facet normal -0.737137 0.675744 0
    outer loop
      vertex -2.29813 -17.0716 78.9784
      vertex -2.26577 -17.0363 106.943
      vertex -2.26577 -17.0363 79.0565
    endloop
  endfacet
  facet normal -0.737137 0.675744 0
    outer loop
      vertex -2.26577 -17.0363 106.943
      vertex -2.29813 -17.0716 78.9784
      vertex -2.29813 -17.0716 107.022
    endloop
  endfacet
  facet normal 0.382838 -0.923816 0
    outer loop
      vertex 1.02606 -21.8191 0
      vertex 1.26785 -21.7189 112
      vertex 1.02606 -21.8191 112
    endloop
  endfacet
  facet normal 0.382838 -0.923816 0
    outer loop
      vertex 1.26785 -21.7189 112
      vertex 1.02606 -21.8191 0
      vertex 1.26785 -21.7189 0
    endloop
  endfacet
  facet normal -0.0435588 0.999051 0
    outer loop
      vertex -0.261467 -16.0114 0
      vertex 0 -16 15.5
      vertex 0 -16 0
    endloop
  endfacet
  facet normal -0.0435588 0.999051 5.61636e-10
    outer loop
      vertex 0 -16 15.5
      vertex -0.261467 -16.0114 0
      vertex -0.217889 -16.0095 15.5095
    endloop
  endfacet
  facet normal -0.0435586 0.999051 0
    outer loop
      vertex -0.217889 -16.0095 15.5095
      vertex -0.261467 -16.0114 0
      vertex -0.261467 -16.0114 15.5153
    endloop
  endfacet
  facet normal -0.0435588 0.999051 0
    outer loop
      vertex 0 -16 110.5
      vertex -0.261467 -16.0114 112
      vertex 0 -16 112
    endloop
  endfacet
  facet normal -0.0435588 0.999051 -5.76175e-09
    outer loop
      vertex -0.217889 -16.0095 110.49
      vertex -0.261467 -16.0114 112
      vertex 0 -16 110.5
    endloop
  endfacet
  facet normal -0.0435586 0.999051 0
    outer loop
      vertex -0.261467 -16.0114 112
      vertex -0.217889 -16.0095 110.49
      vertex -0.261467 -16.0114 110.485
    endloop
  endfacet
  facet normal -0.0435588 0.999051 0
    outer loop
      vertex 0 -16 20.5
      vertex -0.217889 -16.0095 45.5095
      vertex 0 -16 45.5
    endloop
  endfacet
  facet normal -0.0435588 0.999051 0
    outer loop
      vertex -0.217889 -16.0095 20.4905
      vertex -0.217889 -16.0095 45.5095
      vertex 0 -16 20.5
    endloop
  endfacet
  facet normal -0.0435586 0.999051 0
    outer loop
      vertex -0.217889 -16.0095 45.5095
      vertex -0.217889 -16.0095 20.4905
      vertex -0.261467 -16.0114 45.5153
    endloop
  endfacet
  facet normal -0.0435586 0.999051 0
    outer loop
      vertex -0.261467 -16.0114 45.5153
      vertex -0.217889 -16.0095 20.4905
      vertex -0.261467 -16.0114 20.4847
    endloop
  endfacet
  facet normal -0.0435588 0.999051 0
    outer loop
      vertex 0 -16 50.5
      vertex -0.217889 -16.0095 75.5095
      vertex 0 -16 75.5
    endloop
  endfacet
  facet normal -0.0435588 0.999051 0
    outer loop
      vertex -0.217889 -16.0095 50.4905
      vertex -0.217889 -16.0095 75.5095
      vertex 0 -16 50.5
    endloop
  endfacet
  facet normal -0.0435586 0.999051 0
    outer loop
      vertex -0.217889 -16.0095 75.5095
      vertex -0.217889 -16.0095 50.4905
      vertex -0.261467 -16.0114 75.5153
    endloop
  endfacet
  facet normal -0.0435586 0.999051 0
    outer loop
      vertex -0.261467 -16.0114 75.5153
      vertex -0.217889 -16.0095 50.4905
      vertex -0.261467 -16.0114 50.4847
    endloop
  endfacet
  facet normal -0.0435588 0.999051 0
    outer loop
      vertex 0 -16 80.5
      vertex -0.217889 -16.0095 105.51
      vertex 0 -16 105.5
    endloop
  endfacet
  facet normal -0.0435588 0.999051 0
    outer loop
      vertex -0.217889 -16.0095 80.4905
      vertex -0.217889 -16.0095 105.51
      vertex 0 -16 80.5
    endloop
  endfacet
  facet normal -0.0435586 0.999051 0
    outer loop
      vertex -0.217889 -16.0095 105.51
      vertex -0.217889 -16.0095 80.4905
      vertex -0.261467 -16.0114 105.515
    endloop
  endfacet
  facet normal -0.0435586 0.999051 0
    outer loop
      vertex -0.261467 -16.0114 105.515
      vertex -0.217889 -16.0095 80.4905
      vertex -0.261467 -16.0114 80.4847
    endloop
  endfacet
  facet normal -0.461599 0.887089 0
    outer loop
      vertex -1.26785 -16.2811 110.154
      vertex -1.5 -16.4019 112
      vertex -1.26785 -16.2811 112
    endloop
  endfacet
  facet normal -0.4615 0.88714 1.58352e-05
    outer loop
      vertex -1.43394 -16.3675 110.048
      vertex -1.5 -16.4019 112
      vertex -1.26785 -16.2811 110.154
    endloop
  endfacet
  facet normal -0.461868 0.886948 0
    outer loop
      vertex -1.5 -16.4019 112
      vertex -1.43394 -16.3675 110.048
      vertex -1.5 -16.4019 109.997
    endloop
  endfacet
  facet normal -0.461599 0.887089 0
    outer loop
      vertex -1.5 -16.4019 0
      vertex -1.26785 -16.2811 15.8463
      vertex -1.26785 -16.2811 0
    endloop
  endfacet
  facet normal -0.461493 0.887144 -1.97434e-06
    outer loop
      vertex -1.26785 -16.2811 15.8463
      vertex -1.5 -16.4019 0
      vertex -1.43394 -16.3675 15.9521
    endloop
  endfacet
  facet normal -0.461868 0.886948 0
    outer loop
      vertex -1.43394 -16.3675 15.9521
      vertex -1.5 -16.4019 0
      vertex -1.5 -16.4019 16.0028
    endloop
  endfacet
  facet normal -0.461492 0.887144 0
    outer loop
      vertex -1.26785 -16.2811 20.1537
      vertex -1.43394 -16.3675 45.9521
      vertex -1.26785 -16.2811 45.8463
    endloop
  endfacet
  facet normal -0.461492 0.887144 0
    outer loop
      vertex -1.43394 -16.3675 20.0479
      vertex -1.43394 -16.3675 45.9521
      vertex -1.26785 -16.2811 20.1537
    endloop
  endfacet
  facet normal -0.461868 0.886948 0
    outer loop
      vertex -1.43394 -16.3675 45.9521
      vertex -1.43394 -16.3675 20.0479
      vertex -1.5 -16.4019 46.0028
    endloop
  endfacet
  facet normal -0.461868 0.886948 0
    outer loop
      vertex -1.5 -16.4019 46.0028
      vertex -1.43394 -16.3675 20.0479
      vertex -1.5 -16.4019 19.9972
    endloop
  endfacet
  facet normal -0.461492 0.887144 0
    outer loop
      vertex -1.26785 -16.2811 50.1537
      vertex -1.43394 -16.3675 75.9521
      vertex -1.26785 -16.2811 75.8463
    endloop
  endfacet
  facet normal -0.461492 0.887144 0
    outer loop
      vertex -1.43394 -16.3675 50.0479
      vertex -1.43394 -16.3675 75.9521
      vertex -1.26785 -16.2811 50.1537
    endloop
  endfacet
  facet normal -0.461868 0.886948 0
    outer loop
      vertex -1.43394 -16.3675 75.9521
      vertex -1.43394 -16.3675 50.0479
      vertex -1.5 -16.4019 76.0028
    endloop
  endfacet
  facet normal -0.461868 0.886948 0
    outer loop
      vertex -1.5 -16.4019 76.0028
      vertex -1.43394 -16.3675 50.0479
      vertex -1.5 -16.4019 49.9972
    endloop
  endfacet
  facet normal -0.461492 0.887144 0
    outer loop
      vertex -1.26785 -16.2811 80.1537
      vertex -1.43394 -16.3675 105.952
      vertex -1.26785 -16.2811 105.846
    endloop
  endfacet
  facet normal -0.461492 0.887144 0
    outer loop
      vertex -1.43394 -16.3675 80.0479
      vertex -1.43394 -16.3675 105.952
      vertex -1.26785 -16.2811 80.1537
    endloop
  endfacet
  facet normal -0.461868 0.886948 0
    outer loop
      vertex -1.43394 -16.3675 105.952
      vertex -1.43394 -16.3675 80.0479
      vertex -1.5 -16.4019 106.003
    endloop
  endfacet
  facet normal -0.461868 0.886948 0
    outer loop
      vertex -1.5 -16.4019 106.003
      vertex -1.43394 -16.3675 80.0479
      vertex -1.5 -16.4019 79.9972
    endloop
  endfacet
  facet normal 0.300707 0.953716 0
    outer loop
      vertex 1.02606 -16.1809 112
      vertex 0.776457 -16.1022 110.374
      vertex 0.776457 -16.1022 112
    endloop
  endfacet
  facet normal 0.300913 0.953651 -3.47593e-05
    outer loop
      vertex 1.02606 -16.1809 112
      vertex 0.85505 -16.127 110.349
      vertex 0.776457 -16.1022 110.374
    endloop
  endfacet
  facet normal 0.300608 0.953748 0
    outer loop
      vertex 0.85505 -16.127 110.349
      vertex 1.02606 -16.1809 112
      vertex 1.02606 -16.1809 110.278
    endloop
  endfacet
  facet normal 0.300608 0.953748 -0
    outer loop
      vertex 1.02606 -16.1809 0
      vertex 0.85505 -16.127 15.6508
      vertex 1.02606 -16.1809 15.7216
    endloop
  endfacet
  facet normal 0.300922 0.953649 3.77454e-06
    outer loop
      vertex 1.02606 -16.1809 0
      vertex 0.776457 -16.1022 15.626
      vertex 0.85505 -16.127 15.6508
    endloop
  endfacet
  facet normal 0.300707 0.953716 0
    outer loop
      vertex 0.776457 -16.1022 15.626
      vertex 1.02606 -16.1809 0
      vertex 0.776457 -16.1022 0
    endloop
  endfacet
  facet normal 0.300923 0.953648 0
    outer loop
      vertex 0.85505 -16.127 45.6508
      vertex 0.776457 -16.1022 20.374
      vertex 0.776457 -16.1022 45.626
    endloop
  endfacet
  facet normal 0.300608 0.953748 -0
    outer loop
      vertex 0.85505 -16.127 20.3492
      vertex 0.85505 -16.127 45.6508
      vertex 1.02606 -16.1809 45.7216
    endloop
  endfacet
  facet normal 0.300923 0.953648 0
    outer loop
      vertex 0.85505 -16.127 45.6508
      vertex 0.85505 -16.127 20.3492
      vertex 0.776457 -16.1022 20.374
    endloop
  endfacet
  facet normal 0.300608 0.953748 0
    outer loop
      vertex 0.85505 -16.127 20.3492
      vertex 1.02606 -16.1809 45.7216
      vertex 1.02606 -16.1809 20.2784
    endloop
  endfacet
  facet normal 0.300923 0.953648 0
    outer loop
      vertex 0.85505 -16.127 75.6508
      vertex 0.776457 -16.1022 50.374
      vertex 0.776457 -16.1022 75.626
    endloop
  endfacet
  facet normal 0.300608 0.953748 -0
    outer loop
      vertex 0.85505 -16.127 50.3492
      vertex 0.85505 -16.127 75.6508
      vertex 1.02606 -16.1809 75.7216
    endloop
  endfacet
  facet normal 0.300923 0.953648 0
    outer loop
      vertex 0.85505 -16.127 75.6508
      vertex 0.85505 -16.127 50.3492
      vertex 0.776457 -16.1022 50.374
    endloop
  endfacet
  facet normal 0.300608 0.953748 0
    outer loop
      vertex 0.85505 -16.127 50.3492
      vertex 1.02606 -16.1809 75.7216
      vertex 1.02606 -16.1809 50.2784
    endloop
  endfacet
  facet normal 0.300923 0.953648 0
    outer loop
      vertex 0.85505 -16.127 105.651
      vertex 0.776457 -16.1022 80.374
      vertex 0.776457 -16.1022 105.626
    endloop
  endfacet
  facet normal 0.300608 0.953748 -0
    outer loop
      vertex 0.85505 -16.127 80.3492
      vertex 0.85505 -16.127 105.651
      vertex 1.02606 -16.1809 105.722
    endloop
  endfacet
  facet normal 0.300923 0.953648 0
    outer loop
      vertex 0.85505 -16.127 105.651
      vertex 0.85505 -16.127 80.3492
      vertex 0.776457 -16.1022 80.374
    endloop
  endfacet
  facet normal 0.300608 0.953748 0
    outer loop
      vertex 0.85505 -16.127 80.3492
      vertex 1.02606 -16.1809 105.722
      vertex 1.02606 -16.1809 80.2784
    endloop
  endfacet
  facet normal -0.608954 -0.793206 0
    outer loop
      vertex -1.92836 -21.2981 7.97841
      vertex -1.72073 -21.4575 112
      vertex -1.92836 -21.2981 112
    endloop
  endfacet
  facet normal -0.60879 -0.793332 -5.19538e-07
    outer loop
      vertex -1.86177 -21.3492 7.85505
      vertex -1.72073 -21.4575 112
      vertex -1.92836 -21.2981 7.97841
    endloop
  endfacet
  facet normal -0.608859 -0.793279 -3.7103e-07
    outer loop
      vertex -1.7763 -21.4148 7.64705
      vertex -1.72073 -21.4575 112
      vertex -1.86177 -21.3492 7.85505
    endloop
  endfacet
  facet normal -0.609297 -0.792942 -0
    outer loop
      vertex -1.72073 -21.4575 112
      vertex -1.7763 -21.4148 7.64705
      vertex -1.72073 -21.4575 7.4547
    endloop
  endfacet
  facet normal -0.608954 -0.793206 0
    outer loop
      vertex -1.72073 -21.4575 0
      vertex -1.92836 -21.2981 6.02159
      vertex -1.92836 -21.2981 0
    endloop
  endfacet
  facet normal -0.608799 -0.793324 8.46714e-06
    outer loop
      vertex -1.92836 -21.2981 6.02159
      vertex -1.72073 -21.4575 0
      vertex -1.86177 -21.3492 6.14495
    endloop
  endfacet
  facet normal -0.608867 -0.793272 5.97516e-06
    outer loop
      vertex -1.86177 -21.3492 6.14495
      vertex -1.72073 -21.4575 0
      vertex -1.7763 -21.4148 6.35295
    endloop
  endfacet
  facet normal -0.609297 -0.792942 0
    outer loop
      vertex -1.7763 -21.4148 6.35295
      vertex -1.72073 -21.4575 0
      vertex -1.72073 -21.4575 6.5453
    endloop
  endfacet
  facet normal -0.843273 0.537485 0
    outer loop
      vertex -2.52993 -17.393 8.91511
      vertex -2.45746 -17.2793 17.5453
      vertex -2.45746 -17.2793 8.81087
    endloop
  endfacet
  facet normal -0.843449 0.53721 5.09544e-06
    outer loop
      vertex -2.59808 -17.5 8.99719
      vertex -2.45746 -17.2793 17.5453
      vertex -2.52993 -17.393 8.91511
    endloop
  endfacet
  facet normal -0.841545 0.540186 -0.000103068
    outer loop
      vertex -2.45746 -17.2793 17.5453
      vertex -2.59808 -17.5 8.99719
      vertex -2.46202 -17.2864 17.5659
    endloop
  endfacet
  facet normal -0.843305 0.537436 0
    outer loop
      vertex -2.59808 -17.5 8.99719
      vertex -2.5 -17.3461 48
      vertex -2.5 -17.3461 18
    endloop
  endfacet
  facet normal -0.843305 0.537436 0
    outer loop
      vertex -2.5 -17.3461 48
      vertex -2.59808 -17.5 8.99719
      vertex -2.5 -17.3461 78
    endloop
  endfacet
  facet normal -0.844314 0.535849 3.81195e-05
    outer loop
      vertex -2.49049 -17.3311 17.7821
      vertex -2.59808 -17.5 8.99719
      vertex -2.5 -17.3461 18
    endloop
  endfacet
  facet normal -0.843449 0.53721 1.35596e-06
    outer loop
      vertex -2.46202 -17.2864 17.5659
      vertex -2.59808 -17.5 8.99719
      vertex -2.49049 -17.3311 17.7821
    endloop
  endfacet
  facet normal -0.841409 0.540398 0
    outer loop
      vertex -2.46202 -17.2864 18.4341
      vertex -2.45746 -17.2793 47.5453
      vertex -2.45746 -17.2793 18.4547
    endloop
  endfacet
  facet normal -0.841409 0.540398 0
    outer loop
      vertex -2.46202 -17.2864 18.4341
      vertex -2.46202 -17.2864 47.5659
      vertex -2.45746 -17.2793 47.5453
    endloop
  endfacet
  facet normal -0.843452 0.537205 0
    outer loop
      vertex -2.49049 -17.3311 18.2179
      vertex -2.46202 -17.2864 47.5659
      vertex -2.46202 -17.2864 18.4341
    endloop
  endfacet
  facet normal -0.843452 0.537205 0
    outer loop
      vertex -2.49049 -17.3311 18.2179
      vertex -2.49049 -17.3311 47.7821
      vertex -2.46202 -17.2864 47.5659
    endloop
  endfacet
  facet normal -0.844564 0.535454 0
    outer loop
      vertex -2.5 -17.3461 18
      vertex -2.49049 -17.3311 47.7821
      vertex -2.49049 -17.3311 18.2179
    endloop
  endfacet
  facet normal -0.844564 0.535454 0
    outer loop
      vertex -2.49049 -17.3311 47.7821
      vertex -2.5 -17.3461 18
      vertex -2.5 -17.3461 48
    endloop
  endfacet
  facet normal -0.841409 0.540398 0
    outer loop
      vertex -2.46202 -17.2864 48.4341
      vertex -2.45746 -17.2793 77.5453
      vertex -2.45746 -17.2793 48.4547
    endloop
  endfacet
  facet normal -0.841409 0.540398 0
    outer loop
      vertex -2.46202 -17.2864 48.4341
      vertex -2.46202 -17.2864 77.5659
      vertex -2.45746 -17.2793 77.5453
    endloop
  endfacet
  facet normal -0.843452 0.537205 0
    outer loop
      vertex -2.49049 -17.3311 48.2179
      vertex -2.46202 -17.2864 77.5659
      vertex -2.46202 -17.2864 48.4341
    endloop
  endfacet
  facet normal -0.843452 0.537205 0
    outer loop
      vertex -2.49049 -17.3311 48.2179
      vertex -2.49049 -17.3311 77.7821
      vertex -2.46202 -17.2864 77.5659
    endloop
  endfacet
  facet normal -0.844564 0.535454 0
    outer loop
      vertex -2.5 -17.3461 48
      vertex -2.49049 -17.3311 77.7821
      vertex -2.49049 -17.3311 48.2179
    endloop
  endfacet
  facet normal -0.844564 0.535454 0
    outer loop
      vertex -2.49049 -17.3311 77.7821
      vertex -2.5 -17.3461 48
      vertex -2.5 -17.3461 78
    endloop
  endfacet
  facet normal -0.841409 0.540398 0
    outer loop
      vertex -2.46202 -17.2864 78.4341
      vertex -2.45746 -17.2793 107.545
      vertex -2.45746 -17.2793 78.4547
    endloop
  endfacet
  facet normal -0.841409 0.540398 0
    outer loop
      vertex -2.46202 -17.2864 78.4341
      vertex -2.46202 -17.2864 107.566
      vertex -2.45746 -17.2793 107.545
    endloop
  endfacet
  facet normal -0.843452 0.537205 0
    outer loop
      vertex -2.49049 -17.3311 78.2179
      vertex -2.46202 -17.2864 107.566
      vertex -2.46202 -17.2864 78.4341
    endloop
  endfacet
  facet normal -0.843452 0.537205 0
    outer loop
      vertex -2.49049 -17.3311 78.2179
      vertex -2.49049 -17.3311 107.782
      vertex -2.46202 -17.2864 107.566
    endloop
  endfacet
  facet normal -0.844564 0.535454 0
    outer loop
      vertex -2.5 -17.3461 78
      vertex -2.49049 -17.3311 107.782
      vertex -2.49049 -17.3311 78.2179
    endloop
  endfacet
  facet normal -0.844564 0.535454 0
    outer loop
      vertex -2.49049 -17.3311 107.782
      vertex -2.5 -17.3461 78
      vertex -2.5 -17.3461 108
    endloop
  endfacet
  facet normal -0.841713 0.539926 0.000225649
    outer loop
      vertex -2.59808 -17.5 112
      vertex -2.45746 -17.2793 108.455
      vertex -2.46202 -17.2864 108.434
    endloop
  endfacet
  facet normal -0.843445 0.537215 -2.83149e-06
    outer loop
      vertex -2.59808 -17.5 112
      vertex -2.46202 -17.2864 108.434
      vertex -2.49049 -17.3311 108.218
    endloop
  endfacet
  facet normal -0.844113 0.536166 -6.86748e-05
    outer loop
      vertex -2.59808 -17.5 112
      vertex -2.49049 -17.3311 108.218
      vertex -2.5 -17.3461 108
    endloop
  endfacet
  facet normal -0.843305 0.537436 0
    outer loop
      vertex -2.5 -17.3461 78
      vertex -2.59808 -17.5 8.99719
      vertex -2.59808 -17.5 112
    endloop
  endfacet
  facet normal -0.843359 0.53735 0
    outer loop
      vertex -2.45746 -17.2793 108.455
      vertex -2.59808 -17.5 112
      vertex -2.45746 -17.2793 112
    endloop
  endfacet
  facet normal -0.843305 0.537436 0
    outer loop
      vertex -2.5 -17.3461 78
      vertex -2.59808 -17.5 112
      vertex -2.5 -17.3461 108
    endloop
  endfacet
  facet normal -0.843273 0.537485 0
    outer loop
      vertex -2.45746 -17.2793 0
      vertex -2.52993 -17.393 5.08489
      vertex -2.45746 -17.2793 5.18913
    endloop
  endfacet
  facet normal -0.843359 0.53735 0
    outer loop
      vertex -2.59808 -17.5 5.00281
      vertex -2.45746 -17.2793 0
      vertex -2.59808 -17.5 0
    endloop
  endfacet
  facet normal -0.843447 0.537212 -8.58817e-06
    outer loop
      vertex -2.45746 -17.2793 0
      vertex -2.59808 -17.5 5.00281
      vertex -2.52993 -17.393 5.08489
    endloop
  endfacet
  facet normal 0.382838 0.923816 0
    outer loop
      vertex 1.26785 -16.2811 112
      vertex 1.02606 -16.1809 110.278
      vertex 1.02606 -16.1809 112
    endloop
  endfacet
  facet normal 0.381971 0.924174 0.000142516
    outer loop
      vertex 1.26785 -16.2811 112
      vertex 1.05655 -16.1935 110.266
      vertex 1.02606 -16.1809 110.278
    endloop
  endfacet
  facet normal 0.38297 0.923761 -1.03565e-07
    outer loop
      vertex 1.26785 -16.2811 112
      vertex 1.25 -16.2737 110.165
      vertex 1.05655 -16.1935 110.266
    endloop
  endfacet
  facet normal 0.382961 0.923764 0
    outer loop
      vertex 1.25 -16.2737 110.165
      vertex 1.26785 -16.2811 112
      vertex 1.26785 -16.2811 110.154
    endloop
  endfacet
  facet normal 0.382961 0.923764 -0
    outer loop
      vertex 1.26785 -16.2811 0
      vertex 1.25 -16.2737 15.8349
      vertex 1.26785 -16.2811 15.8463
    endloop
  endfacet
  facet normal 0.38297 0.923761 1.20554e-08
    outer loop
      vertex 1.26785 -16.2811 0
      vertex 1.05655 -16.1935 15.7342
      vertex 1.25 -16.2737 15.8349
    endloop
  endfacet
  facet normal 0.381929 0.924192 -1.63688e-05
    outer loop
      vertex 1.26785 -16.2811 0
      vertex 1.02606 -16.1809 15.7216
      vertex 1.05655 -16.1935 15.7342
    endloop
  endfacet
  facet normal 0.382838 0.923816 0
    outer loop
      vertex 1.02606 -16.1809 15.7216
      vertex 1.26785 -16.2811 0
      vertex 1.02606 -16.1809 0
    endloop
  endfacet
  facet normal 0.381923 0.924194 0
    outer loop
      vertex 1.05655 -16.1935 45.7342
      vertex 1.02606 -16.1809 20.2784
      vertex 1.02606 -16.1809 45.7216
    endloop
  endfacet
  facet normal 0.38297 0.923761 -0
    outer loop
      vertex 1.05655 -16.1935 20.2658
      vertex 1.05655 -16.1935 45.7342
      vertex 1.25 -16.2737 45.8349
    endloop
  endfacet
  facet normal 0.382961 0.923764 -0
    outer loop
      vertex 1.25 -16.2737 20.1651
      vertex 1.25 -16.2737 45.8349
      vertex 1.26785 -16.2811 45.8463
    endloop
  endfacet
  facet normal 0.381923 0.924194 0
    outer loop
      vertex 1.05655 -16.1935 45.7342
      vertex 1.05655 -16.1935 20.2658
      vertex 1.02606 -16.1809 20.2784
    endloop
  endfacet
  facet normal 0.38297 0.923761 0
    outer loop
      vertex 1.25 -16.2737 45.8349
      vertex 1.25 -16.2737 20.1651
      vertex 1.05655 -16.1935 20.2658
    endloop
  endfacet
  facet normal 0.382961 0.923764 0
    outer loop
      vertex 1.25 -16.2737 20.1651
      vertex 1.26785 -16.2811 45.8463
      vertex 1.26785 -16.2811 20.1537
    endloop
  endfacet
  facet normal 0.381923 0.924194 0
    outer loop
      vertex 1.05655 -16.1935 75.7342
      vertex 1.02606 -16.1809 50.2784
      vertex 1.02606 -16.1809 75.7216
    endloop
  endfacet
  facet normal 0.38297 0.923761 -0
    outer loop
      vertex 1.05655 -16.1935 50.2658
      vertex 1.05655 -16.1935 75.7342
      vertex 1.25 -16.2737 75.8349
    endloop
  endfacet
  facet normal 0.382961 0.923764 -0
    outer loop
      vertex 1.25 -16.2737 50.1651
      vertex 1.25 -16.2737 75.8349
      vertex 1.26785 -16.2811 75.8463
    endloop
  endfacet
  facet normal 0.381923 0.924194 0
    outer loop
      vertex 1.05655 -16.1935 75.7342
      vertex 1.05655 -16.1935 50.2658
      vertex 1.02606 -16.1809 50.2784
    endloop
  endfacet
  facet normal 0.38297 0.923761 0
    outer loop
      vertex 1.25 -16.2737 75.8349
      vertex 1.25 -16.2737 50.1651
      vertex 1.05655 -16.1935 50.2658
    endloop
  endfacet
  facet normal 0.382961 0.923764 0
    outer loop
      vertex 1.25 -16.2737 50.1651
      vertex 1.26785 -16.2811 75.8463
      vertex 1.26785 -16.2811 50.1537
    endloop
  endfacet
  facet normal 0.381923 0.924194 0
    outer loop
      vertex 1.05655 -16.1935 105.734
      vertex 1.02606 -16.1809 80.2784
      vertex 1.02606 -16.1809 105.722
    endloop
  endfacet
  facet normal 0.38297 0.923761 -0
    outer loop
      vertex 1.05655 -16.1935 80.2658
      vertex 1.05655 -16.1935 105.734
      vertex 1.25 -16.2737 105.835
    endloop
  endfacet
  facet normal 0.382961 0.923764 -0
    outer loop
      vertex 1.25 -16.2737 80.1651
      vertex 1.25 -16.2737 105.835
      vertex 1.26785 -16.2811 105.846
    endloop
  endfacet
  facet normal 0.381923 0.924194 0
    outer loop
      vertex 1.05655 -16.1935 105.734
      vertex 1.05655 -16.1935 80.2658
      vertex 1.02606 -16.1809 80.2784
    endloop
  endfacet
  facet normal 0.38297 0.923761 0
    outer loop
      vertex 1.25 -16.2737 105.835
      vertex 1.25 -16.2737 80.1651
      vertex 1.05655 -16.1935 80.2658
    endloop
  endfacet
  facet normal 0.382961 0.923764 0
    outer loop
      vertex 1.25 -16.2737 80.1651
      vertex 1.26785 -16.2811 105.846
      vertex 1.26785 -16.2811 80.1537
    endloop
  endfacet
  facet normal 0.461599 -0.887089 0
    outer loop
      vertex 1.26785 -21.7189 0
      vertex 1.5 -21.5981 112
      vertex 1.26785 -21.7189 112
    endloop
  endfacet
  facet normal 0.461599 -0.887089 0
    outer loop
      vertex 1.5 -21.5981 112
      vertex 1.26785 -21.7189 0
      vertex 1.5 -21.5981 0
    endloop
  endfacet
  facet normal 0.537244 0.843427 0
    outer loop
      vertex 1.72073 -16.5425 112
      vertex 1.5 -16.4019 109.997
      vertex 1.5 -16.4019 112
    endloop
  endfacet
  facet normal 0.537567 0.843221 -5.00937e-05
    outer loop
      vertex 1.72073 -16.5425 112
      vertex 1.60697 -16.4701 109.915
      vertex 1.5 -16.4019 109.997
    endloop
  endfacet
  facet normal 0.536914 0.843637 0
    outer loop
      vertex 1.60697 -16.4701 109.915
      vertex 1.72073 -16.5425 112
      vertex 1.72073 -16.5425 109.811
    endloop
  endfacet
  facet normal 0.536914 0.843637 -0
    outer loop
      vertex 1.72073 -16.5425 7.4547
      vertex 1.60697 -16.4701 16.0849
      vertex 1.72073 -16.5425 16.1891
    endloop
  endfacet
  facet normal 0.537588 0.843208 1.2482e-05
    outer loop
      vertex 1.72073 -16.5425 7.4547
      vertex 1.5 -16.4019 16.0028
      vertex 1.60697 -16.4701 16.0849
    endloop
  endfacet
  facet normal 0.532479 0.846443 -0.000172657
    outer loop
      vertex 1.71357 -16.538 7.43412
      vertex 1.5 -16.4019 16.0028
      vertex 1.72073 -16.5425 7.4547
    endloop
  endfacet
  facet normal 0.537663 0.84316 8.71622e-06
    outer loop
      vertex 1.66888 -16.5095 7.21789
      vertex 1.5 -16.4019 16.0028
      vertex 1.71357 -16.538 7.43412
    endloop
  endfacet
  facet normal 0.536949 0.843615 -1.05881e-05
    outer loop
      vertex 1.65395 -16.5 7
      vertex 1.5 -16.4019 16.0028
      vertex 1.66888 -16.5095 7.21789
    endloop
  endfacet
  facet normal 0.537244 0.843427 0
    outer loop
      vertex 1.5 -16.4019 0
      vertex 1.72073 -16.5425 6.5453
      vertex 1.72073 -16.5425 0
    endloop
  endfacet
  facet normal 0.532578 0.846381 0.000220803
    outer loop
      vertex 1.72073 -16.5425 6.5453
      vertex 1.5 -16.4019 0
      vertex 1.71357 -16.538 6.56588
    endloop
  endfacet
  facet normal 0.537655 0.843165 -1.10135e-05
    outer loop
      vertex 1.71357 -16.538 6.56588
      vertex 1.5 -16.4019 0
      vertex 1.66888 -16.5095 6.78211
    endloop
  endfacet
  facet normal 0.536973 0.8436 1.28812e-05
    outer loop
      vertex 1.66888 -16.5095 6.78211
      vertex 1.5 -16.4019 0
      vertex 1.65395 -16.5 7
    endloop
  endfacet
  facet normal 0.537389 0.843334 0
    outer loop
      vertex 1.65395 -16.5 7
      vertex 1.5 -16.4019 0
      vertex 1.5 -16.4019 16.0028
    endloop
  endfacet
  facet normal 0.537594 0.843204 0
    outer loop
      vertex 1.60697 -16.4701 46.0849
      vertex 1.5 -16.4019 19.9972
      vertex 1.5 -16.4019 46.0028
    endloop
  endfacet
  facet normal 0.536914 0.843637 -0
    outer loop
      vertex 1.60697 -16.4701 19.9151
      vertex 1.60697 -16.4701 46.0849
      vertex 1.72073 -16.5425 46.1891
    endloop
  endfacet
  facet normal 0.537594 0.843204 0
    outer loop
      vertex 1.60697 -16.4701 46.0849
      vertex 1.60697 -16.4701 19.9151
      vertex 1.5 -16.4019 19.9972
    endloop
  endfacet
  facet normal 0.536914 0.843637 0
    outer loop
      vertex 1.60697 -16.4701 19.9151
      vertex 1.72073 -16.5425 46.1891
      vertex 1.72073 -16.5425 19.8109
    endloop
  endfacet
  facet normal 0.537594 0.843204 0
    outer loop
      vertex 1.60697 -16.4701 106.085
      vertex 1.5 -16.4019 79.9972
      vertex 1.5 -16.4019 106.003
    endloop
  endfacet
  facet normal 0.536914 0.843637 -0
    outer loop
      vertex 1.60697 -16.4701 79.9151
      vertex 1.60697 -16.4701 106.085
      vertex 1.72073 -16.5425 106.189
    endloop
  endfacet
  facet normal 0.537594 0.843204 0
    outer loop
      vertex 1.60697 -16.4701 106.085
      vertex 1.60697 -16.4701 79.9151
      vertex 1.5 -16.4019 79.9972
    endloop
  endfacet
  facet normal 0.536914 0.843637 0
    outer loop
      vertex 1.60697 -16.4701 79.9151
      vertex 1.72073 -16.5425 106.189
      vertex 1.72073 -16.5425 79.8109
    endloop
  endfacet
  facet normal 0.537594 0.843204 0
    outer loop
      vertex 1.60697 -16.4701 76.0849
      vertex 1.5 -16.4019 49.9972
      vertex 1.5 -16.4019 76.0028
    endloop
  endfacet
  facet normal 0.536914 0.843637 -0
    outer loop
      vertex 1.60697 -16.4701 49.9151
      vertex 1.60697 -16.4701 76.0849
      vertex 1.72073 -16.5425 76.1891
    endloop
  endfacet
  facet normal 0.537594 0.843204 0
    outer loop
      vertex 1.60697 -16.4701 76.0849
      vertex 1.60697 -16.4701 49.9151
      vertex 1.5 -16.4019 49.9972
    endloop
  endfacet
  facet normal 0.536914 0.843637 0
    outer loop
      vertex 1.60697 -16.4701 49.9151
      vertex 1.72073 -16.5425 76.1891
      vertex 1.72073 -16.5425 49.8109
    endloop
  endfacet
  facet normal 0.216273 0.976333 0
    outer loop
      vertex 0.776457 -16.1022 112
      vertex 0.520944 -16.0456 110.443
      vertex 0.520944 -16.0456 112
    endloop
  endfacet
  facet normal 0.216032 0.976386 4.13452e-05
    outer loop
      vertex 0.776457 -16.1022 112
      vertex 0.647047 -16.0735 110.415
      vertex 0.520944 -16.0456 110.443
    endloop
  endfacet
  facet normal 0.216515 0.976279 0
    outer loop
      vertex 0.647047 -16.0735 110.415
      vertex 0.776457 -16.1022 112
      vertex 0.776457 -16.1022 110.374
    endloop
  endfacet
  facet normal 0.216515 0.976279 -0
    outer loop
      vertex 0.776457 -16.1022 0
      vertex 0.647047 -16.0735 15.5852
      vertex 0.776457 -16.1022 15.626
    endloop
  endfacet
  facet normal 0.216025 0.976388 -4.27313e-06
    outer loop
      vertex 0.776457 -16.1022 0
      vertex 0.520944 -16.0456 15.5572
      vertex 0.647047 -16.0735 15.5852
    endloop
  endfacet
  facet normal 0.216273 0.976333 0
    outer loop
      vertex 0.520944 -16.0456 15.5572
      vertex 0.776457 -16.1022 0
      vertex 0.520944 -16.0456 0
    endloop
  endfacet
  facet normal 0.216024 0.976388 0
    outer loop
      vertex 0.647047 -16.0735 45.5852
      vertex 0.520944 -16.0456 20.4428
      vertex 0.520944 -16.0456 45.5572
    endloop
  endfacet
  facet normal 0.216515 0.976279 -0
    outer loop
      vertex 0.647047 -16.0735 20.4148
      vertex 0.647047 -16.0735 45.5852
      vertex 0.776457 -16.1022 45.626
    endloop
  endfacet
  facet normal 0.216024 0.976388 0
    outer loop
      vertex 0.647047 -16.0735 45.5852
      vertex 0.647047 -16.0735 20.4148
      vertex 0.520944 -16.0456 20.4428
    endloop
  endfacet
  facet normal 0.216515 0.976279 0
    outer loop
      vertex 0.647047 -16.0735 20.4148
      vertex 0.776457 -16.1022 45.626
      vertex 0.776457 -16.1022 20.374
    endloop
  endfacet
  facet normal 0.216024 0.976388 0
    outer loop
      vertex 0.647047 -16.0735 75.5852
      vertex 0.520944 -16.0456 50.4428
      vertex 0.520944 -16.0456 75.5572
    endloop
  endfacet
  facet normal 0.216515 0.976279 -0
    outer loop
      vertex 0.647047 -16.0735 50.4148
      vertex 0.647047 -16.0735 75.5852
      vertex 0.776457 -16.1022 75.626
    endloop
  endfacet
  facet normal 0.216024 0.976388 0
    outer loop
      vertex 0.647047 -16.0735 75.5852
      vertex 0.647047 -16.0735 50.4148
      vertex 0.520944 -16.0456 50.4428
    endloop
  endfacet
  facet normal 0.216515 0.976279 0
    outer loop
      vertex 0.647047 -16.0735 50.4148
      vertex 0.776457 -16.1022 75.626
      vertex 0.776457 -16.1022 50.374
    endloop
  endfacet
  facet normal 0.216024 0.976388 0
    outer loop
      vertex 0.647047 -16.0735 105.585
      vertex 0.520944 -16.0456 80.4428
      vertex 0.520944 -16.0456 105.557
    endloop
  endfacet
  facet normal 0.216515 0.976279 -0
    outer loop
      vertex 0.647047 -16.0735 80.4148
      vertex 0.647047 -16.0735 105.585
      vertex 0.776457 -16.1022 105.626
    endloop
  endfacet
  facet normal 0.216024 0.976388 0
    outer loop
      vertex 0.647047 -16.0735 105.585
      vertex 0.647047 -16.0735 80.4148
      vertex 0.520944 -16.0456 80.4428
    endloop
  endfacet
  facet normal 0.216515 0.976279 0
    outer loop
      vertex 0.647047 -16.0735 80.4148
      vertex 0.776457 -16.1022 105.626
      vertex 0.776457 -16.1022 80.374
    endloop
  endfacet
  facet normal 0.461599 0.887089 0
    outer loop
      vertex 1.5 -16.4019 112
      vertex 1.26785 -16.2811 110.154
      vertex 1.26785 -16.2811 112
    endloop
  endfacet
  facet normal 0.4615 0.88714 1.58352e-05
    outer loop
      vertex 1.5 -16.4019 112
      vertex 1.43394 -16.3675 110.048
      vertex 1.26785 -16.2811 110.154
    endloop
  endfacet
  facet normal 0.461868 0.886948 0
    outer loop
      vertex 1.43394 -16.3675 110.048
      vertex 1.5 -16.4019 112
      vertex 1.5 -16.4019 109.997
    endloop
  endfacet
  facet normal 0.461868 0.886948 -0
    outer loop
      vertex 1.5 -16.4019 0
      vertex 1.43394 -16.3675 15.9521
      vertex 1.5 -16.4019 16.0028
    endloop
  endfacet
  facet normal 0.461493 0.887144 -1.97434e-06
    outer loop
      vertex 1.5 -16.4019 0
      vertex 1.26785 -16.2811 15.8463
      vertex 1.43394 -16.3675 15.9521
    endloop
  endfacet
  facet normal 0.461599 0.887089 0
    outer loop
      vertex 1.26785 -16.2811 15.8463
      vertex 1.5 -16.4019 0
      vertex 1.26785 -16.2811 0
    endloop
  endfacet
  facet normal 0.461492 0.887144 0
    outer loop
      vertex 1.43394 -16.3675 45.9521
      vertex 1.26785 -16.2811 20.1537
      vertex 1.26785 -16.2811 45.8463
    endloop
  endfacet
  facet normal 0.461868 0.886948 -0
    outer loop
      vertex 1.43394 -16.3675 20.0479
      vertex 1.43394 -16.3675 45.9521
      vertex 1.5 -16.4019 46.0028
    endloop
  endfacet
  facet normal 0.461492 0.887144 0
    outer loop
      vertex 1.43394 -16.3675 45.9521
      vertex 1.43394 -16.3675 20.0479
      vertex 1.26785 -16.2811 20.1537
    endloop
  endfacet
  facet normal 0.461868 0.886948 0
    outer loop
      vertex 1.43394 -16.3675 20.0479
      vertex 1.5 -16.4019 46.0028
      vertex 1.5 -16.4019 19.9972
    endloop
  endfacet
  facet normal 0.461492 0.887144 0
    outer loop
      vertex 1.43394 -16.3675 75.9521
      vertex 1.26785 -16.2811 50.1537
      vertex 1.26785 -16.2811 75.8463
    endloop
  endfacet
  facet normal 0.461868 0.886948 -0
    outer loop
      vertex 1.43394 -16.3675 50.0479
      vertex 1.43394 -16.3675 75.9521
      vertex 1.5 -16.4019 76.0028
    endloop
  endfacet
  facet normal 0.461492 0.887144 0
    outer loop
      vertex 1.43394 -16.3675 75.9521
      vertex 1.43394 -16.3675 50.0479
      vertex 1.26785 -16.2811 50.1537
    endloop
  endfacet
  facet normal 0.461868 0.886948 0
    outer loop
      vertex 1.43394 -16.3675 50.0479
      vertex 1.5 -16.4019 76.0028
      vertex 1.5 -16.4019 49.9972
    endloop
  endfacet
  facet normal 0.461492 0.887144 0
    outer loop
      vertex 1.43394 -16.3675 105.952
      vertex 1.26785 -16.2811 80.1537
      vertex 1.26785 -16.2811 105.846
    endloop
  endfacet
  facet normal 0.461868 0.886948 -0
    outer loop
      vertex 1.43394 -16.3675 80.0479
      vertex 1.43394 -16.3675 105.952
      vertex 1.5 -16.4019 106.003
    endloop
  endfacet
  facet normal 0.461492 0.887144 0
    outer loop
      vertex 1.43394 -16.3675 105.952
      vertex 1.43394 -16.3675 80.0479
      vertex 1.26785 -16.2811 80.1537
    endloop
  endfacet
  facet normal 0.461868 0.886948 0
    outer loop
      vertex 1.43394 -16.3675 80.0479
      vertex 1.5 -16.4019 106.003
      vertex 1.5 -16.4019 79.9972
    endloop
  endfacet
  facet normal 0.0435588 -0.999051 0
    outer loop
      vertex 0 -22 0
      vertex 0.261467 -21.9886 112
      vertex 0 -22 112
    endloop
  endfacet
  facet normal 0.0435588 -0.999051 0
    outer loop
      vertex 0.261467 -21.9886 112
      vertex 0 -22 0
      vertex 0.261467 -21.9886 0
    endloop
  endfacet
  facet normal 0.843359 -0.53735 0
    outer loop
      vertex 2.45746 -20.7207 112
      vertex 2.59808 -20.5 8.99719
      vertex 2.59808 -20.5 112
    endloop
  endfacet
  facet normal 0.84345 -0.537207 4.30534e-07
    outer loop
      vertex 2.59808 -20.5 8.99719
      vertex 2.45746 -20.7207 112
      vertex 2.52993 -20.607 8.91511
    endloop
  endfacet
  facet normal 0.843273 -0.537485 0
    outer loop
      vertex 2.52993 -20.607 8.91511
      vertex 2.45746 -20.7207 112
      vertex 2.45746 -20.7207 8.81087
    endloop
  endfacet
  facet normal 0.843447 -0.537212 -8.58817e-06
    outer loop
      vertex 2.45746 -20.7207 0
      vertex 2.59808 -20.5 5.00281
      vertex 2.52993 -20.607 5.08489
    endloop
  endfacet
  facet normal 0.843273 -0.537485 0
    outer loop
      vertex 2.45746 -20.7207 0
      vertex 2.52993 -20.607 5.08489
      vertex 2.45746 -20.7207 5.18913
    endloop
  endfacet
  facet normal 0.843359 -0.53735 0
    outer loop
      vertex 2.59808 -20.5 5.00281
      vertex 2.45746 -20.7207 0
      vertex 2.59808 -20.5 0
    endloop
  endfacet
  facet normal 0.99144 -0.130561 0
    outer loop
      vertex 2.95442 -19.5209 112
      vertex 2.98858 -19.2615 9.48475
      vertex 2.98858 -19.2615 112
    endloop
  endfacet
  facet normal 0.99144 -0.130564 -8.17797e-09
    outer loop
      vertex 2.98858 -19.2615 9.48475
      vertex 2.95442 -19.5209 112
      vertex 2.96585 -19.4341 9.46202
    endloop
  endfacet
  facet normal 0.991441 -0.130555 0
    outer loop
      vertex 2.96585 -19.4341 9.46202
      vertex 2.95442 -19.5209 112
      vertex 2.95442 -19.5209 9.44277
    endloop
  endfacet
  facet normal 0.99144 -0.130564 1.84342e-07
    outer loop
      vertex 2.95442 -19.5209 0
      vertex 2.98858 -19.2615 4.51525
      vertex 2.96585 -19.4341 4.53798
    endloop
  endfacet
  facet normal 0.991441 -0.130555 0
    outer loop
      vertex 2.95442 -19.5209 0
      vertex 2.96585 -19.4341 4.53798
      vertex 2.95442 -19.5209 4.55723
    endloop
  endfacet
  facet normal 0.99144 -0.130561 0
    outer loop
      vertex 2.98858 -19.2615 4.51525
      vertex 2.95442 -19.5209 0
      vertex 2.98858 -19.2615 0
    endloop
  endfacet
  facet normal -0.923875 -0.382694 0
    outer loop
      vertex -2.71892 -20.2679 0
      vertex -2.81908 -20.0261 4.7216
      vertex -2.81908 -20.0261 0
    endloop
  endfacet
  facet normal -0.92348 -0.383646 5.71385e-05
    outer loop
      vertex -2.81908 -20.0261 4.7216
      vertex -2.71892 -20.2679 0
      vertex -2.80645 -20.0565 4.73423
    endloop
  endfacet
  facet normal -0.923914 -0.3826 2.39218e-06
    outer loop
      vertex -2.80645 -20.0565 4.73423
      vertex -2.71892 -20.2679 0
      vertex -2.72632 -20.25 4.83494
    endloop
  endfacet
  facet normal -0.924143 -0.382048 0
    outer loop
      vertex -2.72632 -20.25 4.83494
      vertex -2.71892 -20.2679 0
      vertex -2.71892 -20.2679 4.84631
    endloop
  endfacet
  facet normal -0.923472 -0.383665 -2.67961e-06
    outer loop
      vertex -2.71892 -20.2679 112
      vertex -2.81908 -20.0261 9.2784
      vertex -2.80645 -20.0565 9.26577
    endloop
  endfacet
  facet normal -0.923914 -0.382601 -1.12678e-07
    outer loop
      vertex -2.71892 -20.2679 112
      vertex -2.80645 -20.0565 9.26577
      vertex -2.72632 -20.25 9.16506
    endloop
  endfacet
  facet normal -0.924143 -0.382048 -0
    outer loop
      vertex -2.71892 -20.2679 112
      vertex -2.72632 -20.25 9.16506
      vertex -2.71892 -20.2679 9.15369
    endloop
  endfacet
  facet normal -0.923875 -0.382694 0
    outer loop
      vertex -2.81908 -20.0261 9.2784
      vertex -2.71892 -20.2679 112
      vertex -2.81908 -20.0261 112
    endloop
  endfacet
  facet normal -0.924143 0.382048 0
    outer loop
      vertex -2.71892 -17.7321 0
      vertex -2.72632 -17.75 4.83494
      vertex -2.71892 -17.7321 4.84631
    endloop
  endfacet
  facet normal -0.923914 0.3826 2.39218e-06
    outer loop
      vertex -2.71892 -17.7321 0
      vertex -2.80645 -17.9435 4.73423
      vertex -2.72632 -17.75 4.83494
    endloop
  endfacet
  facet normal -0.923875 0.382694 0
    outer loop
      vertex -2.81908 -17.9739 4.7216
      vertex -2.71892 -17.7321 0
      vertex -2.81908 -17.9739 0
    endloop
  endfacet
  facet normal -0.92348 0.383646 5.71385e-05
    outer loop
      vertex -2.71892 -17.7321 0
      vertex -2.81908 -17.9739 4.7216
      vertex -2.80645 -17.9435 4.73423
    endloop
  endfacet
  facet normal -0.924143 0.382048 0
    outer loop
      vertex -2.72632 -17.75 9.16506
      vertex -2.71892 -17.7321 112
      vertex -2.71892 -17.7321 9.15369
    endloop
  endfacet
  facet normal -0.923914 0.382601 -1.12678e-07
    outer loop
      vertex -2.80645 -17.9435 9.26577
      vertex -2.71892 -17.7321 112
      vertex -2.72632 -17.75 9.16506
    endloop
  endfacet
  facet normal -0.923472 0.383665 -2.67961e-06
    outer loop
      vertex -2.81908 -17.9739 9.2784
      vertex -2.71892 -17.7321 112
      vertex -2.80645 -17.9435 9.26577
    endloop
  endfacet
  facet normal -0.923875 0.382694 0
    outer loop
      vertex -2.71892 -17.7321 112
      vertex -2.81908 -17.9739 9.2784
      vertex -2.81908 -17.9739 112
    endloop
  endfacet
  facet normal 0.999048 -0.0436295 0
    outer loop
      vertex 2.98858 -19.2615 112
      vertex 3 -19 9.5
      vertex 3 -19 112
    endloop
  endfacet
  facet normal 0.999049 -0.0436024 6.9459e-08
    outer loop
      vertex 3 -19 9.5
      vertex 2.98858 -19.2615 112
      vertex 2.99049 -19.2179 9.49049
    endloop
  endfacet
  facet normal 0.999042 -0.0437654 0
    outer loop
      vertex 2.99049 -19.2179 9.49049
      vertex 2.98858 -19.2615 112
      vertex 2.98858 -19.2615 9.48475
    endloop
  endfacet
  facet normal 0.999049 -0.0436024 -1.5783e-06
    outer loop
      vertex 2.98858 -19.2615 0
      vertex 3 -19 4.5
      vertex 2.99049 -19.2179 4.50951
    endloop
  endfacet
  facet normal 0.999042 -0.0437654 0
    outer loop
      vertex 2.98858 -19.2615 0
      vertex 2.99049 -19.2179 4.50951
      vertex 2.98858 -19.2615 4.51525
    endloop
  endfacet
  facet normal 0.999048 -0.0436295 0
    outer loop
      vertex 3 -19 4.5
      vertex 2.98858 -19.2615 0
      vertex 3 -19 0
    endloop
  endfacet
  facet normal -0.382838 0.923816 0
    outer loop
      vertex -1.26785 -16.2811 0
      vertex -1.02606 -16.1809 15.7216
      vertex -1.02606 -16.1809 0
    endloop
  endfacet
  facet normal -0.381929 0.924192 -1.63688e-05
    outer loop
      vertex -1.02606 -16.1809 15.7216
      vertex -1.26785 -16.2811 0
      vertex -1.05655 -16.1935 15.7342
    endloop
  endfacet
  facet normal -0.38297 0.923761 1.20554e-08
    outer loop
      vertex -1.05655 -16.1935 15.7342
      vertex -1.26785 -16.2811 0
      vertex -1.25 -16.2737 15.8349
    endloop
  endfacet
  facet normal -0.382961 0.923764 0
    outer loop
      vertex -1.25 -16.2737 15.8349
      vertex -1.26785 -16.2811 0
      vertex -1.26785 -16.2811 15.8463
    endloop
  endfacet
  facet normal -0.382838 0.923816 0
    outer loop
      vertex -1.02606 -16.1809 110.278
      vertex -1.26785 -16.2811 112
      vertex -1.02606 -16.1809 112
    endloop
  endfacet
  facet normal -0.381971 0.924174 0.000142516
    outer loop
      vertex -1.05655 -16.1935 110.266
      vertex -1.26785 -16.2811 112
      vertex -1.02606 -16.1809 110.278
    endloop
  endfacet
  facet normal -0.38297 0.923761 -1.03565e-07
    outer loop
      vertex -1.25 -16.2737 110.165
      vertex -1.26785 -16.2811 112
      vertex -1.05655 -16.1935 110.266
    endloop
  endfacet
  facet normal -0.382961 0.923764 0
    outer loop
      vertex -1.26785 -16.2811 112
      vertex -1.25 -16.2737 110.165
      vertex -1.26785 -16.2811 110.154
    endloop
  endfacet
  facet normal -0.381923 0.924194 0
    outer loop
      vertex -1.02606 -16.1809 20.2784
      vertex -1.05655 -16.1935 45.7342
      vertex -1.02606 -16.1809 45.7216
    endloop
  endfacet
  facet normal -0.381923 0.924194 0
    outer loop
      vertex -1.05655 -16.1935 20.2658
      vertex -1.05655 -16.1935 45.7342
      vertex -1.02606 -16.1809 20.2784
    endloop
  endfacet
  facet normal -0.38297 0.923761 0
    outer loop
      vertex -1.05655 -16.1935 45.7342
      vertex -1.05655 -16.1935 20.2658
      vertex -1.25 -16.2737 45.8349
    endloop
  endfacet
  facet normal -0.38297 0.923761 0
    outer loop
      vertex -1.25 -16.2737 20.1651
      vertex -1.25 -16.2737 45.8349
      vertex -1.05655 -16.1935 20.2658
    endloop
  endfacet
  facet normal -0.382961 0.923764 0
    outer loop
      vertex -1.25 -16.2737 45.8349
      vertex -1.25 -16.2737 20.1651
      vertex -1.26785 -16.2811 45.8463
    endloop
  endfacet
  facet normal -0.382961 0.923764 0
    outer loop
      vertex -1.26785 -16.2811 45.8463
      vertex -1.25 -16.2737 20.1651
      vertex -1.26785 -16.2811 20.1537
    endloop
  endfacet
  facet normal -0.381923 0.924194 0
    outer loop
      vertex -1.02606 -16.1809 80.2784
      vertex -1.05655 -16.1935 105.734
      vertex -1.02606 -16.1809 105.722
    endloop
  endfacet
  facet normal -0.381923 0.924194 0
    outer loop
      vertex -1.05655 -16.1935 80.2658
      vertex -1.05655 -16.1935 105.734
      vertex -1.02606 -16.1809 80.2784
    endloop
  endfacet
  facet normal -0.38297 0.923761 0
    outer loop
      vertex -1.05655 -16.1935 105.734
      vertex -1.05655 -16.1935 80.2658
      vertex -1.25 -16.2737 105.835
    endloop
  endfacet
  facet normal -0.38297 0.923761 0
    outer loop
      vertex -1.25 -16.2737 80.1651
      vertex -1.25 -16.2737 105.835
      vertex -1.05655 -16.1935 80.2658
    endloop
  endfacet
  facet normal -0.382961 0.923764 0
    outer loop
      vertex -1.25 -16.2737 105.835
      vertex -1.25 -16.2737 80.1651
      vertex -1.26785 -16.2811 105.846
    endloop
  endfacet
  facet normal -0.382961 0.923764 0
    outer loop
      vertex -1.26785 -16.2811 105.846
      vertex -1.25 -16.2737 80.1651
      vertex -1.26785 -16.2811 80.1537
    endloop
  endfacet
  facet normal -0.381923 0.924194 0
    outer loop
      vertex -1.02606 -16.1809 50.2784
      vertex -1.05655 -16.1935 75.7342
      vertex -1.02606 -16.1809 75.7216
    endloop
  endfacet
  facet normal -0.381923 0.924194 0
    outer loop
      vertex -1.05655 -16.1935 50.2658
      vertex -1.05655 -16.1935 75.7342
      vertex -1.02606 -16.1809 50.2784
    endloop
  endfacet
  facet normal -0.38297 0.923761 0
    outer loop
      vertex -1.05655 -16.1935 75.7342
      vertex -1.05655 -16.1935 50.2658
      vertex -1.25 -16.2737 75.8349
    endloop
  endfacet
  facet normal -0.38297 0.923761 0
    outer loop
      vertex -1.25 -16.2737 50.1651
      vertex -1.25 -16.2737 75.8349
      vertex -1.05655 -16.1935 50.2658
    endloop
  endfacet
  facet normal -0.382961 0.923764 0
    outer loop
      vertex -1.25 -16.2737 75.8349
      vertex -1.25 -16.2737 50.1651
      vertex -1.26785 -16.2811 75.8463
    endloop
  endfacet
  facet normal -0.382961 0.923764 0
    outer loop
      vertex -1.26785 -16.2811 75.8463
      vertex -1.25 -16.2737 50.1651
      vertex -1.26785 -16.2811 50.1537
    endloop
  endfacet
  facet normal 0.887173 0.461437 0
    outer loop
      vertex 2.63246 -17.5661 4.95212
      vertex 2.59808 -17.5 0
      vertex 2.59808 -17.5 5.00281
    endloop
  endfacet
  facet normal 0.886913 0.461937 8.47923e-06
    outer loop
      vertex 2.71892 -17.7321 4.84631
      vertex 2.59808 -17.5 0
      vertex 2.63246 -17.5661 4.95212
    endloop
  endfacet
  facet normal 0.886985 0.461798 0
    outer loop
      vertex 2.59808 -17.5 0
      vertex 2.71892 -17.7321 4.84631
      vertex 2.71892 -17.7321 0
    endloop
  endfacet
  facet normal 0.887173 0.461437 0
    outer loop
      vertex 2.59808 -17.5 112
      vertex 2.63246 -17.5661 9.04788
      vertex 2.59808 -17.5 8.99719
    endloop
  endfacet
  facet normal 0.886985 0.461798 -0
    outer loop
      vertex 2.71892 -17.7321 9.15369
      vertex 2.59808 -17.5 112
      vertex 2.71892 -17.7321 112
    endloop
  endfacet
  facet normal 0.886911 0.461941 -4.11162e-07
    outer loop
      vertex 2.59808 -17.5 112
      vertex 2.71892 -17.7321 9.15369
      vertex 2.63246 -17.5661 9.04788
    endloop
  endfacet
  facet normal 0.737183 -0.675693 0
    outer loop
      vertex 2.12132 -21.1213 112
      vertex 2.29813 -20.9284 8.5897
      vertex 2.29813 -20.9284 112
    endloop
  endfacet
  facet normal 0.737251 -0.675619 2.56868e-07
    outer loop
      vertex 2.29813 -20.9284 8.5897
      vertex 2.12132 -21.1213 112
      vertex 2.18862 -21.0479 8.43394
    endloop
  endfacet
  facet normal 0.737071 -0.675816 0
    outer loop
      vertex 2.18862 -21.0479 8.43394
      vertex 2.12132 -21.1213 112
      vertex 2.12132 -21.1213 8.31866
    endloop
  endfacet
  facet normal 0.737248 -0.675622 -4.70303e-06
    outer loop
      vertex 2.12132 -21.1213 0
      vertex 2.29813 -20.9284 5.4103
      vertex 2.18862 -21.0479 5.56606
    endloop
  endfacet
  facet normal 0.737071 -0.675816 0
    outer loop
      vertex 2.12132 -21.1213 0
      vertex 2.18862 -21.0479 5.56606
      vertex 2.12132 -21.1213 5.68134
    endloop
  endfacet
  facet normal 0.737183 -0.675693 0
    outer loop
      vertex 2.29813 -20.9284 5.4103
      vertex 2.12132 -21.1213 0
      vertex 2.29813 -20.9284 0
    endloop
  endfacet
  facet normal -0.130673 -0.991425 0
    outer loop
      vertex -0.520944 -21.9544 0
      vertex -0.261467 -21.9886 112
      vertex -0.520944 -21.9544 112
    endloop
  endfacet
  facet normal -0.130673 -0.991425 -0
    outer loop
      vertex -0.261467 -21.9886 112
      vertex -0.520944 -21.9544 0
      vertex -0.261467 -21.9886 0
    endloop
  endfacet
  facet normal -0.886911 -0.461941 -4.11162e-07
    outer loop
      vertex -2.59808 -20.5 112
      vertex -2.71892 -20.2679 9.15369
      vertex -2.63246 -20.4339 9.04788
    endloop
  endfacet
  facet normal -0.887173 -0.461437 -0
    outer loop
      vertex -2.59808 -20.5 112
      vertex -2.63246 -20.4339 9.04788
      vertex -2.59808 -20.5 8.99719
    endloop
  endfacet
  facet normal -0.886985 -0.461798 0
    outer loop
      vertex -2.71892 -20.2679 9.15369
      vertex -2.59808 -20.5 112
      vertex -2.71892 -20.2679 112
    endloop
  endfacet
  facet normal -0.886985 -0.461798 0
    outer loop
      vertex -2.59808 -20.5 0
      vertex -2.71892 -20.2679 4.84631
      vertex -2.71892 -20.2679 0
    endloop
  endfacet
  facet normal -0.886913 -0.461937 8.47923e-06
    outer loop
      vertex -2.71892 -20.2679 4.84631
      vertex -2.59808 -20.5 0
      vertex -2.63246 -20.4339 4.95212
    endloop
  endfacet
  facet normal -0.887173 -0.461437 0
    outer loop
      vertex -2.63246 -20.4339 4.95212
      vertex -2.59808 -20.5 0
      vertex -2.59808 -20.5 5.00281
    endloop
  endfacet
  facet normal 0.843359 0.53735 0
    outer loop
      vertex 2.59808 -17.5 112
      vertex 2.45746 -17.2793 108.455
      vertex 2.45746 -17.2793 112
    endloop
  endfacet
  facet normal 0.841713 0.539926 0.000225649
    outer loop
      vertex 2.45746 -17.2793 108.455
      vertex 2.59808 -17.5 112
      vertex 2.46202 -17.2864 108.434
    endloop
  endfacet
  facet normal 0.843445 0.537215 -2.83149e-06
    outer loop
      vertex 2.46202 -17.2864 108.434
      vertex 2.59808 -17.5 112
      vertex 2.49049 -17.3311 108.218
    endloop
  endfacet
  facet normal 0.843305 0.537436 0
    outer loop
      vertex 2.59808 -17.5 112
      vertex 2.5 -17.3461 78
      vertex 2.5 -17.3461 108
    endloop
  endfacet
  facet normal 0.843305 0.537436 0
    outer loop
      vertex 2.5 -17.3461 78
      vertex 2.59808 -17.5 112
      vertex 2.5 -17.3461 48
    endloop
  endfacet
  facet normal 0.843305 0.537436 -0
    outer loop
      vertex 2.59808 -17.5 8.99719
      vertex 2.5 -17.3461 48
      vertex 2.59808 -17.5 112
    endloop
  endfacet
  facet normal 0.844113 0.536166 -6.86748e-05
    outer loop
      vertex 2.49049 -17.3311 108.218
      vertex 2.59808 -17.5 112
      vertex 2.5 -17.3461 108
    endloop
  endfacet
  facet normal 0.843305 0.537436 0
    outer loop
      vertex 2.5 -17.3461 48
      vertex 2.59808 -17.5 8.99719
      vertex 2.5 -17.3461 18
    endloop
  endfacet
  facet normal 0.843449 0.53721 5.42316e-06
    outer loop
      vertex 2.5 -17.3461 18
      vertex 2.59808 -17.5 8.99719
      vertex 2.52993 -17.393 8.91511
    endloop
  endfacet
  facet normal 0.841409 0.540398 0
    outer loop
      vertex 2.46202 -17.2864 107.566
      vertex 2.45746 -17.2793 78.4547
      vertex 2.45746 -17.2793 107.545
    endloop
  endfacet
  facet normal 0.841409 0.540398 0
    outer loop
      vertex 2.46202 -17.2864 107.566
      vertex 2.46202 -17.2864 78.4341
      vertex 2.45746 -17.2793 78.4547
    endloop
  endfacet
  facet normal 0.843452 0.537205 0
    outer loop
      vertex 2.49049 -17.3311 107.782
      vertex 2.46202 -17.2864 78.4341
      vertex 2.46202 -17.2864 107.566
    endloop
  endfacet
  facet normal 0.843452 0.537205 0
    outer loop
      vertex 2.49049 -17.3311 107.782
      vertex 2.49049 -17.3311 78.2179
      vertex 2.46202 -17.2864 78.4341
    endloop
  endfacet
  facet normal 0.844564 0.535454 0
    outer loop
      vertex 2.5 -17.3461 108
      vertex 2.49049 -17.3311 78.2179
      vertex 2.49049 -17.3311 107.782
    endloop
  endfacet
  facet normal 0.844564 0.535454 0
    outer loop
      vertex 2.49049 -17.3311 78.2179
      vertex 2.5 -17.3461 108
      vertex 2.5 -17.3461 78
    endloop
  endfacet
  facet normal 0.841409 0.540398 0
    outer loop
      vertex 2.46202 -17.2864 77.5659
      vertex 2.45746 -17.2793 48.4547
      vertex 2.45746 -17.2793 77.5453
    endloop
  endfacet
  facet normal 0.841409 0.540398 0
    outer loop
      vertex 2.46202 -17.2864 77.5659
      vertex 2.46202 -17.2864 48.4341
      vertex 2.45746 -17.2793 48.4547
    endloop
  endfacet
  facet normal 0.843452 0.537205 0
    outer loop
      vertex 2.49049 -17.3311 77.7821
      vertex 2.46202 -17.2864 48.4341
      vertex 2.46202 -17.2864 77.5659
    endloop
  endfacet
  facet normal 0.843452 0.537205 0
    outer loop
      vertex 2.49049 -17.3311 77.7821
      vertex 2.49049 -17.3311 48.2179
      vertex 2.46202 -17.2864 48.4341
    endloop
  endfacet
  facet normal 0.844564 0.535454 0
    outer loop
      vertex 2.5 -17.3461 78
      vertex 2.49049 -17.3311 48.2179
      vertex 2.49049 -17.3311 77.7821
    endloop
  endfacet
  facet normal 0.844564 0.535454 0
    outer loop
      vertex 2.49049 -17.3311 48.2179
      vertex 2.5 -17.3461 78
      vertex 2.5 -17.3461 48
    endloop
  endfacet
  facet normal 0.841409 0.540398 0
    outer loop
      vertex 2.46202 -17.2864 47.5659
      vertex 2.45746 -17.2793 18.4547
      vertex 2.45746 -17.2793 47.5453
    endloop
  endfacet
  facet normal 0.841409 0.540398 0
    outer loop
      vertex 2.46202 -17.2864 47.5659
      vertex 2.46202 -17.2864 18.4341
      vertex 2.45746 -17.2793 18.4547
    endloop
  endfacet
  facet normal 0.843452 0.537205 0
    outer loop
      vertex 2.49049 -17.3311 47.7821
      vertex 2.46202 -17.2864 18.4341
      vertex 2.46202 -17.2864 47.5659
    endloop
  endfacet
  facet normal 0.843452 0.537205 0
    outer loop
      vertex 2.49049 -17.3311 47.7821
      vertex 2.49049 -17.3311 18.2179
      vertex 2.46202 -17.2864 18.4341
    endloop
  endfacet
  facet normal 0.844564 0.535454 0
    outer loop
      vertex 2.5 -17.3461 48
      vertex 2.49049 -17.3311 18.2179
      vertex 2.49049 -17.3311 47.7821
    endloop
  endfacet
  facet normal 0.844564 0.535454 0
    outer loop
      vertex 2.49049 -17.3311 18.2179
      vertex 2.5 -17.3461 48
      vertex 2.5 -17.3461 18
    endloop
  endfacet
  facet normal 0.841478 0.540291 -5.20496e-05
    outer loop
      vertex 2.52993 -17.393 8.91511
      vertex 2.45746 -17.2793 17.5453
      vertex 2.46202 -17.2864 17.5659
    endloop
  endfacet
  facet normal 0.843449 0.53721 1.38949e-06
    outer loop
      vertex 2.52993 -17.393 8.91511
      vertex 2.46202 -17.2864 17.5659
      vertex 2.49049 -17.3311 17.7821
    endloop
  endfacet
  facet normal 0.844453 0.535629 1.68957e-05
    outer loop
      vertex 2.52993 -17.393 8.91511
      vertex 2.49049 -17.3311 17.7821
      vertex 2.5 -17.3461 18
    endloop
  endfacet
  facet normal 0.843273 0.537485 0
    outer loop
      vertex 2.45746 -17.2793 17.5453
      vertex 2.52993 -17.393 8.91511
      vertex 2.45746 -17.2793 8.81087
    endloop
  endfacet
  facet normal 0.843273 0.537485 0
    outer loop
      vertex 2.52993 -17.393 5.08489
      vertex 2.45746 -17.2793 0
      vertex 2.45746 -17.2793 5.18913
    endloop
  endfacet
  facet normal 0.843447 0.537212 -8.58817e-06
    outer loop
      vertex 2.59808 -17.5 5.00281
      vertex 2.45746 -17.2793 0
      vertex 2.52993 -17.393 5.08489
    endloop
  endfacet
  facet normal 0.843359 0.53735 0
    outer loop
      vertex 2.45746 -17.2793 0
      vertex 2.59808 -17.5 5.00281
      vertex 2.59808 -17.5 0
    endloop
  endfacet
  facet normal -0.300707 -0.953716 0
    outer loop
      vertex -1.02606 -21.8191 0
      vertex -0.776457 -21.8978 112
      vertex -1.02606 -21.8191 112
    endloop
  endfacet
  facet normal -0.300707 -0.953716 -0
    outer loop
      vertex -0.776457 -21.8978 112
      vertex -1.02606 -21.8191 0
      vertex -0.776457 -21.8978 0
    endloop
  endfacet
  facet normal 0.793434 -0.608656 0
    outer loop
      vertex 2.29813 -20.9284 112
      vertex 2.45746 -20.7207 8.81087
      vertex 2.45746 -20.7207 112
    endloop
  endfacet
  facet normal 0.793687 -0.608326 1.05512e-06
    outer loop
      vertex 2.45746 -20.7207 8.81087
      vertex 2.29813 -20.9284 112
      vertex 2.42136 -20.7678 8.76777
    endloop
  endfacet
  facet normal 0.793268 -0.608872 -2.94613e-07
    outer loop
      vertex 2.42136 -20.7678 8.76777
      vertex 2.29813 -20.9284 112
      vertex 2.3083 -20.9151 8.60697
    endloop
  endfacet
  facet normal 0.794375 -0.607428 0
    outer loop
      vertex 2.3083 -20.9151 8.60697
      vertex 2.29813 -20.9284 112
      vertex 2.29813 -20.9284 8.5897
    endloop
  endfacet
  facet normal 0.793679 -0.608337 -2.02774e-05
    outer loop
      vertex 2.29813 -20.9284 0
      vertex 2.45746 -20.7207 5.18913
      vertex 2.42136 -20.7678 5.23223
    endloop
  endfacet
  facet normal 0.793271 -0.608869 5.63384e-06
    outer loop
      vertex 2.29813 -20.9284 0
      vertex 2.42136 -20.7678 5.23223
      vertex 2.3083 -20.9151 5.39303
    endloop
  endfacet
  facet normal 0.794375 -0.607428 0
    outer loop
      vertex 2.29813 -20.9284 0
      vertex 2.3083 -20.9151 5.39303
      vertex 2.29813 -20.9284 5.4103
    endloop
  endfacet
  facet normal 0.793434 -0.608656 0
    outer loop
      vertex 2.45746 -20.7207 5.18913
      vertex 2.29813 -20.9284 0
      vertex 2.45746 -20.7207 0
    endloop
  endfacet
  facet normal -0.0435588 -0.999051 0
    outer loop
      vertex -0.261467 -21.9886 0
      vertex 0 -22 112
      vertex -0.261467 -21.9886 112
    endloop
  endfacet
  facet normal -0.0435588 -0.999051 -0
    outer loop
      vertex 0 -22 112
      vertex -0.261467 -21.9886 0
      vertex 0 -22 0
    endloop
  endfacet
  facet normal -0.84345 -0.537207 4.30534e-07
    outer loop
      vertex -2.45746 -20.7207 112
      vertex -2.59808 -20.5 8.99719
      vertex -2.52993 -20.607 8.91511
    endloop
  endfacet
  facet normal -0.843273 -0.537485 -0
    outer loop
      vertex -2.45746 -20.7207 112
      vertex -2.52993 -20.607 8.91511
      vertex -2.45746 -20.7207 8.81087
    endloop
  endfacet
  facet normal -0.843359 -0.53735 0
    outer loop
      vertex -2.59808 -20.5 8.99719
      vertex -2.45746 -20.7207 112
      vertex -2.59808 -20.5 112
    endloop
  endfacet
  facet normal -0.843359 -0.53735 0
    outer loop
      vertex -2.45746 -20.7207 0
      vertex -2.59808 -20.5 5.00281
      vertex -2.59808 -20.5 0
    endloop
  endfacet
  facet normal -0.843447 -0.537212 -8.58817e-06
    outer loop
      vertex -2.59808 -20.5 5.00281
      vertex -2.45746 -20.7207 0
      vertex -2.52993 -20.607 5.08489
    endloop
  endfacet
  facet normal -0.843273 -0.537485 0
    outer loop
      vertex -2.52993 -20.607 5.08489
      vertex -2.45746 -20.7207 0
      vertex -2.45746 -20.7207 5.18913
    endloop
  endfacet
  facet normal -0.887173 0.461437 0
    outer loop
      vertex -2.63246 -17.5661 9.04788
      vertex -2.59808 -17.5 112
      vertex -2.59808 -17.5 8.99719
    endloop
  endfacet
  facet normal -0.886911 0.461941 -4.11162e-07
    outer loop
      vertex -2.71892 -17.7321 9.15369
      vertex -2.59808 -17.5 112
      vertex -2.63246 -17.5661 9.04788
    endloop
  endfacet
  facet normal -0.886985 0.461798 0
    outer loop
      vertex -2.59808 -17.5 112
      vertex -2.71892 -17.7321 9.15369
      vertex -2.71892 -17.7321 112
    endloop
  endfacet
  facet normal -0.887173 0.461437 0
    outer loop
      vertex -2.59808 -17.5 0
      vertex -2.63246 -17.5661 4.95212
      vertex -2.59808 -17.5 5.00281
    endloop
  endfacet
  facet normal -0.886985 0.461798 0
    outer loop
      vertex -2.71892 -17.7321 4.84631
      vertex -2.59808 -17.5 0
      vertex -2.71892 -17.7321 0
    endloop
  endfacet
  facet normal -0.886913 0.461937 8.47923e-06
    outer loop
      vertex -2.59808 -17.5 0
      vertex -2.71892 -17.7321 4.84631
      vertex -2.63246 -17.5661 4.95212
    endloop
  endfacet
  facet normal -0.991441 0.130555 0
    outer loop
      vertex -2.96585 -18.5659 9.46202
      vertex -2.95442 -18.4791 112
      vertex -2.95442 -18.4791 9.44277
    endloop
  endfacet
  facet normal -0.99144 0.130564 -8.17797e-09
    outer loop
      vertex -2.98858 -18.7385 9.48475
      vertex -2.95442 -18.4791 112
      vertex -2.96585 -18.5659 9.46202
    endloop
  endfacet
  facet normal -0.99144 0.130561 0
    outer loop
      vertex -2.95442 -18.4791 112
      vertex -2.98858 -18.7385 9.48475
      vertex -2.98858 -18.7385 112
    endloop
  endfacet
  facet normal -0.991441 0.130555 0
    outer loop
      vertex -2.95442 -18.4791 0
      vertex -2.96585 -18.5659 4.53798
      vertex -2.95442 -18.4791 4.55723
    endloop
  endfacet
  facet normal -0.99144 0.130561 0
    outer loop
      vertex -2.98858 -18.7385 4.51525
      vertex -2.95442 -18.4791 0
      vertex -2.98858 -18.7385 0
    endloop
  endfacet
  facet normal -0.99144 0.130564 1.84342e-07
    outer loop
      vertex -2.95442 -18.4791 0
      vertex -2.98858 -18.7385 4.51525
      vertex -2.96585 -18.5659 4.53798
    endloop
  endfacet
  facet normal -0.130673 0.991425 0
    outer loop
      vertex -0.520944 -16.0456 0
      vertex -0.261467 -16.0114 15.5153
      vertex -0.261467 -16.0114 0
    endloop
  endfacet
  facet normal -0.130356 0.991467 -5.39365e-06
    outer loop
      vertex -0.261467 -16.0114 15.5153
      vertex -0.520944 -16.0456 0
      vertex -0.43412 -16.0341 15.538
    endloop
  endfacet
  facet normal -0.131305 0.991342 0
    outer loop
      vertex -0.43412 -16.0341 15.538
      vertex -0.520944 -16.0456 0
      vertex -0.520944 -16.0456 15.5572
    endloop
  endfacet
  facet normal -0.130673 0.991425 0
    outer loop
      vertex -0.261467 -16.0114 110.485
      vertex -0.520944 -16.0456 112
      vertex -0.261467 -16.0114 112
    endloop
  endfacet
  facet normal -0.130363 0.991466 5.41236e-05
    outer loop
      vertex -0.43412 -16.0341 110.462
      vertex -0.520944 -16.0456 112
      vertex -0.261467 -16.0114 110.485
    endloop
  endfacet
  facet normal -0.131305 0.991342 0
    outer loop
      vertex -0.520944 -16.0456 112
      vertex -0.43412 -16.0341 110.462
      vertex -0.520944 -16.0456 110.443
    endloop
  endfacet
  facet normal -0.130356 0.991467 0
    outer loop
      vertex -0.261467 -16.0114 20.4847
      vertex -0.43412 -16.0341 45.538
      vertex -0.261467 -16.0114 45.5153
    endloop
  endfacet
  facet normal -0.130356 0.991467 0
    outer loop
      vertex -0.43412 -16.0341 20.462
      vertex -0.43412 -16.0341 45.538
      vertex -0.261467 -16.0114 20.4847
    endloop
  endfacet
  facet normal -0.131305 0.991342 0
    outer loop
      vertex -0.43412 -16.0341 45.538
      vertex -0.43412 -16.0341 20.462
      vertex -0.520944 -16.0456 45.5572
    endloop
  endfacet
  facet normal -0.131305 0.991342 0
    outer loop
      vertex -0.520944 -16.0456 45.5572
      vertex -0.43412 -16.0341 20.462
      vertex -0.520944 -16.0456 20.4428
    endloop
  endfacet
  facet normal -0.130356 0.991467 0
    outer loop
      vertex -0.261467 -16.0114 50.4847
      vertex -0.43412 -16.0341 75.538
      vertex -0.261467 -16.0114 75.5153
    endloop
  endfacet
  facet normal -0.130356 0.991467 0
    outer loop
      vertex -0.43412 -16.0341 50.462
      vertex -0.43412 -16.0341 75.538
      vertex -0.261467 -16.0114 50.4847
    endloop
  endfacet
  facet normal -0.131305 0.991342 0
    outer loop
      vertex -0.43412 -16.0341 75.538
      vertex -0.43412 -16.0341 50.462
      vertex -0.520944 -16.0456 75.5572
    endloop
  endfacet
  facet normal -0.131305 0.991342 0
    outer loop
      vertex -0.520944 -16.0456 75.5572
      vertex -0.43412 -16.0341 50.462
      vertex -0.520944 -16.0456 50.4428
    endloop
  endfacet
  facet normal -0.130356 0.991467 0
    outer loop
      vertex -0.261467 -16.0114 80.4847
      vertex -0.43412 -16.0341 105.538
      vertex -0.261467 -16.0114 105.515
    endloop
  endfacet
  facet normal -0.130356 0.991467 0
    outer loop
      vertex -0.43412 -16.0341 80.462
      vertex -0.43412 -16.0341 105.538
      vertex -0.261467 -16.0114 80.4847
    endloop
  endfacet
  facet normal -0.131305 0.991342 0
    outer loop
      vertex -0.43412 -16.0341 105.538
      vertex -0.43412 -16.0341 80.462
      vertex -0.520944 -16.0456 105.557
    endloop
  endfacet
  facet normal -0.131305 0.991342 0
    outer loop
      vertex -0.520944 -16.0456 105.557
      vertex -0.43412 -16.0341 80.462
      vertex -0.520944 -16.0456 80.4428
    endloop
  endfacet
  facet normal -0.794375 0.607428 0
    outer loop
      vertex -2.29813 -17.0716 0
      vertex -2.3083 -17.0849 5.39303
      vertex -2.29813 -17.0716 5.4103
    endloop
  endfacet
  facet normal -0.793271 0.608869 5.63384e-06
    outer loop
      vertex -2.29813 -17.0716 0
      vertex -2.42136 -17.2322 5.23223
      vertex -2.3083 -17.0849 5.39303
    endloop
  endfacet
  facet normal -0.793434 0.608656 0
    outer loop
      vertex -2.45746 -17.2793 5.18913
      vertex -2.29813 -17.0716 0
      vertex -2.45746 -17.2793 0
    endloop
  endfacet
  facet normal -0.793679 0.608337 -2.02774e-05
    outer loop
      vertex -2.29813 -17.0716 0
      vertex -2.45746 -17.2793 5.18913
      vertex -2.42136 -17.2322 5.23223
    endloop
  endfacet
  facet normal -0.793383 0.608723 7.31775e-06
    outer loop
      vertex -2.45746 -17.2793 112
      vertex -2.29813 -17.0716 108.978
      vertex -2.34923 -17.1382 108.855
    endloop
  endfacet
  facet normal -0.793471 0.608608 -8.69969e-07
    outer loop
      vertex -2.45746 -17.2793 112
      vertex -2.34923 -17.1382 108.855
      vertex -2.41481 -17.2237 108.647
    endloop
  endfacet
  facet normal -0.793446 0.608641 0
    outer loop
      vertex -2.45746 -17.2793 112
      vertex -2.41481 -17.2237 108.647
      vertex -2.45746 -17.2793 108.455
    endloop
  endfacet
  facet normal -0.793434 0.608656 0
    outer loop
      vertex -2.29813 -17.0716 108.978
      vertex -2.45746 -17.2793 112
      vertex -2.29813 -17.0716 112
    endloop
  endfacet
  facet normal -0.794375 0.607428 0
    outer loop
      vertex -2.3083 -17.0849 8.60697
      vertex -2.29813 -17.0716 17.0216
      vertex -2.29813 -17.0716 8.5897
    endloop
  endfacet
  facet normal -0.79327 0.60887 -3.61427e-06
    outer loop
      vertex -2.42136 -17.2322 8.76777
      vertex -2.29813 -17.0716 17.0216
      vertex -2.3083 -17.0849 8.60697
    endloop
  endfacet
  facet normal -0.793682 0.608333 1.29841e-05
    outer loop
      vertex -2.45746 -17.2793 8.81087
      vertex -2.29813 -17.0716 17.0216
      vertex -2.42136 -17.2322 8.76777
    endloop
  endfacet
  facet normal -0.793379 0.608728 -2.89941e-06
    outer loop
      vertex -2.29813 -17.0716 17.0216
      vertex -2.45746 -17.2793 8.81087
      vertex -2.34923 -17.1382 17.1449
    endloop
  endfacet
  facet normal -0.793471 0.608607 3.4972e-07
    outer loop
      vertex -2.34923 -17.1382 17.1449
      vertex -2.45746 -17.2793 8.81087
      vertex -2.41481 -17.2237 17.353
    endloop
  endfacet
  facet normal -0.793446 0.608641 0
    outer loop
      vertex -2.41481 -17.2237 17.353
      vertex -2.45746 -17.2793 8.81087
      vertex -2.45746 -17.2793 17.5453
    endloop
  endfacet
  facet normal -0.793376 0.608732 0
    outer loop
      vertex -2.34923 -17.1382 18.855
      vertex -2.29813 -17.0716 47.0216
      vertex -2.29813 -17.0716 18.9784
    endloop
  endfacet
  facet normal -0.793376 0.608732 0
    outer loop
      vertex -2.34923 -17.1382 18.855
      vertex -2.34923 -17.1382 47.145
      vertex -2.29813 -17.0716 47.0216
    endloop
  endfacet
  facet normal -0.793472 0.608607 0
    outer loop
      vertex -2.41481 -17.2237 18.647
      vertex -2.34923 -17.1382 47.145
      vertex -2.34923 -17.1382 18.855
    endloop
  endfacet
  facet normal -0.793472 0.608607 0
    outer loop
      vertex -2.41481 -17.2237 18.647
      vertex -2.41481 -17.2237 47.353
      vertex -2.34923 -17.1382 47.145
    endloop
  endfacet
  facet normal -0.793446 0.608641 0
    outer loop
      vertex -2.45746 -17.2793 18.4547
      vertex -2.41481 -17.2237 47.353
      vertex -2.41481 -17.2237 18.647
    endloop
  endfacet
  facet normal -0.793446 0.608641 0
    outer loop
      vertex -2.41481 -17.2237 47.353
      vertex -2.45746 -17.2793 18.4547
      vertex -2.45746 -17.2793 47.5453
    endloop
  endfacet
  facet normal -0.793376 0.608732 0
    outer loop
      vertex -2.34923 -17.1382 48.855
      vertex -2.29813 -17.0716 77.0216
      vertex -2.29813 -17.0716 48.9784
    endloop
  endfacet
  facet normal -0.793376 0.608732 0
    outer loop
      vertex -2.34923 -17.1382 48.855
      vertex -2.34923 -17.1382 77.145
      vertex -2.29813 -17.0716 77.0216
    endloop
  endfacet
  facet normal -0.793472 0.608607 0
    outer loop
      vertex -2.41481 -17.2237 48.647
      vertex -2.34923 -17.1382 77.145
      vertex -2.34923 -17.1382 48.855
    endloop
  endfacet
  facet normal -0.793472 0.608607 0
    outer loop
      vertex -2.41481 -17.2237 48.647
      vertex -2.41481 -17.2237 77.353
      vertex -2.34923 -17.1382 77.145
    endloop
  endfacet
  facet normal -0.793446 0.608641 0
    outer loop
      vertex -2.45746 -17.2793 48.4547
      vertex -2.41481 -17.2237 77.353
      vertex -2.41481 -17.2237 48.647
    endloop
  endfacet
  facet normal -0.793446 0.608641 0
    outer loop
      vertex -2.41481 -17.2237 77.353
      vertex -2.45746 -17.2793 48.4547
      vertex -2.45746 -17.2793 77.5453
    endloop
  endfacet
  facet normal -0.793376 0.608732 0
    outer loop
      vertex -2.34923 -17.1382 78.855
      vertex -2.29813 -17.0716 107.022
      vertex -2.29813 -17.0716 78.9784
    endloop
  endfacet
  facet normal -0.793376 0.608732 0
    outer loop
      vertex -2.34923 -17.1382 78.855
      vertex -2.34923 -17.1382 107.145
      vertex -2.29813 -17.0716 107.022
    endloop
  endfacet
  facet normal -0.793472 0.608607 0
    outer loop
      vertex -2.41481 -17.2237 78.647
      vertex -2.34923 -17.1382 107.145
      vertex -2.34923 -17.1382 78.855
    endloop
  endfacet
  facet normal -0.793472 0.608607 0
    outer loop
      vertex -2.41481 -17.2237 78.647
      vertex -2.41481 -17.2237 107.353
      vertex -2.34923 -17.1382 107.145
    endloop
  endfacet
  facet normal -0.793446 0.608641 0
    outer loop
      vertex -2.45746 -17.2793 78.4547
      vertex -2.41481 -17.2237 107.353
      vertex -2.41481 -17.2237 78.647
    endloop
  endfacet
  facet normal -0.793446 0.608641 0
    outer loop
      vertex -2.41481 -17.2237 107.353
      vertex -2.45746 -17.2793 78.4547
      vertex -2.45746 -17.2793 107.545
    endloop
  endfacet
  facet normal -0.999048 -0.0436295 0
    outer loop
      vertex -2.98858 -19.2615 0
      vertex -3 -19 4.5
      vertex -3 -19 0
    endloop
  endfacet
  facet normal -0.999049 -0.0436024 -1.5783e-06
    outer loop
      vertex -3 -19 4.5
      vertex -2.98858 -19.2615 0
      vertex -2.99049 -19.2179 4.50951
    endloop
  endfacet
  facet normal -0.999042 -0.0437654 0
    outer loop
      vertex -2.99049 -19.2179 4.50951
      vertex -2.98858 -19.2615 0
      vertex -2.98858 -19.2615 4.51525
    endloop
  endfacet
  facet normal -0.999049 -0.0436024 6.9459e-08
    outer loop
      vertex -2.98858 -19.2615 112
      vertex -3 -19 9.5
      vertex -2.99049 -19.2179 9.49049
    endloop
  endfacet
  facet normal -0.999042 -0.0437654 -0
    outer loop
      vertex -2.98858 -19.2615 112
      vertex -2.99049 -19.2179 9.49049
      vertex -2.98858 -19.2615 9.48475
    endloop
  endfacet
  facet normal -0.999048 -0.0436295 0
    outer loop
      vertex -3 -19 9.5
      vertex -2.98858 -19.2615 112
      vertex -3 -19 112
    endloop
  endfacet
  facet normal -0.216273 0.976333 0
    outer loop
      vertex -0.520944 -16.0456 110.443
      vertex -0.776457 -16.1022 112
      vertex -0.520944 -16.0456 112
    endloop
  endfacet
  facet normal -0.216032 0.976386 4.13452e-05
    outer loop
      vertex -0.647047 -16.0735 110.415
      vertex -0.776457 -16.1022 112
      vertex -0.520944 -16.0456 110.443
    endloop
  endfacet
  facet normal -0.216515 0.976279 0
    outer loop
      vertex -0.776457 -16.1022 112
      vertex -0.647047 -16.0735 110.415
      vertex -0.776457 -16.1022 110.374
    endloop
  endfacet
  facet normal -0.216273 0.976333 0
    outer loop
      vertex -0.776457 -16.1022 0
      vertex -0.520944 -16.0456 15.5572
      vertex -0.520944 -16.0456 0
    endloop
  endfacet
  facet normal -0.216025 0.976388 -4.27313e-06
    outer loop
      vertex -0.520944 -16.0456 15.5572
      vertex -0.776457 -16.1022 0
      vertex -0.647047 -16.0735 15.5852
    endloop
  endfacet
  facet normal -0.216515 0.976279 0
    outer loop
      vertex -0.647047 -16.0735 15.5852
      vertex -0.776457 -16.1022 0
      vertex -0.776457 -16.1022 15.626
    endloop
  endfacet
  facet normal -0.216024 0.976388 0
    outer loop
      vertex -0.520944 -16.0456 20.4428
      vertex -0.647047 -16.0735 45.5852
      vertex -0.520944 -16.0456 45.5572
    endloop
  endfacet
  facet normal -0.216024 0.976388 0
    outer loop
      vertex -0.647047 -16.0735 20.4148
      vertex -0.647047 -16.0735 45.5852
      vertex -0.520944 -16.0456 20.4428
    endloop
  endfacet
  facet normal -0.216515 0.976279 0
    outer loop
      vertex -0.647047 -16.0735 45.5852
      vertex -0.647047 -16.0735 20.4148
      vertex -0.776457 -16.1022 45.626
    endloop
  endfacet
  facet normal -0.216515 0.976279 0
    outer loop
      vertex -0.776457 -16.1022 45.626
      vertex -0.647047 -16.0735 20.4148
      vertex -0.776457 -16.1022 20.374
    endloop
  endfacet
  facet normal -0.216024 0.976388 0
    outer loop
      vertex -0.520944 -16.0456 50.4428
      vertex -0.647047 -16.0735 75.5852
      vertex -0.520944 -16.0456 75.5572
    endloop
  endfacet
  facet normal -0.216024 0.976388 0
    outer loop
      vertex -0.647047 -16.0735 50.4148
      vertex -0.647047 -16.0735 75.5852
      vertex -0.520944 -16.0456 50.4428
    endloop
  endfacet
  facet normal -0.216515 0.976279 0
    outer loop
      vertex -0.647047 -16.0735 75.5852
      vertex -0.647047 -16.0735 50.4148
      vertex -0.776457 -16.1022 75.626
    endloop
  endfacet
  facet normal -0.216515 0.976279 0
    outer loop
      vertex -0.776457 -16.1022 75.626
      vertex -0.647047 -16.0735 50.4148
      vertex -0.776457 -16.1022 50.374
    endloop
  endfacet
  facet normal -0.216024 0.976388 0
    outer loop
      vertex -0.520944 -16.0456 80.4428
      vertex -0.647047 -16.0735 105.585
      vertex -0.520944 -16.0456 105.557
    endloop
  endfacet
  facet normal -0.216024 0.976388 0
    outer loop
      vertex -0.647047 -16.0735 80.4148
      vertex -0.647047 -16.0735 105.585
      vertex -0.520944 -16.0456 80.4428
    endloop
  endfacet
  facet normal -0.216515 0.976279 0
    outer loop
      vertex -0.647047 -16.0735 105.585
      vertex -0.647047 -16.0735 80.4148
      vertex -0.776457 -16.1022 105.626
    endloop
  endfacet
  facet normal -0.216515 0.976279 0
    outer loop
      vertex -0.776457 -16.1022 105.626
      vertex -0.647047 -16.0735 80.4148
      vertex -0.776457 -16.1022 80.374
    endloop
  endfacet
  facet normal 0.737071 0.675816 0
    outer loop
      vertex 2.18862 -16.9521 5.56606
      vertex 2.12132 -16.8787 0
      vertex 2.12132 -16.8787 5.68134
    endloop
  endfacet
  facet normal 0.737248 0.675622 -4.70303e-06
    outer loop
      vertex 2.29813 -17.0716 5.4103
      vertex 2.12132 -16.8787 0
      vertex 2.18862 -16.9521 5.56606
    endloop
  endfacet
  facet normal 0.737183 0.675693 0
    outer loop
      vertex 2.12132 -16.8787 0
      vertex 2.29813 -17.0716 5.4103
      vertex 2.29813 -17.0716 0
    endloop
  endfacet
  facet normal 0.737183 0.675693 0
    outer loop
      vertex 2.29813 -17.0716 112
      vertex 2.12132 -16.8787 109.319
      vertex 2.12132 -16.8787 112
    endloop
  endfacet
  facet normal 0.737052 0.675836 1.88395e-05
    outer loop
      vertex 2.12132 -16.8787 109.319
      vertex 2.29813 -17.0716 112
      vertex 2.16506 -16.9264 109.25
    endloop
  endfacet
  facet normal 0.737257 0.675612 -2.90439e-06
    outer loop
      vertex 2.16506 -16.9264 109.25
      vertex 2.29813 -17.0716 112
      vertex 2.26577 -17.0363 109.057
    endloop
  endfacet
  facet normal 0.737137 0.675744 0
    outer loop
      vertex 2.26577 -17.0363 109.057
      vertex 2.29813 -17.0716 112
      vertex 2.29813 -17.0716 108.978
    endloop
  endfacet
  facet normal 0.737043 0.675845 -6.66294e-06
    outer loop
      vertex 2.29813 -17.0716 8.5897
      vertex 2.12132 -16.8787 16.6813
      vertex 2.16506 -16.9264 16.75
    endloop
  endfacet
  facet normal 0.737071 0.675816 0
    outer loop
      vertex 2.12132 -16.8787 16.6813
      vertex 2.18862 -16.9521 8.43394
      vertex 2.12132 -16.8787 8.31866
    endloop
  endfacet
  facet normal 0.737259 0.67561 1.03704e-06
    outer loop
      vertex 2.29813 -17.0716 8.5897
      vertex 2.16506 -16.9264 16.75
      vertex 2.26577 -17.0363 16.9435
    endloop
  endfacet
  facet normal 0.737137 0.675744 -0
    outer loop
      vertex 2.29813 -17.0716 8.5897
      vertex 2.26577 -17.0363 16.9435
      vertex 2.29813 -17.0716 17.0216
    endloop
  endfacet
  facet normal 0.737249 0.675621 3.19157e-06
    outer loop
      vertex 2.12132 -16.8787 16.6813
      vertex 2.29813 -17.0716 8.5897
      vertex 2.18862 -16.9521 8.43394
    endloop
  endfacet
  facet normal 0.737039 0.675851 0
    outer loop
      vertex 2.16506 -16.9264 46.75
      vertex 2.12132 -16.8787 19.3187
      vertex 2.12132 -16.8787 46.6813
    endloop
  endfacet
  facet normal 0.737039 0.675851 0
    outer loop
      vertex 2.16506 -16.9264 46.75
      vertex 2.16506 -16.9264 19.25
      vertex 2.12132 -16.8787 19.3187
    endloop
  endfacet
  facet normal 0.73726 0.675609 0
    outer loop
      vertex 2.26577 -17.0363 46.9435
      vertex 2.16506 -16.9264 19.25
      vertex 2.16506 -16.9264 46.75
    endloop
  endfacet
  facet normal 0.73726 0.675609 0
    outer loop
      vertex 2.26577 -17.0363 46.9435
      vertex 2.26577 -17.0363 19.0565
      vertex 2.16506 -16.9264 19.25
    endloop
  endfacet
  facet normal 0.737137 0.675744 0
    outer loop
      vertex 2.29813 -17.0716 47.0216
      vertex 2.26577 -17.0363 19.0565
      vertex 2.26577 -17.0363 46.9435
    endloop
  endfacet
  facet normal 0.737137 0.675744 0
    outer loop
      vertex 2.26577 -17.0363 19.0565
      vertex 2.29813 -17.0716 47.0216
      vertex 2.29813 -17.0716 18.9784
    endloop
  endfacet
  facet normal 0.737039 0.675851 0
    outer loop
      vertex 2.16506 -16.9264 106.75
      vertex 2.12132 -16.8787 79.3187
      vertex 2.12132 -16.8787 106.681
    endloop
  endfacet
  facet normal 0.737039 0.675851 0
    outer loop
      vertex 2.16506 -16.9264 106.75
      vertex 2.16506 -16.9264 79.25
      vertex 2.12132 -16.8787 79.3187
    endloop
  endfacet
  facet normal 0.73726 0.675609 0
    outer loop
      vertex 2.26577 -17.0363 106.943
      vertex 2.16506 -16.9264 79.25
      vertex 2.16506 -16.9264 106.75
    endloop
  endfacet
  facet normal 0.73726 0.675609 0
    outer loop
      vertex 2.26577 -17.0363 106.943
      vertex 2.26577 -17.0363 79.0565
      vertex 2.16506 -16.9264 79.25
    endloop
  endfacet
  facet normal 0.737137 0.675744 0
    outer loop
      vertex 2.29813 -17.0716 107.022
      vertex 2.26577 -17.0363 79.0565
      vertex 2.26577 -17.0363 106.943
    endloop
  endfacet
  facet normal 0.737137 0.675744 0
    outer loop
      vertex 2.26577 -17.0363 79.0565
      vertex 2.29813 -17.0716 107.022
      vertex 2.29813 -17.0716 78.9784
    endloop
  endfacet
  facet normal 0.737039 0.675851 0
    outer loop
      vertex 2.16506 -16.9264 76.75
      vertex 2.12132 -16.8787 49.3187
      vertex 2.12132 -16.8787 76.6813
    endloop
  endfacet
  facet normal 0.737039 0.675851 0
    outer loop
      vertex 2.16506 -16.9264 76.75
      vertex 2.16506 -16.9264 49.25
      vertex 2.12132 -16.8787 49.3187
    endloop
  endfacet
  facet normal 0.73726 0.675609 0
    outer loop
      vertex 2.26577 -17.0363 76.9435
      vertex 2.16506 -16.9264 49.25
      vertex 2.16506 -16.9264 76.75
    endloop
  endfacet
  facet normal 0.73726 0.675609 0
    outer loop
      vertex 2.26577 -17.0363 76.9435
      vertex 2.26577 -17.0363 49.0565
      vertex 2.16506 -16.9264 49.25
    endloop
  endfacet
  facet normal 0.737137 0.675744 0
    outer loop
      vertex 2.29813 -17.0716 77.0216
      vertex 2.26577 -17.0363 49.0565
      vertex 2.26577 -17.0363 76.9435
    endloop
  endfacet
  facet normal 0.737137 0.675744 0
    outer loop
      vertex 2.26577 -17.0363 49.0565
      vertex 2.29813 -17.0716 77.0216
      vertex 2.29813 -17.0716 48.9784
    endloop
  endfacet
  facet normal 0.0435588 0.999051 0
    outer loop
      vertex 0.261467 -16.0114 112
      vertex 0 -16 110.5
      vertex 0 -16 112
    endloop
  endfacet
  facet normal 0.0435588 0.999051 -5.76175e-09
    outer loop
      vertex 0.261467 -16.0114 112
      vertex 0.217889 -16.0095 110.49
      vertex 0 -16 110.5
    endloop
  endfacet
  facet normal 0.0435586 0.999051 0
    outer loop
      vertex 0.217889 -16.0095 110.49
      vertex 0.261467 -16.0114 112
      vertex 0.261467 -16.0114 110.485
    endloop
  endfacet
  facet normal 0.0435586 0.999051 -0
    outer loop
      vertex 0.261467 -16.0114 0
      vertex 0.217889 -16.0095 15.5095
      vertex 0.261467 -16.0114 15.5153
    endloop
  endfacet
  facet normal 0.0435588 0.999051 5.61636e-10
    outer loop
      vertex 0.261467 -16.0114 0
      vertex 0 -16 15.5
      vertex 0.217889 -16.0095 15.5095
    endloop
  endfacet
  facet normal 0.0435588 0.999051 0
    outer loop
      vertex 0 -16 15.5
      vertex 0.261467 -16.0114 0
      vertex 0 -16 0
    endloop
  endfacet
  facet normal 0.0435588 0.999051 0
    outer loop
      vertex 0.217889 -16.0095 45.5095
      vertex 0 -16 20.5
      vertex 0 -16 45.5
    endloop
  endfacet
  facet normal 0.0435586 0.999051 -0
    outer loop
      vertex 0.217889 -16.0095 20.4905
      vertex 0.217889 -16.0095 45.5095
      vertex 0.261467 -16.0114 45.5153
    endloop
  endfacet
  facet normal 0.0435588 0.999051 0
    outer loop
      vertex 0.217889 -16.0095 45.5095
      vertex 0.217889 -16.0095 20.4905
      vertex 0 -16 20.5
    endloop
  endfacet
  facet normal 0.0435586 0.999051 0
    outer loop
      vertex 0.217889 -16.0095 20.4905
      vertex 0.261467 -16.0114 45.5153
      vertex 0.261467 -16.0114 20.4847
    endloop
  endfacet
  facet normal 0.0435588 0.999051 0
    outer loop
      vertex 0.217889 -16.0095 75.5095
      vertex 0 -16 50.5
      vertex 0 -16 75.5
    endloop
  endfacet
  facet normal 0.0435586 0.999051 -0
    outer loop
      vertex 0.217889 -16.0095 50.4905
      vertex 0.217889 -16.0095 75.5095
      vertex 0.261467 -16.0114 75.5153
    endloop
  endfacet
  facet normal 0.0435588 0.999051 0
    outer loop
      vertex 0.217889 -16.0095 75.5095
      vertex 0.217889 -16.0095 50.4905
      vertex 0 -16 50.5
    endloop
  endfacet
  facet normal 0.0435586 0.999051 0
    outer loop
      vertex 0.217889 -16.0095 50.4905
      vertex 0.261467 -16.0114 75.5153
      vertex 0.261467 -16.0114 50.4847
    endloop
  endfacet
  facet normal 0.0435588 0.999051 0
    outer loop
      vertex 0.217889 -16.0095 105.51
      vertex 0 -16 80.5
      vertex 0 -16 105.5
    endloop
  endfacet
  facet normal 0.0435586 0.999051 -0
    outer loop
      vertex 0.217889 -16.0095 80.4905
      vertex 0.217889 -16.0095 105.51
      vertex 0.261467 -16.0114 105.515
    endloop
  endfacet
  facet normal 0.0435588 0.999051 0
    outer loop
      vertex 0.217889 -16.0095 105.51
      vertex 0.217889 -16.0095 80.4905
      vertex 0 -16 80.5
    endloop
  endfacet
  facet normal 0.0435586 0.999051 0
    outer loop
      vertex 0.217889 -16.0095 80.4905
      vertex 0.261467 -16.0114 105.515
      vertex 0.261467 -16.0114 80.4847
    endloop
  endfacet
  facet normal 0.300707 -0.953716 0
    outer loop
      vertex 0.776457 -21.8978 0
      vertex 1.02606 -21.8191 112
      vertex 0.776457 -21.8978 112
    endloop
  endfacet
  facet normal 0.300707 -0.953716 0
    outer loop
      vertex 1.02606 -21.8191 112
      vertex 0.776457 -21.8978 0
      vertex 1.02606 -21.8191 0
    endloop
  endfacet
  facet normal 0 0 -1
    outer loop
      vertex 2.98858 -19.2615 0
      vertex 2.98858 -18.7385 0
      vertex 3 -19 0
    endloop
  endfacet
  facet normal 0 0 -1
    outer loop
      vertex 2.95442 -19.5209 0
      vertex 2.98858 -18.7385 0
      vertex 2.98858 -19.2615 0
    endloop
  endfacet
  facet normal 0 0 -1
    outer loop
      vertex 2.95442 -19.5209 0
      vertex 2.95442 -18.4791 0
      vertex 2.98858 -18.7385 0
    endloop
  endfacet
  facet normal 0 0 -1
    outer loop
      vertex 2.89778 -19.7765 0
      vertex 2.95442 -18.4791 0
      vertex 2.95442 -19.5209 0
    endloop
  endfacet
  facet normal 0 0 -1
    outer loop
      vertex 2.89778 -19.7765 0
      vertex 2.89778 -18.2235 0
      vertex 2.95442 -18.4791 0
    endloop
  endfacet
  facet normal 0 0 -1
    outer loop
      vertex 2.81908 -20.0261 0
      vertex 2.89778 -18.2235 0
      vertex 2.89778 -19.7765 0
    endloop
  endfacet
  facet normal 0 0 -1
    outer loop
      vertex 2.81908 -20.0261 0
      vertex 2.81908 -17.9739 0
      vertex 2.89778 -18.2235 0
    endloop
  endfacet
  facet normal 0 0 -1
    outer loop
      vertex 2.71892 -20.2679 0
      vertex 2.81908 -17.9739 0
      vertex 2.81908 -20.0261 0
    endloop
  endfacet
  facet normal 0 0 -1
    outer loop
      vertex 2.71892 -20.2679 0
      vertex 2.71892 -17.7321 0
      vertex 2.81908 -17.9739 0
    endloop
  endfacet
  facet normal 0 0 -1
    outer loop
      vertex 2.59808 -20.5 0
      vertex 2.71892 -17.7321 0
      vertex 2.71892 -20.2679 0
    endloop
  endfacet
  facet normal 0 0 -1
    outer loop
      vertex 2.59808 -20.5 0
      vertex 2.59808 -17.5 0
      vertex 2.71892 -17.7321 0
    endloop
  endfacet
  facet normal 0 0 -1
    outer loop
      vertex 2.45746 -20.7207 0
      vertex 2.59808 -17.5 0
      vertex 2.59808 -20.5 0
    endloop
  endfacet
  facet normal 0 0 -1
    outer loop
      vertex 2.45746 -20.7207 0
      vertex 2.45746 -17.2793 0
      vertex 2.59808 -17.5 0
    endloop
  endfacet
  facet normal 0 0 -1
    outer loop
      vertex 2.29813 -20.9284 0
      vertex 2.45746 -17.2793 0
      vertex 2.45746 -20.7207 0
    endloop
  endfacet
  facet normal 0 0 -1
    outer loop
      vertex 2.29813 -20.9284 0
      vertex 2.29813 -17.0716 0
      vertex 2.45746 -17.2793 0
    endloop
  endfacet
  facet normal 0 0 -1
    outer loop
      vertex 2.12132 -21.1213 0
      vertex 2.29813 -17.0716 0
      vertex 2.29813 -20.9284 0
    endloop
  endfacet
  facet normal 0 0 -1
    outer loop
      vertex 2.12132 -21.1213 0
      vertex 2.12132 -16.8787 0
      vertex 2.29813 -17.0716 0
    endloop
  endfacet
  facet normal 0 0 -1
    outer loop
      vertex 1.92836 -21.2981 0
      vertex 2.12132 -16.8787 0
      vertex 2.12132 -21.1213 0
    endloop
  endfacet
  facet normal 0 0 -1
    outer loop
      vertex 1.92836 -21.2981 0
      vertex 1.92836 -16.7019 0
      vertex 2.12132 -16.8787 0
    endloop
  endfacet
  facet normal 0 0 -1
    outer loop
      vertex 1.72073 -21.4575 0
      vertex 1.92836 -16.7019 0
      vertex 1.92836 -21.2981 0
    endloop
  endfacet
  facet normal 0 0 -1
    outer loop
      vertex 1.72073 -21.4575 0
      vertex 1.72073 -16.5425 0
      vertex 1.92836 -16.7019 0
    endloop
  endfacet
  facet normal 0 0 -1
    outer loop
      vertex 1.5 -21.5981 0
      vertex 1.72073 -16.5425 0
      vertex 1.72073 -21.4575 0
    endloop
  endfacet
  facet normal 0 0 -1
    outer loop
      vertex 1.5 -21.5981 0
      vertex 1.5 -16.4019 0
      vertex 1.72073 -16.5425 0
    endloop
  endfacet
  facet normal 0 0 -1
    outer loop
      vertex 1.26785 -21.7189 0
      vertex 1.5 -16.4019 0
      vertex 1.5 -21.5981 0
    endloop
  endfacet
  facet normal 0 0 -1
    outer loop
      vertex 1.26785 -21.7189 0
      vertex 1.26785 -16.2811 0
      vertex 1.5 -16.4019 0
    endloop
  endfacet
  facet normal 0 0 -1
    outer loop
      vertex 1.02606 -21.8191 0
      vertex 1.26785 -16.2811 0
      vertex 1.26785 -21.7189 0
    endloop
  endfacet
  facet normal 0 0 -1
    outer loop
      vertex 1.02606 -21.8191 0
      vertex 1.02606 -16.1809 0
      vertex 1.26785 -16.2811 0
    endloop
  endfacet
  facet normal 0 0 -1
    outer loop
      vertex 0.776457 -21.8978 0
      vertex 1.02606 -16.1809 0
      vertex 1.02606 -21.8191 0
    endloop
  endfacet
  facet normal 0 0 -1
    outer loop
      vertex 0.776457 -21.8978 0
      vertex 0.776457 -16.1022 0
      vertex 1.02606 -16.1809 0
    endloop
  endfacet
  facet normal 0 0 -1
    outer loop
      vertex 0.520944 -21.9544 0
      vertex 0.776457 -16.1022 0
      vertex 0.776457 -21.8978 0
    endloop
  endfacet
  facet normal 0 0 -1
    outer loop
      vertex 0.520944 -21.9544 0
      vertex 0.520944 -16.0456 0
      vertex 0.776457 -16.1022 0
    endloop
  endfacet
  facet normal 0 0 -1
    outer loop
      vertex 0.261467 -21.9886 0
      vertex 0.520944 -16.0456 0
      vertex 0.520944 -21.9544 0
    endloop
  endfacet
  facet normal 0 0 -1
    outer loop
      vertex 0.261467 -21.9886 0
      vertex 0.261467 -16.0114 0
      vertex 0.520944 -16.0456 0
    endloop
  endfacet
  facet normal 0 0 -1
    outer loop
      vertex 0 -22 0
      vertex 0.261467 -16.0114 0
      vertex 0.261467 -21.9886 0
    endloop
  endfacet
  facet normal 0 0 -1
    outer loop
      vertex 0 -22 0
      vertex 0 -16 0
      vertex 0.261467 -16.0114 0
    endloop
  endfacet
  facet normal 0 0 -1
    outer loop
      vertex -0.261467 -21.9886 0
      vertex 0 -16 0
      vertex 0 -22 0
    endloop
  endfacet
  facet normal 0 0 -1
    outer loop
      vertex -0.261467 -21.9886 0
      vertex -0.261467 -16.0114 0
      vertex 0 -16 0
    endloop
  endfacet
  facet normal 0 0 -1
    outer loop
      vertex -0.520944 -21.9544 0
      vertex -0.261467 -16.0114 0
      vertex -0.261467 -21.9886 0
    endloop
  endfacet
  facet normal 0 0 -1
    outer loop
      vertex -0.520944 -21.9544 0
      vertex -0.520944 -16.0456 0
      vertex -0.261467 -16.0114 0
    endloop
  endfacet
  facet normal 0 0 -1
    outer loop
      vertex -0.776457 -21.8978 0
      vertex -0.520944 -16.0456 0
      vertex -0.520944 -21.9544 0
    endloop
  endfacet
  facet normal 0 0 -1
    outer loop
      vertex -0.776457 -21.8978 0
      vertex -0.776457 -16.1022 0
      vertex -0.520944 -16.0456 0
    endloop
  endfacet
  facet normal 0 0 -1
    outer loop
      vertex -1.02606 -21.8191 0
      vertex -0.776457 -16.1022 0
      vertex -0.776457 -21.8978 0
    endloop
  endfacet
  facet normal 0 0 -1
    outer loop
      vertex -1.02606 -21.8191 0
      vertex -1.02606 -16.1809 0
      vertex -0.776457 -16.1022 0
    endloop
  endfacet
  facet normal 0 0 -1
    outer loop
      vertex -1.26785 -21.7189 0
      vertex -1.02606 -16.1809 0
      vertex -1.02606 -21.8191 0
    endloop
  endfacet
  facet normal 0 0 -1
    outer loop
      vertex -1.26785 -21.7189 0
      vertex -1.26785 -16.2811 0
      vertex -1.02606 -16.1809 0
    endloop
  endfacet
  facet normal 0 0 -1
    outer loop
      vertex -1.5 -21.5981 0
      vertex -1.26785 -16.2811 0
      vertex -1.26785 -21.7189 0
    endloop
  endfacet
  facet normal 0 0 -1
    outer loop
      vertex -1.5 -21.5981 0
      vertex -1.5 -16.4019 0
      vertex -1.26785 -16.2811 0
    endloop
  endfacet
  facet normal 0 0 -1
    outer loop
      vertex -1.72073 -21.4575 0
      vertex -1.5 -16.4019 0
      vertex -1.5 -21.5981 0
    endloop
  endfacet
  facet normal 0 0 -1
    outer loop
      vertex -1.72073 -21.4575 0
      vertex -1.72073 -16.5425 0
      vertex -1.5 -16.4019 0
    endloop
  endfacet
  facet normal 0 0 -1
    outer loop
      vertex -1.92836 -21.2981 0
      vertex -1.72073 -16.5425 0
      vertex -1.72073 -21.4575 0
    endloop
  endfacet
  facet normal 0 0 -1
    outer loop
      vertex -1.92836 -21.2981 0
      vertex -1.92836 -16.7019 0
      vertex -1.72073 -16.5425 0
    endloop
  endfacet
  facet normal 0 0 -1
    outer loop
      vertex -2.12132 -21.1213 0
      vertex -1.92836 -16.7019 0
      vertex -1.92836 -21.2981 0
    endloop
  endfacet
  facet normal 0 0 -1
    outer loop
      vertex -2.12132 -21.1213 0
      vertex -2.12132 -16.8787 0
      vertex -1.92836 -16.7019 0
    endloop
  endfacet
  facet normal 0 0 -1
    outer loop
      vertex -2.29813 -20.9284 0
      vertex -2.12132 -16.8787 0
      vertex -2.12132 -21.1213 0
    endloop
  endfacet
  facet normal 0 0 -1
    outer loop
      vertex -2.29813 -20.9284 0
      vertex -2.29813 -17.0716 0
      vertex -2.12132 -16.8787 0
    endloop
  endfacet
  facet normal 0 0 -1
    outer loop
      vertex -2.45746 -20.7207 0
      vertex -2.29813 -17.0716 0
      vertex -2.29813 -20.9284 0
    endloop
  endfacet
  facet normal 0 0 -1
    outer loop
      vertex -2.45746 -20.7207 0
      vertex -2.45746 -17.2793 0
      vertex -2.29813 -17.0716 0
    endloop
  endfacet
  facet normal 0 0 -1
    outer loop
      vertex -2.59808 -20.5 0
      vertex -2.45746 -17.2793 0
      vertex -2.45746 -20.7207 0
    endloop
  endfacet
  facet normal 0 0 -1
    outer loop
      vertex -2.59808 -20.5 0
      vertex -2.59808 -17.5 0
      vertex -2.45746 -17.2793 0
    endloop
  endfacet
  facet normal 0 0 -1
    outer loop
      vertex -2.71892 -20.2679 0
      vertex -2.59808 -17.5 0
      vertex -2.59808 -20.5 0
    endloop
  endfacet
  facet normal 0 0 -1
    outer loop
      vertex -2.71892 -20.2679 0
      vertex -2.71892 -17.7321 0
      vertex -2.59808 -17.5 0
    endloop
  endfacet
  facet normal 0 0 -1
    outer loop
      vertex -2.81908 -20.0261 0
      vertex -2.71892 -17.7321 0
      vertex -2.71892 -20.2679 0
    endloop
  endfacet
  facet normal 0 0 -1
    outer loop
      vertex -2.81908 -20.0261 0
      vertex -2.81908 -17.9739 0
      vertex -2.71892 -17.7321 0
    endloop
  endfacet
  facet normal 0 0 -1
    outer loop
      vertex -2.89778 -19.7765 0
      vertex -2.81908 -17.9739 0
      vertex -2.81908 -20.0261 0
    endloop
  endfacet
  facet normal 0 0 -1
    outer loop
      vertex -2.89778 -19.7765 0
      vertex -2.89778 -18.2235 0
      vertex -2.81908 -17.9739 0
    endloop
  endfacet
  facet normal 0 0 -1
    outer loop
      vertex -2.95442 -19.5209 0
      vertex -2.89778 -18.2235 0
      vertex -2.89778 -19.7765 0
    endloop
  endfacet
  facet normal 0 0 -1
    outer loop
      vertex -2.95442 -19.5209 0
      vertex -2.95442 -18.4791 0
      vertex -2.89778 -18.2235 0
    endloop
  endfacet
  facet normal 0 0 -1
    outer loop
      vertex -2.98858 -19.2615 0
      vertex -2.95442 -18.4791 0
      vertex -2.95442 -19.5209 0
    endloop
  endfacet
  facet normal 0 0 -1
    outer loop
      vertex -2.98858 -19.2615 0
      vertex -2.98858 -18.7385 0
      vertex -2.95442 -18.4791 0
    endloop
  endfacet
  facet normal 0 -0 -1
    outer loop
      vertex -2.98858 -18.7385 0
      vertex -2.98858 -19.2615 0
      vertex -3 -19 0
    endloop
  endfacet
  facet normal 0.886913 -0.461937 8.47923e-06
    outer loop
      vertex 2.59808 -20.5 0
      vertex 2.71892 -20.2679 4.84631
      vertex 2.63246 -20.4339 4.95212
    endloop
  endfacet
  facet normal 0.887173 -0.461437 0
    outer loop
      vertex 2.59808 -20.5 0
      vertex 2.63246 -20.4339 4.95212
      vertex 2.59808 -20.5 5.00281
    endloop
  endfacet
  facet normal 0.886985 -0.461798 0
    outer loop
      vertex 2.71892 -20.2679 4.84631
      vertex 2.59808 -20.5 0
      vertex 2.71892 -20.2679 0
    endloop
  endfacet
  facet normal 0.886985 -0.461798 0
    outer loop
      vertex 2.59808 -20.5 112
      vertex 2.71892 -20.2679 9.15369
      vertex 2.71892 -20.2679 112
    endloop
  endfacet
  facet normal 0.886911 -0.461941 -4.11162e-07
    outer loop
      vertex 2.71892 -20.2679 9.15369
      vertex 2.59808 -20.5 112
      vertex 2.63246 -20.4339 9.04788
    endloop
  endfacet
  facet normal 0.887173 -0.461437 0
    outer loop
      vertex 2.63246 -20.4339 9.04788
      vertex 2.59808 -20.5 112
      vertex 2.59808 -20.5 8.99719
    endloop
  endfacet
  facet normal 0.92348 -0.383646 5.71385e-05
    outer loop
      vertex 2.71892 -20.2679 0
      vertex 2.81908 -20.0261 4.7216
      vertex 2.80645 -20.0565 4.73423
    endloop
  endfacet
  facet normal 0.923914 -0.3826 2.39218e-06
    outer loop
      vertex 2.71892 -20.2679 0
      vertex 2.80645 -20.0565 4.73423
      vertex 2.72632 -20.25 4.83494
    endloop
  endfacet
  facet normal 0.924143 -0.382048 0
    outer loop
      vertex 2.71892 -20.2679 0
      vertex 2.72632 -20.25 4.83494
      vertex 2.71892 -20.2679 4.84631
    endloop
  endfacet
  facet normal 0.923875 -0.382694 0
    outer loop
      vertex 2.81908 -20.0261 4.7216
      vertex 2.71892 -20.2679 0
      vertex 2.81908 -20.0261 0
    endloop
  endfacet
  facet normal 0.923875 -0.382694 0
    outer loop
      vertex 2.71892 -20.2679 112
      vertex 2.81908 -20.0261 9.2784
      vertex 2.81908 -20.0261 112
    endloop
  endfacet
  facet normal 0.923472 -0.383665 -2.67961e-06
    outer loop
      vertex 2.81908 -20.0261 9.2784
      vertex 2.71892 -20.2679 112
      vertex 2.80645 -20.0565 9.26577
    endloop
  endfacet
  facet normal 0.923914 -0.382601 -1.12678e-07
    outer loop
      vertex 2.80645 -20.0565 9.26577
      vertex 2.71892 -20.2679 112
      vertex 2.72632 -20.25 9.16506
    endloop
  endfacet
  facet normal 0.924143 -0.382048 0
    outer loop
      vertex 2.72632 -20.25 9.16506
      vertex 2.71892 -20.2679 112
      vertex 2.71892 -20.2679 9.15369
    endloop
  endfacet
  facet normal 0.675559 0.737306 0
    outer loop
      vertex 2.12132 -16.8787 112
      vertex 1.92836 -16.7019 109.59
      vertex 1.92836 -16.7019 112
    endloop
  endfacet
  facet normal 0.675527 0.737335 4.6723e-06
    outer loop
      vertex 2.12132 -16.8787 112
      vertex 2.04788 -16.8114 109.434
      vertex 1.92836 -16.7019 109.59
    endloop
  endfacet
  facet normal 0.675616 0.737254 0
    outer loop
      vertex 2.04788 -16.8114 109.434
      vertex 2.12132 -16.8787 112
      vertex 2.12132 -16.8787 109.319
    endloop
  endfacet
  facet normal 0.675559 0.737306 0
    outer loop
      vertex 1.92836 -16.7019 0
      vertex 2.12132 -16.8787 5.68134
      vertex 2.12132 -16.8787 0
    endloop
  endfacet
  facet normal 0.676023 0.73688 -2.90529e-05
    outer loop
      vertex 2.12132 -16.8787 5.68134
      vertex 1.92836 -16.7019 0
      vertex 2.07358 -16.8349 5.75
    endloop
  endfacet
  facet normal 0.675565 0.7373 -7.76825e-06
    outer loop
      vertex 2.07358 -16.8349 5.75
      vertex 1.92836 -16.7019 0
      vertex 1.96368 -16.7342 5.94345
    endloop
  endfacet
  facet normal 0.674854 0.737952 0
    outer loop
      vertex 1.96368 -16.7342 5.94345
      vertex 1.92836 -16.7019 0
      vertex 1.92836 -16.7019 6.02159
    endloop
  endfacet
  facet normal 0.675616 0.737254 -0
    outer loop
      vertex 2.12132 -16.8787 8.31866
      vertex 2.04788 -16.8114 16.5661
      vertex 2.12132 -16.8787 16.6813
    endloop
  endfacet
  facet normal 0.675525 0.737338 -1.49068e-06
    outer loop
      vertex 2.12132 -16.8787 8.31866
      vertex 1.92836 -16.7019 16.4103
      vertex 2.04788 -16.8114 16.5661
    endloop
  endfacet
  facet normal 0.67603 0.736874 2.06856e-05
    outer loop
      vertex 2.07358 -16.8349 8.25
      vertex 1.92836 -16.7019 16.4103
      vertex 2.12132 -16.8787 8.31866
    endloop
  endfacet
  facet normal 0.675567 0.737298 5.54343e-06
    outer loop
      vertex 1.96368 -16.7342 8.05655
      vertex 1.92836 -16.7019 16.4103
      vertex 2.07358 -16.8349 8.25
    endloop
  endfacet
  facet normal 0.674854 0.737952 0
    outer loop
      vertex 1.92836 -16.7019 16.4103
      vertex 1.96368 -16.7342 8.05655
      vertex 1.92836 -16.7019 7.97841
    endloop
  endfacet
  facet normal 0.675523 0.737338 0
    outer loop
      vertex 2.04788 -16.8114 46.5661
      vertex 1.92836 -16.7019 19.5897
      vertex 1.92836 -16.7019 46.4103
    endloop
  endfacet
  facet normal 0.675616 0.737254 -0
    outer loop
      vertex 2.04788 -16.8114 19.4339
      vertex 2.04788 -16.8114 46.5661
      vertex 2.12132 -16.8787 46.6813
    endloop
  endfacet
  facet normal 0.675523 0.737338 0
    outer loop
      vertex 2.04788 -16.8114 46.5661
      vertex 2.04788 -16.8114 19.4339
      vertex 1.92836 -16.7019 19.5897
    endloop
  endfacet
  facet normal 0.675616 0.737254 0
    outer loop
      vertex 2.04788 -16.8114 19.4339
      vertex 2.12132 -16.8787 46.6813
      vertex 2.12132 -16.8787 19.3187
    endloop
  endfacet
  facet normal 0.675523 0.737338 0
    outer loop
      vertex 2.04788 -16.8114 106.566
      vertex 1.92836 -16.7019 79.5897
      vertex 1.92836 -16.7019 106.41
    endloop
  endfacet
  facet normal 0.675616 0.737254 -0
    outer loop
      vertex 2.04788 -16.8114 79.4339
      vertex 2.04788 -16.8114 106.566
      vertex 2.12132 -16.8787 106.681
    endloop
  endfacet
  facet normal 0.675523 0.737338 0
    outer loop
      vertex 2.04788 -16.8114 106.566
      vertex 2.04788 -16.8114 79.4339
      vertex 1.92836 -16.7019 79.5897
    endloop
  endfacet
  facet normal 0.675616 0.737254 0
    outer loop
      vertex 2.04788 -16.8114 79.4339
      vertex 2.12132 -16.8787 106.681
      vertex 2.12132 -16.8787 79.3187
    endloop
  endfacet
  facet normal 0.675523 0.737338 0
    outer loop
      vertex 2.04788 -16.8114 76.5661
      vertex 1.92836 -16.7019 49.5897
      vertex 1.92836 -16.7019 76.4103
    endloop
  endfacet
  facet normal 0.675616 0.737254 -0
    outer loop
      vertex 2.04788 -16.8114 49.4339
      vertex 2.04788 -16.8114 76.5661
      vertex 2.12132 -16.8787 76.6813
    endloop
  endfacet
  facet normal 0.675523 0.737338 0
    outer loop
      vertex 2.04788 -16.8114 76.5661
      vertex 2.04788 -16.8114 49.4339
      vertex 1.92836 -16.7019 49.5897
    endloop
  endfacet
  facet normal 0.675616 0.737254 0
    outer loop
      vertex 2.04788 -16.8114 49.4339
      vertex 2.12132 -16.8787 76.6813
      vertex 2.12132 -16.8787 49.3187
    endloop
  endfacet
  facet normal -0.737183 -0.675693 0
    outer loop
      vertex -2.12132 -21.1213 0
      vertex -2.29813 -20.9284 5.4103
      vertex -2.29813 -20.9284 0
    endloop
  endfacet
  facet normal -0.737248 -0.675622 -4.70303e-06
    outer loop
      vertex -2.29813 -20.9284 5.4103
      vertex -2.12132 -21.1213 0
      vertex -2.18862 -21.0479 5.56606
    endloop
  endfacet
  facet normal -0.737071 -0.675816 0
    outer loop
      vertex -2.18862 -21.0479 5.56606
      vertex -2.12132 -21.1213 0
      vertex -2.12132 -21.1213 5.68134
    endloop
  endfacet
  facet normal -0.737251 -0.675619 2.56868e-07
    outer loop
      vertex -2.12132 -21.1213 112
      vertex -2.29813 -20.9284 8.5897
      vertex -2.18862 -21.0479 8.43394
    endloop
  endfacet
  facet normal -0.737071 -0.675816 -0
    outer loop
      vertex -2.12132 -21.1213 112
      vertex -2.18862 -21.0479 8.43394
      vertex -2.12132 -21.1213 8.31866
    endloop
  endfacet
  facet normal -0.737183 -0.675693 0
    outer loop
      vertex -2.29813 -20.9284 8.5897
      vertex -2.12132 -21.1213 112
      vertex -2.29813 -20.9284 112
    endloop
  endfacet
  facet normal -0.537244 -0.843427 0
    outer loop
      vertex -1.72073 -21.4575 7.4547
      vertex -1.5 -21.5981 112
      vertex -1.72073 -21.4575 112
    endloop
  endfacet
  facet normal -0.532154 -0.846647 -1.50771e-05
    outer loop
      vertex -1.71357 -21.462 7.43412
      vertex -1.5 -21.5981 112
      vertex -1.72073 -21.4575 7.4547
    endloop
  endfacet
  facet normal -0.53769 -0.843142 7.9254e-07
    outer loop
      vertex -1.66888 -21.4905 7.21789
      vertex -1.5 -21.5981 112
      vertex -1.71357 -21.462 7.43412
    endloop
  endfacet
  facet normal -0.53685 -0.843677 -1.11072e-06
    outer loop
      vertex -1.65395 -21.5 7
      vertex -1.5 -21.5981 112
      vertex -1.66888 -21.4905 7.21789
    endloop
  endfacet
  facet normal -0.537244 -0.843427 0
    outer loop
      vertex -1.5 -21.5981 0
      vertex -1.72073 -21.4575 6.5453
      vertex -1.72073 -21.4575 0
    endloop
  endfacet
  facet normal -0.532578 -0.846381 0.000220803
    outer loop
      vertex -1.72073 -21.4575 6.5453
      vertex -1.5 -21.5981 0
      vertex -1.71357 -21.462 6.56588
    endloop
  endfacet
  facet normal -0.537655 -0.843165 -1.10135e-05
    outer loop
      vertex -1.71357 -21.462 6.56588
      vertex -1.5 -21.5981 0
      vertex -1.66888 -21.4905 6.78211
    endloop
  endfacet
  facet normal -0.537389 -0.843334 0
    outer loop
      vertex -1.65395 -21.5 7
      vertex -1.5 -21.5981 0
      vertex -1.5 -21.5981 112
    endloop
  endfacet
  facet normal -0.536973 -0.8436 1.28812e-05
    outer loop
      vertex -1.66888 -21.4905 6.78211
      vertex -1.5 -21.5981 0
      vertex -1.65395 -21.5 7
    endloop
  endfacet
  facet normal -0.461599 -0.887089 0
    outer loop
      vertex -1.5 -21.5981 0
      vertex -1.26785 -21.7189 112
      vertex -1.5 -21.5981 112
    endloop
  endfacet
  facet normal -0.461599 -0.887089 -0
    outer loop
      vertex -1.26785 -21.7189 112
      vertex -1.5 -21.5981 0
      vertex -1.26785 -21.7189 0
    endloop
  endfacet
  facet normal -0.999042 0.0437654 0
    outer loop
      vertex -2.98858 -18.7385 0
      vertex -2.99049 -18.7821 4.50951
      vertex -2.98858 -18.7385 4.51525
    endloop
  endfacet
  facet normal -0.999048 0.0436295 0
    outer loop
      vertex -3 -19 4.5
      vertex -2.98858 -18.7385 0
      vertex -3 -19 0
    endloop
  endfacet
  facet normal -0.999049 0.0436024 -1.5783e-06
    outer loop
      vertex -2.98858 -18.7385 0
      vertex -3 -19 4.5
      vertex -2.99049 -18.7821 4.50951
    endloop
  endfacet
  facet normal -0.999042 0.0437654 0
    outer loop
      vertex -2.99049 -18.7821 9.49049
      vertex -2.98858 -18.7385 112
      vertex -2.98858 -18.7385 9.48475
    endloop
  endfacet
  facet normal -0.999049 0.0436024 6.9459e-08
    outer loop
      vertex -3 -19 9.5
      vertex -2.98858 -18.7385 112
      vertex -2.99049 -18.7821 9.49049
    endloop
  endfacet
  facet normal -0.999048 0.0436295 0
    outer loop
      vertex -2.98858 -18.7385 112
      vertex -3 -19 9.5
      vertex -3 -19 112
    endloop
  endfacet
  facet normal 0.609297 -0.792942 0
    outer loop
      vertex 1.72073 -21.4575 0
      vertex 1.7763 -21.4148 6.35295
      vertex 1.72073 -21.4575 6.5453
    endloop
  endfacet
  facet normal 0.608867 -0.793272 5.97516e-06
    outer loop
      vertex 1.72073 -21.4575 0
      vertex 1.86177 -21.3492 6.14495
      vertex 1.7763 -21.4148 6.35295
    endloop
  endfacet
  facet normal 0.608799 -0.793324 8.46714e-06
    outer loop
      vertex 1.72073 -21.4575 0
      vertex 1.92836 -21.2981 6.02159
      vertex 1.86177 -21.3492 6.14495
    endloop
  endfacet
  facet normal 0.608954 -0.793206 0
    outer loop
      vertex 1.92836 -21.2981 6.02159
      vertex 1.72073 -21.4575 0
      vertex 1.92836 -21.2981 0
    endloop
  endfacet
  facet normal 0.608954 -0.793206 0
    outer loop
      vertex 1.72073 -21.4575 112
      vertex 1.92836 -21.2981 7.97841
      vertex 1.92836 -21.2981 112
    endloop
  endfacet
  facet normal 0.60879 -0.793332 -5.19538e-07
    outer loop
      vertex 1.72073 -21.4575 112
      vertex 1.86177 -21.3492 7.85505
      vertex 1.92836 -21.2981 7.97841
    endloop
  endfacet
  facet normal 0.608859 -0.793279 -3.7103e-07
    outer loop
      vertex 1.72073 -21.4575 112
      vertex 1.7763 -21.4148 7.64705
      vertex 1.86177 -21.3492 7.85505
    endloop
  endfacet
  facet normal 0.609297 -0.792942 0
    outer loop
      vertex 1.7763 -21.4148 7.64705
      vertex 1.72073 -21.4575 112
      vertex 1.72073 -21.4575 7.4547
    endloop
  endfacet
  facet normal 0 0 1
    outer loop
      vertex 2.98858 -18.7385 112
      vertex 2.98858 -19.2615 112
      vertex 3 -19 112
    endloop
  endfacet
  facet normal 0 0 1
    outer loop
      vertex 2.95442 -18.4791 112
      vertex 2.98858 -19.2615 112
      vertex 2.98858 -18.7385 112
    endloop
  endfacet
  facet normal 0 0 1
    outer loop
      vertex 2.95442 -18.4791 112
      vertex 2.95442 -19.5209 112
      vertex 2.98858 -19.2615 112
    endloop
  endfacet
  facet normal 0 0 1
    outer loop
      vertex 2.89778 -18.2235 112
      vertex 2.95442 -19.5209 112
      vertex 2.95442 -18.4791 112
    endloop
  endfacet
  facet normal 0 0 1
    outer loop
      vertex 2.89778 -18.2235 112
      vertex 2.89778 -19.7765 112
      vertex 2.95442 -19.5209 112
    endloop
  endfacet
  facet normal 0 0 1
    outer loop
      vertex 2.81908 -17.9739 112
      vertex 2.89778 -19.7765 112
      vertex 2.89778 -18.2235 112
    endloop
  endfacet
  facet normal 0 0 1
    outer loop
      vertex 2.81908 -17.9739 112
      vertex 2.81908 -20.0261 112
      vertex 2.89778 -19.7765 112
    endloop
  endfacet
  facet normal 0 0 1
    outer loop
      vertex 2.71892 -17.7321 112
      vertex 2.81908 -20.0261 112
      vertex 2.81908 -17.9739 112
    endloop
  endfacet
  facet normal 0 0 1
    outer loop
      vertex 2.71892 -17.7321 112
      vertex 2.71892 -20.2679 112
      vertex 2.81908 -20.0261 112
    endloop
  endfacet
  facet normal 0 0 1
    outer loop
      vertex 2.59808 -17.5 112
      vertex 2.71892 -20.2679 112
      vertex 2.71892 -17.7321 112
    endloop
  endfacet
  facet normal 0 0 1
    outer loop
      vertex 2.59808 -17.5 112
      vertex 2.59808 -20.5 112
      vertex 2.71892 -20.2679 112
    endloop
  endfacet
  facet normal 0 0 1
    outer loop
      vertex 2.45746 -17.2793 112
      vertex 2.59808 -20.5 112
      vertex 2.59808 -17.5 112
    endloop
  endfacet
  facet normal 0 0 1
    outer loop
      vertex 2.45746 -17.2793 112
      vertex 2.45746 -20.7207 112
      vertex 2.59808 -20.5 112
    endloop
  endfacet
  facet normal 0 0 1
    outer loop
      vertex 2.29813 -17.0716 112
      vertex 2.45746 -20.7207 112
      vertex 2.45746 -17.2793 112
    endloop
  endfacet
  facet normal 0 0 1
    outer loop
      vertex 2.29813 -17.0716 112
      vertex 2.29813 -20.9284 112
      vertex 2.45746 -20.7207 112
    endloop
  endfacet
  facet normal 0 0 1
    outer loop
      vertex 2.12132 -16.8787 112
      vertex 2.29813 -20.9284 112
      vertex 2.29813 -17.0716 112
    endloop
  endfacet
  facet normal 0 0 1
    outer loop
      vertex 2.12132 -16.8787 112
      vertex 2.12132 -21.1213 112
      vertex 2.29813 -20.9284 112
    endloop
  endfacet
  facet normal 0 0 1
    outer loop
      vertex 1.92836 -16.7019 112
      vertex 2.12132 -21.1213 112
      vertex 2.12132 -16.8787 112
    endloop
  endfacet
  facet normal 0 0 1
    outer loop
      vertex 1.92836 -16.7019 112
      vertex 1.92836 -21.2981 112
      vertex 2.12132 -21.1213 112
    endloop
  endfacet
  facet normal 0 0 1
    outer loop
      vertex 1.72073 -16.5425 112
      vertex 1.92836 -21.2981 112
      vertex 1.92836 -16.7019 112
    endloop
  endfacet
  facet normal 0 0 1
    outer loop
      vertex 1.72073 -16.5425 112
      vertex 1.72073 -21.4575 112
      vertex 1.92836 -21.2981 112
    endloop
  endfacet
  facet normal 0 0 1
    outer loop
      vertex 1.5 -16.4019 112
      vertex 1.72073 -21.4575 112
      vertex 1.72073 -16.5425 112
    endloop
  endfacet
  facet normal 0 0 1
    outer loop
      vertex 1.5 -16.4019 112
      vertex 1.5 -21.5981 112
      vertex 1.72073 -21.4575 112
    endloop
  endfacet
  facet normal 0 0 1
    outer loop
      vertex 1.26785 -16.2811 112
      vertex 1.5 -21.5981 112
      vertex 1.5 -16.4019 112
    endloop
  endfacet
  facet normal 0 0 1
    outer loop
      vertex 1.26785 -16.2811 112
      vertex 1.26785 -21.7189 112
      vertex 1.5 -21.5981 112
    endloop
  endfacet
  facet normal 0 0 1
    outer loop
      vertex 1.02606 -16.1809 112
      vertex 1.26785 -21.7189 112
      vertex 1.26785 -16.2811 112
    endloop
  endfacet
  facet normal 0 0 1
    outer loop
      vertex 1.02606 -16.1809 112
      vertex 1.02606 -21.8191 112
      vertex 1.26785 -21.7189 112
    endloop
  endfacet
  facet normal 0 0 1
    outer loop
      vertex 0.776457 -16.1022 112
      vertex 1.02606 -21.8191 112
      vertex 1.02606 -16.1809 112
    endloop
  endfacet
  facet normal 0 0 1
    outer loop
      vertex 0.776457 -16.1022 112
      vertex 0.776457 -21.8978 112
      vertex 1.02606 -21.8191 112
    endloop
  endfacet
  facet normal 0 0 1
    outer loop
      vertex 0.520944 -16.0456 112
      vertex 0.776457 -21.8978 112
      vertex 0.776457 -16.1022 112
    endloop
  endfacet
  facet normal 0 0 1
    outer loop
      vertex 0.520944 -16.0456 112
      vertex 0.520944 -21.9544 112
      vertex 0.776457 -21.8978 112
    endloop
  endfacet
  facet normal 0 0 1
    outer loop
      vertex 0.261467 -16.0114 112
      vertex 0.520944 -21.9544 112
      vertex 0.520944 -16.0456 112
    endloop
  endfacet
  facet normal 0 0 1
    outer loop
      vertex 0.261467 -16.0114 112
      vertex 0.261467 -21.9886 112
      vertex 0.520944 -21.9544 112
    endloop
  endfacet
  facet normal 0 0 1
    outer loop
      vertex 0 -16 112
      vertex 0.261467 -21.9886 112
      vertex 0.261467 -16.0114 112
    endloop
  endfacet
  facet normal 0 0 1
    outer loop
      vertex 0 -16 112
      vertex 0 -22 112
      vertex 0.261467 -21.9886 112
    endloop
  endfacet
  facet normal -0 0 1
    outer loop
      vertex -0.261467 -16.0114 112
      vertex 0 -22 112
      vertex 0 -16 112
    endloop
  endfacet
  facet normal 0 0 1
    outer loop
      vertex -0.261467 -16.0114 112
      vertex -0.261467 -21.9886 112
      vertex 0 -22 112
    endloop
  endfacet
  facet normal -0 0 1
    outer loop
      vertex -0.520944 -16.0456 112
      vertex -0.261467 -21.9886 112
      vertex -0.261467 -16.0114 112
    endloop
  endfacet
  facet normal 0 0 1
    outer loop
      vertex -0.520944 -16.0456 112
      vertex -0.520944 -21.9544 112
      vertex -0.261467 -21.9886 112
    endloop
  endfacet
  facet normal -0 0 1
    outer loop
      vertex -0.776457 -16.1022 112
      vertex -0.520944 -21.9544 112
      vertex -0.520944 -16.0456 112
    endloop
  endfacet
  facet normal 0 0 1
    outer loop
      vertex -0.776457 -16.1022 112
      vertex -0.776457 -21.8978 112
      vertex -0.520944 -21.9544 112
    endloop
  endfacet
  facet normal -0 0 1
    outer loop
      vertex -1.02606 -16.1809 112
      vertex -0.776457 -21.8978 112
      vertex -0.776457 -16.1022 112
    endloop
  endfacet
  facet normal 0 0 1
    outer loop
      vertex -1.02606 -16.1809 112
      vertex -1.02606 -21.8191 112
      vertex -0.776457 -21.8978 112
    endloop
  endfacet
  facet normal -0 0 1
    outer loop
      vertex -1.26785 -16.2811 112
      vertex -1.02606 -21.8191 112
      vertex -1.02606 -16.1809 112
    endloop
  endfacet
  facet normal 0 0 1
    outer loop
      vertex -1.26785 -16.2811 112
      vertex -1.26785 -21.7189 112
      vertex -1.02606 -21.8191 112
    endloop
  endfacet
  facet normal -0 0 1
    outer loop
      vertex -1.5 -16.4019 112
      vertex -1.26785 -21.7189 112
      vertex -1.26785 -16.2811 112
    endloop
  endfacet
  facet normal 0 0 1
    outer loop
      vertex -1.5 -16.4019 112
      vertex -1.5 -21.5981 112
      vertex -1.26785 -21.7189 112
    endloop
  endfacet
  facet normal -0 0 1
    outer loop
      vertex -1.72073 -16.5425 112
      vertex -1.5 -21.5981 112
      vertex -1.5 -16.4019 112
    endloop
  endfacet
  facet normal 0 0 1
    outer loop
      vertex -1.72073 -16.5425 112
      vertex -1.72073 -21.4575 112
      vertex -1.5 -21.5981 112
    endloop
  endfacet
  facet normal -0 0 1
    outer loop
      vertex -1.92836 -16.7019 112
      vertex -1.72073 -21.4575 112
      vertex -1.72073 -16.5425 112
    endloop
  endfacet
  facet normal 0 0 1
    outer loop
      vertex -1.92836 -16.7019 112
      vertex -1.92836 -21.2981 112
      vertex -1.72073 -21.4575 112
    endloop
  endfacet
  facet normal -0 0 1
    outer loop
      vertex -2.12132 -16.8787 112
      vertex -1.92836 -21.2981 112
      vertex -1.92836 -16.7019 112
    endloop
  endfacet
  facet normal 0 0 1
    outer loop
      vertex -2.12132 -16.8787 112
      vertex -2.12132 -21.1213 112
      vertex -1.92836 -21.2981 112
    endloop
  endfacet
  facet normal -0 0 1
    outer loop
      vertex -2.29813 -17.0716 112
      vertex -2.12132 -21.1213 112
      vertex -2.12132 -16.8787 112
    endloop
  endfacet
  facet normal 0 0 1
    outer loop
      vertex -2.29813 -17.0716 112
      vertex -2.29813 -20.9284 112
      vertex -2.12132 -21.1213 112
    endloop
  endfacet
  facet normal -0 0 1
    outer loop
      vertex -2.45746 -17.2793 112
      vertex -2.29813 -20.9284 112
      vertex -2.29813 -17.0716 112
    endloop
  endfacet
  facet normal 0 0 1
    outer loop
      vertex -2.45746 -17.2793 112
      vertex -2.45746 -20.7207 112
      vertex -2.29813 -20.9284 112
    endloop
  endfacet
  facet normal -0 0 1
    outer loop
      vertex -2.59808 -17.5 112
      vertex -2.45746 -20.7207 112
      vertex -2.45746 -17.2793 112
    endloop
  endfacet
  facet normal 0 0 1
    outer loop
      vertex -2.59808 -17.5 112
      vertex -2.59808 -20.5 112
      vertex -2.45746 -20.7207 112
    endloop
  endfacet
  facet normal -0 0 1
    outer loop
      vertex -2.71892 -17.7321 112
      vertex -2.59808 -20.5 112
      vertex -2.59808 -17.5 112
    endloop
  endfacet
  facet normal 0 0 1
    outer loop
      vertex -2.71892 -17.7321 112
      vertex -2.71892 -20.2679 112
      vertex -2.59808 -20.5 112
    endloop
  endfacet
  facet normal -0 0 1
    outer loop
      vertex -2.81908 -17.9739 112
      vertex -2.71892 -20.2679 112
      vertex -2.71892 -17.7321 112
    endloop
  endfacet
  facet normal 0 0 1
    outer loop
      vertex -2.81908 -17.9739 112
      vertex -2.81908 -20.0261 112
      vertex -2.71892 -20.2679 112
    endloop
  endfacet
  facet normal -0 0 1
    outer loop
      vertex -2.89778 -18.2235 112
      vertex -2.81908 -20.0261 112
      vertex -2.81908 -17.9739 112
    endloop
  endfacet
  facet normal 0 0 1
    outer loop
      vertex -2.89778 -18.2235 112
      vertex -2.89778 -19.7765 112
      vertex -2.81908 -20.0261 112
    endloop
  endfacet
  facet normal -0 0 1
    outer loop
      vertex -2.95442 -18.4791 112
      vertex -2.89778 -19.7765 112
      vertex -2.89778 -18.2235 112
    endloop
  endfacet
  facet normal 0 0 1
    outer loop
      vertex -2.95442 -18.4791 112
      vertex -2.95442 -19.5209 112
      vertex -2.89778 -19.7765 112
    endloop
  endfacet
  facet normal -0 0 1
    outer loop
      vertex -2.98858 -18.7385 112
      vertex -2.95442 -19.5209 112
      vertex -2.95442 -18.4791 112
    endloop
  endfacet
  facet normal 0 0 1
    outer loop
      vertex -2.98858 -18.7385 112
      vertex -2.98858 -19.2615 112
      vertex -2.95442 -19.5209 112
    endloop
  endfacet
  facet normal 0 -0 1
    outer loop
      vertex -2.98858 -19.2615 112
      vertex -2.98858 -18.7385 112
      vertex -3 -19 112
    endloop
  endfacet
  facet normal -0.675559 -0.737306 0
    outer loop
      vertex -1.92836 -21.2981 0
      vertex -2.12132 -21.1213 5.68134
      vertex -2.12132 -21.1213 0
    endloop
  endfacet
  facet normal -0.676023 -0.73688 -2.90529e-05
    outer loop
      vertex -2.12132 -21.1213 5.68134
      vertex -1.92836 -21.2981 0
      vertex -2.07358 -21.1651 5.75
    endloop
  endfacet
  facet normal -0.675565 -0.7373 -7.76825e-06
    outer loop
      vertex -2.07358 -21.1651 5.75
      vertex -1.92836 -21.2981 0
      vertex -1.96368 -21.2658 5.94345
    endloop
  endfacet
  facet normal -0.674854 -0.737952 0
    outer loop
      vertex -1.96368 -21.2658 5.94345
      vertex -1.92836 -21.2981 0
      vertex -1.92836 -21.2981 6.02159
    endloop
  endfacet
  facet normal -0.675559 -0.737306 0
    outer loop
      vertex -2.12132 -21.1213 8.31866
      vertex -1.92836 -21.2981 112
      vertex -2.12132 -21.1213 112
    endloop
  endfacet
  facet normal -0.676045 -0.736861 1.66525e-06
    outer loop
      vertex -2.07358 -21.1651 8.25
      vertex -1.92836 -21.2981 112
      vertex -2.12132 -21.1213 8.31866
    endloop
  endfacet
  facet normal -0.675572 -0.737294 4.4856e-07
    outer loop
      vertex -1.96368 -21.2658 8.05655
      vertex -1.92836 -21.2981 112
      vertex -2.07358 -21.1651 8.25
    endloop
  endfacet
  facet normal -0.674854 -0.737952 -0
    outer loop
      vertex -1.92836 -21.2981 112
      vertex -1.96368 -21.2658 8.05655
      vertex -1.92836 -21.2981 7.97841
    endloop
  endfacet
  facet normal 0.99144 -0.130564 1.84342e-07
    outer loop
      vertex 2.95442 18.4791 0
      vertex 2.98858 18.7385 4.51525
      vertex 2.96585 18.5659 4.53798
    endloop
  endfacet
  facet normal 0.991441 -0.130555 0
    outer loop
      vertex 2.95442 18.4791 0
      vertex 2.96585 18.5659 4.53798
      vertex 2.95442 18.4791 4.55723
    endloop
  endfacet
  facet normal 0.99144 -0.130561 0
    outer loop
      vertex 2.98858 18.7385 4.51525
      vertex 2.95442 18.4791 0
      vertex 2.98858 18.7385 0
    endloop
  endfacet
  facet normal 0.99144 -0.130561 0
    outer loop
      vertex 2.95442 18.4791 112
      vertex 2.98858 18.7385 9.48475
      vertex 2.98858 18.7385 112
    endloop
  endfacet
  facet normal 0.99144 -0.130564 -8.17797e-09
    outer loop
      vertex 2.98858 18.7385 9.48475
      vertex 2.95442 18.4791 112
      vertex 2.96585 18.5659 9.46202
    endloop
  endfacet
  facet normal 0.991441 -0.130555 0
    outer loop
      vertex 2.96585 18.5659 9.46202
      vertex 2.95442 18.4791 112
      vertex 2.95442 18.4791 9.44277
    endloop
  endfacet
  facet normal 0.999042 0.0437654 0
    outer loop
      vertex 2.98858 19.2615 112
      vertex 2.99049 19.2179 9.49049
      vertex 2.98858 19.2615 9.48475
    endloop
  endfacet
  facet normal 0.999048 0.0436295 -0
    outer loop
      vertex 3 19 9.5
      vertex 2.98858 19.2615 112
      vertex 3 19 112
    endloop
  endfacet
  facet normal 0.999049 0.0436024 6.9459e-08
    outer loop
      vertex 2.98858 19.2615 112
      vertex 3 19 9.5
      vertex 2.99049 19.2179 9.49049
    endloop
  endfacet
  facet normal 0.999042 0.0437654 0
    outer loop
      vertex 2.99049 19.2179 4.50951
      vertex 2.98858 19.2615 0
      vertex 2.98858 19.2615 4.51525
    endloop
  endfacet
  facet normal 0.999049 0.0436024 -1.5783e-06
    outer loop
      vertex 3 19 4.5
      vertex 2.98858 19.2615 0
      vertex 2.99049 19.2179 4.50951
    endloop
  endfacet
  facet normal 0.999048 0.0436295 0
    outer loop
      vertex 2.98858 19.2615 0
      vertex 3 19 4.5
      vertex 3 19 0
    endloop
  endfacet
  facet normal -0.382838 0.923816 0
    outer loop
      vertex -1.02606 21.8191 0
      vertex -1.26785 21.7189 112
      vertex -1.02606 21.8191 112
    endloop
  endfacet
  facet normal -0.382838 0.923816 0
    outer loop
      vertex -1.26785 21.7189 112
      vertex -1.02606 21.8191 0
      vertex -1.26785 21.7189 0
    endloop
  endfacet
  facet normal -0.737183 -0.675693 0
    outer loop
      vertex -2.12132 16.8787 0
      vertex -2.29813 17.0716 5.4103
      vertex -2.29813 17.0716 0
    endloop
  endfacet
  facet normal -0.737248 -0.675622 -4.70303e-06
    outer loop
      vertex -2.29813 17.0716 5.4103
      vertex -2.12132 16.8787 0
      vertex -2.18862 16.9521 5.56606
    endloop
  endfacet
  facet normal -0.737071 -0.675816 0
    outer loop
      vertex -2.18862 16.9521 5.56606
      vertex -2.12132 16.8787 0
      vertex -2.12132 16.8787 5.68134
    endloop
  endfacet
  facet normal -0.737137 -0.675744 0
    outer loop
      vertex -2.26577 17.0363 109.057
      vertex -2.29813 17.0716 112
      vertex -2.29813 17.0716 108.978
    endloop
  endfacet
  facet normal -0.737257 -0.675612 -2.90439e-06
    outer loop
      vertex -2.16506 16.9264 109.25
      vertex -2.29813 17.0716 112
      vertex -2.26577 17.0363 109.057
    endloop
  endfacet
  facet normal -0.737052 -0.675836 1.88395e-05
    outer loop
      vertex -2.12132 16.8787 109.319
      vertex -2.29813 17.0716 112
      vertex -2.16506 16.9264 109.25
    endloop
  endfacet
  facet normal -0.737183 -0.675693 0
    outer loop
      vertex -2.29813 17.0716 112
      vertex -2.12132 16.8787 109.319
      vertex -2.12132 16.8787 112
    endloop
  endfacet
  facet normal -0.737137 -0.675744 0
    outer loop
      vertex -2.29813 17.0716 8.5897
      vertex -2.26577 17.0363 16.9435
      vertex -2.29813 17.0716 17.0216
    endloop
  endfacet
  facet normal -0.737249 -0.675621 3.19157e-06
    outer loop
      vertex -2.12132 16.8787 16.6813
      vertex -2.29813 17.0716 8.5897
      vertex -2.18862 16.9521 8.43394
    endloop
  endfacet
  facet normal -0.737259 -0.67561 1.03704e-06
    outer loop
      vertex -2.29813 17.0716 8.5897
      vertex -2.16506 16.9264 16.75
      vertex -2.26577 17.0363 16.9435
    endloop
  endfacet
  facet normal -0.737071 -0.675816 -0
    outer loop
      vertex -2.12132 16.8787 16.6813
      vertex -2.18862 16.9521 8.43394
      vertex -2.12132 16.8787 8.31866
    endloop
  endfacet
  facet normal -0.737043 -0.675845 -6.66294e-06
    outer loop
      vertex -2.29813 17.0716 8.5897
      vertex -2.12132 16.8787 16.6813
      vertex -2.16506 16.9264 16.75
    endloop
  endfacet
  facet normal -0.737137 -0.675744 0
    outer loop
      vertex -2.26577 17.0363 19.0565
      vertex -2.29813 17.0716 47.0216
      vertex -2.29813 17.0716 18.9784
    endloop
  endfacet
  facet normal -0.737137 -0.675744 0
    outer loop
      vertex -2.26577 17.0363 19.0565
      vertex -2.26577 17.0363 46.9435
      vertex -2.29813 17.0716 47.0216
    endloop
  endfacet
  facet normal -0.73726 -0.675609 0
    outer loop
      vertex -2.16506 16.9264 19.25
      vertex -2.26577 17.0363 46.9435
      vertex -2.26577 17.0363 19.0565
    endloop
  endfacet
  facet normal -0.73726 -0.675609 0
    outer loop
      vertex -2.16506 16.9264 19.25
      vertex -2.16506 16.9264 46.75
      vertex -2.26577 17.0363 46.9435
    endloop
  endfacet
  facet normal -0.737039 -0.675851 0
    outer loop
      vertex -2.12132 16.8787 19.3187
      vertex -2.16506 16.9264 46.75
      vertex -2.16506 16.9264 19.25
    endloop
  endfacet
  facet normal -0.737039 -0.675851 0
    outer loop
      vertex -2.16506 16.9264 46.75
      vertex -2.12132 16.8787 19.3187
      vertex -2.12132 16.8787 46.6813
    endloop
  endfacet
  facet normal -0.737137 -0.675744 0
    outer loop
      vertex -2.26577 17.0363 49.0565
      vertex -2.29813 17.0716 77.0216
      vertex -2.29813 17.0716 48.9784
    endloop
  endfacet
  facet normal -0.737137 -0.675744 0
    outer loop
      vertex -2.26577 17.0363 49.0565
      vertex -2.26577 17.0363 76.9435
      vertex -2.29813 17.0716 77.0216
    endloop
  endfacet
  facet normal -0.73726 -0.675609 0
    outer loop
      vertex -2.16506 16.9264 49.25
      vertex -2.26577 17.0363 76.9435
      vertex -2.26577 17.0363 49.0565
    endloop
  endfacet
  facet normal -0.73726 -0.675609 0
    outer loop
      vertex -2.16506 16.9264 49.25
      vertex -2.16506 16.9264 76.75
      vertex -2.26577 17.0363 76.9435
    endloop
  endfacet
  facet normal -0.737039 -0.675851 0
    outer loop
      vertex -2.12132 16.8787 49.3187
      vertex -2.16506 16.9264 76.75
      vertex -2.16506 16.9264 49.25
    endloop
  endfacet
  facet normal -0.737039 -0.675851 0
    outer loop
      vertex -2.16506 16.9264 76.75
      vertex -2.12132 16.8787 49.3187
      vertex -2.12132 16.8787 76.6813
    endloop
  endfacet
  facet normal -0.737137 -0.675744 0
    outer loop
      vertex -2.26577 17.0363 79.0565
      vertex -2.29813 17.0716 107.022
      vertex -2.29813 17.0716 78.9784
    endloop
  endfacet
  facet normal -0.737137 -0.675744 0
    outer loop
      vertex -2.26577 17.0363 79.0565
      vertex -2.26577 17.0363 106.943
      vertex -2.29813 17.0716 107.022
    endloop
  endfacet
  facet normal -0.73726 -0.675609 0
    outer loop
      vertex -2.16506 16.9264 79.25
      vertex -2.26577 17.0363 106.943
      vertex -2.26577 17.0363 79.0565
    endloop
  endfacet
  facet normal -0.73726 -0.675609 0
    outer loop
      vertex -2.16506 16.9264 79.25
      vertex -2.16506 16.9264 106.75
      vertex -2.26577 17.0363 106.943
    endloop
  endfacet
  facet normal -0.737039 -0.675851 0
    outer loop
      vertex -2.12132 16.8787 79.3187
      vertex -2.16506 16.9264 106.75
      vertex -2.16506 16.9264 79.25
    endloop
  endfacet
  facet normal -0.737039 -0.675851 0
    outer loop
      vertex -2.16506 16.9264 106.75
      vertex -2.12132 16.8787 79.3187
      vertex -2.12132 16.8787 106.681
    endloop
  endfacet
  facet normal 0.991441 0.130555 0
    outer loop
      vertex 2.96585 19.4341 4.53798
      vertex 2.95442 19.5209 0
      vertex 2.95442 19.5209 4.55723
    endloop
  endfacet
  facet normal 0.99144 0.130564 1.84342e-07
    outer loop
      vertex 2.98858 19.2615 4.51525
      vertex 2.95442 19.5209 0
      vertex 2.96585 19.4341 4.53798
    endloop
  endfacet
  facet normal 0.99144 0.130561 0
    outer loop
      vertex 2.95442 19.5209 0
      vertex 2.98858 19.2615 4.51525
      vertex 2.98858 19.2615 0
    endloop
  endfacet
  facet normal 0.991441 0.130555 0
    outer loop
      vertex 2.95442 19.5209 112
      vertex 2.96585 19.4341 9.46202
      vertex 2.95442 19.5209 9.44277
    endloop
  endfacet
  facet normal 0.99144 0.130561 -0
    outer loop
      vertex 2.98858 19.2615 9.48475
      vertex 2.95442 19.5209 112
      vertex 2.98858 19.2615 112
    endloop
  endfacet
  facet normal 0.99144 0.130564 -8.17797e-09
    outer loop
      vertex 2.95442 19.5209 112
      vertex 2.98858 19.2615 9.48475
      vertex 2.96585 19.4341 9.46202
    endloop
  endfacet
  facet normal -0.999042 0.0437654 0
    outer loop
      vertex -2.98858 19.2615 0
      vertex -2.99049 19.2179 4.50951
      vertex -2.98858 19.2615 4.51525
    endloop
  endfacet
  facet normal -0.999048 0.0436295 0
    outer loop
      vertex -3 19 4.5
      vertex -2.98858 19.2615 0
      vertex -3 19 0
    endloop
  endfacet
  facet normal -0.999049 0.0436024 -1.5783e-06
    outer loop
      vertex -2.98858 19.2615 0
      vertex -3 19 4.5
      vertex -2.99049 19.2179 4.50951
    endloop
  endfacet
  facet normal -0.999042 0.0437654 0
    outer loop
      vertex -2.99049 19.2179 9.49049
      vertex -2.98858 19.2615 112
      vertex -2.98858 19.2615 9.48475
    endloop
  endfacet
  facet normal -0.999049 0.0436024 6.9459e-08
    outer loop
      vertex -3 19 9.5
      vertex -2.98858 19.2615 112
      vertex -2.99049 19.2179 9.49049
    endloop
  endfacet
  facet normal -0.999048 0.0436295 0
    outer loop
      vertex -2.98858 19.2615 112
      vertex -3 19 9.5
      vertex -3 19 112
    endloop
  endfacet
  facet normal 0.461599 0.887089 -0
    outer loop
      vertex 1.5 21.5981 0
      vertex 1.26785 21.7189 112
      vertex 1.5 21.5981 112
    endloop
  endfacet
  facet normal 0.461599 0.887089 0
    outer loop
      vertex 1.26785 21.7189 112
      vertex 1.5 21.5981 0
      vertex 1.26785 21.7189 0
    endloop
  endfacet
  facet normal 0.0435588 0.999051 -0
    outer loop
      vertex 0.261467 21.9886 0
      vertex 0 22 112
      vertex 0.261467 21.9886 112
    endloop
  endfacet
  facet normal 0.0435588 0.999051 0
    outer loop
      vertex 0 22 112
      vertex 0.261467 21.9886 0
      vertex 0 22 0
    endloop
  endfacet
  facet normal 0.382838 -0.923816 0
    outer loop
      vertex 1.26785 16.2811 0
      vertex 1.02606 16.1809 15.7216
      vertex 1.02606 16.1809 0
    endloop
  endfacet
  facet normal 0.381929 -0.924192 -1.63688e-05
    outer loop
      vertex 1.02606 16.1809 15.7216
      vertex 1.26785 16.2811 0
      vertex 1.05655 16.1935 15.7342
    endloop
  endfacet
  facet normal 0.38297 -0.923761 1.20554e-08
    outer loop
      vertex 1.05655 16.1935 15.7342
      vertex 1.26785 16.2811 0
      vertex 1.25 16.2737 15.8349
    endloop
  endfacet
  facet normal 0.382961 -0.923764 0
    outer loop
      vertex 1.25 16.2737 15.8349
      vertex 1.26785 16.2811 0
      vertex 1.26785 16.2811 15.8463
    endloop
  endfacet
  facet normal 0.382838 -0.923816 0
    outer loop
      vertex 1.02606 16.1809 110.278
      vertex 1.26785 16.2811 112
      vertex 1.02606 16.1809 112
    endloop
  endfacet
  facet normal 0.381971 -0.924174 0.000142516
    outer loop
      vertex 1.05655 16.1935 110.266
      vertex 1.26785 16.2811 112
      vertex 1.02606 16.1809 110.278
    endloop
  endfacet
  facet normal 0.38297 -0.923761 -1.03565e-07
    outer loop
      vertex 1.25 16.2737 110.165
      vertex 1.26785 16.2811 112
      vertex 1.05655 16.1935 110.266
    endloop
  endfacet
  facet normal 0.382961 -0.923764 0
    outer loop
      vertex 1.26785 16.2811 112
      vertex 1.25 16.2737 110.165
      vertex 1.26785 16.2811 110.154
    endloop
  endfacet
  facet normal 0.381923 -0.924194 0
    outer loop
      vertex 1.02606 16.1809 20.2784
      vertex 1.05655 16.1935 45.7342
      vertex 1.02606 16.1809 45.7216
    endloop
  endfacet
  facet normal 0.381923 -0.924194 0
    outer loop
      vertex 1.05655 16.1935 20.2658
      vertex 1.05655 16.1935 45.7342
      vertex 1.02606 16.1809 20.2784
    endloop
  endfacet
  facet normal 0.38297 -0.923761 0
    outer loop
      vertex 1.05655 16.1935 45.7342
      vertex 1.05655 16.1935 20.2658
      vertex 1.25 16.2737 45.8349
    endloop
  endfacet
  facet normal 0.38297 -0.923761 0
    outer loop
      vertex 1.25 16.2737 20.1651
      vertex 1.25 16.2737 45.8349
      vertex 1.05655 16.1935 20.2658
    endloop
  endfacet
  facet normal 0.382961 -0.923764 0
    outer loop
      vertex 1.25 16.2737 45.8349
      vertex 1.25 16.2737 20.1651
      vertex 1.26785 16.2811 45.8463
    endloop
  endfacet
  facet normal 0.382961 -0.923764 0
    outer loop
      vertex 1.26785 16.2811 45.8463
      vertex 1.25 16.2737 20.1651
      vertex 1.26785 16.2811 20.1537
    endloop
  endfacet
  facet normal 0.381923 -0.924194 0
    outer loop
      vertex 1.02606 16.1809 50.2784
      vertex 1.05655 16.1935 75.7342
      vertex 1.02606 16.1809 75.7216
    endloop
  endfacet
  facet normal 0.381923 -0.924194 0
    outer loop
      vertex 1.05655 16.1935 50.2658
      vertex 1.05655 16.1935 75.7342
      vertex 1.02606 16.1809 50.2784
    endloop
  endfacet
  facet normal 0.38297 -0.923761 0
    outer loop
      vertex 1.05655 16.1935 75.7342
      vertex 1.05655 16.1935 50.2658
      vertex 1.25 16.2737 75.8349
    endloop
  endfacet
  facet normal 0.38297 -0.923761 0
    outer loop
      vertex 1.25 16.2737 50.1651
      vertex 1.25 16.2737 75.8349
      vertex 1.05655 16.1935 50.2658
    endloop
  endfacet
  facet normal 0.382961 -0.923764 0
    outer loop
      vertex 1.25 16.2737 75.8349
      vertex 1.25 16.2737 50.1651
      vertex 1.26785 16.2811 75.8463
    endloop
  endfacet
  facet normal 0.382961 -0.923764 0
    outer loop
      vertex 1.26785 16.2811 75.8463
      vertex 1.25 16.2737 50.1651
      vertex 1.26785 16.2811 50.1537
    endloop
  endfacet
  facet normal 0.381923 -0.924194 0
    outer loop
      vertex 1.02606 16.1809 80.2784
      vertex 1.05655 16.1935 105.734
      vertex 1.02606 16.1809 105.722
    endloop
  endfacet
  facet normal 0.381923 -0.924194 0
    outer loop
      vertex 1.05655 16.1935 80.2658
      vertex 1.05655 16.1935 105.734
      vertex 1.02606 16.1809 80.2784
    endloop
  endfacet
  facet normal 0.38297 -0.923761 0
    outer loop
      vertex 1.05655 16.1935 105.734
      vertex 1.05655 16.1935 80.2658
      vertex 1.25 16.2737 105.835
    endloop
  endfacet
  facet normal 0.38297 -0.923761 0
    outer loop
      vertex 1.25 16.2737 80.1651
      vertex 1.25 16.2737 105.835
      vertex 1.05655 16.1935 80.2658
    endloop
  endfacet
  facet normal 0.382961 -0.923764 0
    outer loop
      vertex 1.25 16.2737 105.835
      vertex 1.25 16.2737 80.1651
      vertex 1.26785 16.2811 105.846
    endloop
  endfacet
  facet normal 0.382961 -0.923764 0
    outer loop
      vertex 1.26785 16.2811 105.846
      vertex 1.25 16.2737 80.1651
      vertex 1.26785 16.2811 80.1537
    endloop
  endfacet
  facet normal 0.675559 0.737306 -0
    outer loop
      vertex 2.12132 21.1213 8.31866
      vertex 1.92836 21.2981 112
      vertex 2.12132 21.1213 112
    endloop
  endfacet
  facet normal 0.676045 0.736861 1.66525e-06
    outer loop
      vertex 2.07358 21.1651 8.25
      vertex 1.92836 21.2981 112
      vertex 2.12132 21.1213 8.31866
    endloop
  endfacet
  facet normal 0.675572 0.737294 4.4856e-07
    outer loop
      vertex 1.96368 21.2658 8.05655
      vertex 1.92836 21.2981 112
      vertex 2.07358 21.1651 8.25
    endloop
  endfacet
  facet normal 0.674854 0.737952 0
    outer loop
      vertex 1.92836 21.2981 112
      vertex 1.96368 21.2658 8.05655
      vertex 1.92836 21.2981 7.97841
    endloop
  endfacet
  facet normal 0.675559 0.737306 0
    outer loop
      vertex 1.92836 21.2981 0
      vertex 2.12132 21.1213 5.68134
      vertex 2.12132 21.1213 0
    endloop
  endfacet
  facet normal 0.676023 0.73688 -2.90529e-05
    outer loop
      vertex 2.12132 21.1213 5.68134
      vertex 1.92836 21.2981 0
      vertex 2.07358 21.1651 5.75
    endloop
  endfacet
  facet normal 0.675565 0.7373 -7.76825e-06
    outer loop
      vertex 2.07358 21.1651 5.75
      vertex 1.92836 21.2981 0
      vertex 1.96368 21.2658 5.94345
    endloop
  endfacet
  facet normal 0.674854 0.737952 0
    outer loop
      vertex 1.96368 21.2658 5.94345
      vertex 1.92836 21.2981 0
      vertex 1.92836 21.2981 6.02159
    endloop
  endfacet
  facet normal -0.216515 -0.976279 0
    outer loop
      vertex -0.776457 16.1022 0
      vertex -0.647047 16.0735 15.5852
      vertex -0.776457 16.1022 15.626
    endloop
  endfacet
  facet normal -0.216025 -0.976388 -4.27313e-06
    outer loop
      vertex -0.776457 16.1022 0
      vertex -0.520944 16.0456 15.5572
      vertex -0.647047 16.0735 15.5852
    endloop
  endfacet
  facet normal -0.216273 -0.976333 -0
    outer loop
      vertex -0.520944 16.0456 15.5572
      vertex -0.776457 16.1022 0
      vertex -0.520944 16.0456 0
    endloop
  endfacet
  facet normal -0.216273 -0.976333 0
    outer loop
      vertex -0.776457 16.1022 112
      vertex -0.520944 16.0456 110.443
      vertex -0.520944 16.0456 112
    endloop
  endfacet
  facet normal -0.216032 -0.976386 4.13452e-05
    outer loop
      vertex -0.776457 16.1022 112
      vertex -0.647047 16.0735 110.415
      vertex -0.520944 16.0456 110.443
    endloop
  endfacet
  facet normal -0.216515 -0.976279 0
    outer loop
      vertex -0.647047 16.0735 110.415
      vertex -0.776457 16.1022 112
      vertex -0.776457 16.1022 110.374
    endloop
  endfacet
  facet normal -0.216024 -0.976388 0
    outer loop
      vertex -0.647047 16.0735 45.5852
      vertex -0.520944 16.0456 20.4428
      vertex -0.520944 16.0456 45.5572
    endloop
  endfacet
  facet normal -0.216515 -0.976279 0
    outer loop
      vertex -0.647047 16.0735 20.4148
      vertex -0.647047 16.0735 45.5852
      vertex -0.776457 16.1022 45.626
    endloop
  endfacet
  facet normal -0.216024 -0.976388 -0
    outer loop
      vertex -0.647047 16.0735 45.5852
      vertex -0.647047 16.0735 20.4148
      vertex -0.520944 16.0456 20.4428
    endloop
  endfacet
  facet normal -0.216515 -0.976279 0
    outer loop
      vertex -0.647047 16.0735 20.4148
      vertex -0.776457 16.1022 45.626
      vertex -0.776457 16.1022 20.374
    endloop
  endfacet
  facet normal -0.216024 -0.976388 0
    outer loop
      vertex -0.647047 16.0735 75.5852
      vertex -0.520944 16.0456 50.4428
      vertex -0.520944 16.0456 75.5572
    endloop
  endfacet
  facet normal -0.216515 -0.976279 0
    outer loop
      vertex -0.647047 16.0735 50.4148
      vertex -0.647047 16.0735 75.5852
      vertex -0.776457 16.1022 75.626
    endloop
  endfacet
  facet normal -0.216024 -0.976388 -0
    outer loop
      vertex -0.647047 16.0735 75.5852
      vertex -0.647047 16.0735 50.4148
      vertex -0.520944 16.0456 50.4428
    endloop
  endfacet
  facet normal -0.216515 -0.976279 0
    outer loop
      vertex -0.647047 16.0735 50.4148
      vertex -0.776457 16.1022 75.626
      vertex -0.776457 16.1022 50.374
    endloop
  endfacet
  facet normal -0.216024 -0.976388 0
    outer loop
      vertex -0.647047 16.0735 105.585
      vertex -0.520944 16.0456 80.4428
      vertex -0.520944 16.0456 105.557
    endloop
  endfacet
  facet normal -0.216515 -0.976279 0
    outer loop
      vertex -0.647047 16.0735 80.4148
      vertex -0.647047 16.0735 105.585
      vertex -0.776457 16.1022 105.626
    endloop
  endfacet
  facet normal -0.216024 -0.976388 -0
    outer loop
      vertex -0.647047 16.0735 105.585
      vertex -0.647047 16.0735 80.4148
      vertex -0.520944 16.0456 80.4428
    endloop
  endfacet
  facet normal -0.216515 -0.976279 0
    outer loop
      vertex -0.647047 16.0735 80.4148
      vertex -0.776457 16.1022 105.626
      vertex -0.776457 16.1022 80.374
    endloop
  endfacet
  facet normal 0.976316 -0.216348 0
    outer loop
      vertex 2.89778 18.2235 112
      vertex 2.95442 18.4791 9.44277
      vertex 2.95442 18.4791 112
    endloop
  endfacet
  facet normal 0.976305 -0.216398 -1.29474e-07
    outer loop
      vertex 2.95442 18.4791 9.44277
      vertex 2.89778 18.2235 112
      vertex 2.92647 18.353 9.41481
    endloop
  endfacet
  facet normal 0.976327 -0.2163 0
    outer loop
      vertex 2.92647 18.353 9.41481
      vertex 2.89778 18.2235 112
      vertex 2.89778 18.2235 9.37401
    endloop
  endfacet
  facet normal 0.976305 -0.216397 2.87952e-06
    outer loop
      vertex 2.89778 18.2235 0
      vertex 2.95442 18.4791 4.55723
      vertex 2.92647 18.353 4.58519
    endloop
  endfacet
  facet normal 0.976327 -0.2163 0
    outer loop
      vertex 2.89778 18.2235 0
      vertex 2.92647 18.353 4.58519
      vertex 2.89778 18.2235 4.62599
    endloop
  endfacet
  facet normal 0.976316 -0.216348 0
    outer loop
      vertex 2.95442 18.4791 4.55723
      vertex 2.89778 18.2235 0
      vertex 2.95442 18.4791 0
    endloop
  endfacet
  facet normal -0.608954 0.793206 0
    outer loop
      vertex -1.72073 21.4575 112
      vertex -1.92836 21.2981 7.97841
      vertex -1.92836 21.2981 112
    endloop
  endfacet
  facet normal -0.60879 0.793332 -5.19538e-07
    outer loop
      vertex -1.72073 21.4575 112
      vertex -1.86177 21.3492 7.85505
      vertex -1.92836 21.2981 7.97841
    endloop
  endfacet
  facet normal -0.608859 0.793279 -3.7103e-07
    outer loop
      vertex -1.72073 21.4575 112
      vertex -1.7763 21.4148 7.64705
      vertex -1.86177 21.3492 7.85505
    endloop
  endfacet
  facet normal -0.609297 0.792942 0
    outer loop
      vertex -1.7763 21.4148 7.64705
      vertex -1.72073 21.4575 112
      vertex -1.72073 21.4575 7.4547
    endloop
  endfacet
  facet normal -0.609297 0.792942 0
    outer loop
      vertex -1.72073 21.4575 0
      vertex -1.7763 21.4148 6.35295
      vertex -1.72073 21.4575 6.5453
    endloop
  endfacet
  facet normal -0.608867 0.793272 5.97516e-06
    outer loop
      vertex -1.72073 21.4575 0
      vertex -1.86177 21.3492 6.14495
      vertex -1.7763 21.4148 6.35295
    endloop
  endfacet
  facet normal -0.608799 0.793324 8.46714e-06
    outer loop
      vertex -1.72073 21.4575 0
      vertex -1.92836 21.2981 6.02159
      vertex -1.86177 21.3492 6.14495
    endloop
  endfacet
  facet normal -0.608954 0.793206 0
    outer loop
      vertex -1.92836 21.2981 6.02159
      vertex -1.72073 21.4575 0
      vertex -1.92836 21.2981 0
    endloop
  endfacet
  facet normal -0.886985 -0.461798 0
    outer loop
      vertex -2.59808 17.5 0
      vertex -2.71892 17.7321 4.84631
      vertex -2.71892 17.7321 0
    endloop
  endfacet
  facet normal -0.886913 -0.461937 8.47923e-06
    outer loop
      vertex -2.71892 17.7321 4.84631
      vertex -2.59808 17.5 0
      vertex -2.63246 17.5661 4.95212
    endloop
  endfacet
  facet normal -0.887173 -0.461437 0
    outer loop
      vertex -2.63246 17.5661 4.95212
      vertex -2.59808 17.5 0
      vertex -2.59808 17.5 5.00281
    endloop
  endfacet
  facet normal -0.886911 -0.461941 -4.11162e-07
    outer loop
      vertex -2.59808 17.5 112
      vertex -2.71892 17.7321 9.15369
      vertex -2.63246 17.5661 9.04788
    endloop
  endfacet
  facet normal -0.887173 -0.461437 -0
    outer loop
      vertex -2.59808 17.5 112
      vertex -2.63246 17.5661 9.04788
      vertex -2.59808 17.5 8.99719
    endloop
  endfacet
  facet normal -0.886985 -0.461798 0
    outer loop
      vertex -2.71892 17.7321 9.15369
      vertex -2.59808 17.5 112
      vertex -2.71892 17.7321 112
    endloop
  endfacet
  facet normal 0.794375 0.607428 0
    outer loop
      vertex 2.29813 20.9284 112
      vertex 2.3083 20.9151 8.60697
      vertex 2.29813 20.9284 8.5897
    endloop
  endfacet
  facet normal 0.793268 0.608872 -2.94613e-07
    outer loop
      vertex 2.29813 20.9284 112
      vertex 2.42136 20.7678 8.76777
      vertex 2.3083 20.9151 8.60697
    endloop
  endfacet
  facet normal 0.793434 0.608656 -0
    outer loop
      vertex 2.45746 20.7207 8.81087
      vertex 2.29813 20.9284 112
      vertex 2.45746 20.7207 112
    endloop
  endfacet
  facet normal 0.793687 0.608326 1.05512e-06
    outer loop
      vertex 2.29813 20.9284 112
      vertex 2.45746 20.7207 8.81087
      vertex 2.42136 20.7678 8.76777
    endloop
  endfacet
  facet normal 0.794375 0.607428 0
    outer loop
      vertex 2.3083 20.9151 5.39303
      vertex 2.29813 20.9284 0
      vertex 2.29813 20.9284 5.4103
    endloop
  endfacet
  facet normal 0.793271 0.608869 5.63384e-06
    outer loop
      vertex 2.42136 20.7678 5.23223
      vertex 2.29813 20.9284 0
      vertex 2.3083 20.9151 5.39303
    endloop
  endfacet
  facet normal 0.793679 0.608337 -2.02774e-05
    outer loop
      vertex 2.45746 20.7207 5.18913
      vertex 2.29813 20.9284 0
      vertex 2.42136 20.7678 5.23223
    endloop
  endfacet
  facet normal 0.793434 0.608656 0
    outer loop
      vertex 2.29813 20.9284 0
      vertex 2.45746 20.7207 5.18913
      vertex 2.45746 20.7207 0
    endloop
  endfacet
  facet normal 0.537244 0.843427 -0
    outer loop
      vertex 1.72073 21.4575 7.4547
      vertex 1.5 21.5981 112
      vertex 1.72073 21.4575 112
    endloop
  endfacet
  facet normal 0.532154 0.846647 -1.50771e-05
    outer loop
      vertex 1.71357 21.462 7.43412
      vertex 1.5 21.5981 112
      vertex 1.72073 21.4575 7.4547
    endloop
  endfacet
  facet normal 0.53769 0.843142 7.9254e-07
    outer loop
      vertex 1.66888 21.4905 7.21789
      vertex 1.5 21.5981 112
      vertex 1.71357 21.462 7.43412
    endloop
  endfacet
  facet normal 0.53685 0.843677 -1.11072e-06
    outer loop
      vertex 1.65395 21.5 7
      vertex 1.5 21.5981 112
      vertex 1.66888 21.4905 7.21789
    endloop
  endfacet
  facet normal 0.537244 0.843427 0
    outer loop
      vertex 1.5 21.5981 0
      vertex 1.72073 21.4575 6.5453
      vertex 1.72073 21.4575 0
    endloop
  endfacet
  facet normal 0.532578 0.846381 0.000220803
    outer loop
      vertex 1.72073 21.4575 6.5453
      vertex 1.5 21.5981 0
      vertex 1.71357 21.462 6.56588
    endloop
  endfacet
  facet normal 0.537655 0.843165 -1.10135e-05
    outer loop
      vertex 1.71357 21.462 6.56588
      vertex 1.5 21.5981 0
      vertex 1.66888 21.4905 6.78211
    endloop
  endfacet
  facet normal 0.537389 0.843334 0
    outer loop
      vertex 1.65395 21.5 7
      vertex 1.5 21.5981 0
      vertex 1.5 21.5981 112
    endloop
  endfacet
  facet normal 0.536973 0.8436 1.28812e-05
    outer loop
      vertex 1.66888 21.4905 6.78211
      vertex 1.5 21.5981 0
      vertex 1.65395 21.5 7
    endloop
  endfacet
  facet normal -0.0435588 -0.999051 0
    outer loop
      vertex -0.261467 16.0114 112
      vertex 0 16 110.5
      vertex 0 16 112
    endloop
  endfacet
  facet normal -0.0435588 -0.999051 -5.76175e-09
    outer loop
      vertex -0.261467 16.0114 112
      vertex -0.217889 16.0095 110.49
      vertex 0 16 110.5
    endloop
  endfacet
  facet normal -0.0435586 -0.999051 0
    outer loop
      vertex -0.217889 16.0095 110.49
      vertex -0.261467 16.0114 112
      vertex -0.261467 16.0114 110.485
    endloop
  endfacet
  facet normal -0.0435586 -0.999051 0
    outer loop
      vertex -0.261467 16.0114 0
      vertex -0.217889 16.0095 15.5095
      vertex -0.261467 16.0114 15.5153
    endloop
  endfacet
  facet normal -0.0435588 -0.999051 5.61636e-10
    outer loop
      vertex -0.261467 16.0114 0
      vertex 0 16 15.5
      vertex -0.217889 16.0095 15.5095
    endloop
  endfacet
  facet normal -0.0435588 -0.999051 -0
    outer loop
      vertex 0 16 15.5
      vertex -0.261467 16.0114 0
      vertex 0 16 0
    endloop
  endfacet
  facet normal -0.0435588 -0.999051 0
    outer loop
      vertex -0.217889 16.0095 45.5095
      vertex 0 16 20.5
      vertex 0 16 45.5
    endloop
  endfacet
  facet normal -0.0435586 -0.999051 0
    outer loop
      vertex -0.217889 16.0095 20.4905
      vertex -0.217889 16.0095 45.5095
      vertex -0.261467 16.0114 45.5153
    endloop
  endfacet
  facet normal -0.0435588 -0.999051 -0
    outer loop
      vertex -0.217889 16.0095 45.5095
      vertex -0.217889 16.0095 20.4905
      vertex 0 16 20.5
    endloop
  endfacet
  facet normal -0.0435586 -0.999051 0
    outer loop
      vertex -0.217889 16.0095 20.4905
      vertex -0.261467 16.0114 45.5153
      vertex -0.261467 16.0114 20.4847
    endloop
  endfacet
  facet normal -0.0435588 -0.999051 0
    outer loop
      vertex -0.217889 16.0095 75.5095
      vertex 0 16 50.5
      vertex 0 16 75.5
    endloop
  endfacet
  facet normal -0.0435586 -0.999051 0
    outer loop
      vertex -0.217889 16.0095 50.4905
      vertex -0.217889 16.0095 75.5095
      vertex -0.261467 16.0114 75.5153
    endloop
  endfacet
  facet normal -0.0435588 -0.999051 -0
    outer loop
      vertex -0.217889 16.0095 75.5095
      vertex -0.217889 16.0095 50.4905
      vertex 0 16 50.5
    endloop
  endfacet
  facet normal -0.0435586 -0.999051 0
    outer loop
      vertex -0.217889 16.0095 50.4905
      vertex -0.261467 16.0114 75.5153
      vertex -0.261467 16.0114 50.4847
    endloop
  endfacet
  facet normal -0.0435588 -0.999051 0
    outer loop
      vertex -0.217889 16.0095 105.51
      vertex 0 16 80.5
      vertex 0 16 105.5
    endloop
  endfacet
  facet normal -0.0435586 -0.999051 0
    outer loop
      vertex -0.217889 16.0095 80.4905
      vertex -0.217889 16.0095 105.51
      vertex -0.261467 16.0114 105.515
    endloop
  endfacet
  facet normal -0.0435588 -0.999051 -0
    outer loop
      vertex -0.217889 16.0095 105.51
      vertex -0.217889 16.0095 80.4905
      vertex 0 16 80.5
    endloop
  endfacet
  facet normal -0.0435586 -0.999051 0
    outer loop
      vertex -0.217889 16.0095 80.4905
      vertex -0.261467 16.0114 105.515
      vertex -0.261467 16.0114 80.4847
    endloop
  endfacet
  facet normal 0.953715 -0.300711 0
    outer loop
      vertex 2.81908 17.9739 112
      vertex 2.89778 18.2235 9.37401
      vertex 2.89778 18.2235 112
    endloop
  endfacet
  facet normal 0.953726 -0.300678 8.64812e-08
    outer loop
      vertex 2.89778 18.2235 9.37401
      vertex 2.81908 17.9739 112
      vertex 2.873 18.1449 9.34923
    endloop
  endfacet
  facet normal 0.953711 -0.300726 0
    outer loop
      vertex 2.873 18.1449 9.34923
      vertex 2.81908 17.9739 112
      vertex 2.81908 17.9739 9.2784
    endloop
  endfacet
  facet normal 0.953725 -0.300679 -1.88791e-06
    outer loop
      vertex 2.81908 17.9739 0
      vertex 2.89778 18.2235 4.62599
      vertex 2.873 18.1449 4.65077
    endloop
  endfacet
  facet normal 0.953711 -0.300726 0
    outer loop
      vertex 2.81908 17.9739 0
      vertex 2.873 18.1449 4.65077
      vertex 2.81908 17.9739 4.7216
    endloop
  endfacet
  facet normal 0.953715 -0.300711 0
    outer loop
      vertex 2.89778 18.2235 4.62599
      vertex 2.81908 17.9739 0
      vertex 2.89778 18.2235 0
    endloop
  endfacet
  facet normal -0.999048 -0.0436295 0
    outer loop
      vertex -2.98858 18.7385 0
      vertex -3 19 4.5
      vertex -3 19 0
    endloop
  endfacet
  facet normal -0.999049 -0.0436024 -1.5783e-06
    outer loop
      vertex -3 19 4.5
      vertex -2.98858 18.7385 0
      vertex -2.99049 18.7821 4.50951
    endloop
  endfacet
  facet normal -0.999042 -0.0437654 0
    outer loop
      vertex -2.99049 18.7821 4.50951
      vertex -2.98858 18.7385 0
      vertex -2.98858 18.7385 4.51525
    endloop
  endfacet
  facet normal -0.999049 -0.0436024 6.9459e-08
    outer loop
      vertex -2.98858 18.7385 112
      vertex -3 19 9.5
      vertex -2.99049 18.7821 9.49049
    endloop
  endfacet
  facet normal -0.999042 -0.0437654 -0
    outer loop
      vertex -2.98858 18.7385 112
      vertex -2.99049 18.7821 9.49049
      vertex -2.98858 18.7385 9.48475
    endloop
  endfacet
  facet normal -0.999048 -0.0436295 0
    outer loop
      vertex -3 19 9.5
      vertex -2.98858 18.7385 112
      vertex -3 19 112
    endloop
  endfacet
  facet normal -0.843273 0.537485 0
    outer loop
      vertex -2.45746 20.7207 0
      vertex -2.52993 20.607 5.08489
      vertex -2.45746 20.7207 5.18913
    endloop
  endfacet
  facet normal -0.843359 0.53735 0
    outer loop
      vertex -2.59808 20.5 5.00281
      vertex -2.45746 20.7207 0
      vertex -2.59808 20.5 0
    endloop
  endfacet
  facet normal -0.843447 0.537212 -8.58817e-06
    outer loop
      vertex -2.45746 20.7207 0
      vertex -2.59808 20.5 5.00281
      vertex -2.52993 20.607 5.08489
    endloop
  endfacet
  facet normal -0.843273 0.537485 0
    outer loop
      vertex -2.52993 20.607 8.91511
      vertex -2.45746 20.7207 112
      vertex -2.45746 20.7207 8.81087
    endloop
  endfacet
  facet normal -0.84345 0.537207 4.30534e-07
    outer loop
      vertex -2.59808 20.5 8.99719
      vertex -2.45746 20.7207 112
      vertex -2.52993 20.607 8.91511
    endloop
  endfacet
  facet normal -0.843359 0.53735 0
    outer loop
      vertex -2.45746 20.7207 112
      vertex -2.59808 20.5 8.99719
      vertex -2.59808 20.5 112
    endloop
  endfacet
  facet normal -0.991441 0.130555 0
    outer loop
      vertex -2.96585 19.4341 9.46202
      vertex -2.95442 19.5209 112
      vertex -2.95442 19.5209 9.44277
    endloop
  endfacet
  facet normal -0.99144 0.130564 -8.17797e-09
    outer loop
      vertex -2.98858 19.2615 9.48475
      vertex -2.95442 19.5209 112
      vertex -2.96585 19.4341 9.46202
    endloop
  endfacet
  facet normal -0.99144 0.130561 0
    outer loop
      vertex -2.95442 19.5209 112
      vertex -2.98858 19.2615 9.48475
      vertex -2.98858 19.2615 112
    endloop
  endfacet
  facet normal -0.991441 0.130555 0
    outer loop
      vertex -2.95442 19.5209 0
      vertex -2.96585 19.4341 4.53798
      vertex -2.95442 19.5209 4.55723
    endloop
  endfacet
  facet normal -0.99144 0.130561 0
    outer loop
      vertex -2.98858 19.2615 4.51525
      vertex -2.95442 19.5209 0
      vertex -2.98858 19.2615 0
    endloop
  endfacet
  facet normal -0.99144 0.130564 1.84342e-07
    outer loop
      vertex -2.95442 19.5209 0
      vertex -2.98858 19.2615 4.51525
      vertex -2.96585 19.4341 4.53798
    endloop
  endfacet
  facet normal -0.976327 0.2163 0
    outer loop
      vertex -2.92647 19.647 9.41481
      vertex -2.89778 19.7765 112
      vertex -2.89778 19.7765 9.37401
    endloop
  endfacet
  facet normal -0.976305 0.216398 -1.29474e-07
    outer loop
      vertex -2.95442 19.5209 9.44277
      vertex -2.89778 19.7765 112
      vertex -2.92647 19.647 9.41481
    endloop
  endfacet
  facet normal -0.976316 0.216348 0
    outer loop
      vertex -2.89778 19.7765 112
      vertex -2.95442 19.5209 9.44277
      vertex -2.95442 19.5209 112
    endloop
  endfacet
  facet normal -0.976327 0.2163 0
    outer loop
      vertex -2.89778 19.7765 0
      vertex -2.92647 19.647 4.58519
      vertex -2.89778 19.7765 4.62599
    endloop
  endfacet
  facet normal -0.976316 0.216348 0
    outer loop
      vertex -2.95442 19.5209 4.55723
      vertex -2.89778 19.7765 0
      vertex -2.95442 19.5209 0
    endloop
  endfacet
  facet normal -0.976305 0.216397 2.87952e-06
    outer loop
      vertex -2.89778 19.7765 0
      vertex -2.95442 19.5209 4.55723
      vertex -2.92647 19.647 4.58519
    endloop
  endfacet
  facet normal -0.675559 0.737306 0
    outer loop
      vertex -1.92836 21.2981 112
      vertex -2.12132 21.1213 8.31866
      vertex -2.12132 21.1213 112
    endloop
  endfacet
  facet normal -0.676045 0.736861 1.66525e-06
    outer loop
      vertex -1.92836 21.2981 112
      vertex -2.07358 21.1651 8.25
      vertex -2.12132 21.1213 8.31866
    endloop
  endfacet
  facet normal -0.675572 0.737294 4.4856e-07
    outer loop
      vertex -1.92836 21.2981 112
      vertex -1.96368 21.2658 8.05655
      vertex -2.07358 21.1651 8.25
    endloop
  endfacet
  facet normal -0.674854 0.737952 0
    outer loop
      vertex -1.96368 21.2658 8.05655
      vertex -1.92836 21.2981 112
      vertex -1.92836 21.2981 7.97841
    endloop
  endfacet
  facet normal -0.674854 0.737952 0
    outer loop
      vertex -1.92836 21.2981 0
      vertex -1.96368 21.2658 5.94345
      vertex -1.92836 21.2981 6.02159
    endloop
  endfacet
  facet normal -0.675565 0.7373 -7.76825e-06
    outer loop
      vertex -1.92836 21.2981 0
      vertex -2.07358 21.1651 5.75
      vertex -1.96368 21.2658 5.94345
    endloop
  endfacet
  facet normal -0.676023 0.73688 -2.90529e-05
    outer loop
      vertex -1.92836 21.2981 0
      vertex -2.12132 21.1213 5.68134
      vertex -2.07358 21.1651 5.75
    endloop
  endfacet
  facet normal -0.675559 0.737306 0
    outer loop
      vertex -2.12132 21.1213 5.68134
      vertex -1.92836 21.2981 0
      vertex -2.12132 21.1213 0
    endloop
  endfacet
  facet normal -0.887173 0.461437 0
    outer loop
      vertex -2.63246 20.4339 9.04788
      vertex -2.59808 20.5 112
      vertex -2.59808 20.5 8.99719
    endloop
  endfacet
  facet normal -0.886911 0.461941 -4.11162e-07
    outer loop
      vertex -2.71892 20.2679 9.15369
      vertex -2.59808 20.5 112
      vertex -2.63246 20.4339 9.04788
    endloop
  endfacet
  facet normal -0.886985 0.461798 0
    outer loop
      vertex -2.59808 20.5 112
      vertex -2.71892 20.2679 9.15369
      vertex -2.71892 20.2679 112
    endloop
  endfacet
  facet normal -0.887173 0.461437 0
    outer loop
      vertex -2.59808 20.5 0
      vertex -2.63246 20.4339 4.95212
      vertex -2.59808 20.5 5.00281
    endloop
  endfacet
  facet normal -0.886985 0.461798 0
    outer loop
      vertex -2.71892 20.2679 4.84631
      vertex -2.59808 20.5 0
      vertex -2.71892 20.2679 0
    endloop
  endfacet
  facet normal -0.886913 0.461937 8.47923e-06
    outer loop
      vertex -2.59808 20.5 0
      vertex -2.71892 20.2679 4.84631
      vertex -2.63246 20.4339 4.95212
    endloop
  endfacet
  facet normal 0.737248 -0.675622 -4.70303e-06
    outer loop
      vertex 2.12132 16.8787 0
      vertex 2.29813 17.0716 5.4103
      vertex 2.18862 16.9521 5.56606
    endloop
  endfacet
  facet normal 0.737071 -0.675816 0
    outer loop
      vertex 2.12132 16.8787 0
      vertex 2.18862 16.9521 5.56606
      vertex 2.12132 16.8787 5.68134
    endloop
  endfacet
  facet normal 0.737183 -0.675693 0
    outer loop
      vertex 2.29813 17.0716 5.4103
      vertex 2.12132 16.8787 0
      vertex 2.29813 17.0716 0
    endloop
  endfacet
  facet normal 0.737137 -0.675744 0
    outer loop
      vertex 2.29813 17.0716 112
      vertex 2.26577 17.0363 109.057
      vertex 2.29813 17.0716 108.978
    endloop
  endfacet
  facet normal 0.737257 -0.675612 -2.90439e-06
    outer loop
      vertex 2.29813 17.0716 112
      vertex 2.16506 16.9264 109.25
      vertex 2.26577 17.0363 109.057
    endloop
  endfacet
  facet normal 0.737183 -0.675693 0
    outer loop
      vertex 2.12132 16.8787 109.319
      vertex 2.29813 17.0716 112
      vertex 2.12132 16.8787 112
    endloop
  endfacet
  facet normal 0.737052 -0.675836 1.88395e-05
    outer loop
      vertex 2.29813 17.0716 112
      vertex 2.12132 16.8787 109.319
      vertex 2.16506 16.9264 109.25
    endloop
  endfacet
  facet normal 0.737137 -0.675744 0
    outer loop
      vertex 2.26577 17.0363 16.9435
      vertex 2.29813 17.0716 8.5897
      vertex 2.29813 17.0716 17.0216
    endloop
  endfacet
  facet normal 0.737259 -0.67561 1.03704e-06
    outer loop
      vertex 2.16506 16.9264 16.75
      vertex 2.29813 17.0716 8.5897
      vertex 2.26577 17.0363 16.9435
    endloop
  endfacet
  facet normal 0.737043 -0.675845 -6.66294e-06
    outer loop
      vertex 2.12132 16.8787 16.6813
      vertex 2.29813 17.0716 8.5897
      vertex 2.16506 16.9264 16.75
    endloop
  endfacet
  facet normal 0.737249 -0.675621 3.19157e-06
    outer loop
      vertex 2.29813 17.0716 8.5897
      vertex 2.12132 16.8787 16.6813
      vertex 2.18862 16.9521 8.43394
    endloop
  endfacet
  facet normal 0.737071 -0.675816 0
    outer loop
      vertex 2.18862 16.9521 8.43394
      vertex 2.12132 16.8787 16.6813
      vertex 2.12132 16.8787 8.31866
    endloop
  endfacet
  facet normal 0.737137 -0.675744 0
    outer loop
      vertex 2.26577 17.0363 46.9435
      vertex 2.29813 17.0716 18.9784
      vertex 2.29813 17.0716 47.0216
    endloop
  endfacet
  facet normal 0.737137 -0.675744 0
    outer loop
      vertex 2.26577 17.0363 46.9435
      vertex 2.26577 17.0363 19.0565
      vertex 2.29813 17.0716 18.9784
    endloop
  endfacet
  facet normal 0.73726 -0.675609 0
    outer loop
      vertex 2.16506 16.9264 46.75
      vertex 2.26577 17.0363 19.0565
      vertex 2.26577 17.0363 46.9435
    endloop
  endfacet
  facet normal 0.73726 -0.675609 0
    outer loop
      vertex 2.16506 16.9264 46.75
      vertex 2.16506 16.9264 19.25
      vertex 2.26577 17.0363 19.0565
    endloop
  endfacet
  facet normal 0.737039 -0.675851 0
    outer loop
      vertex 2.12132 16.8787 46.6813
      vertex 2.16506 16.9264 19.25
      vertex 2.16506 16.9264 46.75
    endloop
  endfacet
  facet normal 0.737039 -0.675851 0
    outer loop
      vertex 2.16506 16.9264 19.25
      vertex 2.12132 16.8787 46.6813
      vertex 2.12132 16.8787 19.3187
    endloop
  endfacet
  facet normal 0.737137 -0.675744 0
    outer loop
      vertex 2.26577 17.0363 106.943
      vertex 2.29813 17.0716 78.9784
      vertex 2.29813 17.0716 107.022
    endloop
  endfacet
  facet normal 0.737137 -0.675744 0
    outer loop
      vertex 2.26577 17.0363 106.943
      vertex 2.26577 17.0363 79.0565
      vertex 2.29813 17.0716 78.9784
    endloop
  endfacet
  facet normal 0.73726 -0.675609 0
    outer loop
      vertex 2.16506 16.9264 106.75
      vertex 2.26577 17.0363 79.0565
      vertex 2.26577 17.0363 106.943
    endloop
  endfacet
  facet normal 0.73726 -0.675609 0
    outer loop
      vertex 2.16506 16.9264 106.75
      vertex 2.16506 16.9264 79.25
      vertex 2.26577 17.0363 79.0565
    endloop
  endfacet
  facet normal 0.737039 -0.675851 0
    outer loop
      vertex 2.12132 16.8787 106.681
      vertex 2.16506 16.9264 79.25
      vertex 2.16506 16.9264 106.75
    endloop
  endfacet
  facet normal 0.737039 -0.675851 0
    outer loop
      vertex 2.16506 16.9264 79.25
      vertex 2.12132 16.8787 106.681
      vertex 2.12132 16.8787 79.3187
    endloop
  endfacet
  facet normal 0.737137 -0.675744 0
    outer loop
      vertex 2.26577 17.0363 76.9435
      vertex 2.29813 17.0716 48.9784
      vertex 2.29813 17.0716 77.0216
    endloop
  endfacet
  facet normal 0.737137 -0.675744 0
    outer loop
      vertex 2.26577 17.0363 76.9435
      vertex 2.26577 17.0363 49.0565
      vertex 2.29813 17.0716 48.9784
    endloop
  endfacet
  facet normal 0.73726 -0.675609 0
    outer loop
      vertex 2.16506 16.9264 76.75
      vertex 2.26577 17.0363 49.0565
      vertex 2.26577 17.0363 76.9435
    endloop
  endfacet
  facet normal 0.73726 -0.675609 0
    outer loop
      vertex 2.16506 16.9264 76.75
      vertex 2.16506 16.9264 49.25
      vertex 2.26577 17.0363 49.0565
    endloop
  endfacet
  facet normal 0.737039 -0.675851 0
    outer loop
      vertex 2.12132 16.8787 76.6813
      vertex 2.16506 16.9264 49.25
      vertex 2.16506 16.9264 76.75
    endloop
  endfacet
  facet normal 0.737039 -0.675851 0
    outer loop
      vertex 2.16506 16.9264 49.25
      vertex 2.12132 16.8787 76.6813
      vertex 2.12132 16.8787 49.3187
    endloop
  endfacet
  facet normal 0.843273 0.537485 0
    outer loop
      vertex 2.45746 20.7207 112
      vertex 2.52993 20.607 8.91511
      vertex 2.45746 20.7207 8.81087
    endloop
  endfacet
  facet normal 0.843359 0.53735 -0
    outer loop
      vertex 2.59808 20.5 8.99719
      vertex 2.45746 20.7207 112
      vertex 2.59808 20.5 112
    endloop
  endfacet
  facet normal 0.84345 0.537207 4.30534e-07
    outer loop
      vertex 2.45746 20.7207 112
      vertex 2.59808 20.5 8.99719
      vertex 2.52993 20.607 8.91511
    endloop
  endfacet
  facet normal 0.843273 0.537485 0
    outer loop
      vertex 2.52993 20.607 5.08489
      vertex 2.45746 20.7207 0
      vertex 2.45746 20.7207 5.18913
    endloop
  endfacet
  facet normal 0.843447 0.537212 -8.58817e-06
    outer loop
      vertex 2.59808 20.5 5.00281
      vertex 2.45746 20.7207 0
      vertex 2.52993 20.607 5.08489
    endloop
  endfacet
  facet normal 0.843359 0.53735 0
    outer loop
      vertex 2.45746 20.7207 0
      vertex 2.59808 20.5 5.00281
      vertex 2.59808 20.5 0
    endloop
  endfacet
  facet normal 0.887173 0.461437 0
    outer loop
      vertex 2.59808 20.5 112
      vertex 2.63246 20.4339 9.04788
      vertex 2.59808 20.5 8.99719
    endloop
  endfacet
  facet normal 0.886985 0.461798 -0
    outer loop
      vertex 2.71892 20.2679 9.15369
      vertex 2.59808 20.5 112
      vertex 2.71892 20.2679 112
    endloop
  endfacet
  facet normal 0.886911 0.461941 -4.11162e-07
    outer loop
      vertex 2.59808 20.5 112
      vertex 2.71892 20.2679 9.15369
      vertex 2.63246 20.4339 9.04788
    endloop
  endfacet
  facet normal 0.887173 0.461437 0
    outer loop
      vertex 2.63246 20.4339 4.95212
      vertex 2.59808 20.5 0
      vertex 2.59808 20.5 5.00281
    endloop
  endfacet
  facet normal 0.886913 0.461937 8.47923e-06
    outer loop
      vertex 2.71892 20.2679 4.84631
      vertex 2.59808 20.5 0
      vertex 2.63246 20.4339 4.95212
    endloop
  endfacet
  facet normal 0.886985 0.461798 0
    outer loop
      vertex 2.59808 20.5 0
      vertex 2.71892 20.2679 4.84631
      vertex 2.71892 20.2679 0
    endloop
  endfacet
  facet normal -0.794375 0.607428 0
    outer loop
      vertex -2.29813 20.9284 0
      vertex -2.3083 20.9151 5.39303
      vertex -2.29813 20.9284 5.4103
    endloop
  endfacet
  facet normal -0.793271 0.608869 5.63384e-06
    outer loop
      vertex -2.29813 20.9284 0
      vertex -2.42136 20.7678 5.23223
      vertex -2.3083 20.9151 5.39303
    endloop
  endfacet
  facet normal -0.793434 0.608656 0
    outer loop
      vertex -2.45746 20.7207 5.18913
      vertex -2.29813 20.9284 0
      vertex -2.45746 20.7207 0
    endloop
  endfacet
  facet normal -0.793679 0.608337 -2.02774e-05
    outer loop
      vertex -2.29813 20.9284 0
      vertex -2.45746 20.7207 5.18913
      vertex -2.42136 20.7678 5.23223
    endloop
  endfacet
  facet normal -0.794375 0.607428 0
    outer loop
      vertex -2.3083 20.9151 8.60697
      vertex -2.29813 20.9284 112
      vertex -2.29813 20.9284 8.5897
    endloop
  endfacet
  facet normal -0.793268 0.608872 -2.94613e-07
    outer loop
      vertex -2.42136 20.7678 8.76777
      vertex -2.29813 20.9284 112
      vertex -2.3083 20.9151 8.60697
    endloop
  endfacet
  facet normal -0.793687 0.608326 1.05512e-06
    outer loop
      vertex -2.45746 20.7207 8.81087
      vertex -2.29813 20.9284 112
      vertex -2.42136 20.7678 8.76777
    endloop
  endfacet
  facet normal -0.793434 0.608656 0
    outer loop
      vertex -2.29813 20.9284 112
      vertex -2.45746 20.7207 8.81087
      vertex -2.45746 20.7207 112
    endloop
  endfacet
  facet normal -0.976305 -0.216398 -1.29474e-07
    outer loop
      vertex -2.89778 18.2235 112
      vertex -2.95442 18.4791 9.44277
      vertex -2.92647 18.353 9.41481
    endloop
  endfacet
  facet normal -0.976327 -0.2163 -0
    outer loop
      vertex -2.89778 18.2235 112
      vertex -2.92647 18.353 9.41481
      vertex -2.89778 18.2235 9.37401
    endloop
  endfacet
  facet normal -0.976316 -0.216348 0
    outer loop
      vertex -2.95442 18.4791 9.44277
      vertex -2.89778 18.2235 112
      vertex -2.95442 18.4791 112
    endloop
  endfacet
  facet normal -0.976316 -0.216348 0
    outer loop
      vertex -2.89778 18.2235 0
      vertex -2.95442 18.4791 4.55723
      vertex -2.95442 18.4791 0
    endloop
  endfacet
  facet normal -0.976305 -0.216397 2.87952e-06
    outer loop
      vertex -2.95442 18.4791 4.55723
      vertex -2.89778 18.2235 0
      vertex -2.92647 18.353 4.58519
    endloop
  endfacet
  facet normal -0.976327 -0.2163 0
    outer loop
      vertex -2.92647 18.353 4.58519
      vertex -2.89778 18.2235 0
      vertex -2.89778 18.2235 4.62599
    endloop
  endfacet
  facet normal -0.793446 -0.608641 0
    outer loop
      vertex -2.41481 17.2237 108.647
      vertex -2.45746 17.2793 112
      vertex -2.45746 17.2793 108.455
    endloop
  endfacet
  facet normal -0.793471 -0.608608 -8.69969e-07
    outer loop
      vertex -2.34923 17.1382 108.855
      vertex -2.45746 17.2793 112
      vertex -2.41481 17.2237 108.647
    endloop
  endfacet
  facet normal -0.793383 -0.608723 7.31775e-06
    outer loop
      vertex -2.29813 17.0716 108.978
      vertex -2.45746 17.2793 112
      vertex -2.34923 17.1382 108.855
    endloop
  endfacet
  facet normal -0.793434 -0.608656 0
    outer loop
      vertex -2.45746 17.2793 112
      vertex -2.29813 17.0716 108.978
      vertex -2.29813 17.0716 112
    endloop
  endfacet
  facet normal -0.793434 -0.608656 0
    outer loop
      vertex -2.29813 17.0716 0
      vertex -2.45746 17.2793 5.18913
      vertex -2.45746 17.2793 0
    endloop
  endfacet
  facet normal -0.793679 -0.608337 -2.02774e-05
    outer loop
      vertex -2.45746 17.2793 5.18913
      vertex -2.29813 17.0716 0
      vertex -2.42136 17.2322 5.23223
    endloop
  endfacet
  facet normal -0.793271 -0.608869 5.63384e-06
    outer loop
      vertex -2.42136 17.2322 5.23223
      vertex -2.29813 17.0716 0
      vertex -2.3083 17.0849 5.39303
    endloop
  endfacet
  facet normal -0.794375 -0.607428 0
    outer loop
      vertex -2.3083 17.0849 5.39303
      vertex -2.29813 17.0716 0
      vertex -2.29813 17.0716 5.4103
    endloop
  endfacet
  facet normal -0.793682 -0.608333 1.29841e-05
    outer loop
      vertex -2.29813 17.0716 17.0216
      vertex -2.45746 17.2793 8.81087
      vertex -2.42136 17.2322 8.76777
    endloop
  endfacet
  facet normal -0.793446 -0.608641 0
    outer loop
      vertex -2.45746 17.2793 8.81087
      vertex -2.41481 17.2237 17.353
      vertex -2.45746 17.2793 17.5453
    endloop
  endfacet
  facet normal -0.793471 -0.608607 3.4972e-07
    outer loop
      vertex -2.45746 17.2793 8.81087
      vertex -2.34923 17.1382 17.1449
      vertex -2.41481 17.2237 17.353
    endloop
  endfacet
  facet normal -0.79327 -0.60887 -3.61427e-06
    outer loop
      vertex -2.29813 17.0716 17.0216
      vertex -2.42136 17.2322 8.76777
      vertex -2.3083 17.0849 8.60697
    endloop
  endfacet
  facet normal -0.794375 -0.607428 -0
    outer loop
      vertex -2.29813 17.0716 17.0216
      vertex -2.3083 17.0849 8.60697
      vertex -2.29813 17.0716 8.5897
    endloop
  endfacet
  facet normal -0.793379 -0.608728 -2.89941e-06
    outer loop
      vertex -2.45746 17.2793 8.81087
      vertex -2.29813 17.0716 17.0216
      vertex -2.34923 17.1382 17.1449
    endloop
  endfacet
  facet normal -0.793446 -0.608641 0
    outer loop
      vertex -2.41481 17.2237 18.647
      vertex -2.45746 17.2793 47.5453
      vertex -2.45746 17.2793 18.4547
    endloop
  endfacet
  facet normal -0.793446 -0.608641 0
    outer loop
      vertex -2.41481 17.2237 18.647
      vertex -2.41481 17.2237 47.353
      vertex -2.45746 17.2793 47.5453
    endloop
  endfacet
  facet normal -0.793472 -0.608607 0
    outer loop
      vertex -2.34923 17.1382 18.855
      vertex -2.41481 17.2237 47.353
      vertex -2.41481 17.2237 18.647
    endloop
  endfacet
  facet normal -0.793472 -0.608607 0
    outer loop
      vertex -2.34923 17.1382 18.855
      vertex -2.34923 17.1382 47.145
      vertex -2.41481 17.2237 47.353
    endloop
  endfacet
  facet normal -0.793376 -0.608732 0
    outer loop
      vertex -2.29813 17.0716 18.9784
      vertex -2.34923 17.1382 47.145
      vertex -2.34923 17.1382 18.855
    endloop
  endfacet
  facet normal -0.793376 -0.608732 0
    outer loop
      vertex -2.34923 17.1382 47.145
      vertex -2.29813 17.0716 18.9784
      vertex -2.29813 17.0716 47.0216
    endloop
  endfacet
  facet normal -0.793446 -0.608641 0
    outer loop
      vertex -2.41481 17.2237 48.647
      vertex -2.45746 17.2793 77.5453
      vertex -2.45746 17.2793 48.4547
    endloop
  endfacet
  facet normal -0.793446 -0.608641 0
    outer loop
      vertex -2.41481 17.2237 48.647
      vertex -2.41481 17.2237 77.353
      vertex -2.45746 17.2793 77.5453
    endloop
  endfacet
  facet normal -0.793472 -0.608607 0
    outer loop
      vertex -2.34923 17.1382 48.855
      vertex -2.41481 17.2237 77.353
      vertex -2.41481 17.2237 48.647
    endloop
  endfacet
  facet normal -0.793472 -0.608607 0
    outer loop
      vertex -2.34923 17.1382 48.855
      vertex -2.34923 17.1382 77.145
      vertex -2.41481 17.2237 77.353
    endloop
  endfacet
  facet normal -0.793376 -0.608732 0
    outer loop
      vertex -2.29813 17.0716 48.9784
      vertex -2.34923 17.1382 77.145
      vertex -2.34923 17.1382 48.855
    endloop
  endfacet
  facet normal -0.793376 -0.608732 0
    outer loop
      vertex -2.34923 17.1382 77.145
      vertex -2.29813 17.0716 48.9784
      vertex -2.29813 17.0716 77.0216
    endloop
  endfacet
  facet normal -0.793446 -0.608641 0
    outer loop
      vertex -2.41481 17.2237 78.647
      vertex -2.45746 17.2793 107.545
      vertex -2.45746 17.2793 78.4547
    endloop
  endfacet
  facet normal -0.793446 -0.608641 0
    outer loop
      vertex -2.41481 17.2237 78.647
      vertex -2.41481 17.2237 107.353
      vertex -2.45746 17.2793 107.545
    endloop
  endfacet
  facet normal -0.793472 -0.608607 0
    outer loop
      vertex -2.34923 17.1382 78.855
      vertex -2.41481 17.2237 107.353
      vertex -2.41481 17.2237 78.647
    endloop
  endfacet
  facet normal -0.793472 -0.608607 0
    outer loop
      vertex -2.34923 17.1382 78.855
      vertex -2.34923 17.1382 107.145
      vertex -2.41481 17.2237 107.353
    endloop
  endfacet
  facet normal -0.793376 -0.608732 0
    outer loop
      vertex -2.29813 17.0716 78.9784
      vertex -2.34923 17.1382 107.145
      vertex -2.34923 17.1382 78.855
    endloop
  endfacet
  facet normal -0.793376 -0.608732 0
    outer loop
      vertex -2.34923 17.1382 107.145
      vertex -2.29813 17.0716 78.9784
      vertex -2.29813 17.0716 107.022
    endloop
  endfacet
  facet normal -0.461599 0.887089 0
    outer loop
      vertex -1.26785 21.7189 0
      vertex -1.5 21.5981 112
      vertex -1.26785 21.7189 112
    endloop
  endfacet
  facet normal -0.461599 0.887089 0
    outer loop
      vertex -1.5 21.5981 112
      vertex -1.26785 21.7189 0
      vertex -1.5 21.5981 0
    endloop
  endfacet
  facet normal 0.608954 -0.793206 0
    outer loop
      vertex 1.72073 16.5425 109.811
      vertex 1.92836 16.7019 112
      vertex 1.72073 16.5425 112
    endloop
  endfacet
  facet normal 0.608825 -0.793305 1.93756e-05
    outer loop
      vertex 1.76777 16.5786 109.768
      vertex 1.92836 16.7019 112
      vertex 1.72073 16.5425 109.811
    endloop
  endfacet
  facet normal 0.60891 -0.793239 9.60023e-06
    outer loop
      vertex 1.91511 16.6917 109.607
      vertex 1.92836 16.7019 112
      vertex 1.76777 16.5786 109.768
    endloop
  endfacet
  facet normal 0.61 -0.792402 0
    outer loop
      vertex 1.92836 16.7019 112
      vertex 1.91511 16.6917 109.607
      vertex 1.92836 16.7019 109.59
    endloop
  endfacet
  facet normal 0.609297 -0.792942 0
    outer loop
      vertex 1.72073 16.5425 0
      vertex 1.7763 16.5852 6.35295
      vertex 1.72073 16.5425 6.5453
    endloop
  endfacet
  facet normal 0.608867 -0.793272 5.97516e-06
    outer loop
      vertex 1.72073 16.5425 0
      vertex 1.86177 16.6508 6.14495
      vertex 1.7763 16.5852 6.35295
    endloop
  endfacet
  facet normal 0.608799 -0.793324 8.46714e-06
    outer loop
      vertex 1.72073 16.5425 0
      vertex 1.92836 16.7019 6.02159
      vertex 1.86177 16.6508 6.14495
    endloop
  endfacet
  facet normal 0.608954 -0.793206 0
    outer loop
      vertex 1.92836 16.7019 6.02159
      vertex 1.72073 16.5425 0
      vertex 1.92836 16.7019 0
    endloop
  endfacet
  facet normal 0.61 -0.792402 0
    outer loop
      vertex 1.91511 16.6917 16.393
      vertex 1.92836 16.7019 7.97841
      vertex 1.92836 16.7019 16.4103
    endloop
  endfacet
  facet normal 0.608906 -0.793243 -2.742e-06
    outer loop
      vertex 1.76777 16.5786 16.2322
      vertex 1.92836 16.7019 7.97841
      vertex 1.91511 16.6917 16.393
    endloop
  endfacet
  facet normal 0.608817 -0.793311 -5.48641e-06
    outer loop
      vertex 1.72073 16.5425 16.1891
      vertex 1.92836 16.7019 7.97841
      vertex 1.76777 16.5786 16.2322
    endloop
  endfacet
  facet normal 0.608797 -0.793326 -6.31071e-06
    outer loop
      vertex 1.72073 16.5425 16.1891
      vertex 1.86177 16.6508 7.85505
      vertex 1.92836 16.7019 7.97841
    endloop
  endfacet
  facet normal 0.608865 -0.793274 -4.46776e-06
    outer loop
      vertex 1.72073 16.5425 16.1891
      vertex 1.7763 16.5852 7.64705
      vertex 1.86177 16.6508 7.85505
    endloop
  endfacet
  facet normal 0.609297 -0.792942 0
    outer loop
      vertex 1.7763 16.5852 7.64705
      vertex 1.72073 16.5425 16.1891
      vertex 1.72073 16.5425 7.4547
    endloop
  endfacet
  facet normal 0.608814 -0.793313 0
    outer loop
      vertex 1.72073 16.5425 19.8109
      vertex 1.76777 16.5786 46.2322
      vertex 1.72073 16.5425 46.1891
    endloop
  endfacet
  facet normal 0.608814 -0.793313 0
    outer loop
      vertex 1.76777 16.5786 19.7678
      vertex 1.76777 16.5786 46.2322
      vertex 1.72073 16.5425 19.8109
    endloop
  endfacet
  facet normal 0.608904 -0.793244 0
    outer loop
      vertex 1.76777 16.5786 46.2322
      vertex 1.76777 16.5786 19.7678
      vertex 1.91511 16.6917 46.393
    endloop
  endfacet
  facet normal 0.608904 -0.793244 0
    outer loop
      vertex 1.91511 16.6917 19.607
      vertex 1.91511 16.6917 46.393
      vertex 1.76777 16.5786 19.7678
    endloop
  endfacet
  facet normal 0.61 -0.792402 0
    outer loop
      vertex 1.91511 16.6917 46.393
      vertex 1.91511 16.6917 19.607
      vertex 1.92836 16.7019 46.4103
    endloop
  endfacet
  facet normal 0.61 -0.792402 0
    outer loop
      vertex 1.92836 16.7019 46.4103
      vertex 1.91511 16.6917 19.607
      vertex 1.92836 16.7019 19.5897
    endloop
  endfacet
  facet normal 0.608814 -0.793313 0
    outer loop
      vertex 1.72073 16.5425 79.8109
      vertex 1.76777 16.5786 106.232
      vertex 1.72073 16.5425 106.189
    endloop
  endfacet
  facet normal 0.608814 -0.793313 0
    outer loop
      vertex 1.76777 16.5786 79.7678
      vertex 1.76777 16.5786 106.232
      vertex 1.72073 16.5425 79.8109
    endloop
  endfacet
  facet normal 0.608904 -0.793244 0
    outer loop
      vertex 1.76777 16.5786 106.232
      vertex 1.76777 16.5786 79.7678
      vertex 1.91511 16.6917 106.393
    endloop
  endfacet
  facet normal 0.608904 -0.793244 0
    outer loop
      vertex 1.91511 16.6917 79.607
      vertex 1.91511 16.6917 106.393
      vertex 1.76777 16.5786 79.7678
    endloop
  endfacet
  facet normal 0.61 -0.792402 0
    outer loop
      vertex 1.91511 16.6917 106.393
      vertex 1.91511 16.6917 79.607
      vertex 1.92836 16.7019 106.41
    endloop
  endfacet
  facet normal 0.61 -0.792402 0
    outer loop
      vertex 1.92836 16.7019 106.41
      vertex 1.91511 16.6917 79.607
      vertex 1.92836 16.7019 79.5897
    endloop
  endfacet
  facet normal 0.608814 -0.793313 0
    outer loop
      vertex 1.72073 16.5425 49.8109
      vertex 1.76777 16.5786 76.2322
      vertex 1.72073 16.5425 76.1891
    endloop
  endfacet
  facet normal 0.608814 -0.793313 0
    outer loop
      vertex 1.76777 16.5786 49.7678
      vertex 1.76777 16.5786 76.2322
      vertex 1.72073 16.5425 49.8109
    endloop
  endfacet
  facet normal 0.608904 -0.793244 0
    outer loop
      vertex 1.76777 16.5786 76.2322
      vertex 1.76777 16.5786 49.7678
      vertex 1.91511 16.6917 76.393
    endloop
  endfacet
  facet normal 0.608904 -0.793244 0
    outer loop
      vertex 1.91511 16.6917 49.607
      vertex 1.91511 16.6917 76.393
      vertex 1.76777 16.5786 49.7678
    endloop
  endfacet
  facet normal 0.61 -0.792402 0
    outer loop
      vertex 1.91511 16.6917 76.393
      vertex 1.91511 16.6917 49.607
      vertex 1.92836 16.7019 76.4103
    endloop
  endfacet
  facet normal 0.61 -0.792402 0
    outer loop
      vertex 1.92836 16.7019 76.4103
      vertex 1.91511 16.6917 49.607
      vertex 1.92836 16.7019 49.5897
    endloop
  endfacet
  facet normal 0.216273 0.976333 -0
    outer loop
      vertex 0.776457 21.8978 0
      vertex 0.520944 21.9544 112
      vertex 0.776457 21.8978 112
    endloop
  endfacet
  facet normal 0.216273 0.976333 0
    outer loop
      vertex 0.520944 21.9544 112
      vertex 0.776457 21.8978 0
      vertex 0.520944 21.9544 0
    endloop
  endfacet
  facet normal -0.0435588 0.999051 0
    outer loop
      vertex 0 22 0
      vertex -0.261467 21.9886 112
      vertex 0 22 112
    endloop
  endfacet
  facet normal -0.0435588 0.999051 0
    outer loop
      vertex -0.261467 21.9886 112
      vertex 0 22 0
      vertex -0.261467 21.9886 0
    endloop
  endfacet
  facet normal 0.924143 0.382048 0
    outer loop
      vertex 2.72632 20.25 4.83494
      vertex 2.71892 20.2679 0
      vertex 2.71892 20.2679 4.84631
    endloop
  endfacet
  facet normal 0.923914 0.3826 2.39218e-06
    outer loop
      vertex 2.80645 20.0565 4.73423
      vertex 2.71892 20.2679 0
      vertex 2.72632 20.25 4.83494
    endloop
  endfacet
  facet normal 0.92348 0.383646 5.71385e-05
    outer loop
      vertex 2.81908 20.0261 4.7216
      vertex 2.71892 20.2679 0
      vertex 2.80645 20.0565 4.73423
    endloop
  endfacet
  facet normal 0.923875 0.382694 0
    outer loop
      vertex 2.71892 20.2679 0
      vertex 2.81908 20.0261 4.7216
      vertex 2.81908 20.0261 0
    endloop
  endfacet
  facet normal 0.924143 0.382048 0
    outer loop
      vertex 2.71892 20.2679 112
      vertex 2.72632 20.25 9.16506
      vertex 2.71892 20.2679 9.15369
    endloop
  endfacet
  facet normal 0.923914 0.382601 -1.12678e-07
    outer loop
      vertex 2.71892 20.2679 112
      vertex 2.80645 20.0565 9.26577
      vertex 2.72632 20.25 9.16506
    endloop
  endfacet
  facet normal 0.923875 0.382694 -0
    outer loop
      vertex 2.81908 20.0261 9.2784
      vertex 2.71892 20.2679 112
      vertex 2.81908 20.0261 112
    endloop
  endfacet
  facet normal 0.923472 0.383665 -2.67961e-06
    outer loop
      vertex 2.71892 20.2679 112
      vertex 2.81908 20.0261 9.2784
      vertex 2.80645 20.0565 9.26577
    endloop
  endfacet
  facet normal 0.976327 0.2163 0
    outer loop
      vertex 2.89778 19.7765 112
      vertex 2.92647 19.647 9.41481
      vertex 2.89778 19.7765 9.37401
    endloop
  endfacet
  facet normal 0.976316 0.216348 -0
    outer loop
      vertex 2.95442 19.5209 9.44277
      vertex 2.89778 19.7765 112
      vertex 2.95442 19.5209 112
    endloop
  endfacet
  facet normal 0.976305 0.216398 -1.29474e-07
    outer loop
      vertex 2.89778 19.7765 112
      vertex 2.95442 19.5209 9.44277
      vertex 2.92647 19.647 9.41481
    endloop
  endfacet
  facet normal 0.976327 0.2163 0
    outer loop
      vertex 2.92647 19.647 4.58519
      vertex 2.89778 19.7765 0
      vertex 2.89778 19.7765 4.62599
    endloop
  endfacet
  facet normal 0.976305 0.216397 2.87952e-06
    outer loop
      vertex 2.95442 19.5209 4.55723
      vertex 2.89778 19.7765 0
      vertex 2.92647 19.647 4.58519
    endloop
  endfacet
  facet normal 0.976316 0.216348 0
    outer loop
      vertex 2.89778 19.7765 0
      vertex 2.95442 19.5209 4.55723
      vertex 2.95442 19.5209 0
    endloop
  endfacet
  facet normal -0.537244 0.843427 0
    outer loop
      vertex -1.5 21.5981 112
      vertex -1.72073 21.4575 7.4547
      vertex -1.72073 21.4575 112
    endloop
  endfacet
  facet normal -0.532154 0.846647 -1.50771e-05
    outer loop
      vertex -1.5 21.5981 112
      vertex -1.71357 21.462 7.43412
      vertex -1.72073 21.4575 7.4547
    endloop
  endfacet
  facet normal -0.53769 0.843142 7.9254e-07
    outer loop
      vertex -1.5 21.5981 112
      vertex -1.66888 21.4905 7.21789
      vertex -1.71357 21.462 7.43412
    endloop
  endfacet
  facet normal -0.53685 0.843677 -1.11072e-06
    outer loop
      vertex -1.5 21.5981 112
      vertex -1.65395 21.5 7
      vertex -1.66888 21.4905 7.21789
    endloop
  endfacet
  facet normal -0.537389 0.843334 0
    outer loop
      vertex -1.5 21.5981 0
      vertex -1.65395 21.5 7
      vertex -1.5 21.5981 112
    endloop
  endfacet
  facet normal -0.536973 0.8436 1.28812e-05
    outer loop
      vertex -1.5 21.5981 0
      vertex -1.66888 21.4905 6.78211
      vertex -1.65395 21.5 7
    endloop
  endfacet
  facet normal -0.537655 0.843165 -1.10135e-05
    outer loop
      vertex -1.5 21.5981 0
      vertex -1.71357 21.462 6.56588
      vertex -1.66888 21.4905 6.78211
    endloop
  endfacet
  facet normal -0.532578 0.846381 0.000220803
    outer loop
      vertex -1.5 21.5981 0
      vertex -1.72073 21.4575 6.5453
      vertex -1.71357 21.462 6.56588
    endloop
  endfacet
  facet normal -0.537244 0.843427 0
    outer loop
      vertex -1.72073 21.4575 6.5453
      vertex -1.5 21.5981 0
      vertex -1.72073 21.4575 0
    endloop
  endfacet
  facet normal 0.999048 -0.0436295 0
    outer loop
      vertex 2.98858 18.7385 112
      vertex 3 19 9.5
      vertex 3 19 112
    endloop
  endfacet
  facet normal 0.999049 -0.0436024 6.9459e-08
    outer loop
      vertex 3 19 9.5
      vertex 2.98858 18.7385 112
      vertex 2.99049 18.7821 9.49049
    endloop
  endfacet
  facet normal 0.999042 -0.0437654 0
    outer loop
      vertex 2.99049 18.7821 9.49049
      vertex 2.98858 18.7385 112
      vertex 2.98858 18.7385 9.48475
    endloop
  endfacet
  facet normal 0.999049 -0.0436024 -1.5783e-06
    outer loop
      vertex 2.98858 18.7385 0
      vertex 3 19 4.5
      vertex 2.99049 18.7821 4.50951
    endloop
  endfacet
  facet normal 0.999042 -0.0437654 0
    outer loop
      vertex 2.98858 18.7385 0
      vertex 2.99049 18.7821 4.50951
      vertex 2.98858 18.7385 4.51525
    endloop
  endfacet
  facet normal 0.999048 -0.0436295 0
    outer loop
      vertex 3 19 4.5
      vertex 2.98858 18.7385 0
      vertex 3 19 0
    endloop
  endfacet
  facet normal 0.793679 -0.608337 -2.02774e-05
    outer loop
      vertex 2.29813 17.0716 0
      vertex 2.45746 17.2793 5.18913
      vertex 2.42136 17.2322 5.23223
    endloop
  endfacet
  facet normal 0.793271 -0.608869 5.63384e-06
    outer loop
      vertex 2.29813 17.0716 0
      vertex 2.42136 17.2322 5.23223
      vertex 2.3083 17.0849 5.39303
    endloop
  endfacet
  facet normal 0.794375 -0.607428 0
    outer loop
      vertex 2.29813 17.0716 0
      vertex 2.3083 17.0849 5.39303
      vertex 2.29813 17.0716 5.4103
    endloop
  endfacet
  facet normal 0.793434 -0.608656 0
    outer loop
      vertex 2.45746 17.2793 5.18913
      vertex 2.29813 17.0716 0
      vertex 2.45746 17.2793 0
    endloop
  endfacet
  facet normal 0.793446 -0.608641 0
    outer loop
      vertex 2.45746 17.2793 112
      vertex 2.41481 17.2237 108.647
      vertex 2.45746 17.2793 108.455
    endloop
  endfacet
  facet normal 0.793471 -0.608608 -8.69969e-07
    outer loop
      vertex 2.45746 17.2793 112
      vertex 2.34923 17.1382 108.855
      vertex 2.41481 17.2237 108.647
    endloop
  endfacet
  facet normal 0.793434 -0.608656 0
    outer loop
      vertex 2.29813 17.0716 108.978
      vertex 2.45746 17.2793 112
      vertex 2.29813 17.0716 112
    endloop
  endfacet
  facet normal 0.793383 -0.608723 7.31775e-06
    outer loop
      vertex 2.45746 17.2793 112
      vertex 2.29813 17.0716 108.978
      vertex 2.34923 17.1382 108.855
    endloop
  endfacet
  facet normal 0.793446 -0.608641 0
    outer loop
      vertex 2.41481 17.2237 17.353
      vertex 2.45746 17.2793 8.81087
      vertex 2.45746 17.2793 17.5453
    endloop
  endfacet
  facet normal 0.793471 -0.608607 3.4972e-07
    outer loop
      vertex 2.34923 17.1382 17.1449
      vertex 2.45746 17.2793 8.81087
      vertex 2.41481 17.2237 17.353
    endloop
  endfacet
  facet normal 0.793379 -0.608728 -2.89941e-06
    outer loop
      vertex 2.29813 17.0716 17.0216
      vertex 2.45746 17.2793 8.81087
      vertex 2.34923 17.1382 17.1449
    endloop
  endfacet
  facet normal 0.793682 -0.608333 1.29841e-05
    outer loop
      vertex 2.45746 17.2793 8.81087
      vertex 2.29813 17.0716 17.0216
      vertex 2.42136 17.2322 8.76777
    endloop
  endfacet
  facet normal 0.79327 -0.60887 -3.61427e-06
    outer loop
      vertex 2.42136 17.2322 8.76777
      vertex 2.29813 17.0716 17.0216
      vertex 2.3083 17.0849 8.60697
    endloop
  endfacet
  facet normal 0.794375 -0.607428 0
    outer loop
      vertex 2.3083 17.0849 8.60697
      vertex 2.29813 17.0716 17.0216
      vertex 2.29813 17.0716 8.5897
    endloop
  endfacet
  facet normal 0.793446 -0.608641 0
    outer loop
      vertex 2.41481 17.2237 47.353
      vertex 2.45746 17.2793 18.4547
      vertex 2.45746 17.2793 47.5453
    endloop
  endfacet
  facet normal 0.793446 -0.608641 0
    outer loop
      vertex 2.41481 17.2237 47.353
      vertex 2.41481 17.2237 18.647
      vertex 2.45746 17.2793 18.4547
    endloop
  endfacet
  facet normal 0.793472 -0.608607 0
    outer loop
      vertex 2.34923 17.1382 47.145
      vertex 2.41481 17.2237 18.647
      vertex 2.41481 17.2237 47.353
    endloop
  endfacet
  facet normal 0.793472 -0.608607 0
    outer loop
      vertex 2.34923 17.1382 47.145
      vertex 2.34923 17.1382 18.855
      vertex 2.41481 17.2237 18.647
    endloop
  endfacet
  facet normal 0.793376 -0.608732 0
    outer loop
      vertex 2.29813 17.0716 47.0216
      vertex 2.34923 17.1382 18.855
      vertex 2.34923 17.1382 47.145
    endloop
  endfacet
  facet normal 0.793376 -0.608732 0
    outer loop
      vertex 2.34923 17.1382 18.855
      vertex 2.29813 17.0716 47.0216
      vertex 2.29813 17.0716 18.9784
    endloop
  endfacet
  facet normal 0.793446 -0.608641 0
    outer loop
      vertex 2.41481 17.2237 107.353
      vertex 2.45746 17.2793 78.4547
      vertex 2.45746 17.2793 107.545
    endloop
  endfacet
  facet normal 0.793446 -0.608641 0
    outer loop
      vertex 2.41481 17.2237 107.353
      vertex 2.41481 17.2237 78.647
      vertex 2.45746 17.2793 78.4547
    endloop
  endfacet
  facet normal 0.793472 -0.608607 0
    outer loop
      vertex 2.34923 17.1382 107.145
      vertex 2.41481 17.2237 78.647
      vertex 2.41481 17.2237 107.353
    endloop
  endfacet
  facet normal 0.793472 -0.608607 0
    outer loop
      vertex 2.34923 17.1382 107.145
      vertex 2.34923 17.1382 78.855
      vertex 2.41481 17.2237 78.647
    endloop
  endfacet
  facet normal 0.793376 -0.608732 0
    outer loop
      vertex 2.29813 17.0716 107.022
      vertex 2.34923 17.1382 78.855
      vertex 2.34923 17.1382 107.145
    endloop
  endfacet
  facet normal 0.793376 -0.608732 0
    outer loop
      vertex 2.34923 17.1382 78.855
      vertex 2.29813 17.0716 107.022
      vertex 2.29813 17.0716 78.9784
    endloop
  endfacet
  facet normal 0.793446 -0.608641 0
    outer loop
      vertex 2.41481 17.2237 77.353
      vertex 2.45746 17.2793 48.4547
      vertex 2.45746 17.2793 77.5453
    endloop
  endfacet
  facet normal 0.793446 -0.608641 0
    outer loop
      vertex 2.41481 17.2237 77.353
      vertex 2.41481 17.2237 48.647
      vertex 2.45746 17.2793 48.4547
    endloop
  endfacet
  facet normal 0.793472 -0.608607 0
    outer loop
      vertex 2.34923 17.1382 77.145
      vertex 2.41481 17.2237 48.647
      vertex 2.41481 17.2237 77.353
    endloop
  endfacet
  facet normal 0.793472 -0.608607 0
    outer loop
      vertex 2.34923 17.1382 77.145
      vertex 2.34923 17.1382 48.855
      vertex 2.41481 17.2237 48.647
    endloop
  endfacet
  facet normal 0.793376 -0.608732 0
    outer loop
      vertex 2.29813 17.0716 77.0216
      vertex 2.34923 17.1382 48.855
      vertex 2.34923 17.1382 77.145
    endloop
  endfacet
  facet normal 0.793376 -0.608732 0
    outer loop
      vertex 2.34923 17.1382 48.855
      vertex 2.29813 17.0716 77.0216
      vertex 2.29813 17.0716 48.9784
    endloop
  endfacet
  facet normal 0.130673 0.991425 -0
    outer loop
      vertex 0.520944 21.9544 0
      vertex 0.261467 21.9886 112
      vertex 0.520944 21.9544 112
    endloop
  endfacet
  facet normal 0.130673 0.991425 0
    outer loop
      vertex 0.261467 21.9886 112
      vertex 0.520944 21.9544 0
      vertex 0.261467 21.9886 0
    endloop
  endfacet
  facet normal 0.844564 -0.535454 0
    outer loop
      vertex 2.49049 17.3311 47.7821
      vertex 2.5 17.3461 18
      vertex 2.5 17.3461 48
    endloop
  endfacet
  facet normal 0.844564 -0.535454 0
    outer loop
      vertex 2.49049 17.3311 47.7821
      vertex 2.49049 17.3311 18.2179
      vertex 2.5 17.3461 18
    endloop
  endfacet
  facet normal 0.843452 -0.537205 0
    outer loop
      vertex 2.46202 17.2864 47.5659
      vertex 2.49049 17.3311 18.2179
      vertex 2.49049 17.3311 47.7821
    endloop
  endfacet
  facet normal 0.843452 -0.537205 0
    outer loop
      vertex 2.46202 17.2864 47.5659
      vertex 2.46202 17.2864 18.4341
      vertex 2.49049 17.3311 18.2179
    endloop
  endfacet
  facet normal 0.841409 -0.540398 0
    outer loop
      vertex 2.45746 17.2793 47.5453
      vertex 2.46202 17.2864 18.4341
      vertex 2.46202 17.2864 47.5659
    endloop
  endfacet
  facet normal 0.841409 -0.540398 0
    outer loop
      vertex 2.46202 17.2864 18.4341
      vertex 2.45746 17.2793 47.5453
      vertex 2.45746 17.2793 18.4547
    endloop
  endfacet
  facet normal 0.844564 -0.535454 0
    outer loop
      vertex 2.49049 17.3311 77.7821
      vertex 2.5 17.3461 48
      vertex 2.5 17.3461 78
    endloop
  endfacet
  facet normal 0.844564 -0.535454 0
    outer loop
      vertex 2.49049 17.3311 77.7821
      vertex 2.49049 17.3311 48.2179
      vertex 2.5 17.3461 48
    endloop
  endfacet
  facet normal 0.843452 -0.537205 0
    outer loop
      vertex 2.46202 17.2864 77.5659
      vertex 2.49049 17.3311 48.2179
      vertex 2.49049 17.3311 77.7821
    endloop
  endfacet
  facet normal 0.843452 -0.537205 0
    outer loop
      vertex 2.46202 17.2864 77.5659
      vertex 2.46202 17.2864 48.4341
      vertex 2.49049 17.3311 48.2179
    endloop
  endfacet
  facet normal 0.841409 -0.540398 0
    outer loop
      vertex 2.45746 17.2793 77.5453
      vertex 2.46202 17.2864 48.4341
      vertex 2.46202 17.2864 77.5659
    endloop
  endfacet
  facet normal 0.841409 -0.540398 0
    outer loop
      vertex 2.46202 17.2864 48.4341
      vertex 2.45746 17.2793 77.5453
      vertex 2.45746 17.2793 48.4547
    endloop
  endfacet
  facet normal 0.844564 -0.535454 0
    outer loop
      vertex 2.49049 17.3311 107.782
      vertex 2.5 17.3461 78
      vertex 2.5 17.3461 108
    endloop
  endfacet
  facet normal 0.844564 -0.535454 0
    outer loop
      vertex 2.49049 17.3311 107.782
      vertex 2.49049 17.3311 78.2179
      vertex 2.5 17.3461 78
    endloop
  endfacet
  facet normal 0.843452 -0.537205 0
    outer loop
      vertex 2.46202 17.2864 107.566
      vertex 2.49049 17.3311 78.2179
      vertex 2.49049 17.3311 107.782
    endloop
  endfacet
  facet normal 0.843452 -0.537205 0
    outer loop
      vertex 2.46202 17.2864 107.566
      vertex 2.46202 17.2864 78.4341
      vertex 2.49049 17.3311 78.2179
    endloop
  endfacet
  facet normal 0.841409 -0.540398 0
    outer loop
      vertex 2.45746 17.2793 107.545
      vertex 2.46202 17.2864 78.4341
      vertex 2.46202 17.2864 107.566
    endloop
  endfacet
  facet normal 0.841409 -0.540398 0
    outer loop
      vertex 2.46202 17.2864 78.4341
      vertex 2.45746 17.2793 107.545
      vertex 2.45746 17.2793 78.4547
    endloop
  endfacet
  facet normal 0.843305 -0.537436 0
    outer loop
      vertex 2.5 17.3461 78
      vertex 2.59808 17.5 8.99719
      vertex 2.59808 17.5 112
    endloop
  endfacet
  facet normal 0.843305 -0.537436 0
    outer loop
      vertex 2.5 17.3461 78
      vertex 2.59808 17.5 112
      vertex 2.5 17.3461 108
    endloop
  endfacet
  facet normal 0.844113 -0.536166 -6.86748e-05
    outer loop
      vertex 2.59808 17.5 112
      vertex 2.49049 17.3311 108.218
      vertex 2.5 17.3461 108
    endloop
  endfacet
  facet normal 0.843445 -0.537215 -2.83149e-06
    outer loop
      vertex 2.59808 17.5 112
      vertex 2.46202 17.2864 108.434
      vertex 2.49049 17.3311 108.218
    endloop
  endfacet
  facet normal 0.843359 -0.53735 0
    outer loop
      vertex 2.45746 17.2793 108.455
      vertex 2.59808 17.5 112
      vertex 2.45746 17.2793 112
    endloop
  endfacet
  facet normal 0.841713 -0.539926 0.000225649
    outer loop
      vertex 2.59808 17.5 112
      vertex 2.45746 17.2793 108.455
      vertex 2.46202 17.2864 108.434
    endloop
  endfacet
  facet normal 0.843305 -0.537436 0
    outer loop
      vertex 2.5 17.3461 48
      vertex 2.59808 17.5 8.99719
      vertex 2.5 17.3461 78
    endloop
  endfacet
  facet normal 0.843305 -0.537436 0
    outer loop
      vertex 2.5 17.3461 18
      vertex 2.59808 17.5 8.99719
      vertex 2.5 17.3461 48
    endloop
  endfacet
  facet normal 0.844314 -0.535849 3.81195e-05
    outer loop
      vertex 2.49049 17.3311 17.7821
      vertex 2.59808 17.5 8.99719
      vertex 2.5 17.3461 18
    endloop
  endfacet
  facet normal 0.843449 -0.53721 1.35596e-06
    outer loop
      vertex 2.46202 17.2864 17.5659
      vertex 2.59808 17.5 8.99719
      vertex 2.49049 17.3311 17.7821
    endloop
  endfacet
  facet normal 0.841545 -0.540186 -0.000103068
    outer loop
      vertex 2.45746 17.2793 17.5453
      vertex 2.59808 17.5 8.99719
      vertex 2.46202 17.2864 17.5659
    endloop
  endfacet
  facet normal 0.843449 -0.53721 5.09544e-06
    outer loop
      vertex 2.59808 17.5 8.99719
      vertex 2.45746 17.2793 17.5453
      vertex 2.52993 17.393 8.91511
    endloop
  endfacet
  facet normal 0.843273 -0.537485 0
    outer loop
      vertex 2.52993 17.393 8.91511
      vertex 2.45746 17.2793 17.5453
      vertex 2.45746 17.2793 8.81087
    endloop
  endfacet
  facet normal 0.843447 -0.537212 -8.58817e-06
    outer loop
      vertex 2.45746 17.2793 0
      vertex 2.59808 17.5 5.00281
      vertex 2.52993 17.393 5.08489
    endloop
  endfacet
  facet normal 0.843273 -0.537485 0
    outer loop
      vertex 2.45746 17.2793 0
      vertex 2.52993 17.393 5.08489
      vertex 2.45746 17.2793 5.18913
    endloop
  endfacet
  facet normal 0.843359 -0.53735 0
    outer loop
      vertex 2.59808 17.5 5.00281
      vertex 2.45746 17.2793 0
      vertex 2.59808 17.5 0
    endloop
  endfacet
  facet normal 0.382838 0.923816 -0
    outer loop
      vertex 1.26785 21.7189 0
      vertex 1.02606 21.8191 112
      vertex 1.26785 21.7189 112
    endloop
  endfacet
  facet normal 0.382838 0.923816 0
    outer loop
      vertex 1.02606 21.8191 112
      vertex 1.26785 21.7189 0
      vertex 1.02606 21.8191 0
    endloop
  endfacet
  facet normal 0.216273 -0.976333 0
    outer loop
      vertex 0.776457 16.1022 0
      vertex 0.520944 16.0456 15.5572
      vertex 0.520944 16.0456 0
    endloop
  endfacet
  facet normal 0.216025 -0.976388 -4.27313e-06
    outer loop
      vertex 0.520944 16.0456 15.5572
      vertex 0.776457 16.1022 0
      vertex 0.647047 16.0735 15.5852
    endloop
  endfacet
  facet normal 0.216515 -0.976279 0
    outer loop
      vertex 0.647047 16.0735 15.5852
      vertex 0.776457 16.1022 0
      vertex 0.776457 16.1022 15.626
    endloop
  endfacet
  facet normal 0.216273 -0.976333 0
    outer loop
      vertex 0.520944 16.0456 110.443
      vertex 0.776457 16.1022 112
      vertex 0.520944 16.0456 112
    endloop
  endfacet
  facet normal 0.216032 -0.976386 4.13452e-05
    outer loop
      vertex 0.647047 16.0735 110.415
      vertex 0.776457 16.1022 112
      vertex 0.520944 16.0456 110.443
    endloop
  endfacet
  facet normal 0.216515 -0.976279 0
    outer loop
      vertex 0.776457 16.1022 112
      vertex 0.647047 16.0735 110.415
      vertex 0.776457 16.1022 110.374
    endloop
  endfacet
  facet normal 0.216024 -0.976388 0
    outer loop
      vertex 0.520944 16.0456 20.4428
      vertex 0.647047 16.0735 45.5852
      vertex 0.520944 16.0456 45.5572
    endloop
  endfacet
  facet normal 0.216024 -0.976388 0
    outer loop
      vertex 0.647047 16.0735 20.4148
      vertex 0.647047 16.0735 45.5852
      vertex 0.520944 16.0456 20.4428
    endloop
  endfacet
  facet normal 0.216515 -0.976279 0
    outer loop
      vertex 0.647047 16.0735 45.5852
      vertex 0.647047 16.0735 20.4148
      vertex 0.776457 16.1022 45.626
    endloop
  endfacet
  facet normal 0.216515 -0.976279 0
    outer loop
      vertex 0.776457 16.1022 45.626
      vertex 0.647047 16.0735 20.4148
      vertex 0.776457 16.1022 20.374
    endloop
  endfacet
  facet normal 0.216024 -0.976388 0
    outer loop
      vertex 0.520944 16.0456 50.4428
      vertex 0.647047 16.0735 75.5852
      vertex 0.520944 16.0456 75.5572
    endloop
  endfacet
  facet normal 0.216024 -0.976388 0
    outer loop
      vertex 0.647047 16.0735 50.4148
      vertex 0.647047 16.0735 75.5852
      vertex 0.520944 16.0456 50.4428
    endloop
  endfacet
  facet normal 0.216515 -0.976279 0
    outer loop
      vertex 0.647047 16.0735 75.5852
      vertex 0.647047 16.0735 50.4148
      vertex 0.776457 16.1022 75.626
    endloop
  endfacet
  facet normal 0.216515 -0.976279 0
    outer loop
      vertex 0.776457 16.1022 75.626
      vertex 0.647047 16.0735 50.4148
      vertex 0.776457 16.1022 50.374
    endloop
  endfacet
  facet normal 0.216024 -0.976388 0
    outer loop
      vertex 0.520944 16.0456 80.4428
      vertex 0.647047 16.0735 105.585
      vertex 0.520944 16.0456 105.557
    endloop
  endfacet
  facet normal 0.216024 -0.976388 0
    outer loop
      vertex 0.647047 16.0735 80.4148
      vertex 0.647047 16.0735 105.585
      vertex 0.520944 16.0456 80.4428
    endloop
  endfacet
  facet normal 0.216515 -0.976279 0
    outer loop
      vertex 0.647047 16.0735 105.585
      vertex 0.647047 16.0735 80.4148
      vertex 0.776457 16.1022 105.626
    endloop
  endfacet
  facet normal 0.216515 -0.976279 0
    outer loop
      vertex 0.776457 16.1022 105.626
      vertex 0.647047 16.0735 80.4148
      vertex 0.776457 16.1022 80.374
    endloop
  endfacet
  facet normal -0.608954 -0.793206 0
    outer loop
      vertex -1.72073 16.5425 0
      vertex -1.92836 16.7019 6.02159
      vertex -1.92836 16.7019 0
    endloop
  endfacet
  facet normal -0.608799 -0.793324 8.46714e-06
    outer loop
      vertex -1.92836 16.7019 6.02159
      vertex -1.72073 16.5425 0
      vertex -1.86177 16.6508 6.14495
    endloop
  endfacet
  facet normal -0.608867 -0.793272 5.97516e-06
    outer loop
      vertex -1.86177 16.6508 6.14495
      vertex -1.72073 16.5425 0
      vertex -1.7763 16.5852 6.35295
    endloop
  endfacet
  facet normal -0.609297 -0.792942 0
    outer loop
      vertex -1.7763 16.5852 6.35295
      vertex -1.72073 16.5425 0
      vertex -1.72073 16.5425 6.5453
    endloop
  endfacet
  facet normal -0.608954 -0.793206 0
    outer loop
      vertex -1.92836 16.7019 112
      vertex -1.72073 16.5425 109.811
      vertex -1.72073 16.5425 112
    endloop
  endfacet
  facet normal -0.608825 -0.793305 1.93756e-05
    outer loop
      vertex -1.92836 16.7019 112
      vertex -1.76777 16.5786 109.768
      vertex -1.72073 16.5425 109.811
    endloop
  endfacet
  facet normal -0.60891 -0.793239 9.60023e-06
    outer loop
      vertex -1.92836 16.7019 112
      vertex -1.91511 16.6917 109.607
      vertex -1.76777 16.5786 109.768
    endloop
  endfacet
  facet normal -0.61 -0.792402 0
    outer loop
      vertex -1.91511 16.6917 109.607
      vertex -1.92836 16.7019 112
      vertex -1.92836 16.7019 109.59
    endloop
  endfacet
  facet normal -0.61 -0.792402 0
    outer loop
      vertex -1.92836 16.7019 7.97841
      vertex -1.91511 16.6917 16.393
      vertex -1.92836 16.7019 16.4103
    endloop
  endfacet
  facet normal -0.608906 -0.793243 -2.742e-06
    outer loop
      vertex -1.92836 16.7019 7.97841
      vertex -1.76777 16.5786 16.2322
      vertex -1.91511 16.6917 16.393
    endloop
  endfacet
  facet normal -0.608817 -0.793311 -5.48641e-06
    outer loop
      vertex -1.92836 16.7019 7.97841
      vertex -1.72073 16.5425 16.1891
      vertex -1.76777 16.5786 16.2322
    endloop
  endfacet
  facet normal -0.608797 -0.793326 -6.31071e-06
    outer loop
      vertex -1.86177 16.6508 7.85505
      vertex -1.72073 16.5425 16.1891
      vertex -1.92836 16.7019 7.97841
    endloop
  endfacet
  facet normal -0.608865 -0.793274 -4.46776e-06
    outer loop
      vertex -1.7763 16.5852 7.64705
      vertex -1.72073 16.5425 16.1891
      vertex -1.86177 16.6508 7.85505
    endloop
  endfacet
  facet normal -0.609297 -0.792942 -0
    outer loop
      vertex -1.72073 16.5425 16.1891
      vertex -1.7763 16.5852 7.64705
      vertex -1.72073 16.5425 7.4547
    endloop
  endfacet
  facet normal -0.608814 -0.793313 0
    outer loop
      vertex -1.76777 16.5786 46.2322
      vertex -1.72073 16.5425 19.8109
      vertex -1.72073 16.5425 46.1891
    endloop
  endfacet
  facet normal -0.608904 -0.793244 0
    outer loop
      vertex -1.76777 16.5786 19.7678
      vertex -1.76777 16.5786 46.2322
      vertex -1.91511 16.6917 46.393
    endloop
  endfacet
  facet normal -0.61 -0.792402 0
    outer loop
      vertex -1.91511 16.6917 19.607
      vertex -1.91511 16.6917 46.393
      vertex -1.92836 16.7019 46.4103
    endloop
  endfacet
  facet normal -0.608814 -0.793313 -0
    outer loop
      vertex -1.76777 16.5786 46.2322
      vertex -1.76777 16.5786 19.7678
      vertex -1.72073 16.5425 19.8109
    endloop
  endfacet
  facet normal -0.608904 -0.793244 -0
    outer loop
      vertex -1.91511 16.6917 46.393
      vertex -1.91511 16.6917 19.607
      vertex -1.76777 16.5786 19.7678
    endloop
  endfacet
  facet normal -0.61 -0.792402 0
    outer loop
      vertex -1.91511 16.6917 19.607
      vertex -1.92836 16.7019 46.4103
      vertex -1.92836 16.7019 19.5897
    endloop
  endfacet
  facet normal -0.608814 -0.793313 0
    outer loop
      vertex -1.76777 16.5786 106.232
      vertex -1.72073 16.5425 79.8109
      vertex -1.72073 16.5425 106.189
    endloop
  endfacet
  facet normal -0.608904 -0.793244 0
    outer loop
      vertex -1.76777 16.5786 79.7678
      vertex -1.76777 16.5786 106.232
      vertex -1.91511 16.6917 106.393
    endloop
  endfacet
  facet normal -0.61 -0.792402 0
    outer loop
      vertex -1.91511 16.6917 79.607
      vertex -1.91511 16.6917 106.393
      vertex -1.92836 16.7019 106.41
    endloop
  endfacet
  facet normal -0.608814 -0.793313 -0
    outer loop
      vertex -1.76777 16.5786 106.232
      vertex -1.76777 16.5786 79.7678
      vertex -1.72073 16.5425 79.8109
    endloop
  endfacet
  facet normal -0.608904 -0.793244 -0
    outer loop
      vertex -1.91511 16.6917 106.393
      vertex -1.91511 16.6917 79.607
      vertex -1.76777 16.5786 79.7678
    endloop
  endfacet
  facet normal -0.61 -0.792402 0
    outer loop
      vertex -1.91511 16.6917 79.607
      vertex -1.92836 16.7019 106.41
      vertex -1.92836 16.7019 79.5897
    endloop
  endfacet
  facet normal -0.608814 -0.793313 0
    outer loop
      vertex -1.76777 16.5786 76.2322
      vertex -1.72073 16.5425 49.8109
      vertex -1.72073 16.5425 76.1891
    endloop
  endfacet
  facet normal -0.608904 -0.793244 0
    outer loop
      vertex -1.76777 16.5786 49.7678
      vertex -1.76777 16.5786 76.2322
      vertex -1.91511 16.6917 76.393
    endloop
  endfacet
  facet normal -0.61 -0.792402 0
    outer loop
      vertex -1.91511 16.6917 49.607
      vertex -1.91511 16.6917 76.393
      vertex -1.92836 16.7019 76.4103
    endloop
  endfacet
  facet normal -0.608814 -0.793313 -0
    outer loop
      vertex -1.76777 16.5786 76.2322
      vertex -1.76777 16.5786 49.7678
      vertex -1.72073 16.5425 49.8109
    endloop
  endfacet
  facet normal -0.608904 -0.793244 -0
    outer loop
      vertex -1.91511 16.6917 76.393
      vertex -1.91511 16.6917 49.607
      vertex -1.76777 16.5786 49.7678
    endloop
  endfacet
  facet normal -0.61 -0.792402 0
    outer loop
      vertex -1.91511 16.6917 49.607
      vertex -1.92836 16.7019 76.4103
      vertex -1.92836 16.7019 49.5897
    endloop
  endfacet
  facet normal -0.953726 -0.300678 8.64812e-08
    outer loop
      vertex -2.81908 17.9739 112
      vertex -2.89778 18.2235 9.37401
      vertex -2.873 18.1449 9.34923
    endloop
  endfacet
  facet normal -0.953711 -0.300726 -0
    outer loop
      vertex -2.81908 17.9739 112
      vertex -2.873 18.1449 9.34923
      vertex -2.81908 17.9739 9.2784
    endloop
  endfacet
  facet normal -0.953715 -0.300711 0
    outer loop
      vertex -2.89778 18.2235 9.37401
      vertex -2.81908 17.9739 112
      vertex -2.89778 18.2235 112
    endloop
  endfacet
  facet normal -0.953715 -0.300711 0
    outer loop
      vertex -2.81908 17.9739 0
      vertex -2.89778 18.2235 4.62599
      vertex -2.89778 18.2235 0
    endloop
  endfacet
  facet normal -0.953725 -0.300679 -1.88791e-06
    outer loop
      vertex -2.89778 18.2235 4.62599
      vertex -2.81908 17.9739 0
      vertex -2.873 18.1449 4.65077
    endloop
  endfacet
  facet normal -0.953711 -0.300726 0
    outer loop
      vertex -2.873 18.1449 4.65077
      vertex -2.81908 17.9739 0
      vertex -2.81908 17.9739 4.7216
    endloop
  endfacet
  facet normal -0.300608 -0.953748 0
    outer loop
      vertex -1.02606 16.1809 0
      vertex -0.85505 16.127 15.6508
      vertex -1.02606 16.1809 15.7216
    endloop
  endfacet
  facet normal -0.300922 -0.953649 3.77454e-06
    outer loop
      vertex -1.02606 16.1809 0
      vertex -0.776457 16.1022 15.626
      vertex -0.85505 16.127 15.6508
    endloop
  endfacet
  facet normal -0.300707 -0.953716 -0
    outer loop
      vertex -0.776457 16.1022 15.626
      vertex -1.02606 16.1809 0
      vertex -0.776457 16.1022 0
    endloop
  endfacet
  facet normal -0.300707 -0.953716 0
    outer loop
      vertex -1.02606 16.1809 112
      vertex -0.776457 16.1022 110.374
      vertex -0.776457 16.1022 112
    endloop
  endfacet
  facet normal -0.300913 -0.953651 -3.47593e-05
    outer loop
      vertex -1.02606 16.1809 112
      vertex -0.85505 16.127 110.349
      vertex -0.776457 16.1022 110.374
    endloop
  endfacet
  facet normal -0.300608 -0.953748 0
    outer loop
      vertex -0.85505 16.127 110.349
      vertex -1.02606 16.1809 112
      vertex -1.02606 16.1809 110.278
    endloop
  endfacet
  facet normal -0.300923 -0.953648 0
    outer loop
      vertex -0.85505 16.127 45.6508
      vertex -0.776457 16.1022 20.374
      vertex -0.776457 16.1022 45.626
    endloop
  endfacet
  facet normal -0.300608 -0.953748 0
    outer loop
      vertex -0.85505 16.127 20.3492
      vertex -0.85505 16.127 45.6508
      vertex -1.02606 16.1809 45.7216
    endloop
  endfacet
  facet normal -0.300923 -0.953648 -0
    outer loop
      vertex -0.85505 16.127 45.6508
      vertex -0.85505 16.127 20.3492
      vertex -0.776457 16.1022 20.374
    endloop
  endfacet
  facet normal -0.300608 -0.953748 0
    outer loop
      vertex -0.85505 16.127 20.3492
      vertex -1.02606 16.1809 45.7216
      vertex -1.02606 16.1809 20.2784
    endloop
  endfacet
  facet normal -0.300923 -0.953648 0
    outer loop
      vertex -0.85505 16.127 75.6508
      vertex -0.776457 16.1022 50.374
      vertex -0.776457 16.1022 75.626
    endloop
  endfacet
  facet normal -0.300608 -0.953748 0
    outer loop
      vertex -0.85505 16.127 50.3492
      vertex -0.85505 16.127 75.6508
      vertex -1.02606 16.1809 75.7216
    endloop
  endfacet
  facet normal -0.300923 -0.953648 -0
    outer loop
      vertex -0.85505 16.127 75.6508
      vertex -0.85505 16.127 50.3492
      vertex -0.776457 16.1022 50.374
    endloop
  endfacet
  facet normal -0.300608 -0.953748 0
    outer loop
      vertex -0.85505 16.127 50.3492
      vertex -1.02606 16.1809 75.7216
      vertex -1.02606 16.1809 50.2784
    endloop
  endfacet
  facet normal -0.300923 -0.953648 0
    outer loop
      vertex -0.85505 16.127 105.651
      vertex -0.776457 16.1022 80.374
      vertex -0.776457 16.1022 105.626
    endloop
  endfacet
  facet normal -0.300608 -0.953748 0
    outer loop
      vertex -0.85505 16.127 80.3492
      vertex -0.85505 16.127 105.651
      vertex -1.02606 16.1809 105.722
    endloop
  endfacet
  facet normal -0.300923 -0.953648 -0
    outer loop
      vertex -0.85505 16.127 105.651
      vertex -0.85505 16.127 80.3492
      vertex -0.776457 16.1022 80.374
    endloop
  endfacet
  facet normal -0.300608 -0.953748 0
    outer loop
      vertex -0.85505 16.127 80.3492
      vertex -1.02606 16.1809 105.722
      vertex -1.02606 16.1809 80.2784
    endloop
  endfacet
  facet normal 0.737071 0.675816 0
    outer loop
      vertex 2.12132 21.1213 112
      vertex 2.18862 21.0479 8.43394
      vertex 2.12132 21.1213 8.31866
    endloop
  endfacet
  facet normal 0.737183 0.675693 -0
    outer loop
      vertex 2.29813 20.9284 8.5897
      vertex 2.12132 21.1213 112
      vertex 2.29813 20.9284 112
    endloop
  endfacet
  facet normal 0.737251 0.675619 2.56868e-07
    outer loop
      vertex 2.12132 21.1213 112
      vertex 2.29813 20.9284 8.5897
      vertex 2.18862 21.0479 8.43394
    endloop
  endfacet
  facet normal 0.737071 0.675816 0
    outer loop
      vertex 2.18862 21.0479 5.56606
      vertex 2.12132 21.1213 0
      vertex 2.12132 21.1213 5.68134
    endloop
  endfacet
  facet normal 0.737248 0.675622 -4.70303e-06
    outer loop
      vertex 2.29813 20.9284 5.4103
      vertex 2.12132 21.1213 0
      vertex 2.18862 21.0479 5.56606
    endloop
  endfacet
  facet normal 0.737183 0.675693 0
    outer loop
      vertex 2.12132 21.1213 0
      vertex 2.29813 20.9284 5.4103
      vertex 2.29813 20.9284 0
    endloop
  endfacet
  facet normal -0.737071 0.675816 0
    outer loop
      vertex -2.12132 21.1213 0
      vertex -2.18862 21.0479 5.56606
      vertex -2.12132 21.1213 5.68134
    endloop
  endfacet
  facet normal -0.737183 0.675693 0
    outer loop
      vertex -2.29813 20.9284 5.4103
      vertex -2.12132 21.1213 0
      vertex -2.29813 20.9284 0
    endloop
  endfacet
  facet normal -0.737248 0.675622 -4.70303e-06
    outer loop
      vertex -2.12132 21.1213 0
      vertex -2.29813 20.9284 5.4103
      vertex -2.18862 21.0479 5.56606
    endloop
  endfacet
  facet normal -0.737071 0.675816 0
    outer loop
      vertex -2.18862 21.0479 8.43394
      vertex -2.12132 21.1213 112
      vertex -2.12132 21.1213 8.31866
    endloop
  endfacet
  facet normal -0.737251 0.675619 2.56868e-07
    outer loop
      vertex -2.29813 20.9284 8.5897
      vertex -2.12132 21.1213 112
      vertex -2.18862 21.0479 8.43394
    endloop
  endfacet
  facet normal -0.737183 0.675693 0
    outer loop
      vertex -2.12132 21.1213 112
      vertex -2.29813 20.9284 8.5897
      vertex -2.29813 20.9284 112
    endloop
  endfacet
  facet normal -0.953761 0.300566 0
    outer loop
      vertex -2.873 19.855 9.34923
      vertex -2.81908 20.0261 112
      vertex -2.81908 20.0261 9.2784
    endloop
  endfacet
  facet normal -0.953616 0.301026 -8.44286e-07
    outer loop
      vertex -2.89778 19.7765 9.37401
      vertex -2.81908 20.0261 112
      vertex -2.873 19.855 9.34923
    endloop
  endfacet
  facet normal -0.953715 0.300711 0
    outer loop
      vertex -2.81908 20.0261 112
      vertex -2.89778 19.7765 9.37401
      vertex -2.89778 19.7765 112
    endloop
  endfacet
  facet normal -0.953761 0.300566 0
    outer loop
      vertex -2.81908 20.0261 0
      vertex -2.873 19.855 4.65077
      vertex -2.81908 20.0261 4.7216
    endloop
  endfacet
  facet normal -0.953715 0.300711 0
    outer loop
      vertex -2.89778 19.7765 4.62599
      vertex -2.81908 20.0261 0
      vertex -2.89778 19.7765 0
    endloop
  endfacet
  facet normal -0.953617 0.301021 1.84307e-05
    outer loop
      vertex -2.81908 20.0261 0
      vertex -2.89778 19.7765 4.62599
      vertex -2.873 19.855 4.65077
    endloop
  endfacet
  facet normal 0.608954 0.793206 -0
    outer loop
      vertex 1.92836 21.2981 7.97841
      vertex 1.72073 21.4575 112
      vertex 1.92836 21.2981 112
    endloop
  endfacet
  facet normal 0.60879 0.793332 -5.19538e-07
    outer loop
      vertex 1.86177 21.3492 7.85505
      vertex 1.72073 21.4575 112
      vertex 1.92836 21.2981 7.97841
    endloop
  endfacet
  facet normal 0.608859 0.793279 -3.7103e-07
    outer loop
      vertex 1.7763 21.4148 7.64705
      vertex 1.72073 21.4575 112
      vertex 1.86177 21.3492 7.85505
    endloop
  endfacet
  facet normal 0.609297 0.792942 0
    outer loop
      vertex 1.72073 21.4575 112
      vertex 1.7763 21.4148 7.64705
      vertex 1.72073 21.4575 7.4547
    endloop
  endfacet
  facet normal 0.608954 0.793206 0
    outer loop
      vertex 1.72073 21.4575 0
      vertex 1.92836 21.2981 6.02159
      vertex 1.92836 21.2981 0
    endloop
  endfacet
  facet normal 0.608799 0.793324 8.46714e-06
    outer loop
      vertex 1.92836 21.2981 6.02159
      vertex 1.72073 21.4575 0
      vertex 1.86177 21.3492 6.14495
    endloop
  endfacet
  facet normal 0.608867 0.793272 5.97516e-06
    outer loop
      vertex 1.86177 21.3492 6.14495
      vertex 1.72073 21.4575 0
      vertex 1.7763 21.4148 6.35295
    endloop
  endfacet
  facet normal 0.609297 0.792942 0
    outer loop
      vertex 1.7763 21.4148 6.35295
      vertex 1.72073 21.4575 0
      vertex 1.72073 21.4575 6.5453
    endloop
  endfacet
  facet normal -0.843359 -0.53735 0
    outer loop
      vertex -2.45746 17.2793 0
      vertex -2.59808 17.5 5.00281
      vertex -2.59808 17.5 0
    endloop
  endfacet
  facet normal -0.843447 -0.537212 -8.58817e-06
    outer loop
      vertex -2.59808 17.5 5.00281
      vertex -2.45746 17.2793 0
      vertex -2.52993 17.393 5.08489
    endloop
  endfacet
  facet normal -0.843273 -0.537485 0
    outer loop
      vertex -2.52993 17.393 5.08489
      vertex -2.45746 17.2793 0
      vertex -2.45746 17.2793 5.18913
    endloop
  endfacet
  facet normal -0.844564 -0.535454 0
    outer loop
      vertex -2.49049 17.3311 78.2179
      vertex -2.5 17.3461 108
      vertex -2.5 17.3461 78
    endloop
  endfacet
  facet normal -0.844564 -0.535454 0
    outer loop
      vertex -2.49049 17.3311 78.2179
      vertex -2.49049 17.3311 107.782
      vertex -2.5 17.3461 108
    endloop
  endfacet
  facet normal -0.843452 -0.537205 0
    outer loop
      vertex -2.46202 17.2864 78.4341
      vertex -2.49049 17.3311 107.782
      vertex -2.49049 17.3311 78.2179
    endloop
  endfacet
  facet normal -0.843452 -0.537205 0
    outer loop
      vertex -2.46202 17.2864 78.4341
      vertex -2.46202 17.2864 107.566
      vertex -2.49049 17.3311 107.782
    endloop
  endfacet
  facet normal -0.841409 -0.540398 0
    outer loop
      vertex -2.45746 17.2793 78.4547
      vertex -2.46202 17.2864 107.566
      vertex -2.46202 17.2864 78.4341
    endloop
  endfacet
  facet normal -0.841409 -0.540398 0
    outer loop
      vertex -2.46202 17.2864 107.566
      vertex -2.45746 17.2793 78.4547
      vertex -2.45746 17.2793 107.545
    endloop
  endfacet
  facet normal -0.844564 -0.535454 0
    outer loop
      vertex -2.49049 17.3311 48.2179
      vertex -2.5 17.3461 78
      vertex -2.5 17.3461 48
    endloop
  endfacet
  facet normal -0.844564 -0.535454 0
    outer loop
      vertex -2.49049 17.3311 48.2179
      vertex -2.49049 17.3311 77.7821
      vertex -2.5 17.3461 78
    endloop
  endfacet
  facet normal -0.843452 -0.537205 0
    outer loop
      vertex -2.46202 17.2864 48.4341
      vertex -2.49049 17.3311 77.7821
      vertex -2.49049 17.3311 48.2179
    endloop
  endfacet
  facet normal -0.843452 -0.537205 0
    outer loop
      vertex -2.46202 17.2864 48.4341
      vertex -2.46202 17.2864 77.5659
      vertex -2.49049 17.3311 77.7821
    endloop
  endfacet
  facet normal -0.841409 -0.540398 0
    outer loop
      vertex -2.45746 17.2793 48.4547
      vertex -2.46202 17.2864 77.5659
      vertex -2.46202 17.2864 48.4341
    endloop
  endfacet
  facet normal -0.841409 -0.540398 0
    outer loop
      vertex -2.46202 17.2864 77.5659
      vertex -2.45746 17.2793 48.4547
      vertex -2.45746 17.2793 77.5453
    endloop
  endfacet
  facet normal -0.844564 -0.535454 0
    outer loop
      vertex -2.49049 17.3311 18.2179
      vertex -2.5 17.3461 48
      vertex -2.5 17.3461 18
    endloop
  endfacet
  facet normal -0.844564 -0.535454 0
    outer loop
      vertex -2.49049 17.3311 18.2179
      vertex -2.49049 17.3311 47.7821
      vertex -2.5 17.3461 48
    endloop
  endfacet
  facet normal -0.843452 -0.537205 0
    outer loop
      vertex -2.46202 17.2864 18.4341
      vertex -2.49049 17.3311 47.7821
      vertex -2.49049 17.3311 18.2179
    endloop
  endfacet
  facet normal -0.843452 -0.537205 0
    outer loop
      vertex -2.46202 17.2864 18.4341
      vertex -2.46202 17.2864 47.5659
      vertex -2.49049 17.3311 47.7821
    endloop
  endfacet
  facet normal -0.841409 -0.540398 0
    outer loop
      vertex -2.45746 17.2793 18.4547
      vertex -2.46202 17.2864 47.5659
      vertex -2.46202 17.2864 18.4341
    endloop
  endfacet
  facet normal -0.841409 -0.540398 0
    outer loop
      vertex -2.46202 17.2864 47.5659
      vertex -2.45746 17.2793 18.4547
      vertex -2.45746 17.2793 47.5453
    endloop
  endfacet
  facet normal -0.844314 -0.535849 3.81195e-05
    outer loop
      vertex -2.59808 17.5 8.99719
      vertex -2.49049 17.3311 17.7821
      vertex -2.5 17.3461 18
    endloop
  endfacet
  facet normal -0.843449 -0.53721 1.35596e-06
    outer loop
      vertex -2.59808 17.5 8.99719
      vertex -2.46202 17.2864 17.5659
      vertex -2.49049 17.3311 17.7821
    endloop
  endfacet
  facet normal -0.843273 -0.537485 -0
    outer loop
      vertex -2.45746 17.2793 17.5453
      vertex -2.52993 17.393 8.91511
      vertex -2.45746 17.2793 8.81087
    endloop
  endfacet
  facet normal -0.841545 -0.540186 -0.000103068
    outer loop
      vertex -2.59808 17.5 8.99719
      vertex -2.45746 17.2793 17.5453
      vertex -2.46202 17.2864 17.5659
    endloop
  endfacet
  facet normal -0.843449 -0.53721 5.09544e-06
    outer loop
      vertex -2.45746 17.2793 17.5453
      vertex -2.59808 17.5 8.99719
      vertex -2.52993 17.393 8.91511
    endloop
  endfacet
  facet normal -0.843305 -0.537436 -0
    outer loop
      vertex -2.5 17.3461 48
      vertex -2.59808 17.5 8.99719
      vertex -2.5 17.3461 18
    endloop
  endfacet
  facet normal -0.843305 -0.537436 0
    outer loop
      vertex -2.59808 17.5 8.99719
      vertex -2.5 17.3461 48
      vertex -2.59808 17.5 112
    endloop
  endfacet
  facet normal -0.843305 -0.537436 -0
    outer loop
      vertex -2.5 17.3461 78
      vertex -2.59808 17.5 112
      vertex -2.5 17.3461 48
    endloop
  endfacet
  facet normal -0.843305 -0.537436 -0
    outer loop
      vertex -2.5 17.3461 108
      vertex -2.59808 17.5 112
      vertex -2.5 17.3461 78
    endloop
  endfacet
  facet normal -0.844113 -0.536166 -6.86748e-05
    outer loop
      vertex -2.49049 17.3311 108.218
      vertex -2.59808 17.5 112
      vertex -2.5 17.3461 108
    endloop
  endfacet
  facet normal -0.843445 -0.537215 -2.83149e-06
    outer loop
      vertex -2.46202 17.2864 108.434
      vertex -2.59808 17.5 112
      vertex -2.49049 17.3311 108.218
    endloop
  endfacet
  facet normal -0.841713 -0.539926 0.000225649
    outer loop
      vertex -2.45746 17.2793 108.455
      vertex -2.59808 17.5 112
      vertex -2.46202 17.2864 108.434
    endloop
  endfacet
  facet normal -0.843359 -0.53735 0
    outer loop
      vertex -2.59808 17.5 112
      vertex -2.45746 17.2793 108.455
      vertex -2.45746 17.2793 112
    endloop
  endfacet
  facet normal 0 0 1
    outer loop
      vertex 2.98858 19.2615 112
      vertex 2.98858 18.7385 112
      vertex 3 19 112
    endloop
  endfacet
  facet normal 0 0 1
    outer loop
      vertex 2.95442 19.5209 112
      vertex 2.98858 18.7385 112
      vertex 2.98858 19.2615 112
    endloop
  endfacet
  facet normal 0 0 1
    outer loop
      vertex 2.95442 19.5209 112
      vertex 2.95442 18.4791 112
      vertex 2.98858 18.7385 112
    endloop
  endfacet
  facet normal 0 0 1
    outer loop
      vertex 2.89778 19.7765 112
      vertex 2.95442 18.4791 112
      vertex 2.95442 19.5209 112
    endloop
  endfacet
  facet normal 0 0 1
    outer loop
      vertex 2.89778 19.7765 112
      vertex 2.89778 18.2235 112
      vertex 2.95442 18.4791 112
    endloop
  endfacet
  facet normal 0 0 1
    outer loop
      vertex 2.81908 20.0261 112
      vertex 2.89778 18.2235 112
      vertex 2.89778 19.7765 112
    endloop
  endfacet
  facet normal 0 0 1
    outer loop
      vertex 2.81908 20.0261 112
      vertex 2.81908 17.9739 112
      vertex 2.89778 18.2235 112
    endloop
  endfacet
  facet normal 0 0 1
    outer loop
      vertex 2.71892 20.2679 112
      vertex 2.81908 17.9739 112
      vertex 2.81908 20.0261 112
    endloop
  endfacet
  facet normal 0 0 1
    outer loop
      vertex 2.71892 20.2679 112
      vertex 2.71892 17.7321 112
      vertex 2.81908 17.9739 112
    endloop
  endfacet
  facet normal 0 0 1
    outer loop
      vertex 2.59808 20.5 112
      vertex 2.71892 17.7321 112
      vertex 2.71892 20.2679 112
    endloop
  endfacet
  facet normal 0 0 1
    outer loop
      vertex 2.59808 20.5 112
      vertex 2.59808 17.5 112
      vertex 2.71892 17.7321 112
    endloop
  endfacet
  facet normal 0 0 1
    outer loop
      vertex 2.45746 20.7207 112
      vertex 2.59808 17.5 112
      vertex 2.59808 20.5 112
    endloop
  endfacet
  facet normal 0 0 1
    outer loop
      vertex 2.45746 20.7207 112
      vertex 2.45746 17.2793 112
      vertex 2.59808 17.5 112
    endloop
  endfacet
  facet normal 0 0 1
    outer loop
      vertex 2.29813 20.9284 112
      vertex 2.45746 17.2793 112
      vertex 2.45746 20.7207 112
    endloop
  endfacet
  facet normal 0 0 1
    outer loop
      vertex 2.29813 20.9284 112
      vertex 2.29813 17.0716 112
      vertex 2.45746 17.2793 112
    endloop
  endfacet
  facet normal 0 0 1
    outer loop
      vertex 2.12132 21.1213 112
      vertex 2.29813 17.0716 112
      vertex 2.29813 20.9284 112
    endloop
  endfacet
  facet normal 0 0 1
    outer loop
      vertex 2.12132 21.1213 112
      vertex 2.12132 16.8787 112
      vertex 2.29813 17.0716 112
    endloop
  endfacet
  facet normal 0 0 1
    outer loop
      vertex 1.92836 21.2981 112
      vertex 2.12132 16.8787 112
      vertex 2.12132 21.1213 112
    endloop
  endfacet
  facet normal 0 0 1
    outer loop
      vertex 1.92836 21.2981 112
      vertex 1.92836 16.7019 112
      vertex 2.12132 16.8787 112
    endloop
  endfacet
  facet normal 0 0 1
    outer loop
      vertex 1.72073 21.4575 112
      vertex 1.92836 16.7019 112
      vertex 1.92836 21.2981 112
    endloop
  endfacet
  facet normal 0 0 1
    outer loop
      vertex 1.72073 21.4575 112
      vertex 1.72073 16.5425 112
      vertex 1.92836 16.7019 112
    endloop
  endfacet
  facet normal 0 0 1
    outer loop
      vertex 1.5 21.5981 112
      vertex 1.72073 16.5425 112
      vertex 1.72073 21.4575 112
    endloop
  endfacet
  facet normal 0 0 1
    outer loop
      vertex 1.5 21.5981 112
      vertex 1.5 16.4019 112
      vertex 1.72073 16.5425 112
    endloop
  endfacet
  facet normal 0 0 1
    outer loop
      vertex 1.26785 21.7189 112
      vertex 1.5 16.4019 112
      vertex 1.5 21.5981 112
    endloop
  endfacet
  facet normal 0 0 1
    outer loop
      vertex 1.26785 21.7189 112
      vertex 1.26785 16.2811 112
      vertex 1.5 16.4019 112
    endloop
  endfacet
  facet normal 0 0 1
    outer loop
      vertex 1.02606 21.8191 112
      vertex 1.26785 16.2811 112
      vertex 1.26785 21.7189 112
    endloop
  endfacet
  facet normal 0 0 1
    outer loop
      vertex 1.02606 21.8191 112
      vertex 1.02606 16.1809 112
      vertex 1.26785 16.2811 112
    endloop
  endfacet
  facet normal 0 0 1
    outer loop
      vertex 0.776457 21.8978 112
      vertex 1.02606 16.1809 112
      vertex 1.02606 21.8191 112
    endloop
  endfacet
  facet normal 0 0 1
    outer loop
      vertex 0.776457 21.8978 112
      vertex 0.776457 16.1022 112
      vertex 1.02606 16.1809 112
    endloop
  endfacet
  facet normal 0 0 1
    outer loop
      vertex 0.520944 21.9544 112
      vertex 0.776457 16.1022 112
      vertex 0.776457 21.8978 112
    endloop
  endfacet
  facet normal 0 0 1
    outer loop
      vertex 0.520944 21.9544 112
      vertex 0.520944 16.0456 112
      vertex 0.776457 16.1022 112
    endloop
  endfacet
  facet normal 0 0 1
    outer loop
      vertex 0.261467 21.9886 112
      vertex 0.520944 16.0456 112
      vertex 0.520944 21.9544 112
    endloop
  endfacet
  facet normal 0 0 1
    outer loop
      vertex 0.261467 21.9886 112
      vertex 0.261467 16.0114 112
      vertex 0.520944 16.0456 112
    endloop
  endfacet
  facet normal 0 0 1
    outer loop
      vertex 0 22 112
      vertex 0.261467 16.0114 112
      vertex 0.261467 21.9886 112
    endloop
  endfacet
  facet normal 0 0 1
    outer loop
      vertex 0 22 112
      vertex 0 16 112
      vertex 0.261467 16.0114 112
    endloop
  endfacet
  facet normal -0 0 1
    outer loop
      vertex -0.261467 21.9886 112
      vertex 0 16 112
      vertex 0 22 112
    endloop
  endfacet
  facet normal 0 0 1
    outer loop
      vertex -0.261467 21.9886 112
      vertex -0.261467 16.0114 112
      vertex 0 16 112
    endloop
  endfacet
  facet normal -0 0 1
    outer loop
      vertex -0.520944 21.9544 112
      vertex -0.261467 16.0114 112
      vertex -0.261467 21.9886 112
    endloop
  endfacet
  facet normal 0 0 1
    outer loop
      vertex -0.520944 21.9544 112
      vertex -0.520944 16.0456 112
      vertex -0.261467 16.0114 112
    endloop
  endfacet
  facet normal -0 0 1
    outer loop
      vertex -0.776457 21.8978 112
      vertex -0.520944 16.0456 112
      vertex -0.520944 21.9544 112
    endloop
  endfacet
  facet normal 0 0 1
    outer loop
      vertex -0.776457 21.8978 112
      vertex -0.776457 16.1022 112
      vertex -0.520944 16.0456 112
    endloop
  endfacet
  facet normal -0 0 1
    outer loop
      vertex -1.02606 21.8191 112
      vertex -0.776457 16.1022 112
      vertex -0.776457 21.8978 112
    endloop
  endfacet
  facet normal 0 0 1
    outer loop
      vertex -1.02606 21.8191 112
      vertex -1.02606 16.1809 112
      vertex -0.776457 16.1022 112
    endloop
  endfacet
  facet normal -0 0 1
    outer loop
      vertex -1.26785 21.7189 112
      vertex -1.02606 16.1809 112
      vertex -1.02606 21.8191 112
    endloop
  endfacet
  facet normal 0 0 1
    outer loop
      vertex -1.26785 21.7189 112
      vertex -1.26785 16.2811 112
      vertex -1.02606 16.1809 112
    endloop
  endfacet
  facet normal -0 0 1
    outer loop
      vertex -1.5 21.5981 112
      vertex -1.26785 16.2811 112
      vertex -1.26785 21.7189 112
    endloop
  endfacet
  facet normal 0 0 1
    outer loop
      vertex -1.5 21.5981 112
      vertex -1.5 16.4019 112
      vertex -1.26785 16.2811 112
    endloop
  endfacet
  facet normal -0 0 1
    outer loop
      vertex -1.72073 21.4575 112
      vertex -1.5 16.4019 112
      vertex -1.5 21.5981 112
    endloop
  endfacet
  facet normal 0 0 1
    outer loop
      vertex -1.72073 21.4575 112
      vertex -1.72073 16.5425 112
      vertex -1.5 16.4019 112
    endloop
  endfacet
  facet normal -0 0 1
    outer loop
      vertex -1.92836 21.2981 112
      vertex -1.72073 16.5425 112
      vertex -1.72073 21.4575 112
    endloop
  endfacet
  facet normal 0 0 1
    outer loop
      vertex -1.92836 21.2981 112
      vertex -1.92836 16.7019 112
      vertex -1.72073 16.5425 112
    endloop
  endfacet
  facet normal -0 0 1
    outer loop
      vertex -2.12132 21.1213 112
      vertex -1.92836 16.7019 112
      vertex -1.92836 21.2981 112
    endloop
  endfacet
  facet normal 0 0 1
    outer loop
      vertex -2.12132 21.1213 112
      vertex -2.12132 16.8787 112
      vertex -1.92836 16.7019 112
    endloop
  endfacet
  facet normal -0 0 1
    outer loop
      vertex -2.29813 20.9284 112
      vertex -2.12132 16.8787 112
      vertex -2.12132 21.1213 112
    endloop
  endfacet
  facet normal 0 0 1
    outer loop
      vertex -2.29813 20.9284 112
      vertex -2.29813 17.0716 112
      vertex -2.12132 16.8787 112
    endloop
  endfacet
  facet normal -0 0 1
    outer loop
      vertex -2.45746 20.7207 112
      vertex -2.29813 17.0716 112
      vertex -2.29813 20.9284 112
    endloop
  endfacet
  facet normal 0 0 1
    outer loop
      vertex -2.45746 20.7207 112
      vertex -2.45746 17.2793 112
      vertex -2.29813 17.0716 112
    endloop
  endfacet
  facet normal -0 0 1
    outer loop
      vertex -2.59808 20.5 112
      vertex -2.45746 17.2793 112
      vertex -2.45746 20.7207 112
    endloop
  endfacet
  facet normal 0 0 1
    outer loop
      vertex -2.59808 20.5 112
      vertex -2.59808 17.5 112
      vertex -2.45746 17.2793 112
    endloop
  endfacet
  facet normal -0 0 1
    outer loop
      vertex -2.71892 20.2679 112
      vertex -2.59808 17.5 112
      vertex -2.59808 20.5 112
    endloop
  endfacet
  facet normal 0 0 1
    outer loop
      vertex -2.71892 20.2679 112
      vertex -2.71892 17.7321 112
      vertex -2.59808 17.5 112
    endloop
  endfacet
  facet normal -0 0 1
    outer loop
      vertex -2.81908 20.0261 112
      vertex -2.71892 17.7321 112
      vertex -2.71892 20.2679 112
    endloop
  endfacet
  facet normal 0 0 1
    outer loop
      vertex -2.81908 20.0261 112
      vertex -2.81908 17.9739 112
      vertex -2.71892 17.7321 112
    endloop
  endfacet
  facet normal -0 0 1
    outer loop
      vertex -2.89778 19.7765 112
      vertex -2.81908 17.9739 112
      vertex -2.81908 20.0261 112
    endloop
  endfacet
  facet normal 0 0 1
    outer loop
      vertex -2.89778 19.7765 112
      vertex -2.89778 18.2235 112
      vertex -2.81908 17.9739 112
    endloop
  endfacet
  facet normal -0 0 1
    outer loop
      vertex -2.95442 19.5209 112
      vertex -2.89778 18.2235 112
      vertex -2.89778 19.7765 112
    endloop
  endfacet
  facet normal 0 0 1
    outer loop
      vertex -2.95442 19.5209 112
      vertex -2.95442 18.4791 112
      vertex -2.89778 18.2235 112
    endloop
  endfacet
  facet normal -0 0 1
    outer loop
      vertex -2.98858 19.2615 112
      vertex -2.95442 18.4791 112
      vertex -2.95442 19.5209 112
    endloop
  endfacet
  facet normal 0 0 1
    outer loop
      vertex -2.98858 19.2615 112
      vertex -2.98858 18.7385 112
      vertex -2.95442 18.4791 112
    endloop
  endfacet
  facet normal 0 -0 1
    outer loop
      vertex -2.98858 18.7385 112
      vertex -2.98858 19.2615 112
      vertex -3 19 112
    endloop
  endfacet
  facet normal -0.130673 0.991425 0
    outer loop
      vertex -0.261467 21.9886 0
      vertex -0.520944 21.9544 112
      vertex -0.261467 21.9886 112
    endloop
  endfacet
  facet normal -0.130673 0.991425 0
    outer loop
      vertex -0.520944 21.9544 112
      vertex -0.261467 21.9886 0
      vertex -0.520944 21.9544 0
    endloop
  endfacet
  facet normal -0.99144 -0.130564 -8.17797e-09
    outer loop
      vertex -2.95442 18.4791 112
      vertex -2.98858 18.7385 9.48475
      vertex -2.96585 18.5659 9.46202
    endloop
  endfacet
  facet normal -0.991441 -0.130555 -0
    outer loop
      vertex -2.95442 18.4791 112
      vertex -2.96585 18.5659 9.46202
      vertex -2.95442 18.4791 9.44277
    endloop
  endfacet
  facet normal -0.99144 -0.130561 0
    outer loop
      vertex -2.98858 18.7385 9.48475
      vertex -2.95442 18.4791 112
      vertex -2.98858 18.7385 112
    endloop
  endfacet
  facet normal -0.99144 -0.130561 0
    outer loop
      vertex -2.95442 18.4791 0
      vertex -2.98858 18.7385 4.51525
      vertex -2.98858 18.7385 0
    endloop
  endfacet
  facet normal -0.99144 -0.130564 1.84342e-07
    outer loop
      vertex -2.98858 18.7385 4.51525
      vertex -2.95442 18.4791 0
      vertex -2.96585 18.5659 4.53798
    endloop
  endfacet
  facet normal -0.991441 -0.130555 0
    outer loop
      vertex -2.96585 18.5659 4.53798
      vertex -2.95442 18.4791 0
      vertex -2.95442 18.4791 4.55723
    endloop
  endfacet
  facet normal -0.923472 -0.383665 -2.67961e-06
    outer loop
      vertex -2.71892 17.7321 112
      vertex -2.81908 17.9739 9.2784
      vertex -2.80645 17.9435 9.26577
    endloop
  endfacet
  facet normal -0.923914 -0.382601 -1.12678e-07
    outer loop
      vertex -2.71892 17.7321 112
      vertex -2.80645 17.9435 9.26577
      vertex -2.72632 17.75 9.16506
    endloop
  endfacet
  facet normal -0.924143 -0.382048 -0
    outer loop
      vertex -2.71892 17.7321 112
      vertex -2.72632 17.75 9.16506
      vertex -2.71892 17.7321 9.15369
    endloop
  endfacet
  facet normal -0.923875 -0.382694 0
    outer loop
      vertex -2.81908 17.9739 9.2784
      vertex -2.71892 17.7321 112
      vertex -2.81908 17.9739 112
    endloop
  endfacet
  facet normal -0.923875 -0.382694 0
    outer loop
      vertex -2.71892 17.7321 0
      vertex -2.81908 17.9739 4.7216
      vertex -2.81908 17.9739 0
    endloop
  endfacet
  facet normal -0.92348 -0.383646 5.71385e-05
    outer loop
      vertex -2.81908 17.9739 4.7216
      vertex -2.71892 17.7321 0
      vertex -2.80645 17.9435 4.73423
    endloop
  endfacet
  facet normal -0.923914 -0.3826 2.39218e-06
    outer loop
      vertex -2.80645 17.9435 4.73423
      vertex -2.71892 17.7321 0
      vertex -2.72632 17.75 4.83494
    endloop
  endfacet
  facet normal -0.924143 -0.382048 0
    outer loop
      vertex -2.72632 17.75 4.83494
      vertex -2.71892 17.7321 0
      vertex -2.71892 17.7321 4.84631
    endloop
  endfacet
  facet normal -0.675559 -0.737306 0
    outer loop
      vertex -1.92836 16.7019 0
      vertex -2.12132 16.8787 5.68134
      vertex -2.12132 16.8787 0
    endloop
  endfacet
  facet normal -0.676023 -0.73688 -2.90529e-05
    outer loop
      vertex -2.12132 16.8787 5.68134
      vertex -1.92836 16.7019 0
      vertex -2.07358 16.8349 5.75
    endloop
  endfacet
  facet normal -0.675565 -0.7373 -7.76825e-06
    outer loop
      vertex -2.07358 16.8349 5.75
      vertex -1.92836 16.7019 0
      vertex -1.96368 16.7342 5.94345
    endloop
  endfacet
  facet normal -0.674854 -0.737952 0
    outer loop
      vertex -1.96368 16.7342 5.94345
      vertex -1.92836 16.7019 0
      vertex -1.92836 16.7019 6.02159
    endloop
  endfacet
  facet normal -0.675559 -0.737306 0
    outer loop
      vertex -2.12132 16.8787 112
      vertex -1.92836 16.7019 109.59
      vertex -1.92836 16.7019 112
    endloop
  endfacet
  facet normal -0.675527 -0.737335 4.6723e-06
    outer loop
      vertex -2.12132 16.8787 112
      vertex -2.04788 16.8114 109.434
      vertex -1.92836 16.7019 109.59
    endloop
  endfacet
  facet normal -0.675616 -0.737254 0
    outer loop
      vertex -2.04788 16.8114 109.434
      vertex -2.12132 16.8787 112
      vertex -2.12132 16.8787 109.319
    endloop
  endfacet
  facet normal -0.675616 -0.737254 0
    outer loop
      vertex -2.12132 16.8787 8.31866
      vertex -2.04788 16.8114 16.5661
      vertex -2.12132 16.8787 16.6813
    endloop
  endfacet
  facet normal -0.675525 -0.737338 -1.49068e-06
    outer loop
      vertex -2.12132 16.8787 8.31866
      vertex -1.92836 16.7019 16.4103
      vertex -2.04788 16.8114 16.5661
    endloop
  endfacet
  facet normal -0.67603 -0.736874 2.06856e-05
    outer loop
      vertex -2.07358 16.8349 8.25
      vertex -1.92836 16.7019 16.4103
      vertex -2.12132 16.8787 8.31866
    endloop
  endfacet
  facet normal -0.675567 -0.737298 5.54343e-06
    outer loop
      vertex -1.96368 16.7342 8.05655
      vertex -1.92836 16.7019 16.4103
      vertex -2.07358 16.8349 8.25
    endloop
  endfacet
  facet normal -0.674854 -0.737952 -0
    outer loop
      vertex -1.92836 16.7019 16.4103
      vertex -1.96368 16.7342 8.05655
      vertex -1.92836 16.7019 7.97841
    endloop
  endfacet
  facet normal -0.675523 -0.737338 0
    outer loop
      vertex -2.04788 16.8114 46.5661
      vertex -1.92836 16.7019 19.5897
      vertex -1.92836 16.7019 46.4103
    endloop
  endfacet
  facet normal -0.675616 -0.737254 0
    outer loop
      vertex -2.04788 16.8114 19.4339
      vertex -2.04788 16.8114 46.5661
      vertex -2.12132 16.8787 46.6813
    endloop
  endfacet
  facet normal -0.675523 -0.737338 -0
    outer loop
      vertex -2.04788 16.8114 46.5661
      vertex -2.04788 16.8114 19.4339
      vertex -1.92836 16.7019 19.5897
    endloop
  endfacet
  facet normal -0.675616 -0.737254 0
    outer loop
      vertex -2.04788 16.8114 19.4339
      vertex -2.12132 16.8787 46.6813
      vertex -2.12132 16.8787 19.3187
    endloop
  endfacet
  facet normal -0.675523 -0.737338 0
    outer loop
      vertex -2.04788 16.8114 76.5661
      vertex -1.92836 16.7019 49.5897
      vertex -1.92836 16.7019 76.4103
    endloop
  endfacet
  facet normal -0.675616 -0.737254 0
    outer loop
      vertex -2.04788 16.8114 49.4339
      vertex -2.04788 16.8114 76.5661
      vertex -2.12132 16.8787 76.6813
    endloop
  endfacet
  facet normal -0.675523 -0.737338 -0
    outer loop
      vertex -2.04788 16.8114 76.5661
      vertex -2.04788 16.8114 49.4339
      vertex -1.92836 16.7019 49.5897
    endloop
  endfacet
  facet normal -0.675616 -0.737254 0
    outer loop
      vertex -2.04788 16.8114 49.4339
      vertex -2.12132 16.8787 76.6813
      vertex -2.12132 16.8787 49.3187
    endloop
  endfacet
  facet normal -0.675523 -0.737338 0
    outer loop
      vertex -2.04788 16.8114 106.566
      vertex -1.92836 16.7019 79.5897
      vertex -1.92836 16.7019 106.41
    endloop
  endfacet
  facet normal -0.675616 -0.737254 0
    outer loop
      vertex -2.04788 16.8114 79.4339
      vertex -2.04788 16.8114 106.566
      vertex -2.12132 16.8787 106.681
    endloop
  endfacet
  facet normal -0.675523 -0.737338 -0
    outer loop
      vertex -2.04788 16.8114 106.566
      vertex -2.04788 16.8114 79.4339
      vertex -1.92836 16.7019 79.5897
    endloop
  endfacet
  facet normal -0.675616 -0.737254 0
    outer loop
      vertex -2.04788 16.8114 79.4339
      vertex -2.12132 16.8787 106.681
      vertex -2.12132 16.8787 79.3187
    endloop
  endfacet
  facet normal 0.953761 0.300566 0
    outer loop
      vertex 2.873 19.855 4.65077
      vertex 2.81908 20.0261 0
      vertex 2.81908 20.0261 4.7216
    endloop
  endfacet
  facet normal 0.953617 0.301021 1.84307e-05
    outer loop
      vertex 2.89778 19.7765 4.62599
      vertex 2.81908 20.0261 0
      vertex 2.873 19.855 4.65077
    endloop
  endfacet
  facet normal 0.953715 0.300711 0
    outer loop
      vertex 2.81908 20.0261 0
      vertex 2.89778 19.7765 4.62599
      vertex 2.89778 19.7765 0
    endloop
  endfacet
  facet normal 0.953761 0.300566 0
    outer loop
      vertex 2.81908 20.0261 112
      vertex 2.873 19.855 9.34923
      vertex 2.81908 20.0261 9.2784
    endloop
  endfacet
  facet normal 0.953715 0.300711 -0
    outer loop
      vertex 2.89778 19.7765 9.37401
      vertex 2.81908 20.0261 112
      vertex 2.89778 19.7765 112
    endloop
  endfacet
  facet normal 0.953616 0.301026 -8.44286e-07
    outer loop
      vertex 2.81908 20.0261 112
      vertex 2.89778 19.7765 9.37401
      vertex 2.873 19.855 9.34923
    endloop
  endfacet
  facet normal -0.536914 -0.843637 0
    outer loop
      vertex -1.72073 16.5425 7.4547
      vertex -1.60697 16.4701 16.0849
      vertex -1.72073 16.5425 16.1891
    endloop
  endfacet
  facet normal -0.537588 -0.843208 1.2482e-05
    outer loop
      vertex -1.72073 16.5425 7.4547
      vertex -1.5 16.4019 16.0028
      vertex -1.60697 16.4701 16.0849
    endloop
  endfacet
  facet normal -0.532479 -0.846443 -0.000172657
    outer loop
      vertex -1.71357 16.538 7.43412
      vertex -1.5 16.4019 16.0028
      vertex -1.72073 16.5425 7.4547
    endloop
  endfacet
  facet normal -0.537663 -0.84316 8.71622e-06
    outer loop
      vertex -1.66888 16.5095 7.21789
      vertex -1.5 16.4019 16.0028
      vertex -1.71357 16.538 7.43412
    endloop
  endfacet
  facet normal -0.536949 -0.843615 -1.05881e-05
    outer loop
      vertex -1.65395 16.5 7
      vertex -1.5 16.4019 16.0028
      vertex -1.66888 16.5095 7.21789
    endloop
  endfacet
  facet normal -0.537244 -0.843427 0
    outer loop
      vertex -1.5 16.4019 0
      vertex -1.72073 16.5425 6.5453
      vertex -1.72073 16.5425 0
    endloop
  endfacet
  facet normal -0.532578 -0.846381 0.000220803
    outer loop
      vertex -1.72073 16.5425 6.5453
      vertex -1.5 16.4019 0
      vertex -1.71357 16.538 6.56588
    endloop
  endfacet
  facet normal -0.537655 -0.843165 -1.10135e-05
    outer loop
      vertex -1.71357 16.538 6.56588
      vertex -1.5 16.4019 0
      vertex -1.66888 16.5095 6.78211
    endloop
  endfacet
  facet normal -0.536973 -0.8436 1.28812e-05
    outer loop
      vertex -1.66888 16.5095 6.78211
      vertex -1.5 16.4019 0
      vertex -1.65395 16.5 7
    endloop
  endfacet
  facet normal -0.537389 -0.843334 0
    outer loop
      vertex -1.65395 16.5 7
      vertex -1.5 16.4019 0
      vertex -1.5 16.4019 16.0028
    endloop
  endfacet
  facet normal -0.537244 -0.843427 0
    outer loop
      vertex -1.72073 16.5425 112
      vertex -1.5 16.4019 109.997
      vertex -1.5 16.4019 112
    endloop
  endfacet
  facet normal -0.537567 -0.843221 -5.00937e-05
    outer loop
      vertex -1.72073 16.5425 112
      vertex -1.60697 16.4701 109.915
      vertex -1.5 16.4019 109.997
    endloop
  endfacet
  facet normal -0.536914 -0.843637 0
    outer loop
      vertex -1.60697 16.4701 109.915
      vertex -1.72073 16.5425 112
      vertex -1.72073 16.5425 109.811
    endloop
  endfacet
  facet normal -0.537594 -0.843204 0
    outer loop
      vertex -1.60697 16.4701 46.0849
      vertex -1.5 16.4019 19.9972
      vertex -1.5 16.4019 46.0028
    endloop
  endfacet
  facet normal -0.536914 -0.843637 0
    outer loop
      vertex -1.60697 16.4701 19.9151
      vertex -1.60697 16.4701 46.0849
      vertex -1.72073 16.5425 46.1891
    endloop
  endfacet
  facet normal -0.537594 -0.843204 -0
    outer loop
      vertex -1.60697 16.4701 46.0849
      vertex -1.60697 16.4701 19.9151
      vertex -1.5 16.4019 19.9972
    endloop
  endfacet
  facet normal -0.536914 -0.843637 0
    outer loop
      vertex -1.60697 16.4701 19.9151
      vertex -1.72073 16.5425 46.1891
      vertex -1.72073 16.5425 19.8109
    endloop
  endfacet
  facet normal -0.537594 -0.843204 0
    outer loop
      vertex -1.60697 16.4701 76.0849
      vertex -1.5 16.4019 49.9972
      vertex -1.5 16.4019 76.0028
    endloop
  endfacet
  facet normal -0.536914 -0.843637 0
    outer loop
      vertex -1.60697 16.4701 49.9151
      vertex -1.60697 16.4701 76.0849
      vertex -1.72073 16.5425 76.1891
    endloop
  endfacet
  facet normal -0.537594 -0.843204 -0
    outer loop
      vertex -1.60697 16.4701 76.0849
      vertex -1.60697 16.4701 49.9151
      vertex -1.5 16.4019 49.9972
    endloop
  endfacet
  facet normal -0.536914 -0.843637 0
    outer loop
      vertex -1.60697 16.4701 49.9151
      vertex -1.72073 16.5425 76.1891
      vertex -1.72073 16.5425 49.8109
    endloop
  endfacet
  facet normal -0.537594 -0.843204 0
    outer loop
      vertex -1.60697 16.4701 106.085
      vertex -1.5 16.4019 79.9972
      vertex -1.5 16.4019 106.003
    endloop
  endfacet
  facet normal -0.536914 -0.843637 0
    outer loop
      vertex -1.60697 16.4701 79.9151
      vertex -1.60697 16.4701 106.085
      vertex -1.72073 16.5425 106.189
    endloop
  endfacet
  facet normal -0.537594 -0.843204 -0
    outer loop
      vertex -1.60697 16.4701 106.085
      vertex -1.60697 16.4701 79.9151
      vertex -1.5 16.4019 79.9972
    endloop
  endfacet
  facet normal -0.536914 -0.843637 0
    outer loop
      vertex -1.60697 16.4701 79.9151
      vertex -1.72073 16.5425 106.189
      vertex -1.72073 16.5425 79.8109
    endloop
  endfacet
  facet normal -0.300707 0.953716 0
    outer loop
      vertex -0.776457 21.8978 0
      vertex -1.02606 21.8191 112
      vertex -0.776457 21.8978 112
    endloop
  endfacet
  facet normal -0.300707 0.953716 0
    outer loop
      vertex -1.02606 21.8191 112
      vertex -0.776457 21.8978 0
      vertex -1.02606 21.8191 0
    endloop
  endfacet
  facet normal 0.536914 -0.843637 0
    outer loop
      vertex 1.60697 16.4701 16.0849
      vertex 1.72073 16.5425 7.4547
      vertex 1.72073 16.5425 16.1891
    endloop
  endfacet
  facet normal 0.537588 -0.843208 1.2482e-05
    outer loop
      vertex 1.5 16.4019 16.0028
      vertex 1.72073 16.5425 7.4547
      vertex 1.60697 16.4701 16.0849
    endloop
  endfacet
  facet normal 0.532479 -0.846443 -0.000172657
    outer loop
      vertex 1.5 16.4019 16.0028
      vertex 1.71357 16.538 7.43412
      vertex 1.72073 16.5425 7.4547
    endloop
  endfacet
  facet normal 0.537663 -0.84316 8.71622e-06
    outer loop
      vertex 1.5 16.4019 16.0028
      vertex 1.66888 16.5095 7.21789
      vertex 1.71357 16.538 7.43412
    endloop
  endfacet
  facet normal 0.536949 -0.843615 -1.05881e-05
    outer loop
      vertex 1.5 16.4019 16.0028
      vertex 1.65395 16.5 7
      vertex 1.66888 16.5095 7.21789
    endloop
  endfacet
  facet normal 0.537389 -0.843334 0
    outer loop
      vertex 1.5 16.4019 0
      vertex 1.65395 16.5 7
      vertex 1.5 16.4019 16.0028
    endloop
  endfacet
  facet normal 0.536973 -0.8436 1.28812e-05
    outer loop
      vertex 1.5 16.4019 0
      vertex 1.66888 16.5095 6.78211
      vertex 1.65395 16.5 7
    endloop
  endfacet
  facet normal 0.537655 -0.843165 -1.10135e-05
    outer loop
      vertex 1.5 16.4019 0
      vertex 1.71357 16.538 6.56588
      vertex 1.66888 16.5095 6.78211
    endloop
  endfacet
  facet normal 0.532578 -0.846381 0.000220803
    outer loop
      vertex 1.5 16.4019 0
      vertex 1.72073 16.5425 6.5453
      vertex 1.71357 16.538 6.56588
    endloop
  endfacet
  facet normal 0.537244 -0.843427 0
    outer loop
      vertex 1.72073 16.5425 6.5453
      vertex 1.5 16.4019 0
      vertex 1.72073 16.5425 0
    endloop
  endfacet
  facet normal 0.537244 -0.843427 0
    outer loop
      vertex 1.5 16.4019 109.997
      vertex 1.72073 16.5425 112
      vertex 1.5 16.4019 112
    endloop
  endfacet
  facet normal 0.537567 -0.843221 -5.00937e-05
    outer loop
      vertex 1.60697 16.4701 109.915
      vertex 1.72073 16.5425 112
      vertex 1.5 16.4019 109.997
    endloop
  endfacet
  facet normal 0.536914 -0.843637 0
    outer loop
      vertex 1.72073 16.5425 112
      vertex 1.60697 16.4701 109.915
      vertex 1.72073 16.5425 109.811
    endloop
  endfacet
  facet normal 0.537594 -0.843204 0
    outer loop
      vertex 1.5 16.4019 19.9972
      vertex 1.60697 16.4701 46.0849
      vertex 1.5 16.4019 46.0028
    endloop
  endfacet
  facet normal 0.537594 -0.843204 0
    outer loop
      vertex 1.60697 16.4701 19.9151
      vertex 1.60697 16.4701 46.0849
      vertex 1.5 16.4019 19.9972
    endloop
  endfacet
  facet normal 0.536914 -0.843637 0
    outer loop
      vertex 1.60697 16.4701 46.0849
      vertex 1.60697 16.4701 19.9151
      vertex 1.72073 16.5425 46.1891
    endloop
  endfacet
  facet normal 0.536914 -0.843637 0
    outer loop
      vertex 1.72073 16.5425 46.1891
      vertex 1.60697 16.4701 19.9151
      vertex 1.72073 16.5425 19.8109
    endloop
  endfacet
  facet normal 0.537594 -0.843204 0
    outer loop
      vertex 1.5 16.4019 79.9972
      vertex 1.60697 16.4701 106.085
      vertex 1.5 16.4019 106.003
    endloop
  endfacet
  facet normal 0.537594 -0.843204 0
    outer loop
      vertex 1.60697 16.4701 79.9151
      vertex 1.60697 16.4701 106.085
      vertex 1.5 16.4019 79.9972
    endloop
  endfacet
  facet normal 0.536914 -0.843637 0
    outer loop
      vertex 1.60697 16.4701 106.085
      vertex 1.60697 16.4701 79.9151
      vertex 1.72073 16.5425 106.189
    endloop
  endfacet
  facet normal 0.536914 -0.843637 0
    outer loop
      vertex 1.72073 16.5425 106.189
      vertex 1.60697 16.4701 79.9151
      vertex 1.72073 16.5425 79.8109
    endloop
  endfacet
  facet normal 0.537594 -0.843204 0
    outer loop
      vertex 1.5 16.4019 49.9972
      vertex 1.60697 16.4701 76.0849
      vertex 1.5 16.4019 76.0028
    endloop
  endfacet
  facet normal 0.537594 -0.843204 0
    outer loop
      vertex 1.60697 16.4701 49.9151
      vertex 1.60697 16.4701 76.0849
      vertex 1.5 16.4019 49.9972
    endloop
  endfacet
  facet normal 0.536914 -0.843637 0
    outer loop
      vertex 1.60697 16.4701 76.0849
      vertex 1.60697 16.4701 49.9151
      vertex 1.72073 16.5425 76.1891
    endloop
  endfacet
  facet normal 0.536914 -0.843637 0
    outer loop
      vertex 1.72073 16.5425 76.1891
      vertex 1.60697 16.4701 49.9151
      vertex 1.72073 16.5425 49.8109
    endloop
  endfacet
  facet normal 0.675559 -0.737306 0
    outer loop
      vertex 1.92836 16.7019 109.59
      vertex 2.12132 16.8787 112
      vertex 1.92836 16.7019 112
    endloop
  endfacet
  facet normal 0.675527 -0.737335 4.6723e-06
    outer loop
      vertex 2.04788 16.8114 109.434
      vertex 2.12132 16.8787 112
      vertex 1.92836 16.7019 109.59
    endloop
  endfacet
  facet normal 0.675616 -0.737254 0
    outer loop
      vertex 2.12132 16.8787 112
      vertex 2.04788 16.8114 109.434
      vertex 2.12132 16.8787 109.319
    endloop
  endfacet
  facet normal 0.674854 -0.737952 0
    outer loop
      vertex 1.92836 16.7019 0
      vertex 1.96368 16.7342 5.94345
      vertex 1.92836 16.7019 6.02159
    endloop
  endfacet
  facet normal 0.675565 -0.7373 -7.76825e-06
    outer loop
      vertex 1.92836 16.7019 0
      vertex 2.07358 16.8349 5.75
      vertex 1.96368 16.7342 5.94345
    endloop
  endfacet
  facet normal 0.676023 -0.73688 -2.90529e-05
    outer loop
      vertex 1.92836 16.7019 0
      vertex 2.12132 16.8787 5.68134
      vertex 2.07358 16.8349 5.75
    endloop
  endfacet
  facet normal 0.675559 -0.737306 0
    outer loop
      vertex 2.12132 16.8787 5.68134
      vertex 1.92836 16.7019 0
      vertex 2.12132 16.8787 0
    endloop
  endfacet
  facet normal 0.675616 -0.737254 0
    outer loop
      vertex 2.04788 16.8114 16.5661
      vertex 2.12132 16.8787 8.31866
      vertex 2.12132 16.8787 16.6813
    endloop
  endfacet
  facet normal 0.675525 -0.737338 -1.49068e-06
    outer loop
      vertex 1.92836 16.7019 16.4103
      vertex 2.12132 16.8787 8.31866
      vertex 2.04788 16.8114 16.5661
    endloop
  endfacet
  facet normal 0.67603 -0.736874 2.06856e-05
    outer loop
      vertex 1.92836 16.7019 16.4103
      vertex 2.07358 16.8349 8.25
      vertex 2.12132 16.8787 8.31866
    endloop
  endfacet
  facet normal 0.675567 -0.737298 5.54343e-06
    outer loop
      vertex 1.92836 16.7019 16.4103
      vertex 1.96368 16.7342 8.05655
      vertex 2.07358 16.8349 8.25
    endloop
  endfacet
  facet normal 0.674854 -0.737952 0
    outer loop
      vertex 1.96368 16.7342 8.05655
      vertex 1.92836 16.7019 16.4103
      vertex 1.92836 16.7019 7.97841
    endloop
  endfacet
  facet normal 0.675523 -0.737338 0
    outer loop
      vertex 1.92836 16.7019 19.5897
      vertex 2.04788 16.8114 46.5661
      vertex 1.92836 16.7019 46.4103
    endloop
  endfacet
  facet normal 0.675523 -0.737338 0
    outer loop
      vertex 2.04788 16.8114 19.4339
      vertex 2.04788 16.8114 46.5661
      vertex 1.92836 16.7019 19.5897
    endloop
  endfacet
  facet normal 0.675616 -0.737254 0
    outer loop
      vertex 2.04788 16.8114 46.5661
      vertex 2.04788 16.8114 19.4339
      vertex 2.12132 16.8787 46.6813
    endloop
  endfacet
  facet normal 0.675616 -0.737254 0
    outer loop
      vertex 2.12132 16.8787 46.6813
      vertex 2.04788 16.8114 19.4339
      vertex 2.12132 16.8787 19.3187
    endloop
  endfacet
  facet normal 0.675523 -0.737338 0
    outer loop
      vertex 1.92836 16.7019 79.5897
      vertex 2.04788 16.8114 106.566
      vertex 1.92836 16.7019 106.41
    endloop
  endfacet
  facet normal 0.675523 -0.737338 0
    outer loop
      vertex 2.04788 16.8114 79.4339
      vertex 2.04788 16.8114 106.566
      vertex 1.92836 16.7019 79.5897
    endloop
  endfacet
  facet normal 0.675616 -0.737254 0
    outer loop
      vertex 2.04788 16.8114 106.566
      vertex 2.04788 16.8114 79.4339
      vertex 2.12132 16.8787 106.681
    endloop
  endfacet
  facet normal 0.675616 -0.737254 0
    outer loop
      vertex 2.12132 16.8787 106.681
      vertex 2.04788 16.8114 79.4339
      vertex 2.12132 16.8787 79.3187
    endloop
  endfacet
  facet normal 0.675523 -0.737338 0
    outer loop
      vertex 1.92836 16.7019 49.5897
      vertex 2.04788 16.8114 76.5661
      vertex 1.92836 16.7019 76.4103
    endloop
  endfacet
  facet normal 0.675523 -0.737338 0
    outer loop
      vertex 2.04788 16.8114 49.4339
      vertex 2.04788 16.8114 76.5661
      vertex 1.92836 16.7019 49.5897
    endloop
  endfacet
  facet normal 0.675616 -0.737254 0
    outer loop
      vertex 2.04788 16.8114 76.5661
      vertex 2.04788 16.8114 49.4339
      vertex 2.12132 16.8787 76.6813
    endloop
  endfacet
  facet normal 0.675616 -0.737254 0
    outer loop
      vertex 2.12132 16.8787 76.6813
      vertex 2.04788 16.8114 49.4339
      vertex 2.12132 16.8787 49.3187
    endloop
  endfacet
  facet normal 0 0 -1
    outer loop
      vertex 2.98858 18.7385 0
      vertex 2.98858 19.2615 0
      vertex 3 19 0
    endloop
  endfacet
  facet normal 0 0 -1
    outer loop
      vertex 2.95442 18.4791 0
      vertex 2.98858 19.2615 0
      vertex 2.98858 18.7385 0
    endloop
  endfacet
  facet normal 0 0 -1
    outer loop
      vertex 2.95442 18.4791 0
      vertex 2.95442 19.5209 0
      vertex 2.98858 19.2615 0
    endloop
  endfacet
  facet normal 0 0 -1
    outer loop
      vertex 2.89778 18.2235 0
      vertex 2.95442 19.5209 0
      vertex 2.95442 18.4791 0
    endloop
  endfacet
  facet normal 0 0 -1
    outer loop
      vertex 2.89778 18.2235 0
      vertex 2.89778 19.7765 0
      vertex 2.95442 19.5209 0
    endloop
  endfacet
  facet normal 0 0 -1
    outer loop
      vertex 2.81908 17.9739 0
      vertex 2.89778 19.7765 0
      vertex 2.89778 18.2235 0
    endloop
  endfacet
  facet normal 0 0 -1
    outer loop
      vertex 2.81908 17.9739 0
      vertex 2.81908 20.0261 0
      vertex 2.89778 19.7765 0
    endloop
  endfacet
  facet normal 0 0 -1
    outer loop
      vertex 2.71892 17.7321 0
      vertex 2.81908 20.0261 0
      vertex 2.81908 17.9739 0
    endloop
  endfacet
  facet normal 0 0 -1
    outer loop
      vertex 2.71892 17.7321 0
      vertex 2.71892 20.2679 0
      vertex 2.81908 20.0261 0
    endloop
  endfacet
  facet normal 0 0 -1
    outer loop
      vertex 2.59808 17.5 0
      vertex 2.71892 20.2679 0
      vertex 2.71892 17.7321 0
    endloop
  endfacet
  facet normal 0 0 -1
    outer loop
      vertex 2.59808 17.5 0
      vertex 2.59808 20.5 0
      vertex 2.71892 20.2679 0
    endloop
  endfacet
  facet normal 0 0 -1
    outer loop
      vertex 2.45746 17.2793 0
      vertex 2.59808 20.5 0
      vertex 2.59808 17.5 0
    endloop
  endfacet
  facet normal 0 0 -1
    outer loop
      vertex 2.45746 17.2793 0
      vertex 2.45746 20.7207 0
      vertex 2.59808 20.5 0
    endloop
  endfacet
  facet normal 0 0 -1
    outer loop
      vertex 2.29813 17.0716 0
      vertex 2.45746 20.7207 0
      vertex 2.45746 17.2793 0
    endloop
  endfacet
  facet normal 0 0 -1
    outer loop
      vertex 2.29813 17.0716 0
      vertex 2.29813 20.9284 0
      vertex 2.45746 20.7207 0
    endloop
  endfacet
  facet normal 0 0 -1
    outer loop
      vertex 2.12132 16.8787 0
      vertex 2.29813 20.9284 0
      vertex 2.29813 17.0716 0
    endloop
  endfacet
  facet normal 0 0 -1
    outer loop
      vertex 2.12132 16.8787 0
      vertex 2.12132 21.1213 0
      vertex 2.29813 20.9284 0
    endloop
  endfacet
  facet normal 0 0 -1
    outer loop
      vertex 1.92836 16.7019 0
      vertex 2.12132 21.1213 0
      vertex 2.12132 16.8787 0
    endloop
  endfacet
  facet normal 0 0 -1
    outer loop
      vertex 1.92836 16.7019 0
      vertex 1.92836 21.2981 0
      vertex 2.12132 21.1213 0
    endloop
  endfacet
  facet normal 0 0 -1
    outer loop
      vertex 1.72073 16.5425 0
      vertex 1.92836 21.2981 0
      vertex 1.92836 16.7019 0
    endloop
  endfacet
  facet normal 0 0 -1
    outer loop
      vertex 1.72073 16.5425 0
      vertex 1.72073 21.4575 0
      vertex 1.92836 21.2981 0
    endloop
  endfacet
  facet normal 0 0 -1
    outer loop
      vertex 1.5 16.4019 0
      vertex 1.72073 21.4575 0
      vertex 1.72073 16.5425 0
    endloop
  endfacet
  facet normal 0 0 -1
    outer loop
      vertex 1.5 16.4019 0
      vertex 1.5 21.5981 0
      vertex 1.72073 21.4575 0
    endloop
  endfacet
  facet normal 0 0 -1
    outer loop
      vertex 1.26785 16.2811 0
      vertex 1.5 21.5981 0
      vertex 1.5 16.4019 0
    endloop
  endfacet
  facet normal 0 0 -1
    outer loop
      vertex 1.26785 16.2811 0
      vertex 1.26785 21.7189 0
      vertex 1.5 21.5981 0
    endloop
  endfacet
  facet normal 0 0 -1
    outer loop
      vertex 1.02606 16.1809 0
      vertex 1.26785 21.7189 0
      vertex 1.26785 16.2811 0
    endloop
  endfacet
  facet normal 0 0 -1
    outer loop
      vertex 1.02606 16.1809 0
      vertex 1.02606 21.8191 0
      vertex 1.26785 21.7189 0
    endloop
  endfacet
  facet normal 0 0 -1
    outer loop
      vertex 0.776457 16.1022 0
      vertex 1.02606 21.8191 0
      vertex 1.02606 16.1809 0
    endloop
  endfacet
  facet normal 0 0 -1
    outer loop
      vertex 0.776457 16.1022 0
      vertex 0.776457 21.8978 0
      vertex 1.02606 21.8191 0
    endloop
  endfacet
  facet normal 0 0 -1
    outer loop
      vertex 0.520944 16.0456 0
      vertex 0.776457 21.8978 0
      vertex 0.776457 16.1022 0
    endloop
  endfacet
  facet normal 0 0 -1
    outer loop
      vertex 0.520944 16.0456 0
      vertex 0.520944 21.9544 0
      vertex 0.776457 21.8978 0
    endloop
  endfacet
  facet normal 0 0 -1
    outer loop
      vertex 0.261467 16.0114 0
      vertex 0.520944 21.9544 0
      vertex 0.520944 16.0456 0
    endloop
  endfacet
  facet normal 0 0 -1
    outer loop
      vertex 0.261467 16.0114 0
      vertex 0.261467 21.9886 0
      vertex 0.520944 21.9544 0
    endloop
  endfacet
  facet normal 0 0 -1
    outer loop
      vertex 0 16 0
      vertex 0.261467 21.9886 0
      vertex 0.261467 16.0114 0
    endloop
  endfacet
  facet normal 0 0 -1
    outer loop
      vertex 0 16 0
      vertex 0 22 0
      vertex 0.261467 21.9886 0
    endloop
  endfacet
  facet normal 0 0 -1
    outer loop
      vertex -0.261467 16.0114 0
      vertex 0 22 0
      vertex 0 16 0
    endloop
  endfacet
  facet normal 0 0 -1
    outer loop
      vertex -0.261467 16.0114 0
      vertex -0.261467 21.9886 0
      vertex 0 22 0
    endloop
  endfacet
  facet normal 0 0 -1
    outer loop
      vertex -0.520944 16.0456 0
      vertex -0.261467 21.9886 0
      vertex -0.261467 16.0114 0
    endloop
  endfacet
  facet normal 0 0 -1
    outer loop
      vertex -0.520944 16.0456 0
      vertex -0.520944 21.9544 0
      vertex -0.261467 21.9886 0
    endloop
  endfacet
  facet normal 0 0 -1
    outer loop
      vertex -0.776457 16.1022 0
      vertex -0.520944 21.9544 0
      vertex -0.520944 16.0456 0
    endloop
  endfacet
  facet normal 0 0 -1
    outer loop
      vertex -0.776457 16.1022 0
      vertex -0.776457 21.8978 0
      vertex -0.520944 21.9544 0
    endloop
  endfacet
  facet normal 0 0 -1
    outer loop
      vertex -1.02606 16.1809 0
      vertex -0.776457 21.8978 0
      vertex -0.776457 16.1022 0
    endloop
  endfacet
  facet normal 0 0 -1
    outer loop
      vertex -1.02606 16.1809 0
      vertex -1.02606 21.8191 0
      vertex -0.776457 21.8978 0
    endloop
  endfacet
  facet normal 0 0 -1
    outer loop
      vertex -1.26785 16.2811 0
      vertex -1.02606 21.8191 0
      vertex -1.02606 16.1809 0
    endloop
  endfacet
  facet normal 0 0 -1
    outer loop
      vertex -1.26785 16.2811 0
      vertex -1.26785 21.7189 0
      vertex -1.02606 21.8191 0
    endloop
  endfacet
  facet normal 0 0 -1
    outer loop
      vertex -1.5 16.4019 0
      vertex -1.26785 21.7189 0
      vertex -1.26785 16.2811 0
    endloop
  endfacet
  facet normal 0 0 -1
    outer loop
      vertex -1.5 16.4019 0
      vertex -1.5 21.5981 0
      vertex -1.26785 21.7189 0
    endloop
  endfacet
  facet normal 0 0 -1
    outer loop
      vertex -1.72073 16.5425 0
      vertex -1.5 21.5981 0
      vertex -1.5 16.4019 0
    endloop
  endfacet
  facet normal 0 0 -1
    outer loop
      vertex -1.72073 16.5425 0
      vertex -1.72073 21.4575 0
      vertex -1.5 21.5981 0
    endloop
  endfacet
  facet normal 0 0 -1
    outer loop
      vertex -1.92836 16.7019 0
      vertex -1.72073 21.4575 0
      vertex -1.72073 16.5425 0
    endloop
  endfacet
  facet normal 0 0 -1
    outer loop
      vertex -1.92836 16.7019 0
      vertex -1.92836 21.2981 0
      vertex -1.72073 21.4575 0
    endloop
  endfacet
  facet normal 0 0 -1
    outer loop
      vertex -2.12132 16.8787 0
      vertex -1.92836 21.2981 0
      vertex -1.92836 16.7019 0
    endloop
  endfacet
  facet normal 0 0 -1
    outer loop
      vertex -2.12132 16.8787 0
      vertex -2.12132 21.1213 0
      vertex -1.92836 21.2981 0
    endloop
  endfacet
  facet normal 0 0 -1
    outer loop
      vertex -2.29813 17.0716 0
      vertex -2.12132 21.1213 0
      vertex -2.12132 16.8787 0
    endloop
  endfacet
  facet normal 0 0 -1
    outer loop
      vertex -2.29813 17.0716 0
      vertex -2.29813 20.9284 0
      vertex -2.12132 21.1213 0
    endloop
  endfacet
  facet normal 0 0 -1
    outer loop
      vertex -2.45746 17.2793 0
      vertex -2.29813 20.9284 0
      vertex -2.29813 17.0716 0
    endloop
  endfacet
  facet normal 0 0 -1
    outer loop
      vertex -2.45746 17.2793 0
      vertex -2.45746 20.7207 0
      vertex -2.29813 20.9284 0
    endloop
  endfacet
  facet normal 0 0 -1
    outer loop
      vertex -2.59808 17.5 0
      vertex -2.45746 20.7207 0
      vertex -2.45746 17.2793 0
    endloop
  endfacet
  facet normal 0 0 -1
    outer loop
      vertex -2.59808 17.5 0
      vertex -2.59808 20.5 0
      vertex -2.45746 20.7207 0
    endloop
  endfacet
  facet normal 0 0 -1
    outer loop
      vertex -2.71892 17.7321 0
      vertex -2.59808 20.5 0
      vertex -2.59808 17.5 0
    endloop
  endfacet
  facet normal 0 0 -1
    outer loop
      vertex -2.71892 17.7321 0
      vertex -2.71892 20.2679 0
      vertex -2.59808 20.5 0
    endloop
  endfacet
  facet normal 0 0 -1
    outer loop
      vertex -2.81908 17.9739 0
      vertex -2.71892 20.2679 0
      vertex -2.71892 17.7321 0
    endloop
  endfacet
  facet normal 0 0 -1
    outer loop
      vertex -2.81908 17.9739 0
      vertex -2.81908 20.0261 0
      vertex -2.71892 20.2679 0
    endloop
  endfacet
  facet normal 0 0 -1
    outer loop
      vertex -2.89778 18.2235 0
      vertex -2.81908 20.0261 0
      vertex -2.81908 17.9739 0
    endloop
  endfacet
  facet normal 0 0 -1
    outer loop
      vertex -2.89778 18.2235 0
      vertex -2.89778 19.7765 0
      vertex -2.81908 20.0261 0
    endloop
  endfacet
  facet normal 0 0 -1
    outer loop
      vertex -2.95442 18.4791 0
      vertex -2.89778 19.7765 0
      vertex -2.89778 18.2235 0
    endloop
  endfacet
  facet normal 0 0 -1
    outer loop
      vertex -2.95442 18.4791 0
      vertex -2.95442 19.5209 0
      vertex -2.89778 19.7765 0
    endloop
  endfacet
  facet normal 0 0 -1
    outer loop
      vertex -2.98858 18.7385 0
      vertex -2.95442 19.5209 0
      vertex -2.95442 18.4791 0
    endloop
  endfacet
  facet normal 0 0 -1
    outer loop
      vertex -2.98858 18.7385 0
      vertex -2.98858 19.2615 0
      vertex -2.95442 19.5209 0
    endloop
  endfacet
  facet normal 0 -0 -1
    outer loop
      vertex -2.98858 19.2615 0
      vertex -2.98858 18.7385 0
      vertex -3 19 0
    endloop
  endfacet
  facet normal -0.131305 -0.991342 0
    outer loop
      vertex -0.520944 16.0456 0
      vertex -0.43412 16.0341 15.538
      vertex -0.520944 16.0456 15.5572
    endloop
  endfacet
  facet normal -0.130356 -0.991467 -5.39365e-06
    outer loop
      vertex -0.520944 16.0456 0
      vertex -0.261467 16.0114 15.5153
      vertex -0.43412 16.0341 15.538
    endloop
  endfacet
  facet normal -0.130673 -0.991425 -0
    outer loop
      vertex -0.261467 16.0114 15.5153
      vertex -0.520944 16.0456 0
      vertex -0.261467 16.0114 0
    endloop
  endfacet
  facet normal -0.130673 -0.991425 0
    outer loop
      vertex -0.520944 16.0456 112
      vertex -0.261467 16.0114 110.485
      vertex -0.261467 16.0114 112
    endloop
  endfacet
  facet normal -0.130363 -0.991466 5.41236e-05
    outer loop
      vertex -0.520944 16.0456 112
      vertex -0.43412 16.0341 110.462
      vertex -0.261467 16.0114 110.485
    endloop
  endfacet
  facet normal -0.131305 -0.991342 0
    outer loop
      vertex -0.43412 16.0341 110.462
      vertex -0.520944 16.0456 112
      vertex -0.520944 16.0456 110.443
    endloop
  endfacet
  facet normal -0.130356 -0.991467 0
    outer loop
      vertex -0.43412 16.0341 45.538
      vertex -0.261467 16.0114 20.4847
      vertex -0.261467 16.0114 45.5153
    endloop
  endfacet
  facet normal -0.131305 -0.991342 0
    outer loop
      vertex -0.43412 16.0341 20.462
      vertex -0.43412 16.0341 45.538
      vertex -0.520944 16.0456 45.5572
    endloop
  endfacet
  facet normal -0.130356 -0.991467 -0
    outer loop
      vertex -0.43412 16.0341 45.538
      vertex -0.43412 16.0341 20.462
      vertex -0.261467 16.0114 20.4847
    endloop
  endfacet
  facet normal -0.131305 -0.991342 0
    outer loop
      vertex -0.43412 16.0341 20.462
      vertex -0.520944 16.0456 45.5572
      vertex -0.520944 16.0456 20.4428
    endloop
  endfacet
  facet normal -0.130356 -0.991467 0
    outer loop
      vertex -0.43412 16.0341 75.538
      vertex -0.261467 16.0114 50.4847
      vertex -0.261467 16.0114 75.5153
    endloop
  endfacet
  facet normal -0.131305 -0.991342 0
    outer loop
      vertex -0.43412 16.0341 50.462
      vertex -0.43412 16.0341 75.538
      vertex -0.520944 16.0456 75.5572
    endloop
  endfacet
  facet normal -0.130356 -0.991467 -0
    outer loop
      vertex -0.43412 16.0341 75.538
      vertex -0.43412 16.0341 50.462
      vertex -0.261467 16.0114 50.4847
    endloop
  endfacet
  facet normal -0.131305 -0.991342 0
    outer loop
      vertex -0.43412 16.0341 50.462
      vertex -0.520944 16.0456 75.5572
      vertex -0.520944 16.0456 50.4428
    endloop
  endfacet
  facet normal -0.130356 -0.991467 0
    outer loop
      vertex -0.43412 16.0341 105.538
      vertex -0.261467 16.0114 80.4847
      vertex -0.261467 16.0114 105.515
    endloop
  endfacet
  facet normal -0.131305 -0.991342 0
    outer loop
      vertex -0.43412 16.0341 80.462
      vertex -0.43412 16.0341 105.538
      vertex -0.520944 16.0456 105.557
    endloop
  endfacet
  facet normal -0.130356 -0.991467 -0
    outer loop
      vertex -0.43412 16.0341 105.538
      vertex -0.43412 16.0341 80.462
      vertex -0.261467 16.0114 80.4847
    endloop
  endfacet
  facet normal -0.131305 -0.991342 0
    outer loop
      vertex -0.43412 16.0341 80.462
      vertex -0.520944 16.0456 105.557
      vertex -0.520944 16.0456 80.4428
    endloop
  endfacet
  facet normal 0.461599 -0.887089 0
    outer loop
      vertex 1.5 16.4019 0
      vertex 1.26785 16.2811 15.8463
      vertex 1.26785 16.2811 0
    endloop
  endfacet
  facet normal 0.461493 -0.887144 -1.97434e-06
    outer loop
      vertex 1.26785 16.2811 15.8463
      vertex 1.5 16.4019 0
      vertex 1.43394 16.3675 15.9521
    endloop
  endfacet
  facet normal 0.461868 -0.886948 0
    outer loop
      vertex 1.43394 16.3675 15.9521
      vertex 1.5 16.4019 0
      vertex 1.5 16.4019 16.0028
    endloop
  endfacet
  facet normal 0.461599 -0.887089 0
    outer loop
      vertex 1.26785 16.2811 110.154
      vertex 1.5 16.4019 112
      vertex 1.26785 16.2811 112
    endloop
  endfacet
  facet normal 0.4615 -0.88714 1.58352e-05
    outer loop
      vertex 1.43394 16.3675 110.048
      vertex 1.5 16.4019 112
      vertex 1.26785 16.2811 110.154
    endloop
  endfacet
  facet normal 0.461868 -0.886948 0
    outer loop
      vertex 1.5 16.4019 112
      vertex 1.43394 16.3675 110.048
      vertex 1.5 16.4019 109.997
    endloop
  endfacet
  facet normal 0.461492 -0.887144 0
    outer loop
      vertex 1.26785 16.2811 20.1537
      vertex 1.43394 16.3675 45.9521
      vertex 1.26785 16.2811 45.8463
    endloop
  endfacet
  facet normal 0.461492 -0.887144 0
    outer loop
      vertex 1.43394 16.3675 20.0479
      vertex 1.43394 16.3675 45.9521
      vertex 1.26785 16.2811 20.1537
    endloop
  endfacet
  facet normal 0.461868 -0.886948 0
    outer loop
      vertex 1.43394 16.3675 45.9521
      vertex 1.43394 16.3675 20.0479
      vertex 1.5 16.4019 46.0028
    endloop
  endfacet
  facet normal 0.461868 -0.886948 0
    outer loop
      vertex 1.5 16.4019 46.0028
      vertex 1.43394 16.3675 20.0479
      vertex 1.5 16.4019 19.9972
    endloop
  endfacet
  facet normal 0.461492 -0.887144 0
    outer loop
      vertex 1.26785 16.2811 50.1537
      vertex 1.43394 16.3675 75.9521
      vertex 1.26785 16.2811 75.8463
    endloop
  endfacet
  facet normal 0.461492 -0.887144 0
    outer loop
      vertex 1.43394 16.3675 50.0479
      vertex 1.43394 16.3675 75.9521
      vertex 1.26785 16.2811 50.1537
    endloop
  endfacet
  facet normal 0.461868 -0.886948 0
    outer loop
      vertex 1.43394 16.3675 75.9521
      vertex 1.43394 16.3675 50.0479
      vertex 1.5 16.4019 76.0028
    endloop
  endfacet
  facet normal 0.461868 -0.886948 0
    outer loop
      vertex 1.5 16.4019 76.0028
      vertex 1.43394 16.3675 50.0479
      vertex 1.5 16.4019 49.9972
    endloop
  endfacet
  facet normal 0.461492 -0.887144 0
    outer loop
      vertex 1.26785 16.2811 80.1537
      vertex 1.43394 16.3675 105.952
      vertex 1.26785 16.2811 105.846
    endloop
  endfacet
  facet normal 0.461492 -0.887144 0
    outer loop
      vertex 1.43394 16.3675 80.0479
      vertex 1.43394 16.3675 105.952
      vertex 1.26785 16.2811 80.1537
    endloop
  endfacet
  facet normal 0.461868 -0.886948 0
    outer loop
      vertex 1.43394 16.3675 105.952
      vertex 1.43394 16.3675 80.0479
      vertex 1.5 16.4019 106.003
    endloop
  endfacet
  facet normal 0.461868 -0.886948 0
    outer loop
      vertex 1.5 16.4019 106.003
      vertex 1.43394 16.3675 80.0479
      vertex 1.5 16.4019 79.9972
    endloop
  endfacet
  facet normal 0.300707 -0.953716 0
    outer loop
      vertex 0.776457 16.1022 110.374
      vertex 1.02606 16.1809 112
      vertex 0.776457 16.1022 112
    endloop
  endfacet
  facet normal 0.300913 -0.953651 -3.47593e-05
    outer loop
      vertex 0.85505 16.127 110.349
      vertex 1.02606 16.1809 112
      vertex 0.776457 16.1022 110.374
    endloop
  endfacet
  facet normal 0.300608 -0.953748 0
    outer loop
      vertex 1.02606 16.1809 112
      vertex 0.85505 16.127 110.349
      vertex 1.02606 16.1809 110.278
    endloop
  endfacet
  facet normal 0.300707 -0.953716 0
    outer loop
      vertex 1.02606 16.1809 0
      vertex 0.776457 16.1022 15.626
      vertex 0.776457 16.1022 0
    endloop
  endfacet
  facet normal 0.300922 -0.953649 3.77454e-06
    outer loop
      vertex 0.776457 16.1022 15.626
      vertex 1.02606 16.1809 0
      vertex 0.85505 16.127 15.6508
    endloop
  endfacet
  facet normal 0.300608 -0.953748 0
    outer loop
      vertex 0.85505 16.127 15.6508
      vertex 1.02606 16.1809 0
      vertex 1.02606 16.1809 15.7216
    endloop
  endfacet
  facet normal 0.300923 -0.953648 0
    outer loop
      vertex 0.776457 16.1022 20.374
      vertex 0.85505 16.127 45.6508
      vertex 0.776457 16.1022 45.626
    endloop
  endfacet
  facet normal 0.300923 -0.953648 0
    outer loop
      vertex 0.85505 16.127 20.3492
      vertex 0.85505 16.127 45.6508
      vertex 0.776457 16.1022 20.374
    endloop
  endfacet
  facet normal 0.300608 -0.953748 0
    outer loop
      vertex 0.85505 16.127 45.6508
      vertex 0.85505 16.127 20.3492
      vertex 1.02606 16.1809 45.7216
    endloop
  endfacet
  facet normal 0.300608 -0.953748 0
    outer loop
      vertex 1.02606 16.1809 45.7216
      vertex 0.85505 16.127 20.3492
      vertex 1.02606 16.1809 20.2784
    endloop
  endfacet
  facet normal 0.300923 -0.953648 0
    outer loop
      vertex 0.776457 16.1022 50.374
      vertex 0.85505 16.127 75.6508
      vertex 0.776457 16.1022 75.626
    endloop
  endfacet
  facet normal 0.300923 -0.953648 0
    outer loop
      vertex 0.85505 16.127 50.3492
      vertex 0.85505 16.127 75.6508
      vertex 0.776457 16.1022 50.374
    endloop
  endfacet
  facet normal 0.300608 -0.953748 0
    outer loop
      vertex 0.85505 16.127 75.6508
      vertex 0.85505 16.127 50.3492
      vertex 1.02606 16.1809 75.7216
    endloop
  endfacet
  facet normal 0.300608 -0.953748 0
    outer loop
      vertex 1.02606 16.1809 75.7216
      vertex 0.85505 16.127 50.3492
      vertex 1.02606 16.1809 50.2784
    endloop
  endfacet
  facet normal 0.300923 -0.953648 0
    outer loop
      vertex 0.776457 16.1022 80.374
      vertex 0.85505 16.127 105.651
      vertex 0.776457 16.1022 105.626
    endloop
  endfacet
  facet normal 0.300923 -0.953648 0
    outer loop
      vertex 0.85505 16.127 80.3492
      vertex 0.85505 16.127 105.651
      vertex 0.776457 16.1022 80.374
    endloop
  endfacet
  facet normal 0.300608 -0.953748 0
    outer loop
      vertex 0.85505 16.127 105.651
      vertex 0.85505 16.127 80.3492
      vertex 1.02606 16.1809 105.722
    endloop
  endfacet
  facet normal 0.300608 -0.953748 0
    outer loop
      vertex 1.02606 16.1809 105.722
      vertex 0.85505 16.127 80.3492
      vertex 1.02606 16.1809 80.2784
    endloop
  endfacet
  facet normal 0.130673 -0.991425 0
    outer loop
      vertex 0.520944 16.0456 0
      vertex 0.261467 16.0114 15.5153
      vertex 0.261467 16.0114 0
    endloop
  endfacet
  facet normal 0.130356 -0.991467 -5.39365e-06
    outer loop
      vertex 0.261467 16.0114 15.5153
      vertex 0.520944 16.0456 0
      vertex 0.43412 16.0341 15.538
    endloop
  endfacet
  facet normal 0.131305 -0.991342 0
    outer loop
      vertex 0.43412 16.0341 15.538
      vertex 0.520944 16.0456 0
      vertex 0.520944 16.0456 15.5572
    endloop
  endfacet
  facet normal 0.130673 -0.991425 0
    outer loop
      vertex 0.261467 16.0114 110.485
      vertex 0.520944 16.0456 112
      vertex 0.261467 16.0114 112
    endloop
  endfacet
  facet normal 0.130363 -0.991466 5.41236e-05
    outer loop
      vertex 0.43412 16.0341 110.462
      vertex 0.520944 16.0456 112
      vertex 0.261467 16.0114 110.485
    endloop
  endfacet
  facet normal 0.131305 -0.991342 0
    outer loop
      vertex 0.520944 16.0456 112
      vertex 0.43412 16.0341 110.462
      vertex 0.520944 16.0456 110.443
    endloop
  endfacet
  facet normal 0.130356 -0.991467 0
    outer loop
      vertex 0.261467 16.0114 20.4847
      vertex 0.43412 16.0341 45.538
      vertex 0.261467 16.0114 45.5153
    endloop
  endfacet
  facet normal 0.130356 -0.991467 0
    outer loop
      vertex 0.43412 16.0341 20.462
      vertex 0.43412 16.0341 45.538
      vertex 0.261467 16.0114 20.4847
    endloop
  endfacet
  facet normal 0.131305 -0.991342 0
    outer loop
      vertex 0.43412 16.0341 45.538
      vertex 0.43412 16.0341 20.462
      vertex 0.520944 16.0456 45.5572
    endloop
  endfacet
  facet normal 0.131305 -0.991342 0
    outer loop
      vertex 0.520944 16.0456 45.5572
      vertex 0.43412 16.0341 20.462
      vertex 0.520944 16.0456 20.4428
    endloop
  endfacet
  facet normal 0.130356 -0.991467 0
    outer loop
      vertex 0.261467 16.0114 50.4847
      vertex 0.43412 16.0341 75.538
      vertex 0.261467 16.0114 75.5153
    endloop
  endfacet
  facet normal 0.130356 -0.991467 0
    outer loop
      vertex 0.43412 16.0341 50.462
      vertex 0.43412 16.0341 75.538
      vertex 0.261467 16.0114 50.4847
    endloop
  endfacet
  facet normal 0.131305 -0.991342 0
    outer loop
      vertex 0.43412 16.0341 75.538
      vertex 0.43412 16.0341 50.462
      vertex 0.520944 16.0456 75.5572
    endloop
  endfacet
  facet normal 0.131305 -0.991342 0
    outer loop
      vertex 0.520944 16.0456 75.5572
      vertex 0.43412 16.0341 50.462
      vertex 0.520944 16.0456 50.4428
    endloop
  endfacet
  facet normal 0.130356 -0.991467 0
    outer loop
      vertex 0.261467 16.0114 80.4847
      vertex 0.43412 16.0341 105.538
      vertex 0.261467 16.0114 105.515
    endloop
  endfacet
  facet normal 0.130356 -0.991467 0
    outer loop
      vertex 0.43412 16.0341 80.462
      vertex 0.43412 16.0341 105.538
      vertex 0.261467 16.0114 80.4847
    endloop
  endfacet
  facet normal 0.131305 -0.991342 0
    outer loop
      vertex 0.43412 16.0341 105.538
      vertex 0.43412 16.0341 80.462
      vertex 0.520944 16.0456 105.557
    endloop
  endfacet
  facet normal 0.131305 -0.991342 0
    outer loop
      vertex 0.520944 16.0456 105.557
      vertex 0.43412 16.0341 80.462
      vertex 0.520944 16.0456 80.4428
    endloop
  endfacet
  facet normal 0.886913 -0.461937 8.47923e-06
    outer loop
      vertex 2.59808 17.5 0
      vertex 2.71892 17.7321 4.84631
      vertex 2.63246 17.5661 4.95212
    endloop
  endfacet
  facet normal 0.887173 -0.461437 0
    outer loop
      vertex 2.59808 17.5 0
      vertex 2.63246 17.5661 4.95212
      vertex 2.59808 17.5 5.00281
    endloop
  endfacet
  facet normal 0.886985 -0.461798 0
    outer loop
      vertex 2.71892 17.7321 4.84631
      vertex 2.59808 17.5 0
      vertex 2.71892 17.7321 0
    endloop
  endfacet
  facet normal 0.886985 -0.461798 0
    outer loop
      vertex 2.59808 17.5 112
      vertex 2.71892 17.7321 9.15369
      vertex 2.71892 17.7321 112
    endloop
  endfacet
  facet normal 0.886911 -0.461941 -4.11162e-07
    outer loop
      vertex 2.71892 17.7321 9.15369
      vertex 2.59808 17.5 112
      vertex 2.63246 17.5661 9.04788
    endloop
  endfacet
  facet normal 0.887173 -0.461437 0
    outer loop
      vertex 2.63246 17.5661 9.04788
      vertex 2.59808 17.5 112
      vertex 2.59808 17.5 8.99719
    endloop
  endfacet
  facet normal 0.92348 -0.383646 5.71385e-05
    outer loop
      vertex 2.71892 17.7321 0
      vertex 2.81908 17.9739 4.7216
      vertex 2.80645 17.9435 4.73423
    endloop
  endfacet
  facet normal 0.923914 -0.3826 2.39218e-06
    outer loop
      vertex 2.71892 17.7321 0
      vertex 2.80645 17.9435 4.73423
      vertex 2.72632 17.75 4.83494
    endloop
  endfacet
  facet normal 0.924143 -0.382048 0
    outer loop
      vertex 2.71892 17.7321 0
      vertex 2.72632 17.75 4.83494
      vertex 2.71892 17.7321 4.84631
    endloop
  endfacet
  facet normal 0.923875 -0.382694 0
    outer loop
      vertex 2.81908 17.9739 4.7216
      vertex 2.71892 17.7321 0
      vertex 2.81908 17.9739 0
    endloop
  endfacet
  facet normal 0.923875 -0.382694 0
    outer loop
      vertex 2.71892 17.7321 112
      vertex 2.81908 17.9739 9.2784
      vertex 2.81908 17.9739 112
    endloop
  endfacet
  facet normal 0.923472 -0.383665 -2.67961e-06
    outer loop
      vertex 2.81908 17.9739 9.2784
      vertex 2.71892 17.7321 112
      vertex 2.80645 17.9435 9.26577
    endloop
  endfacet
  facet normal 0.923914 -0.382601 -1.12678e-07
    outer loop
      vertex 2.80645 17.9435 9.26577
      vertex 2.71892 17.7321 112
      vertex 2.72632 17.75 9.16506
    endloop
  endfacet
  facet normal 0.924143 -0.382048 0
    outer loop
      vertex 2.72632 17.75 9.16506
      vertex 2.71892 17.7321 112
      vertex 2.71892 17.7321 9.15369
    endloop
  endfacet
  facet normal -0.216273 0.976333 0
    outer loop
      vertex -0.520944 21.9544 0
      vertex -0.776457 21.8978 112
      vertex -0.520944 21.9544 112
    endloop
  endfacet
  facet normal -0.216273 0.976333 0
    outer loop
      vertex -0.776457 21.8978 112
      vertex -0.520944 21.9544 0
      vertex -0.776457 21.8978 0
    endloop
  endfacet
  facet normal -0.924143 0.382048 0
    outer loop
      vertex -2.72632 20.25 9.16506
      vertex -2.71892 20.2679 112
      vertex -2.71892 20.2679 9.15369
    endloop
  endfacet
  facet normal -0.923914 0.382601 -1.12678e-07
    outer loop
      vertex -2.80645 20.0565 9.26577
      vertex -2.71892 20.2679 112
      vertex -2.72632 20.25 9.16506
    endloop
  endfacet
  facet normal -0.923472 0.383665 -2.67961e-06
    outer loop
      vertex -2.81908 20.0261 9.2784
      vertex -2.71892 20.2679 112
      vertex -2.80645 20.0565 9.26577
    endloop
  endfacet
  facet normal -0.923875 0.382694 0
    outer loop
      vertex -2.71892 20.2679 112
      vertex -2.81908 20.0261 9.2784
      vertex -2.81908 20.0261 112
    endloop
  endfacet
  facet normal -0.924143 0.382048 0
    outer loop
      vertex -2.71892 20.2679 0
      vertex -2.72632 20.25 4.83494
      vertex -2.71892 20.2679 4.84631
    endloop
  endfacet
  facet normal -0.923914 0.3826 2.39218e-06
    outer loop
      vertex -2.71892 20.2679 0
      vertex -2.80645 20.0565 4.73423
      vertex -2.72632 20.25 4.83494
    endloop
  endfacet
  facet normal -0.923875 0.382694 0
    outer loop
      vertex -2.81908 20.0261 4.7216
      vertex -2.71892 20.2679 0
      vertex -2.81908 20.0261 0
    endloop
  endfacet
  facet normal -0.92348 0.383646 5.71385e-05
    outer loop
      vertex -2.71892 20.2679 0
      vertex -2.81908 20.0261 4.7216
      vertex -2.80645 20.0565 4.73423
    endloop
  endfacet
  facet normal 0.0435588 -0.999051 0
    outer loop
      vertex 0 16 110.5
      vertex 0.261467 16.0114 112
      vertex 0 16 112
    endloop
  endfacet
  facet normal 0.0435588 -0.999051 -5.76175e-09
    outer loop
      vertex 0.217889 16.0095 110.49
      vertex 0.261467 16.0114 112
      vertex 0 16 110.5
    endloop
  endfacet
  facet normal 0.0435586 -0.999051 0
    outer loop
      vertex 0.261467 16.0114 112
      vertex 0.217889 16.0095 110.49
      vertex 0.261467 16.0114 110.485
    endloop
  endfacet
  facet normal 0.0435588 -0.999051 0
    outer loop
      vertex 0.261467 16.0114 0
      vertex 0 16 15.5
      vertex 0 16 0
    endloop
  endfacet
  facet normal 0.0435588 -0.999051 5.61636e-10
    outer loop
      vertex 0 16 15.5
      vertex 0.261467 16.0114 0
      vertex 0.217889 16.0095 15.5095
    endloop
  endfacet
  facet normal 0.0435586 -0.999051 0
    outer loop
      vertex 0.217889 16.0095 15.5095
      vertex 0.261467 16.0114 0
      vertex 0.261467 16.0114 15.5153
    endloop
  endfacet
  facet normal 0.0435588 -0.999051 0
    outer loop
      vertex 0 16 20.5
      vertex 0.217889 16.0095 45.5095
      vertex 0 16 45.5
    endloop
  endfacet
  facet normal 0.0435588 -0.999051 0
    outer loop
      vertex 0.217889 16.0095 20.4905
      vertex 0.217889 16.0095 45.5095
      vertex 0 16 20.5
    endloop
  endfacet
  facet normal 0.0435586 -0.999051 0
    outer loop
      vertex 0.217889 16.0095 45.5095
      vertex 0.217889 16.0095 20.4905
      vertex 0.261467 16.0114 45.5153
    endloop
  endfacet
  facet normal 0.0435586 -0.999051 0
    outer loop
      vertex 0.261467 16.0114 45.5153
      vertex 0.217889 16.0095 20.4905
      vertex 0.261467 16.0114 20.4847
    endloop
  endfacet
  facet normal 0.0435588 -0.999051 0
    outer loop
      vertex 0 16 50.5
      vertex 0.217889 16.0095 75.5095
      vertex 0 16 75.5
    endloop
  endfacet
  facet normal 0.0435588 -0.999051 0
    outer loop
      vertex 0.217889 16.0095 50.4905
      vertex 0.217889 16.0095 75.5095
      vertex 0 16 50.5
    endloop
  endfacet
  facet normal 0.0435586 -0.999051 0
    outer loop
      vertex 0.217889 16.0095 75.5095
      vertex 0.217889 16.0095 50.4905
      vertex 0.261467 16.0114 75.5153
    endloop
  endfacet
  facet normal 0.0435586 -0.999051 0
    outer loop
      vertex 0.261467 16.0114 75.5153
      vertex 0.217889 16.0095 50.4905
      vertex 0.261467 16.0114 50.4847
    endloop
  endfacet
  facet normal 0.0435588 -0.999051 0
    outer loop
      vertex 0 16 80.5
      vertex 0.217889 16.0095 105.51
      vertex 0 16 105.5
    endloop
  endfacet
  facet normal 0.0435588 -0.999051 0
    outer loop
      vertex 0.217889 16.0095 80.4905
      vertex 0.217889 16.0095 105.51
      vertex 0 16 80.5
    endloop
  endfacet
  facet normal 0.0435586 -0.999051 0
    outer loop
      vertex 0.217889 16.0095 105.51
      vertex 0.217889 16.0095 80.4905
      vertex 0.261467 16.0114 105.515
    endloop
  endfacet
  facet normal 0.0435586 -0.999051 0
    outer loop
      vertex 0.261467 16.0114 105.515
      vertex 0.217889 16.0095 80.4905
      vertex 0.261467 16.0114 80.4847
    endloop
  endfacet
  facet normal 0.300707 0.953716 -0
    outer loop
      vertex 1.02606 21.8191 0
      vertex 0.776457 21.8978 112
      vertex 1.02606 21.8191 112
    endloop
  endfacet
  facet normal 0.300707 0.953716 0
    outer loop
      vertex 0.776457 21.8978 112
      vertex 1.02606 21.8191 0
      vertex 0.776457 21.8978 0
    endloop
  endfacet
  facet normal -0.461868 -0.886948 0
    outer loop
      vertex -1.5 16.4019 0
      vertex -1.43394 16.3675 15.9521
      vertex -1.5 16.4019 16.0028
    endloop
  endfacet
  facet normal -0.461493 -0.887144 -1.97434e-06
    outer loop
      vertex -1.5 16.4019 0
      vertex -1.26785 16.2811 15.8463
      vertex -1.43394 16.3675 15.9521
    endloop
  endfacet
  facet normal -0.461599 -0.887089 -0
    outer loop
      vertex -1.26785 16.2811 15.8463
      vertex -1.5 16.4019 0
      vertex -1.26785 16.2811 0
    endloop
  endfacet
  facet normal -0.461599 -0.887089 0
    outer loop
      vertex -1.5 16.4019 112
      vertex -1.26785 16.2811 110.154
      vertex -1.26785 16.2811 112
    endloop
  endfacet
  facet normal -0.4615 -0.88714 1.58352e-05
    outer loop
      vertex -1.5 16.4019 112
      vertex -1.43394 16.3675 110.048
      vertex -1.26785 16.2811 110.154
    endloop
  endfacet
  facet normal -0.461868 -0.886948 0
    outer loop
      vertex -1.43394 16.3675 110.048
      vertex -1.5 16.4019 112
      vertex -1.5 16.4019 109.997
    endloop
  endfacet
  facet normal -0.461492 -0.887144 0
    outer loop
      vertex -1.43394 16.3675 45.9521
      vertex -1.26785 16.2811 20.1537
      vertex -1.26785 16.2811 45.8463
    endloop
  endfacet
  facet normal -0.461868 -0.886948 0
    outer loop
      vertex -1.43394 16.3675 20.0479
      vertex -1.43394 16.3675 45.9521
      vertex -1.5 16.4019 46.0028
    endloop
  endfacet
  facet normal -0.461492 -0.887144 -0
    outer loop
      vertex -1.43394 16.3675 45.9521
      vertex -1.43394 16.3675 20.0479
      vertex -1.26785 16.2811 20.1537
    endloop
  endfacet
  facet normal -0.461868 -0.886948 0
    outer loop
      vertex -1.43394 16.3675 20.0479
      vertex -1.5 16.4019 46.0028
      vertex -1.5 16.4019 19.9972
    endloop
  endfacet
  facet normal -0.461492 -0.887144 0
    outer loop
      vertex -1.43394 16.3675 75.9521
      vertex -1.26785 16.2811 50.1537
      vertex -1.26785 16.2811 75.8463
    endloop
  endfacet
  facet normal -0.461868 -0.886948 0
    outer loop
      vertex -1.43394 16.3675 50.0479
      vertex -1.43394 16.3675 75.9521
      vertex -1.5 16.4019 76.0028
    endloop
  endfacet
  facet normal -0.461492 -0.887144 -0
    outer loop
      vertex -1.43394 16.3675 75.9521
      vertex -1.43394 16.3675 50.0479
      vertex -1.26785 16.2811 50.1537
    endloop
  endfacet
  facet normal -0.461868 -0.886948 0
    outer loop
      vertex -1.43394 16.3675 50.0479
      vertex -1.5 16.4019 76.0028
      vertex -1.5 16.4019 49.9972
    endloop
  endfacet
  facet normal -0.461492 -0.887144 0
    outer loop
      vertex -1.43394 16.3675 105.952
      vertex -1.26785 16.2811 80.1537
      vertex -1.26785 16.2811 105.846
    endloop
  endfacet
  facet normal -0.461868 -0.886948 0
    outer loop
      vertex -1.43394 16.3675 80.0479
      vertex -1.43394 16.3675 105.952
      vertex -1.5 16.4019 106.003
    endloop
  endfacet
  facet normal -0.461492 -0.887144 -0
    outer loop
      vertex -1.43394 16.3675 105.952
      vertex -1.43394 16.3675 80.0479
      vertex -1.26785 16.2811 80.1537
    endloop
  endfacet
  facet normal -0.461868 -0.886948 0
    outer loop
      vertex -1.43394 16.3675 80.0479
      vertex -1.5 16.4019 106.003
      vertex -1.5 16.4019 79.9972
    endloop
  endfacet
  facet normal -0.382961 -0.923764 0
    outer loop
      vertex -1.26785 16.2811 0
      vertex -1.25 16.2737 15.8349
      vertex -1.26785 16.2811 15.8463
    endloop
  endfacet
  facet normal -0.38297 -0.923761 1.20554e-08
    outer loop
      vertex -1.26785 16.2811 0
      vertex -1.05655 16.1935 15.7342
      vertex -1.25 16.2737 15.8349
    endloop
  endfacet
  facet normal -0.381929 -0.924192 -1.63688e-05
    outer loop
      vertex -1.26785 16.2811 0
      vertex -1.02606 16.1809 15.7216
      vertex -1.05655 16.1935 15.7342
    endloop
  endfacet
  facet normal -0.382838 -0.923816 -0
    outer loop
      vertex -1.02606 16.1809 15.7216
      vertex -1.26785 16.2811 0
      vertex -1.02606 16.1809 0
    endloop
  endfacet
  facet normal -0.382838 -0.923816 0
    outer loop
      vertex -1.26785 16.2811 112
      vertex -1.02606 16.1809 110.278
      vertex -1.02606 16.1809 112
    endloop
  endfacet
  facet normal -0.381971 -0.924174 0.000142516
    outer loop
      vertex -1.26785 16.2811 112
      vertex -1.05655 16.1935 110.266
      vertex -1.02606 16.1809 110.278
    endloop
  endfacet
  facet normal -0.38297 -0.923761 -1.03565e-07
    outer loop
      vertex -1.26785 16.2811 112
      vertex -1.25 16.2737 110.165
      vertex -1.05655 16.1935 110.266
    endloop
  endfacet
  facet normal -0.382961 -0.923764 0
    outer loop
      vertex -1.25 16.2737 110.165
      vertex -1.26785 16.2811 112
      vertex -1.26785 16.2811 110.154
    endloop
  endfacet
  facet normal -0.381923 -0.924194 0
    outer loop
      vertex -1.05655 16.1935 45.7342
      vertex -1.02606 16.1809 20.2784
      vertex -1.02606 16.1809 45.7216
    endloop
  endfacet
  facet normal -0.38297 -0.923761 0
    outer loop
      vertex -1.05655 16.1935 20.2658
      vertex -1.05655 16.1935 45.7342
      vertex -1.25 16.2737 45.8349
    endloop
  endfacet
  facet normal -0.382961 -0.923764 0
    outer loop
      vertex -1.25 16.2737 20.1651
      vertex -1.25 16.2737 45.8349
      vertex -1.26785 16.2811 45.8463
    endloop
  endfacet
  facet normal -0.381923 -0.924194 -0
    outer loop
      vertex -1.05655 16.1935 45.7342
      vertex -1.05655 16.1935 20.2658
      vertex -1.02606 16.1809 20.2784
    endloop
  endfacet
  facet normal -0.38297 -0.923761 -0
    outer loop
      vertex -1.25 16.2737 45.8349
      vertex -1.25 16.2737 20.1651
      vertex -1.05655 16.1935 20.2658
    endloop
  endfacet
  facet normal -0.382961 -0.923764 0
    outer loop
      vertex -1.25 16.2737 20.1651
      vertex -1.26785 16.2811 45.8463
      vertex -1.26785 16.2811 20.1537
    endloop
  endfacet
  facet normal -0.381923 -0.924194 0
    outer loop
      vertex -1.05655 16.1935 105.734
      vertex -1.02606 16.1809 80.2784
      vertex -1.02606 16.1809 105.722
    endloop
  endfacet
  facet normal -0.38297 -0.923761 0
    outer loop
      vertex -1.05655 16.1935 80.2658
      vertex -1.05655 16.1935 105.734
      vertex -1.25 16.2737 105.835
    endloop
  endfacet
  facet normal -0.382961 -0.923764 0
    outer loop
      vertex -1.25 16.2737 80.1651
      vertex -1.25 16.2737 105.835
      vertex -1.26785 16.2811 105.846
    endloop
  endfacet
  facet normal -0.381923 -0.924194 -0
    outer loop
      vertex -1.05655 16.1935 105.734
      vertex -1.05655 16.1935 80.2658
      vertex -1.02606 16.1809 80.2784
    endloop
  endfacet
  facet normal -0.38297 -0.923761 -0
    outer loop
      vertex -1.25 16.2737 105.835
      vertex -1.25 16.2737 80.1651
      vertex -1.05655 16.1935 80.2658
    endloop
  endfacet
  facet normal -0.382961 -0.923764 0
    outer loop
      vertex -1.25 16.2737 80.1651
      vertex -1.26785 16.2811 105.846
      vertex -1.26785 16.2811 80.1537
    endloop
  endfacet
  facet normal -0.381923 -0.924194 0
    outer loop
      vertex -1.05655 16.1935 75.7342
      vertex -1.02606 16.1809 50.2784
      vertex -1.02606 16.1809 75.7216
    endloop
  endfacet
  facet normal -0.38297 -0.923761 0
    outer loop
      vertex -1.05655 16.1935 50.2658
      vertex -1.05655 16.1935 75.7342
      vertex -1.25 16.2737 75.8349
    endloop
  endfacet
  facet normal -0.382961 -0.923764 0
    outer loop
      vertex -1.25 16.2737 50.1651
      vertex -1.25 16.2737 75.8349
      vertex -1.26785 16.2811 75.8463
    endloop
  endfacet
  facet normal -0.381923 -0.924194 -0
    outer loop
      vertex -1.05655 16.1935 75.7342
      vertex -1.05655 16.1935 50.2658
      vertex -1.02606 16.1809 50.2784
    endloop
  endfacet
  facet normal -0.38297 -0.923761 -0
    outer loop
      vertex -1.25 16.2737 75.8349
      vertex -1.25 16.2737 50.1651
      vertex -1.05655 16.1935 50.2658
    endloop
  endfacet
  facet normal -0.382961 -0.923764 0
    outer loop
      vertex -1.25 16.2737 50.1651
      vertex -1.26785 16.2811 75.8463
      vertex -1.26785 16.2811 50.1537
    endloop
  endfacet
  facet normal -0.382524 0 0.923946
    outer loop
      vertex -1.02606 16.1809 20.2784
      vertex -0.85505 -16.127 20.3492
      vertex -0.85505 16.127 20.3492
    endloop
  endfacet
  facet normal -0.382524 0 0.923946
    outer loop
      vertex -1.02606 16.1809 20.2784
      vertex -1.02606 -16.1809 20.2784
      vertex -0.85505 -16.127 20.3492
    endloop
  endfacet
  facet normal -0.381923 0 0.924194
    outer loop
      vertex -1.05655 16.1935 20.2658
      vertex -1.02606 -16.1809 20.2784
      vertex -1.02606 16.1809 20.2784
    endloop
  endfacet
  facet normal -0.381923 0 0.924194
    outer loop
      vertex -1.02606 -16.1809 20.2784
      vertex -1.05655 16.1935 20.2658
      vertex -1.05655 -16.1935 20.2658
    endloop
  endfacet
  facet normal 0.991441 -0 0.130557
    outer loop
      vertex 2.46202 -17.2864 18.4341
      vertex 2.49049 17.3311 18.2179
      vertex 2.46202 17.2864 18.4341
    endloop
  endfacet
  facet normal 0.991441 0 0.130557
    outer loop
      vertex 2.49049 17.3311 18.2179
      vertex 2.46202 -17.2864 18.4341
      vertex 2.49049 -17.3311 18.2179
    endloop
  endfacet
  facet normal 0.999049 -0 0.0436024
    outer loop
      vertex 2.49049 -17.3311 18.2179
      vertex 2.5 17.3461 18
      vertex 2.49049 17.3311 18.2179
    endloop
  endfacet
  facet normal 0.999049 0 0.0436024
    outer loop
      vertex 2.5 17.3461 18
      vertex 2.49049 -17.3311 18.2179
      vertex 2.5 -17.3461 18
    endloop
  endfacet
  facet normal -0.887048 0 0.461677
    outer loop
      vertex -2.26577 17.0363 19.0565
      vertex -2.16506 -16.9264 19.25
      vertex -2.16506 16.9264 19.25
    endloop
  endfacet
  facet normal -0.887048 0 0.461677
    outer loop
      vertex -2.16506 -16.9264 19.25
      vertex -2.26577 17.0363 19.0565
      vertex -2.26577 -17.0363 19.0565
    endloop
  endfacet
  facet normal 0.976277 0 -0.216527
    outer loop
      vertex 2.45746 17.2793 17.5453
      vertex 2.41481 -17.2237 17.353
      vertex 2.41481 17.2237 17.353
    endloop
  endfacet
  facet normal 0.976365 0 -0.216127
    outer loop
      vertex 2.45746 -17.2793 17.5453
      vertex 2.45746 17.2793 17.5453
      vertex 2.46202 17.2864 17.5659
    endloop
  endfacet
  facet normal 0.976277 0 -0.216527
    outer loop
      vertex 2.45746 17.2793 17.5453
      vertex 2.45746 -17.2793 17.5453
      vertex 2.41481 -17.2237 17.353
    endloop
  endfacet
  facet normal 0.976365 0 -0.216127
    outer loop
      vertex 2.45746 -17.2793 17.5453
      vertex 2.46202 17.2864 17.5659
      vertex 2.46202 -17.2864 17.5659
    endloop
  endfacet
  facet normal -0.793902 0 0.608046
    outer loop
      vertex -1.92836 16.7019 19.5897
      vertex -1.91511 -16.6917 19.607
      vertex -1.91511 16.6917 19.607
    endloop
  endfacet
  facet normal -0.793426 0 0.608667
    outer loop
      vertex -1.92836 -16.7019 19.5897
      vertex -1.92836 16.7019 19.5897
      vertex -2.04788 16.8114 19.4339
    endloop
  endfacet
  facet normal -0.793902 0 0.608046
    outer loop
      vertex -1.92836 16.7019 19.5897
      vertex -1.92836 -16.7019 19.5897
      vertex -1.91511 -16.6917 19.607
    endloop
  endfacet
  facet normal -0.793426 0 0.608667
    outer loop
      vertex -1.92836 -16.7019 19.5897
      vertex -2.04788 16.8114 19.4339
      vertex -2.04788 -16.8114 19.4339
    endloop
  endfacet
  facet normal -0.923838 0 -0.382784
    outer loop
      vertex -2.26577 -17.0363 16.9435
      vertex -2.29813 17.0716 17.0216
      vertex -2.26577 17.0363 16.9435
    endloop
  endfacet
  facet normal -0.923838 0 -0.382784
    outer loop
      vertex -2.29813 -17.0716 17.0216
      vertex -2.29813 17.0716 17.0216
      vertex -2.26577 -17.0363 16.9435
    endloop
  endfacet
  facet normal -0.923807 -0 -0.382859
    outer loop
      vertex -2.29813 17.0716 17.0216
      vertex -2.29813 -17.0716 17.0216
      vertex -2.34923 17.1382 17.1449
    endloop
  endfacet
  facet normal -0.923807 -0 -0.382859
    outer loop
      vertex -2.34923 17.1382 17.1449
      vertex -2.29813 -17.0716 17.0216
      vertex -2.34923 -17.1382 17.1449
    endloop
  endfacet
  facet normal -0.215921 0 0.976411
    outer loop
      vertex -0.520944 16.0456 20.4428
      vertex -0.43412 -16.0341 20.462
      vertex -0.43412 16.0341 20.462
    endloop
  endfacet
  facet normal -0.215921 0 0.976411
    outer loop
      vertex -0.520944 16.0456 20.4428
      vertex -0.520944 -16.0456 20.4428
      vertex -0.43412 -16.0341 20.462
    endloop
  endfacet
  facet normal -0.216762 0 0.976225
    outer loop
      vertex -0.647047 16.0735 20.4148
      vertex -0.520944 -16.0456 20.4428
      vertex -0.520944 16.0456 20.4428
    endloop
  endfacet
  facet normal -0.216762 0 0.976225
    outer loop
      vertex -0.520944 -16.0456 20.4428
      vertex -0.647047 16.0735 20.4148
      vertex -0.647047 -16.0735 20.4148
    endloop
  endfacet
  facet normal -0.991441 0 0.130557
    outer loop
      vertex -2.49049 17.3311 18.2179
      vertex -2.46202 -17.2864 18.4341
      vertex -2.46202 17.2864 18.4341
    endloop
  endfacet
  facet normal -0.991441 0 0.130557
    outer loop
      vertex -2.46202 -17.2864 18.4341
      vertex -2.49049 17.3311 18.2179
      vertex -2.49049 -17.3311 18.2179
    endloop
  endfacet
  facet normal -0.843227 0 0.537557
    outer loop
      vertex -2.12132 16.8787 19.3187
      vertex -2.04788 -16.8114 19.4339
      vertex -2.04788 16.8114 19.4339
    endloop
  endfacet
  facet normal -0.84354 0 0.537066
    outer loop
      vertex -2.12132 -16.8787 19.3187
      vertex -2.12132 16.8787 19.3187
      vertex -2.16506 16.9264 19.25
    endloop
  endfacet
  facet normal -0.843227 0 0.537557
    outer loop
      vertex -2.12132 16.8787 19.3187
      vertex -2.12132 -16.8787 19.3187
      vertex -2.04788 -16.8114 19.4339
    endloop
  endfacet
  facet normal -0.84354 0 0.537066
    outer loop
      vertex -2.12132 -16.8787 19.3187
      vertex -2.16506 16.9264 19.25
      vertex -2.16506 -16.9264 19.25
    endloop
  endfacet
  facet normal -0.131931 0 -0.991259
    outer loop
      vertex -0.261467 -16.0114 15.5153
      vertex -0.217889 16.0095 15.5095
      vertex -0.217889 -16.0095 15.5095
    endloop
  endfacet
  facet normal -0.131931 0 -0.991259
    outer loop
      vertex -0.261467 -16.0114 15.5153
      vertex -0.261467 16.0114 15.5153
      vertex -0.217889 16.0095 15.5095
    endloop
  endfacet
  facet normal -0.130356 0 -0.991467
    outer loop
      vertex -0.43412 -16.0341 15.538
      vertex -0.261467 16.0114 15.5153
      vertex -0.261467 -16.0114 15.5153
    endloop
  endfacet
  facet normal -0.130356 0 -0.991467
    outer loop
      vertex -0.261467 16.0114 15.5153
      vertex -0.43412 -16.0341 15.538
      vertex -0.43412 16.0341 15.538
    endloop
  endfacet
  facet normal 0.381923 0 -0.924194
    outer loop
      vertex 1.02606 -16.1809 15.7216
      vertex 1.05655 16.1935 15.7342
      vertex 1.05655 -16.1935 15.7342
    endloop
  endfacet
  facet normal 0.381923 0 -0.924194
    outer loop
      vertex 1.02606 -16.1809 15.7216
      vertex 1.02606 16.1809 15.7216
      vertex 1.05655 16.1935 15.7342
    endloop
  endfacet
  facet normal 0.382524 0 -0.923946
    outer loop
      vertex 0.85505 -16.127 15.6508
      vertex 1.02606 16.1809 15.7216
      vertex 1.02606 -16.1809 15.7216
    endloop
  endfacet
  facet normal 0.382524 0 -0.923946
    outer loop
      vertex 1.02606 16.1809 15.7216
      vertex 0.85505 -16.127 15.6508
      vertex 0.85505 16.127 15.6508
    endloop
  endfacet
  facet normal -0.675443 0 0.737412
    outer loop
      vertex -1.72073 16.5425 19.8109
      vertex -1.60697 -16.4701 19.9151
      vertex -1.60697 16.4701 19.9151
    endloop
  endfacet
  facet normal -0.675443 0 0.737412
    outer loop
      vertex -1.72073 16.5425 19.8109
      vertex -1.72073 -16.5425 19.8109
      vertex -1.60697 -16.4701 19.9151
    endloop
  endfacet
  facet normal -0.675554 0 0.73731
    outer loop
      vertex -1.76777 16.5786 19.7678
      vertex -1.72073 -16.5425 19.8109
      vertex -1.72073 16.5425 19.8109
    endloop
  endfacet
  facet normal -0.675554 0 0.73731
    outer loop
      vertex -1.72073 -16.5425 19.8109
      vertex -1.76777 16.5786 19.7678
      vertex -1.76777 -16.5786 19.7678
    endloop
  endfacet
  facet normal 0.300923 0 0.953648
    outer loop
      vertex 0.776457 16.1022 20.374
      vertex 0.85505 -16.127 20.3492
      vertex 0.85505 16.127 20.3492
    endloop
  endfacet
  facet normal 0.300923 0 0.953648
    outer loop
      vertex 0.776457 16.1022 20.374
      vertex 0.776457 -16.1022 20.374
      vertex 0.85505 -16.127 20.3492
    endloop
  endfacet
  facet normal 0.300687 0 0.953723
    outer loop
      vertex 0.647047 16.0735 20.4148
      vertex 0.776457 -16.1022 20.374
      vertex 0.776457 16.1022 20.374
    endloop
  endfacet
  facet normal 0.300687 0 0.953723
    outer loop
      vertex 0.776457 -16.1022 20.374
      vertex 0.647047 16.0735 20.4148
      vertex 0.647047 -16.0735 20.4148
    endloop
  endfacet
  facet normal -0.953761 0 -0.300565
    outer loop
      vertex -2.34923 -17.1382 17.1449
      vertex -2.41481 17.2237 17.353
      vertex -2.34923 17.1382 17.1449
    endloop
  endfacet
  facet normal -0.953761 -0 -0.300565
    outer loop
      vertex -2.41481 17.2237 17.353
      vertex -2.34923 -17.1382 17.1449
      vertex -2.41481 -17.2237 17.353
    endloop
  endfacet
  facet normal 0.976277 -0 0.216527
    outer loop
      vertex 2.41481 -17.2237 18.647
      vertex 2.45746 17.2793 18.4547
      vertex 2.41481 17.2237 18.647
    endloop
  endfacet
  facet normal 0.976277 -0 0.216527
    outer loop
      vertex 2.45746 -17.2793 18.4547
      vertex 2.45746 17.2793 18.4547
      vertex 2.41481 -17.2237 18.647
    endloop
  endfacet
  facet normal 0.976365 0 0.216127
    outer loop
      vertex 2.45746 17.2793 18.4547
      vertex 2.45746 -17.2793 18.4547
      vertex 2.46202 17.2864 18.4341
    endloop
  endfacet
  facet normal 0.976365 0 0.216127
    outer loop
      vertex 2.46202 17.2864 18.4341
      vertex 2.45746 -17.2793 18.4547
      vertex 2.46202 -17.2864 18.4341
    endloop
  endfacet
  facet normal 0.130356 0 0.991467
    outer loop
      vertex 0.261467 16.0114 20.4847
      vertex 0.43412 -16.0341 20.462
      vertex 0.43412 16.0341 20.462
    endloop
  endfacet
  facet normal 0.130356 0 0.991467
    outer loop
      vertex 0.261467 16.0114 20.4847
      vertex 0.261467 -16.0114 20.4847
      vertex 0.43412 -16.0341 20.462
    endloop
  endfacet
  facet normal 0.131931 0 0.991259
    outer loop
      vertex 0.217889 16.0095 20.4905
      vertex 0.261467 -16.0114 20.4847
      vertex 0.261467 16.0114 20.4847
    endloop
  endfacet
  facet normal 0.131931 0 0.991259
    outer loop
      vertex 0.261467 -16.0114 20.4847
      vertex 0.217889 16.0095 20.4905
      vertex 0.217889 -16.0095 20.4905
    endloop
  endfacet
  facet normal -0.793902 0 -0.608046
    outer loop
      vertex -1.91511 -16.6917 16.393
      vertex -1.92836 16.7019 16.4103
      vertex -1.91511 16.6917 16.393
    endloop
  endfacet
  facet normal -0.793902 0 -0.608046
    outer loop
      vertex -1.92836 -16.7019 16.4103
      vertex -1.92836 16.7019 16.4103
      vertex -1.91511 -16.6917 16.393
    endloop
  endfacet
  facet normal -0.793426 -0 -0.608667
    outer loop
      vertex -1.92836 16.7019 16.4103
      vertex -1.92836 -16.7019 16.4103
      vertex -2.04788 16.8114 16.5661
    endloop
  endfacet
  facet normal -0.793426 -0 -0.608667
    outer loop
      vertex -2.04788 16.8114 16.5661
      vertex -1.92836 -16.7019 16.4103
      vertex -2.04788 -16.8114 16.5661
    endloop
  endfacet
  facet normal 0.0435588 0 -0.999051
    outer loop
      vertex 0 -16 15.5
      vertex 0.217889 16.0095 15.5095
      vertex 0.217889 -16.0095 15.5095
    endloop
  endfacet
  facet normal 0.0435588 0 -0.999051
    outer loop
      vertex 0.217889 16.0095 15.5095
      vertex 0 -16 15.5
      vertex 0 16 15.5
    endloop
  endfacet
  facet normal 0.793902 -0 0.608046
    outer loop
      vertex 1.91511 -16.6917 19.607
      vertex 1.92836 16.7019 19.5897
      vertex 1.91511 16.6917 19.607
    endloop
  endfacet
  facet normal 0.793902 -0 0.608046
    outer loop
      vertex 1.92836 -16.7019 19.5897
      vertex 1.92836 16.7019 19.5897
      vertex 1.91511 -16.6917 19.607
    endloop
  endfacet
  facet normal 0.793426 0 0.608667
    outer loop
      vertex 1.92836 16.7019 19.5897
      vertex 1.92836 -16.7019 19.5897
      vertex 2.04788 16.8114 19.4339
    endloop
  endfacet
  facet normal 0.793426 0 0.608667
    outer loop
      vertex 2.04788 16.8114 19.4339
      vertex 1.92836 -16.7019 19.5897
      vertex 2.04788 -16.8114 19.4339
    endloop
  endfacet
  facet normal 0.216762 0 -0.976225
    outer loop
      vertex 0.520944 -16.0456 15.5572
      vertex 0.647047 16.0735 15.5852
      vertex 0.647047 -16.0735 15.5852
    endloop
  endfacet
  facet normal 0.216762 0 -0.976225
    outer loop
      vertex 0.520944 -16.0456 15.5572
      vertex 0.520944 16.0456 15.5572
      vertex 0.647047 16.0735 15.5852
    endloop
  endfacet
  facet normal 0.215921 0 -0.976411
    outer loop
      vertex 0.43412 -16.0341 15.538
      vertex 0.520944 16.0456 15.5572
      vertex 0.520944 -16.0456 15.5572
    endloop
  endfacet
  facet normal 0.215921 0 -0.976411
    outer loop
      vertex 0.520944 16.0456 15.5572
      vertex 0.43412 -16.0341 15.538
      vertex 0.43412 16.0341 15.538
    endloop
  endfacet
  facet normal 0.130356 0 -0.991467
    outer loop
      vertex 0.261467 -16.0114 15.5153
      vertex 0.43412 16.0341 15.538
      vertex 0.43412 -16.0341 15.538
    endloop
  endfacet
  facet normal 0.130356 0 -0.991467
    outer loop
      vertex 0.261467 -16.0114 15.5153
      vertex 0.261467 16.0114 15.5153
      vertex 0.43412 16.0341 15.538
    endloop
  endfacet
  facet normal 0.131931 0 -0.991259
    outer loop
      vertex 0.217889 -16.0095 15.5095
      vertex 0.261467 16.0114 15.5153
      vertex 0.261467 -16.0114 15.5153
    endloop
  endfacet
  facet normal 0.131931 0 -0.991259
    outer loop
      vertex 0.261467 16.0114 15.5153
      vertex 0.217889 -16.0095 15.5095
      vertex 0.217889 16.0095 15.5095
    endloop
  endfacet
  facet normal -0.843227 0 -0.537557
    outer loop
      vertex -2.04788 -16.8114 16.5661
      vertex -2.12132 16.8787 16.6813
      vertex -2.04788 16.8114 16.5661
    endloop
  endfacet
  facet normal -0.843227 0 -0.537557
    outer loop
      vertex -2.12132 -16.8787 16.6813
      vertex -2.12132 16.8787 16.6813
      vertex -2.04788 -16.8114 16.5661
    endloop
  endfacet
  facet normal -0.84354 -0 -0.537066
    outer loop
      vertex -2.12132 16.8787 16.6813
      vertex -2.12132 -16.8787 16.6813
      vertex -2.16506 16.9264 16.75
    endloop
  endfacet
  facet normal -0.84354 -0 -0.537066
    outer loop
      vertex -2.16506 16.9264 16.75
      vertex -2.12132 -16.8787 16.6813
      vertex -2.16506 -16.9264 16.75
    endloop
  endfacet
  facet normal 0.999049 0 -0.0436024
    outer loop
      vertex 2.5 17.3461 18
      vertex 2.49049 -17.3311 17.7821
      vertex 2.49049 17.3311 17.7821
    endloop
  endfacet
  facet normal 0.999049 0 -0.0436024
    outer loop
      vertex 2.49049 -17.3311 17.7821
      vertex 2.5 17.3461 18
      vertex 2.5 -17.3461 18
    endloop
  endfacet
  facet normal 0.95372 -0 0.300697
    outer loop
      vertex 2.34923 -17.1382 18.855
      vertex 2.41481 17.2237 18.647
      vertex 2.34923 17.1382 18.855
    endloop
  endfacet
  facet normal 0.95372 0 0.300697
    outer loop
      vertex 2.41481 17.2237 18.647
      vertex 2.34923 -17.1382 18.855
      vertex 2.41481 -17.2237 18.647
    endloop
  endfacet
  facet normal -0.461735 0 0.887018
    outer loop
      vertex -1.25 16.2737 20.1651
      vertex -1.05655 -16.1935 20.2658
      vertex -1.05655 16.1935 20.2658
    endloop
  endfacet
  facet normal -0.461735 0 0.887018
    outer loop
      vertex -1.05655 -16.1935 20.2658
      vertex -1.25 16.2737 20.1651
      vertex -1.25 -16.2737 20.1651
    endloop
  endfacet
  facet normal -0.991441 0 -0.130557
    outer loop
      vertex -2.46202 -17.2864 17.5659
      vertex -2.49049 17.3311 17.7821
      vertex -2.46202 17.2864 17.5659
    endloop
  endfacet
  facet normal -0.991441 -0 -0.130557
    outer loop
      vertex -2.49049 17.3311 17.7821
      vertex -2.46202 -17.2864 17.5659
      vertex -2.49049 -17.3311 17.7821
    endloop
  endfacet
  facet normal 0.923838 -0 0.382784
    outer loop
      vertex 2.26577 -17.0363 19.0565
      vertex 2.29813 17.0716 18.9784
      vertex 2.26577 17.0363 19.0565
    endloop
  endfacet
  facet normal 0.923838 -0 0.382784
    outer loop
      vertex 2.29813 -17.0716 18.9784
      vertex 2.29813 17.0716 18.9784
      vertex 2.26577 -17.0363 19.0565
    endloop
  endfacet
  facet normal 0.923916 0 0.382594
    outer loop
      vertex 2.29813 17.0716 18.9784
      vertex 2.29813 -17.0716 18.9784
      vertex 2.34923 17.1382 18.855
    endloop
  endfacet
  facet normal 0.923916 0 0.382594
    outer loop
      vertex 2.34923 17.1382 18.855
      vertex 2.29813 -17.0716 18.9784
      vertex 2.34923 -17.1382 18.855
    endloop
  endfacet
  facet normal -0.60884 0 0.793293
    outer loop
      vertex -1.5 16.4019 19.9972
      vertex -1.43394 -16.3675 20.0479
      vertex -1.43394 16.3675 20.0479
    endloop
  endfacet
  facet normal -0.60884 0 0.793293
    outer loop
      vertex -1.5 16.4019 19.9972
      vertex -1.5 -16.4019 19.9972
      vertex -1.43394 -16.3675 20.0479
    endloop
  endfacet
  facet normal -0.60885 0 0.793285
    outer loop
      vertex -1.60697 16.4701 19.9151
      vertex -1.5 -16.4019 19.9972
      vertex -1.5 16.4019 19.9972
    endloop
  endfacet
  facet normal -0.60885 0 0.793285
    outer loop
      vertex -1.5 -16.4019 19.9972
      vertex -1.60697 16.4701 19.9151
      vertex -1.60697 -16.4701 19.9151
    endloop
  endfacet
  facet normal -0.300687 0 0.953723
    outer loop
      vertex -0.776457 16.1022 20.374
      vertex -0.647047 -16.0735 20.4148
      vertex -0.647047 16.0735 20.4148
    endloop
  endfacet
  facet normal -0.300687 0 0.953723
    outer loop
      vertex -0.776457 16.1022 20.374
      vertex -0.776457 -16.1022 20.374
      vertex -0.647047 -16.0735 20.4148
    endloop
  endfacet
  facet normal -0.300923 0 0.953648
    outer loop
      vertex -0.85505 16.127 20.3492
      vertex -0.776457 -16.1022 20.374
      vertex -0.776457 16.1022 20.374
    endloop
  endfacet
  facet normal -0.300923 0 0.953648
    outer loop
      vertex -0.776457 -16.1022 20.374
      vertex -0.85505 16.127 20.3492
      vertex -0.85505 -16.127 20.3492
    endloop
  endfacet
  facet normal 0.887048 -0 0.461677
    outer loop
      vertex 2.16506 -16.9264 19.25
      vertex 2.26577 17.0363 19.0565
      vertex 2.16506 16.9264 19.25
    endloop
  endfacet
  facet normal 0.887048 0 0.461677
    outer loop
      vertex 2.26577 17.0363 19.0565
      vertex 2.16506 -16.9264 19.25
      vertex 2.26577 -17.0363 19.0565
    endloop
  endfacet
  facet normal 0.793902 0 -0.608046
    outer loop
      vertex 1.92836 16.7019 16.4103
      vertex 1.91511 -16.6917 16.393
      vertex 1.91511 16.6917 16.393
    endloop
  endfacet
  facet normal 0.793426 0 -0.608667
    outer loop
      vertex 1.92836 -16.7019 16.4103
      vertex 1.92836 16.7019 16.4103
      vertex 2.04788 16.8114 16.5661
    endloop
  endfacet
  facet normal 0.793902 0 -0.608046
    outer loop
      vertex 1.92836 16.7019 16.4103
      vertex 1.92836 -16.7019 16.4103
      vertex 1.91511 -16.6917 16.393
    endloop
  endfacet
  facet normal 0.793426 0 -0.608667
    outer loop
      vertex 1.92836 -16.7019 16.4103
      vertex 2.04788 16.8114 16.5661
      vertex 2.04788 -16.8114 16.5661
    endloop
  endfacet
  facet normal 0.953761 0 -0.300565
    outer loop
      vertex 2.41481 17.2237 17.353
      vertex 2.34923 -17.1382 17.1449
      vertex 2.34923 17.1382 17.1449
    endloop
  endfacet
  facet normal 0.953761 0 -0.300565
    outer loop
      vertex 2.34923 -17.1382 17.1449
      vertex 2.41481 17.2237 17.353
      vertex 2.41481 -17.2237 17.353
    endloop
  endfacet
  facet normal 0.843227 -0 0.537557
    outer loop
      vertex 2.04788 -16.8114 19.4339
      vertex 2.12132 16.8787 19.3187
      vertex 2.04788 16.8114 19.4339
    endloop
  endfacet
  facet normal 0.843227 -0 0.537557
    outer loop
      vertex 2.12132 -16.8787 19.3187
      vertex 2.12132 16.8787 19.3187
      vertex 2.04788 -16.8114 19.4339
    endloop
  endfacet
  facet normal 0.84354 0 0.537066
    outer loop
      vertex 2.12132 16.8787 19.3187
      vertex 2.12132 -16.8787 19.3187
      vertex 2.16506 16.9264 19.25
    endloop
  endfacet
  facet normal 0.84354 0 0.537066
    outer loop
      vertex 2.16506 16.9264 19.25
      vertex 2.12132 -16.8787 19.3187
      vertex 2.16506 -16.9264 19.25
    endloop
  endfacet
  facet normal 0.53726 0 0.843417
    outer loop
      vertex 1.26785 16.2811 20.1537
      vertex 1.43394 -16.3675 20.0479
      vertex 1.43394 16.3675 20.0479
    endloop
  endfacet
  facet normal 0.53726 0 0.843417
    outer loop
      vertex 1.26785 16.2811 20.1537
      vertex 1.26785 -16.2811 20.1537
      vertex 1.43394 -16.3675 20.0479
    endloop
  endfacet
  facet normal 0.53825 0 0.842786
    outer loop
      vertex 1.25 16.2737 20.1651
      vertex 1.26785 -16.2811 20.1537
      vertex 1.26785 16.2811 20.1537
    endloop
  endfacet
  facet normal 0.53825 0 0.842786
    outer loop
      vertex 1.26785 -16.2811 20.1537
      vertex 1.25 16.2737 20.1651
      vertex 1.25 -16.2737 20.1651
    endloop
  endfacet
  facet normal 0.53726 0 -0.843417
    outer loop
      vertex 1.26785 -16.2811 15.8463
      vertex 1.43394 16.3675 15.9521
      vertex 1.43394 -16.3675 15.9521
    endloop
  endfacet
  facet normal 0.53726 0 -0.843417
    outer loop
      vertex 1.26785 -16.2811 15.8463
      vertex 1.26785 16.2811 15.8463
      vertex 1.43394 16.3675 15.9521
    endloop
  endfacet
  facet normal 0.53825 0 -0.842786
    outer loop
      vertex 1.25 -16.2737 15.8349
      vertex 1.26785 16.2811 15.8463
      vertex 1.26785 -16.2811 15.8463
    endloop
  endfacet
  facet normal 0.53825 0 -0.842786
    outer loop
      vertex 1.26785 16.2811 15.8463
      vertex 1.25 -16.2737 15.8349
      vertex 1.25 16.2737 15.8349
    endloop
  endfacet
  facet normal 0.991441 0 -0.130557
    outer loop
      vertex 2.49049 17.3311 17.7821
      vertex 2.46202 -17.2864 17.5659
      vertex 2.46202 17.2864 17.5659
    endloop
  endfacet
  facet normal 0.991441 0 -0.130557
    outer loop
      vertex 2.46202 -17.2864 17.5659
      vertex 2.49049 17.3311 17.7821
      vertex 2.49049 -17.3311 17.7821
    endloop
  endfacet
  facet normal 0.843227 0 -0.537557
    outer loop
      vertex 2.12132 16.8787 16.6813
      vertex 2.04788 -16.8114 16.5661
      vertex 2.04788 16.8114 16.5661
    endloop
  endfacet
  facet normal 0.84354 0 -0.537066
    outer loop
      vertex 2.12132 -16.8787 16.6813
      vertex 2.12132 16.8787 16.6813
      vertex 2.16506 16.9264 16.75
    endloop
  endfacet
  facet normal 0.843227 0 -0.537557
    outer loop
      vertex 2.12132 16.8787 16.6813
      vertex 2.12132 -16.8787 16.6813
      vertex 2.04788 -16.8114 16.5661
    endloop
  endfacet
  facet normal 0.84354 0 -0.537066
    outer loop
      vertex 2.12132 -16.8787 16.6813
      vertex 2.16506 16.9264 16.75
      vertex 2.16506 -16.9264 16.75
    endloop
  endfacet
  facet normal 0.381923 0 0.924194
    outer loop
      vertex 1.02606 16.1809 20.2784
      vertex 1.05655 -16.1935 20.2658
      vertex 1.05655 16.1935 20.2658
    endloop
  endfacet
  facet normal 0.381923 0 0.924194
    outer loop
      vertex 1.02606 16.1809 20.2784
      vertex 1.02606 -16.1809 20.2784
      vertex 1.05655 -16.1935 20.2658
    endloop
  endfacet
  facet normal 0.382524 0 0.923946
    outer loop
      vertex 0.85505 16.127 20.3492
      vertex 1.02606 -16.1809 20.2784
      vertex 1.02606 16.1809 20.2784
    endloop
  endfacet
  facet normal 0.382524 0 0.923946
    outer loop
      vertex 1.02606 -16.1809 20.2784
      vertex 0.85505 16.127 20.3492
      vertex 0.85505 -16.127 20.3492
    endloop
  endfacet
  facet normal 0.60885 0 0.793285
    outer loop
      vertex 1.5 16.4019 19.9972
      vertex 1.60697 -16.4701 19.9151
      vertex 1.60697 16.4701 19.9151
    endloop
  endfacet
  facet normal 0.60885 0 0.793285
    outer loop
      vertex 1.5 16.4019 19.9972
      vertex 1.5 -16.4019 19.9972
      vertex 1.60697 -16.4701 19.9151
    endloop
  endfacet
  facet normal 0.60884 0 0.793293
    outer loop
      vertex 1.43394 16.3675 20.0479
      vertex 1.5 -16.4019 19.9972
      vertex 1.5 16.4019 19.9972
    endloop
  endfacet
  facet normal 0.60884 0 0.793293
    outer loop
      vertex 1.5 -16.4019 19.9972
      vertex 1.43394 16.3675 20.0479
      vertex 1.43394 -16.3675 20.0479
    endloop
  endfacet
  facet normal 0.461735 0 0.887018
    outer loop
      vertex 1.05655 16.1935 20.2658
      vertex 1.25 -16.2737 20.1651
      vertex 1.25 16.2737 20.1651
    endloop
  endfacet
  facet normal 0.461735 0 0.887018
    outer loop
      vertex 1.25 -16.2737 20.1651
      vertex 1.05655 16.1935 20.2658
      vertex 1.05655 -16.1935 20.2658
    endloop
  endfacet
  facet normal -0.215921 0 -0.976411
    outer loop
      vertex -0.520944 -16.0456 15.5572
      vertex -0.43412 16.0341 15.538
      vertex -0.43412 -16.0341 15.538
    endloop
  endfacet
  facet normal -0.215921 0 -0.976411
    outer loop
      vertex -0.520944 -16.0456 15.5572
      vertex -0.520944 16.0456 15.5572
      vertex -0.43412 16.0341 15.538
    endloop
  endfacet
  facet normal -0.216762 0 -0.976225
    outer loop
      vertex -0.647047 -16.0735 15.5852
      vertex -0.520944 16.0456 15.5572
      vertex -0.520944 -16.0456 15.5572
    endloop
  endfacet
  facet normal -0.216762 0 -0.976225
    outer loop
      vertex -0.520944 16.0456 15.5572
      vertex -0.647047 -16.0735 15.5852
      vertex -0.647047 16.0735 15.5852
    endloop
  endfacet
  facet normal 0.675554 0 -0.73731
    outer loop
      vertex 1.72073 -16.5425 16.1891
      vertex 1.76777 16.5786 16.2322
      vertex 1.76777 -16.5786 16.2322
    endloop
  endfacet
  facet normal 0.675554 0 -0.73731
    outer loop
      vertex 1.72073 -16.5425 16.1891
      vertex 1.72073 16.5425 16.1891
      vertex 1.76777 16.5786 16.2322
    endloop
  endfacet
  facet normal 0.675443 0 -0.737412
    outer loop
      vertex 1.60697 -16.4701 16.0849
      vertex 1.72073 16.5425 16.1891
      vertex 1.72073 -16.5425 16.1891
    endloop
  endfacet
  facet normal 0.675443 0 -0.737412
    outer loop
      vertex 1.72073 16.5425 16.1891
      vertex 1.60697 -16.4701 16.0849
      vertex 1.60697 16.4701 16.0849
    endloop
  endfacet
  facet normal -0.737291 0 0.675575
    outer loop
      vertex -1.91511 16.6917 19.607
      vertex -1.76777 -16.5786 19.7678
      vertex -1.76777 16.5786 19.7678
    endloop
  endfacet
  facet normal -0.737291 0 0.675575
    outer loop
      vertex -1.76777 -16.5786 19.7678
      vertex -1.91511 16.6917 19.607
      vertex -1.91511 -16.6917 19.607
    endloop
  endfacet
  facet normal 0.923838 0 -0.382784
    outer loop
      vertex 2.29813 17.0716 17.0216
      vertex 2.26577 -17.0363 16.9435
      vertex 2.26577 17.0363 16.9435
    endloop
  endfacet
  facet normal 0.923807 0 -0.382859
    outer loop
      vertex 2.29813 -17.0716 17.0216
      vertex 2.29813 17.0716 17.0216
      vertex 2.34923 17.1382 17.1449
    endloop
  endfacet
  facet normal 0.923838 0 -0.382784
    outer loop
      vertex 2.29813 17.0716 17.0216
      vertex 2.29813 -17.0716 17.0216
      vertex 2.26577 -17.0363 16.9435
    endloop
  endfacet
  facet normal 0.923807 0 -0.382859
    outer loop
      vertex 2.29813 -17.0716 17.0216
      vertex 2.34923 17.1382 17.1449
      vertex 2.34923 -17.1382 17.1449
    endloop
  endfacet
  facet normal 0.675554 0 0.73731
    outer loop
      vertex 1.72073 16.5425 19.8109
      vertex 1.76777 -16.5786 19.7678
      vertex 1.76777 16.5786 19.7678
    endloop
  endfacet
  facet normal 0.675554 0 0.73731
    outer loop
      vertex 1.72073 16.5425 19.8109
      vertex 1.72073 -16.5425 19.8109
      vertex 1.76777 -16.5786 19.7678
    endloop
  endfacet
  facet normal 0.675443 0 0.737412
    outer loop
      vertex 1.60697 16.4701 19.9151
      vertex 1.72073 -16.5425 19.8109
      vertex 1.72073 16.5425 19.8109
    endloop
  endfacet
  facet normal 0.675443 0 0.737412
    outer loop
      vertex 1.72073 -16.5425 19.8109
      vertex 1.60697 16.4701 19.9151
      vertex 1.60697 -16.4701 19.9151
    endloop
  endfacet
  facet normal -0.53825 0 0.842786
    outer loop
      vertex -1.26785 16.2811 20.1537
      vertex -1.25 -16.2737 20.1651
      vertex -1.25 16.2737 20.1651
    endloop
  endfacet
  facet normal -0.53825 0 0.842786
    outer loop
      vertex -1.26785 16.2811 20.1537
      vertex -1.26785 -16.2811 20.1537
      vertex -1.25 -16.2737 20.1651
    endloop
  endfacet
  facet normal -0.53726 0 0.843417
    outer loop
      vertex -1.43394 16.3675 20.0479
      vertex -1.26785 -16.2811 20.1537
      vertex -1.26785 16.2811 20.1537
    endloop
  endfacet
  facet normal -0.53726 0 0.843417
    outer loop
      vertex -1.26785 -16.2811 20.1537
      vertex -1.43394 16.3675 20.0479
      vertex -1.43394 -16.3675 20.0479
    endloop
  endfacet
  facet normal -0.131931 0 0.991259
    outer loop
      vertex -0.261467 16.0114 20.4847
      vertex -0.217889 -16.0095 20.4905
      vertex -0.217889 16.0095 20.4905
    endloop
  endfacet
  facet normal -0.131931 0 0.991259
    outer loop
      vertex -0.261467 16.0114 20.4847
      vertex -0.261467 -16.0114 20.4847
      vertex -0.217889 -16.0095 20.4905
    endloop
  endfacet
  facet normal -0.130356 0 0.991467
    outer loop
      vertex -0.43412 16.0341 20.462
      vertex -0.261467 -16.0114 20.4847
      vertex -0.261467 16.0114 20.4847
    endloop
  endfacet
  facet normal -0.130356 0 0.991467
    outer loop
      vertex -0.261467 -16.0114 20.4847
      vertex -0.43412 16.0341 20.462
      vertex -0.43412 -16.0341 20.462
    endloop
  endfacet
  facet normal -0.887048 0 -0.461677
    outer loop
      vertex -2.16506 -16.9264 16.75
      vertex -2.26577 17.0363 16.9435
      vertex -2.16506 16.9264 16.75
    endloop
  endfacet
  facet normal -0.887048 -0 -0.461677
    outer loop
      vertex -2.26577 17.0363 16.9435
      vertex -2.16506 -16.9264 16.75
      vertex -2.26577 -17.0363 16.9435
    endloop
  endfacet
  facet normal -0.999049 0 -0.0436024
    outer loop
      vertex -2.49049 -17.3311 17.7821
      vertex -2.5 17.3461 18
      vertex -2.49049 17.3311 17.7821
    endloop
  endfacet
  facet normal -0.999049 -0 -0.0436024
    outer loop
      vertex -2.5 17.3461 18
      vertex -2.49049 -17.3311 17.7821
      vertex -2.5 -17.3461 18
    endloop
  endfacet
  facet normal -0.461735 0 -0.887018
    outer loop
      vertex -1.25 -16.2737 15.8349
      vertex -1.05655 16.1935 15.7342
      vertex -1.05655 -16.1935 15.7342
    endloop
  endfacet
  facet normal -0.461735 0 -0.887018
    outer loop
      vertex -1.05655 16.1935 15.7342
      vertex -1.25 -16.2737 15.8349
      vertex -1.25 16.2737 15.8349
    endloop
  endfacet
  facet normal -0.737291 0 -0.675575
    outer loop
      vertex -1.76777 -16.5786 16.2322
      vertex -1.91511 16.6917 16.393
      vertex -1.76777 16.5786 16.2322
    endloop
  endfacet
  facet normal -0.737291 -0 -0.675575
    outer loop
      vertex -1.91511 16.6917 16.393
      vertex -1.76777 -16.5786 16.2322
      vertex -1.91511 -16.6917 16.393
    endloop
  endfacet
  facet normal -0.675443 0 -0.737412
    outer loop
      vertex -1.72073 -16.5425 16.1891
      vertex -1.60697 16.4701 16.0849
      vertex -1.60697 -16.4701 16.0849
    endloop
  endfacet
  facet normal -0.675443 0 -0.737412
    outer loop
      vertex -1.72073 -16.5425 16.1891
      vertex -1.72073 16.5425 16.1891
      vertex -1.60697 16.4701 16.0849
    endloop
  endfacet
  facet normal -0.675554 0 -0.73731
    outer loop
      vertex -1.76777 -16.5786 16.2322
      vertex -1.72073 16.5425 16.1891
      vertex -1.72073 -16.5425 16.1891
    endloop
  endfacet
  facet normal -0.675554 0 -0.73731
    outer loop
      vertex -1.72073 16.5425 16.1891
      vertex -1.76777 -16.5786 16.2322
      vertex -1.76777 16.5786 16.2322
    endloop
  endfacet
  facet normal 0.737291 -0 0.675575
    outer loop
      vertex 1.76777 -16.5786 19.7678
      vertex 1.91511 16.6917 19.607
      vertex 1.76777 16.5786 19.7678
    endloop
  endfacet
  facet normal 0.737291 0 0.675575
    outer loop
      vertex 1.91511 16.6917 19.607
      vertex 1.76777 -16.5786 19.7678
      vertex 1.91511 -16.6917 19.607
    endloop
  endfacet
  facet normal 0.887048 0 -0.461677
    outer loop
      vertex 2.26577 17.0363 16.9435
      vertex 2.16506 -16.9264 16.75
      vertex 2.16506 16.9264 16.75
    endloop
  endfacet
  facet normal 0.887048 0 -0.461677
    outer loop
      vertex 2.16506 -16.9264 16.75
      vertex 2.26577 17.0363 16.9435
      vertex 2.26577 -17.0363 16.9435
    endloop
  endfacet
  facet normal -0.976277 0 -0.216527
    outer loop
      vertex -2.41481 -17.2237 17.353
      vertex -2.45746 17.2793 17.5453
      vertex -2.41481 17.2237 17.353
    endloop
  endfacet
  facet normal -0.976277 0 -0.216527
    outer loop
      vertex -2.45746 -17.2793 17.5453
      vertex -2.45746 17.2793 17.5453
      vertex -2.41481 -17.2237 17.353
    endloop
  endfacet
  facet normal -0.976365 -0 -0.216127
    outer loop
      vertex -2.45746 17.2793 17.5453
      vertex -2.45746 -17.2793 17.5453
      vertex -2.46202 17.2864 17.5659
    endloop
  endfacet
  facet normal -0.976365 -0 -0.216127
    outer loop
      vertex -2.46202 17.2864 17.5659
      vertex -2.45746 -17.2793 17.5453
      vertex -2.46202 -17.2864 17.5659
    endloop
  endfacet
  facet normal -0.0435588 0 -0.999051
    outer loop
      vertex -0.217889 -16.0095 15.5095
      vertex 0 16 15.5
      vertex 0 -16 15.5
    endloop
  endfacet
  facet normal -0.0435588 0 -0.999051
    outer loop
      vertex 0 16 15.5
      vertex -0.217889 -16.0095 15.5095
      vertex -0.217889 16.0095 15.5095
    endloop
  endfacet
  facet normal 0.0435588 0 0.999051
    outer loop
      vertex 0 16 20.5
      vertex 0.217889 -16.0095 20.4905
      vertex 0.217889 16.0095 20.4905
    endloop
  endfacet
  facet normal 0.0435588 0 0.999051
    outer loop
      vertex 0.217889 -16.0095 20.4905
      vertex 0 16 20.5
      vertex 0 -16 20.5
    endloop
  endfacet
  facet normal 0.461735 0 -0.887018
    outer loop
      vertex 1.05655 -16.1935 15.7342
      vertex 1.25 16.2737 15.8349
      vertex 1.25 -16.2737 15.8349
    endloop
  endfacet
  facet normal 0.461735 0 -0.887018
    outer loop
      vertex 1.25 16.2737 15.8349
      vertex 1.05655 -16.1935 15.7342
      vertex 1.05655 16.1935 15.7342
    endloop
  endfacet
  facet normal -0.0435588 0 0.999051
    outer loop
      vertex -0.217889 16.0095 20.4905
      vertex 0 -16 20.5
      vertex 0 16 20.5
    endloop
  endfacet
  facet normal -0.0435588 0 0.999051
    outer loop
      vertex 0 -16 20.5
      vertex -0.217889 16.0095 20.4905
      vertex -0.217889 -16.0095 20.4905
    endloop
  endfacet
  facet normal 0.60885 0 -0.793285
    outer loop
      vertex 1.5 -16.4019 16.0028
      vertex 1.60697 16.4701 16.0849
      vertex 1.60697 -16.4701 16.0849
    endloop
  endfacet
  facet normal 0.60885 0 -0.793285
    outer loop
      vertex 1.5 -16.4019 16.0028
      vertex 1.5 16.4019 16.0028
      vertex 1.60697 16.4701 16.0849
    endloop
  endfacet
  facet normal 0.60884 0 -0.793293
    outer loop
      vertex 1.43394 -16.3675 15.9521
      vertex 1.5 16.4019 16.0028
      vertex 1.5 -16.4019 16.0028
    endloop
  endfacet
  facet normal 0.60884 0 -0.793293
    outer loop
      vertex 1.5 16.4019 16.0028
      vertex 1.43394 -16.3675 15.9521
      vertex 1.43394 16.3675 15.9521
    endloop
  endfacet
  facet normal -0.999049 0 0.0436024
    outer loop
      vertex -2.5 17.3461 18
      vertex -2.49049 -17.3311 18.2179
      vertex -2.49049 17.3311 18.2179
    endloop
  endfacet
  facet normal -0.999049 0 0.0436024
    outer loop
      vertex -2.49049 -17.3311 18.2179
      vertex -2.5 17.3461 18
      vertex -2.5 -17.3461 18
    endloop
  endfacet
  facet normal -0.923838 0 0.382784
    outer loop
      vertex -2.29813 17.0716 18.9784
      vertex -2.26577 -17.0363 19.0565
      vertex -2.26577 17.0363 19.0565
    endloop
  endfacet
  facet normal -0.923916 0 0.382594
    outer loop
      vertex -2.29813 -17.0716 18.9784
      vertex -2.29813 17.0716 18.9784
      vertex -2.34923 17.1382 18.855
    endloop
  endfacet
  facet normal -0.923838 0 0.382784
    outer loop
      vertex -2.29813 17.0716 18.9784
      vertex -2.29813 -17.0716 18.9784
      vertex -2.26577 -17.0363 19.0565
    endloop
  endfacet
  facet normal -0.923916 0 0.382594
    outer loop
      vertex -2.29813 -17.0716 18.9784
      vertex -2.34923 17.1382 18.855
      vertex -2.34923 -17.1382 18.855
    endloop
  endfacet
  facet normal 0.300923 0 -0.953648
    outer loop
      vertex 0.776457 -16.1022 15.626
      vertex 0.85505 16.127 15.6508
      vertex 0.85505 -16.127 15.6508
    endloop
  endfacet
  facet normal 0.300923 0 -0.953648
    outer loop
      vertex 0.776457 -16.1022 15.626
      vertex 0.776457 16.1022 15.626
      vertex 0.85505 16.127 15.6508
    endloop
  endfacet
  facet normal 0.300687 0 -0.953723
    outer loop
      vertex 0.647047 -16.0735 15.5852
      vertex 0.776457 16.1022 15.626
      vertex 0.776457 -16.1022 15.626
    endloop
  endfacet
  facet normal 0.300687 0 -0.953723
    outer loop
      vertex 0.776457 16.1022 15.626
      vertex 0.647047 -16.0735 15.5852
      vertex 0.647047 16.0735 15.5852
    endloop
  endfacet
  facet normal 0.216762 0 0.976225
    outer loop
      vertex 0.520944 16.0456 20.4428
      vertex 0.647047 -16.0735 20.4148
      vertex 0.647047 16.0735 20.4148
    endloop
  endfacet
  facet normal 0.216762 0 0.976225
    outer loop
      vertex 0.520944 16.0456 20.4428
      vertex 0.520944 -16.0456 20.4428
      vertex 0.647047 -16.0735 20.4148
    endloop
  endfacet
  facet normal 0.215921 0 0.976411
    outer loop
      vertex 0.43412 16.0341 20.462
      vertex 0.520944 -16.0456 20.4428
      vertex 0.520944 16.0456 20.4428
    endloop
  endfacet
  facet normal 0.215921 0 0.976411
    outer loop
      vertex 0.520944 -16.0456 20.4428
      vertex 0.43412 16.0341 20.462
      vertex 0.43412 -16.0341 20.462
    endloop
  endfacet
  facet normal 0.737291 0 -0.675575
    outer loop
      vertex 1.91511 16.6917 16.393
      vertex 1.76777 -16.5786 16.2322
      vertex 1.76777 16.5786 16.2322
    endloop
  endfacet
  facet normal 0.737291 0 -0.675575
    outer loop
      vertex 1.76777 -16.5786 16.2322
      vertex 1.91511 16.6917 16.393
      vertex 1.91511 -16.6917 16.393
    endloop
  endfacet
  facet normal -0.976277 0 0.216527
    outer loop
      vertex -2.45746 17.2793 18.4547
      vertex -2.41481 -17.2237 18.647
      vertex -2.41481 17.2237 18.647
    endloop
  endfacet
  facet normal -0.976365 0 0.216127
    outer loop
      vertex -2.45746 -17.2793 18.4547
      vertex -2.45746 17.2793 18.4547
      vertex -2.46202 17.2864 18.4341
    endloop
  endfacet
  facet normal -0.976277 0 0.216527
    outer loop
      vertex -2.45746 17.2793 18.4547
      vertex -2.45746 -17.2793 18.4547
      vertex -2.41481 -17.2237 18.647
    endloop
  endfacet
  facet normal -0.976365 0 0.216127
    outer loop
      vertex -2.45746 -17.2793 18.4547
      vertex -2.46202 17.2864 18.4341
      vertex -2.46202 -17.2864 18.4341
    endloop
  endfacet
  facet normal -0.300687 0 -0.953723
    outer loop
      vertex -0.776457 -16.1022 15.626
      vertex -0.647047 16.0735 15.5852
      vertex -0.647047 -16.0735 15.5852
    endloop
  endfacet
  facet normal -0.300687 0 -0.953723
    outer loop
      vertex -0.776457 -16.1022 15.626
      vertex -0.776457 16.1022 15.626
      vertex -0.647047 16.0735 15.5852
    endloop
  endfacet
  facet normal -0.300923 0 -0.953648
    outer loop
      vertex -0.85505 -16.127 15.6508
      vertex -0.776457 16.1022 15.626
      vertex -0.776457 -16.1022 15.626
    endloop
  endfacet
  facet normal -0.300923 0 -0.953648
    outer loop
      vertex -0.776457 16.1022 15.626
      vertex -0.85505 -16.127 15.6508
      vertex -0.85505 16.127 15.6508
    endloop
  endfacet
  facet normal -0.53825 0 -0.842786
    outer loop
      vertex -1.26785 -16.2811 15.8463
      vertex -1.25 16.2737 15.8349
      vertex -1.25 -16.2737 15.8349
    endloop
  endfacet
  facet normal -0.53825 0 -0.842786
    outer loop
      vertex -1.26785 -16.2811 15.8463
      vertex -1.26785 16.2811 15.8463
      vertex -1.25 16.2737 15.8349
    endloop
  endfacet
  facet normal -0.53726 0 -0.843417
    outer loop
      vertex -1.43394 -16.3675 15.9521
      vertex -1.26785 16.2811 15.8463
      vertex -1.26785 -16.2811 15.8463
    endloop
  endfacet
  facet normal -0.53726 0 -0.843417
    outer loop
      vertex -1.26785 16.2811 15.8463
      vertex -1.43394 -16.3675 15.9521
      vertex -1.43394 16.3675 15.9521
    endloop
  endfacet
  facet normal -0.382524 0 -0.923946
    outer loop
      vertex -1.02606 -16.1809 15.7216
      vertex -0.85505 16.127 15.6508
      vertex -0.85505 -16.127 15.6508
    endloop
  endfacet
  facet normal -0.382524 0 -0.923946
    outer loop
      vertex -1.02606 -16.1809 15.7216
      vertex -1.02606 16.1809 15.7216
      vertex -0.85505 16.127 15.6508
    endloop
  endfacet
  facet normal -0.381923 0 -0.924194
    outer loop
      vertex -1.05655 -16.1935 15.7342
      vertex -1.02606 16.1809 15.7216
      vertex -1.02606 -16.1809 15.7216
    endloop
  endfacet
  facet normal -0.381923 0 -0.924194
    outer loop
      vertex -1.02606 16.1809 15.7216
      vertex -1.05655 -16.1935 15.7342
      vertex -1.05655 16.1935 15.7342
    endloop
  endfacet
  facet normal -0.60884 0 -0.793293
    outer loop
      vertex -1.5 -16.4019 16.0028
      vertex -1.43394 16.3675 15.9521
      vertex -1.43394 -16.3675 15.9521
    endloop
  endfacet
  facet normal -0.60884 0 -0.793293
    outer loop
      vertex -1.5 -16.4019 16.0028
      vertex -1.5 16.4019 16.0028
      vertex -1.43394 16.3675 15.9521
    endloop
  endfacet
  facet normal -0.60885 0 -0.793285
    outer loop
      vertex -1.60697 -16.4701 16.0849
      vertex -1.5 16.4019 16.0028
      vertex -1.5 -16.4019 16.0028
    endloop
  endfacet
  facet normal -0.60885 0 -0.793285
    outer loop
      vertex -1.5 16.4019 16.0028
      vertex -1.60697 -16.4701 16.0849
      vertex -1.60697 16.4701 16.0849
    endloop
  endfacet
  facet normal -0.95372 0 0.300697
    outer loop
      vertex -2.41481 17.2237 18.647
      vertex -2.34923 -17.1382 18.855
      vertex -2.34923 17.1382 18.855
    endloop
  endfacet
  facet normal -0.95372 0 0.300697
    outer loop
      vertex -2.34923 -17.1382 18.855
      vertex -2.41481 17.2237 18.647
      vertex -2.41481 -17.2237 18.647
    endloop
  endfacet
  facet normal -0.382524 0 0.923946
    outer loop
      vertex -1.02606 16.1809 50.2784
      vertex -0.85505 -16.127 50.3492
      vertex -0.85505 16.127 50.3492
    endloop
  endfacet
  facet normal -0.382524 0 0.923946
    outer loop
      vertex -1.02606 16.1809 50.2784
      vertex -1.02606 -16.1809 50.2784
      vertex -0.85505 -16.127 50.3492
    endloop
  endfacet
  facet normal -0.381923 0 0.924194
    outer loop
      vertex -1.05655 16.1935 50.2658
      vertex -1.02606 -16.1809 50.2784
      vertex -1.02606 16.1809 50.2784
    endloop
  endfacet
  facet normal -0.381923 0 0.924194
    outer loop
      vertex -1.02606 -16.1809 50.2784
      vertex -1.05655 16.1935 50.2658
      vertex -1.05655 -16.1935 50.2658
    endloop
  endfacet
  facet normal 0.991441 -0 0.130557
    outer loop
      vertex 2.46202 -17.2864 48.4341
      vertex 2.49049 17.3311 48.2179
      vertex 2.46202 17.2864 48.4341
    endloop
  endfacet
  facet normal 0.991441 0 0.130557
    outer loop
      vertex 2.49049 17.3311 48.2179
      vertex 2.46202 -17.2864 48.4341
      vertex 2.49049 -17.3311 48.2179
    endloop
  endfacet
  facet normal 0.999049 -0 0.0436024
    outer loop
      vertex 2.49049 -17.3311 48.2179
      vertex 2.5 17.3461 48
      vertex 2.49049 17.3311 48.2179
    endloop
  endfacet
  facet normal 0.999049 0 0.0436024
    outer loop
      vertex 2.5 17.3461 48
      vertex 2.49049 -17.3311 48.2179
      vertex 2.5 -17.3461 48
    endloop
  endfacet
  facet normal -0.887048 0 0.461677
    outer loop
      vertex -2.26577 17.0363 49.0565
      vertex -2.16506 -16.9264 49.25
      vertex -2.16506 16.9264 49.25
    endloop
  endfacet
  facet normal -0.887048 0 0.461677
    outer loop
      vertex -2.16506 -16.9264 49.25
      vertex -2.26577 17.0363 49.0565
      vertex -2.26577 -17.0363 49.0565
    endloop
  endfacet
  facet normal 0.976277 0 -0.216527
    outer loop
      vertex 2.45746 17.2793 47.5453
      vertex 2.41481 -17.2237 47.353
      vertex 2.41481 17.2237 47.353
    endloop
  endfacet
  facet normal 0.976365 0 -0.216127
    outer loop
      vertex 2.45746 -17.2793 47.5453
      vertex 2.45746 17.2793 47.5453
      vertex 2.46202 17.2864 47.5659
    endloop
  endfacet
  facet normal 0.976277 0 -0.216527
    outer loop
      vertex 2.45746 17.2793 47.5453
      vertex 2.45746 -17.2793 47.5453
      vertex 2.41481 -17.2237 47.353
    endloop
  endfacet
  facet normal 0.976365 0 -0.216127
    outer loop
      vertex 2.45746 -17.2793 47.5453
      vertex 2.46202 17.2864 47.5659
      vertex 2.46202 -17.2864 47.5659
    endloop
  endfacet
  facet normal -0.793902 0 0.608046
    outer loop
      vertex -1.92836 16.7019 49.5897
      vertex -1.91511 -16.6917 49.607
      vertex -1.91511 16.6917 49.607
    endloop
  endfacet
  facet normal -0.793426 0 0.608667
    outer loop
      vertex -1.92836 -16.7019 49.5897
      vertex -1.92836 16.7019 49.5897
      vertex -2.04788 16.8114 49.4339
    endloop
  endfacet
  facet normal -0.793902 0 0.608046
    outer loop
      vertex -1.92836 16.7019 49.5897
      vertex -1.92836 -16.7019 49.5897
      vertex -1.91511 -16.6917 49.607
    endloop
  endfacet
  facet normal -0.793426 0 0.608667
    outer loop
      vertex -1.92836 -16.7019 49.5897
      vertex -2.04788 16.8114 49.4339
      vertex -2.04788 -16.8114 49.4339
    endloop
  endfacet
  facet normal -0.923838 0 -0.382784
    outer loop
      vertex -2.26577 -17.0363 46.9435
      vertex -2.29813 17.0716 47.0216
      vertex -2.26577 17.0363 46.9435
    endloop
  endfacet
  facet normal -0.923838 0 -0.382784
    outer loop
      vertex -2.29813 -17.0716 47.0216
      vertex -2.29813 17.0716 47.0216
      vertex -2.26577 -17.0363 46.9435
    endloop
  endfacet
  facet normal -0.923916 -0 -0.382594
    outer loop
      vertex -2.29813 17.0716 47.0216
      vertex -2.29813 -17.0716 47.0216
      vertex -2.34923 17.1382 47.145
    endloop
  endfacet
  facet normal -0.923916 -0 -0.382594
    outer loop
      vertex -2.34923 17.1382 47.145
      vertex -2.29813 -17.0716 47.0216
      vertex -2.34923 -17.1382 47.145
    endloop
  endfacet
  facet normal -0.215921 0 0.976411
    outer loop
      vertex -0.520944 16.0456 50.4428
      vertex -0.43412 -16.0341 50.462
      vertex -0.43412 16.0341 50.462
    endloop
  endfacet
  facet normal -0.215921 0 0.976411
    outer loop
      vertex -0.520944 16.0456 50.4428
      vertex -0.520944 -16.0456 50.4428
      vertex -0.43412 -16.0341 50.462
    endloop
  endfacet
  facet normal -0.216762 0 0.976225
    outer loop
      vertex -0.647047 16.0735 50.4148
      vertex -0.520944 -16.0456 50.4428
      vertex -0.520944 16.0456 50.4428
    endloop
  endfacet
  facet normal -0.216762 0 0.976225
    outer loop
      vertex -0.520944 -16.0456 50.4428
      vertex -0.647047 16.0735 50.4148
      vertex -0.647047 -16.0735 50.4148
    endloop
  endfacet
  facet normal -0.991441 0 0.130557
    outer loop
      vertex -2.49049 17.3311 48.2179
      vertex -2.46202 -17.2864 48.4341
      vertex -2.46202 17.2864 48.4341
    endloop
  endfacet
  facet normal -0.991441 0 0.130557
    outer loop
      vertex -2.46202 -17.2864 48.4341
      vertex -2.49049 17.3311 48.2179
      vertex -2.49049 -17.3311 48.2179
    endloop
  endfacet
  facet normal -0.843227 0 0.537557
    outer loop
      vertex -2.12132 16.8787 49.3187
      vertex -2.04788 -16.8114 49.4339
      vertex -2.04788 16.8114 49.4339
    endloop
  endfacet
  facet normal -0.84354 0 0.537066
    outer loop
      vertex -2.12132 -16.8787 49.3187
      vertex -2.12132 16.8787 49.3187
      vertex -2.16506 16.9264 49.25
    endloop
  endfacet
  facet normal -0.843227 0 0.537557
    outer loop
      vertex -2.12132 16.8787 49.3187
      vertex -2.12132 -16.8787 49.3187
      vertex -2.04788 -16.8114 49.4339
    endloop
  endfacet
  facet normal -0.84354 0 0.537066
    outer loop
      vertex -2.12132 -16.8787 49.3187
      vertex -2.16506 16.9264 49.25
      vertex -2.16506 -16.9264 49.25
    endloop
  endfacet
  facet normal -0.131931 0 -0.991259
    outer loop
      vertex -0.261467 -16.0114 45.5153
      vertex -0.217889 16.0095 45.5095
      vertex -0.217889 -16.0095 45.5095
    endloop
  endfacet
  facet normal -0.131931 0 -0.991259
    outer loop
      vertex -0.261467 -16.0114 45.5153
      vertex -0.261467 16.0114 45.5153
      vertex -0.217889 16.0095 45.5095
    endloop
  endfacet
  facet normal -0.130356 0 -0.991467
    outer loop
      vertex -0.43412 -16.0341 45.538
      vertex -0.261467 16.0114 45.5153
      vertex -0.261467 -16.0114 45.5153
    endloop
  endfacet
  facet normal -0.130356 0 -0.991467
    outer loop
      vertex -0.261467 16.0114 45.5153
      vertex -0.43412 -16.0341 45.538
      vertex -0.43412 16.0341 45.538
    endloop
  endfacet
  facet normal 0.381923 0 -0.924194
    outer loop
      vertex 1.02606 -16.1809 45.7216
      vertex 1.05655 16.1935 45.7342
      vertex 1.05655 -16.1935 45.7342
    endloop
  endfacet
  facet normal 0.381923 0 -0.924194
    outer loop
      vertex 1.02606 -16.1809 45.7216
      vertex 1.02606 16.1809 45.7216
      vertex 1.05655 16.1935 45.7342
    endloop
  endfacet
  facet normal 0.382524 0 -0.923946
    outer loop
      vertex 0.85505 -16.127 45.6508
      vertex 1.02606 16.1809 45.7216
      vertex 1.02606 -16.1809 45.7216
    endloop
  endfacet
  facet normal 0.382524 0 -0.923946
    outer loop
      vertex 1.02606 16.1809 45.7216
      vertex 0.85505 -16.127 45.6508
      vertex 0.85505 16.127 45.6508
    endloop
  endfacet
  facet normal -0.675443 0 0.737412
    outer loop
      vertex -1.72073 16.5425 49.8109
      vertex -1.60697 -16.4701 49.9151
      vertex -1.60697 16.4701 49.9151
    endloop
  endfacet
  facet normal -0.675443 0 0.737412
    outer loop
      vertex -1.72073 16.5425 49.8109
      vertex -1.72073 -16.5425 49.8109
      vertex -1.60697 -16.4701 49.9151
    endloop
  endfacet
  facet normal -0.675554 0 0.73731
    outer loop
      vertex -1.76777 16.5786 49.7678
      vertex -1.72073 -16.5425 49.8109
      vertex -1.72073 16.5425 49.8109
    endloop
  endfacet
  facet normal -0.675554 0 0.73731
    outer loop
      vertex -1.72073 -16.5425 49.8109
      vertex -1.76777 16.5786 49.7678
      vertex -1.76777 -16.5786 49.7678
    endloop
  endfacet
  facet normal 0.300923 0 0.953648
    outer loop
      vertex 0.776457 16.1022 50.374
      vertex 0.85505 -16.127 50.3492
      vertex 0.85505 16.127 50.3492
    endloop
  endfacet
  facet normal 0.300923 0 0.953648
    outer loop
      vertex 0.776457 16.1022 50.374
      vertex 0.776457 -16.1022 50.374
      vertex 0.85505 -16.127 50.3492
    endloop
  endfacet
  facet normal 0.300687 0 0.953723
    outer loop
      vertex 0.647047 16.0735 50.4148
      vertex 0.776457 -16.1022 50.374
      vertex 0.776457 16.1022 50.374
    endloop
  endfacet
  facet normal 0.300687 0 0.953723
    outer loop
      vertex 0.776457 -16.1022 50.374
      vertex 0.647047 16.0735 50.4148
      vertex 0.647047 -16.0735 50.4148
    endloop
  endfacet
  facet normal -0.95372 0 -0.300697
    outer loop
      vertex -2.34923 -17.1382 47.145
      vertex -2.41481 17.2237 47.353
      vertex -2.34923 17.1382 47.145
    endloop
  endfacet
  facet normal -0.95372 -0 -0.300697
    outer loop
      vertex -2.41481 17.2237 47.353
      vertex -2.34923 -17.1382 47.145
      vertex -2.41481 -17.2237 47.353
    endloop
  endfacet
  facet normal 0.976277 -0 0.216527
    outer loop
      vertex 2.41481 -17.2237 48.647
      vertex 2.45746 17.2793 48.4547
      vertex 2.41481 17.2237 48.647
    endloop
  endfacet
  facet normal 0.976277 -0 0.216527
    outer loop
      vertex 2.45746 -17.2793 48.4547
      vertex 2.45746 17.2793 48.4547
      vertex 2.41481 -17.2237 48.647
    endloop
  endfacet
  facet normal 0.976365 0 0.216127
    outer loop
      vertex 2.45746 17.2793 48.4547
      vertex 2.45746 -17.2793 48.4547
      vertex 2.46202 17.2864 48.4341
    endloop
  endfacet
  facet normal 0.976365 0 0.216127
    outer loop
      vertex 2.46202 17.2864 48.4341
      vertex 2.45746 -17.2793 48.4547
      vertex 2.46202 -17.2864 48.4341
    endloop
  endfacet
  facet normal 0.130356 0 0.991467
    outer loop
      vertex 0.261467 16.0114 50.4847
      vertex 0.43412 -16.0341 50.462
      vertex 0.43412 16.0341 50.462
    endloop
  endfacet
  facet normal 0.130356 0 0.991467
    outer loop
      vertex 0.261467 16.0114 50.4847
      vertex 0.261467 -16.0114 50.4847
      vertex 0.43412 -16.0341 50.462
    endloop
  endfacet
  facet normal 0.131931 0 0.991259
    outer loop
      vertex 0.217889 16.0095 50.4905
      vertex 0.261467 -16.0114 50.4847
      vertex 0.261467 16.0114 50.4847
    endloop
  endfacet
  facet normal 0.131931 0 0.991259
    outer loop
      vertex 0.261467 -16.0114 50.4847
      vertex 0.217889 16.0095 50.4905
      vertex 0.217889 -16.0095 50.4905
    endloop
  endfacet
  facet normal -0.793902 0 -0.608046
    outer loop
      vertex -1.91511 -16.6917 46.393
      vertex -1.92836 16.7019 46.4103
      vertex -1.91511 16.6917 46.393
    endloop
  endfacet
  facet normal -0.793902 0 -0.608046
    outer loop
      vertex -1.92836 -16.7019 46.4103
      vertex -1.92836 16.7019 46.4103
      vertex -1.91511 -16.6917 46.393
    endloop
  endfacet
  facet normal -0.793426 -0 -0.608667
    outer loop
      vertex -1.92836 16.7019 46.4103
      vertex -1.92836 -16.7019 46.4103
      vertex -2.04788 16.8114 46.5661
    endloop
  endfacet
  facet normal -0.793426 -0 -0.608667
    outer loop
      vertex -2.04788 16.8114 46.5661
      vertex -1.92836 -16.7019 46.4103
      vertex -2.04788 -16.8114 46.5661
    endloop
  endfacet
  facet normal 0.0435588 0 -0.999051
    outer loop
      vertex 0 -16 45.5
      vertex 0.217889 16.0095 45.5095
      vertex 0.217889 -16.0095 45.5095
    endloop
  endfacet
  facet normal 0.0435588 0 -0.999051
    outer loop
      vertex 0.217889 16.0095 45.5095
      vertex 0 -16 45.5
      vertex 0 16 45.5
    endloop
  endfacet
  facet normal 0.793902 -0 0.608046
    outer loop
      vertex 1.91511 -16.6917 49.607
      vertex 1.92836 16.7019 49.5897
      vertex 1.91511 16.6917 49.607
    endloop
  endfacet
  facet normal 0.793902 -0 0.608046
    outer loop
      vertex 1.92836 -16.7019 49.5897
      vertex 1.92836 16.7019 49.5897
      vertex 1.91511 -16.6917 49.607
    endloop
  endfacet
  facet normal 0.793426 0 0.608667
    outer loop
      vertex 1.92836 16.7019 49.5897
      vertex 1.92836 -16.7019 49.5897
      vertex 2.04788 16.8114 49.4339
    endloop
  endfacet
  facet normal 0.793426 0 0.608667
    outer loop
      vertex 2.04788 16.8114 49.4339
      vertex 1.92836 -16.7019 49.5897
      vertex 2.04788 -16.8114 49.4339
    endloop
  endfacet
  facet normal 0.216762 0 -0.976225
    outer loop
      vertex 0.520944 -16.0456 45.5572
      vertex 0.647047 16.0735 45.5852
      vertex 0.647047 -16.0735 45.5852
    endloop
  endfacet
  facet normal 0.216762 0 -0.976225
    outer loop
      vertex 0.520944 -16.0456 45.5572
      vertex 0.520944 16.0456 45.5572
      vertex 0.647047 16.0735 45.5852
    endloop
  endfacet
  facet normal 0.215921 0 -0.976411
    outer loop
      vertex 0.43412 -16.0341 45.538
      vertex 0.520944 16.0456 45.5572
      vertex 0.520944 -16.0456 45.5572
    endloop
  endfacet
  facet normal 0.215921 0 -0.976411
    outer loop
      vertex 0.520944 16.0456 45.5572
      vertex 0.43412 -16.0341 45.538
      vertex 0.43412 16.0341 45.538
    endloop
  endfacet
  facet normal 0.130356 0 -0.991467
    outer loop
      vertex 0.261467 -16.0114 45.5153
      vertex 0.43412 16.0341 45.538
      vertex 0.43412 -16.0341 45.538
    endloop
  endfacet
  facet normal 0.130356 0 -0.991467
    outer loop
      vertex 0.261467 -16.0114 45.5153
      vertex 0.261467 16.0114 45.5153
      vertex 0.43412 16.0341 45.538
    endloop
  endfacet
  facet normal 0.131931 0 -0.991259
    outer loop
      vertex 0.217889 -16.0095 45.5095
      vertex 0.261467 16.0114 45.5153
      vertex 0.261467 -16.0114 45.5153
    endloop
  endfacet
  facet normal 0.131931 0 -0.991259
    outer loop
      vertex 0.261467 16.0114 45.5153
      vertex 0.217889 -16.0095 45.5095
      vertex 0.217889 16.0095 45.5095
    endloop
  endfacet
  facet normal -0.843227 0 -0.537557
    outer loop
      vertex -2.04788 -16.8114 46.5661
      vertex -2.12132 16.8787 46.6813
      vertex -2.04788 16.8114 46.5661
    endloop
  endfacet
  facet normal -0.843227 0 -0.537557
    outer loop
      vertex -2.12132 -16.8787 46.6813
      vertex -2.12132 16.8787 46.6813
      vertex -2.04788 -16.8114 46.5661
    endloop
  endfacet
  facet normal -0.84354 -0 -0.537066
    outer loop
      vertex -2.12132 16.8787 46.6813
      vertex -2.12132 -16.8787 46.6813
      vertex -2.16506 16.9264 46.75
    endloop
  endfacet
  facet normal -0.84354 -0 -0.537066
    outer loop
      vertex -2.16506 16.9264 46.75
      vertex -2.12132 -16.8787 46.6813
      vertex -2.16506 -16.9264 46.75
    endloop
  endfacet
  facet normal 0.999049 0 -0.0436024
    outer loop
      vertex 2.5 17.3461 48
      vertex 2.49049 -17.3311 47.7821
      vertex 2.49049 17.3311 47.7821
    endloop
  endfacet
  facet normal 0.999049 0 -0.0436024
    outer loop
      vertex 2.49049 -17.3311 47.7821
      vertex 2.5 17.3461 48
      vertex 2.5 -17.3461 48
    endloop
  endfacet
  facet normal 0.95372 -0 0.300697
    outer loop
      vertex 2.34923 -17.1382 48.855
      vertex 2.41481 17.2237 48.647
      vertex 2.34923 17.1382 48.855
    endloop
  endfacet
  facet normal 0.95372 0 0.300697
    outer loop
      vertex 2.41481 17.2237 48.647
      vertex 2.34923 -17.1382 48.855
      vertex 2.41481 -17.2237 48.647
    endloop
  endfacet
  facet normal -0.461735 0 0.887018
    outer loop
      vertex -1.25 16.2737 50.1651
      vertex -1.05655 -16.1935 50.2658
      vertex -1.05655 16.1935 50.2658
    endloop
  endfacet
  facet normal -0.461735 0 0.887018
    outer loop
      vertex -1.05655 -16.1935 50.2658
      vertex -1.25 16.2737 50.1651
      vertex -1.25 -16.2737 50.1651
    endloop
  endfacet
  facet normal -0.991441 0 -0.130557
    outer loop
      vertex -2.46202 -17.2864 47.5659
      vertex -2.49049 17.3311 47.7821
      vertex -2.46202 17.2864 47.5659
    endloop
  endfacet
  facet normal -0.991441 -0 -0.130557
    outer loop
      vertex -2.49049 17.3311 47.7821
      vertex -2.46202 -17.2864 47.5659
      vertex -2.49049 -17.3311 47.7821
    endloop
  endfacet
  facet normal 0.923838 -0 0.382784
    outer loop
      vertex 2.26577 -17.0363 49.0565
      vertex 2.29813 17.0716 48.9784
      vertex 2.26577 17.0363 49.0565
    endloop
  endfacet
  facet normal 0.923838 -0 0.382784
    outer loop
      vertex 2.29813 -17.0716 48.9784
      vertex 2.29813 17.0716 48.9784
      vertex 2.26577 -17.0363 49.0565
    endloop
  endfacet
  facet normal 0.923916 0 0.382594
    outer loop
      vertex 2.29813 17.0716 48.9784
      vertex 2.29813 -17.0716 48.9784
      vertex 2.34923 17.1382 48.855
    endloop
  endfacet
  facet normal 0.923916 0 0.382594
    outer loop
      vertex 2.34923 17.1382 48.855
      vertex 2.29813 -17.0716 48.9784
      vertex 2.34923 -17.1382 48.855
    endloop
  endfacet
  facet normal -0.60884 0 0.793293
    outer loop
      vertex -1.5 16.4019 49.9972
      vertex -1.43394 -16.3675 50.0479
      vertex -1.43394 16.3675 50.0479
    endloop
  endfacet
  facet normal -0.60884 0 0.793293
    outer loop
      vertex -1.5 16.4019 49.9972
      vertex -1.5 -16.4019 49.9972
      vertex -1.43394 -16.3675 50.0479
    endloop
  endfacet
  facet normal -0.60885 0 0.793285
    outer loop
      vertex -1.60697 16.4701 49.9151
      vertex -1.5 -16.4019 49.9972
      vertex -1.5 16.4019 49.9972
    endloop
  endfacet
  facet normal -0.60885 0 0.793285
    outer loop
      vertex -1.5 -16.4019 49.9972
      vertex -1.60697 16.4701 49.9151
      vertex -1.60697 -16.4701 49.9151
    endloop
  endfacet
  facet normal -0.300687 0 0.953723
    outer loop
      vertex -0.776457 16.1022 50.374
      vertex -0.647047 -16.0735 50.4148
      vertex -0.647047 16.0735 50.4148
    endloop
  endfacet
  facet normal -0.300687 0 0.953723
    outer loop
      vertex -0.776457 16.1022 50.374
      vertex -0.776457 -16.1022 50.374
      vertex -0.647047 -16.0735 50.4148
    endloop
  endfacet
  facet normal -0.300923 0 0.953648
    outer loop
      vertex -0.85505 16.127 50.3492
      vertex -0.776457 -16.1022 50.374
      vertex -0.776457 16.1022 50.374
    endloop
  endfacet
  facet normal -0.300923 0 0.953648
    outer loop
      vertex -0.776457 -16.1022 50.374
      vertex -0.85505 16.127 50.3492
      vertex -0.85505 -16.127 50.3492
    endloop
  endfacet
  facet normal 0.887048 -0 0.461677
    outer loop
      vertex 2.16506 -16.9264 49.25
      vertex 2.26577 17.0363 49.0565
      vertex 2.16506 16.9264 49.25
    endloop
  endfacet
  facet normal 0.887048 0 0.461677
    outer loop
      vertex 2.26577 17.0363 49.0565
      vertex 2.16506 -16.9264 49.25
      vertex 2.26577 -17.0363 49.0565
    endloop
  endfacet
  facet normal 0.793902 0 -0.608046
    outer loop
      vertex 1.92836 16.7019 46.4103
      vertex 1.91511 -16.6917 46.393
      vertex 1.91511 16.6917 46.393
    endloop
  endfacet
  facet normal 0.793426 0 -0.608667
    outer loop
      vertex 1.92836 -16.7019 46.4103
      vertex 1.92836 16.7019 46.4103
      vertex 2.04788 16.8114 46.5661
    endloop
  endfacet
  facet normal 0.793902 0 -0.608046
    outer loop
      vertex 1.92836 16.7019 46.4103
      vertex 1.92836 -16.7019 46.4103
      vertex 1.91511 -16.6917 46.393
    endloop
  endfacet
  facet normal 0.793426 0 -0.608667
    outer loop
      vertex 1.92836 -16.7019 46.4103
      vertex 2.04788 16.8114 46.5661
      vertex 2.04788 -16.8114 46.5661
    endloop
  endfacet
  facet normal 0.95372 0 -0.300697
    outer loop
      vertex 2.41481 17.2237 47.353
      vertex 2.34923 -17.1382 47.145
      vertex 2.34923 17.1382 47.145
    endloop
  endfacet
  facet normal 0.95372 0 -0.300697
    outer loop
      vertex 2.34923 -17.1382 47.145
      vertex 2.41481 17.2237 47.353
      vertex 2.41481 -17.2237 47.353
    endloop
  endfacet
  facet normal 0.843227 -0 0.537557
    outer loop
      vertex 2.04788 -16.8114 49.4339
      vertex 2.12132 16.8787 49.3187
      vertex 2.04788 16.8114 49.4339
    endloop
  endfacet
  facet normal 0.843227 -0 0.537557
    outer loop
      vertex 2.12132 -16.8787 49.3187
      vertex 2.12132 16.8787 49.3187
      vertex 2.04788 -16.8114 49.4339
    endloop
  endfacet
  facet normal 0.84354 0 0.537066
    outer loop
      vertex 2.12132 16.8787 49.3187
      vertex 2.12132 -16.8787 49.3187
      vertex 2.16506 16.9264 49.25
    endloop
  endfacet
  facet normal 0.84354 0 0.537066
    outer loop
      vertex 2.16506 16.9264 49.25
      vertex 2.12132 -16.8787 49.3187
      vertex 2.16506 -16.9264 49.25
    endloop
  endfacet
  facet normal 0.53726 0 0.843417
    outer loop
      vertex 1.26785 16.2811 50.1537
      vertex 1.43394 -16.3675 50.0479
      vertex 1.43394 16.3675 50.0479
    endloop
  endfacet
  facet normal 0.53726 0 0.843417
    outer loop
      vertex 1.26785 16.2811 50.1537
      vertex 1.26785 -16.2811 50.1537
      vertex 1.43394 -16.3675 50.0479
    endloop
  endfacet
  facet normal 0.53825 0 0.842786
    outer loop
      vertex 1.25 16.2737 50.1651
      vertex 1.26785 -16.2811 50.1537
      vertex 1.26785 16.2811 50.1537
    endloop
  endfacet
  facet normal 0.53825 0 0.842786
    outer loop
      vertex 1.26785 -16.2811 50.1537
      vertex 1.25 16.2737 50.1651
      vertex 1.25 -16.2737 50.1651
    endloop
  endfacet
  facet normal 0.53726 0 -0.843417
    outer loop
      vertex 1.26785 -16.2811 45.8463
      vertex 1.43394 16.3675 45.9521
      vertex 1.43394 -16.3675 45.9521
    endloop
  endfacet
  facet normal 0.53726 0 -0.843417
    outer loop
      vertex 1.26785 -16.2811 45.8463
      vertex 1.26785 16.2811 45.8463
      vertex 1.43394 16.3675 45.9521
    endloop
  endfacet
  facet normal 0.53825 0 -0.842786
    outer loop
      vertex 1.25 -16.2737 45.8349
      vertex 1.26785 16.2811 45.8463
      vertex 1.26785 -16.2811 45.8463
    endloop
  endfacet
  facet normal 0.53825 0 -0.842786
    outer loop
      vertex 1.26785 16.2811 45.8463
      vertex 1.25 -16.2737 45.8349
      vertex 1.25 16.2737 45.8349
    endloop
  endfacet
  facet normal 0.991441 0 -0.130557
    outer loop
      vertex 2.49049 17.3311 47.7821
      vertex 2.46202 -17.2864 47.5659
      vertex 2.46202 17.2864 47.5659
    endloop
  endfacet
  facet normal 0.991441 0 -0.130557
    outer loop
      vertex 2.46202 -17.2864 47.5659
      vertex 2.49049 17.3311 47.7821
      vertex 2.49049 -17.3311 47.7821
    endloop
  endfacet
  facet normal -0.53825 0 0.842786
    outer loop
      vertex -1.26785 16.2811 50.1537
      vertex -1.25 -16.2737 50.1651
      vertex -1.25 16.2737 50.1651
    endloop
  endfacet
  facet normal -0.53825 0 0.842786
    outer loop
      vertex -1.26785 16.2811 50.1537
      vertex -1.26785 -16.2811 50.1537
      vertex -1.25 -16.2737 50.1651
    endloop
  endfacet
  facet normal -0.53726 0 0.843417
    outer loop
      vertex -1.43394 16.3675 50.0479
      vertex -1.26785 -16.2811 50.1537
      vertex -1.26785 16.2811 50.1537
    endloop
  endfacet
  facet normal -0.53726 0 0.843417
    outer loop
      vertex -1.26785 -16.2811 50.1537
      vertex -1.43394 16.3675 50.0479
      vertex -1.43394 -16.3675 50.0479
    endloop
  endfacet
  facet normal 0.843227 0 -0.537557
    outer loop
      vertex 2.12132 16.8787 46.6813
      vertex 2.04788 -16.8114 46.5661
      vertex 2.04788 16.8114 46.5661
    endloop
  endfacet
  facet normal 0.84354 0 -0.537066
    outer loop
      vertex 2.12132 -16.8787 46.6813
      vertex 2.12132 16.8787 46.6813
      vertex 2.16506 16.9264 46.75
    endloop
  endfacet
  facet normal 0.843227 0 -0.537557
    outer loop
      vertex 2.12132 16.8787 46.6813
      vertex 2.12132 -16.8787 46.6813
      vertex 2.04788 -16.8114 46.5661
    endloop
  endfacet
  facet normal 0.84354 0 -0.537066
    outer loop
      vertex 2.12132 -16.8787 46.6813
      vertex 2.16506 16.9264 46.75
      vertex 2.16506 -16.9264 46.75
    endloop
  endfacet
  facet normal 0.381923 0 0.924194
    outer loop
      vertex 1.02606 16.1809 50.2784
      vertex 1.05655 -16.1935 50.2658
      vertex 1.05655 16.1935 50.2658
    endloop
  endfacet
  facet normal 0.381923 0 0.924194
    outer loop
      vertex 1.02606 16.1809 50.2784
      vertex 1.02606 -16.1809 50.2784
      vertex 1.05655 -16.1935 50.2658
    endloop
  endfacet
  facet normal 0.382524 0 0.923946
    outer loop
      vertex 0.85505 16.127 50.3492
      vertex 1.02606 -16.1809 50.2784
      vertex 1.02606 16.1809 50.2784
    endloop
  endfacet
  facet normal 0.382524 0 0.923946
    outer loop
      vertex 1.02606 -16.1809 50.2784
      vertex 0.85505 16.127 50.3492
      vertex 0.85505 -16.127 50.3492
    endloop
  endfacet
  facet normal 0.60885 0 0.793285
    outer loop
      vertex 1.5 16.4019 49.9972
      vertex 1.60697 -16.4701 49.9151
      vertex 1.60697 16.4701 49.9151
    endloop
  endfacet
  facet normal 0.60885 0 0.793285
    outer loop
      vertex 1.5 16.4019 49.9972
      vertex 1.5 -16.4019 49.9972
      vertex 1.60697 -16.4701 49.9151
    endloop
  endfacet
  facet normal 0.60884 0 0.793293
    outer loop
      vertex 1.43394 16.3675 50.0479
      vertex 1.5 -16.4019 49.9972
      vertex 1.5 16.4019 49.9972
    endloop
  endfacet
  facet normal 0.60884 0 0.793293
    outer loop
      vertex 1.5 -16.4019 49.9972
      vertex 1.43394 16.3675 50.0479
      vertex 1.43394 -16.3675 50.0479
    endloop
  endfacet
  facet normal 0.461735 0 0.887018
    outer loop
      vertex 1.05655 16.1935 50.2658
      vertex 1.25 -16.2737 50.1651
      vertex 1.25 16.2737 50.1651
    endloop
  endfacet
  facet normal 0.461735 0 0.887018
    outer loop
      vertex 1.25 -16.2737 50.1651
      vertex 1.05655 16.1935 50.2658
      vertex 1.05655 -16.1935 50.2658
    endloop
  endfacet
  facet normal -0.215921 0 -0.976411
    outer loop
      vertex -0.520944 -16.0456 45.5572
      vertex -0.43412 16.0341 45.538
      vertex -0.43412 -16.0341 45.538
    endloop
  endfacet
  facet normal -0.215921 0 -0.976411
    outer loop
      vertex -0.520944 -16.0456 45.5572
      vertex -0.520944 16.0456 45.5572
      vertex -0.43412 16.0341 45.538
    endloop
  endfacet
  facet normal -0.216762 0 -0.976225
    outer loop
      vertex -0.647047 -16.0735 45.5852
      vertex -0.520944 16.0456 45.5572
      vertex -0.520944 -16.0456 45.5572
    endloop
  endfacet
  facet normal -0.216762 0 -0.976225
    outer loop
      vertex -0.520944 16.0456 45.5572
      vertex -0.647047 -16.0735 45.5852
      vertex -0.647047 16.0735 45.5852
    endloop
  endfacet
  facet normal 0.675554 0 -0.73731
    outer loop
      vertex 1.72073 -16.5425 46.1891
      vertex 1.76777 16.5786 46.2322
      vertex 1.76777 -16.5786 46.2322
    endloop
  endfacet
  facet normal 0.675554 0 -0.73731
    outer loop
      vertex 1.72073 -16.5425 46.1891
      vertex 1.72073 16.5425 46.1891
      vertex 1.76777 16.5786 46.2322
    endloop
  endfacet
  facet normal 0.675443 0 -0.737412
    outer loop
      vertex 1.60697 -16.4701 46.0849
      vertex 1.72073 16.5425 46.1891
      vertex 1.72073 -16.5425 46.1891
    endloop
  endfacet
  facet normal 0.675443 0 -0.737412
    outer loop
      vertex 1.72073 16.5425 46.1891
      vertex 1.60697 -16.4701 46.0849
      vertex 1.60697 16.4701 46.0849
    endloop
  endfacet
  facet normal -0.737291 0 0.675575
    outer loop
      vertex -1.91511 16.6917 49.607
      vertex -1.76777 -16.5786 49.7678
      vertex -1.76777 16.5786 49.7678
    endloop
  endfacet
  facet normal -0.737291 0 0.675575
    outer loop
      vertex -1.76777 -16.5786 49.7678
      vertex -1.91511 16.6917 49.607
      vertex -1.91511 -16.6917 49.607
    endloop
  endfacet
  facet normal 0.923838 0 -0.382784
    outer loop
      vertex 2.29813 17.0716 47.0216
      vertex 2.26577 -17.0363 46.9435
      vertex 2.26577 17.0363 46.9435
    endloop
  endfacet
  facet normal 0.923916 0 -0.382594
    outer loop
      vertex 2.29813 -17.0716 47.0216
      vertex 2.29813 17.0716 47.0216
      vertex 2.34923 17.1382 47.145
    endloop
  endfacet
  facet normal 0.923838 0 -0.382784
    outer loop
      vertex 2.29813 17.0716 47.0216
      vertex 2.29813 -17.0716 47.0216
      vertex 2.26577 -17.0363 46.9435
    endloop
  endfacet
  facet normal 0.923916 0 -0.382594
    outer loop
      vertex 2.29813 -17.0716 47.0216
      vertex 2.34923 17.1382 47.145
      vertex 2.34923 -17.1382 47.145
    endloop
  endfacet
  facet normal 0.675554 0 0.73731
    outer loop
      vertex 1.72073 16.5425 49.8109
      vertex 1.76777 -16.5786 49.7678
      vertex 1.76777 16.5786 49.7678
    endloop
  endfacet
  facet normal 0.675554 0 0.73731
    outer loop
      vertex 1.72073 16.5425 49.8109
      vertex 1.72073 -16.5425 49.8109
      vertex 1.76777 -16.5786 49.7678
    endloop
  endfacet
  facet normal 0.675443 0 0.737412
    outer loop
      vertex 1.60697 16.4701 49.9151
      vertex 1.72073 -16.5425 49.8109
      vertex 1.72073 16.5425 49.8109
    endloop
  endfacet
  facet normal 0.675443 0 0.737412
    outer loop
      vertex 1.72073 -16.5425 49.8109
      vertex 1.60697 16.4701 49.9151
      vertex 1.60697 -16.4701 49.9151
    endloop
  endfacet
  facet normal -0.131931 0 0.991259
    outer loop
      vertex -0.261467 16.0114 50.4847
      vertex -0.217889 -16.0095 50.4905
      vertex -0.217889 16.0095 50.4905
    endloop
  endfacet
  facet normal -0.131931 0 0.991259
    outer loop
      vertex -0.261467 16.0114 50.4847
      vertex -0.261467 -16.0114 50.4847
      vertex -0.217889 -16.0095 50.4905
    endloop
  endfacet
  facet normal -0.130356 0 0.991467
    outer loop
      vertex -0.43412 16.0341 50.462
      vertex -0.261467 -16.0114 50.4847
      vertex -0.261467 16.0114 50.4847
    endloop
  endfacet
  facet normal -0.130356 0 0.991467
    outer loop
      vertex -0.261467 -16.0114 50.4847
      vertex -0.43412 16.0341 50.462
      vertex -0.43412 -16.0341 50.462
    endloop
  endfacet
  facet normal -0.887048 0 -0.461677
    outer loop
      vertex -2.16506 -16.9264 46.75
      vertex -2.26577 17.0363 46.9435
      vertex -2.16506 16.9264 46.75
    endloop
  endfacet
  facet normal -0.887048 -0 -0.461677
    outer loop
      vertex -2.26577 17.0363 46.9435
      vertex -2.16506 -16.9264 46.75
      vertex -2.26577 -17.0363 46.9435
    endloop
  endfacet
  facet normal -0.999049 0 -0.0436024
    outer loop
      vertex -2.49049 -17.3311 47.7821
      vertex -2.5 17.3461 48
      vertex -2.49049 17.3311 47.7821
    endloop
  endfacet
  facet normal -0.999049 -0 -0.0436024
    outer loop
      vertex -2.5 17.3461 48
      vertex -2.49049 -17.3311 47.7821
      vertex -2.5 -17.3461 48
    endloop
  endfacet
  facet normal -0.461735 0 -0.887018
    outer loop
      vertex -1.25 -16.2737 45.8349
      vertex -1.05655 16.1935 45.7342
      vertex -1.05655 -16.1935 45.7342
    endloop
  endfacet
  facet normal -0.461735 0 -0.887018
    outer loop
      vertex -1.05655 16.1935 45.7342
      vertex -1.25 -16.2737 45.8349
      vertex -1.25 16.2737 45.8349
    endloop
  endfacet
  facet normal -0.675443 0 -0.737412
    outer loop
      vertex -1.72073 -16.5425 46.1891
      vertex -1.60697 16.4701 46.0849
      vertex -1.60697 -16.4701 46.0849
    endloop
  endfacet
  facet normal -0.675443 0 -0.737412
    outer loop
      vertex -1.72073 -16.5425 46.1891
      vertex -1.72073 16.5425 46.1891
      vertex -1.60697 16.4701 46.0849
    endloop
  endfacet
  facet normal -0.675554 0 -0.73731
    outer loop
      vertex -1.76777 -16.5786 46.2322
      vertex -1.72073 16.5425 46.1891
      vertex -1.72073 -16.5425 46.1891
    endloop
  endfacet
  facet normal -0.675554 0 -0.73731
    outer loop
      vertex -1.72073 16.5425 46.1891
      vertex -1.76777 -16.5786 46.2322
      vertex -1.76777 16.5786 46.2322
    endloop
  endfacet
  facet normal 0.737291 -0 0.675575
    outer loop
      vertex 1.76777 -16.5786 49.7678
      vertex 1.91511 16.6917 49.607
      vertex 1.76777 16.5786 49.7678
    endloop
  endfacet
  facet normal 0.737291 0 0.675575
    outer loop
      vertex 1.91511 16.6917 49.607
      vertex 1.76777 -16.5786 49.7678
      vertex 1.91511 -16.6917 49.607
    endloop
  endfacet
  facet normal 0.887048 0 -0.461677
    outer loop
      vertex 2.26577 17.0363 46.9435
      vertex 2.16506 -16.9264 46.75
      vertex 2.16506 16.9264 46.75
    endloop
  endfacet
  facet normal 0.887048 0 -0.461677
    outer loop
      vertex 2.16506 -16.9264 46.75
      vertex 2.26577 17.0363 46.9435
      vertex 2.26577 -17.0363 46.9435
    endloop
  endfacet
  facet normal -0.976277 0 -0.216527
    outer loop
      vertex -2.41481 -17.2237 47.353
      vertex -2.45746 17.2793 47.5453
      vertex -2.41481 17.2237 47.353
    endloop
  endfacet
  facet normal -0.976277 0 -0.216527
    outer loop
      vertex -2.45746 -17.2793 47.5453
      vertex -2.45746 17.2793 47.5453
      vertex -2.41481 -17.2237 47.353
    endloop
  endfacet
  facet normal -0.976365 -0 -0.216127
    outer loop
      vertex -2.45746 17.2793 47.5453
      vertex -2.45746 -17.2793 47.5453
      vertex -2.46202 17.2864 47.5659
    endloop
  endfacet
  facet normal -0.976365 -0 -0.216127
    outer loop
      vertex -2.46202 17.2864 47.5659
      vertex -2.45746 -17.2793 47.5453
      vertex -2.46202 -17.2864 47.5659
    endloop
  endfacet
  facet normal -0.0435588 0 -0.999051
    outer loop
      vertex -0.217889 -16.0095 45.5095
      vertex 0 16 45.5
      vertex 0 -16 45.5
    endloop
  endfacet
  facet normal -0.0435588 0 -0.999051
    outer loop
      vertex 0 16 45.5
      vertex -0.217889 -16.0095 45.5095
      vertex -0.217889 16.0095 45.5095
    endloop
  endfacet
  facet normal 0.0435588 0 0.999051
    outer loop
      vertex 0 16 50.5
      vertex 0.217889 -16.0095 50.4905
      vertex 0.217889 16.0095 50.4905
    endloop
  endfacet
  facet normal 0.0435588 0 0.999051
    outer loop
      vertex 0.217889 -16.0095 50.4905
      vertex 0 16 50.5
      vertex 0 -16 50.5
    endloop
  endfacet
  facet normal -0.737291 0 -0.675575
    outer loop
      vertex -1.76777 -16.5786 46.2322
      vertex -1.91511 16.6917 46.393
      vertex -1.76777 16.5786 46.2322
    endloop
  endfacet
  facet normal -0.737291 -0 -0.675575
    outer loop
      vertex -1.91511 16.6917 46.393
      vertex -1.76777 -16.5786 46.2322
      vertex -1.91511 -16.6917 46.393
    endloop
  endfacet
  facet normal 0.461735 0 -0.887018
    outer loop
      vertex 1.05655 -16.1935 45.7342
      vertex 1.25 16.2737 45.8349
      vertex 1.25 -16.2737 45.8349
    endloop
  endfacet
  facet normal 0.461735 0 -0.887018
    outer loop
      vertex 1.25 16.2737 45.8349
      vertex 1.05655 -16.1935 45.7342
      vertex 1.05655 16.1935 45.7342
    endloop
  endfacet
  facet normal -0.0435588 0 0.999051
    outer loop
      vertex -0.217889 16.0095 50.4905
      vertex 0 -16 50.5
      vertex 0 16 50.5
    endloop
  endfacet
  facet normal -0.0435588 0 0.999051
    outer loop
      vertex 0 -16 50.5
      vertex -0.217889 16.0095 50.4905
      vertex -0.217889 -16.0095 50.4905
    endloop
  endfacet
  facet normal 0.60885 0 -0.793285
    outer loop
      vertex 1.5 -16.4019 46.0028
      vertex 1.60697 16.4701 46.0849
      vertex 1.60697 -16.4701 46.0849
    endloop
  endfacet
  facet normal 0.60885 0 -0.793285
    outer loop
      vertex 1.5 -16.4019 46.0028
      vertex 1.5 16.4019 46.0028
      vertex 1.60697 16.4701 46.0849
    endloop
  endfacet
  facet normal 0.60884 0 -0.793293
    outer loop
      vertex 1.43394 -16.3675 45.9521
      vertex 1.5 16.4019 46.0028
      vertex 1.5 -16.4019 46.0028
    endloop
  endfacet
  facet normal 0.60884 0 -0.793293
    outer loop
      vertex 1.5 16.4019 46.0028
      vertex 1.43394 -16.3675 45.9521
      vertex 1.43394 16.3675 45.9521
    endloop
  endfacet
  facet normal -0.999049 0 0.0436024
    outer loop
      vertex -2.5 17.3461 48
      vertex -2.49049 -17.3311 48.2179
      vertex -2.49049 17.3311 48.2179
    endloop
  endfacet
  facet normal -0.999049 0 0.0436024
    outer loop
      vertex -2.49049 -17.3311 48.2179
      vertex -2.5 17.3461 48
      vertex -2.5 -17.3461 48
    endloop
  endfacet
  facet normal -0.923838 0 0.382784
    outer loop
      vertex -2.29813 17.0716 48.9784
      vertex -2.26577 -17.0363 49.0565
      vertex -2.26577 17.0363 49.0565
    endloop
  endfacet
  facet normal -0.923916 0 0.382594
    outer loop
      vertex -2.29813 -17.0716 48.9784
      vertex -2.29813 17.0716 48.9784
      vertex -2.34923 17.1382 48.855
    endloop
  endfacet
  facet normal -0.923838 0 0.382784
    outer loop
      vertex -2.29813 17.0716 48.9784
      vertex -2.29813 -17.0716 48.9784
      vertex -2.26577 -17.0363 49.0565
    endloop
  endfacet
  facet normal -0.923916 0 0.382594
    outer loop
      vertex -2.29813 -17.0716 48.9784
      vertex -2.34923 17.1382 48.855
      vertex -2.34923 -17.1382 48.855
    endloop
  endfacet
  facet normal 0.300923 0 -0.953648
    outer loop
      vertex 0.776457 -16.1022 45.626
      vertex 0.85505 16.127 45.6508
      vertex 0.85505 -16.127 45.6508
    endloop
  endfacet
  facet normal 0.300923 0 -0.953648
    outer loop
      vertex 0.776457 -16.1022 45.626
      vertex 0.776457 16.1022 45.626
      vertex 0.85505 16.127 45.6508
    endloop
  endfacet
  facet normal 0.300687 0 -0.953723
    outer loop
      vertex 0.647047 -16.0735 45.5852
      vertex 0.776457 16.1022 45.626
      vertex 0.776457 -16.1022 45.626
    endloop
  endfacet
  facet normal 0.300687 0 -0.953723
    outer loop
      vertex 0.776457 16.1022 45.626
      vertex 0.647047 -16.0735 45.5852
      vertex 0.647047 16.0735 45.5852
    endloop
  endfacet
  facet normal 0.216762 0 0.976225
    outer loop
      vertex 0.520944 16.0456 50.4428
      vertex 0.647047 -16.0735 50.4148
      vertex 0.647047 16.0735 50.4148
    endloop
  endfacet
  facet normal 0.216762 0 0.976225
    outer loop
      vertex 0.520944 16.0456 50.4428
      vertex 0.520944 -16.0456 50.4428
      vertex 0.647047 -16.0735 50.4148
    endloop
  endfacet
  facet normal 0.215921 0 0.976411
    outer loop
      vertex 0.43412 16.0341 50.462
      vertex 0.520944 -16.0456 50.4428
      vertex 0.520944 16.0456 50.4428
    endloop
  endfacet
  facet normal 0.215921 0 0.976411
    outer loop
      vertex 0.520944 -16.0456 50.4428
      vertex 0.43412 16.0341 50.462
      vertex 0.43412 -16.0341 50.462
    endloop
  endfacet
  facet normal 0.737291 0 -0.675575
    outer loop
      vertex 1.91511 16.6917 46.393
      vertex 1.76777 -16.5786 46.2322
      vertex 1.76777 16.5786 46.2322
    endloop
  endfacet
  facet normal 0.737291 0 -0.675575
    outer loop
      vertex 1.76777 -16.5786 46.2322
      vertex 1.91511 16.6917 46.393
      vertex 1.91511 -16.6917 46.393
    endloop
  endfacet
  facet normal -0.976277 0 0.216527
    outer loop
      vertex -2.45746 17.2793 48.4547
      vertex -2.41481 -17.2237 48.647
      vertex -2.41481 17.2237 48.647
    endloop
  endfacet
  facet normal -0.976365 0 0.216127
    outer loop
      vertex -2.45746 -17.2793 48.4547
      vertex -2.45746 17.2793 48.4547
      vertex -2.46202 17.2864 48.4341
    endloop
  endfacet
  facet normal -0.976277 0 0.216527
    outer loop
      vertex -2.45746 17.2793 48.4547
      vertex -2.45746 -17.2793 48.4547
      vertex -2.41481 -17.2237 48.647
    endloop
  endfacet
  facet normal -0.976365 0 0.216127
    outer loop
      vertex -2.45746 -17.2793 48.4547
      vertex -2.46202 17.2864 48.4341
      vertex -2.46202 -17.2864 48.4341
    endloop
  endfacet
  facet normal -0.300687 0 -0.953723
    outer loop
      vertex -0.776457 -16.1022 45.626
      vertex -0.647047 16.0735 45.5852
      vertex -0.647047 -16.0735 45.5852
    endloop
  endfacet
  facet normal -0.300687 0 -0.953723
    outer loop
      vertex -0.776457 -16.1022 45.626
      vertex -0.776457 16.1022 45.626
      vertex -0.647047 16.0735 45.5852
    endloop
  endfacet
  facet normal -0.300923 0 -0.953648
    outer loop
      vertex -0.85505 -16.127 45.6508
      vertex -0.776457 16.1022 45.626
      vertex -0.776457 -16.1022 45.626
    endloop
  endfacet
  facet normal -0.300923 0 -0.953648
    outer loop
      vertex -0.776457 16.1022 45.626
      vertex -0.85505 -16.127 45.6508
      vertex -0.85505 16.127 45.6508
    endloop
  endfacet
  facet normal -0.53825 0 -0.842786
    outer loop
      vertex -1.26785 -16.2811 45.8463
      vertex -1.25 16.2737 45.8349
      vertex -1.25 -16.2737 45.8349
    endloop
  endfacet
  facet normal -0.53825 0 -0.842786
    outer loop
      vertex -1.26785 -16.2811 45.8463
      vertex -1.26785 16.2811 45.8463
      vertex -1.25 16.2737 45.8349
    endloop
  endfacet
  facet normal -0.53726 0 -0.843417
    outer loop
      vertex -1.43394 -16.3675 45.9521
      vertex -1.26785 16.2811 45.8463
      vertex -1.26785 -16.2811 45.8463
    endloop
  endfacet
  facet normal -0.53726 0 -0.843417
    outer loop
      vertex -1.26785 16.2811 45.8463
      vertex -1.43394 -16.3675 45.9521
      vertex -1.43394 16.3675 45.9521
    endloop
  endfacet
  facet normal -0.382524 0 -0.923946
    outer loop
      vertex -1.02606 -16.1809 45.7216
      vertex -0.85505 16.127 45.6508
      vertex -0.85505 -16.127 45.6508
    endloop
  endfacet
  facet normal -0.382524 0 -0.923946
    outer loop
      vertex -1.02606 -16.1809 45.7216
      vertex -1.02606 16.1809 45.7216
      vertex -0.85505 16.127 45.6508
    endloop
  endfacet
  facet normal -0.381923 0 -0.924194
    outer loop
      vertex -1.05655 -16.1935 45.7342
      vertex -1.02606 16.1809 45.7216
      vertex -1.02606 -16.1809 45.7216
    endloop
  endfacet
  facet normal -0.381923 0 -0.924194
    outer loop
      vertex -1.02606 16.1809 45.7216
      vertex -1.05655 -16.1935 45.7342
      vertex -1.05655 16.1935 45.7342
    endloop
  endfacet
  facet normal -0.60884 0 -0.793293
    outer loop
      vertex -1.5 -16.4019 46.0028
      vertex -1.43394 16.3675 45.9521
      vertex -1.43394 -16.3675 45.9521
    endloop
  endfacet
  facet normal -0.60884 0 -0.793293
    outer loop
      vertex -1.5 -16.4019 46.0028
      vertex -1.5 16.4019 46.0028
      vertex -1.43394 16.3675 45.9521
    endloop
  endfacet
  facet normal -0.60885 0 -0.793285
    outer loop
      vertex -1.60697 -16.4701 46.0849
      vertex -1.5 16.4019 46.0028
      vertex -1.5 -16.4019 46.0028
    endloop
  endfacet
  facet normal -0.60885 0 -0.793285
    outer loop
      vertex -1.5 16.4019 46.0028
      vertex -1.60697 -16.4701 46.0849
      vertex -1.60697 16.4701 46.0849
    endloop
  endfacet
  facet normal -0.95372 0 0.300697
    outer loop
      vertex -2.41481 17.2237 48.647
      vertex -2.34923 -17.1382 48.855
      vertex -2.34923 17.1382 48.855
    endloop
  endfacet
  facet normal -0.95372 0 0.300697
    outer loop
      vertex -2.34923 -17.1382 48.855
      vertex -2.41481 17.2237 48.647
      vertex -2.41481 -17.2237 48.647
    endloop
  endfacet
  facet normal -0.382524 0 0.923946
    outer loop
      vertex -1.02606 16.1809 80.2784
      vertex -0.85505 -16.127 80.3492
      vertex -0.85505 16.127 80.3492
    endloop
  endfacet
  facet normal -0.382524 0 0.923946
    outer loop
      vertex -1.02606 16.1809 80.2784
      vertex -1.02606 -16.1809 80.2784
      vertex -0.85505 -16.127 80.3492
    endloop
  endfacet
  facet normal -0.381923 0 0.924194
    outer loop
      vertex -1.05655 16.1935 80.2658
      vertex -1.02606 -16.1809 80.2784
      vertex -1.02606 16.1809 80.2784
    endloop
  endfacet
  facet normal -0.381923 0 0.924194
    outer loop
      vertex -1.02606 -16.1809 80.2784
      vertex -1.05655 16.1935 80.2658
      vertex -1.05655 -16.1935 80.2658
    endloop
  endfacet
  facet normal 0.991441 -0 0.130557
    outer loop
      vertex 2.46202 -17.2864 78.4341
      vertex 2.49049 17.3311 78.2179
      vertex 2.46202 17.2864 78.4341
    endloop
  endfacet
  facet normal 0.991441 0 0.130557
    outer loop
      vertex 2.49049 17.3311 78.2179
      vertex 2.46202 -17.2864 78.4341
      vertex 2.49049 -17.3311 78.2179
    endloop
  endfacet
  facet normal 0.999049 -0 0.0436024
    outer loop
      vertex 2.49049 -17.3311 78.2179
      vertex 2.5 17.3461 78
      vertex 2.49049 17.3311 78.2179
    endloop
  endfacet
  facet normal 0.999049 0 0.0436024
    outer loop
      vertex 2.5 17.3461 78
      vertex 2.49049 -17.3311 78.2179
      vertex 2.5 -17.3461 78
    endloop
  endfacet
  facet normal -0.887048 0 0.461677
    outer loop
      vertex -2.26577 17.0363 79.0565
      vertex -2.16506 -16.9264 79.25
      vertex -2.16506 16.9264 79.25
    endloop
  endfacet
  facet normal -0.887048 0 0.461677
    outer loop
      vertex -2.16506 -16.9264 79.25
      vertex -2.26577 17.0363 79.0565
      vertex -2.26577 -17.0363 79.0565
    endloop
  endfacet
  facet normal 0.976277 0 -0.216527
    outer loop
      vertex 2.45746 17.2793 77.5453
      vertex 2.41481 -17.2237 77.353
      vertex 2.41481 17.2237 77.353
    endloop
  endfacet
  facet normal 0.976365 0 -0.216127
    outer loop
      vertex 2.45746 -17.2793 77.5453
      vertex 2.45746 17.2793 77.5453
      vertex 2.46202 17.2864 77.5659
    endloop
  endfacet
  facet normal 0.976277 0 -0.216527
    outer loop
      vertex 2.45746 17.2793 77.5453
      vertex 2.45746 -17.2793 77.5453
      vertex 2.41481 -17.2237 77.353
    endloop
  endfacet
  facet normal 0.976365 0 -0.216127
    outer loop
      vertex 2.45746 -17.2793 77.5453
      vertex 2.46202 17.2864 77.5659
      vertex 2.46202 -17.2864 77.5659
    endloop
  endfacet
  facet normal -0.793902 0 0.608046
    outer loop
      vertex -1.92836 16.7019 79.5897
      vertex -1.91511 -16.6917 79.607
      vertex -1.91511 16.6917 79.607
    endloop
  endfacet
  facet normal -0.793426 0 0.608667
    outer loop
      vertex -1.92836 -16.7019 79.5897
      vertex -1.92836 16.7019 79.5897
      vertex -2.04788 16.8114 79.4339
    endloop
  endfacet
  facet normal -0.793902 0 0.608046
    outer loop
      vertex -1.92836 16.7019 79.5897
      vertex -1.92836 -16.7019 79.5897
      vertex -1.91511 -16.6917 79.607
    endloop
  endfacet
  facet normal -0.793426 0 0.608667
    outer loop
      vertex -1.92836 -16.7019 79.5897
      vertex -2.04788 16.8114 79.4339
      vertex -2.04788 -16.8114 79.4339
    endloop
  endfacet
  facet normal -0.923838 0 -0.382784
    outer loop
      vertex -2.26577 -17.0363 76.9435
      vertex -2.29813 17.0716 77.0216
      vertex -2.26577 17.0363 76.9435
    endloop
  endfacet
  facet normal -0.923838 0 -0.382784
    outer loop
      vertex -2.29813 -17.0716 77.0216
      vertex -2.29813 17.0716 77.0216
      vertex -2.26577 -17.0363 76.9435
    endloop
  endfacet
  facet normal -0.923916 -0 -0.382594
    outer loop
      vertex -2.29813 17.0716 77.0216
      vertex -2.29813 -17.0716 77.0216
      vertex -2.34923 17.1382 77.145
    endloop
  endfacet
  facet normal -0.923916 -0 -0.382594
    outer loop
      vertex -2.34923 17.1382 77.145
      vertex -2.29813 -17.0716 77.0216
      vertex -2.34923 -17.1382 77.145
    endloop
  endfacet
  facet normal -0.215921 0 0.976411
    outer loop
      vertex -0.520944 16.0456 80.4428
      vertex -0.43412 -16.0341 80.462
      vertex -0.43412 16.0341 80.462
    endloop
  endfacet
  facet normal -0.215921 0 0.976411
    outer loop
      vertex -0.520944 16.0456 80.4428
      vertex -0.520944 -16.0456 80.4428
      vertex -0.43412 -16.0341 80.462
    endloop
  endfacet
  facet normal -0.216762 0 0.976225
    outer loop
      vertex -0.647047 16.0735 80.4148
      vertex -0.520944 -16.0456 80.4428
      vertex -0.520944 16.0456 80.4428
    endloop
  endfacet
  facet normal -0.216762 0 0.976225
    outer loop
      vertex -0.520944 -16.0456 80.4428
      vertex -0.647047 16.0735 80.4148
      vertex -0.647047 -16.0735 80.4148
    endloop
  endfacet
  facet normal -0.991441 0 0.130557
    outer loop
      vertex -2.49049 17.3311 78.2179
      vertex -2.46202 -17.2864 78.4341
      vertex -2.46202 17.2864 78.4341
    endloop
  endfacet
  facet normal -0.991441 0 0.130557
    outer loop
      vertex -2.46202 -17.2864 78.4341
      vertex -2.49049 17.3311 78.2179
      vertex -2.49049 -17.3311 78.2179
    endloop
  endfacet
  facet normal -0.843227 0 0.537557
    outer loop
      vertex -2.12132 16.8787 79.3187
      vertex -2.04788 -16.8114 79.4339
      vertex -2.04788 16.8114 79.4339
    endloop
  endfacet
  facet normal -0.84354 0 0.537066
    outer loop
      vertex -2.12132 -16.8787 79.3187
      vertex -2.12132 16.8787 79.3187
      vertex -2.16506 16.9264 79.25
    endloop
  endfacet
  facet normal -0.843227 0 0.537557
    outer loop
      vertex -2.12132 16.8787 79.3187
      vertex -2.12132 -16.8787 79.3187
      vertex -2.04788 -16.8114 79.4339
    endloop
  endfacet
  facet normal -0.84354 0 0.537066
    outer loop
      vertex -2.12132 -16.8787 79.3187
      vertex -2.16506 16.9264 79.25
      vertex -2.16506 -16.9264 79.25
    endloop
  endfacet
  facet normal -0.131931 0 -0.991259
    outer loop
      vertex -0.261467 -16.0114 75.5153
      vertex -0.217889 16.0095 75.5095
      vertex -0.217889 -16.0095 75.5095
    endloop
  endfacet
  facet normal -0.131931 0 -0.991259
    outer loop
      vertex -0.261467 -16.0114 75.5153
      vertex -0.261467 16.0114 75.5153
      vertex -0.217889 16.0095 75.5095
    endloop
  endfacet
  facet normal -0.130356 0 -0.991467
    outer loop
      vertex -0.43412 -16.0341 75.538
      vertex -0.261467 16.0114 75.5153
      vertex -0.261467 -16.0114 75.5153
    endloop
  endfacet
  facet normal -0.130356 0 -0.991467
    outer loop
      vertex -0.261467 16.0114 75.5153
      vertex -0.43412 -16.0341 75.538
      vertex -0.43412 16.0341 75.538
    endloop
  endfacet
  facet normal 0.381923 0 -0.924194
    outer loop
      vertex 1.02606 -16.1809 75.7216
      vertex 1.05655 16.1935 75.7342
      vertex 1.05655 -16.1935 75.7342
    endloop
  endfacet
  facet normal 0.381923 0 -0.924194
    outer loop
      vertex 1.02606 -16.1809 75.7216
      vertex 1.02606 16.1809 75.7216
      vertex 1.05655 16.1935 75.7342
    endloop
  endfacet
  facet normal 0.382524 0 -0.923946
    outer loop
      vertex 0.85505 -16.127 75.6508
      vertex 1.02606 16.1809 75.7216
      vertex 1.02606 -16.1809 75.7216
    endloop
  endfacet
  facet normal 0.382524 0 -0.923946
    outer loop
      vertex 1.02606 16.1809 75.7216
      vertex 0.85505 -16.127 75.6508
      vertex 0.85505 16.127 75.6508
    endloop
  endfacet
  facet normal -0.675443 0 0.737412
    outer loop
      vertex -1.72073 16.5425 79.8109
      vertex -1.60697 -16.4701 79.9151
      vertex -1.60697 16.4701 79.9151
    endloop
  endfacet
  facet normal -0.675443 0 0.737412
    outer loop
      vertex -1.72073 16.5425 79.8109
      vertex -1.72073 -16.5425 79.8109
      vertex -1.60697 -16.4701 79.9151
    endloop
  endfacet
  facet normal -0.675554 0 0.73731
    outer loop
      vertex -1.76777 16.5786 79.7678
      vertex -1.72073 -16.5425 79.8109
      vertex -1.72073 16.5425 79.8109
    endloop
  endfacet
  facet normal -0.675554 0 0.73731
    outer loop
      vertex -1.72073 -16.5425 79.8109
      vertex -1.76777 16.5786 79.7678
      vertex -1.76777 -16.5786 79.7678
    endloop
  endfacet
  facet normal 0.300923 0 0.953648
    outer loop
      vertex 0.776457 16.1022 80.374
      vertex 0.85505 -16.127 80.3492
      vertex 0.85505 16.127 80.3492
    endloop
  endfacet
  facet normal 0.300923 0 0.953648
    outer loop
      vertex 0.776457 16.1022 80.374
      vertex 0.776457 -16.1022 80.374
      vertex 0.85505 -16.127 80.3492
    endloop
  endfacet
  facet normal 0.300687 0 0.953723
    outer loop
      vertex 0.647047 16.0735 80.4148
      vertex 0.776457 -16.1022 80.374
      vertex 0.776457 16.1022 80.374
    endloop
  endfacet
  facet normal 0.300687 0 0.953723
    outer loop
      vertex 0.776457 -16.1022 80.374
      vertex 0.647047 16.0735 80.4148
      vertex 0.647047 -16.0735 80.4148
    endloop
  endfacet
  facet normal -0.95372 0 -0.300697
    outer loop
      vertex -2.34923 -17.1382 77.145
      vertex -2.41481 17.2237 77.353
      vertex -2.34923 17.1382 77.145
    endloop
  endfacet
  facet normal -0.95372 -0 -0.300697
    outer loop
      vertex -2.41481 17.2237 77.353
      vertex -2.34923 -17.1382 77.145
      vertex -2.41481 -17.2237 77.353
    endloop
  endfacet
  facet normal 0.976277 -0 0.216527
    outer loop
      vertex 2.41481 -17.2237 78.647
      vertex 2.45746 17.2793 78.4547
      vertex 2.41481 17.2237 78.647
    endloop
  endfacet
  facet normal 0.976277 -0 0.216527
    outer loop
      vertex 2.45746 -17.2793 78.4547
      vertex 2.45746 17.2793 78.4547
      vertex 2.41481 -17.2237 78.647
    endloop
  endfacet
  facet normal 0.976365 0 0.216127
    outer loop
      vertex 2.45746 17.2793 78.4547
      vertex 2.45746 -17.2793 78.4547
      vertex 2.46202 17.2864 78.4341
    endloop
  endfacet
  facet normal 0.976365 0 0.216127
    outer loop
      vertex 2.46202 17.2864 78.4341
      vertex 2.45746 -17.2793 78.4547
      vertex 2.46202 -17.2864 78.4341
    endloop
  endfacet
  facet normal 0.130356 0 0.991467
    outer loop
      vertex 0.261467 16.0114 80.4847
      vertex 0.43412 -16.0341 80.462
      vertex 0.43412 16.0341 80.462
    endloop
  endfacet
  facet normal 0.130356 0 0.991467
    outer loop
      vertex 0.261467 16.0114 80.4847
      vertex 0.261467 -16.0114 80.4847
      vertex 0.43412 -16.0341 80.462
    endloop
  endfacet
  facet normal 0.131931 0 0.991259
    outer loop
      vertex 0.217889 16.0095 80.4905
      vertex 0.261467 -16.0114 80.4847
      vertex 0.261467 16.0114 80.4847
    endloop
  endfacet
  facet normal 0.131931 0 0.991259
    outer loop
      vertex 0.261467 -16.0114 80.4847
      vertex 0.217889 16.0095 80.4905
      vertex 0.217889 -16.0095 80.4905
    endloop
  endfacet
  facet normal -0.793902 0 -0.608046
    outer loop
      vertex -1.91511 -16.6917 76.393
      vertex -1.92836 16.7019 76.4103
      vertex -1.91511 16.6917 76.393
    endloop
  endfacet
  facet normal -0.793902 0 -0.608046
    outer loop
      vertex -1.92836 -16.7019 76.4103
      vertex -1.92836 16.7019 76.4103
      vertex -1.91511 -16.6917 76.393
    endloop
  endfacet
  facet normal -0.793426 -0 -0.608667
    outer loop
      vertex -1.92836 16.7019 76.4103
      vertex -1.92836 -16.7019 76.4103
      vertex -2.04788 16.8114 76.5661
    endloop
  endfacet
  facet normal -0.793426 -0 -0.608667
    outer loop
      vertex -2.04788 16.8114 76.5661
      vertex -1.92836 -16.7019 76.4103
      vertex -2.04788 -16.8114 76.5661
    endloop
  endfacet
  facet normal 0.0435588 0 -0.999051
    outer loop
      vertex 0 -16 75.5
      vertex 0.217889 16.0095 75.5095
      vertex 0.217889 -16.0095 75.5095
    endloop
  endfacet
  facet normal 0.0435588 0 -0.999051
    outer loop
      vertex 0.217889 16.0095 75.5095
      vertex 0 -16 75.5
      vertex 0 16 75.5
    endloop
  endfacet
  facet normal 0.793902 -0 0.608046
    outer loop
      vertex 1.91511 -16.6917 79.607
      vertex 1.92836 16.7019 79.5897
      vertex 1.91511 16.6917 79.607
    endloop
  endfacet
  facet normal 0.793902 -0 0.608046
    outer loop
      vertex 1.92836 -16.7019 79.5897
      vertex 1.92836 16.7019 79.5897
      vertex 1.91511 -16.6917 79.607
    endloop
  endfacet
  facet normal 0.793426 0 0.608667
    outer loop
      vertex 1.92836 16.7019 79.5897
      vertex 1.92836 -16.7019 79.5897
      vertex 2.04788 16.8114 79.4339
    endloop
  endfacet
  facet normal 0.793426 0 0.608667
    outer loop
      vertex 2.04788 16.8114 79.4339
      vertex 1.92836 -16.7019 79.5897
      vertex 2.04788 -16.8114 79.4339
    endloop
  endfacet
  facet normal 0.216762 0 -0.976225
    outer loop
      vertex 0.520944 -16.0456 75.5572
      vertex 0.647047 16.0735 75.5852
      vertex 0.647047 -16.0735 75.5852
    endloop
  endfacet
  facet normal 0.216762 0 -0.976225
    outer loop
      vertex 0.520944 -16.0456 75.5572
      vertex 0.520944 16.0456 75.5572
      vertex 0.647047 16.0735 75.5852
    endloop
  endfacet
  facet normal 0.215921 0 -0.976411
    outer loop
      vertex 0.43412 -16.0341 75.538
      vertex 0.520944 16.0456 75.5572
      vertex 0.520944 -16.0456 75.5572
    endloop
  endfacet
  facet normal 0.215921 0 -0.976411
    outer loop
      vertex 0.520944 16.0456 75.5572
      vertex 0.43412 -16.0341 75.538
      vertex 0.43412 16.0341 75.538
    endloop
  endfacet
  facet normal 0.130356 0 -0.991467
    outer loop
      vertex 0.261467 -16.0114 75.5153
      vertex 0.43412 16.0341 75.538
      vertex 0.43412 -16.0341 75.538
    endloop
  endfacet
  facet normal 0.130356 0 -0.991467
    outer loop
      vertex 0.261467 -16.0114 75.5153
      vertex 0.261467 16.0114 75.5153
      vertex 0.43412 16.0341 75.538
    endloop
  endfacet
  facet normal 0.131931 0 -0.991259
    outer loop
      vertex 0.217889 -16.0095 75.5095
      vertex 0.261467 16.0114 75.5153
      vertex 0.261467 -16.0114 75.5153
    endloop
  endfacet
  facet normal 0.131931 0 -0.991259
    outer loop
      vertex 0.261467 16.0114 75.5153
      vertex 0.217889 -16.0095 75.5095
      vertex 0.217889 16.0095 75.5095
    endloop
  endfacet
  facet normal -0.843227 0 -0.537557
    outer loop
      vertex -2.04788 -16.8114 76.5661
      vertex -2.12132 16.8787 76.6813
      vertex -2.04788 16.8114 76.5661
    endloop
  endfacet
  facet normal -0.843227 0 -0.537557
    outer loop
      vertex -2.12132 -16.8787 76.6813
      vertex -2.12132 16.8787 76.6813
      vertex -2.04788 -16.8114 76.5661
    endloop
  endfacet
  facet normal -0.84354 -0 -0.537066
    outer loop
      vertex -2.12132 16.8787 76.6813
      vertex -2.12132 -16.8787 76.6813
      vertex -2.16506 16.9264 76.75
    endloop
  endfacet
  facet normal -0.84354 -0 -0.537066
    outer loop
      vertex -2.16506 16.9264 76.75
      vertex -2.12132 -16.8787 76.6813
      vertex -2.16506 -16.9264 76.75
    endloop
  endfacet
  facet normal 0.999049 0 -0.0436024
    outer loop
      vertex 2.5 17.3461 78
      vertex 2.49049 -17.3311 77.7821
      vertex 2.49049 17.3311 77.7821
    endloop
  endfacet
  facet normal 0.999049 0 -0.0436024
    outer loop
      vertex 2.49049 -17.3311 77.7821
      vertex 2.5 17.3461 78
      vertex 2.5 -17.3461 78
    endloop
  endfacet
  facet normal 0.95372 -0 0.300697
    outer loop
      vertex 2.34923 -17.1382 78.855
      vertex 2.41481 17.2237 78.647
      vertex 2.34923 17.1382 78.855
    endloop
  endfacet
  facet normal 0.95372 0 0.300697
    outer loop
      vertex 2.41481 17.2237 78.647
      vertex 2.34923 -17.1382 78.855
      vertex 2.41481 -17.2237 78.647
    endloop
  endfacet
  facet normal -0.461735 0 0.887018
    outer loop
      vertex -1.25 16.2737 80.1651
      vertex -1.05655 -16.1935 80.2658
      vertex -1.05655 16.1935 80.2658
    endloop
  endfacet
  facet normal -0.461735 0 0.887018
    outer loop
      vertex -1.05655 -16.1935 80.2658
      vertex -1.25 16.2737 80.1651
      vertex -1.25 -16.2737 80.1651
    endloop
  endfacet
  facet normal -0.991441 0 -0.130557
    outer loop
      vertex -2.46202 -17.2864 77.5659
      vertex -2.49049 17.3311 77.7821
      vertex -2.46202 17.2864 77.5659
    endloop
  endfacet
  facet normal -0.991441 -0 -0.130557
    outer loop
      vertex -2.49049 17.3311 77.7821
      vertex -2.46202 -17.2864 77.5659
      vertex -2.49049 -17.3311 77.7821
    endloop
  endfacet
  facet normal 0.923838 -0 0.382784
    outer loop
      vertex 2.26577 -17.0363 79.0565
      vertex 2.29813 17.0716 78.9784
      vertex 2.26577 17.0363 79.0565
    endloop
  endfacet
  facet normal 0.923838 -0 0.382784
    outer loop
      vertex 2.29813 -17.0716 78.9784
      vertex 2.29813 17.0716 78.9784
      vertex 2.26577 -17.0363 79.0565
    endloop
  endfacet
  facet normal 0.923916 0 0.382594
    outer loop
      vertex 2.29813 17.0716 78.9784
      vertex 2.29813 -17.0716 78.9784
      vertex 2.34923 17.1382 78.855
    endloop
  endfacet
  facet normal 0.923916 0 0.382594
    outer loop
      vertex 2.34923 17.1382 78.855
      vertex 2.29813 -17.0716 78.9784
      vertex 2.34923 -17.1382 78.855
    endloop
  endfacet
  facet normal -0.60884 0 0.793293
    outer loop
      vertex -1.5 16.4019 79.9972
      vertex -1.43394 -16.3675 80.0479
      vertex -1.43394 16.3675 80.0479
    endloop
  endfacet
  facet normal -0.60884 0 0.793293
    outer loop
      vertex -1.5 16.4019 79.9972
      vertex -1.5 -16.4019 79.9972
      vertex -1.43394 -16.3675 80.0479
    endloop
  endfacet
  facet normal -0.60885 0 0.793285
    outer loop
      vertex -1.60697 16.4701 79.9151
      vertex -1.5 -16.4019 79.9972
      vertex -1.5 16.4019 79.9972
    endloop
  endfacet
  facet normal -0.60885 0 0.793285
    outer loop
      vertex -1.5 -16.4019 79.9972
      vertex -1.60697 16.4701 79.9151
      vertex -1.60697 -16.4701 79.9151
    endloop
  endfacet
  facet normal -0.300687 0 0.953723
    outer loop
      vertex -0.776457 16.1022 80.374
      vertex -0.647047 -16.0735 80.4148
      vertex -0.647047 16.0735 80.4148
    endloop
  endfacet
  facet normal -0.300687 0 0.953723
    outer loop
      vertex -0.776457 16.1022 80.374
      vertex -0.776457 -16.1022 80.374
      vertex -0.647047 -16.0735 80.4148
    endloop
  endfacet
  facet normal -0.300923 0 0.953648
    outer loop
      vertex -0.85505 16.127 80.3492
      vertex -0.776457 -16.1022 80.374
      vertex -0.776457 16.1022 80.374
    endloop
  endfacet
  facet normal -0.300923 0 0.953648
    outer loop
      vertex -0.776457 -16.1022 80.374
      vertex -0.85505 16.127 80.3492
      vertex -0.85505 -16.127 80.3492
    endloop
  endfacet
  facet normal 0.887048 -0 0.461677
    outer loop
      vertex 2.16506 -16.9264 79.25
      vertex 2.26577 17.0363 79.0565
      vertex 2.16506 16.9264 79.25
    endloop
  endfacet
  facet normal 0.887048 0 0.461677
    outer loop
      vertex 2.26577 17.0363 79.0565
      vertex 2.16506 -16.9264 79.25
      vertex 2.26577 -17.0363 79.0565
    endloop
  endfacet
  facet normal 0.793902 0 -0.608046
    outer loop
      vertex 1.92836 16.7019 76.4103
      vertex 1.91511 -16.6917 76.393
      vertex 1.91511 16.6917 76.393
    endloop
  endfacet
  facet normal 0.793426 0 -0.608667
    outer loop
      vertex 1.92836 -16.7019 76.4103
      vertex 1.92836 16.7019 76.4103
      vertex 2.04788 16.8114 76.5661
    endloop
  endfacet
  facet normal 0.793902 0 -0.608046
    outer loop
      vertex 1.92836 16.7019 76.4103
      vertex 1.92836 -16.7019 76.4103
      vertex 1.91511 -16.6917 76.393
    endloop
  endfacet
  facet normal 0.793426 0 -0.608667
    outer loop
      vertex 1.92836 -16.7019 76.4103
      vertex 2.04788 16.8114 76.5661
      vertex 2.04788 -16.8114 76.5661
    endloop
  endfacet
  facet normal 0.95372 0 -0.300697
    outer loop
      vertex 2.41481 17.2237 77.353
      vertex 2.34923 -17.1382 77.145
      vertex 2.34923 17.1382 77.145
    endloop
  endfacet
  facet normal 0.95372 0 -0.300697
    outer loop
      vertex 2.34923 -17.1382 77.145
      vertex 2.41481 17.2237 77.353
      vertex 2.41481 -17.2237 77.353
    endloop
  endfacet
  facet normal 0.843227 -0 0.537557
    outer loop
      vertex 2.04788 -16.8114 79.4339
      vertex 2.12132 16.8787 79.3187
      vertex 2.04788 16.8114 79.4339
    endloop
  endfacet
  facet normal 0.843227 -0 0.537557
    outer loop
      vertex 2.12132 -16.8787 79.3187
      vertex 2.12132 16.8787 79.3187
      vertex 2.04788 -16.8114 79.4339
    endloop
  endfacet
  facet normal 0.84354 0 0.537066
    outer loop
      vertex 2.12132 16.8787 79.3187
      vertex 2.12132 -16.8787 79.3187
      vertex 2.16506 16.9264 79.25
    endloop
  endfacet
  facet normal 0.84354 0 0.537066
    outer loop
      vertex 2.16506 16.9264 79.25
      vertex 2.12132 -16.8787 79.3187
      vertex 2.16506 -16.9264 79.25
    endloop
  endfacet
  facet normal 0.53726 0 0.843417
    outer loop
      vertex 1.26785 16.2811 80.1537
      vertex 1.43394 -16.3675 80.0479
      vertex 1.43394 16.3675 80.0479
    endloop
  endfacet
  facet normal 0.53726 0 0.843417
    outer loop
      vertex 1.26785 16.2811 80.1537
      vertex 1.26785 -16.2811 80.1537
      vertex 1.43394 -16.3675 80.0479
    endloop
  endfacet
  facet normal 0.53825 0 0.842786
    outer loop
      vertex 1.25 16.2737 80.1651
      vertex 1.26785 -16.2811 80.1537
      vertex 1.26785 16.2811 80.1537
    endloop
  endfacet
  facet normal 0.53825 0 0.842786
    outer loop
      vertex 1.26785 -16.2811 80.1537
      vertex 1.25 16.2737 80.1651
      vertex 1.25 -16.2737 80.1651
    endloop
  endfacet
  facet normal 0.53726 0 -0.843417
    outer loop
      vertex 1.26785 -16.2811 75.8463
      vertex 1.43394 16.3675 75.9521
      vertex 1.43394 -16.3675 75.9521
    endloop
  endfacet
  facet normal 0.53726 0 -0.843417
    outer loop
      vertex 1.26785 -16.2811 75.8463
      vertex 1.26785 16.2811 75.8463
      vertex 1.43394 16.3675 75.9521
    endloop
  endfacet
  facet normal 0.53825 0 -0.842786
    outer loop
      vertex 1.25 -16.2737 75.8349
      vertex 1.26785 16.2811 75.8463
      vertex 1.26785 -16.2811 75.8463
    endloop
  endfacet
  facet normal 0.53825 0 -0.842786
    outer loop
      vertex 1.26785 16.2811 75.8463
      vertex 1.25 -16.2737 75.8349
      vertex 1.25 16.2737 75.8349
    endloop
  endfacet
  facet normal 0.991441 0 -0.130557
    outer loop
      vertex 2.49049 17.3311 77.7821
      vertex 2.46202 -17.2864 77.5659
      vertex 2.46202 17.2864 77.5659
    endloop
  endfacet
  facet normal 0.991441 0 -0.130557
    outer loop
      vertex 2.46202 -17.2864 77.5659
      vertex 2.49049 17.3311 77.7821
      vertex 2.49049 -17.3311 77.7821
    endloop
  endfacet
  facet normal 0.843227 0 -0.537557
    outer loop
      vertex 2.12132 16.8787 76.6813
      vertex 2.04788 -16.8114 76.5661
      vertex 2.04788 16.8114 76.5661
    endloop
  endfacet
  facet normal 0.84354 0 -0.537066
    outer loop
      vertex 2.12132 -16.8787 76.6813
      vertex 2.12132 16.8787 76.6813
      vertex 2.16506 16.9264 76.75
    endloop
  endfacet
  facet normal 0.843227 0 -0.537557
    outer loop
      vertex 2.12132 16.8787 76.6813
      vertex 2.12132 -16.8787 76.6813
      vertex 2.04788 -16.8114 76.5661
    endloop
  endfacet
  facet normal 0.84354 0 -0.537066
    outer loop
      vertex 2.12132 -16.8787 76.6813
      vertex 2.16506 16.9264 76.75
      vertex 2.16506 -16.9264 76.75
    endloop
  endfacet
  facet normal 0.381923 0 0.924194
    outer loop
      vertex 1.02606 16.1809 80.2784
      vertex 1.05655 -16.1935 80.2658
      vertex 1.05655 16.1935 80.2658
    endloop
  endfacet
  facet normal 0.381923 0 0.924194
    outer loop
      vertex 1.02606 16.1809 80.2784
      vertex 1.02606 -16.1809 80.2784
      vertex 1.05655 -16.1935 80.2658
    endloop
  endfacet
  facet normal 0.382524 0 0.923946
    outer loop
      vertex 0.85505 16.127 80.3492
      vertex 1.02606 -16.1809 80.2784
      vertex 1.02606 16.1809 80.2784
    endloop
  endfacet
  facet normal 0.382524 0 0.923946
    outer loop
      vertex 1.02606 -16.1809 80.2784
      vertex 0.85505 16.127 80.3492
      vertex 0.85505 -16.127 80.3492
    endloop
  endfacet
  facet normal 0.60885 0 0.793285
    outer loop
      vertex 1.5 16.4019 79.9972
      vertex 1.60697 -16.4701 79.9151
      vertex 1.60697 16.4701 79.9151
    endloop
  endfacet
  facet normal 0.60885 0 0.793285
    outer loop
      vertex 1.5 16.4019 79.9972
      vertex 1.5 -16.4019 79.9972
      vertex 1.60697 -16.4701 79.9151
    endloop
  endfacet
  facet normal 0.60884 0 0.793293
    outer loop
      vertex 1.43394 16.3675 80.0479
      vertex 1.5 -16.4019 79.9972
      vertex 1.5 16.4019 79.9972
    endloop
  endfacet
  facet normal 0.60884 0 0.793293
    outer loop
      vertex 1.5 -16.4019 79.9972
      vertex 1.43394 16.3675 80.0479
      vertex 1.43394 -16.3675 80.0479
    endloop
  endfacet
  facet normal 0.461735 0 0.887018
    outer loop
      vertex 1.05655 16.1935 80.2658
      vertex 1.25 -16.2737 80.1651
      vertex 1.25 16.2737 80.1651
    endloop
  endfacet
  facet normal 0.461735 0 0.887018
    outer loop
      vertex 1.25 -16.2737 80.1651
      vertex 1.05655 16.1935 80.2658
      vertex 1.05655 -16.1935 80.2658
    endloop
  endfacet
  facet normal -0.215921 0 -0.976411
    outer loop
      vertex -0.520944 -16.0456 75.5572
      vertex -0.43412 16.0341 75.538
      vertex -0.43412 -16.0341 75.538
    endloop
  endfacet
  facet normal -0.215921 0 -0.976411
    outer loop
      vertex -0.520944 -16.0456 75.5572
      vertex -0.520944 16.0456 75.5572
      vertex -0.43412 16.0341 75.538
    endloop
  endfacet
  facet normal -0.216762 0 -0.976225
    outer loop
      vertex -0.647047 -16.0735 75.5852
      vertex -0.520944 16.0456 75.5572
      vertex -0.520944 -16.0456 75.5572
    endloop
  endfacet
  facet normal -0.216762 0 -0.976225
    outer loop
      vertex -0.520944 16.0456 75.5572
      vertex -0.647047 -16.0735 75.5852
      vertex -0.647047 16.0735 75.5852
    endloop
  endfacet
  facet normal 0.675554 0 -0.73731
    outer loop
      vertex 1.72073 -16.5425 76.1891
      vertex 1.76777 16.5786 76.2322
      vertex 1.76777 -16.5786 76.2322
    endloop
  endfacet
  facet normal 0.675554 0 -0.73731
    outer loop
      vertex 1.72073 -16.5425 76.1891
      vertex 1.72073 16.5425 76.1891
      vertex 1.76777 16.5786 76.2322
    endloop
  endfacet
  facet normal 0.675443 0 -0.737412
    outer loop
      vertex 1.60697 -16.4701 76.0849
      vertex 1.72073 16.5425 76.1891
      vertex 1.72073 -16.5425 76.1891
    endloop
  endfacet
  facet normal 0.675443 0 -0.737412
    outer loop
      vertex 1.72073 16.5425 76.1891
      vertex 1.60697 -16.4701 76.0849
      vertex 1.60697 16.4701 76.0849
    endloop
  endfacet
  facet normal -0.737291 0 0.675575
    outer loop
      vertex -1.91511 16.6917 79.607
      vertex -1.76777 -16.5786 79.7678
      vertex -1.76777 16.5786 79.7678
    endloop
  endfacet
  facet normal -0.737291 0 0.675575
    outer loop
      vertex -1.76777 -16.5786 79.7678
      vertex -1.91511 16.6917 79.607
      vertex -1.91511 -16.6917 79.607
    endloop
  endfacet
  facet normal 0.923838 0 -0.382784
    outer loop
      vertex 2.29813 17.0716 77.0216
      vertex 2.26577 -17.0363 76.9435
      vertex 2.26577 17.0363 76.9435
    endloop
  endfacet
  facet normal 0.923916 0 -0.382594
    outer loop
      vertex 2.29813 -17.0716 77.0216
      vertex 2.29813 17.0716 77.0216
      vertex 2.34923 17.1382 77.145
    endloop
  endfacet
  facet normal 0.923838 0 -0.382784
    outer loop
      vertex 2.29813 17.0716 77.0216
      vertex 2.29813 -17.0716 77.0216
      vertex 2.26577 -17.0363 76.9435
    endloop
  endfacet
  facet normal 0.923916 0 -0.382594
    outer loop
      vertex 2.29813 -17.0716 77.0216
      vertex 2.34923 17.1382 77.145
      vertex 2.34923 -17.1382 77.145
    endloop
  endfacet
  facet normal 0.675554 0 0.73731
    outer loop
      vertex 1.72073 16.5425 79.8109
      vertex 1.76777 -16.5786 79.7678
      vertex 1.76777 16.5786 79.7678
    endloop
  endfacet
  facet normal 0.675554 0 0.73731
    outer loop
      vertex 1.72073 16.5425 79.8109
      vertex 1.72073 -16.5425 79.8109
      vertex 1.76777 -16.5786 79.7678
    endloop
  endfacet
  facet normal 0.675443 0 0.737412
    outer loop
      vertex 1.60697 16.4701 79.9151
      vertex 1.72073 -16.5425 79.8109
      vertex 1.72073 16.5425 79.8109
    endloop
  endfacet
  facet normal 0.675443 0 0.737412
    outer loop
      vertex 1.72073 -16.5425 79.8109
      vertex 1.60697 16.4701 79.9151
      vertex 1.60697 -16.4701 79.9151
    endloop
  endfacet
  facet normal -0.53825 0 0.842786
    outer loop
      vertex -1.26785 16.2811 80.1537
      vertex -1.25 -16.2737 80.1651
      vertex -1.25 16.2737 80.1651
    endloop
  endfacet
  facet normal -0.53825 0 0.842786
    outer loop
      vertex -1.26785 16.2811 80.1537
      vertex -1.26785 -16.2811 80.1537
      vertex -1.25 -16.2737 80.1651
    endloop
  endfacet
  facet normal -0.53726 0 0.843417
    outer loop
      vertex -1.43394 16.3675 80.0479
      vertex -1.26785 -16.2811 80.1537
      vertex -1.26785 16.2811 80.1537
    endloop
  endfacet
  facet normal -0.53726 0 0.843417
    outer loop
      vertex -1.26785 -16.2811 80.1537
      vertex -1.43394 16.3675 80.0479
      vertex -1.43394 -16.3675 80.0479
    endloop
  endfacet
  facet normal -0.131931 0 0.991259
    outer loop
      vertex -0.261467 16.0114 80.4847
      vertex -0.217889 -16.0095 80.4905
      vertex -0.217889 16.0095 80.4905
    endloop
  endfacet
  facet normal -0.131931 0 0.991259
    outer loop
      vertex -0.261467 16.0114 80.4847
      vertex -0.261467 -16.0114 80.4847
      vertex -0.217889 -16.0095 80.4905
    endloop
  endfacet
  facet normal -0.130356 0 0.991467
    outer loop
      vertex -0.43412 16.0341 80.462
      vertex -0.261467 -16.0114 80.4847
      vertex -0.261467 16.0114 80.4847
    endloop
  endfacet
  facet normal -0.130356 0 0.991467
    outer loop
      vertex -0.261467 -16.0114 80.4847
      vertex -0.43412 16.0341 80.462
      vertex -0.43412 -16.0341 80.462
    endloop
  endfacet
  facet normal -0.887048 0 -0.461677
    outer loop
      vertex -2.16506 -16.9264 76.75
      vertex -2.26577 17.0363 76.9435
      vertex -2.16506 16.9264 76.75
    endloop
  endfacet
  facet normal -0.887048 -0 -0.461677
    outer loop
      vertex -2.26577 17.0363 76.9435
      vertex -2.16506 -16.9264 76.75
      vertex -2.26577 -17.0363 76.9435
    endloop
  endfacet
  facet normal -0.999049 0 -0.0436024
    outer loop
      vertex -2.49049 -17.3311 77.7821
      vertex -2.5 17.3461 78
      vertex -2.49049 17.3311 77.7821
    endloop
  endfacet
  facet normal -0.999049 -0 -0.0436024
    outer loop
      vertex -2.5 17.3461 78
      vertex -2.49049 -17.3311 77.7821
      vertex -2.5 -17.3461 78
    endloop
  endfacet
  facet normal -0.461735 0 -0.887018
    outer loop
      vertex -1.25 -16.2737 75.8349
      vertex -1.05655 16.1935 75.7342
      vertex -1.05655 -16.1935 75.7342
    endloop
  endfacet
  facet normal -0.461735 0 -0.887018
    outer loop
      vertex -1.05655 16.1935 75.7342
      vertex -1.25 -16.2737 75.8349
      vertex -1.25 16.2737 75.8349
    endloop
  endfacet
  facet normal -0.675443 0 -0.737412
    outer loop
      vertex -1.72073 -16.5425 76.1891
      vertex -1.60697 16.4701 76.0849
      vertex -1.60697 -16.4701 76.0849
    endloop
  endfacet
  facet normal -0.675443 0 -0.737412
    outer loop
      vertex -1.72073 -16.5425 76.1891
      vertex -1.72073 16.5425 76.1891
      vertex -1.60697 16.4701 76.0849
    endloop
  endfacet
  facet normal -0.675554 0 -0.73731
    outer loop
      vertex -1.76777 -16.5786 76.2322
      vertex -1.72073 16.5425 76.1891
      vertex -1.72073 -16.5425 76.1891
    endloop
  endfacet
  facet normal -0.675554 0 -0.73731
    outer loop
      vertex -1.72073 16.5425 76.1891
      vertex -1.76777 -16.5786 76.2322
      vertex -1.76777 16.5786 76.2322
    endloop
  endfacet
  facet normal 0.737291 -0 0.675575
    outer loop
      vertex 1.76777 -16.5786 79.7678
      vertex 1.91511 16.6917 79.607
      vertex 1.76777 16.5786 79.7678
    endloop
  endfacet
  facet normal 0.737291 0 0.675575
    outer loop
      vertex 1.91511 16.6917 79.607
      vertex 1.76777 -16.5786 79.7678
      vertex 1.91511 -16.6917 79.607
    endloop
  endfacet
  facet normal 0.887048 0 -0.461677
    outer loop
      vertex 2.26577 17.0363 76.9435
      vertex 2.16506 -16.9264 76.75
      vertex 2.16506 16.9264 76.75
    endloop
  endfacet
  facet normal 0.887048 0 -0.461677
    outer loop
      vertex 2.16506 -16.9264 76.75
      vertex 2.26577 17.0363 76.9435
      vertex 2.26577 -17.0363 76.9435
    endloop
  endfacet
  facet normal -0.976277 0 -0.216527
    outer loop
      vertex -2.41481 -17.2237 77.353
      vertex -2.45746 17.2793 77.5453
      vertex -2.41481 17.2237 77.353
    endloop
  endfacet
  facet normal -0.976277 0 -0.216527
    outer loop
      vertex -2.45746 -17.2793 77.5453
      vertex -2.45746 17.2793 77.5453
      vertex -2.41481 -17.2237 77.353
    endloop
  endfacet
  facet normal -0.976365 -0 -0.216127
    outer loop
      vertex -2.45746 17.2793 77.5453
      vertex -2.45746 -17.2793 77.5453
      vertex -2.46202 17.2864 77.5659
    endloop
  endfacet
  facet normal -0.976365 -0 -0.216127
    outer loop
      vertex -2.46202 17.2864 77.5659
      vertex -2.45746 -17.2793 77.5453
      vertex -2.46202 -17.2864 77.5659
    endloop
  endfacet
  facet normal -0.0435588 0 -0.999051
    outer loop
      vertex -0.217889 -16.0095 75.5095
      vertex 0 16 75.5
      vertex 0 -16 75.5
    endloop
  endfacet
  facet normal -0.0435588 0 -0.999051
    outer loop
      vertex 0 16 75.5
      vertex -0.217889 -16.0095 75.5095
      vertex -0.217889 16.0095 75.5095
    endloop
  endfacet
  facet normal 0.0435588 0 0.999051
    outer loop
      vertex 0 16 80.5
      vertex 0.217889 -16.0095 80.4905
      vertex 0.217889 16.0095 80.4905
    endloop
  endfacet
  facet normal 0.0435588 0 0.999051
    outer loop
      vertex 0.217889 -16.0095 80.4905
      vertex 0 16 80.5
      vertex 0 -16 80.5
    endloop
  endfacet
  facet normal -0.737291 0 -0.675575
    outer loop
      vertex -1.76777 -16.5786 76.2322
      vertex -1.91511 16.6917 76.393
      vertex -1.76777 16.5786 76.2322
    endloop
  endfacet
  facet normal -0.737291 -0 -0.675575
    outer loop
      vertex -1.91511 16.6917 76.393
      vertex -1.76777 -16.5786 76.2322
      vertex -1.91511 -16.6917 76.393
    endloop
  endfacet
  facet normal 0.461735 0 -0.887018
    outer loop
      vertex 1.05655 -16.1935 75.7342
      vertex 1.25 16.2737 75.8349
      vertex 1.25 -16.2737 75.8349
    endloop
  endfacet
  facet normal 0.461735 0 -0.887018
    outer loop
      vertex 1.25 16.2737 75.8349
      vertex 1.05655 -16.1935 75.7342
      vertex 1.05655 16.1935 75.7342
    endloop
  endfacet
  facet normal -0.0435588 0 0.999051
    outer loop
      vertex -0.217889 16.0095 80.4905
      vertex 0 -16 80.5
      vertex 0 16 80.5
    endloop
  endfacet
  facet normal -0.0435588 0 0.999051
    outer loop
      vertex 0 -16 80.5
      vertex -0.217889 16.0095 80.4905
      vertex -0.217889 -16.0095 80.4905
    endloop
  endfacet
  facet normal 0.60885 0 -0.793285
    outer loop
      vertex 1.5 -16.4019 76.0028
      vertex 1.60697 16.4701 76.0849
      vertex 1.60697 -16.4701 76.0849
    endloop
  endfacet
  facet normal 0.60885 0 -0.793285
    outer loop
      vertex 1.5 -16.4019 76.0028
      vertex 1.5 16.4019 76.0028
      vertex 1.60697 16.4701 76.0849
    endloop
  endfacet
  facet normal 0.60884 0 -0.793293
    outer loop
      vertex 1.43394 -16.3675 75.9521
      vertex 1.5 16.4019 76.0028
      vertex 1.5 -16.4019 76.0028
    endloop
  endfacet
  facet normal 0.60884 0 -0.793293
    outer loop
      vertex 1.5 16.4019 76.0028
      vertex 1.43394 -16.3675 75.9521
      vertex 1.43394 16.3675 75.9521
    endloop
  endfacet
  facet normal -0.999049 0 0.0436024
    outer loop
      vertex -2.5 17.3461 78
      vertex -2.49049 -17.3311 78.2179
      vertex -2.49049 17.3311 78.2179
    endloop
  endfacet
  facet normal -0.999049 0 0.0436024
    outer loop
      vertex -2.49049 -17.3311 78.2179
      vertex -2.5 17.3461 78
      vertex -2.5 -17.3461 78
    endloop
  endfacet
  facet normal -0.923838 0 0.382784
    outer loop
      vertex -2.29813 17.0716 78.9784
      vertex -2.26577 -17.0363 79.0565
      vertex -2.26577 17.0363 79.0565
    endloop
  endfacet
  facet normal -0.923916 0 0.382594
    outer loop
      vertex -2.29813 -17.0716 78.9784
      vertex -2.29813 17.0716 78.9784
      vertex -2.34923 17.1382 78.855
    endloop
  endfacet
  facet normal -0.923838 0 0.382784
    outer loop
      vertex -2.29813 17.0716 78.9784
      vertex -2.29813 -17.0716 78.9784
      vertex -2.26577 -17.0363 79.0565
    endloop
  endfacet
  facet normal -0.923916 0 0.382594
    outer loop
      vertex -2.29813 -17.0716 78.9784
      vertex -2.34923 17.1382 78.855
      vertex -2.34923 -17.1382 78.855
    endloop
  endfacet
  facet normal 0.300923 0 -0.953648
    outer loop
      vertex 0.776457 -16.1022 75.626
      vertex 0.85505 16.127 75.6508
      vertex 0.85505 -16.127 75.6508
    endloop
  endfacet
  facet normal 0.300923 0 -0.953648
    outer loop
      vertex 0.776457 -16.1022 75.626
      vertex 0.776457 16.1022 75.626
      vertex 0.85505 16.127 75.6508
    endloop
  endfacet
  facet normal 0.300687 0 -0.953723
    outer loop
      vertex 0.647047 -16.0735 75.5852
      vertex 0.776457 16.1022 75.626
      vertex 0.776457 -16.1022 75.626
    endloop
  endfacet
  facet normal 0.300687 0 -0.953723
    outer loop
      vertex 0.776457 16.1022 75.626
      vertex 0.647047 -16.0735 75.5852
      vertex 0.647047 16.0735 75.5852
    endloop
  endfacet
  facet normal 0.216762 0 0.976225
    outer loop
      vertex 0.520944 16.0456 80.4428
      vertex 0.647047 -16.0735 80.4148
      vertex 0.647047 16.0735 80.4148
    endloop
  endfacet
  facet normal 0.216762 0 0.976225
    outer loop
      vertex 0.520944 16.0456 80.4428
      vertex 0.520944 -16.0456 80.4428
      vertex 0.647047 -16.0735 80.4148
    endloop
  endfacet
  facet normal 0.215921 0 0.976411
    outer loop
      vertex 0.43412 16.0341 80.462
      vertex 0.520944 -16.0456 80.4428
      vertex 0.520944 16.0456 80.4428
    endloop
  endfacet
  facet normal 0.215921 0 0.976411
    outer loop
      vertex 0.520944 -16.0456 80.4428
      vertex 0.43412 16.0341 80.462
      vertex 0.43412 -16.0341 80.462
    endloop
  endfacet
  facet normal 0.737291 0 -0.675575
    outer loop
      vertex 1.91511 16.6917 76.393
      vertex 1.76777 -16.5786 76.2322
      vertex 1.76777 16.5786 76.2322
    endloop
  endfacet
  facet normal 0.737291 0 -0.675575
    outer loop
      vertex 1.76777 -16.5786 76.2322
      vertex 1.91511 16.6917 76.393
      vertex 1.91511 -16.6917 76.393
    endloop
  endfacet
  facet normal -0.976277 0 0.216527
    outer loop
      vertex -2.45746 17.2793 78.4547
      vertex -2.41481 -17.2237 78.647
      vertex -2.41481 17.2237 78.647
    endloop
  endfacet
  facet normal -0.976365 0 0.216127
    outer loop
      vertex -2.45746 -17.2793 78.4547
      vertex -2.45746 17.2793 78.4547
      vertex -2.46202 17.2864 78.4341
    endloop
  endfacet
  facet normal -0.976277 0 0.216527
    outer loop
      vertex -2.45746 17.2793 78.4547
      vertex -2.45746 -17.2793 78.4547
      vertex -2.41481 -17.2237 78.647
    endloop
  endfacet
  facet normal -0.976365 0 0.216127
    outer loop
      vertex -2.45746 -17.2793 78.4547
      vertex -2.46202 17.2864 78.4341
      vertex -2.46202 -17.2864 78.4341
    endloop
  endfacet
  facet normal -0.300687 0 -0.953723
    outer loop
      vertex -0.776457 -16.1022 75.626
      vertex -0.647047 16.0735 75.5852
      vertex -0.647047 -16.0735 75.5852
    endloop
  endfacet
  facet normal -0.300687 0 -0.953723
    outer loop
      vertex -0.776457 -16.1022 75.626
      vertex -0.776457 16.1022 75.626
      vertex -0.647047 16.0735 75.5852
    endloop
  endfacet
  facet normal -0.300923 0 -0.953648
    outer loop
      vertex -0.85505 -16.127 75.6508
      vertex -0.776457 16.1022 75.626
      vertex -0.776457 -16.1022 75.626
    endloop
  endfacet
  facet normal -0.300923 0 -0.953648
    outer loop
      vertex -0.776457 16.1022 75.626
      vertex -0.85505 -16.127 75.6508
      vertex -0.85505 16.127 75.6508
    endloop
  endfacet
  facet normal -0.53825 0 -0.842786
    outer loop
      vertex -1.26785 -16.2811 75.8463
      vertex -1.25 16.2737 75.8349
      vertex -1.25 -16.2737 75.8349
    endloop
  endfacet
  facet normal -0.53825 0 -0.842786
    outer loop
      vertex -1.26785 -16.2811 75.8463
      vertex -1.26785 16.2811 75.8463
      vertex -1.25 16.2737 75.8349
    endloop
  endfacet
  facet normal -0.53726 0 -0.843417
    outer loop
      vertex -1.43394 -16.3675 75.9521
      vertex -1.26785 16.2811 75.8463
      vertex -1.26785 -16.2811 75.8463
    endloop
  endfacet
  facet normal -0.53726 0 -0.843417
    outer loop
      vertex -1.26785 16.2811 75.8463
      vertex -1.43394 -16.3675 75.9521
      vertex -1.43394 16.3675 75.9521
    endloop
  endfacet
  facet normal -0.382524 0 -0.923946
    outer loop
      vertex -1.02606 -16.1809 75.7216
      vertex -0.85505 16.127 75.6508
      vertex -0.85505 -16.127 75.6508
    endloop
  endfacet
  facet normal -0.382524 0 -0.923946
    outer loop
      vertex -1.02606 -16.1809 75.7216
      vertex -1.02606 16.1809 75.7216
      vertex -0.85505 16.127 75.6508
    endloop
  endfacet
  facet normal -0.381923 0 -0.924194
    outer loop
      vertex -1.05655 -16.1935 75.7342
      vertex -1.02606 16.1809 75.7216
      vertex -1.02606 -16.1809 75.7216
    endloop
  endfacet
  facet normal -0.381923 0 -0.924194
    outer loop
      vertex -1.02606 16.1809 75.7216
      vertex -1.05655 -16.1935 75.7342
      vertex -1.05655 16.1935 75.7342
    endloop
  endfacet
  facet normal -0.60884 0 -0.793293
    outer loop
      vertex -1.5 -16.4019 76.0028
      vertex -1.43394 16.3675 75.9521
      vertex -1.43394 -16.3675 75.9521
    endloop
  endfacet
  facet normal -0.60884 0 -0.793293
    outer loop
      vertex -1.5 -16.4019 76.0028
      vertex -1.5 16.4019 76.0028
      vertex -1.43394 16.3675 75.9521
    endloop
  endfacet
  facet normal -0.60885 0 -0.793285
    outer loop
      vertex -1.60697 -16.4701 76.0849
      vertex -1.5 16.4019 76.0028
      vertex -1.5 -16.4019 76.0028
    endloop
  endfacet
  facet normal -0.60885 0 -0.793285
    outer loop
      vertex -1.5 16.4019 76.0028
      vertex -1.60697 -16.4701 76.0849
      vertex -1.60697 16.4701 76.0849
    endloop
  endfacet
  facet normal -0.95372 0 0.300697
    outer loop
      vertex -2.41481 17.2237 78.647
      vertex -2.34923 -17.1382 78.855
      vertex -2.34923 17.1382 78.855
    endloop
  endfacet
  facet normal -0.95372 0 0.300697
    outer loop
      vertex -2.34923 -17.1382 78.855
      vertex -2.41481 17.2237 78.647
      vertex -2.41481 -17.2237 78.647
    endloop
  endfacet
  facet normal -0.383445 0 0.923564
    outer loop
      vertex -1.02606 16.1809 110.278
      vertex -0.85505 -16.127 110.349
      vertex -0.85505 16.127 110.349
    endloop
  endfacet
  facet normal -0.383445 0 0.923564
    outer loop
      vertex -1.02606 16.1809 110.278
      vertex -1.02606 -16.1809 110.278
      vertex -0.85505 -16.127 110.349
    endloop
  endfacet
  facet normal -0.366228 0 0.930525
    outer loop
      vertex -1.05655 16.1935 110.266
      vertex -1.02606 -16.1809 110.278
      vertex -1.02606 16.1809 110.278
    endloop
  endfacet
  facet normal -0.366228 0 0.930525
    outer loop
      vertex -1.02606 -16.1809 110.278
      vertex -1.05655 16.1935 110.266
      vertex -1.05655 -16.1935 110.266
    endloop
  endfacet
  facet normal 0.991425 -0 0.130675
    outer loop
      vertex 2.46202 -17.2864 108.434
      vertex 2.49049 17.3311 108.218
      vertex 2.46202 17.2864 108.434
    endloop
  endfacet
  facet normal 0.991425 0 0.130675
    outer loop
      vertex 2.49049 17.3311 108.218
      vertex 2.46202 -17.2864 108.434
      vertex 2.49049 -17.3311 108.218
    endloop
  endfacet
  facet normal 0.99905 -0 0.0435824
    outer loop
      vertex 2.49049 -17.3311 108.218
      vertex 2.5 17.3461 108
      vertex 2.49049 17.3311 108.218
    endloop
  endfacet
  facet normal 0.99905 0 0.0435824
    outer loop
      vertex 2.5 17.3461 108
      vertex 2.49049 -17.3311 108.218
      vertex 2.5 -17.3461 108
    endloop
  endfacet
  facet normal -0.886558 0 0.462618
    outer loop
      vertex -2.26577 17.0363 109.057
      vertex -2.16506 -16.9264 109.25
      vertex -2.16506 16.9264 109.25
    endloop
  endfacet
  facet normal -0.886558 0 0.462618
    outer loop
      vertex -2.16506 -16.9264 109.25
      vertex -2.26577 17.0363 109.057
      vertex -2.26577 -17.0363 109.057
    endloop
  endfacet
  facet normal 0.976205 0 -0.21685
    outer loop
      vertex 2.45746 17.2793 107.545
      vertex 2.41481 -17.2237 107.353
      vertex 2.41481 17.2237 107.353
    endloop
  endfacet
  facet normal 0.977227 0 -0.212198
    outer loop
      vertex 2.45746 -17.2793 107.545
      vertex 2.45746 17.2793 107.545
      vertex 2.46202 17.2864 107.566
    endloop
  endfacet
  facet normal 0.976205 0 -0.21685
    outer loop
      vertex 2.45746 17.2793 107.545
      vertex 2.45746 -17.2793 107.545
      vertex 2.41481 -17.2237 107.353
    endloop
  endfacet
  facet normal 0.977227 0 -0.212198
    outer loop
      vertex 2.45746 -17.2793 107.545
      vertex 2.46202 17.2864 107.566
      vertex 2.46202 -17.2864 107.566
    endloop
  endfacet
  facet normal -0.788727 0 0.614743
    outer loop
      vertex -1.92836 16.7019 109.59
      vertex -1.91511 -16.6917 109.607
      vertex -1.91511 16.6917 109.607
    endloop
  endfacet
  facet normal -0.793803 0 0.608175
    outer loop
      vertex -1.92836 -16.7019 109.59
      vertex -1.92836 16.7019 109.59
      vertex -2.04788 16.8114 109.434
    endloop
  endfacet
  facet normal -0.788727 0 0.614743
    outer loop
      vertex -1.92836 16.7019 109.59
      vertex -1.92836 -16.7019 109.59
      vertex -1.91511 -16.6917 109.607
    endloop
  endfacet
  facet normal -0.793803 0 0.608175
    outer loop
      vertex -1.92836 -16.7019 109.59
      vertex -2.04788 16.8114 109.434
      vertex -2.04788 -16.8114 109.434
    endloop
  endfacet
  facet normal -0.925375 0 -0.379052
    outer loop
      vertex -2.26577 -17.0363 106.943
      vertex -2.29813 17.0716 107.022
      vertex -2.26577 17.0363 106.943
    endloop
  endfacet
  facet normal -0.925375 0 -0.379052
    outer loop
      vertex -2.29813 -17.0716 107.022
      vertex -2.29813 17.0716 107.022
      vertex -2.26577 -17.0363 106.943
    endloop
  endfacet
  facet normal -0.923476 -0 -0.383656
    outer loop
      vertex -2.29813 17.0716 107.022
      vertex -2.29813 -17.0716 107.022
      vertex -2.34923 17.1382 107.145
    endloop
  endfacet
  facet normal -0.923476 -0 -0.383656
    outer loop
      vertex -2.34923 17.1382 107.145
      vertex -2.29813 -17.0716 107.022
      vertex -2.34923 -17.1382 107.145
    endloop
  endfacet
  facet normal -0.213775 0 0.976883
    outer loop
      vertex -0.520944 16.0456 110.443
      vertex -0.43412 -16.0341 110.462
      vertex -0.43412 16.0341 110.462
    endloop
  endfacet
  facet normal -0.213775 0 0.976883
    outer loop
      vertex -0.520944 16.0456 110.443
      vertex -0.520944 -16.0456 110.443
      vertex -0.43412 -16.0341 110.462
    endloop
  endfacet
  facet normal -0.216762 0 0.976225
    outer loop
      vertex -0.647047 16.0735 110.415
      vertex -0.520944 -16.0456 110.443
      vertex -0.520944 16.0456 110.443
    endloop
  endfacet
  facet normal -0.216762 0 0.976225
    outer loop
      vertex -0.520944 -16.0456 110.443
      vertex -0.647047 16.0735 110.415
      vertex -0.647047 -16.0735 110.415
    endloop
  endfacet
  facet normal -0.991425 0 0.130675
    outer loop
      vertex -2.49049 17.3311 108.218
      vertex -2.46202 -17.2864 108.434
      vertex -2.46202 17.2864 108.434
    endloop
  endfacet
  facet normal -0.991425 0 0.130675
    outer loop
      vertex -2.46202 -17.2864 108.434
      vertex -2.49049 17.3311 108.218
      vertex -2.49049 -17.3311 108.218
    endloop
  endfacet
  facet normal -0.842803 0 0.538222
    outer loop
      vertex -2.12132 16.8787 109.319
      vertex -2.04788 -16.8114 109.434
      vertex -2.04788 16.8114 109.434
    endloop
  endfacet
  facet normal -0.844598 0 0.535401
    outer loop
      vertex -2.12132 -16.8787 109.319
      vertex -2.12132 16.8787 109.319
      vertex -2.16506 16.9264 109.25
    endloop
  endfacet
  facet normal -0.842803 0 0.538222
    outer loop
      vertex -2.12132 16.8787 109.319
      vertex -2.12132 -16.8787 109.319
      vertex -2.04788 -16.8114 109.434
    endloop
  endfacet
  facet normal -0.844598 0 0.535401
    outer loop
      vertex -2.12132 -16.8787 109.319
      vertex -2.16506 16.9264 109.25
      vertex -2.16506 -16.9264 109.25
    endloop
  endfacet
  facet normal -0.113989 0 -0.993482
    outer loop
      vertex -0.261467 -16.0114 105.515
      vertex -0.217889 16.0095 105.51
      vertex -0.217889 -16.0095 105.51
    endloop
  endfacet
  facet normal -0.113989 0 -0.993482
    outer loop
      vertex -0.261467 -16.0114 105.515
      vertex -0.261467 16.0114 105.515
      vertex -0.217889 16.0095 105.51
    endloop
  endfacet
  facet normal -0.132049 0 -0.991243
    outer loop
      vertex -0.43412 -16.0341 105.538
      vertex -0.261467 16.0114 105.515
      vertex -0.261467 -16.0114 105.515
    endloop
  endfacet
  facet normal -0.132049 0 -0.991243
    outer loop
      vertex -0.261467 16.0114 105.515
      vertex -0.43412 -16.0341 105.538
      vertex -0.43412 16.0341 105.538
    endloop
  endfacet
  facet normal 0.366228 0 -0.930525
    outer loop
      vertex 1.02606 -16.1809 105.722
      vertex 1.05655 16.1935 105.734
      vertex 1.05655 -16.1935 105.734
    endloop
  endfacet
  facet normal 0.366228 0 -0.930525
    outer loop
      vertex 1.02606 -16.1809 105.722
      vertex 1.02606 16.1809 105.722
      vertex 1.05655 16.1935 105.734
    endloop
  endfacet
  facet normal 0.383445 0 -0.923564
    outer loop
      vertex 0.85505 -16.127 105.651
      vertex 1.02606 16.1809 105.722
      vertex 1.02606 -16.1809 105.722
    endloop
  endfacet
  facet normal 0.383445 0 -0.923564
    outer loop
      vertex 1.02606 16.1809 105.722
      vertex 0.85505 -16.127 105.651
      vertex 0.85505 16.127 105.651
    endloop
  endfacet
  facet normal -0.674737 0 0.738058
    outer loop
      vertex -1.72073 16.5425 109.811
      vertex -1.60697 -16.4701 109.915
      vertex -1.60697 16.4701 109.915
    endloop
  endfacet
  facet normal -0.674737 0 0.738058
    outer loop
      vertex -1.72073 16.5425 109.811
      vertex -1.72073 -16.5425 109.811
      vertex -1.60697 -16.4701 109.915
    endloop
  endfacet
  facet normal -0.674701 0 0.738091
    outer loop
      vertex -1.76777 16.5786 109.768
      vertex -1.72073 -16.5425 109.811
      vertex -1.72073 16.5425 109.811
    endloop
  endfacet
  facet normal -0.674701 0 0.738091
    outer loop
      vertex -1.72073 -16.5425 109.811
      vertex -1.76777 16.5786 109.768
      vertex -1.76777 -16.5786 109.768
    endloop
  endfacet
  facet normal 0.303128 0 0.95295
    outer loop
      vertex 0.776457 16.1022 110.374
      vertex 0.85505 -16.127 110.349
      vertex 0.85505 16.127 110.349
    endloop
  endfacet
  facet normal 0.303128 0 0.95295
    outer loop
      vertex 0.776457 16.1022 110.374
      vertex 0.776457 -16.1022 110.374
      vertex 0.85505 -16.127 110.349
    endloop
  endfacet
  facet normal 0.302027 0 0.953299
    outer loop
      vertex 0.647047 16.0735 110.415
      vertex 0.776457 -16.1022 110.374
      vertex 0.776457 16.1022 110.374
    endloop
  endfacet
  facet normal 0.302027 0 0.953299
    outer loop
      vertex 0.776457 -16.1022 110.374
      vertex 0.647047 16.0735 110.415
      vertex 0.647047 -16.0735 110.415
    endloop
  endfacet
  facet normal -0.95372 0 -0.300697
    outer loop
      vertex -2.34923 -17.1382 107.145
      vertex -2.41481 17.2237 107.353
      vertex -2.34923 17.1382 107.145
    endloop
  endfacet
  facet normal -0.95372 -0 -0.300697
    outer loop
      vertex -2.41481 17.2237 107.353
      vertex -2.34923 -17.1382 107.145
      vertex -2.41481 -17.2237 107.353
    endloop
  endfacet
  facet normal 0.976205 -0 0.21685
    outer loop
      vertex 2.41481 -17.2237 108.647
      vertex 2.45746 17.2793 108.455
      vertex 2.41481 17.2237 108.647
    endloop
  endfacet
  facet normal 0.976205 -0 0.21685
    outer loop
      vertex 2.45746 -17.2793 108.455
      vertex 2.45746 17.2793 108.455
      vertex 2.41481 -17.2237 108.647
    endloop
  endfacet
  facet normal 0.977227 0 0.212198
    outer loop
      vertex 2.45746 17.2793 108.455
      vertex 2.45746 -17.2793 108.455
      vertex 2.46202 17.2864 108.434
    endloop
  endfacet
  facet normal 0.977227 0 0.212198
    outer loop
      vertex 2.46202 17.2864 108.434
      vertex 2.45746 -17.2793 108.455
      vertex 2.46202 -17.2864 108.434
    endloop
  endfacet
  facet normal 0.132049 0 0.991243
    outer loop
      vertex 0.261467 16.0114 110.485
      vertex 0.43412 -16.0341 110.462
      vertex 0.43412 16.0341 110.462
    endloop
  endfacet
  facet normal 0.132049 0 0.991243
    outer loop
      vertex 0.261467 16.0114 110.485
      vertex 0.261467 -16.0114 110.485
      vertex 0.43412 -16.0341 110.462
    endloop
  endfacet
  facet normal 0.113989 0 0.993482
    outer loop
      vertex 0.217889 16.0095 110.49
      vertex 0.261467 -16.0114 110.485
      vertex 0.261467 16.0114 110.485
    endloop
  endfacet
  facet normal 0.113989 0 0.993482
    outer loop
      vertex 0.261467 -16.0114 110.485
      vertex 0.217889 16.0095 110.49
      vertex 0.217889 -16.0095 110.49
    endloop
  endfacet
  facet normal -0.788727 0 -0.614743
    outer loop
      vertex -1.91511 -16.6917 106.393
      vertex -1.92836 16.7019 106.41
      vertex -1.91511 16.6917 106.393
    endloop
  endfacet
  facet normal -0.788727 0 -0.614743
    outer loop
      vertex -1.92836 -16.7019 106.41
      vertex -1.92836 16.7019 106.41
      vertex -1.91511 -16.6917 106.393
    endloop
  endfacet
  facet normal -0.793803 -0 -0.608175
    outer loop
      vertex -1.92836 16.7019 106.41
      vertex -1.92836 -16.7019 106.41
      vertex -2.04788 16.8114 106.566
    endloop
  endfacet
  facet normal -0.793803 -0 -0.608175
    outer loop
      vertex -2.04788 16.8114 106.566
      vertex -1.92836 -16.7019 106.41
      vertex -2.04788 -16.8114 106.566
    endloop
  endfacet
  facet normal 0.0458467 0 -0.998948
    outer loop
      vertex 0 -16 105.5
      vertex 0.217889 16.0095 105.51
      vertex 0.217889 -16.0095 105.51
    endloop
  endfacet
  facet normal 0.0458467 0 -0.998948
    outer loop
      vertex 0.217889 16.0095 105.51
      vertex 0 -16 105.5
      vertex 0 16 105.5
    endloop
  endfacet
  facet normal 0.788727 -0 0.614743
    outer loop
      vertex 1.91511 -16.6917 109.607
      vertex 1.92836 16.7019 109.59
      vertex 1.91511 16.6917 109.607
    endloop
  endfacet
  facet normal 0.788727 -0 0.614743
    outer loop
      vertex 1.92836 -16.7019 109.59
      vertex 1.92836 16.7019 109.59
      vertex 1.91511 -16.6917 109.607
    endloop
  endfacet
  facet normal 0.793803 0 0.608175
    outer loop
      vertex 1.92836 16.7019 109.59
      vertex 1.92836 -16.7019 109.59
      vertex 2.04788 16.8114 109.434
    endloop
  endfacet
  facet normal 0.793803 0 0.608175
    outer loop
      vertex 2.04788 16.8114 109.434
      vertex 1.92836 -16.7019 109.59
      vertex 2.04788 -16.8114 109.434
    endloop
  endfacet
  facet normal 0.216762 0 -0.976225
    outer loop
      vertex 0.520944 -16.0456 105.557
      vertex 0.647047 16.0735 105.585
      vertex 0.647047 -16.0735 105.585
    endloop
  endfacet
  facet normal 0.216762 0 -0.976225
    outer loop
      vertex 0.520944 -16.0456 105.557
      vertex 0.520944 16.0456 105.557
      vertex 0.647047 16.0735 105.585
    endloop
  endfacet
  facet normal 0.213775 0 -0.976883
    outer loop
      vertex 0.43412 -16.0341 105.538
      vertex 0.520944 16.0456 105.557
      vertex 0.520944 -16.0456 105.557
    endloop
  endfacet
  facet normal 0.213775 0 -0.976883
    outer loop
      vertex 0.520944 16.0456 105.557
      vertex 0.43412 -16.0341 105.538
      vertex 0.43412 16.0341 105.538
    endloop
  endfacet
  facet normal 0.132049 0 -0.991243
    outer loop
      vertex 0.261467 -16.0114 105.515
      vertex 0.43412 16.0341 105.538
      vertex 0.43412 -16.0341 105.538
    endloop
  endfacet
  facet normal 0.132049 0 -0.991243
    outer loop
      vertex 0.261467 -16.0114 105.515
      vertex 0.261467 16.0114 105.515
      vertex 0.43412 16.0341 105.538
    endloop
  endfacet
  facet normal 0.113989 0 -0.993482
    outer loop
      vertex 0.217889 -16.0095 105.51
      vertex 0.261467 16.0114 105.515
      vertex 0.261467 -16.0114 105.515
    endloop
  endfacet
  facet normal 0.113989 0 -0.993482
    outer loop
      vertex 0.261467 16.0114 105.515
      vertex 0.217889 -16.0095 105.51
      vertex 0.217889 16.0095 105.51
    endloop
  endfacet
  facet normal -0.842803 0 -0.538222
    outer loop
      vertex -2.04788 -16.8114 106.566
      vertex -2.12132 16.8787 106.681
      vertex -2.04788 16.8114 106.566
    endloop
  endfacet
  facet normal -0.842803 0 -0.538222
    outer loop
      vertex -2.12132 -16.8787 106.681
      vertex -2.12132 16.8787 106.681
      vertex -2.04788 -16.8114 106.566
    endloop
  endfacet
  facet normal -0.844598 -0 -0.535401
    outer loop
      vertex -2.12132 16.8787 106.681
      vertex -2.12132 -16.8787 106.681
      vertex -2.16506 16.9264 106.75
    endloop
  endfacet
  facet normal -0.844598 -0 -0.535401
    outer loop
      vertex -2.16506 16.9264 106.75
      vertex -2.12132 -16.8787 106.681
      vertex -2.16506 -16.9264 106.75
    endloop
  endfacet
  facet normal 0.99905 0 -0.0435824
    outer loop
      vertex 2.5 17.3461 108
      vertex 2.49049 -17.3311 107.782
      vertex 2.49049 17.3311 107.782
    endloop
  endfacet
  facet normal 0.99905 0 -0.0435824
    outer loop
      vertex 2.49049 -17.3311 107.782
      vertex 2.5 17.3461 108
      vertex 2.5 -17.3461 108
    endloop
  endfacet
  facet normal 0.95372 -0 0.300697
    outer loop
      vertex 2.34923 -17.1382 108.855
      vertex 2.41481 17.2237 108.647
      vertex 2.34923 17.1382 108.855
    endloop
  endfacet
  facet normal 0.95372 0 0.300697
    outer loop
      vertex 2.41481 17.2237 108.647
      vertex 2.34923 -17.1382 108.855
      vertex 2.41481 -17.2237 108.647
    endloop
  endfacet
  facet normal -0.462817 0 0.886454
    outer loop
      vertex -1.25 16.2737 110.165
      vertex -1.05655 -16.1935 110.266
      vertex -1.05655 16.1935 110.266
    endloop
  endfacet
  facet normal -0.462817 0 0.886454
    outer loop
      vertex -1.05655 -16.1935 110.266
      vertex -1.25 16.2737 110.165
      vertex -1.25 -16.2737 110.165
    endloop
  endfacet
  facet normal -0.991425 0 -0.130675
    outer loop
      vertex -2.46202 -17.2864 107.566
      vertex -2.49049 17.3311 107.782
      vertex -2.46202 17.2864 107.566
    endloop
  endfacet
  facet normal -0.991425 -0 -0.130675
    outer loop
      vertex -2.49049 17.3311 107.782
      vertex -2.46202 -17.2864 107.566
      vertex -2.49049 -17.3311 107.782
    endloop
  endfacet
  facet normal 0.925375 -0 0.379052
    outer loop
      vertex 2.26577 -17.0363 109.057
      vertex 2.29813 17.0716 108.978
      vertex 2.26577 17.0363 109.057
    endloop
  endfacet
  facet normal 0.925375 -0 0.379052
    outer loop
      vertex 2.29813 -17.0716 108.978
      vertex 2.29813 17.0716 108.978
      vertex 2.26577 -17.0363 109.057
    endloop
  endfacet
  facet normal 0.923476 0 0.383656
    outer loop
      vertex 2.29813 17.0716 108.978
      vertex 2.29813 -17.0716 108.978
      vertex 2.34923 17.1382 108.855
    endloop
  endfacet
  facet normal 0.923476 0 0.383656
    outer loop
      vertex 2.34923 17.1382 108.855
      vertex 2.29813 -17.0716 108.978
      vertex 2.34923 -17.1382 108.855
    endloop
  endfacet
  facet normal -0.302027 0 -0.953299
    outer loop
      vertex -0.776457 -16.1022 105.626
      vertex -0.647047 16.0735 105.585
      vertex -0.647047 -16.0735 105.585
    endloop
  endfacet
  facet normal -0.302027 0 -0.953299
    outer loop
      vertex -0.776457 -16.1022 105.626
      vertex -0.776457 16.1022 105.626
      vertex -0.647047 16.0735 105.585
    endloop
  endfacet
  facet normal -0.303128 0 -0.95295
    outer loop
      vertex -0.85505 -16.127 105.651
      vertex -0.776457 16.1022 105.626
      vertex -0.776457 -16.1022 105.626
    endloop
  endfacet
  facet normal -0.303128 0 -0.95295
    outer loop
      vertex -0.776457 16.1022 105.626
      vertex -0.85505 -16.127 105.651
      vertex -0.85505 16.127 105.651
    endloop
  endfacet
  facet normal -0.6111 0 0.791554
    outer loop
      vertex -1.5 16.4019 109.997
      vertex -1.43394 -16.3675 110.048
      vertex -1.43394 16.3675 110.048
    endloop
  endfacet
  facet normal -0.6111 0 0.791554
    outer loop
      vertex -1.5 16.4019 109.997
      vertex -1.5 -16.4019 109.997
      vertex -1.43394 -16.3675 110.048
    endloop
  endfacet
  facet normal -0.608383 0 0.793643
    outer loop
      vertex -1.60697 16.4701 109.915
      vertex -1.5 -16.4019 109.997
      vertex -1.5 16.4019 109.997
    endloop
  endfacet
  facet normal -0.608383 0 0.793643
    outer loop
      vertex -1.5 -16.4019 109.997
      vertex -1.60697 16.4701 109.915
      vertex -1.60697 -16.4701 109.915
    endloop
  endfacet
  facet normal 0.886558 -0 0.462618
    outer loop
      vertex 2.16506 -16.9264 109.25
      vertex 2.26577 17.0363 109.057
      vertex 2.16506 16.9264 109.25
    endloop
  endfacet
  facet normal 0.886558 0 0.462618
    outer loop
      vertex 2.26577 17.0363 109.057
      vertex 2.16506 -16.9264 109.25
      vertex 2.26577 -17.0363 109.057
    endloop
  endfacet
  facet normal 0.788727 0 -0.614743
    outer loop
      vertex 1.92836 16.7019 106.41
      vertex 1.91511 -16.6917 106.393
      vertex 1.91511 16.6917 106.393
    endloop
  endfacet
  facet normal 0.793803 0 -0.608175
    outer loop
      vertex 1.92836 -16.7019 106.41
      vertex 1.92836 16.7019 106.41
      vertex 2.04788 16.8114 106.566
    endloop
  endfacet
  facet normal 0.788727 0 -0.614743
    outer loop
      vertex 1.92836 16.7019 106.41
      vertex 1.92836 -16.7019 106.41
      vertex 1.91511 -16.6917 106.393
    endloop
  endfacet
  facet normal 0.793803 0 -0.608175
    outer loop
      vertex 1.92836 -16.7019 106.41
      vertex 2.04788 16.8114 106.566
      vertex 2.04788 -16.8114 106.566
    endloop
  endfacet
  facet normal 0.95372 0 -0.300697
    outer loop
      vertex 2.41481 17.2237 107.353
      vertex 2.34923 -17.1382 107.145
      vertex 2.34923 17.1382 107.145
    endloop
  endfacet
  facet normal 0.95372 0 -0.300697
    outer loop
      vertex 2.34923 -17.1382 107.145
      vertex 2.41481 17.2237 107.353
      vertex 2.41481 -17.2237 107.353
    endloop
  endfacet
  facet normal 0.842803 -0 0.538222
    outer loop
      vertex 2.04788 -16.8114 109.434
      vertex 2.12132 16.8787 109.319
      vertex 2.04788 16.8114 109.434
    endloop
  endfacet
  facet normal 0.842803 -0 0.538222
    outer loop
      vertex 2.12132 -16.8787 109.319
      vertex 2.12132 16.8787 109.319
      vertex 2.04788 -16.8114 109.434
    endloop
  endfacet
  facet normal 0.844598 0 0.535401
    outer loop
      vertex 2.12132 16.8787 109.319
      vertex 2.12132 -16.8787 109.319
      vertex 2.16506 16.9264 109.25
    endloop
  endfacet
  facet normal 0.844598 0 0.535401
    outer loop
      vertex 2.16506 16.9264 109.25
      vertex 2.12132 -16.8787 109.319
      vertex 2.16506 -16.9264 109.25
    endloop
  endfacet
  facet normal 0.537982 0 0.842956
    outer loop
      vertex 1.26785 16.2811 110.154
      vertex 1.43394 -16.3675 110.048
      vertex 1.43394 16.3675 110.048
    endloop
  endfacet
  facet normal 0.537982 0 0.842956
    outer loop
      vertex 1.26785 16.2811 110.154
      vertex 1.26785 -16.2811 110.154
      vertex 1.43394 -16.3675 110.048
    endloop
  endfacet
  facet normal 0.52463 0 0.851331
    outer loop
      vertex 1.25 16.2737 110.165
      vertex 1.26785 -16.2811 110.154
      vertex 1.26785 16.2811 110.154
    endloop
  endfacet
  facet normal 0.52463 0 0.851331
    outer loop
      vertex 1.26785 -16.2811 110.154
      vertex 1.25 16.2737 110.165
      vertex 1.25 -16.2737 110.165
    endloop
  endfacet
  facet normal 0.537982 0 -0.842956
    outer loop
      vertex 1.26785 -16.2811 105.846
      vertex 1.43394 16.3675 105.952
      vertex 1.43394 -16.3675 105.952
    endloop
  endfacet
  facet normal 0.537982 0 -0.842956
    outer loop
      vertex 1.26785 -16.2811 105.846
      vertex 1.26785 16.2811 105.846
      vertex 1.43394 16.3675 105.952
    endloop
  endfacet
  facet normal 0.52463 0 -0.851331
    outer loop
      vertex 1.25 -16.2737 105.835
      vertex 1.26785 16.2811 105.846
      vertex 1.26785 -16.2811 105.846
    endloop
  endfacet
  facet normal 0.52463 0 -0.851331
    outer loop
      vertex 1.26785 16.2811 105.846
      vertex 1.25 -16.2737 105.835
      vertex 1.25 16.2737 105.835
    endloop
  endfacet
  facet normal 0.991425 0 -0.130675
    outer loop
      vertex 2.49049 17.3311 107.782
      vertex 2.46202 -17.2864 107.566
      vertex 2.46202 17.2864 107.566
    endloop
  endfacet
  facet normal 0.991425 0 -0.130675
    outer loop
      vertex 2.46202 -17.2864 107.566
      vertex 2.49049 17.3311 107.782
      vertex 2.49049 -17.3311 107.782
    endloop
  endfacet
  facet normal -0.52463 0 0.851331
    outer loop
      vertex -1.26785 16.2811 110.154
      vertex -1.25 -16.2737 110.165
      vertex -1.25 16.2737 110.165
    endloop
  endfacet
  facet normal -0.52463 0 0.851331
    outer loop
      vertex -1.26785 16.2811 110.154
      vertex -1.26785 -16.2811 110.154
      vertex -1.25 -16.2737 110.165
    endloop
  endfacet
  facet normal -0.537982 0 0.842956
    outer loop
      vertex -1.43394 16.3675 110.048
      vertex -1.26785 -16.2811 110.154
      vertex -1.26785 16.2811 110.154
    endloop
  endfacet
  facet normal -0.537982 0 0.842956
    outer loop
      vertex -1.26785 -16.2811 110.154
      vertex -1.43394 16.3675 110.048
      vertex -1.43394 -16.3675 110.048
    endloop
  endfacet
  facet normal 0.842803 0 -0.538222
    outer loop
      vertex 2.12132 16.8787 106.681
      vertex 2.04788 -16.8114 106.566
      vertex 2.04788 16.8114 106.566
    endloop
  endfacet
  facet normal 0.844598 0 -0.535401
    outer loop
      vertex 2.12132 -16.8787 106.681
      vertex 2.12132 16.8787 106.681
      vertex 2.16506 16.9264 106.75
    endloop
  endfacet
  facet normal 0.842803 0 -0.538222
    outer loop
      vertex 2.12132 16.8787 106.681
      vertex 2.12132 -16.8787 106.681
      vertex 2.04788 -16.8114 106.566
    endloop
  endfacet
  facet normal 0.844598 0 -0.535401
    outer loop
      vertex 2.12132 -16.8787 106.681
      vertex 2.16506 16.9264 106.75
      vertex 2.16506 -16.9264 106.75
    endloop
  endfacet
  facet normal 0.366228 0 0.930525
    outer loop
      vertex 1.02606 16.1809 110.278
      vertex 1.05655 -16.1935 110.266
      vertex 1.05655 16.1935 110.266
    endloop
  endfacet
  facet normal 0.366228 0 0.930525
    outer loop
      vertex 1.02606 16.1809 110.278
      vertex 1.02606 -16.1809 110.278
      vertex 1.05655 -16.1935 110.266
    endloop
  endfacet
  facet normal 0.383445 0 0.923564
    outer loop
      vertex 0.85505 16.127 110.349
      vertex 1.02606 -16.1809 110.278
      vertex 1.02606 16.1809 110.278
    endloop
  endfacet
  facet normal 0.383445 0 0.923564
    outer loop
      vertex 1.02606 -16.1809 110.278
      vertex 0.85505 16.127 110.349
      vertex 0.85505 -16.127 110.349
    endloop
  endfacet
  facet normal 0.608383 0 0.793643
    outer loop
      vertex 1.5 16.4019 109.997
      vertex 1.60697 -16.4701 109.915
      vertex 1.60697 16.4701 109.915
    endloop
  endfacet
  facet normal 0.608383 0 0.793643
    outer loop
      vertex 1.5 16.4019 109.997
      vertex 1.5 -16.4019 109.997
      vertex 1.60697 -16.4701 109.915
    endloop
  endfacet
  facet normal 0.6111 0 0.791554
    outer loop
      vertex 1.43394 16.3675 110.048
      vertex 1.5 -16.4019 109.997
      vertex 1.5 16.4019 109.997
    endloop
  endfacet
  facet normal 0.6111 0 0.791554
    outer loop
      vertex 1.5 -16.4019 109.997
      vertex 1.43394 16.3675 110.048
      vertex 1.43394 -16.3675 110.048
    endloop
  endfacet
  facet normal 0.462817 0 0.886454
    outer loop
      vertex 1.05655 16.1935 110.266
      vertex 1.25 -16.2737 110.165
      vertex 1.25 16.2737 110.165
    endloop
  endfacet
  facet normal 0.462817 0 0.886454
    outer loop
      vertex 1.25 -16.2737 110.165
      vertex 1.05655 16.1935 110.266
      vertex 1.05655 -16.1935 110.266
    endloop
  endfacet
  facet normal -0.213775 0 -0.976883
    outer loop
      vertex -0.520944 -16.0456 105.557
      vertex -0.43412 16.0341 105.538
      vertex -0.43412 -16.0341 105.538
    endloop
  endfacet
  facet normal -0.213775 0 -0.976883
    outer loop
      vertex -0.520944 -16.0456 105.557
      vertex -0.520944 16.0456 105.557
      vertex -0.43412 16.0341 105.538
    endloop
  endfacet
  facet normal -0.216762 0 -0.976225
    outer loop
      vertex -0.647047 -16.0735 105.585
      vertex -0.520944 16.0456 105.557
      vertex -0.520944 -16.0456 105.557
    endloop
  endfacet
  facet normal -0.216762 0 -0.976225
    outer loop
      vertex -0.520944 16.0456 105.557
      vertex -0.647047 -16.0735 105.585
      vertex -0.647047 16.0735 105.585
    endloop
  endfacet
  facet normal 0.674701 0 -0.738091
    outer loop
      vertex 1.72073 -16.5425 106.189
      vertex 1.76777 16.5786 106.232
      vertex 1.76777 -16.5786 106.232
    endloop
  endfacet
  facet normal 0.674701 0 -0.738091
    outer loop
      vertex 1.72073 -16.5425 106.189
      vertex 1.72073 16.5425 106.189
      vertex 1.76777 16.5786 106.232
    endloop
  endfacet
  facet normal 0.674737 0 -0.738058
    outer loop
      vertex 1.60697 -16.4701 106.085
      vertex 1.72073 16.5425 106.189
      vertex 1.72073 -16.5425 106.189
    endloop
  endfacet
  facet normal 0.674737 0 -0.738058
    outer loop
      vertex 1.72073 16.5425 106.189
      vertex 1.60697 -16.4701 106.085
      vertex 1.60697 16.4701 106.085
    endloop
  endfacet
  facet normal -0.737709 0 0.675119
    outer loop
      vertex -1.91511 16.6917 109.607
      vertex -1.76777 -16.5786 109.768
      vertex -1.76777 16.5786 109.768
    endloop
  endfacet
  facet normal -0.737709 0 0.675119
    outer loop
      vertex -1.76777 -16.5786 109.768
      vertex -1.91511 16.6917 109.607
      vertex -1.91511 -16.6917 109.607
    endloop
  endfacet
  facet normal 0.925375 0 -0.379052
    outer loop
      vertex 2.29813 17.0716 107.022
      vertex 2.26577 -17.0363 106.943
      vertex 2.26577 17.0363 106.943
    endloop
  endfacet
  facet normal 0.923476 0 -0.383656
    outer loop
      vertex 2.29813 -17.0716 107.022
      vertex 2.29813 17.0716 107.022
      vertex 2.34923 17.1382 107.145
    endloop
  endfacet
  facet normal 0.925375 0 -0.379052
    outer loop
      vertex 2.29813 17.0716 107.022
      vertex 2.29813 -17.0716 107.022
      vertex 2.26577 -17.0363 106.943
    endloop
  endfacet
  facet normal 0.923476 0 -0.383656
    outer loop
      vertex 2.29813 -17.0716 107.022
      vertex 2.34923 17.1382 107.145
      vertex 2.34923 -17.1382 107.145
    endloop
  endfacet
  facet normal 0.674701 0 0.738091
    outer loop
      vertex 1.72073 16.5425 109.811
      vertex 1.76777 -16.5786 109.768
      vertex 1.76777 16.5786 109.768
    endloop
  endfacet
  facet normal 0.674701 0 0.738091
    outer loop
      vertex 1.72073 16.5425 109.811
      vertex 1.72073 -16.5425 109.811
      vertex 1.76777 -16.5786 109.768
    endloop
  endfacet
  facet normal 0.674737 0 0.738058
    outer loop
      vertex 1.60697 16.4701 109.915
      vertex 1.72073 -16.5425 109.811
      vertex 1.72073 16.5425 109.811
    endloop
  endfacet
  facet normal 0.674737 0 0.738058
    outer loop
      vertex 1.72073 -16.5425 109.811
      vertex 1.60697 16.4701 109.915
      vertex 1.60697 -16.4701 109.915
    endloop
  endfacet
  facet normal -0.113989 0 0.993482
    outer loop
      vertex -0.261467 16.0114 110.485
      vertex -0.217889 -16.0095 110.49
      vertex -0.217889 16.0095 110.49
    endloop
  endfacet
  facet normal -0.113989 0 0.993482
    outer loop
      vertex -0.261467 16.0114 110.485
      vertex -0.261467 -16.0114 110.485
      vertex -0.217889 -16.0095 110.49
    endloop
  endfacet
  facet normal -0.132049 0 0.991243
    outer loop
      vertex -0.43412 16.0341 110.462
      vertex -0.261467 -16.0114 110.485
      vertex -0.261467 16.0114 110.485
    endloop
  endfacet
  facet normal -0.132049 0 0.991243
    outer loop
      vertex -0.261467 -16.0114 110.485
      vertex -0.43412 16.0341 110.462
      vertex -0.43412 -16.0341 110.462
    endloop
  endfacet
  facet normal -0.886558 0 -0.462618
    outer loop
      vertex -2.16506 -16.9264 106.75
      vertex -2.26577 17.0363 106.943
      vertex -2.16506 16.9264 106.75
    endloop
  endfacet
  facet normal -0.886558 -0 -0.462618
    outer loop
      vertex -2.26577 17.0363 106.943
      vertex -2.16506 -16.9264 106.75
      vertex -2.26577 -17.0363 106.943
    endloop
  endfacet
  facet normal -0.99905 0 -0.0435824
    outer loop
      vertex -2.49049 -17.3311 107.782
      vertex -2.5 17.3461 108
      vertex -2.49049 17.3311 107.782
    endloop
  endfacet
  facet normal -0.99905 -0 -0.0435824
    outer loop
      vertex -2.5 17.3461 108
      vertex -2.49049 -17.3311 107.782
      vertex -2.5 -17.3461 108
    endloop
  endfacet
  facet normal -0.462817 0 -0.886454
    outer loop
      vertex -1.25 -16.2737 105.835
      vertex -1.05655 16.1935 105.734
      vertex -1.05655 -16.1935 105.734
    endloop
  endfacet
  facet normal -0.462817 0 -0.886454
    outer loop
      vertex -1.05655 16.1935 105.734
      vertex -1.25 -16.2737 105.835
      vertex -1.25 16.2737 105.835
    endloop
  endfacet
  facet normal -0.737709 0 -0.675119
    outer loop
      vertex -1.76777 -16.5786 106.232
      vertex -1.91511 16.6917 106.393
      vertex -1.76777 16.5786 106.232
    endloop
  endfacet
  facet normal -0.737709 -0 -0.675119
    outer loop
      vertex -1.91511 16.6917 106.393
      vertex -1.76777 -16.5786 106.232
      vertex -1.91511 -16.6917 106.393
    endloop
  endfacet
  facet normal -0.674737 0 -0.738058
    outer loop
      vertex -1.72073 -16.5425 106.189
      vertex -1.60697 16.4701 106.085
      vertex -1.60697 -16.4701 106.085
    endloop
  endfacet
  facet normal -0.674737 0 -0.738058
    outer loop
      vertex -1.72073 -16.5425 106.189
      vertex -1.72073 16.5425 106.189
      vertex -1.60697 16.4701 106.085
    endloop
  endfacet
  facet normal -0.674701 0 -0.738091
    outer loop
      vertex -1.76777 -16.5786 106.232
      vertex -1.72073 16.5425 106.189
      vertex -1.72073 -16.5425 106.189
    endloop
  endfacet
  facet normal -0.674701 0 -0.738091
    outer loop
      vertex -1.72073 16.5425 106.189
      vertex -1.76777 -16.5786 106.232
      vertex -1.76777 16.5786 106.232
    endloop
  endfacet
  facet normal 0.737709 -0 0.675119
    outer loop
      vertex 1.76777 -16.5786 109.768
      vertex 1.91511 16.6917 109.607
      vertex 1.76777 16.5786 109.768
    endloop
  endfacet
  facet normal 0.737709 0 0.675119
    outer loop
      vertex 1.91511 16.6917 109.607
      vertex 1.76777 -16.5786 109.768
      vertex 1.91511 -16.6917 109.607
    endloop
  endfacet
  facet normal 0.886558 0 -0.462618
    outer loop
      vertex 2.26577 17.0363 106.943
      vertex 2.16506 -16.9264 106.75
      vertex 2.16506 16.9264 106.75
    endloop
  endfacet
  facet normal 0.886558 0 -0.462618
    outer loop
      vertex 2.16506 -16.9264 106.75
      vertex 2.26577 17.0363 106.943
      vertex 2.26577 -17.0363 106.943
    endloop
  endfacet
  facet normal -0.976205 0 -0.21685
    outer loop
      vertex -2.41481 -17.2237 107.353
      vertex -2.45746 17.2793 107.545
      vertex -2.41481 17.2237 107.353
    endloop
  endfacet
  facet normal -0.976205 0 -0.21685
    outer loop
      vertex -2.45746 -17.2793 107.545
      vertex -2.45746 17.2793 107.545
      vertex -2.41481 -17.2237 107.353
    endloop
  endfacet
  facet normal -0.977227 -0 -0.212198
    outer loop
      vertex -2.45746 17.2793 107.545
      vertex -2.45746 -17.2793 107.545
      vertex -2.46202 17.2864 107.566
    endloop
  endfacet
  facet normal -0.977227 -0 -0.212198
    outer loop
      vertex -2.46202 17.2864 107.566
      vertex -2.45746 -17.2793 107.545
      vertex -2.46202 -17.2864 107.566
    endloop
  endfacet
  facet normal -0.302027 0 0.953299
    outer loop
      vertex -0.776457 16.1022 110.374
      vertex -0.647047 -16.0735 110.415
      vertex -0.647047 16.0735 110.415
    endloop
  endfacet
  facet normal -0.302027 0 0.953299
    outer loop
      vertex -0.776457 16.1022 110.374
      vertex -0.776457 -16.1022 110.374
      vertex -0.647047 -16.0735 110.415
    endloop
  endfacet
  facet normal -0.303128 0 0.95295
    outer loop
      vertex -0.85505 16.127 110.349
      vertex -0.776457 -16.1022 110.374
      vertex -0.776457 16.1022 110.374
    endloop
  endfacet
  facet normal -0.303128 0 0.95295
    outer loop
      vertex -0.776457 -16.1022 110.374
      vertex -0.85505 16.127 110.349
      vertex -0.85505 -16.127 110.349
    endloop
  endfacet
  facet normal -0.0458467 0 -0.998948
    outer loop
      vertex -0.217889 -16.0095 105.51
      vertex 0 16 105.5
      vertex 0 -16 105.5
    endloop
  endfacet
  facet normal -0.0458467 0 -0.998948
    outer loop
      vertex 0 16 105.5
      vertex -0.217889 -16.0095 105.51
      vertex -0.217889 16.0095 105.51
    endloop
  endfacet
  facet normal 0.0458467 0 0.998948
    outer loop
      vertex 0 16 110.5
      vertex 0.217889 -16.0095 110.49
      vertex 0.217889 16.0095 110.49
    endloop
  endfacet
  facet normal 0.0458467 0 0.998948
    outer loop
      vertex 0.217889 -16.0095 110.49
      vertex 0 16 110.5
      vertex 0 -16 110.5
    endloop
  endfacet
  facet normal 0.462817 0 -0.886454
    outer loop
      vertex 1.05655 -16.1935 105.734
      vertex 1.25 16.2737 105.835
      vertex 1.25 -16.2737 105.835
    endloop
  endfacet
  facet normal 0.462817 0 -0.886454
    outer loop
      vertex 1.25 16.2737 105.835
      vertex 1.05655 -16.1935 105.734
      vertex 1.05655 16.1935 105.734
    endloop
  endfacet
  facet normal -0.0458467 0 0.998948
    outer loop
      vertex -0.217889 16.0095 110.49
      vertex 0 -16 110.5
      vertex 0 16 110.5
    endloop
  endfacet
  facet normal -0.0458467 0 0.998948
    outer loop
      vertex 0 -16 110.5
      vertex -0.217889 16.0095 110.49
      vertex -0.217889 -16.0095 110.49
    endloop
  endfacet
  facet normal 0.608383 0 -0.793643
    outer loop
      vertex 1.5 -16.4019 106.003
      vertex 1.60697 16.4701 106.085
      vertex 1.60697 -16.4701 106.085
    endloop
  endfacet
  facet normal 0.608383 0 -0.793643
    outer loop
      vertex 1.5 -16.4019 106.003
      vertex 1.5 16.4019 106.003
      vertex 1.60697 16.4701 106.085
    endloop
  endfacet
  facet normal 0.6111 0 -0.791554
    outer loop
      vertex 1.43394 -16.3675 105.952
      vertex 1.5 16.4019 106.003
      vertex 1.5 -16.4019 106.003
    endloop
  endfacet
  facet normal 0.6111 0 -0.791554
    outer loop
      vertex 1.5 16.4019 106.003
      vertex 1.43394 -16.3675 105.952
      vertex 1.43394 16.3675 105.952
    endloop
  endfacet
  facet normal -0.99905 0 0.0435824
    outer loop
      vertex -2.5 17.3461 108
      vertex -2.49049 -17.3311 108.218
      vertex -2.49049 17.3311 108.218
    endloop
  endfacet
  facet normal -0.99905 0 0.0435824
    outer loop
      vertex -2.49049 -17.3311 108.218
      vertex -2.5 17.3461 108
      vertex -2.5 -17.3461 108
    endloop
  endfacet
  facet normal -0.925375 0 0.379052
    outer loop
      vertex -2.29813 17.0716 108.978
      vertex -2.26577 -17.0363 109.057
      vertex -2.26577 17.0363 109.057
    endloop
  endfacet
  facet normal -0.923476 0 0.383656
    outer loop
      vertex -2.29813 -17.0716 108.978
      vertex -2.29813 17.0716 108.978
      vertex -2.34923 17.1382 108.855
    endloop
  endfacet
  facet normal -0.925375 0 0.379052
    outer loop
      vertex -2.29813 17.0716 108.978
      vertex -2.29813 -17.0716 108.978
      vertex -2.26577 -17.0363 109.057
    endloop
  endfacet
  facet normal -0.923476 0 0.383656
    outer loop
      vertex -2.29813 -17.0716 108.978
      vertex -2.34923 17.1382 108.855
      vertex -2.34923 -17.1382 108.855
    endloop
  endfacet
  facet normal 0.303128 0 -0.95295
    outer loop
      vertex 0.776457 -16.1022 105.626
      vertex 0.85505 16.127 105.651
      vertex 0.85505 -16.127 105.651
    endloop
  endfacet
  facet normal 0.303128 0 -0.95295
    outer loop
      vertex 0.776457 -16.1022 105.626
      vertex 0.776457 16.1022 105.626
      vertex 0.85505 16.127 105.651
    endloop
  endfacet
  facet normal 0.302027 0 -0.953299
    outer loop
      vertex 0.647047 -16.0735 105.585
      vertex 0.776457 16.1022 105.626
      vertex 0.776457 -16.1022 105.626
    endloop
  endfacet
  facet normal 0.302027 0 -0.953299
    outer loop
      vertex 0.776457 16.1022 105.626
      vertex 0.647047 -16.0735 105.585
      vertex 0.647047 16.0735 105.585
    endloop
  endfacet
  facet normal 0.216762 0 0.976225
    outer loop
      vertex 0.520944 16.0456 110.443
      vertex 0.647047 -16.0735 110.415
      vertex 0.647047 16.0735 110.415
    endloop
  endfacet
  facet normal 0.216762 0 0.976225
    outer loop
      vertex 0.520944 16.0456 110.443
      vertex 0.520944 -16.0456 110.443
      vertex 0.647047 -16.0735 110.415
    endloop
  endfacet
  facet normal 0.213775 0 0.976883
    outer loop
      vertex 0.43412 16.0341 110.462
      vertex 0.520944 -16.0456 110.443
      vertex 0.520944 16.0456 110.443
    endloop
  endfacet
  facet normal 0.213775 0 0.976883
    outer loop
      vertex 0.520944 -16.0456 110.443
      vertex 0.43412 16.0341 110.462
      vertex 0.43412 -16.0341 110.462
    endloop
  endfacet
  facet normal 0.737709 0 -0.675119
    outer loop
      vertex 1.91511 16.6917 106.393
      vertex 1.76777 -16.5786 106.232
      vertex 1.76777 16.5786 106.232
    endloop
  endfacet
  facet normal 0.737709 0 -0.675119
    outer loop
      vertex 1.76777 -16.5786 106.232
      vertex 1.91511 16.6917 106.393
      vertex 1.91511 -16.6917 106.393
    endloop
  endfacet
  facet normal -0.976205 0 0.21685
    outer loop
      vertex -2.45746 17.2793 108.455
      vertex -2.41481 -17.2237 108.647
      vertex -2.41481 17.2237 108.647
    endloop
  endfacet
  facet normal -0.977227 0 0.212198
    outer loop
      vertex -2.45746 -17.2793 108.455
      vertex -2.45746 17.2793 108.455
      vertex -2.46202 17.2864 108.434
    endloop
  endfacet
  facet normal -0.976205 0 0.21685
    outer loop
      vertex -2.45746 17.2793 108.455
      vertex -2.45746 -17.2793 108.455
      vertex -2.41481 -17.2237 108.647
    endloop
  endfacet
  facet normal -0.977227 0 0.212198
    outer loop
      vertex -2.45746 -17.2793 108.455
      vertex -2.46202 17.2864 108.434
      vertex -2.46202 -17.2864 108.434
    endloop
  endfacet
  facet normal -0.52463 0 -0.851331
    outer loop
      vertex -1.26785 -16.2811 105.846
      vertex -1.25 16.2737 105.835
      vertex -1.25 -16.2737 105.835
    endloop
  endfacet
  facet normal -0.52463 0 -0.851331
    outer loop
      vertex -1.26785 -16.2811 105.846
      vertex -1.26785 16.2811 105.846
      vertex -1.25 16.2737 105.835
    endloop
  endfacet
  facet normal -0.537982 0 -0.842956
    outer loop
      vertex -1.43394 -16.3675 105.952
      vertex -1.26785 16.2811 105.846
      vertex -1.26785 -16.2811 105.846
    endloop
  endfacet
  facet normal -0.537982 0 -0.842956
    outer loop
      vertex -1.26785 16.2811 105.846
      vertex -1.43394 -16.3675 105.952
      vertex -1.43394 16.3675 105.952
    endloop
  endfacet
  facet normal -0.383445 0 -0.923564
    outer loop
      vertex -1.02606 -16.1809 105.722
      vertex -0.85505 16.127 105.651
      vertex -0.85505 -16.127 105.651
    endloop
  endfacet
  facet normal -0.383445 0 -0.923564
    outer loop
      vertex -1.02606 -16.1809 105.722
      vertex -1.02606 16.1809 105.722
      vertex -0.85505 16.127 105.651
    endloop
  endfacet
  facet normal -0.366228 0 -0.930525
    outer loop
      vertex -1.05655 -16.1935 105.734
      vertex -1.02606 16.1809 105.722
      vertex -1.02606 -16.1809 105.722
    endloop
  endfacet
  facet normal -0.366228 0 -0.930525
    outer loop
      vertex -1.02606 16.1809 105.722
      vertex -1.05655 -16.1935 105.734
      vertex -1.05655 16.1935 105.734
    endloop
  endfacet
  facet normal -0.6111 0 -0.791554
    outer loop
      vertex -1.5 -16.4019 106.003
      vertex -1.43394 16.3675 105.952
      vertex -1.43394 -16.3675 105.952
    endloop
  endfacet
  facet normal -0.6111 0 -0.791554
    outer loop
      vertex -1.5 -16.4019 106.003
      vertex -1.5 16.4019 106.003
      vertex -1.43394 16.3675 105.952
    endloop
  endfacet
  facet normal -0.608383 0 -0.793643
    outer loop
      vertex -1.60697 -16.4701 106.085
      vertex -1.5 16.4019 106.003
      vertex -1.5 -16.4019 106.003
    endloop
  endfacet
  facet normal -0.608383 0 -0.793643
    outer loop
      vertex -1.5 16.4019 106.003
      vertex -1.60697 -16.4701 106.085
      vertex -1.60697 16.4701 106.085
    endloop
  endfacet
  facet normal -0.95372 0 0.300697
    outer loop
      vertex -2.41481 17.2237 108.647
      vertex -2.34923 -17.1382 108.855
      vertex -2.34923 17.1382 108.855
    endloop
  endfacet
  facet normal -0.95372 0 0.300697
    outer loop
      vertex -2.34923 -17.1382 108.855
      vertex -2.41481 17.2237 108.647
      vertex -2.41481 -17.2237 108.647
    endloop
  endfacet
  facet normal 0 0.216489 -0.976285
    outer loop
      vertex 2.96585 -18.5659 4.53798
      vertex 10 -18.353 4.58519
      vertex 10 -18.5659 4.53798
    endloop
  endfacet
  facet normal -7.91538e-07 0.216514 -0.97628
    outer loop
      vertex 2.95442 -18.4791 4.55723
      vertex 10 -18.353 4.58519
      vertex 2.96585 -18.5659 4.53798
    endloop
  endfacet
  facet normal 0 0.216471 -0.976289
    outer loop
      vertex 10 -18.353 4.58519
      vertex 2.95442 -18.4791 4.55723
      vertex 2.92647 -18.353 4.58519
    endloop
  endfacet
  facet normal 0 0.216489 -0.976285
    outer loop
      vertex -10 -18.353 4.58519
      vertex -2.96585 -18.5659 4.53798
      vertex -10 -18.5659 4.53798
    endloop
  endfacet
  facet normal 7.91538e-07 0.216514 -0.97628
    outer loop
      vertex -2.96585 -18.5659 4.53798
      vertex -10 -18.353 4.58519
      vertex -2.95442 -18.4791 4.55723
    endloop
  endfacet
  facet normal 0 0.216471 -0.976289
    outer loop
      vertex -2.95442 -18.4791 4.55723
      vertex -10 -18.353 4.58519
      vertex -2.92647 -18.353 4.58519
    endloop
  endfacet
  facet normal -1 0 0
    outer loop
      vertex -10 -16.5095 6.78211
      vertex -10 -16.5095 7.21789
      vertex -10 -16.5 7
    endloop
  endfacet
  facet normal -1 0 0
    outer loop
      vertex -10 -16.538 6.56588
      vertex -10 -16.5095 7.21789
      vertex -10 -16.5095 6.78211
    endloop
  endfacet
  facet normal -1 0 0
    outer loop
      vertex -10 -16.538 6.56588
      vertex -10 -16.538 7.43412
      vertex -10 -16.5095 7.21789
    endloop
  endfacet
  facet normal -1 0 0
    outer loop
      vertex -10 -16.5852 6.35295
      vertex -10 -16.538 7.43412
      vertex -10 -16.538 6.56588
    endloop
  endfacet
  facet normal -1 0 0
    outer loop
      vertex -10 -16.5852 6.35295
      vertex -10 -16.5852 7.64705
      vertex -10 -16.538 7.43412
    endloop
  endfacet
  facet normal -1 0 0
    outer loop
      vertex -10 -16.6508 6.14495
      vertex -10 -16.5852 7.64705
      vertex -10 -16.5852 6.35295
    endloop
  endfacet
  facet normal -1 0 0
    outer loop
      vertex -10 -16.6508 6.14495
      vertex -10 -16.6508 7.85505
      vertex -10 -16.5852 7.64705
    endloop
  endfacet
  facet normal -1 0 0
    outer loop
      vertex -10 -16.7342 5.94345
      vertex -10 -16.6508 7.85505
      vertex -10 -16.6508 6.14495
    endloop
  endfacet
  facet normal -1 0 0
    outer loop
      vertex -10 -16.7342 5.94345
      vertex -10 -16.7342 8.05655
      vertex -10 -16.6508 7.85505
    endloop
  endfacet
  facet normal -1 0 0
    outer loop
      vertex -10 -16.8349 5.75
      vertex -10 -16.7342 8.05655
      vertex -10 -16.7342 5.94345
    endloop
  endfacet
  facet normal -1 0 0
    outer loop
      vertex -10 -16.8349 5.75
      vertex -10 -16.8349 8.25
      vertex -10 -16.7342 8.05655
    endloop
  endfacet
  facet normal -1 0 0
    outer loop
      vertex -10 -16.9521 5.56606
      vertex -10 -16.8349 8.25
      vertex -10 -16.8349 5.75
    endloop
  endfacet
  facet normal -1 0 0
    outer loop
      vertex -10 -16.9521 5.56606
      vertex -10 -16.9521 8.43394
      vertex -10 -16.8349 8.25
    endloop
  endfacet
  facet normal -1 0 0
    outer loop
      vertex -10 -17.0849 5.39303
      vertex -10 -16.9521 8.43394
      vertex -10 -16.9521 5.56606
    endloop
  endfacet
  facet normal -1 0 0
    outer loop
      vertex -10 -17.0849 5.39303
      vertex -10 -17.0849 8.60697
      vertex -10 -16.9521 8.43394
    endloop
  endfacet
  facet normal -1 0 0
    outer loop
      vertex -10 -17.2322 5.23223
      vertex -10 -17.0849 8.60697
      vertex -10 -17.0849 5.39303
    endloop
  endfacet
  facet normal -1 0 0
    outer loop
      vertex -10 -17.2322 5.23223
      vertex -10 -17.2322 8.76777
      vertex -10 -17.0849 8.60697
    endloop
  endfacet
  facet normal -1 0 0
    outer loop
      vertex -10 -17.393 5.08489
      vertex -10 -17.2322 8.76777
      vertex -10 -17.2322 5.23223
    endloop
  endfacet
  facet normal -1 0 0
    outer loop
      vertex -10 -17.393 5.08489
      vertex -10 -17.393 8.91511
      vertex -10 -17.2322 8.76777
    endloop
  endfacet
  facet normal -1 0 0
    outer loop
      vertex -10 -17.5661 4.95212
      vertex -10 -17.393 8.91511
      vertex -10 -17.393 5.08489
    endloop
  endfacet
  facet normal -1 0 0
    outer loop
      vertex -10 -17.5661 4.95212
      vertex -10 -17.5661 9.04788
      vertex -10 -17.393 8.91511
    endloop
  endfacet
  facet normal -1 0 0
    outer loop
      vertex -10 -17.75 4.83494
      vertex -10 -17.5661 9.04788
      vertex -10 -17.5661 4.95212
    endloop
  endfacet
  facet normal -1 0 0
    outer loop
      vertex -10 -17.75 4.83494
      vertex -10 -17.75 9.16506
      vertex -10 -17.5661 9.04788
    endloop
  endfacet
  facet normal -1 0 0
    outer loop
      vertex -10 -17.9435 4.73423
      vertex -10 -17.75 9.16506
      vertex -10 -17.75 4.83494
    endloop
  endfacet
  facet normal -1 0 0
    outer loop
      vertex -10 -17.9435 4.73423
      vertex -10 -17.9435 9.26577
      vertex -10 -17.75 9.16506
    endloop
  endfacet
  facet normal -1 0 0
    outer loop
      vertex -10 -18.1449 4.65077
      vertex -10 -17.9435 9.26577
      vertex -10 -17.9435 4.73423
    endloop
  endfacet
  facet normal -1 0 0
    outer loop
      vertex -10 -18.1449 4.65077
      vertex -10 -18.1449 9.34923
      vertex -10 -17.9435 9.26577
    endloop
  endfacet
  facet normal -1 0 0
    outer loop
      vertex -10 -18.353 4.58519
      vertex -10 -18.1449 9.34923
      vertex -10 -18.1449 4.65077
    endloop
  endfacet
  facet normal -1 0 0
    outer loop
      vertex -10 -18.353 4.58519
      vertex -10 -18.353 9.41481
      vertex -10 -18.1449 9.34923
    endloop
  endfacet
  facet normal -1 0 0
    outer loop
      vertex -10 -18.5659 4.53798
      vertex -10 -18.353 9.41481
      vertex -10 -18.353 4.58519
    endloop
  endfacet
  facet normal -1 0 0
    outer loop
      vertex -10 -18.5659 4.53798
      vertex -10 -18.5659 9.46202
      vertex -10 -18.353 9.41481
    endloop
  endfacet
  facet normal -1 0 0
    outer loop
      vertex -10 -18.7821 4.50951
      vertex -10 -18.5659 9.46202
      vertex -10 -18.5659 4.53798
    endloop
  endfacet
  facet normal -1 0 0
    outer loop
      vertex -10 -18.7821 4.50951
      vertex -10 -18.7821 9.49049
      vertex -10 -18.5659 9.46202
    endloop
  endfacet
  facet normal -1 0 0
    outer loop
      vertex -10 -19 4.5
      vertex -10 -18.7821 9.49049
      vertex -10 -18.7821 4.50951
    endloop
  endfacet
  facet normal -1 0 0
    outer loop
      vertex -10 -19 4.5
      vertex -10 -19 9.5
      vertex -10 -18.7821 9.49049
    endloop
  endfacet
  facet normal -1 0 0
    outer loop
      vertex -10 -19.2179 4.50951
      vertex -10 -19 9.5
      vertex -10 -19 4.5
    endloop
  endfacet
  facet normal -1 0 0
    outer loop
      vertex -10 -19.2179 4.50951
      vertex -10 -19.2179 9.49049
      vertex -10 -19 9.5
    endloop
  endfacet
  facet normal -1 0 0
    outer loop
      vertex -10 -19.4341 4.53798
      vertex -10 -19.2179 9.49049
      vertex -10 -19.2179 4.50951
    endloop
  endfacet
  facet normal -1 0 0
    outer loop
      vertex -10 -19.4341 4.53798
      vertex -10 -19.4341 9.46202
      vertex -10 -19.2179 9.49049
    endloop
  endfacet
  facet normal -1 0 0
    outer loop
      vertex -10 -19.647 4.58519
      vertex -10 -19.4341 9.46202
      vertex -10 -19.4341 4.53798
    endloop
  endfacet
  facet normal -1 0 0
    outer loop
      vertex -10 -19.647 4.58519
      vertex -10 -19.647 9.41481
      vertex -10 -19.4341 9.46202
    endloop
  endfacet
  facet normal -1 0 0
    outer loop
      vertex -10 -19.855 4.65077
      vertex -10 -19.647 9.41481
      vertex -10 -19.647 4.58519
    endloop
  endfacet
  facet normal -1 0 0
    outer loop
      vertex -10 -19.855 4.65077
      vertex -10 -19.855 9.34923
      vertex -10 -19.647 9.41481
    endloop
  endfacet
  facet normal -1 0 0
    outer loop
      vertex -10 -20.0565 4.73423
      vertex -10 -19.855 9.34923
      vertex -10 -19.855 4.65077
    endloop
  endfacet
  facet normal -1 0 0
    outer loop
      vertex -10 -20.0565 4.73423
      vertex -10 -20.0565 9.26577
      vertex -10 -19.855 9.34923
    endloop
  endfacet
  facet normal -1 0 0
    outer loop
      vertex -10 -20.25 4.83494
      vertex -10 -20.0565 9.26577
      vertex -10 -20.0565 4.73423
    endloop
  endfacet
  facet normal -1 0 0
    outer loop
      vertex -10 -20.25 4.83494
      vertex -10 -20.25 9.16506
      vertex -10 -20.0565 9.26577
    endloop
  endfacet
  facet normal -1 0 0
    outer loop
      vertex -10 -20.4339 4.95212
      vertex -10 -20.25 9.16506
      vertex -10 -20.25 4.83494
    endloop
  endfacet
  facet normal -1 0 0
    outer loop
      vertex -10 -20.4339 4.95212
      vertex -10 -20.4339 9.04788
      vertex -10 -20.25 9.16506
    endloop
  endfacet
  facet normal -1 0 0
    outer loop
      vertex -10 -20.607 5.08489
      vertex -10 -20.4339 9.04788
      vertex -10 -20.4339 4.95212
    endloop
  endfacet
  facet normal -1 0 0
    outer loop
      vertex -10 -20.607 5.08489
      vertex -10 -20.607 8.91511
      vertex -10 -20.4339 9.04788
    endloop
  endfacet
  facet normal -1 0 0
    outer loop
      vertex -10 -20.7678 5.23223
      vertex -10 -20.607 8.91511
      vertex -10 -20.607 5.08489
    endloop
  endfacet
  facet normal -1 0 0
    outer loop
      vertex -10 -20.7678 5.23223
      vertex -10 -20.7678 8.76777
      vertex -10 -20.607 8.91511
    endloop
  endfacet
  facet normal -1 0 0
    outer loop
      vertex -10 -20.9151 5.39303
      vertex -10 -20.7678 8.76777
      vertex -10 -20.7678 5.23223
    endloop
  endfacet
  facet normal -1 0 0
    outer loop
      vertex -10 -20.9151 5.39303
      vertex -10 -20.9151 8.60697
      vertex -10 -20.7678 8.76777
    endloop
  endfacet
  facet normal -1 0 0
    outer loop
      vertex -10 -21.0479 5.56606
      vertex -10 -20.9151 8.60697
      vertex -10 -20.9151 5.39303
    endloop
  endfacet
  facet normal -1 0 0
    outer loop
      vertex -10 -21.0479 5.56606
      vertex -10 -21.0479 8.43394
      vertex -10 -20.9151 8.60697
    endloop
  endfacet
  facet normal -1 0 0
    outer loop
      vertex -10 -21.1651 5.75
      vertex -10 -21.0479 8.43394
      vertex -10 -21.0479 5.56606
    endloop
  endfacet
  facet normal -1 0 0
    outer loop
      vertex -10 -21.1651 5.75
      vertex -10 -21.1651 8.25
      vertex -10 -21.0479 8.43394
    endloop
  endfacet
  facet normal -1 0 0
    outer loop
      vertex -10 -21.2658 5.94345
      vertex -10 -21.1651 8.25
      vertex -10 -21.1651 5.75
    endloop
  endfacet
  facet normal -1 0 0
    outer loop
      vertex -10 -21.2658 5.94345
      vertex -10 -21.2658 8.05655
      vertex -10 -21.1651 8.25
    endloop
  endfacet
  facet normal -1 0 0
    outer loop
      vertex -10 -21.3492 6.14495
      vertex -10 -21.2658 8.05655
      vertex -10 -21.2658 5.94345
    endloop
  endfacet
  facet normal -1 0 0
    outer loop
      vertex -10 -21.3492 6.14495
      vertex -10 -21.3492 7.85505
      vertex -10 -21.2658 8.05655
    endloop
  endfacet
  facet normal -1 0 0
    outer loop
      vertex -10 -21.4148 6.35295
      vertex -10 -21.3492 7.85505
      vertex -10 -21.3492 6.14495
    endloop
  endfacet
  facet normal -1 0 0
    outer loop
      vertex -10 -21.4148 6.35295
      vertex -10 -21.4148 7.64705
      vertex -10 -21.3492 7.85505
    endloop
  endfacet
  facet normal -1 0 0
    outer loop
      vertex -10 -21.462 6.56588
      vertex -10 -21.4148 7.64705
      vertex -10 -21.4148 6.35295
    endloop
  endfacet
  facet normal -1 0 0
    outer loop
      vertex -10 -21.462 6.56588
      vertex -10 -21.462 7.43412
      vertex -10 -21.4148 7.64705
    endloop
  endfacet
  facet normal -1 0 0
    outer loop
      vertex -10 -21.4905 6.78211
      vertex -10 -21.462 7.43412
      vertex -10 -21.462 6.56588
    endloop
  endfacet
  facet normal -1 0 0
    outer loop
      vertex -10 -21.4905 6.78211
      vertex -10 -21.4905 7.21789
      vertex -10 -21.462 7.43412
    endloop
  endfacet
  facet normal -1 0 -0
    outer loop
      vertex -10 -21.4905 7.21789
      vertex -10 -21.4905 6.78211
      vertex -10 -21.5 7
    endloop
  endfacet
  facet normal 0 0.608605 -0.793474
    outer loop
      vertex 2.63246 -17.5661 4.95212
      vertex 10 -17.393 5.08489
      vertex 10 -17.5661 4.95212
    endloop
  endfacet
  facet normal 2.669e-06 0.608533 -0.793528
    outer loop
      vertex 2.59808 -17.5 5.00281
      vertex 10 -17.393 5.08489
      vertex 2.63246 -17.5661 4.95212
    endloop
  endfacet
  facet normal 0 0.608649 -0.793439
    outer loop
      vertex 10 -17.393 5.08489
      vertex 2.59808 -17.5 5.00281
      vertex 2.52993 -17.393 5.08489
    endloop
  endfacet
  facet normal 0 0.608605 -0.793474
    outer loop
      vertex -10 -17.393 5.08489
      vertex -2.63246 -17.5661 4.95212
      vertex -10 -17.5661 4.95212
    endloop
  endfacet
  facet normal -2.669e-06 0.608533 -0.793528
    outer loop
      vertex -2.63246 -17.5661 4.95212
      vertex -10 -17.393 5.08489
      vertex -2.59808 -17.5 5.00281
    endloop
  endfacet
  facet normal 0 0.608649 -0.793439
    outer loop
      vertex -2.59808 -17.5 5.00281
      vertex -10 -17.393 5.08489
      vertex -2.52993 -17.393 5.08489
    endloop
  endfacet
  facet normal 0 -0.0436024 0.999049
    outer loop
      vertex 3 -19 9.5
      vertex 10 -19.2179 9.49049
      vertex 10 -19 9.5
    endloop
  endfacet
  facet normal 0 -0.0436024 0.999049
    outer loop
      vertex 10 -19.2179 9.49049
      vertex 3 -19 9.5
      vertex 2.99049 -19.2179 9.49049
    endloop
  endfacet
  facet normal 0 -0.0436024 0.999049
    outer loop
      vertex -10 -19.2179 9.49049
      vertex -3 -19 9.5
      vertex -10 -19 9.5
    endloop
  endfacet
  facet normal 0 -0.0436024 0.999049
    outer loop
      vertex -3 -19 9.5
      vertex -10 -19.2179 9.49049
      vertex -2.99049 -19.2179 9.49049
    endloop
  endfacet
  facet normal 0 0.953693 -0.30078
    outer loop
      vertex 1.86177 -16.6508 6.14495
      vertex 10 -16.5852 6.35295
      vertex 10 -16.6508 6.14495
    endloop
  endfacet
  facet normal 0 0.953693 -0.30078
    outer loop
      vertex 10 -16.5852 6.35295
      vertex 1.86177 -16.6508 6.14495
      vertex 1.7763 -16.5852 6.35295
    endloop
  endfacet
  facet normal 0 0.953693 -0.30078
    outer loop
      vertex -1.86177 -16.6508 6.14495
      vertex -10 -16.5852 6.35295
      vertex -1.7763 -16.5852 6.35295
    endloop
  endfacet
  facet normal 0 0.953693 -0.30078
    outer loop
      vertex -10 -16.5852 6.35295
      vertex -1.86177 -16.6508 6.14495
      vertex -10 -16.6508 6.14495
    endloop
  endfacet
  facet normal -0 0.300678 0.953726
    outer loop
      vertex -10 -18.1449 9.34923
      vertex -2.89778 -18.2235 9.37401
      vertex -2.873 -18.1449 9.34923
    endloop
  endfacet
  facet normal -2.20344e-06 0.300497 0.953783
    outer loop
      vertex -10 -18.1449 9.34923
      vertex -2.92647 -18.353 9.41481
      vertex -2.89778 -18.2235 9.37401
    endloop
  endfacet
  facet normal 0 0.300565 0.953761
    outer loop
      vertex -2.92647 -18.353 9.41481
      vertex -10 -18.1449 9.34923
      vertex -10 -18.353 9.41481
    endloop
  endfacet
  facet normal 0 0.300565 0.953761
    outer loop
      vertex 10 -18.1449 9.34923
      vertex 2.92647 -18.353 9.41481
      vertex 10 -18.353 9.41481
    endloop
  endfacet
  facet normal 2.20344e-06 0.300497 0.953783
    outer loop
      vertex 10 -18.1449 9.34923
      vertex 2.89778 -18.2235 9.37401
      vertex 2.92647 -18.353 9.41481
    endloop
  endfacet
  facet normal 0 0.300678 0.953726
    outer loop
      vertex 2.89778 -18.2235 9.37401
      vertex 10 -18.1449 9.34923
      vertex 2.873 -18.1449 9.34923
    endloop
  endfacet
  facet normal 0 -0.608649 -0.793439
    outer loop
      vertex -10 -20.607 5.08489
      vertex -2.59808 -20.5 5.00281
      vertex -2.52993 -20.607 5.08489
    endloop
  endfacet
  facet normal -2.669e-06 -0.608533 -0.793528
    outer loop
      vertex -10 -20.607 5.08489
      vertex -2.63246 -20.4339 4.95212
      vertex -2.59808 -20.5 5.00281
    endloop
  endfacet
  facet normal -0 -0.608605 -0.793474
    outer loop
      vertex -2.63246 -20.4339 4.95212
      vertex -10 -20.607 5.08489
      vertex -10 -20.4339 4.95212
    endloop
  endfacet
  facet normal 0 -0.608605 -0.793474
    outer loop
      vertex 10 -20.607 5.08489
      vertex 2.63246 -20.4339 4.95212
      vertex 10 -20.4339 4.95212
    endloop
  endfacet
  facet normal 2.669e-06 -0.608533 -0.793528
    outer loop
      vertex 10 -20.607 5.08489
      vertex 2.59808 -20.5 5.00281
      vertex 2.63246 -20.4339 4.95212
    endloop
  endfacet
  facet normal 0 -0.608649 -0.793439
    outer loop
      vertex 2.59808 -20.5 5.00281
      vertex 10 -20.607 5.08489
      vertex 2.52993 -20.607 5.08489
    endloop
  endfacet
  facet normal 0 -0.887018 0.461735
    outer loop
      vertex -10 -21.2658 8.05655
      vertex -2.07358 -21.1651 8.25
      vertex -10 -21.1651 8.25
    endloop
  endfacet
  facet normal 0 -0.887018 0.461735
    outer loop
      vertex -2.07358 -21.1651 8.25
      vertex -10 -21.2658 8.05655
      vertex -1.96368 -21.2658 8.05655
    endloop
  endfacet
  facet normal 0 -0.887018 0.461735
    outer loop
      vertex 10 -21.2658 8.05655
      vertex 2.07358 -21.1651 8.25
      vertex 1.96368 -21.2658 8.05655
    endloop
  endfacet
  facet normal 0 -0.887018 0.461735
    outer loop
      vertex 2.07358 -21.1651 8.25
      vertex 10 -21.2658 8.05655
      vertex 10 -21.1651 8.25
    endloop
  endfacet
  facet normal -0 -0.991425 -0.130674
    outer loop
      vertex -1.71357 -21.462 6.56588
      vertex -10 -21.4905 6.78211
      vertex -10 -21.462 6.56588
    endloop
  endfacet
  facet normal 0 -0.991425 -0.130674
    outer loop
      vertex -10 -21.4905 6.78211
      vertex -1.71357 -21.462 6.56588
      vertex -1.66888 -21.4905 6.78211
    endloop
  endfacet
  facet normal 0 -0.991425 -0.130674
    outer loop
      vertex 1.71357 -21.462 6.56588
      vertex 10 -21.4905 6.78211
      vertex 1.66888 -21.4905 6.78211
    endloop
  endfacet
  facet normal 0 -0.991425 -0.130674
    outer loop
      vertex 10 -21.4905 6.78211
      vertex 1.71357 -21.462 6.56588
      vertex 10 -21.462 6.56588
    endloop
  endfacet
  facet normal 0 0.675575 0.737291
    outer loop
      vertex 10 -17.2322 8.76777
      vertex 2.52993 -17.393 8.91511
      vertex 10 -17.393 8.91511
    endloop
  endfacet
  facet normal -7.90529e-06 0.675775 0.737108
    outer loop
      vertex 10 -17.2322 8.76777
      vertex 2.45746 -17.2793 8.81087
      vertex 2.52993 -17.393 8.91511
    endloop
  endfacet
  facet normal 0 0.675086 0.737739
    outer loop
      vertex 2.45746 -17.2793 8.81087
      vertex 10 -17.2322 8.76777
      vertex 2.42136 -17.2322 8.76777
    endloop
  endfacet
  facet normal -0 0.675086 0.737739
    outer loop
      vertex -10 -17.2322 8.76777
      vertex -2.45746 -17.2793 8.81087
      vertex -2.42136 -17.2322 8.76777
    endloop
  endfacet
  facet normal 7.90529e-06 0.675775 0.737108
    outer loop
      vertex -10 -17.2322 8.76777
      vertex -2.52993 -17.393 8.91511
      vertex -2.45746 -17.2793 8.81087
    endloop
  endfacet
  facet normal 0 0.675575 0.737291
    outer loop
      vertex -2.52993 -17.393 8.91511
      vertex -10 -17.2322 8.76777
      vertex -10 -17.393 8.91511
    endloop
  endfacet
  facet normal 0 -0.953693 -0.30078
    outer loop
      vertex 1.86177 -21.3492 6.14495
      vertex 10 -21.4148 6.35295
      vertex 1.7763 -21.4148 6.35295
    endloop
  endfacet
  facet normal 0 -0.953693 -0.30078
    outer loop
      vertex 10 -21.4148 6.35295
      vertex 1.86177 -21.3492 6.14495
      vertex 10 -21.3492 6.14495
    endloop
  endfacet
  facet normal -0 -0.953693 -0.30078
    outer loop
      vertex -1.86177 -21.3492 6.14495
      vertex -10 -21.4148 6.35295
      vertex -10 -21.3492 6.14495
    endloop
  endfacet
  facet normal 0 -0.953693 -0.30078
    outer loop
      vertex -10 -21.4148 6.35295
      vertex -1.86177 -21.3492 6.14495
      vertex -1.7763 -21.4148 6.35295
    endloop
  endfacet
  facet normal 0 0.0436024 -0.999049
    outer loop
      vertex -10 -18.7821 4.50951
      vertex -3 -19 4.5
      vertex -10 -19 4.5
    endloop
  endfacet
  facet normal 0 0.0436024 -0.999049
    outer loop
      vertex -3 -19 4.5
      vertex -10 -18.7821 4.50951
      vertex -2.99049 -18.7821 4.50951
    endloop
  endfacet
  facet normal 0 0.0436024 -0.999049
    outer loop
      vertex 3 -19 4.5
      vertex 10 -18.7821 4.50951
      vertex 10 -19 4.5
    endloop
  endfacet
  facet normal 0 0.0436024 -0.999049
    outer loop
      vertex 10 -18.7821 4.50951
      vertex 3 -19 4.5
      vertex 2.99049 -18.7821 4.50951
    endloop
  endfacet
  facet normal 0 -0.0436024 -0.999049
    outer loop
      vertex -10 -19.2179 4.50951
      vertex -3 -19 4.5
      vertex -2.99049 -19.2179 4.50951
    endloop
  endfacet
  facet normal -0 -0.0436024 -0.999049
    outer loop
      vertex -3 -19 4.5
      vertex -10 -19.2179 4.50951
      vertex -10 -19 4.5
    endloop
  endfacet
  facet normal 0 -0.0436024 -0.999049
    outer loop
      vertex 10 -19.2179 4.50951
      vertex 3 -19 4.5
      vertex 10 -19 4.5
    endloop
  endfacet
  facet normal 0 -0.0436024 -0.999049
    outer loop
      vertex 3 -19 4.5
      vertex 10 -19.2179 4.50951
      vertex 2.99049 -19.2179 4.50951
    endloop
  endfacet
  facet normal 0 -0.675575 -0.737291
    outer loop
      vertex 10 -20.7678 5.23223
      vertex 2.52993 -20.607 5.08489
      vertex 10 -20.607 5.08489
    endloop
  endfacet
  facet normal -7.90529e-06 -0.675775 -0.737108
    outer loop
      vertex 10 -20.7678 5.23223
      vertex 2.45746 -20.7207 5.18913
      vertex 2.52993 -20.607 5.08489
    endloop
  endfacet
  facet normal 0 -0.675086 -0.737739
    outer loop
      vertex 2.45746 -20.7207 5.18913
      vertex 10 -20.7678 5.23223
      vertex 2.42136 -20.7678 5.23223
    endloop
  endfacet
  facet normal 0 -0.675086 -0.737739
    outer loop
      vertex -10 -20.7678 5.23223
      vertex -2.45746 -20.7207 5.18913
      vertex -2.42136 -20.7678 5.23223
    endloop
  endfacet
  facet normal 7.90529e-06 -0.675775 -0.737108
    outer loop
      vertex -10 -20.7678 5.23223
      vertex -2.52993 -20.607 5.08489
      vertex -2.45746 -20.7207 5.18913
    endloop
  endfacet
  facet normal -0 -0.675575 -0.737291
    outer loop
      vertex -2.52993 -20.607 5.08489
      vertex -10 -20.7678 5.23223
      vertex -10 -20.607 5.08489
    endloop
  endfacet
  facet normal 0 0.38283 -0.923819
    outer loop
      vertex 2.873 -18.1449 4.65077
      vertex 10 -17.9435 4.73423
      vertex 10 -18.1449 4.65077
    endloop
  endfacet
  facet normal 4.88247e-06 0.382682 -0.92388
    outer loop
      vertex 2.81908 -17.9739 4.7216
      vertex 10 -17.9435 4.73423
      vertex 2.873 -18.1449 4.65077
    endloop
  endfacet
  facet normal 0 0.383666 -0.923472
    outer loop
      vertex 10 -17.9435 4.73423
      vertex 2.81908 -17.9739 4.7216
      vertex 2.80645 -17.9435 4.73423
    endloop
  endfacet
  facet normal 0 0.38283 -0.923819
    outer loop
      vertex -10 -17.9435 4.73423
      vertex -2.873 -18.1449 4.65077
      vertex -10 -18.1449 4.65077
    endloop
  endfacet
  facet normal -4.88247e-06 0.382682 -0.92388
    outer loop
      vertex -2.873 -18.1449 4.65077
      vertex -10 -17.9435 4.73423
      vertex -2.81908 -17.9739 4.7216
    endloop
  endfacet
  facet normal 0 0.383666 -0.923472
    outer loop
      vertex -2.81908 -17.9739 4.7216
      vertex -10 -17.9435 4.73423
      vertex -2.80645 -17.9435 4.73423
    endloop
  endfacet
  facet normal -8.08046e-06 0.976235 0.216713
    outer loop
      vertex -10 -16.538 7.43412
      vertex -1.7763 -16.5852 7.64705
      vertex -1.72073 -16.5425 7.4547
    endloop
  endfacet
  facet normal -0 0.976919 0.213612
    outer loop
      vertex -10 -16.538 7.43412
      vertex -1.72073 -16.5425 7.4547
      vertex -1.71357 -16.538 7.43412
    endloop
  endfacet
  facet normal 0 0.976301 0.216416
    outer loop
      vertex -1.7763 -16.5852 7.64705
      vertex -10 -16.538 7.43412
      vertex -10 -16.5852 7.64705
    endloop
  endfacet
  facet normal 0 0.976301 0.216416
    outer loop
      vertex 10 -16.538 7.43412
      vertex 1.7763 -16.5852 7.64705
      vertex 10 -16.5852 7.64705
    endloop
  endfacet
  facet normal 8.08046e-06 0.976235 0.216713
    outer loop
      vertex 1.7763 -16.5852 7.64705
      vertex 10 -16.538 7.43412
      vertex 1.72073 -16.5425 7.4547
    endloop
  endfacet
  facet normal 0 0.976919 0.213612
    outer loop
      vertex 1.72073 -16.5425 7.4547
      vertex 10 -16.538 7.43412
      vertex 1.71357 -16.538 7.43412
    endloop
  endfacet
  facet normal -0 0.383666 0.923472
    outer loop
      vertex -10 -17.9435 9.26577
      vertex -2.81908 -17.9739 9.2784
      vertex -2.80645 -17.9435 9.26577
    endloop
  endfacet
  facet normal -4.88247e-06 0.382682 0.92388
    outer loop
      vertex -10 -17.9435 9.26577
      vertex -2.873 -18.1449 9.34923
      vertex -2.81908 -17.9739 9.2784
    endloop
  endfacet
  facet normal 0 0.38283 0.923819
    outer loop
      vertex -2.873 -18.1449 9.34923
      vertex -10 -17.9435 9.26577
      vertex -10 -18.1449 9.34923
    endloop
  endfacet
  facet normal 0 0.38283 0.923819
    outer loop
      vertex 10 -17.9435 9.26577
      vertex 2.873 -18.1449 9.34923
      vertex 10 -18.1449 9.34923
    endloop
  endfacet
  facet normal 4.88247e-06 0.382682 0.92388
    outer loop
      vertex 10 -17.9435 9.26577
      vertex 2.81908 -17.9739 9.2784
      vertex 2.873 -18.1449 9.34923
    endloop
  endfacet
  facet normal 0 0.383666 0.923472
    outer loop
      vertex 2.81908 -17.9739 9.2784
      vertex 10 -17.9435 9.26577
      vertex 2.80645 -17.9435 9.26577
    endloop
  endfacet
  facet normal 0 0.461677 0.887048
    outer loop
      vertex 10 -17.75 9.16506
      vertex 2.80645 -17.9435 9.26577
      vertex 10 -17.9435 9.26577
    endloop
  endfacet
  facet normal 0 0.461677 0.887048
    outer loop
      vertex 2.80645 -17.9435 9.26577
      vertex 10 -17.75 9.16506
      vertex 2.72632 -17.75 9.16506
    endloop
  endfacet
  facet normal -0 0.461677 0.887048
    outer loop
      vertex -10 -17.75 9.16506
      vertex -2.80645 -17.9435 9.26577
      vertex -2.72632 -17.75 9.16506
    endloop
  endfacet
  facet normal 0 0.461677 0.887048
    outer loop
      vertex -2.80645 -17.9435 9.26577
      vertex -10 -17.75 9.16506
      vertex -10 -17.9435 9.26577
    endloop
  endfacet
  facet normal 0 -0.216489 0.976285
    outer loop
      vertex -10 -19.647 9.41481
      vertex -2.96585 -19.4341 9.46202
      vertex -10 -19.4341 9.46202
    endloop
  endfacet
  facet normal 7.91538e-07 -0.216514 0.97628
    outer loop
      vertex -2.96585 -19.4341 9.46202
      vertex -10 -19.647 9.41481
      vertex -2.95442 -19.5209 9.44277
    endloop
  endfacet
  facet normal 0 -0.216471 0.976289
    outer loop
      vertex -2.95442 -19.5209 9.44277
      vertex -10 -19.647 9.41481
      vertex -2.92647 -19.647 9.41481
    endloop
  endfacet
  facet normal 0 -0.216489 0.976285
    outer loop
      vertex 2.96585 -19.4341 9.46202
      vertex 10 -19.647 9.41481
      vertex 10 -19.4341 9.46202
    endloop
  endfacet
  facet normal -7.91538e-07 -0.216514 0.97628
    outer loop
      vertex 2.95442 -19.5209 9.44277
      vertex 10 -19.647 9.41481
      vertex 2.96585 -19.4341 9.46202
    endloop
  endfacet
  facet normal 0 -0.216471 0.976289
    outer loop
      vertex 10 -19.647 9.41481
      vertex 2.95442 -19.5209 9.44277
      vertex 2.92647 -19.647 9.41481
    endloop
  endfacet
  facet normal 0 -0.537374 0.843344
    outer loop
      vertex -10 -20.4339 9.04788
      vertex -2.72632 -20.25 9.16506
      vertex -10 -20.25 9.16506
    endloop
  endfacet
  facet normal -4.22115e-05 -0.536186 0.8441
    outer loop
      vertex -2.72632 -20.25 9.16506
      vertex -10 -20.4339 9.04788
      vertex -2.71892 -20.2679 9.15369
    endloop
  endfacet
  facet normal 0 -0.537503 0.843262
    outer loop
      vertex -2.71892 -20.2679 9.15369
      vertex -10 -20.4339 9.04788
      vertex -2.63246 -20.4339 9.04788
    endloop
  endfacet
  facet normal 0 -0.537374 0.843344
    outer loop
      vertex 2.72632 -20.25 9.16506
      vertex 10 -20.4339 9.04788
      vertex 10 -20.25 9.16506
    endloop
  endfacet
  facet normal 4.22115e-05 -0.536186 0.8441
    outer loop
      vertex 2.71892 -20.2679 9.15369
      vertex 10 -20.4339 9.04788
      vertex 2.72632 -20.25 9.16506
    endloop
  endfacet
  facet normal 0 -0.537503 0.843262
    outer loop
      vertex 10 -20.4339 9.04788
      vertex 2.71892 -20.2679 9.15369
      vertex 2.63246 -20.4339 9.04788
    endloop
  endfacet
  facet normal 0 0.300565 -0.953761
    outer loop
      vertex 2.92647 -18.353 4.58519
      vertex 10 -18.1449 4.65077
      vertex 10 -18.353 4.58519
    endloop
  endfacet
  facet normal 2.20344e-06 0.300497 -0.953783
    outer loop
      vertex 2.89778 -18.2235 4.62599
      vertex 10 -18.1449 4.65077
      vertex 2.92647 -18.353 4.58519
    endloop
  endfacet
  facet normal 0 0.300678 -0.953726
    outer loop
      vertex 10 -18.1449 4.65077
      vertex 2.89778 -18.2235 4.62599
      vertex 2.873 -18.1449 4.65077
    endloop
  endfacet
  facet normal 0 0.300565 -0.953761
    outer loop
      vertex -10 -18.1449 4.65077
      vertex -2.92647 -18.353 4.58519
      vertex -10 -18.353 4.58519
    endloop
  endfacet
  facet normal -2.20344e-06 0.300497 -0.953783
    outer loop
      vertex -2.92647 -18.353 4.58519
      vertex -10 -18.1449 4.65077
      vertex -2.89778 -18.2235 4.62599
    endloop
  endfacet
  facet normal 0 0.300678 -0.953726
    outer loop
      vertex -2.89778 -18.2235 4.62599
      vertex -10 -18.1449 4.65077
      vertex -2.873 -18.1449 4.65077
    endloop
  endfacet
  facet normal -0 0.887018 0.461735
    outer loop
      vertex -10 -16.7342 8.05655
      vertex -2.07358 -16.8349 8.25
      vertex -1.96368 -16.7342 8.05655
    endloop
  endfacet
  facet normal 0 0.887018 0.461735
    outer loop
      vertex -2.07358 -16.8349 8.25
      vertex -10 -16.7342 8.05655
      vertex -10 -16.8349 8.25
    endloop
  endfacet
  facet normal 0 0.887018 0.461735
    outer loop
      vertex 10 -16.7342 8.05655
      vertex 2.07358 -16.8349 8.25
      vertex 10 -16.8349 8.25
    endloop
  endfacet
  facet normal 0 0.887018 0.461735
    outer loop
      vertex 2.07358 -16.8349 8.25
      vertex 10 -16.7342 8.05655
      vertex 1.96368 -16.7342 8.05655
    endloop
  endfacet
  facet normal -0 -0.887018 -0.461735
    outer loop
      vertex -2.07358 -21.1651 5.75
      vertex -10 -21.2658 5.94345
      vertex -10 -21.1651 5.75
    endloop
  endfacet
  facet normal 0 -0.887018 -0.461735
    outer loop
      vertex -10 -21.2658 5.94345
      vertex -2.07358 -21.1651 5.75
      vertex -1.96368 -21.2658 5.94345
    endloop
  endfacet
  facet normal 0 -0.887018 -0.461735
    outer loop
      vertex 2.07358 -21.1651 5.75
      vertex 10 -21.2658 5.94345
      vertex 1.96368 -21.2658 5.94345
    endloop
  endfacet
  facet normal 0 -0.887018 -0.461735
    outer loop
      vertex 10 -21.2658 5.94345
      vertex 2.07358 -21.1651 5.75
      vertex 10 -21.1651 5.75
    endloop
  endfacet
  facet normal 0 0.999051 -0.0435586
    outer loop
      vertex -1.66888 -16.5095 6.78211
      vertex -10 -16.5 7
      vertex -1.65395 -16.5 7
    endloop
  endfacet
  facet normal 0 0.999051 -0.0435586
    outer loop
      vertex -10 -16.5 7
      vertex -1.66888 -16.5095 6.78211
      vertex -10 -16.5095 6.78211
    endloop
  endfacet
  facet normal 0 0.999051 -0.0435586
    outer loop
      vertex 1.66888 -16.5095 6.78211
      vertex 10 -16.5 7
      vertex 10 -16.5095 6.78211
    endloop
  endfacet
  facet normal 0 0.999051 -0.0435586
    outer loop
      vertex 10 -16.5 7
      vertex 1.66888 -16.5095 6.78211
      vertex 1.65395 -16.5 7
    endloop
  endfacet
  facet normal -0 0.953693 0.30078
    outer loop
      vertex -10 -16.5852 7.64705
      vertex -1.86177 -16.6508 7.85505
      vertex -1.7763 -16.5852 7.64705
    endloop
  endfacet
  facet normal 0 0.953693 0.30078
    outer loop
      vertex -1.86177 -16.6508 7.85505
      vertex -10 -16.5852 7.64705
      vertex -10 -16.6508 7.85505
    endloop
  endfacet
  facet normal 0 0.953693 0.30078
    outer loop
      vertex 10 -16.5852 7.64705
      vertex 1.86177 -16.6508 7.85505
      vertex 10 -16.6508 7.85505
    endloop
  endfacet
  facet normal 0 0.953693 0.30078
    outer loop
      vertex 1.86177 -16.6508 7.85505
      vertex 10 -16.5852 7.64705
      vertex 1.7763 -16.5852 7.64705
    endloop
  endfacet
  facet normal 0 0.991425 -0.130674
    outer loop
      vertex -1.71357 -16.538 6.56588
      vertex -10 -16.5095 6.78211
      vertex -1.66888 -16.5095 6.78211
    endloop
  endfacet
  facet normal 0 0.991425 -0.130674
    outer loop
      vertex -10 -16.5095 6.78211
      vertex -1.71357 -16.538 6.56588
      vertex -10 -16.538 6.56588
    endloop
  endfacet
  facet normal 0 0.991425 -0.130674
    outer loop
      vertex 1.71357 -16.538 6.56588
      vertex 10 -16.5095 6.78211
      vertex 10 -16.538 6.56588
    endloop
  endfacet
  facet normal 0 0.991425 -0.130674
    outer loop
      vertex 10 -16.5095 6.78211
      vertex 1.71357 -16.538 6.56588
      vertex 1.66888 -16.5095 6.78211
    endloop
  endfacet
  facet normal 0 -0.737383 0.675475
    outer loop
      vertex 10 -20.9151 8.60697
      vertex 2.42136 -20.7678 8.76777
      vertex 2.3083 -20.9151 8.60697
    endloop
  endfacet
  facet normal 0 -0.737383 0.675475
    outer loop
      vertex 2.42136 -20.7678 8.76777
      vertex 10 -20.9151 8.60697
      vertex 10 -20.7678 8.76777
    endloop
  endfacet
  facet normal 0 -0.737383 0.675475
    outer loop
      vertex -10 -20.9151 8.60697
      vertex -2.42136 -20.7678 8.76777
      vertex -10 -20.7678 8.76777
    endloop
  endfacet
  facet normal 0 -0.737383 0.675475
    outer loop
      vertex -2.42136 -20.7678 8.76777
      vertex -10 -20.9151 8.60697
      vertex -2.3083 -20.9151 8.60697
    endloop
  endfacet
  facet normal 0 0.461677 -0.887048
    outer loop
      vertex -10 -17.75 4.83494
      vertex -2.80645 -17.9435 4.73423
      vertex -10 -17.9435 4.73423
    endloop
  endfacet
  facet normal 0 0.461677 -0.887048
    outer loop
      vertex -2.80645 -17.9435 4.73423
      vertex -10 -17.75 4.83494
      vertex -2.72632 -17.75 4.83494
    endloop
  endfacet
  facet normal 0 0.461677 -0.887048
    outer loop
      vertex 2.80645 -17.9435 4.73423
      vertex 10 -17.75 4.83494
      vertex 10 -17.9435 4.73423
    endloop
  endfacet
  facet normal 0 0.461677 -0.887048
    outer loop
      vertex 10 -17.75 4.83494
      vertex 2.80645 -17.9435 4.73423
      vertex 2.72632 -17.75 4.83494
    endloop
  endfacet
  facet normal 0 0.130557 -0.991441
    outer loop
      vertex -10 -18.5659 4.53798
      vertex -2.99049 -18.7821 4.50951
      vertex -10 -18.7821 4.50951
    endloop
  endfacet
  facet normal -9.84876e-07 0.130525 -0.991445
    outer loop
      vertex -2.99049 -18.7821 4.50951
      vertex -10 -18.5659 4.53798
      vertex -2.98858 -18.7385 4.51525
    endloop
  endfacet
  facet normal 0 0.130564 -0.99144
    outer loop
      vertex -2.98858 -18.7385 4.51525
      vertex -10 -18.5659 4.53798
      vertex -2.96585 -18.5659 4.53798
    endloop
  endfacet
  facet normal 0 0.130557 -0.991441
    outer loop
      vertex 2.99049 -18.7821 4.50951
      vertex 10 -18.5659 4.53798
      vertex 10 -18.7821 4.50951
    endloop
  endfacet
  facet normal 9.84876e-07 0.130525 -0.991445
    outer loop
      vertex 2.98858 -18.7385 4.51525
      vertex 10 -18.5659 4.53798
      vertex 2.99049 -18.7821 4.50951
    endloop
  endfacet
  facet normal 0 0.130564 -0.99144
    outer loop
      vertex 10 -18.5659 4.53798
      vertex 2.98858 -18.7385 4.51525
      vertex 2.96585 -18.5659 4.53798
    endloop
  endfacet
  facet normal 0 0.887018 -0.461735
    outer loop
      vertex -2.07358 -16.8349 5.75
      vertex -10 -16.7342 5.94345
      vertex -1.96368 -16.7342 5.94345
    endloop
  endfacet
  facet normal 0 0.887018 -0.461735
    outer loop
      vertex -10 -16.7342 5.94345
      vertex -2.07358 -16.8349 5.75
      vertex -10 -16.8349 5.75
    endloop
  endfacet
  facet normal 0 0.887018 -0.461735
    outer loop
      vertex 2.07358 -16.8349 5.75
      vertex 10 -16.7342 5.94345
      vertex 10 -16.8349 5.75
    endloop
  endfacet
  facet normal 0 0.887018 -0.461735
    outer loop
      vertex 10 -16.7342 5.94345
      vertex 2.07358 -16.8349 5.75
      vertex 1.96368 -16.7342 5.94345
    endloop
  endfacet
  facet normal 0 -0.953693 0.30078
    outer loop
      vertex 10 -21.4148 7.64705
      vertex 1.86177 -21.3492 7.85505
      vertex 1.7763 -21.4148 7.64705
    endloop
  endfacet
  facet normal 0 -0.953693 0.30078
    outer loop
      vertex 1.86177 -21.3492 7.85505
      vertex 10 -21.4148 7.64705
      vertex 10 -21.3492 7.85505
    endloop
  endfacet
  facet normal 0 -0.953693 0.30078
    outer loop
      vertex -10 -21.4148 7.64705
      vertex -1.86177 -21.3492 7.85505
      vertex -10 -21.3492 7.85505
    endloop
  endfacet
  facet normal 0 -0.953693 0.30078
    outer loop
      vertex -1.86177 -21.3492 7.85505
      vertex -10 -21.4148 7.64705
      vertex -1.7763 -21.4148 7.64705
    endloop
  endfacet
  facet normal 0 0.216489 0.976285
    outer loop
      vertex 10 -18.353 9.41481
      vertex 2.96585 -18.5659 9.46202
      vertex 10 -18.5659 9.46202
    endloop
  endfacet
  facet normal -7.91538e-07 0.216514 0.97628
    outer loop
      vertex 10 -18.353 9.41481
      vertex 2.95442 -18.4791 9.44277
      vertex 2.96585 -18.5659 9.46202
    endloop
  endfacet
  facet normal 0 0.216471 0.976289
    outer loop
      vertex 2.95442 -18.4791 9.44277
      vertex 10 -18.353 9.41481
      vertex 2.92647 -18.353 9.41481
    endloop
  endfacet
  facet normal -0 0.216471 0.976289
    outer loop
      vertex -10 -18.353 9.41481
      vertex -2.95442 -18.4791 9.44277
      vertex -2.92647 -18.353 9.41481
    endloop
  endfacet
  facet normal 7.91538e-07 0.216514 0.97628
    outer loop
      vertex -10 -18.353 9.41481
      vertex -2.96585 -18.5659 9.46202
      vertex -2.95442 -18.4791 9.44277
    endloop
  endfacet
  facet normal 0 0.216489 0.976285
    outer loop
      vertex -2.96585 -18.5659 9.46202
      vertex -10 -18.353 9.41481
      vertex -10 -18.5659 9.46202
    endloop
  endfacet
  facet normal 0 0.843064 -0.537813
    outer loop
      vertex -2.12132 -16.8787 5.68134
      vertex -10 -16.8349 5.75
      vertex -2.07358 -16.8349 5.75
    endloop
  endfacet
  facet normal 8.8892e-06 0.843527 -0.537087
    outer loop
      vertex -2.18862 -16.9521 5.56606
      vertex -10 -16.8349 5.75
      vertex -2.12132 -16.8787 5.68134
    endloop
  endfacet
  facet normal 0 0.843356 -0.537356
    outer loop
      vertex -10 -16.8349 5.75
      vertex -2.18862 -16.9521 5.56606
      vertex -10 -16.9521 5.56606
    endloop
  endfacet
  facet normal 0 0.843064 -0.537813
    outer loop
      vertex 10 -16.8349 5.75
      vertex 2.12132 -16.8787 5.68134
      vertex 2.07358 -16.8349 5.75
    endloop
  endfacet
  facet normal 0 0.843356 -0.537356
    outer loop
      vertex 2.18862 -16.9521 5.56606
      vertex 10 -16.8349 5.75
      vertex 10 -16.9521 5.56606
    endloop
  endfacet
  facet normal -8.8892e-06 0.843527 -0.537087
    outer loop
      vertex 10 -16.8349 5.75
      vertex 2.18862 -16.9521 5.56606
      vertex 2.12132 -16.8787 5.68134
    endloop
  endfacet
  facet normal 0 -0.675575 0.737291
    outer loop
      vertex -10 -20.7678 8.76777
      vertex -2.52993 -20.607 8.91511
      vertex -10 -20.607 8.91511
    endloop
  endfacet
  facet normal 7.90529e-06 -0.675775 0.737108
    outer loop
      vertex -2.52993 -20.607 8.91511
      vertex -10 -20.7678 8.76777
      vertex -2.45746 -20.7207 8.81087
    endloop
  endfacet
  facet normal 0 -0.675086 0.737739
    outer loop
      vertex -2.45746 -20.7207 8.81087
      vertex -10 -20.7678 8.76777
      vertex -2.42136 -20.7678 8.76777
    endloop
  endfacet
  facet normal 0 -0.675575 0.737291
    outer loop
      vertex 2.52993 -20.607 8.91511
      vertex 10 -20.7678 8.76777
      vertex 10 -20.607 8.91511
    endloop
  endfacet
  facet normal -7.90529e-06 -0.675775 0.737108
    outer loop
      vertex 2.45746 -20.7207 8.81087
      vertex 10 -20.7678 8.76777
      vertex 2.52993 -20.607 8.91511
    endloop
  endfacet
  facet normal 0 -0.675086 0.737739
    outer loop
      vertex 10 -20.7678 8.76777
      vertex 2.45746 -20.7207 8.81087
      vertex 2.42136 -20.7678 8.76777
    endloop
  endfacet
  facet normal 0 -0.300697 -0.95372
    outer loop
      vertex 10 -19.855 4.65077
      vertex 2.92647 -19.647 4.58519
      vertex 10 -19.647 4.58519
    endloop
  endfacet
  facet normal 6.42414e-06 -0.300498 -0.953782
    outer loop
      vertex 10 -19.855 4.65077
      vertex 2.89778 -19.7765 4.62599
      vertex 2.92647 -19.647 4.58519
    endloop
  endfacet
  facet normal 0 -0.301027 -0.953616
    outer loop
      vertex 2.89778 -19.7765 4.62599
      vertex 10 -19.855 4.65077
      vertex 2.873 -19.855 4.65077
    endloop
  endfacet
  facet normal 0 -0.301027 -0.953616
    outer loop
      vertex -10 -19.855 4.65077
      vertex -2.89778 -19.7765 4.62599
      vertex -2.873 -19.855 4.65077
    endloop
  endfacet
  facet normal -6.42414e-06 -0.300498 -0.953782
    outer loop
      vertex -10 -19.855 4.65077
      vertex -2.92647 -19.647 4.58519
      vertex -2.89778 -19.7765 4.62599
    endloop
  endfacet
  facet normal -0 -0.300697 -0.95372
    outer loop
      vertex -2.92647 -19.647 4.58519
      vertex -10 -19.855 4.65077
      vertex -10 -19.647 4.58519
    endloop
  endfacet
  facet normal 0 -0.216489 -0.976285
    outer loop
      vertex 10 -19.647 4.58519
      vertex 2.96585 -19.4341 4.53798
      vertex 10 -19.4341 4.53798
    endloop
  endfacet
  facet normal -7.91538e-07 -0.216514 -0.97628
    outer loop
      vertex 10 -19.647 4.58519
      vertex 2.95442 -19.5209 4.55723
      vertex 2.96585 -19.4341 4.53798
    endloop
  endfacet
  facet normal 0 -0.216471 -0.976289
    outer loop
      vertex 2.95442 -19.5209 4.55723
      vertex 10 -19.647 4.58519
      vertex 2.92647 -19.647 4.58519
    endloop
  endfacet
  facet normal 0 -0.216471 -0.976289
    outer loop
      vertex -10 -19.647 4.58519
      vertex -2.95442 -19.5209 4.55723
      vertex -2.92647 -19.647 4.58519
    endloop
  endfacet
  facet normal 7.91538e-07 -0.216514 -0.97628
    outer loop
      vertex -10 -19.647 4.58519
      vertex -2.96585 -19.4341 4.53798
      vertex -2.95442 -19.5209 4.55723
    endloop
  endfacet
  facet normal -0 -0.216489 -0.976285
    outer loop
      vertex -2.96585 -19.4341 4.53798
      vertex -10 -19.647 4.58519
      vertex -10 -19.4341 4.53798
    endloop
  endfacet
  facet normal 0 0.7934 -0.608701
    outer loop
      vertex 10 -16.9521 5.56606
      vertex 2.29813 -17.0716 5.4103
      vertex 2.18862 -16.9521 5.56606
    endloop
  endfacet
  facet normal 0 0.793288 -0.608846
    outer loop
      vertex 2.3083 -17.0849 5.39303
      vertex 10 -16.9521 5.56606
      vertex 10 -17.0849 5.39303
    endloop
  endfacet
  facet normal 4.61678e-05 0.792296 -0.610137
    outer loop
      vertex 10 -16.9521 5.56606
      vertex 2.3083 -17.0849 5.39303
      vertex 2.29813 -17.0716 5.4103
    endloop
  endfacet
  facet normal 0 0.7934 -0.608701
    outer loop
      vertex -2.29813 -17.0716 5.4103
      vertex -10 -16.9521 5.56606
      vertex -2.18862 -16.9521 5.56606
    endloop
  endfacet
  facet normal -4.61678e-05 0.792296 -0.610137
    outer loop
      vertex -2.3083 -17.0849 5.39303
      vertex -10 -16.9521 5.56606
      vertex -2.29813 -17.0716 5.4103
    endloop
  endfacet
  facet normal 0 0.793288 -0.608846
    outer loop
      vertex -10 -16.9521 5.56606
      vertex -2.3083 -17.0849 5.39303
      vertex -10 -17.0849 5.39303
    endloop
  endfacet
  facet normal 0 0.793288 0.608846
    outer loop
      vertex 10 -16.9521 8.43394
      vertex 2.3083 -17.0849 8.60697
      vertex 10 -17.0849 8.60697
    endloop
  endfacet
  facet normal 4.61678e-05 0.792296 0.610137
    outer loop
      vertex 2.3083 -17.0849 8.60697
      vertex 10 -16.9521 8.43394
      vertex 2.29813 -17.0716 8.5897
    endloop
  endfacet
  facet normal 0 0.7934 0.608701
    outer loop
      vertex 2.29813 -17.0716 8.5897
      vertex 10 -16.9521 8.43394
      vertex 2.18862 -16.9521 8.43394
    endloop
  endfacet
  facet normal -4.61678e-05 0.792296 0.610137
    outer loop
      vertex -10 -16.9521 8.43394
      vertex -2.3083 -17.0849 8.60697
      vertex -2.29813 -17.0716 8.5897
    endloop
  endfacet
  facet normal -0 0.7934 0.608701
    outer loop
      vertex -10 -16.9521 8.43394
      vertex -2.29813 -17.0716 8.5897
      vertex -2.18862 -16.9521 8.43394
    endloop
  endfacet
  facet normal 0 0.793288 0.608846
    outer loop
      vertex -2.3083 -17.0849 8.60697
      vertex -10 -16.9521 8.43394
      vertex -10 -17.0849 8.60697
    endloop
  endfacet
  facet normal -0 -0.999051 -0.0435586
    outer loop
      vertex -1.66888 -21.4905 6.78211
      vertex -10 -21.5 7
      vertex -10 -21.4905 6.78211
    endloop
  endfacet
  facet normal 0 -0.999051 -0.0435586
    outer loop
      vertex -10 -21.5 7
      vertex -1.66888 -21.4905 6.78211
      vertex -1.65395 -21.5 7
    endloop
  endfacet
  facet normal 0 -0.999051 -0.0435586
    outer loop
      vertex 1.66888 -21.4905 6.78211
      vertex 10 -21.5 7
      vertex 1.65395 -21.5 7
    endloop
  endfacet
  facet normal 0 -0.999051 -0.0435586
    outer loop
      vertex 10 -21.5 7
      vertex 1.66888 -21.4905 6.78211
      vertex 10 -21.4905 6.78211
    endloop
  endfacet
  facet normal 0 -0.999051 0.0435586
    outer loop
      vertex -10 -21.5 7
      vertex -1.66888 -21.4905 7.21789
      vertex -10 -21.4905 7.21789
    endloop
  endfacet
  facet normal 0 -0.999051 0.0435586
    outer loop
      vertex -1.66888 -21.4905 7.21789
      vertex -10 -21.5 7
      vertex -1.65395 -21.5 7
    endloop
  endfacet
  facet normal 0 -0.999051 0.0435586
    outer loop
      vertex 10 -21.5 7
      vertex 1.66888 -21.4905 7.21789
      vertex 1.65395 -21.5 7
    endloop
  endfacet
  facet normal 0 -0.999051 0.0435586
    outer loop
      vertex 1.66888 -21.4905 7.21789
      vertex 10 -21.5 7
      vertex 10 -21.4905 7.21789
    endloop
  endfacet
  facet normal 0 -0.843064 -0.537813
    outer loop
      vertex -10 -21.1651 5.75
      vertex -2.12132 -21.1213 5.68134
      vertex -2.07358 -21.1651 5.75
    endloop
  endfacet
  facet normal -0 -0.843356 -0.537356
    outer loop
      vertex -2.18862 -21.0479 5.56606
      vertex -10 -21.1651 5.75
      vertex -10 -21.0479 5.56606
    endloop
  endfacet
  facet normal 8.8892e-06 -0.843527 -0.537087
    outer loop
      vertex -10 -21.1651 5.75
      vertex -2.18862 -21.0479 5.56606
      vertex -2.12132 -21.1213 5.68134
    endloop
  endfacet
  facet normal 0 -0.843064 -0.537813
    outer loop
      vertex 2.12132 -21.1213 5.68134
      vertex 10 -21.1651 5.75
      vertex 2.07358 -21.1651 5.75
    endloop
  endfacet
  facet normal -8.8892e-06 -0.843527 -0.537087
    outer loop
      vertex 2.18862 -21.0479 5.56606
      vertex 10 -21.1651 5.75
      vertex 2.12132 -21.1213 5.68134
    endloop
  endfacet
  facet normal 0 -0.843356 -0.537356
    outer loop
      vertex 10 -21.1651 5.75
      vertex 2.18862 -21.0479 5.56606
      vertex 10 -21.0479 5.56606
    endloop
  endfacet
  facet normal 0 0.923873 -0.3827
    outer loop
      vertex 10 -16.6508 6.14495
      vertex 1.92836 -16.7019 6.02159
      vertex 1.86177 -16.6508 6.14495
    endloop
  endfacet
  facet normal 0 0.923983 -0.382433
    outer loop
      vertex 1.96368 -16.7342 5.94345
      vertex 10 -16.6508 6.14495
      vertex 10 -16.7342 5.94345
    endloop
  endfacet
  facet normal -1.22614e-05 0.924156 -0.382015
    outer loop
      vertex 10 -16.6508 6.14495
      vertex 1.96368 -16.7342 5.94345
      vertex 1.92836 -16.7019 6.02159
    endloop
  endfacet
  facet normal 0 0.923873 -0.3827
    outer loop
      vertex -1.92836 -16.7019 6.02159
      vertex -10 -16.6508 6.14495
      vertex -1.86177 -16.6508 6.14495
    endloop
  endfacet
  facet normal 1.22614e-05 0.924156 -0.382015
    outer loop
      vertex -1.96368 -16.7342 5.94345
      vertex -10 -16.6508 6.14495
      vertex -1.92836 -16.7019 6.02159
    endloop
  endfacet
  facet normal 0 0.923983 -0.382433
    outer loop
      vertex -10 -16.6508 6.14495
      vertex -1.96368 -16.7342 5.94345
      vertex -10 -16.7342 5.94345
    endloop
  endfacet
  facet normal 0 0.999051 0.0435586
    outer loop
      vertex 10 -16.5 7
      vertex 1.66888 -16.5095 7.21789
      vertex 10 -16.5095 7.21789
    endloop
  endfacet
  facet normal 0 0.999051 0.0435586
    outer loop
      vertex 1.66888 -16.5095 7.21789
      vertex 10 -16.5 7
      vertex 1.65395 -16.5 7
    endloop
  endfacet
  facet normal -0 0.999051 0.0435586
    outer loop
      vertex -10 -16.5 7
      vertex -1.66888 -16.5095 7.21789
      vertex -1.65395 -16.5 7
    endloop
  endfacet
  facet normal 0 0.999051 0.0435586
    outer loop
      vertex -1.66888 -16.5095 7.21789
      vertex -10 -16.5 7
      vertex -10 -16.5095 7.21789
    endloop
  endfacet
  facet normal 0 -0.130564 -0.99144
    outer loop
      vertex -10 -19.4341 4.53798
      vertex -2.98858 -19.2615 4.51525
      vertex -2.96585 -19.4341 4.53798
    endloop
  endfacet
  facet normal -9.84876e-07 -0.130525 -0.991445
    outer loop
      vertex -10 -19.4341 4.53798
      vertex -2.99049 -19.2179 4.50951
      vertex -2.98858 -19.2615 4.51525
    endloop
  endfacet
  facet normal -0 -0.130557 -0.991441
    outer loop
      vertex -2.99049 -19.2179 4.50951
      vertex -10 -19.4341 4.53798
      vertex -10 -19.2179 4.50951
    endloop
  endfacet
  facet normal 0 -0.130557 -0.991441
    outer loop
      vertex 10 -19.4341 4.53798
      vertex 2.99049 -19.2179 4.50951
      vertex 10 -19.2179 4.50951
    endloop
  endfacet
  facet normal 9.84876e-07 -0.130525 -0.991445
    outer loop
      vertex 10 -19.4341 4.53798
      vertex 2.98858 -19.2615 4.51525
      vertex 2.99049 -19.2179 4.50951
    endloop
  endfacet
  facet normal 0 -0.130564 -0.99144
    outer loop
      vertex 2.98858 -19.2615 4.51525
      vertex 10 -19.4341 4.53798
      vertex 2.96585 -19.4341 4.53798
    endloop
  endfacet
  facet normal 0 0.675575 -0.737291
    outer loop
      vertex -10 -17.2322 5.23223
      vertex -2.52993 -17.393 5.08489
      vertex -10 -17.393 5.08489
    endloop
  endfacet
  facet normal 7.90529e-06 0.675775 -0.737108
    outer loop
      vertex -2.52993 -17.393 5.08489
      vertex -10 -17.2322 5.23223
      vertex -2.45746 -17.2793 5.18913
    endloop
  endfacet
  facet normal 0 0.675086 -0.737739
    outer loop
      vertex -2.45746 -17.2793 5.18913
      vertex -10 -17.2322 5.23223
      vertex -2.42136 -17.2322 5.23223
    endloop
  endfacet
  facet normal 0 0.675575 -0.737291
    outer loop
      vertex 2.52993 -17.393 5.08489
      vertex 10 -17.2322 5.23223
      vertex 10 -17.393 5.08489
    endloop
  endfacet
  facet normal -7.90529e-06 0.675775 -0.737108
    outer loop
      vertex 2.45746 -17.2793 5.18913
      vertex 10 -17.2322 5.23223
      vertex 2.52993 -17.393 5.08489
    endloop
  endfacet
  facet normal 0 0.675086 -0.737739
    outer loop
      vertex 10 -17.2322 5.23223
      vertex 2.45746 -17.2793 5.18913
      vertex 2.42136 -17.2322 5.23223
    endloop
  endfacet
  facet normal 4.61678e-05 -0.792296 0.610137
    outer loop
      vertex 10 -21.0479 8.43394
      vertex 2.3083 -20.9151 8.60697
      vertex 2.29813 -20.9284 8.5897
    endloop
  endfacet
  facet normal 0 -0.7934 0.608701
    outer loop
      vertex 10 -21.0479 8.43394
      vertex 2.29813 -20.9284 8.5897
      vertex 2.18862 -21.0479 8.43394
    endloop
  endfacet
  facet normal 0 -0.793288 0.608846
    outer loop
      vertex 2.3083 -20.9151 8.60697
      vertex 10 -21.0479 8.43394
      vertex 10 -20.9151 8.60697
    endloop
  endfacet
  facet normal 0 -0.793288 0.608846
    outer loop
      vertex -10 -21.0479 8.43394
      vertex -2.3083 -20.9151 8.60697
      vertex -10 -20.9151 8.60697
    endloop
  endfacet
  facet normal -4.61678e-05 -0.792296 0.610137
    outer loop
      vertex -2.3083 -20.9151 8.60697
      vertex -10 -21.0479 8.43394
      vertex -2.29813 -20.9284 8.5897
    endloop
  endfacet
  facet normal 0 -0.7934 0.608701
    outer loop
      vertex -2.29813 -20.9284 8.5897
      vertex -10 -21.0479 8.43394
      vertex -2.18862 -21.0479 8.43394
    endloop
  endfacet
  facet normal 0 -0.923873 -0.3827
    outer loop
      vertex -10 -21.3492 6.14495
      vertex -1.92836 -21.2981 6.02159
      vertex -1.86177 -21.3492 6.14495
    endloop
  endfacet
  facet normal -0 -0.923983 -0.382433
    outer loop
      vertex -1.96368 -21.2658 5.94345
      vertex -10 -21.3492 6.14495
      vertex -10 -21.2658 5.94345
    endloop
  endfacet
  facet normal 1.22614e-05 -0.924156 -0.382015
    outer loop
      vertex -10 -21.3492 6.14495
      vertex -1.96368 -21.2658 5.94345
      vertex -1.92836 -21.2981 6.02159
    endloop
  endfacet
  facet normal 0 -0.923873 -0.3827
    outer loop
      vertex 1.92836 -21.2981 6.02159
      vertex 10 -21.3492 6.14495
      vertex 1.86177 -21.3492 6.14495
    endloop
  endfacet
  facet normal -1.22614e-05 -0.924156 -0.382015
    outer loop
      vertex 1.96368 -21.2658 5.94345
      vertex 10 -21.3492 6.14495
      vertex 1.92836 -21.2981 6.02159
    endloop
  endfacet
  facet normal 0 -0.923983 -0.382433
    outer loop
      vertex 10 -21.3492 6.14495
      vertex 1.96368 -21.2658 5.94345
      vertex 10 -21.2658 5.94345
    endloop
  endfacet
  facet normal 0 -0.991425 0.130674
    outer loop
      vertex 10 -21.4905 7.21789
      vertex 1.71357 -21.462 7.43412
      vertex 1.66888 -21.4905 7.21789
    endloop
  endfacet
  facet normal 0 -0.991425 0.130674
    outer loop
      vertex 1.71357 -21.462 7.43412
      vertex 10 -21.4905 7.21789
      vertex 10 -21.462 7.43412
    endloop
  endfacet
  facet normal 0 -0.991425 0.130674
    outer loop
      vertex -10 -21.4905 7.21789
      vertex -1.71357 -21.462 7.43412
      vertex -10 -21.462 7.43412
    endloop
  endfacet
  facet normal 0 -0.991425 0.130674
    outer loop
      vertex -1.71357 -21.462 7.43412
      vertex -10 -21.4905 7.21789
      vertex -1.66888 -21.4905 7.21789
    endloop
  endfacet
  facet normal 0 0.737383 0.675475
    outer loop
      vertex 10 -17.0849 8.60697
      vertex 2.42136 -17.2322 8.76777
      vertex 10 -17.2322 8.76777
    endloop
  endfacet
  facet normal 0 0.737383 0.675475
    outer loop
      vertex 2.42136 -17.2322 8.76777
      vertex 10 -17.0849 8.60697
      vertex 2.3083 -17.0849 8.60697
    endloop
  endfacet
  facet normal -0 0.737383 0.675475
    outer loop
      vertex -10 -17.0849 8.60697
      vertex -2.42136 -17.2322 8.76777
      vertex -2.3083 -17.0849 8.60697
    endloop
  endfacet
  facet normal 0 0.737383 0.675475
    outer loop
      vertex -2.42136 -17.2322 8.76777
      vertex -10 -17.0849 8.60697
      vertex -10 -17.2322 8.76777
    endloop
  endfacet
  facet normal 0 -0.843356 0.537356
    outer loop
      vertex -10 -21.1651 8.25
      vertex -2.18862 -21.0479 8.43394
      vertex -10 -21.0479 8.43394
    endloop
  endfacet
  facet normal 8.8892e-06 -0.843527 0.537087
    outer loop
      vertex -2.18862 -21.0479 8.43394
      vertex -10 -21.1651 8.25
      vertex -2.12132 -21.1213 8.31866
    endloop
  endfacet
  facet normal 0 -0.843064 0.537813
    outer loop
      vertex -2.12132 -21.1213 8.31866
      vertex -10 -21.1651 8.25
      vertex -2.07358 -21.1651 8.25
    endloop
  endfacet
  facet normal -8.8892e-06 -0.843527 0.537087
    outer loop
      vertex 10 -21.1651 8.25
      vertex 2.18862 -21.0479 8.43394
      vertex 2.12132 -21.1213 8.31866
    endloop
  endfacet
  facet normal 0 -0.843064 0.537813
    outer loop
      vertex 10 -21.1651 8.25
      vertex 2.12132 -21.1213 8.31866
      vertex 2.07358 -21.1651 8.25
    endloop
  endfacet
  facet normal 0 -0.843356 0.537356
    outer loop
      vertex 2.18862 -21.0479 8.43394
      vertex 10 -21.1651 8.25
      vertex 10 -21.0479 8.43394
    endloop
  endfacet
  facet normal 0 0.537374 0.843344
    outer loop
      vertex 10 -17.5661 9.04788
      vertex 2.72632 -17.75 9.16506
      vertex 10 -17.75 9.16506
    endloop
  endfacet
  facet normal 4.22115e-05 0.536186 0.8441
    outer loop
      vertex 10 -17.5661 9.04788
      vertex 2.71892 -17.7321 9.15369
      vertex 2.72632 -17.75 9.16506
    endloop
  endfacet
  facet normal 0 0.537503 0.843262
    outer loop
      vertex 2.71892 -17.7321 9.15369
      vertex 10 -17.5661 9.04788
      vertex 2.63246 -17.5661 9.04788
    endloop
  endfacet
  facet normal -0 0.537503 0.843262
    outer loop
      vertex -10 -17.5661 9.04788
      vertex -2.71892 -17.7321 9.15369
      vertex -2.63246 -17.5661 9.04788
    endloop
  endfacet
  facet normal -4.22115e-05 0.536186 0.8441
    outer loop
      vertex -10 -17.5661 9.04788
      vertex -2.72632 -17.75 9.16506
      vertex -2.71892 -17.7321 9.15369
    endloop
  endfacet
  facet normal 0 0.537374 0.843344
    outer loop
      vertex -2.72632 -17.75 9.16506
      vertex -10 -17.5661 9.04788
      vertex -10 -17.75 9.16506
    endloop
  endfacet
  facet normal 1.22614e-05 0.924156 0.382015
    outer loop
      vertex -10 -16.6508 7.85505
      vertex -1.96368 -16.7342 8.05655
      vertex -1.92836 -16.7019 7.97841
    endloop
  endfacet
  facet normal -0 0.923873 0.3827
    outer loop
      vertex -10 -16.6508 7.85505
      vertex -1.92836 -16.7019 7.97841
      vertex -1.86177 -16.6508 7.85505
    endloop
  endfacet
  facet normal 0 0.923983 0.382433
    outer loop
      vertex -1.96368 -16.7342 8.05655
      vertex -10 -16.6508 7.85505
      vertex -10 -16.7342 8.05655
    endloop
  endfacet
  facet normal 0 0.923983 0.382433
    outer loop
      vertex 10 -16.6508 7.85505
      vertex 1.96368 -16.7342 8.05655
      vertex 10 -16.7342 8.05655
    endloop
  endfacet
  facet normal -1.22614e-05 0.924156 0.382015
    outer loop
      vertex 1.96368 -16.7342 8.05655
      vertex 10 -16.6508 7.85505
      vertex 1.92836 -16.7019 7.97841
    endloop
  endfacet
  facet normal 0 0.923873 0.3827
    outer loop
      vertex 1.92836 -16.7019 7.97841
      vertex 10 -16.6508 7.85505
      vertex 1.86177 -16.6508 7.85505
    endloop
  endfacet
  facet normal 0 0.608605 0.793474
    outer loop
      vertex 10 -17.393 8.91511
      vertex 2.63246 -17.5661 9.04788
      vertex 10 -17.5661 9.04788
    endloop
  endfacet
  facet normal 2.669e-06 0.608533 0.793528
    outer loop
      vertex 10 -17.393 8.91511
      vertex 2.59808 -17.5 8.99719
      vertex 2.63246 -17.5661 9.04788
    endloop
  endfacet
  facet normal 0 0.608649 0.793439
    outer loop
      vertex 2.59808 -17.5 8.99719
      vertex 10 -17.393 8.91511
      vertex 2.52993 -17.393 8.91511
    endloop
  endfacet
  facet normal -0 0.608649 0.793439
    outer loop
      vertex -10 -17.393 8.91511
      vertex -2.59808 -17.5 8.99719
      vertex -2.52993 -17.393 8.91511
    endloop
  endfacet
  facet normal -2.669e-06 0.608533 0.793528
    outer loop
      vertex -10 -17.393 8.91511
      vertex -2.63246 -17.5661 9.04788
      vertex -2.59808 -17.5 8.99719
    endloop
  endfacet
  facet normal 0 0.608605 0.793474
    outer loop
      vertex -2.63246 -17.5661 9.04788
      vertex -10 -17.393 8.91511
      vertex -10 -17.5661 9.04788
    endloop
  endfacet
  facet normal -1.22614e-05 -0.924156 0.382015
    outer loop
      vertex 10 -21.3492 7.85505
      vertex 1.96368 -21.2658 8.05655
      vertex 1.92836 -21.2981 7.97841
    endloop
  endfacet
  facet normal 0 -0.923873 0.3827
    outer loop
      vertex 10 -21.3492 7.85505
      vertex 1.92836 -21.2981 7.97841
      vertex 1.86177 -21.3492 7.85505
    endloop
  endfacet
  facet normal 0 -0.923983 0.382433
    outer loop
      vertex 1.96368 -21.2658 8.05655
      vertex 10 -21.3492 7.85505
      vertex 10 -21.2658 8.05655
    endloop
  endfacet
  facet normal 0 -0.923983 0.382433
    outer loop
      vertex -10 -21.3492 7.85505
      vertex -1.96368 -21.2658 8.05655
      vertex -10 -21.2658 8.05655
    endloop
  endfacet
  facet normal 1.22614e-05 -0.924156 0.382015
    outer loop
      vertex -1.96368 -21.2658 8.05655
      vertex -10 -21.3492 7.85505
      vertex -1.92836 -21.2981 7.97841
    endloop
  endfacet
  facet normal 0 -0.923873 0.3827
    outer loop
      vertex -1.92836 -21.2981 7.97841
      vertex -10 -21.3492 7.85505
      vertex -1.86177 -21.3492 7.85505
    endloop
  endfacet
  facet normal 0 -0.976301 0.216416
    outer loop
      vertex -10 -21.462 7.43412
      vertex -1.7763 -21.4148 7.64705
      vertex -10 -21.4148 7.64705
    endloop
  endfacet
  facet normal -8.08046e-06 -0.976235 0.216713
    outer loop
      vertex -1.7763 -21.4148 7.64705
      vertex -10 -21.462 7.43412
      vertex -1.72073 -21.4575 7.4547
    endloop
  endfacet
  facet normal 0 -0.976919 0.213612
    outer loop
      vertex -1.72073 -21.4575 7.4547
      vertex -10 -21.462 7.43412
      vertex -1.71357 -21.462 7.43412
    endloop
  endfacet
  facet normal 8.08046e-06 -0.976235 0.216713
    outer loop
      vertex 10 -21.462 7.43412
      vertex 1.7763 -21.4148 7.64705
      vertex 1.72073 -21.4575 7.4547
    endloop
  endfacet
  facet normal 0 -0.976919 0.213612
    outer loop
      vertex 10 -21.462 7.43412
      vertex 1.72073 -21.4575 7.4547
      vertex 1.71357 -21.462 7.43412
    endloop
  endfacet
  facet normal 0 -0.976301 0.216416
    outer loop
      vertex 1.7763 -21.4148 7.64705
      vertex 10 -21.462 7.43412
      vertex 10 -21.4148 7.64705
    endloop
  endfacet
  facet normal 0 -0.7934 -0.608701
    outer loop
      vertex -10 -21.0479 5.56606
      vertex -2.29813 -20.9284 5.4103
      vertex -2.18862 -21.0479 5.56606
    endloop
  endfacet
  facet normal -0 -0.793288 -0.608846
    outer loop
      vertex -2.3083 -20.9151 5.39303
      vertex -10 -21.0479 5.56606
      vertex -10 -20.9151 5.39303
    endloop
  endfacet
  facet normal -4.61678e-05 -0.792296 -0.610137
    outer loop
      vertex -10 -21.0479 5.56606
      vertex -2.3083 -20.9151 5.39303
      vertex -2.29813 -20.9284 5.4103
    endloop
  endfacet
  facet normal 0 -0.7934 -0.608701
    outer loop
      vertex 2.29813 -20.9284 5.4103
      vertex 10 -21.0479 5.56606
      vertex 2.18862 -21.0479 5.56606
    endloop
  endfacet
  facet normal 4.61678e-05 -0.792296 -0.610137
    outer loop
      vertex 2.3083 -20.9151 5.39303
      vertex 10 -21.0479 5.56606
      vertex 2.29813 -20.9284 5.4103
    endloop
  endfacet
  facet normal 0 -0.793288 -0.608846
    outer loop
      vertex 10 -21.0479 5.56606
      vertex 2.3083 -20.9151 5.39303
      vertex 10 -20.9151 5.39303
    endloop
  endfacet
  facet normal -0 0.991425 0.130674
    outer loop
      vertex -10 -16.5095 7.21789
      vertex -1.71357 -16.538 7.43412
      vertex -1.66888 -16.5095 7.21789
    endloop
  endfacet
  facet normal 0 0.991425 0.130674
    outer loop
      vertex -1.71357 -16.538 7.43412
      vertex -10 -16.5095 7.21789
      vertex -10 -16.538 7.43412
    endloop
  endfacet
  facet normal 0 0.991425 0.130674
    outer loop
      vertex 10 -16.5095 7.21789
      vertex 1.71357 -16.538 7.43412
      vertex 10 -16.538 7.43412
    endloop
  endfacet
  facet normal 0 0.991425 0.130674
    outer loop
      vertex 1.71357 -16.538 7.43412
      vertex 10 -16.5095 7.21789
      vertex 1.66888 -16.5095 7.21789
    endloop
  endfacet
  facet normal 0 0.737383 -0.675475
    outer loop
      vertex 2.42136 -17.2322 5.23223
      vertex 10 -17.0849 5.39303
      vertex 10 -17.2322 5.23223
    endloop
  endfacet
  facet normal 0 0.737383 -0.675475
    outer loop
      vertex 10 -17.0849 5.39303
      vertex 2.42136 -17.2322 5.23223
      vertex 2.3083 -17.0849 5.39303
    endloop
  endfacet
  facet normal 0 0.737383 -0.675475
    outer loop
      vertex -2.42136 -17.2322 5.23223
      vertex -10 -17.0849 5.39303
      vertex -2.3083 -17.0849 5.39303
    endloop
  endfacet
  facet normal 0 0.737383 -0.675475
    outer loop
      vertex -10 -17.0849 5.39303
      vertex -2.42136 -17.2322 5.23223
      vertex -10 -17.2322 5.23223
    endloop
  endfacet
  facet normal 0 0.976919 -0.213612
    outer loop
      vertex -1.72073 -16.5425 6.5453
      vertex -10 -16.538 6.56588
      vertex -1.71357 -16.538 6.56588
    endloop
  endfacet
  facet normal -8.08046e-06 0.976235 -0.216713
    outer loop
      vertex -1.7763 -16.5852 6.35295
      vertex -10 -16.538 6.56588
      vertex -1.72073 -16.5425 6.5453
    endloop
  endfacet
  facet normal 0 0.976301 -0.216416
    outer loop
      vertex -10 -16.538 6.56588
      vertex -1.7763 -16.5852 6.35295
      vertex -10 -16.5852 6.35295
    endloop
  endfacet
  facet normal 0 0.976919 -0.213612
    outer loop
      vertex 10 -16.538 6.56588
      vertex 1.72073 -16.5425 6.5453
      vertex 1.71357 -16.538 6.56588
    endloop
  endfacet
  facet normal 0 0.976301 -0.216416
    outer loop
      vertex 1.7763 -16.5852 6.35295
      vertex 10 -16.538 6.56588
      vertex 10 -16.5852 6.35295
    endloop
  endfacet
  facet normal 8.08046e-06 0.976235 -0.216713
    outer loop
      vertex 10 -16.538 6.56588
      vertex 1.7763 -16.5852 6.35295
      vertex 1.72073 -16.5425 6.5453
    endloop
  endfacet
  facet normal 0 -0.976919 -0.213612
    outer loop
      vertex -10 -21.462 6.56588
      vertex -1.72073 -21.4575 6.5453
      vertex -1.71357 -21.462 6.56588
    endloop
  endfacet
  facet normal -0 -0.976301 -0.216416
    outer loop
      vertex -1.7763 -21.4148 6.35295
      vertex -10 -21.462 6.56588
      vertex -10 -21.4148 6.35295
    endloop
  endfacet
  facet normal -8.08046e-06 -0.976235 -0.216713
    outer loop
      vertex -10 -21.462 6.56588
      vertex -1.7763 -21.4148 6.35295
      vertex -1.72073 -21.4575 6.5453
    endloop
  endfacet
  facet normal 0 -0.976919 -0.213612
    outer loop
      vertex 1.72073 -21.4575 6.5453
      vertex 10 -21.462 6.56588
      vertex 1.71357 -21.462 6.56588
    endloop
  endfacet
  facet normal 8.08046e-06 -0.976235 -0.216713
    outer loop
      vertex 1.7763 -21.4148 6.35295
      vertex 10 -21.462 6.56588
      vertex 1.72073 -21.4575 6.5453
    endloop
  endfacet
  facet normal 0 -0.976301 -0.216416
    outer loop
      vertex 10 -21.462 6.56588
      vertex 1.7763 -21.4148 6.35295
      vertex 10 -21.4148 6.35295
    endloop
  endfacet
  facet normal 0 -0.608605 0.793474
    outer loop
      vertex -10 -20.607 8.91511
      vertex -2.63246 -20.4339 9.04788
      vertex -10 -20.4339 9.04788
    endloop
  endfacet
  facet normal -2.669e-06 -0.608533 0.793528
    outer loop
      vertex -2.63246 -20.4339 9.04788
      vertex -10 -20.607 8.91511
      vertex -2.59808 -20.5 8.99719
    endloop
  endfacet
  facet normal 0 -0.608649 0.793439
    outer loop
      vertex -2.59808 -20.5 8.99719
      vertex -10 -20.607 8.91511
      vertex -2.52993 -20.607 8.91511
    endloop
  endfacet
  facet normal 0 -0.608605 0.793474
    outer loop
      vertex 2.63246 -20.4339 9.04788
      vertex 10 -20.607 8.91511
      vertex 10 -20.4339 9.04788
    endloop
  endfacet
  facet normal 2.669e-06 -0.608533 0.793528
    outer loop
      vertex 2.59808 -20.5 8.99719
      vertex 10 -20.607 8.91511
      vertex 2.63246 -20.4339 9.04788
    endloop
  endfacet
  facet normal 0 -0.608649 0.793439
    outer loop
      vertex 10 -20.607 8.91511
      vertex 2.59808 -20.5 8.99719
      vertex 2.52993 -20.607 8.91511
    endloop
  endfacet
  facet normal 8.8892e-06 0.843527 0.537087
    outer loop
      vertex -10 -16.8349 8.25
      vertex -2.18862 -16.9521 8.43394
      vertex -2.12132 -16.8787 8.31866
    endloop
  endfacet
  facet normal -0 0.843064 0.537813
    outer loop
      vertex -10 -16.8349 8.25
      vertex -2.12132 -16.8787 8.31866
      vertex -2.07358 -16.8349 8.25
    endloop
  endfacet
  facet normal 0 0.843356 0.537356
    outer loop
      vertex -2.18862 -16.9521 8.43394
      vertex -10 -16.8349 8.25
      vertex -10 -16.9521 8.43394
    endloop
  endfacet
  facet normal 0 0.843356 0.537356
    outer loop
      vertex 10 -16.8349 8.25
      vertex 2.18862 -16.9521 8.43394
      vertex 10 -16.9521 8.43394
    endloop
  endfacet
  facet normal -8.8892e-06 0.843527 0.537087
    outer loop
      vertex 2.18862 -16.9521 8.43394
      vertex 10 -16.8349 8.25
      vertex 2.12132 -16.8787 8.31866
    endloop
  endfacet
  facet normal 0 0.843064 0.537813
    outer loop
      vertex 2.12132 -16.8787 8.31866
      vertex 10 -16.8349 8.25
      vertex 2.07358 -16.8349 8.25
    endloop
  endfacet
  facet normal 0 -0.130557 0.991441
    outer loop
      vertex -10 -19.4341 9.46202
      vertex -2.99049 -19.2179 9.49049
      vertex -10 -19.2179 9.49049
    endloop
  endfacet
  facet normal -9.84876e-07 -0.130525 0.991445
    outer loop
      vertex -2.99049 -19.2179 9.49049
      vertex -10 -19.4341 9.46202
      vertex -2.98858 -19.2615 9.48475
    endloop
  endfacet
  facet normal 0 -0.130564 0.99144
    outer loop
      vertex -2.98858 -19.2615 9.48475
      vertex -10 -19.4341 9.46202
      vertex -2.96585 -19.4341 9.46202
    endloop
  endfacet
  facet normal 0 -0.130557 0.991441
    outer loop
      vertex 2.99049 -19.2179 9.49049
      vertex 10 -19.4341 9.46202
      vertex 10 -19.2179 9.49049
    endloop
  endfacet
  facet normal 9.84876e-07 -0.130525 0.991445
    outer loop
      vertex 2.98858 -19.2615 9.48475
      vertex 10 -19.4341 9.46202
      vertex 2.99049 -19.2179 9.49049
    endloop
  endfacet
  facet normal 0 -0.130564 0.99144
    outer loop
      vertex 10 -19.4341 9.46202
      vertex 2.98858 -19.2615 9.48475
      vertex 2.96585 -19.4341 9.46202
    endloop
  endfacet
  facet normal 1 0 0
    outer loop
      vertex 10 -16.5095 7.21789
      vertex 10 -16.5095 6.78211
      vertex 10 -16.5 7
    endloop
  endfacet
  facet normal 1 0 0
    outer loop
      vertex 10 -16.538 7.43412
      vertex 10 -16.5095 6.78211
      vertex 10 -16.5095 7.21789
    endloop
  endfacet
  facet normal 1 0 0
    outer loop
      vertex 10 -16.538 7.43412
      vertex 10 -16.538 6.56588
      vertex 10 -16.5095 6.78211
    endloop
  endfacet
  facet normal 1 0 0
    outer loop
      vertex 10 -16.5852 7.64705
      vertex 10 -16.538 6.56588
      vertex 10 -16.538 7.43412
    endloop
  endfacet
  facet normal 1 0 0
    outer loop
      vertex 10 -16.5852 7.64705
      vertex 10 -16.5852 6.35295
      vertex 10 -16.538 6.56588
    endloop
  endfacet
  facet normal 1 0 0
    outer loop
      vertex 10 -16.6508 7.85505
      vertex 10 -16.5852 6.35295
      vertex 10 -16.5852 7.64705
    endloop
  endfacet
  facet normal 1 0 0
    outer loop
      vertex 10 -16.6508 7.85505
      vertex 10 -16.6508 6.14495
      vertex 10 -16.5852 6.35295
    endloop
  endfacet
  facet normal 1 0 0
    outer loop
      vertex 10 -16.7342 8.05655
      vertex 10 -16.6508 6.14495
      vertex 10 -16.6508 7.85505
    endloop
  endfacet
  facet normal 1 0 0
    outer loop
      vertex 10 -16.7342 8.05655
      vertex 10 -16.7342 5.94345
      vertex 10 -16.6508 6.14495
    endloop
  endfacet
  facet normal 1 0 0
    outer loop
      vertex 10 -16.8349 8.25
      vertex 10 -16.7342 5.94345
      vertex 10 -16.7342 8.05655
    endloop
  endfacet
  facet normal 1 0 0
    outer loop
      vertex 10 -16.8349 8.25
      vertex 10 -16.8349 5.75
      vertex 10 -16.7342 5.94345
    endloop
  endfacet
  facet normal 1 0 0
    outer loop
      vertex 10 -16.9521 8.43394
      vertex 10 -16.8349 5.75
      vertex 10 -16.8349 8.25
    endloop
  endfacet
  facet normal 1 0 0
    outer loop
      vertex 10 -16.9521 8.43394
      vertex 10 -16.9521 5.56606
      vertex 10 -16.8349 5.75
    endloop
  endfacet
  facet normal 1 0 0
    outer loop
      vertex 10 -17.0849 8.60697
      vertex 10 -16.9521 5.56606
      vertex 10 -16.9521 8.43394
    endloop
  endfacet
  facet normal 1 0 0
    outer loop
      vertex 10 -17.0849 8.60697
      vertex 10 -17.0849 5.39303
      vertex 10 -16.9521 5.56606
    endloop
  endfacet
  facet normal 1 0 0
    outer loop
      vertex 10 -17.2322 8.76777
      vertex 10 -17.0849 5.39303
      vertex 10 -17.0849 8.60697
    endloop
  endfacet
  facet normal 1 0 0
    outer loop
      vertex 10 -17.2322 8.76777
      vertex 10 -17.2322 5.23223
      vertex 10 -17.0849 5.39303
    endloop
  endfacet
  facet normal 1 0 0
    outer loop
      vertex 10 -17.393 8.91511
      vertex 10 -17.2322 5.23223
      vertex 10 -17.2322 8.76777
    endloop
  endfacet
  facet normal 1 0 0
    outer loop
      vertex 10 -17.393 8.91511
      vertex 10 -17.393 5.08489
      vertex 10 -17.2322 5.23223
    endloop
  endfacet
  facet normal 1 0 0
    outer loop
      vertex 10 -17.5661 9.04788
      vertex 10 -17.393 5.08489
      vertex 10 -17.393 8.91511
    endloop
  endfacet
  facet normal 1 0 0
    outer loop
      vertex 10 -17.5661 9.04788
      vertex 10 -17.5661 4.95212
      vertex 10 -17.393 5.08489
    endloop
  endfacet
  facet normal 1 0 0
    outer loop
      vertex 10 -17.75 9.16506
      vertex 10 -17.5661 4.95212
      vertex 10 -17.5661 9.04788
    endloop
  endfacet
  facet normal 1 0 0
    outer loop
      vertex 10 -17.75 9.16506
      vertex 10 -17.75 4.83494
      vertex 10 -17.5661 4.95212
    endloop
  endfacet
  facet normal 1 0 0
    outer loop
      vertex 10 -17.9435 9.26577
      vertex 10 -17.75 4.83494
      vertex 10 -17.75 9.16506
    endloop
  endfacet
  facet normal 1 0 0
    outer loop
      vertex 10 -17.9435 9.26577
      vertex 10 -17.9435 4.73423
      vertex 10 -17.75 4.83494
    endloop
  endfacet
  facet normal 1 0 0
    outer loop
      vertex 10 -18.1449 9.34923
      vertex 10 -17.9435 4.73423
      vertex 10 -17.9435 9.26577
    endloop
  endfacet
  facet normal 1 0 0
    outer loop
      vertex 10 -18.1449 9.34923
      vertex 10 -18.1449 4.65077
      vertex 10 -17.9435 4.73423
    endloop
  endfacet
  facet normal 1 0 0
    outer loop
      vertex 10 -18.353 9.41481
      vertex 10 -18.1449 4.65077
      vertex 10 -18.1449 9.34923
    endloop
  endfacet
  facet normal 1 0 0
    outer loop
      vertex 10 -18.353 9.41481
      vertex 10 -18.353 4.58519
      vertex 10 -18.1449 4.65077
    endloop
  endfacet
  facet normal 1 0 0
    outer loop
      vertex 10 -18.5659 9.46202
      vertex 10 -18.353 4.58519
      vertex 10 -18.353 9.41481
    endloop
  endfacet
  facet normal 1 0 0
    outer loop
      vertex 10 -18.5659 9.46202
      vertex 10 -18.5659 4.53798
      vertex 10 -18.353 4.58519
    endloop
  endfacet
  facet normal 1 0 0
    outer loop
      vertex 10 -18.7821 9.49049
      vertex 10 -18.5659 4.53798
      vertex 10 -18.5659 9.46202
    endloop
  endfacet
  facet normal 1 0 0
    outer loop
      vertex 10 -18.7821 9.49049
      vertex 10 -18.7821 4.50951
      vertex 10 -18.5659 4.53798
    endloop
  endfacet
  facet normal 1 0 0
    outer loop
      vertex 10 -19 9.5
      vertex 10 -18.7821 4.50951
      vertex 10 -18.7821 9.49049
    endloop
  endfacet
  facet normal 1 0 0
    outer loop
      vertex 10 -19 9.5
      vertex 10 -19 4.5
      vertex 10 -18.7821 4.50951
    endloop
  endfacet
  facet normal 1 -0 0
    outer loop
      vertex 10 -19.2179 9.49049
      vertex 10 -19 4.5
      vertex 10 -19 9.5
    endloop
  endfacet
  facet normal 1 0 0
    outer loop
      vertex 10 -19.2179 9.49049
      vertex 10 -19.2179 4.50951
      vertex 10 -19 4.5
    endloop
  endfacet
  facet normal 1 -0 0
    outer loop
      vertex 10 -19.4341 9.46202
      vertex 10 -19.2179 4.50951
      vertex 10 -19.2179 9.49049
    endloop
  endfacet
  facet normal 1 0 0
    outer loop
      vertex 10 -19.4341 9.46202
      vertex 10 -19.4341 4.53798
      vertex 10 -19.2179 4.50951
    endloop
  endfacet
  facet normal 1 -0 0
    outer loop
      vertex 10 -19.647 9.41481
      vertex 10 -19.4341 4.53798
      vertex 10 -19.4341 9.46202
    endloop
  endfacet
  facet normal 1 0 0
    outer loop
      vertex 10 -19.647 9.41481
      vertex 10 -19.647 4.58519
      vertex 10 -19.4341 4.53798
    endloop
  endfacet
  facet normal 1 -0 0
    outer loop
      vertex 10 -19.855 9.34923
      vertex 10 -19.647 4.58519
      vertex 10 -19.647 9.41481
    endloop
  endfacet
  facet normal 1 0 0
    outer loop
      vertex 10 -19.855 9.34923
      vertex 10 -19.855 4.65077
      vertex 10 -19.647 4.58519
    endloop
  endfacet
  facet normal 1 -0 0
    outer loop
      vertex 10 -20.0565 9.26577
      vertex 10 -19.855 4.65077
      vertex 10 -19.855 9.34923
    endloop
  endfacet
  facet normal 1 0 0
    outer loop
      vertex 10 -20.0565 9.26577
      vertex 10 -20.0565 4.73423
      vertex 10 -19.855 4.65077
    endloop
  endfacet
  facet normal 1 -0 0
    outer loop
      vertex 10 -20.25 9.16506
      vertex 10 -20.0565 4.73423
      vertex 10 -20.0565 9.26577
    endloop
  endfacet
  facet normal 1 0 0
    outer loop
      vertex 10 -20.25 9.16506
      vertex 10 -20.25 4.83494
      vertex 10 -20.0565 4.73423
    endloop
  endfacet
  facet normal 1 -0 0
    outer loop
      vertex 10 -20.4339 9.04788
      vertex 10 -20.25 4.83494
      vertex 10 -20.25 9.16506
    endloop
  endfacet
  facet normal 1 0 0
    outer loop
      vertex 10 -20.4339 9.04788
      vertex 10 -20.4339 4.95212
      vertex 10 -20.25 4.83494
    endloop
  endfacet
  facet normal 1 -0 0
    outer loop
      vertex 10 -20.607 8.91511
      vertex 10 -20.4339 4.95212
      vertex 10 -20.4339 9.04788
    endloop
  endfacet
  facet normal 1 0 0
    outer loop
      vertex 10 -20.607 8.91511
      vertex 10 -20.607 5.08489
      vertex 10 -20.4339 4.95212
    endloop
  endfacet
  facet normal 1 -0 0
    outer loop
      vertex 10 -20.7678 8.76777
      vertex 10 -20.607 5.08489
      vertex 10 -20.607 8.91511
    endloop
  endfacet
  facet normal 1 0 0
    outer loop
      vertex 10 -20.7678 8.76777
      vertex 10 -20.7678 5.23223
      vertex 10 -20.607 5.08489
    endloop
  endfacet
  facet normal 1 -0 0
    outer loop
      vertex 10 -20.9151 8.60697
      vertex 10 -20.7678 5.23223
      vertex 10 -20.7678 8.76777
    endloop
  endfacet
  facet normal 1 0 0
    outer loop
      vertex 10 -20.9151 8.60697
      vertex 10 -20.9151 5.39303
      vertex 10 -20.7678 5.23223
    endloop
  endfacet
  facet normal 1 -0 0
    outer loop
      vertex 10 -21.0479 8.43394
      vertex 10 -20.9151 5.39303
      vertex 10 -20.9151 8.60697
    endloop
  endfacet
  facet normal 1 0 0
    outer loop
      vertex 10 -21.0479 8.43394
      vertex 10 -21.0479 5.56606
      vertex 10 -20.9151 5.39303
    endloop
  endfacet
  facet normal 1 -0 0
    outer loop
      vertex 10 -21.1651 8.25
      vertex 10 -21.0479 5.56606
      vertex 10 -21.0479 8.43394
    endloop
  endfacet
  facet normal 1 0 0
    outer loop
      vertex 10 -21.1651 8.25
      vertex 10 -21.1651 5.75
      vertex 10 -21.0479 5.56606
    endloop
  endfacet
  facet normal 1 -0 0
    outer loop
      vertex 10 -21.2658 8.05655
      vertex 10 -21.1651 5.75
      vertex 10 -21.1651 8.25
    endloop
  endfacet
  facet normal 1 0 0
    outer loop
      vertex 10 -21.2658 8.05655
      vertex 10 -21.2658 5.94345
      vertex 10 -21.1651 5.75
    endloop
  endfacet
  facet normal 1 -0 0
    outer loop
      vertex 10 -21.3492 7.85505
      vertex 10 -21.2658 5.94345
      vertex 10 -21.2658 8.05655
    endloop
  endfacet
  facet normal 1 0 0
    outer loop
      vertex 10 -21.3492 7.85505
      vertex 10 -21.3492 6.14495
      vertex 10 -21.2658 5.94345
    endloop
  endfacet
  facet normal 1 -0 0
    outer loop
      vertex 10 -21.4148 7.64705
      vertex 10 -21.3492 6.14495
      vertex 10 -21.3492 7.85505
    endloop
  endfacet
  facet normal 1 0 0
    outer loop
      vertex 10 -21.4148 7.64705
      vertex 10 -21.4148 6.35295
      vertex 10 -21.3492 6.14495
    endloop
  endfacet
  facet normal 1 -0 0
    outer loop
      vertex 10 -21.462 7.43412
      vertex 10 -21.4148 6.35295
      vertex 10 -21.4148 7.64705
    endloop
  endfacet
  facet normal 1 0 0
    outer loop
      vertex 10 -21.462 7.43412
      vertex 10 -21.462 6.56588
      vertex 10 -21.4148 6.35295
    endloop
  endfacet
  facet normal 1 -0 0
    outer loop
      vertex 10 -21.4905 7.21789
      vertex 10 -21.462 6.56588
      vertex 10 -21.462 7.43412
    endloop
  endfacet
  facet normal 1 0 0
    outer loop
      vertex 10 -21.4905 7.21789
      vertex 10 -21.4905 6.78211
      vertex 10 -21.462 6.56588
    endloop
  endfacet
  facet normal 1 0 -0
    outer loop
      vertex 10 -21.4905 6.78211
      vertex 10 -21.4905 7.21789
      vertex 10 -21.5 7
    endloop
  endfacet
  facet normal 0 -0.461677 -0.887048
    outer loop
      vertex 10 -20.25 4.83494
      vertex 2.80645 -20.0565 4.73423
      vertex 10 -20.0565 4.73423
    endloop
  endfacet
  facet normal 0 -0.461677 -0.887048
    outer loop
      vertex 2.80645 -20.0565 4.73423
      vertex 10 -20.25 4.83494
      vertex 2.72632 -20.25 4.83494
    endloop
  endfacet
  facet normal 0 -0.461677 -0.887048
    outer loop
      vertex -10 -20.25 4.83494
      vertex -2.80645 -20.0565 4.73423
      vertex -2.72632 -20.25 4.83494
    endloop
  endfacet
  facet normal -0 -0.461677 -0.887048
    outer loop
      vertex -2.80645 -20.0565 4.73423
      vertex -10 -20.25 4.83494
      vertex -10 -20.0565 4.73423
    endloop
  endfacet
  facet normal 0 -0.382668 -0.923886
    outer loop
      vertex 10 -20.0565 4.73423
      vertex 2.873 -19.855 4.65077
      vertex 10 -19.855 4.65077
    endloop
  endfacet
  facet normal 5.82856e-06 -0.382492 -0.923959
    outer loop
      vertex 10 -20.0565 4.73423
      vertex 2.81908 -20.0261 4.7216
      vertex 2.873 -19.855 4.65077
    endloop
  endfacet
  facet normal 0 -0.383666 -0.923472
    outer loop
      vertex 2.81908 -20.0261 4.7216
      vertex 10 -20.0565 4.73423
      vertex 2.80645 -20.0565 4.73423
    endloop
  endfacet
  facet normal 0 -0.383666 -0.923472
    outer loop
      vertex -10 -20.0565 4.73423
      vertex -2.81908 -20.0261 4.7216
      vertex -2.80645 -20.0565 4.73423
    endloop
  endfacet
  facet normal -5.82856e-06 -0.382492 -0.923959
    outer loop
      vertex -10 -20.0565 4.73423
      vertex -2.873 -19.855 4.65077
      vertex -2.81908 -20.0261 4.7216
    endloop
  endfacet
  facet normal -0 -0.382668 -0.923886
    outer loop
      vertex -2.873 -19.855 4.65077
      vertex -10 -20.0565 4.73423
      vertex -10 -19.855 4.65077
    endloop
  endfacet
  facet normal 0 -0.382668 0.923886
    outer loop
      vertex 2.873 -19.855 9.34923
      vertex 10 -20.0565 9.26577
      vertex 10 -19.855 9.34923
    endloop
  endfacet
  facet normal 5.82856e-06 -0.382492 0.923959
    outer loop
      vertex 2.81908 -20.0261 9.2784
      vertex 10 -20.0565 9.26577
      vertex 2.873 -19.855 9.34923
    endloop
  endfacet
  facet normal 0 -0.383666 0.923472
    outer loop
      vertex 10 -20.0565 9.26577
      vertex 2.81908 -20.0261 9.2784
      vertex 2.80645 -20.0565 9.26577
    endloop
  endfacet
  facet normal 0 -0.382668 0.923886
    outer loop
      vertex -10 -20.0565 9.26577
      vertex -2.873 -19.855 9.34923
      vertex -10 -19.855 9.34923
    endloop
  endfacet
  facet normal -5.82856e-06 -0.382492 0.923959
    outer loop
      vertex -2.873 -19.855 9.34923
      vertex -10 -20.0565 9.26577
      vertex -2.81908 -20.0261 9.2784
    endloop
  endfacet
  facet normal 0 -0.383666 0.923472
    outer loop
      vertex -2.81908 -20.0261 9.2784
      vertex -10 -20.0565 9.26577
      vertex -2.80645 -20.0565 9.26577
    endloop
  endfacet
  facet normal 0 0.537374 -0.843344
    outer loop
      vertex 2.72632 -17.75 4.83494
      vertex 10 -17.5661 4.95212
      vertex 10 -17.75 4.83494
    endloop
  endfacet
  facet normal 4.22115e-05 0.536186 -0.8441
    outer loop
      vertex 2.71892 -17.7321 4.84631
      vertex 10 -17.5661 4.95212
      vertex 2.72632 -17.75 4.83494
    endloop
  endfacet
  facet normal 0 0.537503 -0.843262
    outer loop
      vertex 10 -17.5661 4.95212
      vertex 2.71892 -17.7321 4.84631
      vertex 2.63246 -17.5661 4.95212
    endloop
  endfacet
  facet normal 0 0.537374 -0.843344
    outer loop
      vertex -10 -17.5661 4.95212
      vertex -2.72632 -17.75 4.83494
      vertex -10 -17.75 4.83494
    endloop
  endfacet
  facet normal -4.22115e-05 0.536186 -0.8441
    outer loop
      vertex -2.72632 -17.75 4.83494
      vertex -10 -17.5661 4.95212
      vertex -2.71892 -17.7321 4.84631
    endloop
  endfacet
  facet normal 0 0.537503 -0.843262
    outer loop
      vertex -2.71892 -17.7321 4.84631
      vertex -10 -17.5661 4.95212
      vertex -2.63246 -17.5661 4.95212
    endloop
  endfacet
  facet normal 0 -0.461677 0.887048
    outer loop
      vertex -10 -20.25 9.16506
      vertex -2.80645 -20.0565 9.26577
      vertex -10 -20.0565 9.26577
    endloop
  endfacet
  facet normal 0 -0.461677 0.887048
    outer loop
      vertex -2.80645 -20.0565 9.26577
      vertex -10 -20.25 9.16506
      vertex -2.72632 -20.25 9.16506
    endloop
  endfacet
  facet normal 0 -0.461677 0.887048
    outer loop
      vertex 2.80645 -20.0565 9.26577
      vertex 10 -20.25 9.16506
      vertex 10 -20.0565 9.26577
    endloop
  endfacet
  facet normal 0 -0.461677 0.887048
    outer loop
      vertex 10 -20.25 9.16506
      vertex 2.80645 -20.0565 9.26577
      vertex 2.72632 -20.25 9.16506
    endloop
  endfacet
  facet normal 0 -0.537503 -0.843262
    outer loop
      vertex -10 -20.4339 4.95212
      vertex -2.71892 -20.2679 4.84631
      vertex -2.63246 -20.4339 4.95212
    endloop
  endfacet
  facet normal -4.22115e-05 -0.536186 -0.8441
    outer loop
      vertex -10 -20.4339 4.95212
      vertex -2.72632 -20.25 4.83494
      vertex -2.71892 -20.2679 4.84631
    endloop
  endfacet
  facet normal -0 -0.537374 -0.843344
    outer loop
      vertex -2.72632 -20.25 4.83494
      vertex -10 -20.4339 4.95212
      vertex -10 -20.25 4.83494
    endloop
  endfacet
  facet normal 0 -0.537374 -0.843344
    outer loop
      vertex 10 -20.4339 4.95212
      vertex 2.72632 -20.25 4.83494
      vertex 10 -20.25 4.83494
    endloop
  endfacet
  facet normal 4.22115e-05 -0.536186 -0.8441
    outer loop
      vertex 10 -20.4339 4.95212
      vertex 2.71892 -20.2679 4.84631
      vertex 2.72632 -20.25 4.83494
    endloop
  endfacet
  facet normal 0 -0.537503 -0.843262
    outer loop
      vertex 2.71892 -20.2679 4.84631
      vertex 10 -20.4339 4.95212
      vertex 2.63246 -20.4339 4.95212
    endloop
  endfacet
  facet normal 0 -0.300697 0.95372
    outer loop
      vertex 2.92647 -19.647 9.41481
      vertex 10 -19.855 9.34923
      vertex 10 -19.647 9.41481
    endloop
  endfacet
  facet normal 6.42414e-06 -0.300498 0.953782
    outer loop
      vertex 2.89778 -19.7765 9.37401
      vertex 10 -19.855 9.34923
      vertex 2.92647 -19.647 9.41481
    endloop
  endfacet
  facet normal 0 -0.301027 0.953616
    outer loop
      vertex 10 -19.855 9.34923
      vertex 2.89778 -19.7765 9.37401
      vertex 2.873 -19.855 9.34923
    endloop
  endfacet
  facet normal 0 -0.300697 0.95372
    outer loop
      vertex -10 -19.855 9.34923
      vertex -2.92647 -19.647 9.41481
      vertex -10 -19.647 9.41481
    endloop
  endfacet
  facet normal -6.42414e-06 -0.300498 0.953782
    outer loop
      vertex -2.92647 -19.647 9.41481
      vertex -10 -19.855 9.34923
      vertex -2.89778 -19.7765 9.37401
    endloop
  endfacet
  facet normal 0 -0.301027 0.953616
    outer loop
      vertex -2.89778 -19.7765 9.37401
      vertex -10 -19.855 9.34923
      vertex -2.873 -19.855 9.34923
    endloop
  endfacet
  facet normal 0 0.130557 0.991441
    outer loop
      vertex 10 -18.5659 9.46202
      vertex 2.99049 -18.7821 9.49049
      vertex 10 -18.7821 9.49049
    endloop
  endfacet
  facet normal 9.84876e-07 0.130525 0.991445
    outer loop
      vertex 10 -18.5659 9.46202
      vertex 2.98858 -18.7385 9.48475
      vertex 2.99049 -18.7821 9.49049
    endloop
  endfacet
  facet normal 0 0.130564 0.99144
    outer loop
      vertex 2.98858 -18.7385 9.48475
      vertex 10 -18.5659 9.46202
      vertex 2.96585 -18.5659 9.46202
    endloop
  endfacet
  facet normal -0 0.130564 0.99144
    outer loop
      vertex -10 -18.5659 9.46202
      vertex -2.98858 -18.7385 9.48475
      vertex -2.96585 -18.5659 9.46202
    endloop
  endfacet
  facet normal -9.84876e-07 0.130525 0.991445
    outer loop
      vertex -10 -18.5659 9.46202
      vertex -2.99049 -18.7821 9.49049
      vertex -2.98858 -18.7385 9.48475
    endloop
  endfacet
  facet normal 0 0.130557 0.991441
    outer loop
      vertex -2.99049 -18.7821 9.49049
      vertex -10 -18.5659 9.46202
      vertex -10 -18.7821 9.49049
    endloop
  endfacet
  facet normal 0 0.0436024 0.999049
    outer loop
      vertex 10 -18.7821 9.49049
      vertex 3 -19 9.5
      vertex 10 -19 9.5
    endloop
  endfacet
  facet normal 0 0.0436024 0.999049
    outer loop
      vertex 3 -19 9.5
      vertex 10 -18.7821 9.49049
      vertex 2.99049 -18.7821 9.49049
    endloop
  endfacet
  facet normal -0 0.0436024 0.999049
    outer loop
      vertex -10 -18.7821 9.49049
      vertex -3 -19 9.5
      vertex -2.99049 -18.7821 9.49049
    endloop
  endfacet
  facet normal 0 0.0436024 0.999049
    outer loop
      vertex -3 -19 9.5
      vertex -10 -18.7821 9.49049
      vertex -10 -19 9.5
    endloop
  endfacet
  facet normal 0 -0.737383 -0.675475
    outer loop
      vertex 2.42136 -20.7678 5.23223
      vertex 10 -20.9151 5.39303
      vertex 2.3083 -20.9151 5.39303
    endloop
  endfacet
  facet normal 0 -0.737383 -0.675475
    outer loop
      vertex 10 -20.9151 5.39303
      vertex 2.42136 -20.7678 5.23223
      vertex 10 -20.7678 5.23223
    endloop
  endfacet
  facet normal -0 -0.737383 -0.675475
    outer loop
      vertex -2.42136 -20.7678 5.23223
      vertex -10 -20.9151 5.39303
      vertex -10 -20.7678 5.23223
    endloop
  endfacet
  facet normal 0 -0.737383 -0.675475
    outer loop
      vertex -10 -20.9151 5.39303
      vertex -2.42136 -20.7678 5.23223
      vertex -2.3083 -20.9151 5.39303
    endloop
  endfacet
  facet normal 0 0.216489 -0.976285
    outer loop
      vertex -10 19.647 4.58519
      vertex -2.96585 19.4341 4.53798
      vertex -10 19.4341 4.53798
    endloop
  endfacet
  facet normal 7.91538e-07 0.216514 -0.97628
    outer loop
      vertex -2.96585 19.4341 4.53798
      vertex -10 19.647 4.58519
      vertex -2.95442 19.5209 4.55723
    endloop
  endfacet
  facet normal 0 0.216471 -0.976289
    outer loop
      vertex -2.95442 19.5209 4.55723
      vertex -10 19.647 4.58519
      vertex -2.92647 19.647 4.58519
    endloop
  endfacet
  facet normal 0 0.216489 -0.976285
    outer loop
      vertex 2.96585 19.4341 4.53798
      vertex 10 19.647 4.58519
      vertex 10 19.4341 4.53798
    endloop
  endfacet
  facet normal -7.91538e-07 0.216514 -0.97628
    outer loop
      vertex 2.95442 19.5209 4.55723
      vertex 10 19.647 4.58519
      vertex 2.96585 19.4341 4.53798
    endloop
  endfacet
  facet normal 0 0.216471 -0.976289
    outer loop
      vertex 10 19.647 4.58519
      vertex 2.95442 19.5209 4.55723
      vertex 2.92647 19.647 4.58519
    endloop
  endfacet
  facet normal 0 -0.675575 -0.737291
    outer loop
      vertex 10 17.2322 5.23223
      vertex 2.52993 17.393 5.08489
      vertex 10 17.393 5.08489
    endloop
  endfacet
  facet normal -7.90529e-06 -0.675775 -0.737108
    outer loop
      vertex 10 17.2322 5.23223
      vertex 2.45746 17.2793 5.18913
      vertex 2.52993 17.393 5.08489
    endloop
  endfacet
  facet normal 0 -0.675086 -0.737739
    outer loop
      vertex 2.45746 17.2793 5.18913
      vertex 10 17.2322 5.23223
      vertex 2.42136 17.2322 5.23223
    endloop
  endfacet
  facet normal 0 -0.675086 -0.737739
    outer loop
      vertex -10 17.2322 5.23223
      vertex -2.45746 17.2793 5.18913
      vertex -2.42136 17.2322 5.23223
    endloop
  endfacet
  facet normal 7.90529e-06 -0.675775 -0.737108
    outer loop
      vertex -10 17.2322 5.23223
      vertex -2.52993 17.393 5.08489
      vertex -2.45746 17.2793 5.18913
    endloop
  endfacet
  facet normal -0 -0.675575 -0.737291
    outer loop
      vertex -2.52993 17.393 5.08489
      vertex -10 17.2322 5.23223
      vertex -10 17.393 5.08489
    endloop
  endfacet
  facet normal 0 0.737383 -0.675475
    outer loop
      vertex -2.42136 20.7678 5.23223
      vertex -10 20.9151 5.39303
      vertex -2.3083 20.9151 5.39303
    endloop
  endfacet
  facet normal 0 0.737383 -0.675475
    outer loop
      vertex -10 20.9151 5.39303
      vertex -2.42136 20.7678 5.23223
      vertex -10 20.7678 5.23223
    endloop
  endfacet
  facet normal 0 0.737383 -0.675475
    outer loop
      vertex 2.42136 20.7678 5.23223
      vertex 10 20.9151 5.39303
      vertex 10 20.7678 5.23223
    endloop
  endfacet
  facet normal 0 0.737383 -0.675475
    outer loop
      vertex 10 20.9151 5.39303
      vertex 2.42136 20.7678 5.23223
      vertex 2.3083 20.9151 5.39303
    endloop
  endfacet
  facet normal 0 0.537374 -0.843344
    outer loop
      vertex 2.72632 20.25 4.83494
      vertex 10 20.4339 4.95212
      vertex 10 20.25 4.83494
    endloop
  endfacet
  facet normal 4.22115e-05 0.536186 -0.8441
    outer loop
      vertex 2.71892 20.2679 4.84631
      vertex 10 20.4339 4.95212
      vertex 2.72632 20.25 4.83494
    endloop
  endfacet
  facet normal 0 0.537503 -0.843262
    outer loop
      vertex 10 20.4339 4.95212
      vertex 2.71892 20.2679 4.84631
      vertex 2.63246 20.4339 4.95212
    endloop
  endfacet
  facet normal 0 0.537374 -0.843344
    outer loop
      vertex -10 20.4339 4.95212
      vertex -2.72632 20.25 4.83494
      vertex -10 20.25 4.83494
    endloop
  endfacet
  facet normal -4.22115e-05 0.536186 -0.8441
    outer loop
      vertex -2.72632 20.25 4.83494
      vertex -10 20.4339 4.95212
      vertex -2.71892 20.2679 4.84631
    endloop
  endfacet
  facet normal 0 0.537503 -0.843262
    outer loop
      vertex -2.71892 20.2679 4.84631
      vertex -10 20.4339 4.95212
      vertex -2.63246 20.4339 4.95212
    endloop
  endfacet
  facet normal 0 -0.887018 0.461735
    outer loop
      vertex -10 16.7342 8.05655
      vertex -2.07358 16.8349 8.25
      vertex -10 16.8349 8.25
    endloop
  endfacet
  facet normal 0 -0.887018 0.461735
    outer loop
      vertex -2.07358 16.8349 8.25
      vertex -10 16.7342 8.05655
      vertex -1.96368 16.7342 8.05655
    endloop
  endfacet
  facet normal 0 -0.887018 0.461735
    outer loop
      vertex 10 16.7342 8.05655
      vertex 2.07358 16.8349 8.25
      vertex 1.96368 16.7342 8.05655
    endloop
  endfacet
  facet normal 0 -0.887018 0.461735
    outer loop
      vertex 2.07358 16.8349 8.25
      vertex 10 16.7342 8.05655
      vertex 10 16.8349 8.25
    endloop
  endfacet
  facet normal 0 -0.300565 -0.953761
    outer loop
      vertex 10 18.1449 4.65077
      vertex 2.92647 18.353 4.58519
      vertex 10 18.353 4.58519
    endloop
  endfacet
  facet normal 2.20344e-06 -0.300497 -0.953783
    outer loop
      vertex 10 18.1449 4.65077
      vertex 2.89778 18.2235 4.62599
      vertex 2.92647 18.353 4.58519
    endloop
  endfacet
  facet normal 0 -0.300678 -0.953726
    outer loop
      vertex 2.89778 18.2235 4.62599
      vertex 10 18.1449 4.65077
      vertex 2.873 18.1449 4.65077
    endloop
  endfacet
  facet normal 0 -0.300678 -0.953726
    outer loop
      vertex -10 18.1449 4.65077
      vertex -2.89778 18.2235 4.62599
      vertex -2.873 18.1449 4.65077
    endloop
  endfacet
  facet normal -2.20344e-06 -0.300497 -0.953783
    outer loop
      vertex -10 18.1449 4.65077
      vertex -2.92647 18.353 4.58519
      vertex -2.89778 18.2235 4.62599
    endloop
  endfacet
  facet normal -0 -0.300565 -0.953761
    outer loop
      vertex -2.92647 18.353 4.58519
      vertex -10 18.1449 4.65077
      vertex -10 18.353 4.58519
    endloop
  endfacet
  facet normal -4.61678e-05 0.792296 0.610137
    outer loop
      vertex -10 21.0479 8.43394
      vertex -2.3083 20.9151 8.60697
      vertex -2.29813 20.9284 8.5897
    endloop
  endfacet
  facet normal -0 0.7934 0.608701
    outer loop
      vertex -10 21.0479 8.43394
      vertex -2.29813 20.9284 8.5897
      vertex -2.18862 21.0479 8.43394
    endloop
  endfacet
  facet normal 0 0.793288 0.608846
    outer loop
      vertex -2.3083 20.9151 8.60697
      vertex -10 21.0479 8.43394
      vertex -10 20.9151 8.60697
    endloop
  endfacet
  facet normal 0 0.793288 0.608846
    outer loop
      vertex 10 21.0479 8.43394
      vertex 2.3083 20.9151 8.60697
      vertex 10 20.9151 8.60697
    endloop
  endfacet
  facet normal 4.61678e-05 0.792296 0.610137
    outer loop
      vertex 2.3083 20.9151 8.60697
      vertex 10 21.0479 8.43394
      vertex 2.29813 20.9284 8.5897
    endloop
  endfacet
  facet normal 0 0.7934 0.608701
    outer loop
      vertex 2.29813 20.9284 8.5897
      vertex 10 21.0479 8.43394
      vertex 2.18862 21.0479 8.43394
    endloop
  endfacet
  facet normal 0 0.0436024 -0.999049
    outer loop
      vertex -10 19.2179 4.50951
      vertex -3 19 4.5
      vertex -10 19 4.5
    endloop
  endfacet
  facet normal 0 0.0436024 -0.999049
    outer loop
      vertex -3 19 4.5
      vertex -10 19.2179 4.50951
      vertex -2.99049 19.2179 4.50951
    endloop
  endfacet
  facet normal 0 0.0436024 -0.999049
    outer loop
      vertex 3 19 4.5
      vertex 10 19.2179 4.50951
      vertex 10 19 4.5
    endloop
  endfacet
  facet normal 0 0.0436024 -0.999049
    outer loop
      vertex 10 19.2179 4.50951
      vertex 3 19 4.5
      vertex 2.99049 19.2179 4.50951
    endloop
  endfacet
  facet normal 0 0.976919 -0.213612
    outer loop
      vertex 10 21.462 6.56588
      vertex 1.72073 21.4575 6.5453
      vertex 1.71357 21.462 6.56588
    endloop
  endfacet
  facet normal 0 0.976301 -0.216416
    outer loop
      vertex 1.7763 21.4148 6.35295
      vertex 10 21.462 6.56588
      vertex 10 21.4148 6.35295
    endloop
  endfacet
  facet normal 8.08046e-06 0.976235 -0.216713
    outer loop
      vertex 10 21.462 6.56588
      vertex 1.7763 21.4148 6.35295
      vertex 1.72073 21.4575 6.5453
    endloop
  endfacet
  facet normal 0 0.976919 -0.213612
    outer loop
      vertex -1.72073 21.4575 6.5453
      vertex -10 21.462 6.56588
      vertex -1.71357 21.462 6.56588
    endloop
  endfacet
  facet normal -8.08046e-06 0.976235 -0.216713
    outer loop
      vertex -1.7763 21.4148 6.35295
      vertex -10 21.462 6.56588
      vertex -1.72073 21.4575 6.5453
    endloop
  endfacet
  facet normal 0 0.976301 -0.216416
    outer loop
      vertex -10 21.462 6.56588
      vertex -1.7763 21.4148 6.35295
      vertex -10 21.4148 6.35295
    endloop
  endfacet
  facet normal 0 -0.461677 -0.887048
    outer loop
      vertex -10 17.75 4.83494
      vertex -2.80645 17.9435 4.73423
      vertex -2.72632 17.75 4.83494
    endloop
  endfacet
  facet normal -0 -0.461677 -0.887048
    outer loop
      vertex -2.80645 17.9435 4.73423
      vertex -10 17.75 4.83494
      vertex -10 17.9435 4.73423
    endloop
  endfacet
  facet normal 0 -0.461677 -0.887048
    outer loop
      vertex 10 17.75 4.83494
      vertex 2.80645 17.9435 4.73423
      vertex 10 17.9435 4.73423
    endloop
  endfacet
  facet normal 0 -0.461677 -0.887048
    outer loop
      vertex 2.80645 17.9435 4.73423
      vertex 10 17.75 4.83494
      vertex 2.72632 17.75 4.83494
    endloop
  endfacet
  facet normal 0 -0.793288 0.608846
    outer loop
      vertex -10 16.9521 8.43394
      vertex -2.3083 17.0849 8.60697
      vertex -10 17.0849 8.60697
    endloop
  endfacet
  facet normal -4.61678e-05 -0.792296 0.610137
    outer loop
      vertex -2.3083 17.0849 8.60697
      vertex -10 16.9521 8.43394
      vertex -2.29813 17.0716 8.5897
    endloop
  endfacet
  facet normal 0 -0.7934 0.608701
    outer loop
      vertex -2.29813 17.0716 8.5897
      vertex -10 16.9521 8.43394
      vertex -2.18862 16.9521 8.43394
    endloop
  endfacet
  facet normal 4.61678e-05 -0.792296 0.610137
    outer loop
      vertex 10 16.9521 8.43394
      vertex 2.3083 17.0849 8.60697
      vertex 2.29813 17.0716 8.5897
    endloop
  endfacet
  facet normal 0 -0.7934 0.608701
    outer loop
      vertex 10 16.9521 8.43394
      vertex 2.29813 17.0716 8.5897
      vertex 2.18862 16.9521 8.43394
    endloop
  endfacet
  facet normal 0 -0.793288 0.608846
    outer loop
      vertex 2.3083 17.0849 8.60697
      vertex 10 16.9521 8.43394
      vertex 10 17.0849 8.60697
    endloop
  endfacet
  facet normal 0 -0.675575 0.737291
    outer loop
      vertex -10 17.2322 8.76777
      vertex -2.52993 17.393 8.91511
      vertex -10 17.393 8.91511
    endloop
  endfacet
  facet normal 7.90529e-06 -0.675775 0.737108
    outer loop
      vertex -2.52993 17.393 8.91511
      vertex -10 17.2322 8.76777
      vertex -2.45746 17.2793 8.81087
    endloop
  endfacet
  facet normal 0 -0.675086 0.737739
    outer loop
      vertex -2.45746 17.2793 8.81087
      vertex -10 17.2322 8.76777
      vertex -2.42136 17.2322 8.76777
    endloop
  endfacet
  facet normal 0 -0.675575 0.737291
    outer loop
      vertex 2.52993 17.393 8.91511
      vertex 10 17.2322 8.76777
      vertex 10 17.393 8.91511
    endloop
  endfacet
  facet normal -7.90529e-06 -0.675775 0.737108
    outer loop
      vertex 2.45746 17.2793 8.81087
      vertex 10 17.2322 8.76777
      vertex 2.52993 17.393 8.91511
    endloop
  endfacet
  facet normal 0 -0.675086 0.737739
    outer loop
      vertex 10 17.2322 8.76777
      vertex 2.45746 17.2793 8.81087
      vertex 2.42136 17.2322 8.76777
    endloop
  endfacet
  facet normal 0 -0.383666 -0.923472
    outer loop
      vertex -10 17.9435 4.73423
      vertex -2.81908 17.9739 4.7216
      vertex -2.80645 17.9435 4.73423
    endloop
  endfacet
  facet normal -4.88247e-06 -0.382682 -0.92388
    outer loop
      vertex -10 17.9435 4.73423
      vertex -2.873 18.1449 4.65077
      vertex -2.81908 17.9739 4.7216
    endloop
  endfacet
  facet normal -0 -0.38283 -0.923819
    outer loop
      vertex -2.873 18.1449 4.65077
      vertex -10 17.9435 4.73423
      vertex -10 18.1449 4.65077
    endloop
  endfacet
  facet normal 0 -0.38283 -0.923819
    outer loop
      vertex 10 17.9435 4.73423
      vertex 2.873 18.1449 4.65077
      vertex 10 18.1449 4.65077
    endloop
  endfacet
  facet normal 4.88247e-06 -0.382682 -0.92388
    outer loop
      vertex 10 17.9435 4.73423
      vertex 2.81908 17.9739 4.7216
      vertex 2.873 18.1449 4.65077
    endloop
  endfacet
  facet normal 0 -0.383666 -0.923472
    outer loop
      vertex 2.81908 17.9739 4.7216
      vertex 10 17.9435 4.73423
      vertex 2.80645 17.9435 4.73423
    endloop
  endfacet
  facet normal 0 -0.537374 -0.843344
    outer loop
      vertex 10 17.5661 4.95212
      vertex 2.72632 17.75 4.83494
      vertex 10 17.75 4.83494
    endloop
  endfacet
  facet normal 4.22115e-05 -0.536186 -0.8441
    outer loop
      vertex 10 17.5661 4.95212
      vertex 2.71892 17.7321 4.84631
      vertex 2.72632 17.75 4.83494
    endloop
  endfacet
  facet normal 0 -0.537503 -0.843262
    outer loop
      vertex 2.71892 17.7321 4.84631
      vertex 10 17.5661 4.95212
      vertex 2.63246 17.5661 4.95212
    endloop
  endfacet
  facet normal 0 -0.537503 -0.843262
    outer loop
      vertex -10 17.5661 4.95212
      vertex -2.71892 17.7321 4.84631
      vertex -2.63246 17.5661 4.95212
    endloop
  endfacet
  facet normal -4.22115e-05 -0.536186 -0.8441
    outer loop
      vertex -10 17.5661 4.95212
      vertex -2.72632 17.75 4.83494
      vertex -2.71892 17.7321 4.84631
    endloop
  endfacet
  facet normal -0 -0.537374 -0.843344
    outer loop
      vertex -2.72632 17.75 4.83494
      vertex -10 17.5661 4.95212
      vertex -10 17.75 4.83494
    endloop
  endfacet
  facet normal 0 -0.953693 -0.30078
    outer loop
      vertex 1.86177 16.6508 6.14495
      vertex 10 16.5852 6.35295
      vertex 1.7763 16.5852 6.35295
    endloop
  endfacet
  facet normal 0 -0.953693 -0.30078
    outer loop
      vertex 10 16.5852 6.35295
      vertex 1.86177 16.6508 6.14495
      vertex 10 16.6508 6.14495
    endloop
  endfacet
  facet normal -0 -0.953693 -0.30078
    outer loop
      vertex -1.86177 16.6508 6.14495
      vertex -10 16.5852 6.35295
      vertex -10 16.6508 6.14495
    endloop
  endfacet
  facet normal 0 -0.953693 -0.30078
    outer loop
      vertex -10 16.5852 6.35295
      vertex -1.86177 16.6508 6.14495
      vertex -1.7763 16.5852 6.35295
    endloop
  endfacet
  facet normal -0 0.887018 0.461735
    outer loop
      vertex -10 21.2658 8.05655
      vertex -2.07358 21.1651 8.25
      vertex -1.96368 21.2658 8.05655
    endloop
  endfacet
  facet normal 0 0.887018 0.461735
    outer loop
      vertex -2.07358 21.1651 8.25
      vertex -10 21.2658 8.05655
      vertex -10 21.1651 8.25
    endloop
  endfacet
  facet normal 0 0.887018 0.461735
    outer loop
      vertex 10 21.2658 8.05655
      vertex 2.07358 21.1651 8.25
      vertex 10 21.1651 8.25
    endloop
  endfacet
  facet normal 0 0.887018 0.461735
    outer loop
      vertex 2.07358 21.1651 8.25
      vertex 10 21.2658 8.05655
      vertex 1.96368 21.2658 8.05655
    endloop
  endfacet
  facet normal 1 0 0
    outer loop
      vertex 10 21.4905 7.21789
      vertex 10 21.4905 6.78211
      vertex 10 21.5 7
    endloop
  endfacet
  facet normal 1 0 0
    outer loop
      vertex 10 21.462 7.43412
      vertex 10 21.4905 6.78211
      vertex 10 21.4905 7.21789
    endloop
  endfacet
  facet normal 1 0 0
    outer loop
      vertex 10 21.462 7.43412
      vertex 10 21.462 6.56588
      vertex 10 21.4905 6.78211
    endloop
  endfacet
  facet normal 1 0 0
    outer loop
      vertex 10 21.4148 7.64705
      vertex 10 21.462 6.56588
      vertex 10 21.462 7.43412
    endloop
  endfacet
  facet normal 1 0 0
    outer loop
      vertex 10 21.4148 7.64705
      vertex 10 21.4148 6.35295
      vertex 10 21.462 6.56588
    endloop
  endfacet
  facet normal 1 0 0
    outer loop
      vertex 10 21.3492 7.85505
      vertex 10 21.4148 6.35295
      vertex 10 21.4148 7.64705
    endloop
  endfacet
  facet normal 1 0 0
    outer loop
      vertex 10 21.3492 7.85505
      vertex 10 21.3492 6.14495
      vertex 10 21.4148 6.35295
    endloop
  endfacet
  facet normal 1 0 0
    outer loop
      vertex 10 21.2658 8.05655
      vertex 10 21.3492 6.14495
      vertex 10 21.3492 7.85505
    endloop
  endfacet
  facet normal 1 0 0
    outer loop
      vertex 10 21.2658 8.05655
      vertex 10 21.2658 5.94345
      vertex 10 21.3492 6.14495
    endloop
  endfacet
  facet normal 1 0 0
    outer loop
      vertex 10 21.1651 8.25
      vertex 10 21.2658 5.94345
      vertex 10 21.2658 8.05655
    endloop
  endfacet
  facet normal 1 0 0
    outer loop
      vertex 10 21.1651 8.25
      vertex 10 21.1651 5.75
      vertex 10 21.2658 5.94345
    endloop
  endfacet
  facet normal 1 0 0
    outer loop
      vertex 10 21.0479 8.43394
      vertex 10 21.1651 5.75
      vertex 10 21.1651 8.25
    endloop
  endfacet
  facet normal 1 0 0
    outer loop
      vertex 10 21.0479 8.43394
      vertex 10 21.0479 5.56606
      vertex 10 21.1651 5.75
    endloop
  endfacet
  facet normal 1 0 0
    outer loop
      vertex 10 20.9151 8.60697
      vertex 10 21.0479 5.56606
      vertex 10 21.0479 8.43394
    endloop
  endfacet
  facet normal 1 0 0
    outer loop
      vertex 10 20.9151 8.60697
      vertex 10 20.9151 5.39303
      vertex 10 21.0479 5.56606
    endloop
  endfacet
  facet normal 1 0 0
    outer loop
      vertex 10 20.7678 8.76777
      vertex 10 20.9151 5.39303
      vertex 10 20.9151 8.60697
    endloop
  endfacet
  facet normal 1 0 0
    outer loop
      vertex 10 20.7678 8.76777
      vertex 10 20.7678 5.23223
      vertex 10 20.9151 5.39303
    endloop
  endfacet
  facet normal 1 0 0
    outer loop
      vertex 10 20.607 8.91511
      vertex 10 20.7678 5.23223
      vertex 10 20.7678 8.76777
    endloop
  endfacet
  facet normal 1 0 0
    outer loop
      vertex 10 20.607 8.91511
      vertex 10 20.607 5.08489
      vertex 10 20.7678 5.23223
    endloop
  endfacet
  facet normal 1 0 0
    outer loop
      vertex 10 20.4339 9.04788
      vertex 10 20.607 5.08489
      vertex 10 20.607 8.91511
    endloop
  endfacet
  facet normal 1 0 0
    outer loop
      vertex 10 20.4339 9.04788
      vertex 10 20.4339 4.95212
      vertex 10 20.607 5.08489
    endloop
  endfacet
  facet normal 1 0 0
    outer loop
      vertex 10 20.25 9.16506
      vertex 10 20.4339 4.95212
      vertex 10 20.4339 9.04788
    endloop
  endfacet
  facet normal 1 0 0
    outer loop
      vertex 10 20.25 9.16506
      vertex 10 20.25 4.83494
      vertex 10 20.4339 4.95212
    endloop
  endfacet
  facet normal 1 0 0
    outer loop
      vertex 10 20.0565 9.26577
      vertex 10 20.25 4.83494
      vertex 10 20.25 9.16506
    endloop
  endfacet
  facet normal 1 0 0
    outer loop
      vertex 10 20.0565 9.26577
      vertex 10 20.0565 4.73423
      vertex 10 20.25 4.83494
    endloop
  endfacet
  facet normal 1 0 0
    outer loop
      vertex 10 19.855 9.34923
      vertex 10 20.0565 4.73423
      vertex 10 20.0565 9.26577
    endloop
  endfacet
  facet normal 1 0 0
    outer loop
      vertex 10 19.855 9.34923
      vertex 10 19.855 4.65077
      vertex 10 20.0565 4.73423
    endloop
  endfacet
  facet normal 1 0 0
    outer loop
      vertex 10 19.647 9.41481
      vertex 10 19.855 4.65077
      vertex 10 19.855 9.34923
    endloop
  endfacet
  facet normal 1 0 0
    outer loop
      vertex 10 19.647 9.41481
      vertex 10 19.647 4.58519
      vertex 10 19.855 4.65077
    endloop
  endfacet
  facet normal 1 0 0
    outer loop
      vertex 10 19.4341 9.46202
      vertex 10 19.647 4.58519
      vertex 10 19.647 9.41481
    endloop
  endfacet
  facet normal 1 0 0
    outer loop
      vertex 10 19.4341 9.46202
      vertex 10 19.4341 4.53798
      vertex 10 19.647 4.58519
    endloop
  endfacet
  facet normal 1 0 0
    outer loop
      vertex 10 19.2179 9.49049
      vertex 10 19.4341 4.53798
      vertex 10 19.4341 9.46202
    endloop
  endfacet
  facet normal 1 0 0
    outer loop
      vertex 10 19.2179 9.49049
      vertex 10 19.2179 4.50951
      vertex 10 19.4341 4.53798
    endloop
  endfacet
  facet normal 1 0 0
    outer loop
      vertex 10 19 9.5
      vertex 10 19.2179 4.50951
      vertex 10 19.2179 9.49049
    endloop
  endfacet
  facet normal 1 0 0
    outer loop
      vertex 10 19 9.5
      vertex 10 19 4.5
      vertex 10 19.2179 4.50951
    endloop
  endfacet
  facet normal 1 -0 0
    outer loop
      vertex 10 18.7821 9.49049
      vertex 10 19 4.5
      vertex 10 19 9.5
    endloop
  endfacet
  facet normal 1 0 0
    outer loop
      vertex 10 18.7821 9.49049
      vertex 10 18.7821 4.50951
      vertex 10 19 4.5
    endloop
  endfacet
  facet normal 1 -0 0
    outer loop
      vertex 10 18.5659 9.46202
      vertex 10 18.7821 4.50951
      vertex 10 18.7821 9.49049
    endloop
  endfacet
  facet normal 1 0 0
    outer loop
      vertex 10 18.5659 9.46202
      vertex 10 18.5659 4.53798
      vertex 10 18.7821 4.50951
    endloop
  endfacet
  facet normal 1 -0 0
    outer loop
      vertex 10 18.353 9.41481
      vertex 10 18.5659 4.53798
      vertex 10 18.5659 9.46202
    endloop
  endfacet
  facet normal 1 0 0
    outer loop
      vertex 10 18.353 9.41481
      vertex 10 18.353 4.58519
      vertex 10 18.5659 4.53798
    endloop
  endfacet
  facet normal 1 -0 0
    outer loop
      vertex 10 18.1449 9.34923
      vertex 10 18.353 4.58519
      vertex 10 18.353 9.41481
    endloop
  endfacet
  facet normal 1 0 0
    outer loop
      vertex 10 18.1449 9.34923
      vertex 10 18.1449 4.65077
      vertex 10 18.353 4.58519
    endloop
  endfacet
  facet normal 1 -0 0
    outer loop
      vertex 10 17.9435 9.26577
      vertex 10 18.1449 4.65077
      vertex 10 18.1449 9.34923
    endloop
  endfacet
  facet normal 1 0 0
    outer loop
      vertex 10 17.9435 9.26577
      vertex 10 17.9435 4.73423
      vertex 10 18.1449 4.65077
    endloop
  endfacet
  facet normal 1 -0 0
    outer loop
      vertex 10 17.75 9.16506
      vertex 10 17.9435 4.73423
      vertex 10 17.9435 9.26577
    endloop
  endfacet
  facet normal 1 0 0
    outer loop
      vertex 10 17.75 9.16506
      vertex 10 17.75 4.83494
      vertex 10 17.9435 4.73423
    endloop
  endfacet
  facet normal 1 -0 0
    outer loop
      vertex 10 17.5661 9.04788
      vertex 10 17.75 4.83494
      vertex 10 17.75 9.16506
    endloop
  endfacet
  facet normal 1 0 0
    outer loop
      vertex 10 17.5661 9.04788
      vertex 10 17.5661 4.95212
      vertex 10 17.75 4.83494
    endloop
  endfacet
  facet normal 1 -0 0
    outer loop
      vertex 10 17.393 8.91511
      vertex 10 17.5661 4.95212
      vertex 10 17.5661 9.04788
    endloop
  endfacet
  facet normal 1 0 0
    outer loop
      vertex 10 17.393 8.91511
      vertex 10 17.393 5.08489
      vertex 10 17.5661 4.95212
    endloop
  endfacet
  facet normal 1 -0 0
    outer loop
      vertex 10 17.2322 8.76777
      vertex 10 17.393 5.08489
      vertex 10 17.393 8.91511
    endloop
  endfacet
  facet normal 1 0 0
    outer loop
      vertex 10 17.2322 8.76777
      vertex 10 17.2322 5.23223
      vertex 10 17.393 5.08489
    endloop
  endfacet
  facet normal 1 -0 0
    outer loop
      vertex 10 17.0849 8.60697
      vertex 10 17.2322 5.23223
      vertex 10 17.2322 8.76777
    endloop
  endfacet
  facet normal 1 0 0
    outer loop
      vertex 10 17.0849 8.60697
      vertex 10 17.0849 5.39303
      vertex 10 17.2322 5.23223
    endloop
  endfacet
  facet normal 1 -0 0
    outer loop
      vertex 10 16.9521 8.43394
      vertex 10 17.0849 5.39303
      vertex 10 17.0849 8.60697
    endloop
  endfacet
  facet normal 1 0 0
    outer loop
      vertex 10 16.9521 8.43394
      vertex 10 16.9521 5.56606
      vertex 10 17.0849 5.39303
    endloop
  endfacet
  facet normal 1 -0 0
    outer loop
      vertex 10 16.8349 8.25
      vertex 10 16.9521 5.56606
      vertex 10 16.9521 8.43394
    endloop
  endfacet
  facet normal 1 0 0
    outer loop
      vertex 10 16.8349 8.25
      vertex 10 16.8349 5.75
      vertex 10 16.9521 5.56606
    endloop
  endfacet
  facet normal 1 -0 0
    outer loop
      vertex 10 16.7342 8.05655
      vertex 10 16.8349 5.75
      vertex 10 16.8349 8.25
    endloop
  endfacet
  facet normal 1 0 0
    outer loop
      vertex 10 16.7342 8.05655
      vertex 10 16.7342 5.94345
      vertex 10 16.8349 5.75
    endloop
  endfacet
  facet normal 1 -0 0
    outer loop
      vertex 10 16.6508 7.85505
      vertex 10 16.7342 5.94345
      vertex 10 16.7342 8.05655
    endloop
  endfacet
  facet normal 1 0 0
    outer loop
      vertex 10 16.6508 7.85505
      vertex 10 16.6508 6.14495
      vertex 10 16.7342 5.94345
    endloop
  endfacet
  facet normal 1 -0 0
    outer loop
      vertex 10 16.5852 7.64705
      vertex 10 16.6508 6.14495
      vertex 10 16.6508 7.85505
    endloop
  endfacet
  facet normal 1 0 0
    outer loop
      vertex 10 16.5852 7.64705
      vertex 10 16.5852 6.35295
      vertex 10 16.6508 6.14495
    endloop
  endfacet
  facet normal 1 -0 0
    outer loop
      vertex 10 16.538 7.43412
      vertex 10 16.5852 6.35295
      vertex 10 16.5852 7.64705
    endloop
  endfacet
  facet normal 1 0 0
    outer loop
      vertex 10 16.538 7.43412
      vertex 10 16.538 6.56588
      vertex 10 16.5852 6.35295
    endloop
  endfacet
  facet normal 1 -0 0
    outer loop
      vertex 10 16.5095 7.21789
      vertex 10 16.538 6.56588
      vertex 10 16.538 7.43412
    endloop
  endfacet
  facet normal 1 0 0
    outer loop
      vertex 10 16.5095 7.21789
      vertex 10 16.5095 6.78211
      vertex 10 16.538 6.56588
    endloop
  endfacet
  facet normal 1 0 -0
    outer loop
      vertex 10 16.5095 6.78211
      vertex 10 16.5095 7.21789
      vertex 10 16.5 7
    endloop
  endfacet
  facet normal 0 -0.737383 -0.675475
    outer loop
      vertex 2.42136 17.2322 5.23223
      vertex 10 17.0849 5.39303
      vertex 2.3083 17.0849 5.39303
    endloop
  endfacet
  facet normal 0 -0.737383 -0.675475
    outer loop
      vertex 10 17.0849 5.39303
      vertex 2.42136 17.2322 5.23223
      vertex 10 17.2322 5.23223
    endloop
  endfacet
  facet normal -0 -0.737383 -0.675475
    outer loop
      vertex -2.42136 17.2322 5.23223
      vertex -10 17.0849 5.39303
      vertex -10 17.2322 5.23223
    endloop
  endfacet
  facet normal 0 -0.737383 -0.675475
    outer loop
      vertex -10 17.0849 5.39303
      vertex -2.42136 17.2322 5.23223
      vertex -2.3083 17.0849 5.39303
    endloop
  endfacet
  facet normal 0 0.843064 -0.537813
    outer loop
      vertex 10 21.1651 5.75
      vertex 2.12132 21.1213 5.68134
      vertex 2.07358 21.1651 5.75
    endloop
  endfacet
  facet normal 0 0.843356 -0.537356
    outer loop
      vertex 2.18862 21.0479 5.56606
      vertex 10 21.1651 5.75
      vertex 10 21.0479 5.56606
    endloop
  endfacet
  facet normal -8.8892e-06 0.843527 -0.537087
    outer loop
      vertex 10 21.1651 5.75
      vertex 2.18862 21.0479 5.56606
      vertex 2.12132 21.1213 5.68134
    endloop
  endfacet
  facet normal 0 0.843064 -0.537813
    outer loop
      vertex -2.12132 21.1213 5.68134
      vertex -10 21.1651 5.75
      vertex -2.07358 21.1651 5.75
    endloop
  endfacet
  facet normal 8.8892e-06 0.843527 -0.537087
    outer loop
      vertex -2.18862 21.0479 5.56606
      vertex -10 21.1651 5.75
      vertex -2.12132 21.1213 5.68134
    endloop
  endfacet
  facet normal 0 0.843356 -0.537356
    outer loop
      vertex -10 21.1651 5.75
      vertex -2.18862 21.0479 5.56606
      vertex -10 21.0479 5.56606
    endloop
  endfacet
  facet normal 0 -0.216489 -0.976285
    outer loop
      vertex 10 18.353 4.58519
      vertex 2.96585 18.5659 4.53798
      vertex 10 18.5659 4.53798
    endloop
  endfacet
  facet normal -7.91538e-07 -0.216514 -0.97628
    outer loop
      vertex 10 18.353 4.58519
      vertex 2.95442 18.4791 4.55723
      vertex 2.96585 18.5659 4.53798
    endloop
  endfacet
  facet normal 0 -0.216471 -0.976289
    outer loop
      vertex 2.95442 18.4791 4.55723
      vertex 10 18.353 4.58519
      vertex 2.92647 18.353 4.58519
    endloop
  endfacet
  facet normal 0 -0.216471 -0.976289
    outer loop
      vertex -10 18.353 4.58519
      vertex -2.95442 18.4791 4.55723
      vertex -2.92647 18.353 4.58519
    endloop
  endfacet
  facet normal 7.91538e-07 -0.216514 -0.97628
    outer loop
      vertex -10 18.353 4.58519
      vertex -2.96585 18.5659 4.53798
      vertex -2.95442 18.4791 4.55723
    endloop
  endfacet
  facet normal -0 -0.216489 -0.976285
    outer loop
      vertex -2.96585 18.5659 4.53798
      vertex -10 18.353 4.58519
      vertex -10 18.5659 4.53798
    endloop
  endfacet
  facet normal 0 0.887018 -0.461735
    outer loop
      vertex -2.07358 21.1651 5.75
      vertex -10 21.2658 5.94345
      vertex -1.96368 21.2658 5.94345
    endloop
  endfacet
  facet normal 0 0.887018 -0.461735
    outer loop
      vertex -10 21.2658 5.94345
      vertex -2.07358 21.1651 5.75
      vertex -10 21.1651 5.75
    endloop
  endfacet
  facet normal 0 0.887018 -0.461735
    outer loop
      vertex 2.07358 21.1651 5.75
      vertex 10 21.2658 5.94345
      vertex 10 21.1651 5.75
    endloop
  endfacet
  facet normal 0 0.887018 -0.461735
    outer loop
      vertex 10 21.2658 5.94345
      vertex 2.07358 21.1651 5.75
      vertex 1.96368 21.2658 5.94345
    endloop
  endfacet
  facet normal 0 -0.999051 -0.0435586
    outer loop
      vertex 1.66888 16.5095 6.78211
      vertex 10 16.5 7
      vertex 1.65395 16.5 7
    endloop
  endfacet
  facet normal 0 -0.999051 -0.0435586
    outer loop
      vertex 10 16.5 7
      vertex 1.66888 16.5095 6.78211
      vertex 10 16.5095 6.78211
    endloop
  endfacet
  facet normal -0 -0.999051 -0.0435586
    outer loop
      vertex -1.66888 16.5095 6.78211
      vertex -10 16.5 7
      vertex -10 16.5095 6.78211
    endloop
  endfacet
  facet normal 0 -0.999051 -0.0435586
    outer loop
      vertex -10 16.5 7
      vertex -1.66888 16.5095 6.78211
      vertex -1.65395 16.5 7
    endloop
  endfacet
  facet normal 0 0.130557 -0.991441
    outer loop
      vertex -10 19.4341 4.53798
      vertex -2.99049 19.2179 4.50951
      vertex -10 19.2179 4.50951
    endloop
  endfacet
  facet normal -9.84876e-07 0.130525 -0.991445
    outer loop
      vertex -2.99049 19.2179 4.50951
      vertex -10 19.4341 4.53798
      vertex -2.98858 19.2615 4.51525
    endloop
  endfacet
  facet normal 0 0.130564 -0.99144
    outer loop
      vertex -2.98858 19.2615 4.51525
      vertex -10 19.4341 4.53798
      vertex -2.96585 19.4341 4.53798
    endloop
  endfacet
  facet normal 0 0.130557 -0.991441
    outer loop
      vertex 2.99049 19.2179 4.50951
      vertex 10 19.4341 4.53798
      vertex 10 19.2179 4.50951
    endloop
  endfacet
  facet normal 9.84876e-07 0.130525 -0.991445
    outer loop
      vertex 2.98858 19.2615 4.51525
      vertex 10 19.4341 4.53798
      vertex 2.99049 19.2179 4.50951
    endloop
  endfacet
  facet normal 0 0.130564 -0.99144
    outer loop
      vertex 10 19.4341 4.53798
      vertex 2.98858 19.2615 4.51525
      vertex 2.96585 19.4341 4.53798
    endloop
  endfacet
  facet normal 0 -0.216489 0.976285
    outer loop
      vertex 2.96585 18.5659 9.46202
      vertex 10 18.353 9.41481
      vertex 10 18.5659 9.46202
    endloop
  endfacet
  facet normal -7.91538e-07 -0.216514 0.97628
    outer loop
      vertex 2.95442 18.4791 9.44277
      vertex 10 18.353 9.41481
      vertex 2.96585 18.5659 9.46202
    endloop
  endfacet
  facet normal 0 -0.216471 0.976289
    outer loop
      vertex 10 18.353 9.41481
      vertex 2.95442 18.4791 9.44277
      vertex 2.92647 18.353 9.41481
    endloop
  endfacet
  facet normal 0 -0.216489 0.976285
    outer loop
      vertex -10 18.353 9.41481
      vertex -2.96585 18.5659 9.46202
      vertex -10 18.5659 9.46202
    endloop
  endfacet
  facet normal 7.91538e-07 -0.216514 0.97628
    outer loop
      vertex -2.96585 18.5659 9.46202
      vertex -10 18.353 9.41481
      vertex -2.95442 18.4791 9.44277
    endloop
  endfacet
  facet normal 0 -0.216471 0.976289
    outer loop
      vertex -2.95442 18.4791 9.44277
      vertex -10 18.353 9.41481
      vertex -2.92647 18.353 9.41481
    endloop
  endfacet
  facet normal 8.8892e-06 0.843527 0.537087
    outer loop
      vertex -10 21.1651 8.25
      vertex -2.18862 21.0479 8.43394
      vertex -2.12132 21.1213 8.31866
    endloop
  endfacet
  facet normal -0 0.843064 0.537813
    outer loop
      vertex -10 21.1651 8.25
      vertex -2.12132 21.1213 8.31866
      vertex -2.07358 21.1651 8.25
    endloop
  endfacet
  facet normal 0 0.843356 0.537356
    outer loop
      vertex -2.18862 21.0479 8.43394
      vertex -10 21.1651 8.25
      vertex -10 21.0479 8.43394
    endloop
  endfacet
  facet normal 0 0.843356 0.537356
    outer loop
      vertex 10 21.1651 8.25
      vertex 2.18862 21.0479 8.43394
      vertex 10 21.0479 8.43394
    endloop
  endfacet
  facet normal -8.8892e-06 0.843527 0.537087
    outer loop
      vertex 2.18862 21.0479 8.43394
      vertex 10 21.1651 8.25
      vertex 2.12132 21.1213 8.31866
    endloop
  endfacet
  facet normal 0 0.843064 0.537813
    outer loop
      vertex 2.12132 21.1213 8.31866
      vertex 10 21.1651 8.25
      vertex 2.07358 21.1651 8.25
    endloop
  endfacet
  facet normal 0 -0.991425 -0.130674
    outer loop
      vertex 1.71357 16.538 6.56588
      vertex 10 16.5095 6.78211
      vertex 1.66888 16.5095 6.78211
    endloop
  endfacet
  facet normal 0 -0.991425 -0.130674
    outer loop
      vertex 10 16.5095 6.78211
      vertex 1.71357 16.538 6.56588
      vertex 10 16.538 6.56588
    endloop
  endfacet
  facet normal -0 -0.991425 -0.130674
    outer loop
      vertex -1.71357 16.538 6.56588
      vertex -10 16.5095 6.78211
      vertex -10 16.538 6.56588
    endloop
  endfacet
  facet normal 0 -0.991425 -0.130674
    outer loop
      vertex -10 16.5095 6.78211
      vertex -1.71357 16.538 6.56588
      vertex -1.66888 16.5095 6.78211
    endloop
  endfacet
  facet normal -0 0.737383 0.675475
    outer loop
      vertex -10 20.9151 8.60697
      vertex -2.42136 20.7678 8.76777
      vertex -2.3083 20.9151 8.60697
    endloop
  endfacet
  facet normal 0 0.737383 0.675475
    outer loop
      vertex -2.42136 20.7678 8.76777
      vertex -10 20.9151 8.60697
      vertex -10 20.7678 8.76777
    endloop
  endfacet
  facet normal 0 0.737383 0.675475
    outer loop
      vertex 10 20.9151 8.60697
      vertex 2.42136 20.7678 8.76777
      vertex 10 20.7678 8.76777
    endloop
  endfacet
  facet normal 0 0.737383 0.675475
    outer loop
      vertex 2.42136 20.7678 8.76777
      vertex 10 20.9151 8.60697
      vertex 2.3083 20.9151 8.60697
    endloop
  endfacet
  facet normal 0 -0.38283 0.923819
    outer loop
      vertex -10 17.9435 9.26577
      vertex -2.873 18.1449 9.34923
      vertex -10 18.1449 9.34923
    endloop
  endfacet
  facet normal -4.88247e-06 -0.382682 0.92388
    outer loop
      vertex -2.873 18.1449 9.34923
      vertex -10 17.9435 9.26577
      vertex -2.81908 17.9739 9.2784
    endloop
  endfacet
  facet normal 0 -0.383666 0.923472
    outer loop
      vertex -2.81908 17.9739 9.2784
      vertex -10 17.9435 9.26577
      vertex -2.80645 17.9435 9.26577
    endloop
  endfacet
  facet normal 0 -0.38283 0.923819
    outer loop
      vertex 2.873 18.1449 9.34923
      vertex 10 17.9435 9.26577
      vertex 10 18.1449 9.34923
    endloop
  endfacet
  facet normal 4.88247e-06 -0.382682 0.92388
    outer loop
      vertex 2.81908 17.9739 9.2784
      vertex 10 17.9435 9.26577
      vertex 2.873 18.1449 9.34923
    endloop
  endfacet
  facet normal 0 -0.383666 0.923472
    outer loop
      vertex 10 17.9435 9.26577
      vertex 2.81908 17.9739 9.2784
      vertex 2.80645 17.9435 9.26577
    endloop
  endfacet
  facet normal 0 -0.130557 0.991441
    outer loop
      vertex -10 18.5659 9.46202
      vertex -2.99049 18.7821 9.49049
      vertex -10 18.7821 9.49049
    endloop
  endfacet
  facet normal -9.84876e-07 -0.130525 0.991445
    outer loop
      vertex -2.99049 18.7821 9.49049
      vertex -10 18.5659 9.46202
      vertex -2.98858 18.7385 9.48475
    endloop
  endfacet
  facet normal 0 -0.130564 0.99144
    outer loop
      vertex -2.98858 18.7385 9.48475
      vertex -10 18.5659 9.46202
      vertex -2.96585 18.5659 9.46202
    endloop
  endfacet
  facet normal 0 -0.130557 0.991441
    outer loop
      vertex 2.99049 18.7821 9.49049
      vertex 10 18.5659 9.46202
      vertex 10 18.7821 9.49049
    endloop
  endfacet
  facet normal 9.84876e-07 -0.130525 0.991445
    outer loop
      vertex 2.98858 18.7385 9.48475
      vertex 10 18.5659 9.46202
      vertex 2.99049 18.7821 9.49049
    endloop
  endfacet
  facet normal 0 -0.130564 0.99144
    outer loop
      vertex 10 18.5659 9.46202
      vertex 2.98858 18.7385 9.48475
      vertex 2.96585 18.5659 9.46202
    endloop
  endfacet
  facet normal 0 -0.130557 -0.991441
    outer loop
      vertex 10 18.5659 4.53798
      vertex 2.99049 18.7821 4.50951
      vertex 10 18.7821 4.50951
    endloop
  endfacet
  facet normal 9.84876e-07 -0.130525 -0.991445
    outer loop
      vertex 10 18.5659 4.53798
      vertex 2.98858 18.7385 4.51525
      vertex 2.99049 18.7821 4.50951
    endloop
  endfacet
  facet normal 0 -0.130564 -0.99144
    outer loop
      vertex 2.98858 18.7385 4.51525
      vertex 10 18.5659 4.53798
      vertex 2.96585 18.5659 4.53798
    endloop
  endfacet
  facet normal 0 -0.130564 -0.99144
    outer loop
      vertex -10 18.5659 4.53798
      vertex -2.98858 18.7385 4.51525
      vertex -2.96585 18.5659 4.53798
    endloop
  endfacet
  facet normal -9.84876e-07 -0.130525 -0.991445
    outer loop
      vertex -10 18.5659 4.53798
      vertex -2.99049 18.7821 4.50951
      vertex -2.98858 18.7385 4.51525
    endloop
  endfacet
  facet normal -0 -0.130557 -0.991441
    outer loop
      vertex -2.99049 18.7821 4.50951
      vertex -10 18.5659 4.53798
      vertex -10 18.7821 4.50951
    endloop
  endfacet
  facet normal 0 -0.0436024 -0.999049
    outer loop
      vertex -10 18.7821 4.50951
      vertex -3 19 4.5
      vertex -2.99049 18.7821 4.50951
    endloop
  endfacet
  facet normal -0 -0.0436024 -0.999049
    outer loop
      vertex -3 19 4.5
      vertex -10 18.7821 4.50951
      vertex -10 19 4.5
    endloop
  endfacet
  facet normal 0 -0.0436024 -0.999049
    outer loop
      vertex 10 18.7821 4.50951
      vertex 3 19 4.5
      vertex 10 19 4.5
    endloop
  endfacet
  facet normal 0 -0.0436024 -0.999049
    outer loop
      vertex 3 19 4.5
      vertex 10 18.7821 4.50951
      vertex 2.99049 18.7821 4.50951
    endloop
  endfacet
  facet normal 0 0.382668 -0.923886
    outer loop
      vertex 2.873 19.855 4.65077
      vertex 10 20.0565 4.73423
      vertex 10 19.855 4.65077
    endloop
  endfacet
  facet normal 5.82856e-06 0.382492 -0.923959
    outer loop
      vertex 2.81908 20.0261 4.7216
      vertex 10 20.0565 4.73423
      vertex 2.873 19.855 4.65077
    endloop
  endfacet
  facet normal 0 0.383666 -0.923472
    outer loop
      vertex 10 20.0565 4.73423
      vertex 2.81908 20.0261 4.7216
      vertex 2.80645 20.0565 4.73423
    endloop
  endfacet
  facet normal 0 0.382668 -0.923886
    outer loop
      vertex -10 20.0565 4.73423
      vertex -2.873 19.855 4.65077
      vertex -10 19.855 4.65077
    endloop
  endfacet
  facet normal -5.82856e-06 0.382492 -0.923959
    outer loop
      vertex -2.873 19.855 4.65077
      vertex -10 20.0565 4.73423
      vertex -2.81908 20.0261 4.7216
    endloop
  endfacet
  facet normal 0 0.383666 -0.923472
    outer loop
      vertex -2.81908 20.0261 4.7216
      vertex -10 20.0565 4.73423
      vertex -2.80645 20.0565 4.73423
    endloop
  endfacet
  facet normal 0 0.300697 -0.95372
    outer loop
      vertex -10 19.855 4.65077
      vertex -2.92647 19.647 4.58519
      vertex -10 19.647 4.58519
    endloop
  endfacet
  facet normal -6.42414e-06 0.300498 -0.953782
    outer loop
      vertex -2.92647 19.647 4.58519
      vertex -10 19.855 4.65077
      vertex -2.89778 19.7765 4.62599
    endloop
  endfacet
  facet normal 0 0.301027 -0.953616
    outer loop
      vertex -2.89778 19.7765 4.62599
      vertex -10 19.855 4.65077
      vertex -2.873 19.855 4.65077
    endloop
  endfacet
  facet normal 0 0.300697 -0.95372
    outer loop
      vertex 2.92647 19.647 4.58519
      vertex 10 19.855 4.65077
      vertex 10 19.647 4.58519
    endloop
  endfacet
  facet normal 6.42414e-06 0.300498 -0.953782
    outer loop
      vertex 2.89778 19.7765 4.62599
      vertex 10 19.855 4.65077
      vertex 2.92647 19.647 4.58519
    endloop
  endfacet
  facet normal 0 0.301027 -0.953616
    outer loop
      vertex 10 19.855 4.65077
      vertex 2.89778 19.7765 4.62599
      vertex 2.873 19.855 4.65077
    endloop
  endfacet
  facet normal 0 -0.537374 0.843344
    outer loop
      vertex 2.72632 17.75 9.16506
      vertex 10 17.5661 9.04788
      vertex 10 17.75 9.16506
    endloop
  endfacet
  facet normal 4.22115e-05 -0.536186 0.8441
    outer loop
      vertex 2.71892 17.7321 9.15369
      vertex 10 17.5661 9.04788
      vertex 2.72632 17.75 9.16506
    endloop
  endfacet
  facet normal 0 -0.537503 0.843262
    outer loop
      vertex 10 17.5661 9.04788
      vertex 2.71892 17.7321 9.15369
      vertex 2.63246 17.5661 9.04788
    endloop
  endfacet
  facet normal 0 -0.537374 0.843344
    outer loop
      vertex -10 17.5661 9.04788
      vertex -2.72632 17.75 9.16506
      vertex -10 17.75 9.16506
    endloop
  endfacet
  facet normal -4.22115e-05 -0.536186 0.8441
    outer loop
      vertex -2.72632 17.75 9.16506
      vertex -10 17.5661 9.04788
      vertex -2.71892 17.7321 9.15369
    endloop
  endfacet
  facet normal 0 -0.537503 0.843262
    outer loop
      vertex -2.71892 17.7321 9.15369
      vertex -10 17.5661 9.04788
      vertex -2.63246 17.5661 9.04788
    endloop
  endfacet
  facet normal 0 -0.608605 -0.793474
    outer loop
      vertex 10 17.393 5.08489
      vertex 2.63246 17.5661 4.95212
      vertex 10 17.5661 4.95212
    endloop
  endfacet
  facet normal 2.669e-06 -0.608533 -0.793528
    outer loop
      vertex 10 17.393 5.08489
      vertex 2.59808 17.5 5.00281
      vertex 2.63246 17.5661 4.95212
    endloop
  endfacet
  facet normal 0 -0.608649 -0.793439
    outer loop
      vertex 2.59808 17.5 5.00281
      vertex 10 17.393 5.08489
      vertex 2.52993 17.393 5.08489
    endloop
  endfacet
  facet normal 0 -0.608649 -0.793439
    outer loop
      vertex -10 17.393 5.08489
      vertex -2.59808 17.5 5.00281
      vertex -2.52993 17.393 5.08489
    endloop
  endfacet
  facet normal -2.669e-06 -0.608533 -0.793528
    outer loop
      vertex -10 17.393 5.08489
      vertex -2.63246 17.5661 4.95212
      vertex -2.59808 17.5 5.00281
    endloop
  endfacet
  facet normal -0 -0.608605 -0.793474
    outer loop
      vertex -2.63246 17.5661 4.95212
      vertex -10 17.393 5.08489
      vertex -10 17.5661 4.95212
    endloop
  endfacet
  facet normal 0 -0.887018 -0.461735
    outer loop
      vertex 2.07358 16.8349 5.75
      vertex 10 16.7342 5.94345
      vertex 1.96368 16.7342 5.94345
    endloop
  endfacet
  facet normal 0 -0.887018 -0.461735
    outer loop
      vertex 10 16.7342 5.94345
      vertex 2.07358 16.8349 5.75
      vertex 10 16.8349 5.75
    endloop
  endfacet
  facet normal -0 -0.887018 -0.461735
    outer loop
      vertex -2.07358 16.8349 5.75
      vertex -10 16.7342 5.94345
      vertex -10 16.8349 5.75
    endloop
  endfacet
  facet normal 0 -0.887018 -0.461735
    outer loop
      vertex -10 16.7342 5.94345
      vertex -2.07358 16.8349 5.75
      vertex -1.96368 16.7342 5.94345
    endloop
  endfacet
  facet normal 0 0.130557 0.991441
    outer loop
      vertex 10 19.4341 9.46202
      vertex 2.99049 19.2179 9.49049
      vertex 10 19.2179 9.49049
    endloop
  endfacet
  facet normal 9.84876e-07 0.130525 0.991445
    outer loop
      vertex 10 19.4341 9.46202
      vertex 2.98858 19.2615 9.48475
      vertex 2.99049 19.2179 9.49049
    endloop
  endfacet
  facet normal 0 0.130564 0.99144
    outer loop
      vertex 2.98858 19.2615 9.48475
      vertex 10 19.4341 9.46202
      vertex 2.96585 19.4341 9.46202
    endloop
  endfacet
  facet normal -0 0.130564 0.99144
    outer loop
      vertex -10 19.4341 9.46202
      vertex -2.98858 19.2615 9.48475
      vertex -2.96585 19.4341 9.46202
    endloop
  endfacet
  facet normal -9.84876e-07 0.130525 0.991445
    outer loop
      vertex -10 19.4341 9.46202
      vertex -2.99049 19.2179 9.49049
      vertex -2.98858 19.2615 9.48475
    endloop
  endfacet
  facet normal 0 0.130557 0.991441
    outer loop
      vertex -2.99049 19.2179 9.49049
      vertex -10 19.4341 9.46202
      vertex -10 19.2179 9.49049
    endloop
  endfacet
  facet normal 0 0.608605 -0.793474
    outer loop
      vertex -10 20.607 5.08489
      vertex -2.63246 20.4339 4.95212
      vertex -10 20.4339 4.95212
    endloop
  endfacet
  facet normal -2.669e-06 0.608533 -0.793528
    outer loop
      vertex -2.63246 20.4339 4.95212
      vertex -10 20.607 5.08489
      vertex -2.59808 20.5 5.00281
    endloop
  endfacet
  facet normal 0 0.608649 -0.793439
    outer loop
      vertex -2.59808 20.5 5.00281
      vertex -10 20.607 5.08489
      vertex -2.52993 20.607 5.08489
    endloop
  endfacet
  facet normal 0 0.608605 -0.793474
    outer loop
      vertex 2.63246 20.4339 4.95212
      vertex 10 20.607 5.08489
      vertex 10 20.4339 4.95212
    endloop
  endfacet
  facet normal 2.669e-06 0.608533 -0.793528
    outer loop
      vertex 2.59808 20.5 5.00281
      vertex 10 20.607 5.08489
      vertex 2.63246 20.4339 4.95212
    endloop
  endfacet
  facet normal 0 0.608649 -0.793439
    outer loop
      vertex 10 20.607 5.08489
      vertex 2.59808 20.5 5.00281
      vertex 2.52993 20.607 5.08489
    endloop
  endfacet
  facet normal 0 -0.0436024 0.999049
    outer loop
      vertex -10 18.7821 9.49049
      vertex -3 19 9.5
      vertex -10 19 9.5
    endloop
  endfacet
  facet normal 0 -0.0436024 0.999049
    outer loop
      vertex -3 19 9.5
      vertex -10 18.7821 9.49049
      vertex -2.99049 18.7821 9.49049
    endloop
  endfacet
  facet normal 0 -0.0436024 0.999049
    outer loop
      vertex 3 19 9.5
      vertex 10 18.7821 9.49049
      vertex 10 19 9.5
    endloop
  endfacet
  facet normal 0 -0.0436024 0.999049
    outer loop
      vertex 10 18.7821 9.49049
      vertex 3 19 9.5
      vertex 2.99049 18.7821 9.49049
    endloop
  endfacet
  facet normal 0 -0.976919 -0.213612
    outer loop
      vertex 1.72073 16.5425 6.5453
      vertex 10 16.538 6.56588
      vertex 1.71357 16.538 6.56588
    endloop
  endfacet
  facet normal 8.08046e-06 -0.976235 -0.216713
    outer loop
      vertex 1.7763 16.5852 6.35295
      vertex 10 16.538 6.56588
      vertex 1.72073 16.5425 6.5453
    endloop
  endfacet
  facet normal 0 -0.976301 -0.216416
    outer loop
      vertex 10 16.538 6.56588
      vertex 1.7763 16.5852 6.35295
      vertex 10 16.5852 6.35295
    endloop
  endfacet
  facet normal 0 -0.976919 -0.213612
    outer loop
      vertex -10 16.538 6.56588
      vertex -1.72073 16.5425 6.5453
      vertex -1.71357 16.538 6.56588
    endloop
  endfacet
  facet normal -0 -0.976301 -0.216416
    outer loop
      vertex -1.7763 16.5852 6.35295
      vertex -10 16.538 6.56588
      vertex -10 16.5852 6.35295
    endloop
  endfacet
  facet normal -8.08046e-06 -0.976235 -0.216713
    outer loop
      vertex -10 16.538 6.56588
      vertex -1.7763 16.5852 6.35295
      vertex -1.72073 16.5425 6.5453
    endloop
  endfacet
  facet normal 0 0.7934 -0.608701
    outer loop
      vertex -2.29813 20.9284 5.4103
      vertex -10 21.0479 5.56606
      vertex -2.18862 21.0479 5.56606
    endloop
  endfacet
  facet normal -4.61678e-05 0.792296 -0.610137
    outer loop
      vertex -2.3083 20.9151 5.39303
      vertex -10 21.0479 5.56606
      vertex -2.29813 20.9284 5.4103
    endloop
  endfacet
  facet normal 0 0.793288 -0.608846
    outer loop
      vertex -10 21.0479 5.56606
      vertex -2.3083 20.9151 5.39303
      vertex -10 20.9151 5.39303
    endloop
  endfacet
  facet normal 0 0.7934 -0.608701
    outer loop
      vertex 10 21.0479 5.56606
      vertex 2.29813 20.9284 5.4103
      vertex 2.18862 21.0479 5.56606
    endloop
  endfacet
  facet normal 0 0.793288 -0.608846
    outer loop
      vertex 2.3083 20.9151 5.39303
      vertex 10 21.0479 5.56606
      vertex 10 20.9151 5.39303
    endloop
  endfacet
  facet normal 4.61678e-05 0.792296 -0.610137
    outer loop
      vertex 10 21.0479 5.56606
      vertex 2.3083 20.9151 5.39303
      vertex 2.29813 20.9284 5.4103
    endloop
  endfacet
  facet normal 0 0.991425 -0.130674
    outer loop
      vertex 1.71357 21.462 6.56588
      vertex 10 21.4905 6.78211
      vertex 10 21.462 6.56588
    endloop
  endfacet
  facet normal 0 0.991425 -0.130674
    outer loop
      vertex 10 21.4905 6.78211
      vertex 1.71357 21.462 6.56588
      vertex 1.66888 21.4905 6.78211
    endloop
  endfacet
  facet normal 0 0.991425 -0.130674
    outer loop
      vertex -1.71357 21.462 6.56588
      vertex -10 21.4905 6.78211
      vertex -1.66888 21.4905 6.78211
    endloop
  endfacet
  facet normal 0 0.991425 -0.130674
    outer loop
      vertex -10 21.4905 6.78211
      vertex -1.71357 21.462 6.56588
      vertex -10 21.462 6.56588
    endloop
  endfacet
  facet normal 0 0.461677 -0.887048
    outer loop
      vertex 2.80645 20.0565 4.73423
      vertex 10 20.25 4.83494
      vertex 10 20.0565 4.73423
    endloop
  endfacet
  facet normal 0 0.461677 -0.887048
    outer loop
      vertex 10 20.25 4.83494
      vertex 2.80645 20.0565 4.73423
      vertex 2.72632 20.25 4.83494
    endloop
  endfacet
  facet normal 0 0.461677 -0.887048
    outer loop
      vertex -10 20.25 4.83494
      vertex -2.80645 20.0565 4.73423
      vertex -10 20.0565 4.73423
    endloop
  endfacet
  facet normal 0 0.461677 -0.887048
    outer loop
      vertex -2.80645 20.0565 4.73423
      vertex -10 20.25 4.83494
      vertex -2.72632 20.25 4.83494
    endloop
  endfacet
  facet normal 0 0.953693 0.30078
    outer loop
      vertex 10 21.4148 7.64705
      vertex 1.86177 21.3492 7.85505
      vertex 10 21.3492 7.85505
    endloop
  endfacet
  facet normal 0 0.953693 0.30078
    outer loop
      vertex 1.86177 21.3492 7.85505
      vertex 10 21.4148 7.64705
      vertex 1.7763 21.4148 7.64705
    endloop
  endfacet
  facet normal -0 0.953693 0.30078
    outer loop
      vertex -10 21.4148 7.64705
      vertex -1.86177 21.3492 7.85505
      vertex -1.7763 21.4148 7.64705
    endloop
  endfacet
  facet normal 0 0.953693 0.30078
    outer loop
      vertex -1.86177 21.3492 7.85505
      vertex -10 21.4148 7.64705
      vertex -10 21.3492 7.85505
    endloop
  endfacet
  facet normal 0 0.300697 0.95372
    outer loop
      vertex 10 19.855 9.34923
      vertex 2.92647 19.647 9.41481
      vertex 10 19.647 9.41481
    endloop
  endfacet
  facet normal 6.42414e-06 0.300498 0.953782
    outer loop
      vertex 10 19.855 9.34923
      vertex 2.89778 19.7765 9.37401
      vertex 2.92647 19.647 9.41481
    endloop
  endfacet
  facet normal 0 0.301027 0.953616
    outer loop
      vertex 2.89778 19.7765 9.37401
      vertex 10 19.855 9.34923
      vertex 2.873 19.855 9.34923
    endloop
  endfacet
  facet normal -0 0.301027 0.953616
    outer loop
      vertex -10 19.855 9.34923
      vertex -2.89778 19.7765 9.37401
      vertex -2.873 19.855 9.34923
    endloop
  endfacet
  facet normal -6.42414e-06 0.300498 0.953782
    outer loop
      vertex -10 19.855 9.34923
      vertex -2.92647 19.647 9.41481
      vertex -2.89778 19.7765 9.37401
    endloop
  endfacet
  facet normal 0 0.300697 0.95372
    outer loop
      vertex -2.92647 19.647 9.41481
      vertex -10 19.855 9.34923
      vertex -10 19.647 9.41481
    endloop
  endfacet
  facet normal 0 0.991425 0.130674
    outer loop
      vertex 10 21.4905 7.21789
      vertex 1.71357 21.462 7.43412
      vertex 10 21.462 7.43412
    endloop
  endfacet
  facet normal 0 0.991425 0.130674
    outer loop
      vertex 1.71357 21.462 7.43412
      vertex 10 21.4905 7.21789
      vertex 1.66888 21.4905 7.21789
    endloop
  endfacet
  facet normal -0 0.991425 0.130674
    outer loop
      vertex -10 21.4905 7.21789
      vertex -1.71357 21.462 7.43412
      vertex -1.66888 21.4905 7.21789
    endloop
  endfacet
  facet normal 0 0.991425 0.130674
    outer loop
      vertex -1.71357 21.462 7.43412
      vertex -10 21.4905 7.21789
      vertex -10 21.462 7.43412
    endloop
  endfacet
  facet normal -0 0.216471 0.976289
    outer loop
      vertex -10 19.647 9.41481
      vertex -2.95442 19.5209 9.44277
      vertex -2.92647 19.647 9.41481
    endloop
  endfacet
  facet normal 7.91538e-07 0.216514 0.97628
    outer loop
      vertex -10 19.647 9.41481
      vertex -2.96585 19.4341 9.46202
      vertex -2.95442 19.5209 9.44277
    endloop
  endfacet
  facet normal 0 0.216489 0.976285
    outer loop
      vertex -2.96585 19.4341 9.46202
      vertex -10 19.647 9.41481
      vertex -10 19.4341 9.46202
    endloop
  endfacet
  facet normal 0 0.216489 0.976285
    outer loop
      vertex 10 19.647 9.41481
      vertex 2.96585 19.4341 9.46202
      vertex 10 19.4341 9.46202
    endloop
  endfacet
  facet normal -7.91538e-07 0.216514 0.97628
    outer loop
      vertex 10 19.647 9.41481
      vertex 2.95442 19.5209 9.44277
      vertex 2.96585 19.4341 9.46202
    endloop
  endfacet
  facet normal 0 0.216471 0.976289
    outer loop
      vertex 2.95442 19.5209 9.44277
      vertex 10 19.647 9.41481
      vertex 2.92647 19.647 9.41481
    endloop
  endfacet
  facet normal -0 0.461677 0.887048
    outer loop
      vertex -10 20.25 9.16506
      vertex -2.80645 20.0565 9.26577
      vertex -2.72632 20.25 9.16506
    endloop
  endfacet
  facet normal 0 0.461677 0.887048
    outer loop
      vertex -2.80645 20.0565 9.26577
      vertex -10 20.25 9.16506
      vertex -10 20.0565 9.26577
    endloop
  endfacet
  facet normal 0 0.461677 0.887048
    outer loop
      vertex 10 20.25 9.16506
      vertex 2.80645 20.0565 9.26577
      vertex 10 20.0565 9.26577
    endloop
  endfacet
  facet normal 0 0.461677 0.887048
    outer loop
      vertex 2.80645 20.0565 9.26577
      vertex 10 20.25 9.16506
      vertex 2.72632 20.25 9.16506
    endloop
  endfacet
  facet normal 0 0.999051 0.0435586
    outer loop
      vertex 10 21.5 7
      vertex 1.66888 21.4905 7.21789
      vertex 10 21.4905 7.21789
    endloop
  endfacet
  facet normal 0 0.999051 0.0435586
    outer loop
      vertex 1.66888 21.4905 7.21789
      vertex 10 21.5 7
      vertex 1.65395 21.5 7
    endloop
  endfacet
  facet normal -0 0.999051 0.0435586
    outer loop
      vertex -10 21.5 7
      vertex -1.66888 21.4905 7.21789
      vertex -1.65395 21.5 7
    endloop
  endfacet
  facet normal 0 0.999051 0.0435586
    outer loop
      vertex -1.66888 21.4905 7.21789
      vertex -10 21.5 7
      vertex -10 21.4905 7.21789
    endloop
  endfacet
  facet normal 0 0.976301 0.216416
    outer loop
      vertex 10 21.462 7.43412
      vertex 1.7763 21.4148 7.64705
      vertex 10 21.4148 7.64705
    endloop
  endfacet
  facet normal 8.08046e-06 0.976235 0.216713
    outer loop
      vertex 1.7763 21.4148 7.64705
      vertex 10 21.462 7.43412
      vertex 1.72073 21.4575 7.4547
    endloop
  endfacet
  facet normal 0 0.976919 0.213612
    outer loop
      vertex 1.72073 21.4575 7.4547
      vertex 10 21.462 7.43412
      vertex 1.71357 21.462 7.43412
    endloop
  endfacet
  facet normal -8.08046e-06 0.976235 0.216713
    outer loop
      vertex -10 21.462 7.43412
      vertex -1.7763 21.4148 7.64705
      vertex -1.72073 21.4575 7.4547
    endloop
  endfacet
  facet normal -0 0.976919 0.213612
    outer loop
      vertex -10 21.462 7.43412
      vertex -1.72073 21.4575 7.4547
      vertex -1.71357 21.462 7.43412
    endloop
  endfacet
  facet normal 0 0.976301 0.216416
    outer loop
      vertex -1.7763 21.4148 7.64705
      vertex -10 21.462 7.43412
      vertex -10 21.4148 7.64705
    endloop
  endfacet
  facet normal 0 0.675575 -0.737291
    outer loop
      vertex -10 20.7678 5.23223
      vertex -2.52993 20.607 5.08489
      vertex -10 20.607 5.08489
    endloop
  endfacet
  facet normal 7.90529e-06 0.675775 -0.737108
    outer loop
      vertex -2.52993 20.607 5.08489
      vertex -10 20.7678 5.23223
      vertex -2.45746 20.7207 5.18913
    endloop
  endfacet
  facet normal 0 0.675086 -0.737739
    outer loop
      vertex -2.45746 20.7207 5.18913
      vertex -10 20.7678 5.23223
      vertex -2.42136 20.7678 5.23223
    endloop
  endfacet
  facet normal 0 0.675575 -0.737291
    outer loop
      vertex 2.52993 20.607 5.08489
      vertex 10 20.7678 5.23223
      vertex 10 20.607 5.08489
    endloop
  endfacet
  facet normal -7.90529e-06 0.675775 -0.737108
    outer loop
      vertex 2.45746 20.7207 5.18913
      vertex 10 20.7678 5.23223
      vertex 2.52993 20.607 5.08489
    endloop
  endfacet
  facet normal 0 0.675086 -0.737739
    outer loop
      vertex 10 20.7678 5.23223
      vertex 2.45746 20.7207 5.18913
      vertex 2.42136 20.7678 5.23223
    endloop
  endfacet
  facet normal 0 0.923873 -0.3827
    outer loop
      vertex -1.92836 21.2981 6.02159
      vertex -10 21.3492 6.14495
      vertex -1.86177 21.3492 6.14495
    endloop
  endfacet
  facet normal 1.22614e-05 0.924156 -0.382015
    outer loop
      vertex -1.96368 21.2658 5.94345
      vertex -10 21.3492 6.14495
      vertex -1.92836 21.2981 6.02159
    endloop
  endfacet
  facet normal 0 0.923983 -0.382433
    outer loop
      vertex -10 21.3492 6.14495
      vertex -1.96368 21.2658 5.94345
      vertex -10 21.2658 5.94345
    endloop
  endfacet
  facet normal 0 0.923873 -0.3827
    outer loop
      vertex 10 21.3492 6.14495
      vertex 1.92836 21.2981 6.02159
      vertex 1.86177 21.3492 6.14495
    endloop
  endfacet
  facet normal 0 0.923983 -0.382433
    outer loop
      vertex 1.96368 21.2658 5.94345
      vertex 10 21.3492 6.14495
      vertex 10 21.2658 5.94345
    endloop
  endfacet
  facet normal -1.22614e-05 0.924156 -0.382015
    outer loop
      vertex 10 21.3492 6.14495
      vertex 1.96368 21.2658 5.94345
      vertex 1.92836 21.2981 6.02159
    endloop
  endfacet
  facet normal -0 0.537503 0.843262
    outer loop
      vertex -10 20.4339 9.04788
      vertex -2.71892 20.2679 9.15369
      vertex -2.63246 20.4339 9.04788
    endloop
  endfacet
  facet normal -4.22115e-05 0.536186 0.8441
    outer loop
      vertex -10 20.4339 9.04788
      vertex -2.72632 20.25 9.16506
      vertex -2.71892 20.2679 9.15369
    endloop
  endfacet
  facet normal 0 0.537374 0.843344
    outer loop
      vertex -2.72632 20.25 9.16506
      vertex -10 20.4339 9.04788
      vertex -10 20.25 9.16506
    endloop
  endfacet
  facet normal 0 0.537374 0.843344
    outer loop
      vertex 10 20.4339 9.04788
      vertex 2.72632 20.25 9.16506
      vertex 10 20.25 9.16506
    endloop
  endfacet
  facet normal 4.22115e-05 0.536186 0.8441
    outer loop
      vertex 10 20.4339 9.04788
      vertex 2.71892 20.2679 9.15369
      vertex 2.72632 20.25 9.16506
    endloop
  endfacet
  facet normal 0 0.537503 0.843262
    outer loop
      vertex 2.71892 20.2679 9.15369
      vertex 10 20.4339 9.04788
      vertex 2.63246 20.4339 9.04788
    endloop
  endfacet
  facet normal 0 -0.608605 0.793474
    outer loop
      vertex -10 17.393 8.91511
      vertex -2.63246 17.5661 9.04788
      vertex -10 17.5661 9.04788
    endloop
  endfacet
  facet normal -2.669e-06 -0.608533 0.793528
    outer loop
      vertex -2.63246 17.5661 9.04788
      vertex -10 17.393 8.91511
      vertex -2.59808 17.5 8.99719
    endloop
  endfacet
  facet normal 0 -0.608649 0.793439
    outer loop
      vertex -2.59808 17.5 8.99719
      vertex -10 17.393 8.91511
      vertex -2.52993 17.393 8.91511
    endloop
  endfacet
  facet normal 0 -0.608605 0.793474
    outer loop
      vertex 2.63246 17.5661 9.04788
      vertex 10 17.393 8.91511
      vertex 10 17.5661 9.04788
    endloop
  endfacet
  facet normal 2.669e-06 -0.608533 0.793528
    outer loop
      vertex 2.59808 17.5 8.99719
      vertex 10 17.393 8.91511
      vertex 2.63246 17.5661 9.04788
    endloop
  endfacet
  facet normal 0 -0.608649 0.793439
    outer loop
      vertex 10 17.393 8.91511
      vertex 2.59808 17.5 8.99719
      vertex 2.52993 17.393 8.91511
    endloop
  endfacet
  facet normal 0 0.999051 -0.0435586
    outer loop
      vertex 1.66888 21.4905 6.78211
      vertex 10 21.5 7
      vertex 10 21.4905 6.78211
    endloop
  endfacet
  facet normal 0 0.999051 -0.0435586
    outer loop
      vertex 10 21.5 7
      vertex 1.66888 21.4905 6.78211
      vertex 1.65395 21.5 7
    endloop
  endfacet
  facet normal 0 0.999051 -0.0435586
    outer loop
      vertex -1.66888 21.4905 6.78211
      vertex -10 21.5 7
      vertex -1.65395 21.5 7
    endloop
  endfacet
  facet normal 0 0.999051 -0.0435586
    outer loop
      vertex -10 21.5 7
      vertex -1.66888 21.4905 6.78211
      vertex -10 21.4905 6.78211
    endloop
  endfacet
  facet normal 0 -0.953693 0.30078
    outer loop
      vertex 10 16.5852 7.64705
      vertex 1.86177 16.6508 7.85505
      vertex 1.7763 16.5852 7.64705
    endloop
  endfacet
  facet normal 0 -0.953693 0.30078
    outer loop
      vertex 1.86177 16.6508 7.85505
      vertex 10 16.5852 7.64705
      vertex 10 16.6508 7.85505
    endloop
  endfacet
  facet normal 0 -0.953693 0.30078
    outer loop
      vertex -10 16.5852 7.64705
      vertex -1.86177 16.6508 7.85505
      vertex -10 16.6508 7.85505
    endloop
  endfacet
  facet normal 0 -0.953693 0.30078
    outer loop
      vertex -1.86177 16.6508 7.85505
      vertex -10 16.5852 7.64705
      vertex -1.7763 16.5852 7.64705
    endloop
  endfacet
  facet normal 0 -0.843064 -0.537813
    outer loop
      vertex 2.12132 16.8787 5.68134
      vertex 10 16.8349 5.75
      vertex 2.07358 16.8349 5.75
    endloop
  endfacet
  facet normal -8.8892e-06 -0.843527 -0.537087
    outer loop
      vertex 2.18862 16.9521 5.56606
      vertex 10 16.8349 5.75
      vertex 2.12132 16.8787 5.68134
    endloop
  endfacet
  facet normal 0 -0.843356 -0.537356
    outer loop
      vertex 10 16.8349 5.75
      vertex 2.18862 16.9521 5.56606
      vertex 10 16.9521 5.56606
    endloop
  endfacet
  facet normal 0 -0.843064 -0.537813
    outer loop
      vertex -10 16.8349 5.75
      vertex -2.12132 16.8787 5.68134
      vertex -2.07358 16.8349 5.75
    endloop
  endfacet
  facet normal -0 -0.843356 -0.537356
    outer loop
      vertex -2.18862 16.9521 5.56606
      vertex -10 16.8349 5.75
      vertex -10 16.9521 5.56606
    endloop
  endfacet
  facet normal 8.8892e-06 -0.843527 -0.537087
    outer loop
      vertex -10 16.8349 5.75
      vertex -2.18862 16.9521 5.56606
      vertex -2.12132 16.8787 5.68134
    endloop
  endfacet
  facet normal 0 -0.923873 -0.3827
    outer loop
      vertex 1.92836 16.7019 6.02159
      vertex 10 16.6508 6.14495
      vertex 1.86177 16.6508 6.14495
    endloop
  endfacet
  facet normal -1.22614e-05 -0.924156 -0.382015
    outer loop
      vertex 1.96368 16.7342 5.94345
      vertex 10 16.6508 6.14495
      vertex 1.92836 16.7019 6.02159
    endloop
  endfacet
  facet normal 0 -0.923983 -0.382433
    outer loop
      vertex 10 16.6508 6.14495
      vertex 1.96368 16.7342 5.94345
      vertex 10 16.7342 5.94345
    endloop
  endfacet
  facet normal 0 -0.923873 -0.3827
    outer loop
      vertex -10 16.6508 6.14495
      vertex -1.92836 16.7019 6.02159
      vertex -1.86177 16.6508 6.14495
    endloop
  endfacet
  facet normal -0 -0.923983 -0.382433
    outer loop
      vertex -1.96368 16.7342 5.94345
      vertex -10 16.6508 6.14495
      vertex -10 16.7342 5.94345
    endloop
  endfacet
  facet normal 1.22614e-05 -0.924156 -0.382015
    outer loop
      vertex -10 16.6508 6.14495
      vertex -1.96368 16.7342 5.94345
      vertex -1.92836 16.7019 6.02159
    endloop
  endfacet
  facet normal 0 -0.999051 0.0435586
    outer loop
      vertex 10 16.5 7
      vertex 1.66888 16.5095 7.21789
      vertex 1.65395 16.5 7
    endloop
  endfacet
  facet normal 0 -0.999051 0.0435586
    outer loop
      vertex 1.66888 16.5095 7.21789
      vertex 10 16.5 7
      vertex 10 16.5095 7.21789
    endloop
  endfacet
  facet normal 0 -0.999051 0.0435586
    outer loop
      vertex -10 16.5 7
      vertex -1.66888 16.5095 7.21789
      vertex -10 16.5095 7.21789
    endloop
  endfacet
  facet normal 0 -0.999051 0.0435586
    outer loop
      vertex -1.66888 16.5095 7.21789
      vertex -10 16.5 7
      vertex -1.65395 16.5 7
    endloop
  endfacet
  facet normal 0 0.923983 0.382433
    outer loop
      vertex 10 21.3492 7.85505
      vertex 1.96368 21.2658 8.05655
      vertex 10 21.2658 8.05655
    endloop
  endfacet
  facet normal -1.22614e-05 0.924156 0.382015
    outer loop
      vertex 1.96368 21.2658 8.05655
      vertex 10 21.3492 7.85505
      vertex 1.92836 21.2981 7.97841
    endloop
  endfacet
  facet normal 0 0.923873 0.3827
    outer loop
      vertex 1.92836 21.2981 7.97841
      vertex 10 21.3492 7.85505
      vertex 1.86177 21.3492 7.85505
    endloop
  endfacet
  facet normal 1.22614e-05 0.924156 0.382015
    outer loop
      vertex -10 21.3492 7.85505
      vertex -1.96368 21.2658 8.05655
      vertex -1.92836 21.2981 7.97841
    endloop
  endfacet
  facet normal -0 0.923873 0.3827
    outer loop
      vertex -10 21.3492 7.85505
      vertex -1.92836 21.2981 7.97841
      vertex -1.86177 21.3492 7.85505
    endloop
  endfacet
  facet normal 0 0.923983 0.382433
    outer loop
      vertex -1.96368 21.2658 8.05655
      vertex -10 21.3492 7.85505
      vertex -10 21.2658 8.05655
    endloop
  endfacet
  facet normal -0 0.383666 0.923472
    outer loop
      vertex -10 20.0565 9.26577
      vertex -2.81908 20.0261 9.2784
      vertex -2.80645 20.0565 9.26577
    endloop
  endfacet
  facet normal -5.82856e-06 0.382492 0.923959
    outer loop
      vertex -10 20.0565 9.26577
      vertex -2.873 19.855 9.34923
      vertex -2.81908 20.0261 9.2784
    endloop
  endfacet
  facet normal 0 0.382668 0.923886
    outer loop
      vertex -2.873 19.855 9.34923
      vertex -10 20.0565 9.26577
      vertex -10 19.855 9.34923
    endloop
  endfacet
  facet normal 0 0.382668 0.923886
    outer loop
      vertex 10 20.0565 9.26577
      vertex 2.873 19.855 9.34923
      vertex 10 19.855 9.34923
    endloop
  endfacet
  facet normal 5.82856e-06 0.382492 0.923959
    outer loop
      vertex 10 20.0565 9.26577
      vertex 2.81908 20.0261 9.2784
      vertex 2.873 19.855 9.34923
    endloop
  endfacet
  facet normal 0 0.383666 0.923472
    outer loop
      vertex 2.81908 20.0261 9.2784
      vertex 10 20.0565 9.26577
      vertex 2.80645 20.0565 9.26577
    endloop
  endfacet
  facet normal -1 0 0
    outer loop
      vertex -10 21.4905 6.78211
      vertex -10 21.4905 7.21789
      vertex -10 21.5 7
    endloop
  endfacet
  facet normal -1 0 0
    outer loop
      vertex -10 21.462 6.56588
      vertex -10 21.4905 7.21789
      vertex -10 21.4905 6.78211
    endloop
  endfacet
  facet normal -1 0 0
    outer loop
      vertex -10 21.462 6.56588
      vertex -10 21.462 7.43412
      vertex -10 21.4905 7.21789
    endloop
  endfacet
  facet normal -1 0 0
    outer loop
      vertex -10 21.4148 6.35295
      vertex -10 21.462 7.43412
      vertex -10 21.462 6.56588
    endloop
  endfacet
  facet normal -1 0 0
    outer loop
      vertex -10 21.4148 6.35295
      vertex -10 21.4148 7.64705
      vertex -10 21.462 7.43412
    endloop
  endfacet
  facet normal -1 0 0
    outer loop
      vertex -10 21.3492 6.14495
      vertex -10 21.4148 7.64705
      vertex -10 21.4148 6.35295
    endloop
  endfacet
  facet normal -1 0 0
    outer loop
      vertex -10 21.3492 6.14495
      vertex -10 21.3492 7.85505
      vertex -10 21.4148 7.64705
    endloop
  endfacet
  facet normal -1 0 0
    outer loop
      vertex -10 21.2658 5.94345
      vertex -10 21.3492 7.85505
      vertex -10 21.3492 6.14495
    endloop
  endfacet
  facet normal -1 0 0
    outer loop
      vertex -10 21.2658 5.94345
      vertex -10 21.2658 8.05655
      vertex -10 21.3492 7.85505
    endloop
  endfacet
  facet normal -1 0 0
    outer loop
      vertex -10 21.1651 5.75
      vertex -10 21.2658 8.05655
      vertex -10 21.2658 5.94345
    endloop
  endfacet
  facet normal -1 0 0
    outer loop
      vertex -10 21.1651 5.75
      vertex -10 21.1651 8.25
      vertex -10 21.2658 8.05655
    endloop
  endfacet
  facet normal -1 0 0
    outer loop
      vertex -10 21.0479 5.56606
      vertex -10 21.1651 8.25
      vertex -10 21.1651 5.75
    endloop
  endfacet
  facet normal -1 0 0
    outer loop
      vertex -10 21.0479 5.56606
      vertex -10 21.0479 8.43394
      vertex -10 21.1651 8.25
    endloop
  endfacet
  facet normal -1 0 0
    outer loop
      vertex -10 20.9151 5.39303
      vertex -10 21.0479 8.43394
      vertex -10 21.0479 5.56606
    endloop
  endfacet
  facet normal -1 0 0
    outer loop
      vertex -10 20.9151 5.39303
      vertex -10 20.9151 8.60697
      vertex -10 21.0479 8.43394
    endloop
  endfacet
  facet normal -1 0 0
    outer loop
      vertex -10 20.7678 5.23223
      vertex -10 20.9151 8.60697
      vertex -10 20.9151 5.39303
    endloop
  endfacet
  facet normal -1 0 0
    outer loop
      vertex -10 20.7678 5.23223
      vertex -10 20.7678 8.76777
      vertex -10 20.9151 8.60697
    endloop
  endfacet
  facet normal -1 0 0
    outer loop
      vertex -10 20.607 5.08489
      vertex -10 20.7678 8.76777
      vertex -10 20.7678 5.23223
    endloop
  endfacet
  facet normal -1 0 0
    outer loop
      vertex -10 20.607 5.08489
      vertex -10 20.607 8.91511
      vertex -10 20.7678 8.76777
    endloop
  endfacet
  facet normal -1 0 0
    outer loop
      vertex -10 20.4339 4.95212
      vertex -10 20.607 8.91511
      vertex -10 20.607 5.08489
    endloop
  endfacet
  facet normal -1 0 0
    outer loop
      vertex -10 20.4339 4.95212
      vertex -10 20.4339 9.04788
      vertex -10 20.607 8.91511
    endloop
  endfacet
  facet normal -1 0 0
    outer loop
      vertex -10 20.25 4.83494
      vertex -10 20.4339 9.04788
      vertex -10 20.4339 4.95212
    endloop
  endfacet
  facet normal -1 0 0
    outer loop
      vertex -10 20.25 4.83494
      vertex -10 20.25 9.16506
      vertex -10 20.4339 9.04788
    endloop
  endfacet
  facet normal -1 0 0
    outer loop
      vertex -10 20.0565 4.73423
      vertex -10 20.25 9.16506
      vertex -10 20.25 4.83494
    endloop
  endfacet
  facet normal -1 0 0
    outer loop
      vertex -10 20.0565 4.73423
      vertex -10 20.0565 9.26577
      vertex -10 20.25 9.16506
    endloop
  endfacet
  facet normal -1 0 0
    outer loop
      vertex -10 19.855 4.65077
      vertex -10 20.0565 9.26577
      vertex -10 20.0565 4.73423
    endloop
  endfacet
  facet normal -1 0 0
    outer loop
      vertex -10 19.855 4.65077
      vertex -10 19.855 9.34923
      vertex -10 20.0565 9.26577
    endloop
  endfacet
  facet normal -1 0 0
    outer loop
      vertex -10 19.647 4.58519
      vertex -10 19.855 9.34923
      vertex -10 19.855 4.65077
    endloop
  endfacet
  facet normal -1 0 0
    outer loop
      vertex -10 19.647 4.58519
      vertex -10 19.647 9.41481
      vertex -10 19.855 9.34923
    endloop
  endfacet
  facet normal -1 0 0
    outer loop
      vertex -10 19.4341 4.53798
      vertex -10 19.647 9.41481
      vertex -10 19.647 4.58519
    endloop
  endfacet
  facet normal -1 0 0
    outer loop
      vertex -10 19.4341 4.53798
      vertex -10 19.4341 9.46202
      vertex -10 19.647 9.41481
    endloop
  endfacet
  facet normal -1 0 0
    outer loop
      vertex -10 19.2179 4.50951
      vertex -10 19.4341 9.46202
      vertex -10 19.4341 4.53798
    endloop
  endfacet
  facet normal -1 0 0
    outer loop
      vertex -10 19.2179 4.50951
      vertex -10 19.2179 9.49049
      vertex -10 19.4341 9.46202
    endloop
  endfacet
  facet normal -1 0 0
    outer loop
      vertex -10 19 4.5
      vertex -10 19.2179 9.49049
      vertex -10 19.2179 4.50951
    endloop
  endfacet
  facet normal -1 0 0
    outer loop
      vertex -10 19 4.5
      vertex -10 19 9.5
      vertex -10 19.2179 9.49049
    endloop
  endfacet
  facet normal -1 0 0
    outer loop
      vertex -10 18.7821 4.50951
      vertex -10 19 9.5
      vertex -10 19 4.5
    endloop
  endfacet
  facet normal -1 0 0
    outer loop
      vertex -10 18.7821 4.50951
      vertex -10 18.7821 9.49049
      vertex -10 19 9.5
    endloop
  endfacet
  facet normal -1 0 0
    outer loop
      vertex -10 18.5659 4.53798
      vertex -10 18.7821 9.49049
      vertex -10 18.7821 4.50951
    endloop
  endfacet
  facet normal -1 0 0
    outer loop
      vertex -10 18.5659 4.53798
      vertex -10 18.5659 9.46202
      vertex -10 18.7821 9.49049
    endloop
  endfacet
  facet normal -1 0 0
    outer loop
      vertex -10 18.353 4.58519
      vertex -10 18.5659 9.46202
      vertex -10 18.5659 4.53798
    endloop
  endfacet
  facet normal -1 0 0
    outer loop
      vertex -10 18.353 4.58519
      vertex -10 18.353 9.41481
      vertex -10 18.5659 9.46202
    endloop
  endfacet
  facet normal -1 0 0
    outer loop
      vertex -10 18.1449 4.65077
      vertex -10 18.353 9.41481
      vertex -10 18.353 4.58519
    endloop
  endfacet
  facet normal -1 0 0
    outer loop
      vertex -10 18.1449 4.65077
      vertex -10 18.1449 9.34923
      vertex -10 18.353 9.41481
    endloop
  endfacet
  facet normal -1 0 0
    outer loop
      vertex -10 17.9435 4.73423
      vertex -10 18.1449 9.34923
      vertex -10 18.1449 4.65077
    endloop
  endfacet
  facet normal -1 0 0
    outer loop
      vertex -10 17.9435 4.73423
      vertex -10 17.9435 9.26577
      vertex -10 18.1449 9.34923
    endloop
  endfacet
  facet normal -1 0 0
    outer loop
      vertex -10 17.75 4.83494
      vertex -10 17.9435 9.26577
      vertex -10 17.9435 4.73423
    endloop
  endfacet
  facet normal -1 0 0
    outer loop
      vertex -10 17.75 4.83494
      vertex -10 17.75 9.16506
      vertex -10 17.9435 9.26577
    endloop
  endfacet
  facet normal -1 0 0
    outer loop
      vertex -10 17.5661 4.95212
      vertex -10 17.75 9.16506
      vertex -10 17.75 4.83494
    endloop
  endfacet
  facet normal -1 0 0
    outer loop
      vertex -10 17.5661 4.95212
      vertex -10 17.5661 9.04788
      vertex -10 17.75 9.16506
    endloop
  endfacet
  facet normal -1 0 0
    outer loop
      vertex -10 17.393 5.08489
      vertex -10 17.5661 9.04788
      vertex -10 17.5661 4.95212
    endloop
  endfacet
  facet normal -1 0 0
    outer loop
      vertex -10 17.393 5.08489
      vertex -10 17.393 8.91511
      vertex -10 17.5661 9.04788
    endloop
  endfacet
  facet normal -1 0 0
    outer loop
      vertex -10 17.2322 5.23223
      vertex -10 17.393 8.91511
      vertex -10 17.393 5.08489
    endloop
  endfacet
  facet normal -1 0 0
    outer loop
      vertex -10 17.2322 5.23223
      vertex -10 17.2322 8.76777
      vertex -10 17.393 8.91511
    endloop
  endfacet
  facet normal -1 0 0
    outer loop
      vertex -10 17.0849 5.39303
      vertex -10 17.2322 8.76777
      vertex -10 17.2322 5.23223
    endloop
  endfacet
  facet normal -1 0 0
    outer loop
      vertex -10 17.0849 5.39303
      vertex -10 17.0849 8.60697
      vertex -10 17.2322 8.76777
    endloop
  endfacet
  facet normal -1 0 0
    outer loop
      vertex -10 16.9521 5.56606
      vertex -10 17.0849 8.60697
      vertex -10 17.0849 5.39303
    endloop
  endfacet
  facet normal -1 0 0
    outer loop
      vertex -10 16.9521 5.56606
      vertex -10 16.9521 8.43394
      vertex -10 17.0849 8.60697
    endloop
  endfacet
  facet normal -1 0 0
    outer loop
      vertex -10 16.8349 5.75
      vertex -10 16.9521 8.43394
      vertex -10 16.9521 5.56606
    endloop
  endfacet
  facet normal -1 0 0
    outer loop
      vertex -10 16.8349 5.75
      vertex -10 16.8349 8.25
      vertex -10 16.9521 8.43394
    endloop
  endfacet
  facet normal -1 0 0
    outer loop
      vertex -10 16.7342 5.94345
      vertex -10 16.8349 8.25
      vertex -10 16.8349 5.75
    endloop
  endfacet
  facet normal -1 0 0
    outer loop
      vertex -10 16.7342 5.94345
      vertex -10 16.7342 8.05655
      vertex -10 16.8349 8.25
    endloop
  endfacet
  facet normal -1 0 0
    outer loop
      vertex -10 16.6508 6.14495
      vertex -10 16.7342 8.05655
      vertex -10 16.7342 5.94345
    endloop
  endfacet
  facet normal -1 0 0
    outer loop
      vertex -10 16.6508 6.14495
      vertex -10 16.6508 7.85505
      vertex -10 16.7342 8.05655
    endloop
  endfacet
  facet normal -1 0 0
    outer loop
      vertex -10 16.5852 6.35295
      vertex -10 16.6508 7.85505
      vertex -10 16.6508 6.14495
    endloop
  endfacet
  facet normal -1 0 0
    outer loop
      vertex -10 16.5852 6.35295
      vertex -10 16.5852 7.64705
      vertex -10 16.6508 7.85505
    endloop
  endfacet
  facet normal -1 0 0
    outer loop
      vertex -10 16.538 6.56588
      vertex -10 16.5852 7.64705
      vertex -10 16.5852 6.35295
    endloop
  endfacet
  facet normal -1 0 0
    outer loop
      vertex -10 16.538 6.56588
      vertex -10 16.538 7.43412
      vertex -10 16.5852 7.64705
    endloop
  endfacet
  facet normal -1 0 0
    outer loop
      vertex -10 16.5095 6.78211
      vertex -10 16.538 7.43412
      vertex -10 16.538 6.56588
    endloop
  endfacet
  facet normal -1 0 0
    outer loop
      vertex -10 16.5095 6.78211
      vertex -10 16.5095 7.21789
      vertex -10 16.538 7.43412
    endloop
  endfacet
  facet normal -1 0 -0
    outer loop
      vertex -10 16.5095 7.21789
      vertex -10 16.5095 6.78211
      vertex -10 16.5 7
    endloop
  endfacet
  facet normal -0 0.675086 0.737739
    outer loop
      vertex -10 20.7678 8.76777
      vertex -2.45746 20.7207 8.81087
      vertex -2.42136 20.7678 8.76777
    endloop
  endfacet
  facet normal 7.90529e-06 0.675775 0.737108
    outer loop
      vertex -10 20.7678 8.76777
      vertex -2.52993 20.607 8.91511
      vertex -2.45746 20.7207 8.81087
    endloop
  endfacet
  facet normal 0 0.675575 0.737291
    outer loop
      vertex -2.52993 20.607 8.91511
      vertex -10 20.7678 8.76777
      vertex -10 20.607 8.91511
    endloop
  endfacet
  facet normal 0 0.675575 0.737291
    outer loop
      vertex 10 20.7678 8.76777
      vertex 2.52993 20.607 8.91511
      vertex 10 20.607 8.91511
    endloop
  endfacet
  facet normal -7.90529e-06 0.675775 0.737108
    outer loop
      vertex 10 20.7678 8.76777
      vertex 2.45746 20.7207 8.81087
      vertex 2.52993 20.607 8.91511
    endloop
  endfacet
  facet normal 0 0.675086 0.737739
    outer loop
      vertex 2.45746 20.7207 8.81087
      vertex 10 20.7678 8.76777
      vertex 2.42136 20.7678 8.76777
    endloop
  endfacet
  facet normal 0 -0.461677 0.887048
    outer loop
      vertex -10 17.75 9.16506
      vertex -2.80645 17.9435 9.26577
      vertex -10 17.9435 9.26577
    endloop
  endfacet
  facet normal 0 -0.461677 0.887048
    outer loop
      vertex -2.80645 17.9435 9.26577
      vertex -10 17.75 9.16506
      vertex -2.72632 17.75 9.16506
    endloop
  endfacet
  facet normal 0 -0.461677 0.887048
    outer loop
      vertex 2.80645 17.9435 9.26577
      vertex 10 17.75 9.16506
      vertex 10 17.9435 9.26577
    endloop
  endfacet
  facet normal 0 -0.461677 0.887048
    outer loop
      vertex 10 17.75 9.16506
      vertex 2.80645 17.9435 9.26577
      vertex 2.72632 17.75 9.16506
    endloop
  endfacet
  facet normal 0 -0.737383 0.675475
    outer loop
      vertex -10 17.0849 8.60697
      vertex -2.42136 17.2322 8.76777
      vertex -10 17.2322 8.76777
    endloop
  endfacet
  facet normal 0 -0.737383 0.675475
    outer loop
      vertex -2.42136 17.2322 8.76777
      vertex -10 17.0849 8.60697
      vertex -2.3083 17.0849 8.60697
    endloop
  endfacet
  facet normal 0 -0.737383 0.675475
    outer loop
      vertex 10 17.0849 8.60697
      vertex 2.42136 17.2322 8.76777
      vertex 2.3083 17.0849 8.60697
    endloop
  endfacet
  facet normal 0 -0.737383 0.675475
    outer loop
      vertex 2.42136 17.2322 8.76777
      vertex 10 17.0849 8.60697
      vertex 10 17.2322 8.76777
    endloop
  endfacet
  facet normal 0 0.0436024 0.999049
    outer loop
      vertex 10 19.2179 9.49049
      vertex 3 19 9.5
      vertex 10 19 9.5
    endloop
  endfacet
  facet normal 0 0.0436024 0.999049
    outer loop
      vertex 3 19 9.5
      vertex 10 19.2179 9.49049
      vertex 2.99049 19.2179 9.49049
    endloop
  endfacet
  facet normal -0 0.0436024 0.999049
    outer loop
      vertex -10 19.2179 9.49049
      vertex -3 19 9.5
      vertex -2.99049 19.2179 9.49049
    endloop
  endfacet
  facet normal 0 0.0436024 0.999049
    outer loop
      vertex -3 19 9.5
      vertex -10 19.2179 9.49049
      vertex -10 19 9.5
    endloop
  endfacet
  facet normal -0 0.608649 0.793439
    outer loop
      vertex -10 20.607 8.91511
      vertex -2.59808 20.5 8.99719
      vertex -2.52993 20.607 8.91511
    endloop
  endfacet
  facet normal -2.669e-06 0.608533 0.793528
    outer loop
      vertex -10 20.607 8.91511
      vertex -2.63246 20.4339 9.04788
      vertex -2.59808 20.5 8.99719
    endloop
  endfacet
  facet normal 0 0.608605 0.793474
    outer loop
      vertex -2.63246 20.4339 9.04788
      vertex -10 20.607 8.91511
      vertex -10 20.4339 9.04788
    endloop
  endfacet
  facet normal 0 0.608605 0.793474
    outer loop
      vertex 10 20.607 8.91511
      vertex 2.63246 20.4339 9.04788
      vertex 10 20.4339 9.04788
    endloop
  endfacet
  facet normal 2.669e-06 0.608533 0.793528
    outer loop
      vertex 10 20.607 8.91511
      vertex 2.59808 20.5 8.99719
      vertex 2.63246 20.4339 9.04788
    endloop
  endfacet
  facet normal 0 0.608649 0.793439
    outer loop
      vertex 2.59808 20.5 8.99719
      vertex 10 20.607 8.91511
      vertex 2.52993 20.607 8.91511
    endloop
  endfacet
  facet normal 0 -0.843356 0.537356
    outer loop
      vertex -10 16.8349 8.25
      vertex -2.18862 16.9521 8.43394
      vertex -10 16.9521 8.43394
    endloop
  endfacet
  facet normal 8.8892e-06 -0.843527 0.537087
    outer loop
      vertex -2.18862 16.9521 8.43394
      vertex -10 16.8349 8.25
      vertex -2.12132 16.8787 8.31866
    endloop
  endfacet
  facet normal 0 -0.843064 0.537813
    outer loop
      vertex -2.12132 16.8787 8.31866
      vertex -10 16.8349 8.25
      vertex -2.07358 16.8349 8.25
    endloop
  endfacet
  facet normal -8.8892e-06 -0.843527 0.537087
    outer loop
      vertex 10 16.8349 8.25
      vertex 2.18862 16.9521 8.43394
      vertex 2.12132 16.8787 8.31866
    endloop
  endfacet
  facet normal 0 -0.843064 0.537813
    outer loop
      vertex 10 16.8349 8.25
      vertex 2.12132 16.8787 8.31866
      vertex 2.07358 16.8349 8.25
    endloop
  endfacet
  facet normal 0 -0.843356 0.537356
    outer loop
      vertex 2.18862 16.9521 8.43394
      vertex 10 16.8349 8.25
      vertex 10 16.9521 8.43394
    endloop
  endfacet
  facet normal 0 -0.300565 0.953761
    outer loop
      vertex -10 18.1449 9.34923
      vertex -2.92647 18.353 9.41481
      vertex -10 18.353 9.41481
    endloop
  endfacet
  facet normal -2.20344e-06 -0.300497 0.953783
    outer loop
      vertex -2.92647 18.353 9.41481
      vertex -10 18.1449 9.34923
      vertex -2.89778 18.2235 9.37401
    endloop
  endfacet
  facet normal 0 -0.300678 0.953726
    outer loop
      vertex -2.89778 18.2235 9.37401
      vertex -10 18.1449 9.34923
      vertex -2.873 18.1449 9.34923
    endloop
  endfacet
  facet normal 0 -0.300565 0.953761
    outer loop
      vertex 2.92647 18.353 9.41481
      vertex 10 18.1449 9.34923
      vertex 10 18.353 9.41481
    endloop
  endfacet
  facet normal 2.20344e-06 -0.300497 0.953783
    outer loop
      vertex 2.89778 18.2235 9.37401
      vertex 10 18.1449 9.34923
      vertex 2.92647 18.353 9.41481
    endloop
  endfacet
  facet normal 0 -0.300678 0.953726
    outer loop
      vertex 10 18.1449 9.34923
      vertex 2.89778 18.2235 9.37401
      vertex 2.873 18.1449 9.34923
    endloop
  endfacet
  facet normal 0 0.953693 -0.30078
    outer loop
      vertex -1.86177 21.3492 6.14495
      vertex -10 21.4148 6.35295
      vertex -1.7763 21.4148 6.35295
    endloop
  endfacet
  facet normal 0 0.953693 -0.30078
    outer loop
      vertex -10 21.4148 6.35295
      vertex -1.86177 21.3492 6.14495
      vertex -10 21.3492 6.14495
    endloop
  endfacet
  facet normal 0 0.953693 -0.30078
    outer loop
      vertex 1.86177 21.3492 6.14495
      vertex 10 21.4148 6.35295
      vertex 10 21.3492 6.14495
    endloop
  endfacet
  facet normal 0 0.953693 -0.30078
    outer loop
      vertex 10 21.4148 6.35295
      vertex 1.86177 21.3492 6.14495
      vertex 1.7763 21.4148 6.35295
    endloop
  endfacet
  facet normal 0 -0.7934 -0.608701
    outer loop
      vertex -10 16.9521 5.56606
      vertex -2.29813 17.0716 5.4103
      vertex -2.18862 16.9521 5.56606
    endloop
  endfacet
  facet normal -0 -0.793288 -0.608846
    outer loop
      vertex -2.3083 17.0849 5.39303
      vertex -10 16.9521 5.56606
      vertex -10 17.0849 5.39303
    endloop
  endfacet
  facet normal -4.61678e-05 -0.792296 -0.610137
    outer loop
      vertex -10 16.9521 5.56606
      vertex -2.3083 17.0849 5.39303
      vertex -2.29813 17.0716 5.4103
    endloop
  endfacet
  facet normal 0 -0.7934 -0.608701
    outer loop
      vertex 2.29813 17.0716 5.4103
      vertex 10 16.9521 5.56606
      vertex 2.18862 16.9521 5.56606
    endloop
  endfacet
  facet normal 4.61678e-05 -0.792296 -0.610137
    outer loop
      vertex 2.3083 17.0849 5.39303
      vertex 10 16.9521 5.56606
      vertex 2.29813 17.0716 5.4103
    endloop
  endfacet
  facet normal 0 -0.793288 -0.608846
    outer loop
      vertex 10 16.9521 5.56606
      vertex 2.3083 17.0849 5.39303
      vertex 10 17.0849 5.39303
    endloop
  endfacet
  facet normal 0 -0.923983 0.382433
    outer loop
      vertex -10 16.6508 7.85505
      vertex -1.96368 16.7342 8.05655
      vertex -10 16.7342 8.05655
    endloop
  endfacet
  facet normal 1.22614e-05 -0.924156 0.382015
    outer loop
      vertex -1.96368 16.7342 8.05655
      vertex -10 16.6508 7.85505
      vertex -1.92836 16.7019 7.97841
    endloop
  endfacet
  facet normal 0 -0.923873 0.3827
    outer loop
      vertex -1.92836 16.7019 7.97841
      vertex -10 16.6508 7.85505
      vertex -1.86177 16.6508 7.85505
    endloop
  endfacet
  facet normal -1.22614e-05 -0.924156 0.382015
    outer loop
      vertex 10 16.6508 7.85505
      vertex 1.96368 16.7342 8.05655
      vertex 1.92836 16.7019 7.97841
    endloop
  endfacet
  facet normal 0 -0.923873 0.3827
    outer loop
      vertex 10 16.6508 7.85505
      vertex 1.92836 16.7019 7.97841
      vertex 1.86177 16.6508 7.85505
    endloop
  endfacet
  facet normal 0 -0.923983 0.382433
    outer loop
      vertex 1.96368 16.7342 8.05655
      vertex 10 16.6508 7.85505
      vertex 10 16.7342 8.05655
    endloop
  endfacet
  facet normal 0 -0.991425 0.130674
    outer loop
      vertex 10 16.5095 7.21789
      vertex 1.71357 16.538 7.43412
      vertex 1.66888 16.5095 7.21789
    endloop
  endfacet
  facet normal 0 -0.991425 0.130674
    outer loop
      vertex 1.71357 16.538 7.43412
      vertex 10 16.5095 7.21789
      vertex 10 16.538 7.43412
    endloop
  endfacet
  facet normal 0 -0.991425 0.130674
    outer loop
      vertex -10 16.5095 7.21789
      vertex -1.71357 16.538 7.43412
      vertex -10 16.538 7.43412
    endloop
  endfacet
  facet normal 0 -0.991425 0.130674
    outer loop
      vertex -1.71357 16.538 7.43412
      vertex -10 16.5095 7.21789
      vertex -1.66888 16.5095 7.21789
    endloop
  endfacet
  facet normal 8.08046e-06 -0.976235 0.216713
    outer loop
      vertex 10 16.538 7.43412
      vertex 1.7763 16.5852 7.64705
      vertex 1.72073 16.5425 7.4547
    endloop
  endfacet
  facet normal 0 -0.976919 0.213612
    outer loop
      vertex 10 16.538 7.43412
      vertex 1.72073 16.5425 7.4547
      vertex 1.71357 16.538 7.43412
    endloop
  endfacet
  facet normal 0 -0.976301 0.216416
    outer loop
      vertex 1.7763 16.5852 7.64705
      vertex 10 16.538 7.43412
      vertex 10 16.5852 7.64705
    endloop
  endfacet
  facet normal 0 -0.976301 0.216416
    outer loop
      vertex -10 16.538 7.43412
      vertex -1.7763 16.5852 7.64705
      vertex -10 16.5852 7.64705
    endloop
  endfacet
  facet normal -8.08046e-06 -0.976235 0.216713
    outer loop
      vertex -1.7763 16.5852 7.64705
      vertex -10 16.538 7.43412
      vertex -1.72073 16.5425 7.4547
    endloop
  endfacet
  facet normal 0 -0.976919 0.213612
    outer loop
      vertex -1.72073 16.5425 7.4547
      vertex -10 16.538 7.43412
      vertex -1.71357 16.538 7.43412
    endloop
  endfacet
endsolid OpenSCAD_Model
